body,minute,ra,dec,source
Aldebaran,-60,68.98418241246247,16.508830542083235,engine
Algol,-60,47.048369883709476,40.95566229240618,engine
Algorab,-60,187.45909309784602,-16.514093293709905,engine
Alkaid,-60,206.8758367664474,49.31509737677275,engine
Alphecca,-60,233.66813244450285,26.717287331199316,engine
Altair,-60,297.7006042390862,8.874112894697332,engine
Antares,-60,247.34793043750167,-26.431972744934633,engine
Arcturus,-60,213.90134163081186,19.170009089551264,engine
Ascendant,-60,270.55358194469676,-23.43482601295075,engine
Bellatrix,-60,81.28516489708507,6.351240144593125,engine
Betelgeuse,-60,88.7949813846189,7.408655958307562,engine
Capella,-60,79.17691487521965,45.993063700663924,engine
Castor,-60,113.64733096396873,31.886282191956603,engine
Ceres,-60,109.78008330089398,23.372727154424165,engine
Chiron,-60,26.605608939947686,11.159974697760012,engine
Deneb Algedi,-60,326.76551599251644,-16.128577988397392,engine
Eris,-60,27.089074088197602,-0.0795204990329173,tno-rate
Fomalhaut,-60,344.42042843067134,-29.623077400263323,engine
Gonggong,-60,337.3128505668833,-10.272626910319717,tno-rate
Haumea,-60,220.16644665025797,13.567855144901795,tno-rate
Juno,-60,297.6146775217583,-13.130248570895242,engine
Jupiter,-60,143.4527543402767,15.131366922914777,engine
Ketu,-60,150.68018908135394,11.984496566931858,engine
Makemake,-60,201.72889279713118,19.739472503148104,tno-rate
Mars,-60,129.48473301180476,19.72018328022265,engine
Mercury,-60,218.484756582808,-17.993565748563988,engine
Midheaven,-60,213.59515884154246,-13.487553404913925,engine
Moon,-60,192.54927822366452,-10.35159262904772,engine
Neptune,-60,2.607062708413167,-0.41805437219288016,engine
Orcus,-60,161.29015413279456,-13.603930141639932,tno-rate
Pallas,-60,19.854095327175916,-15.063521496213138,engine
Part_of_Fortune,-60,267.5569808757118,-27.157665315625025,engine
Part_of_Spirit,-60,273.5501830136817,-19.711986710276477,engine
Pleiades,-60,56.87584011180738,24.105472440209894,engine
Pluto,-60,306.0476847121784,-23.72508203991302,engine
Polaris,-60,38.36429398537089,89.26234092488954,engine
Procyon,-60,114.81972146001515,5.218944674220992,engine
Quaoar,-60,280.5846935046277,-15.096836715363965,tno-rate
Rahu,-60,330.68018908135394,-11.984496566931858,engine
Regulus,-60,152.08744129257943,11.968571213600393,engine
Rigel,-60,78.63716086303543,-8.198857896513257,engine
Saturn,-60,10.672177331157101,1.6407362473071396,engine
Sedna,-60,62.29346302619618,8.846331315223305,tno-rate
Sirius,-60,101.28377335876982,-16.721669312724156,engine
Spica,-60,201.29262304226955,-11.159472647810746,engine
Sun,-60,195.54587929264946,-6.628753326373447,engine
Transpluto,-60,156.54175706523452,9.789814845488875,engine
Uranus,-60,63.04164215547867,20.9696660030137,engine
Vega,-60,279.2354633700102,38.79072090718858,engine
Venus,-60,212.0938460454403,-21.02380036525122,engine
Vertex,-60,137.07779366984389,16.446957951107127,engine
Vesta,-60,23.181781044655782,-3.1169272914464488,engine
Aldebaran,-59,68.98418232339935,16.508830489052794,engine
Algol,-59,47.048369856758825,40.95566216926635,engine
Algorab,-59,187.45909299541395,-16.514093344181486,engine
Alkaid,-59,206.8758367014197,49.31509750330068,engine
Alphecca,-59,233.66813249022542,26.717287402046964,engine
Altair,-59,297.70060441619773,8.874112892369741,engine
Antares,-59,247.34793052779472,-26.431972823769225,engine
Arcturus,-59,213.90134160842757,19.170009138916566,engine
Ascendant,-59,270.80740820616495,-23.433727212836644,engine
Bellatrix,-59,81.28516477938332,6.3512401211450396,engine
Betelgeuse,-59,88.79498124979301,7.408655934529488,engine
Capella,-59,79.17691471407184,45.99306359389932,engine
Castor,-59,113.64733076188605,31.88628215718679,engine
Ceres,-59,109.7802635998538,23.37273952347586,engine
Chiron,-59,26.60557958192974,11.159962606490826,engine
Deneb Algedi,-59,326.7655161717145,-16.128577982818765,engine
Eris,-59,27.089067784607735,-0.07952279024560037,tno-rate
Fomalhaut,-59,344.4204286017592,-29.62307735835094,engine
Gonggong,-59,337.31284527262596,-10.272628567144215,tno-rate
Haumea,-59,220.16646004453165,13.567848245585749,tno-rate
Juno,-59,297.6147938525692,-13.130296169230968,engine
Jupiter,-59,143.4528663763139,15.131332065487701,engine
Ketu,-59,150.6801071400016,11.984526201112688,engine
Makemake,-59,201.7289066559096,19.73946653061122,tno-rate
Mars,-59,129.48513686334005,19.72009531431389,engine
Mercury,-59,218.48546494640703,-17.993851349653013,engine
Midheaven,-59,213.84558171903387,-13.572902035972154,engine
Moon,-59,192.5551226209678,-10.355469632230118,engine
Neptune,-59,2.6070460107050857,-0.41806166662262045,engine
Orcus,-59,161.29016674391795,-13.60393793326585,tno-rate
Pallas,-59,19.853963811879336,-15.063698116153512,engine
Part_of_Fortune,-59,267.81601960286855,-27.160180664599494,engine
Part_of_Spirit,-59,273.79879680946135,-19.707273761073793,engine
Pleiades,-59,56.875840056624575,24.105472362200242,engine
Pluto,-59,306.0476828914234,-23.72508211488317,engine
Polaris,-59,38.36429451890978,89.26234074565723,engine
Procyon,-59,114.81972128647281,5.218944660553775,engine
Quaoar,-59,280.5846974550077,-15.096838671117528,tno-rate
Rahu,-59,330.6801071400016,-11.984526201112688,engine
Regulus,-59,152.08744112211176,11.968571218925959,engine
Rigel,-59,78.63716075133213,-8.198857884759425,engine
Saturn,-59,10.672128276965188,1.6407152898045565,engine
Sedna,-59,62.29345888226512,8.846329261211347,tno-rate
Sirius,-59,101.28377319503542,-16.72166929702646,engine
Spica,-59,201.29262298301182,-11.159472690278943,engine
Sun,-59,195.54651122426424,-6.629016180467266,engine
Transpluto,-59,156.5417625284817,9.789812739584898,engine
Uranus,-59,63.0416248885805,20.96966291212282,engine
Vega,-59,279.2354635667312,38.79072095876779,engine
Venus,-59,212.0936217442408,-21.023740068935208,engine
Vertex,-59,137.27668655871656,16.388774256500053,engine
Vesta,-59,23.18162075909915,-3.1169909510333356,engine
Aldebaran,-58,68.98418223524165,16.50883043585013,engine
Algol,-58,47.04836983117626,40.955662045968964,engine
Algorab,-58,187.45909289199076,-16.51409339451767,engine
Alkaid,-58,206.87583663477642,49.3150976297313,engine
Alphecca,-58,233.6681325348302,26.71728747305721,engine
Altair,-58,297.70060459319365,8.874112890206066,engine
Antares,-58,247.3479306170992,-26.431972902863233,engine
Arcturus,-58,213.9013415849199,19.170009188283146,engine
Ascendant,-58,271.0619793061958,-23.432213047790142,engine
Bellatrix,-58,81.28516466240413,6.351240097611749,engine
Betelgeuse,-58,88.79498111558216,7.408655910640663,engine
Capella,-58,79.17691455399833,45.99306348659309,engine
Castor,-58,113.64733056002532,31.88628212186644,engine
Ceres,-58,109.78044390938548,23.372751893581118,engine
Chiron,-58,26.60555022466746,11.159950515534463,engine
Deneb Algedi,-58,326.7655163513422,-16.12857797751056,engine
Eris,-58,27.08906148101787,-0.07952508145828344,tno-rate
Fomalhaut,-58,344.42042877364054,-29.6230773168361,engine
Gonggong,-58,337.3128399783686,-10.272630223968712,tno-rate
Haumea,-58,220.16647343880535,13.5678413462697,tno-rate
Juno,-58,297.61491017268895,-13.130343766541154,engine
Jupiter,-58,143.4529784160853,15.131297207581415,engine
Ketu,-58,150.68002518412487,11.984555840516014,engine
Makemake,-58,201.72892051468804,19.73946055807434,tno-rate
Mars,-58,129.48554073225347,19.72000734701502,engine
Mercury,-58,218.48617329086227,-17.99413693149585,engine
Midheaven,-58,214.09600363359243,-13.657939485208697,engine
Moon,-58,192.56097091590524,-10.359344373293277,engine
Neptune,-58,2.6070293134498717,-0.4180689610215651,engine
Orcus,-58,161.29017935504137,-13.603945724891767,tno-rate
Pallas,-58,19.853832293104347,-15.063874738508073,engine
Part_of_Fortune,-58,268.075807057107,-27.16227839054249,engine
Part_of_Spirit,-58,274.04815155528456,-19.702147705037795,engine
Pleiades,-58,56.87584000251184,24.105472284022373,engine
Pluto,-58,306.0476810700491,-23.725082190232424,engine
Polaris,-58,38.36429513461526,89.26234056634195,engine
Procyon,-58,114.81972111309828,5.2189446467924645,engine
Quaoar,-58,280.5847014053877,-15.096840626871089,tno-rate
Rahu,-58,330.6800251841249,-11.984555840516014,engine
Regulus,-58,152.08744095113138,11.96857122405882,engine
Rigel,-58,78.63716064039006,-8.198857872897836,engine
Saturn,-58,10.672079222500654,1.6406943325105274,engine
Sedna,-58,62.29345473833407,8.846327207199387,tno-rate
Sirius,-58,101.28377303172672,-16.721669281045724,engine
Spica,-58,201.29262292269865,-11.159472732701502,engine
Sun,-58,195.547143164994,-6.629279030540929,engine
Transpluto,-58,156.5417679916723,9.7898106337039,engine
Uranus,-58,63.041607623121045,20.969659821473595,engine
Vega,-58,279.2354637628846,38.79072101095215,engine
Venus,-58,212.0933974281842,-21.023679726287874,engine
Vertex,-58,137.47545780780055,16.33040457233979,engine
Vesta,-58,23.181460470093146,-3.1170546107928803,engine
Aldebaran,-57,68.98418214799209,16.508830382476315,engine
Algol,-57,47.04836980696313,40.95566192251699,engine
Algorab,-57,187.4590927875786,-16.514093444717275,engine
Alkaid,-57,206.8758365665185,49.31509775606111,engine
Alphecca,-57,233.6681325783155,26.717287544228082,engine
Altair,-57,297.7006047700692,8.874112888206234,engine
Antares,-57,247.34793070541235,-26.43197298221493,engine
Arcturus,-57,213.90134156028878,19.1700092376495,engine
Ascendant,-57,271.31730163861096,-23.430279842845124,engine
Bellatrix,-57,81.28516454615094,6.351240073993621,engine
Betelgeuse,-57,88.79498098199014,7.4086558866414425,engine
Capella,-57,79.17691439500389,45.99306337874762,engine
Castor,-57,113.64733035839194,31.886282085995965,engine
Ceres,-57,109.78062422959933,23.37276426476544,engine
Chiron,-57,26.60552086815773,11.159938424892829,engine
Deneb Algedi,-57,326.765516531395,-16.128577972473266,engine
Eris,-57,27.089055177428,-0.07952737267096652,tno-rate
Fomalhaut,-57,344.4204289463112,-29.623077275720302,engine
Gonggong,-57,337.31283468411124,-10.272631880793208,tno-rate
Haumea,-57,220.16648683307903,13.567834446953654,tno-rate
Juno,-57,297.61502648211945,-13.13039136281284,engine
Jupiter,-57,143.4530904595373,15.131262349221062,engine
Ketu,-57,150.67994321361692,11.984585485180387,engine
Makemake,-57,201.72893437346644,19.73945458553746,tno-rate
Mars,-57,129.4859446187317,19.719919378312696,engine
Mercury,-57,218.48688161630037,-17.994422494087225,engine
Midheaven,-57,214.34642460436345,-13.742664369628857,engine
Moon,-57,192.56682347543125,-10.363216988289622,engine
Neptune,-57,2.607012616635943,-0.4180762553919333,engine
Orcus,-57,161.29019196616477,-13.603953516517684,tno-rate
Pallas,-57,19.853700770780303,-15.064051363273775,engine
Part_of_Fortune,-57,268.3363499990807,-27.1639549545364,engine
Part_of_Spirit,-57,274.2982532781412,-19.696604731153847,engine
Pleiades,-57,56.875839949471136,24.105472205678062,engine
Pluto,-57,306.0476792480504,-23.7250822659594,engine
Polaris,-57,38.364295832514806,89.26234038694831,engine
Procyon,-57,114.81972093989611,5.218944632937135,engine
Quaoar,-57,280.5847053557677,-15.096842582624651,tno-rate
Rahu,-57,330.6799432136169,-11.984585485180387,engine
Regulus,-57,152.08744077964246,11.968571228998512,engine
Rigel,-57,78.63716053021254,-8.19885786092895,engine
Saturn,-57,10.672030167731332,1.6406733754182026,engine
Sedna,-57,62.29345059440301,8.846325153187427,tno-rate
Sirius,-57,101.28377286884822,-16.721669264782456,engine
Spica,-57,201.292622861331,-11.159472775077546,engine
Sun,-57,195.5477751149615,-6.6295418765983465,engine
Transpluto,-57,156.54177345480628,9.789808527845734,engine
Uranus,-57,63.04159035910793,20.969656731070767,engine
Vega,-57,279.23546395846483,38.79072106374042,engine
Venus,-57,212.09317309772487,-21.023619337312418,engine
Vertex,-57,137.67410816835132,16.2718495409452,engine
Vesta,-57,23.181300177728723,-3.1171182706487772,engine
Aldebaran,-56,68.98418206165348,16.50883032893245,engine
Algol,-56,47.0483697841208,40.95566179891341,engine
Algorab,-56,187.45909268217966,-16.514093494779118,engine
Alkaid,-56,206.87583649664677,49.31509788228664,engine
Alphecca,-56,233.6681326206795,26.717287615557616,engine
Altair,-56,297.7006049468199,8.874112886370174,engine
Antares,-56,247.34793079273132,-26.43197306182256,engine
Arcturus,-56,213.90134153453434,19.17000928701408,engine
Ascendant,-56,271.5733816549798,-23.42792387060315,engine
Bellatrix,-56,81.28516443062716,6.3512400502910085,engine
Betelgeuse,-56,88.79498084902076,7.408655862532181,engine
Capella,-56,79.17691423709324,45.99306327036526,engine
Castor,-56,113.64733015699127,31.88628204957584,engine
Ceres,-56,109.78080456048643,23.37277663704885,engine
Chiron,-56,26.605491512382574,11.159926334564231,engine
Deneb Algedi,-56,326.76551671186843,-16.128577967707372,engine
Eris,-56,27.089048873838134,-0.07952966388364958,tno-rate
Fomalhaut,-56,344.420429119767,-29.623077235005002,engine
Gonggong,-56,337.3128293898539,-10.272633537617706,tno-rate
Haumea,-56,220.16650022735274,13.567827547637608,tno-rate
Juno,-56,297.6151427808628,-13.130438958033059,engine
Jupiter,-56,143.45320250674754,15.131227490391526,engine
Ketu,-56,150.67986122853614,11.98461513508473,engine
Makemake,-56,201.72894823224487,19.73944861300058,tno-rate
Mars,-56,129.48634852296118,19.71983140819361,engine
Mercury,-56,218.48758992284806,-17.99470803742196,engine
Midheaven,-56,214.5968446505644,-13.82707532101677,engine
Moon,-56,192.57268018155034,-10.367087411024265,engine
Neptune,-56,2.6069959202598,-0.418083549732627,engine
Orcus,-56,161.2902045772882,-13.603961308143601,tno-rate
Pallas,-56,19.853569244984502,-15.064227990474203,engine
Part_of_Fortune,-56,268.59765476224084,-27.165206562983933,engine
Part_of_Spirit,-56,274.5491085477188,-19.690641178222364,engine
Pleiades,-56,56.87583989750446,24.10547212716907,engine
Pluto,-56,306.04767742542185,-23.725082342062695,engine
Polaris,-56,38.364296612634284,89.26234020748099,engine
Procyon,-56,114.81972076687094,5.218944618987873,engine
Quaoar,-56,280.5847093061477,-15.096844538378214,tno-rate
Rahu,-56,330.67986122853614,-11.98461513508473,engine
Regulus,-56,152.08744060764917,11.968571233744619,engine
Rigel,-56,78.63716042080284,-8.198857848853232,engine
Saturn,-56,10.671981112641488,1.6406524185275215,engine
Sedna,-56,62.29344645047196,8.846323099175468,tno-rate
Sirius,-56,101.28377270640438,-16.721669248237163,engine
Spica,-56,201.29262279891,-11.15947281740618,engine
Sun,-56,195.54840707428932,-6.629804718643481,engine
Transpluto,-56,156.54177891788376,9.789806422010479,engine
Uranus,-56,63.0415730965256,20.96965364091485,engine
Vega,-56,279.23546415346664,38.79072111713139,engine
Venus,-56,212.09294875331724,-21.02355890201268,engine
Vertex,-56,137.87263838842227,16.213109805301087,engine
Vesta,-56,23.18113988192018,-3.1171819306005104,engine
Aldebaran,-55,68.98418197622854,16.50883027521964,engine
Algol,-55,47.048369762650594,40.955661675161224,engine
Algorab,-55,187.45909257579615,-16.514093544702007,engine
Alkaid,-55,206.87583642516222,49.315098008404405,engine
Alphecca,-55,233.66813266192057,26.717287687043868,engine
Altair,-55,297.700605123441,8.87411288469781,engine
Antares,-55,247.3479308790533,-26.43197314168439,engine
Arcturus,-55,213.90134150765653,19.170009336375397,engine
Ascendant,-55,271.83022586785995,-23.42514135043367,engine
Bellatrix,-55,81.28516431583623,6.351240026504277,engine
Betelgeuse,-55,88.79498071667784,7.408655838313239,engine
Capella,-55,79.17691408027109,45.99306316144838,engine
Castor,-55,113.64732995582868,31.886282012606543,engine
Ceres,-55,109.78098490203766,23.3727890104514,engine
Chiron,-55,26.605462157338806,11.159914244550558,engine
Deneb Algedi,-55,326.7655168927581,-16.128577963213356,engine
Eris,-55,27.08904257024827,-0.07953195509633265,tno-rate
Fomalhaut,-55,344.42042929400407,-29.623077194691675,engine
Gonggong,-55,337.3128240955965,-10.272635194442202,tno-rate
Haumea,-55,220.16651362162642,13.567820648321561,tno-rate
Juno,-55,297.6152590689214,-13.130486552188865,engine
Jupiter,-55,143.45331455766242,15.131192631117921,engine
Ketu,-55,150.6797792288856,11.984644790227906,engine
Makemake,-55,201.7289620910233,19.739442640463697,tno-rate
Mars,-55,129.48675244460702,19.719743436763896,engine
Mercury,-55,218.48829821063208,-17.994993561495104,engine
Midheaven,-55,214.84726379427394,-13.911170986824317,engine
Moon,-55,192.57854107780003,-10.370955642766518,engine
Neptune,-55,2.6069792243152428,-0.41809084404365354,engine
Orcus,-55,161.2902171884116,-13.60396909976952,tno-rate
Pallas,-55,19.853437715350704,-15.064404620052715,engine
Part_of_Fortune,-55,268.8597279025603,-27.16602943651988,engine
Part_of_Spirit,-55,274.8007238331596,-19.684253264347458,engine
Pleiades,-55,56.87583984661372,24.105472048497138,engine
Pluto,-55,306.0476756021561,-23.72508241854079,engine
Polaris,-55,38.364297474997976,89.26234002794459,engine
Procyon,-55,114.81972059402733,5.218944604944756,engine
Quaoar,-55,280.58471325652766,-15.096846494131775,tno-rate
Rahu,-55,330.6797792288856,-11.984644790227906,engine
Regulus,-55,152.0874404351558,11.968571238296684,engine
Rigel,-55,78.63716031216423,-8.19885783667114,engine
Saturn,-55,10.671932057198973,1.64063146183163,engine
Sedna,-55,62.2934423065409,8.846321045163508,tno-rate
Sirius,-55,101.28377254439962,-16.721669231410363,engine
Spica,-55,201.29262273543668,-11.159472859686518,engine
Sun,-55,195.54903904309973,-6.630067556680305,engine
Transpluto,-55,156.54178438090455,9.789804316198175,engine
Uranus,-55,63.04155583537582,20.96965055100954,engine
Vega,-55,279.23546434788454,38.79072117112383,engine
Venus,-55,212.09272439380956,-21.023498419926984,engine
Vertex,-55,138.07104921509702,16.154186008432863,engine
Vesta,-55,23.18097958258184,-3.11724559064753,engine
Aldebaran,-54,68.98418189172,16.50883022133898,engine
Algol,-54,47.048369742553845,40.95566155126339,engine
Algorab,-54,187.45909246843024,-16.51409359448474,engine
Alkaid,-54,206.87583635206585,49.31509813441093,engine
Alphecca,-54,233.66813270203687,26.717287758684858,engine
Altair,-54,297.70060529992776,8.87411288318907,engine
Antares,-54,247.34793096437548,-26.43197322179867,engine
Arcturus,-54,213.9013414796555,19.170009385731912,engine
Ascendant,-54,272.08784084545766,-23.421928447751196,engine
Bellatrix,-54,81.2851642017815,6.351240002633787,engine
Betelgeuse,-54,88.7949805849652,7.408655813984972,engine
Capella,-54,79.17691392454212,45.99306305199942,engine
Castor,-54,113.64732975490958,31.88628197508856,engine
Ceres,-54,109.78116525436263,23.372801384998517,engine
Chiron,-54,26.60543280302324,11.1599021548537,engine
Deneb Algedi,-54,326.7655170740594,-16.128577958991684,engine
Eris,-54,27.089036266658404,-0.07953424630901572,tno-rate
Fomalhaut,-54,344.4204294690182,-29.623077154781758,engine
Gonggong,-54,337.3128188013392,-10.2726368512667,tno-rate
Haumea,-54,220.16652701590013,13.567813749005513,tno-rate
Juno,-54,297.6153753462979,-13.130534145267314,engine
Jupiter,-54,143.45342661235944,15.13115777138518,engine
Ketu,-54,150.67969721472315,11.984674450588939,engine
Makemake,-54,201.72897594980174,19.739436667926817,tno-rate
Mars,-54,129.48715638402842,19.71965546397047,engine
Mercury,-54,218.48900647977925,-17.995279066301826,engine
Midheaven,-54,215.09768205484852,-13.994950028241215,engine
Moon,-54,192.58440620760427,-10.374821684816999,engine
Neptune,-54,2.606962528798759,-0.41809813832391424,engine
Orcus,-54,161.29022979953498,-13.603976891395437,tno-rate
Pallas,-54,19.85330618195636,-15.064581252032733,engine
Part_of_Fortune,-54,269.12257603154694,-27.166419741855286,engine
Part_of_Spirit,-54,275.0531056593684,-19.677437153647105,engine
Pleiades,-54,56.875839796800854,24.105471969664045,engine
Pluto,-54,306.04767377825283,-23.72508249539251,engine
Polaris,-54,38.364298419628675,89.26233984834376,engine
Procyon,-54,114.81972042136994,5.218944590807865,engine
Quaoar,-54,280.58471720690767,-15.096848449885337,tno-rate
Rahu,-54,330.67969721472315,-11.984674450588939,engine
Regulus,-54,152.08744026216647,11.968571242654283,engine
Rigel,-54,78.63716020429995,-8.198857824383149,engine
Saturn,-54,10.671883001420955,1.6406105053440443,engine
Sedna,-54,62.29343816260985,8.846318991151549,tno-rate
Sirius,-54,101.28377238283845,-16.721669214302587,engine
Spica,-54,201.29262267091218,-11.159472901917681,engine
Sun,-54,195.54967102151497,-6.630330390712906,engine
Transpluto,-54,156.54178984386886,9.789802210408713,engine
Uranus,-54,63.041538575660304,20.969647461358505,engine
Vega,-54,279.2354645417132,38.79072122571647,engine
Venus,-54,212.0925000228668,-21.023437891992646,engine
Vertex,-54,138.26934139008566,16.09507879474852,engine
Vesta,-54,23.180819279628093,-3.1173092507893134,engine
Aldebaran,-53,68.98418180813056,16.50883016729156,engine
Algol,-53,47.04836972383185,40.9556614272229,engine
Algorab,-53,187.45909236008424,-16.514093644126167,engine
Alkaid,-53,206.87583627735862,49.31509826030269,engine
Alphecca,-53,233.66813274102697,26.717287830478615,engine
Altair,-53,297.7006054762756,8.874112881843862,engine
Antares,-53,247.34793104869502,-26.431973302163637,engine
Arcturus,-53,213.90134145053133,19.170009435082132,engine
Ascendant,-53,272.346233215794,-23.418281273197767,engine
Bellatrix,-53,81.28516408846639,6.351239978679907,engine
Betelgeuse,-53,88.79498045388657,7.4086557895477565,engine
Capella,-53,79.17691376991097,45.993062942020764,engine
Castor,-53,113.64732955423928,31.88628193702236,engine
Ceres,-53,109.7813456172138,23.372813760699398,engine
Chiron,-53,26.605403449417864,11.159890065471942,engine
Deneb Algedi,-53,326.76551725576786,-16.128577955042836,engine
Eris,-53,27.089029963068537,-0.07953653752169879,tno-rate
Fomalhaut,-53,344.4204296448052,-29.623077115276722,engine
Gonggong,-53,337.3128135070818,-10.272638508091196,tno-rate
Haumea,-53,220.1665404101738,13.567806849689466,tno-rate
Juno,-53,297.61549161299524,-13.130581737255465,engine
Jupiter,-53,143.4535386707847,15.131122911218426,engine
Ketu,-53,150.67961518594234,11.98470411620636,engine
Makemake,-53,201.72898980858017,19.739430695389938,tno-rate
Mars,-53,129.48756034088996,19.719567489919477,engine
Mercury,-53,218.48971473041652,-17.995564551837486,engine
Midheaven,-53,215.34809945264206,-14.078411121400698,engine
Moon,-53,192.5902754527605,-10.378685471134304,engine
Neptune,-53,2.6069458336987386,-0.4181054325756282,engine
Orcus,-53,161.2902424106584,-13.603984683021354,tno-rate
Pallas,-53,19.853174644731013,-15.06475788641091,engine
Part_of_Fortune,-53,269.3862056588973,-27.166373523586618,engine
Part_of_Spirit,-53,275.3062607726906,-19.670189022808916,engine
Pleiades,-53,56.875839748067726,24.10547189067158,engine
Pluto,-53,306.04767195370425,-23.725082572616294,engine
Polaris,-53,38.364299446547484,89.26233966868313,engine
Procyon,-53,114.81972024890325,5.218944576577286,engine
Quaoar,-53,280.5847211572877,-15.096850405638898,tno-rate
Rahu,-53,330.67961518594234,-11.98470411620636,engine
Regulus,-53,152.08744008868547,11.968571246816989,engine
Rigel,-53,78.63716009721325,-8.198857811989729,engine
Saturn,-53,10.671833945275276,1.6405895490578986,engine
Sedna,-53,62.293434018678795,8.846316937139589,tno-rate
Sirius,-53,101.28377222172526,-16.721669196914345,engine
Spica,-53,201.29262260533764,-11.159472944098779,engine
Sun,-53,195.55030300965717,-6.630593220745452,engine
Transpluto,-53,156.54179530677652,9.789800104642156,engine
Uranus,-53,63.04152131736344,20.969644371962264,engine
Vega,-53,279.2354647349473,38.790721280908116,engine
Venus,-53,212.0922756393376,-21.02337731774955,engine
Vertex,-53,138.46751565269724,16.035788809198507,engine
Vesta,-53,23.18065897297348,-3.1173729110252477,engine
Aldebaran,-52,68.98418172546293,16.508830113078503,engine
Algol,-52,47.04836970648585,40.95566130304275,engine
Algorab,-52,187.4590922507604,-16.514093693625103,engine
Alkaid,-52,206.8758362010416,49.31509838607625,engine
Alphecca,-52,233.66813277888906,26.71728790242317,engine
Altair,-52,297.7006056524798,8.874112880662112,engine
Antares,-52,247.34793113200928,-26.431973382777535,engine
Arcturus,-52,213.9013414202841,19.170009484424533,engine
Ascendant,-52,272.60540966514725,-23.41419588187369,engine
Bellatrix,-52,81.28516397589422,6.351239954642999,engine
Betelgeuse,-52,88.79498032344574,7.408655765001947,engine
Capella,-52,79.1769136163823,45.9930628315148,engine
Castor,-52,113.64732935382318,31.88628189840846,engine
Ceres,-52,109.78152599070026,23.372826137579445,engine
Chiron,-52,26.605374096519427,11.15987797640715,engine
Deneb Algedi,-52,326.76551743787905,-16.128577951367273,engine
Eris,-52,27.08902365947867,-0.07953882873438185,tno-rate
Fomalhaut,-52,344.420429821361,-29.623077076178014,engine
Gonggong,-52,337.31280821282445,-10.272640164915694,tno-rate
Haumea,-52,220.16655380444752,13.56779995037342,tno-rate
Juno,-52,297.61560786901657,-13.130629328140364,engine
Jupiter,-52,143.45365073301554,15.13108805060264,engine
Ketu,-52,150.6795331426011,11.984733787059183,engine
Makemake,-52,201.72900366735857,19.739424722853055,tno-rate
Mars,-52,129.48796431537642,19.71947951459768,engine
Mercury,-52,218.4904229626709,-17.995850018097588,engine
Midheaven,-52,215.59851600714396,-14.161552956705425,engine
Moon,-52,192.5961491798102,-10.382547137934246,engine
Neptune,-52,2.6069291390116556,-0.4181127267976963,engine
Orcus,-52,161.2902550217818,-13.603992474647272,tno-rate
Pallas,-52,19.853043103604396,-15.064934523183789,engine
Part_of_Fortune,-52,269.65062383730924,-27.165886973025813,engine
Part_of_Spirit,-52,275.56019549298526,-19.66250479072157,engine
Pleiades,-52,56.875839700416236,24.105471811521493,engine
Pluto,-52,306.04767012850544,-23.725082650210734,engine
Polaris,-52,38.364300555774044,89.26233948896734,engine
Procyon,-52,114.81972007663198,5.218944562253105,engine
Quaoar,-52,280.5847251076677,-15.096852361392461,tno-rate
Rahu,-52,330.6795331426011,-11.984733787059183,engine
Regulus,-52,152.087439914717,11.968571250784366,engine
Rigel,-52,78.63715999090738,-8.19885779949135,engine
Saturn,-52,10.67178488874628,1.6405685929731337,engine
Sedna,-52,62.293429874747744,8.846314883127631,tno-rate
Sirius,-52,101.28377206106452,-16.721669179246188,engine
Spica,-52,201.29262253871414,-11.159472986228945,engine
Sun,-52,195.55093500764818,-6.6308560467821245,engine
Transpluto,-52,156.54180076962766,9.789797998898514,engine
Uranus,-52,63.0415040604926,20.969641282825513,engine
Vega,-52,279.2354649275814,38.79072133669742,engine
Venus,-52,212.09205124367605,-21.0233166972041,engine
Vertex,-52,138.6655727383879,15.976316697746599,engine
Vesta,-52,23.180498662709084,-3.1174365712789585,engine
Aldebaran,-51,68.98418164371978,16.50883005870092,engine
Algol,-51,47.04836969051706,40.95566117872593,engine
Algorab,-51,187.45909214046094,-16.514093742980364,engine
Alkaid,-51,206.87583612311582,49.31509851172811,engine
Alphecca,-51,233.66813281562156,26.71728797451656,engine
Altair,-51,297.70060582853574,8.874112879643725,engine
Antares,-51,247.34793121431545,-26.431973463638595,engine
Arcturus,-51,213.90134138891398,19.1700095337576,engine
Ascendant,-51,272.8653769422597,-23.409668272473173,engine
Bellatrix,-51,81.2851638640684,6.351239930523436,engine
Betelgeuse,-51,88.79498019364647,7.408655740347915,engine
Capella,-51,79.17691346396072,45.993062720483955,engine
Castor,-51,113.64732915366662,31.886281859247376,engine
Ceres,-51,109.78170637481196,23.37283851565861,engine
Chiron,-51,26.60534474432472,11.159865887661205,engine
Deneb Algedi,-51,326.76551762038844,-16.12857794796544,engine
Eris,-51,27.089017355888803,-0.07954111994706493,tno-rate
Fomalhaut,-51,344.4204299986814,-29.623077037487036,engine
Gonggong,-51,337.3128029185671,-10.27264182174019,tno-rate
Haumea,-51,220.1665671987212,13.567793051057373,tno-rate
Juno,-51,297.6157241143653,-13.130676917909085,engine
Jupiter,-51,143.4537627989979,15.131053189562968,engine
Ketu,-51,150.6794510847024,11.984763463146283,engine
Makemake,-51,201.729017526137,19.739418750316176,tno-rate
Mars,-51,129.48836830767232,19.71939153799183,engine
Mercury,-51,218.49113117666926,-17.996135465077817,engine
Midheaven,-51,215.84893174069836,-14.244374240008737,engine
Moon,-51,192.6020272702909,-10.386406619219956,engine
Neptune,-51,2.606912444733978,-0.41812002098901885,engine
Orcus,-51,161.29026763290523,-13.60400026627319,tno-rate
Pallas,-51,19.85291155850622,-15.065111162347852,engine
Part_of_Fortune,-51,269.91583719694097,-27.164956022865947,engine
Part_of_Spirit,-51,275.8149166875784,-19.654380522080398,engine
Pleiades,-51,56.87583965384824,24.10547173221557,engine
Pluto,-51,306.04766830265123,-23.725082728174357,engine
Polaris,-51,38.364301747326294,89.26233930920104,engine
Procyon,-51,114.81971990456061,5.218944547835406,engine
Quaoar,-51,280.5847290580477,-15.096854317146024,tno-rate
Rahu,-51,330.6794510847024,-11.984763463146283,engine
Regulus,-51,152.08743974026538,11.968571254556014,engine
Rigel,-51,78.6371598853855,-8.198857786888482,engine
Saturn,-51,10.671735831801822,1.6405476370828818,engine
Sedna,-51,62.293425730816686,8.846312829115671,tno-rate
Sirius,-51,101.28377190086064,-16.721669161298653,engine
Spica,-51,201.29262247104288,-11.159473028307275,engine
Sun,-51,195.55156701560963,-6.631118868827182,engine
Transpluto,-51,156.54180623242215,9.789795893177782,engine
Uranus,-51,63.04148680503212,20.969638193948747,engine
Vega,-51,279.2354651196102,38.79072139308316,engine
Venus,-51,212.09182683633563,-21.02325603036343,engine
Vertex,-51,138.863513381725,15.916663106516815,engine
Vesta,-51,23.180338348396276,-3.1175002317014338,engine
Aldebaran,-50,68.9841815629037,16.508830004159883,engine
Algol,-50,47.04836967592669,40.955661054275346,engine
Algorab,-50,187.45909202918816,-16.51409379219081,engine
Alkaid,-50,206.87583604358235,49.315098637254906,engine
Alphecca,-50,233.6681328512229,26.717288046756817,engine
Altair,-50,297.70060600443884,8.874112878788614,engine
Antares,-50,247.34793129561083,-26.43197354474511,engine
Arcturus,-50,213.90134135642109,19.170009583079842,engine
Ascendant,-50,273.12614202755105,-23.404694383088227,engine
Bellatrix,-50,81.28516375299212,6.351239906321567,engine
Betelgeuse,-50,88.7949800644924,7.408655715586013,engine
Capella,-50,79.17691331265073,45.99306260893063,engine
Castor,-50,113.64732895377482,31.886281819539597,engine
Ceres,-50,109.78188676977848,23.37285089497059,engine
Chiron,-50,26.605315392795998,11.159853799224248,engine
Deneb Algedi,-50,326.76551780329163,-16.128577944837815,engine
Eris,-50,27.089011052294712,-0.07954341116128437,tno-rate
Fomalhaut,-50,344.42043017676235,-29.623076999205242,engine
Gonggong,-50,337.3127976243062,-10.272643478565799,tno-rate
Haumea,-50,220.16658059300389,13.5677861517367,tno-rate
Juno,-50,297.6158403491232,-13.130724506580588,engine
Jupiter,-50,143.45387486885127,15.131018328071084,engine
Ketu,-50,150.67936901219485,11.984793144486284,engine
Makemake,-50,201.72903138492472,19.73941277777529,tno-rate
Mars,-50,129.488772317712,19.71930356014915,engine
Mercury,-50,218.49183937308453,-17.996420893038376,engine
Midheaven,-50,216.09934684037887,-14.326873745767916,engine
Moon,-50,192.60790977128448,-10.390263919056137,engine
Neptune,-50,2.606895750842883,-0.418127315156707,engine
Orcus,-50,161.2902802440371,-13.60400805790433,tno-rate
Pallas,-50,19.852780009278128,-15.06528780401796,engine
Part_of_Fortune,-50,270.1818527647486,-27.163576615083183,engine
Part_of_Spirit,-50,276.0704312903535,-19.64581215109327,engine
Pleiades,-50,56.87583960836554,24.105471652755515,engine
Pluto,-50,306.04766647613525,-23.72508280650581,engine
Polaris,-50,38.36430302122156,89.26233912938874,engine
Procyon,-50,114.81971973269366,5.218944533324276,engine
Quaoar,-50,280.58473300843036,-15.096856272900897,tno-rate
Rahu,-50,330.67936901219485,-11.984793144486284,engine
Regulus,-50,152.0874395653347,11.96857125813149,engine
Rigel,-50,78.63715978065076,-8.198857774181606,engine
Saturn,-50,10.671686774426227,1.6405266813866035,engine
Sedna,-50,62.29342158688286,8.846310775102335,tno-rate
Sirius,-50,101.28377174111792,-16.721669143072262,engine
Spica,-50,201.29262240232495,-11.159473070332936,engine
Sun,-50,195.55219903408693,-6.6313816870611815,engine
Transpluto,-50,156.54181169516372,9.789793787478528,engine
Uranus,-50,63.04146955097779,20.96963510533463,engine
Vega,-50,279.23546531102846,38.790721450064055,engine
Venus,-50,212.09160241761973,-21.02319531719462,engine
Vertex,-50,139.06133844424514,15.856828643077295,engine
Vesta,-50,23.180178030018773,-3.1175638922589166,engine
Aldebaran,-49,68.98418148301745,16.50882994945659,engine
Algol,-49,47.048369662715956,40.95566092969416,engine
Algorab,-49,187.45909191694443,-16.514093841255203,engine
Alkaid,-49,206.87583596244244,49.315098762652966,engine
Alphecca,-49,233.66813288569142,26.717288119141894,engine
Altair,-49,297.7006061801843,8.874112878096685,engine
Antares,-49,247.34793137589273,-26.431973626095186,engine
Arcturus,-49,213.90134132280562,19.17000963238969,engine
Ascendant,-49,273.3877114392558,-23.399270103932782,engine
Bellatrix,-49,81.2851636426689,6.351239882037799,engine
Betelgeuse,-49,88.79497993598748,7.408655690716645,engine
Capella,-49,79.17691316245708,45.993062496857384,engine
Castor,-49,113.64732875415336,31.886281779285696,engine
Ceres,-49,109.78206717510938,23.372863275507882,engine
Chiron,-49,26.605286041969322,11.15984171111435,engine
Deneb Algedi,-49,326.7655179865838,-16.128577941984826,engine
Eris,-49,27.089004748704845,-0.07954570237396745,tno-rate
Fomalhaut,-49,344.42043035559954,-29.623076961334043,engine
Gonggong,-49,337.31279233004886,-10.272645135390297,tno-rate
Haumea,-49,220.16659398727757,13.567779252420653,tno-rate
Juno,-49,297.61595657313813,-13.130772094078143,engine
Jupiter,-49,143.45398694246967,15.130983466168741,engine
Ketu,-49,150.6792869252464,11.984822831018406,engine
Makemake,-49,201.72904524370315,19.739406805238406,tno-rate
Mars,-49,129.48917634513742,19.719215581174392,engine
Mercury,-49,218.49254755095225,-17.99670630144654,engine
Midheaven,-49,216.3497609918769,-14.409050097763133,engine
Moon,-49,192.6137965563366,-10.39411896639329,engine
Neptune,-49,2.6068790573572143,-0.41813460928987817,engine
Orcus,-49,161.2902928551605,-13.60401584953025,tno-rate
Pallas,-49,19.852648456026348,-15.065464447953536,engine
Part_of_Fortune,-49,270.4486769332386,-27.16174456919001,engine
Part_of_Spirit,-49,276.326745945273,-19.636795638675554,engine
Pleiades,-49,56.87583956397,24.105471573143245,engine
Pluto,-49,306.04766464895494,-23.72508288520349,engine
Polaris,-49,38.36430437747298,89.26233894953532,engine
Procyon,-49,114.81971956103597,5.218944518719827,engine
Quaoar,-49,280.58473695881037,-15.096858228654458,tno-rate
Rahu,-49,330.6792869252464,-11.984822831018406,engine
Regulus,-49,152.0874393899294,11.968571261510402,engine
Rigel,-49,78.6371596767065,-8.1988577613712,engine
Saturn,-49,10.671637716653159,1.6405057259055211,engine
Sedna,-49,62.2934174429518,8.846308721090375,tno-rate
Sirius,-49,101.283771581841,-16.721669124567594,engine
Spica,-49,201.29262233256173,-11.159473112304983,engine
Sun,-49,195.55283106235382,-6.631644501136062,engine
Transpluto,-49,156.5418171578451,9.789791681803552,engine
Uranus,-49,63.04145229833692,20.969632016987727,engine
Vega,-49,279.2354655018306,38.79072150763872,engine
Venus,-49,212.09137798828303,-21.02313455778769,engine
Vertex,-49,139.25904838833733,15.796814035759192,engine
Vesta,-49,23.180017707706334,-3.1176275528654043,engine
Aldebaran,-48,68.98418140406359,16.508829894592115,engine
Algol,-48,47.04836965088597,40.95566080498529,engine
Algorab,-48,187.45909180373212,-16.51409389017243,engine
Alkaid,-48,206.87583587969718,49.31509888791892,engine
Alphecca,-48,233.66813291902562,26.71728819166986,engine
Altair,-48,297.7006063557675,8.874112877567839,engine
Antares,-48,247.34793145515846,-26.43197370768709,engine
Arcturus,-48,213.90134128806784,19.170009681685656,engine
Ascendant,-48,273.6500922790593,-23.39339125657578,engine
Bellatrix,-48,81.28516353310198,6.351239857672487,engine
Betelgeuse,-48,88.7949798081353,7.4086556657401745,engine
Capella,-48,79.17691301338428,45.9930623842666,engine
Castor,-48,113.6473285548075,31.886281738486225,engine
Ceres,-48,109.78224759103384,23.37287565730414,engine
Chiron,-48,26.605256691821758,11.159829623325248,engine
Deneb Algedi,-48,326.76551817026063,-16.128577939406927,engine
Eris,-48,27.088998445114978,-0.07954799358665052,tno-rate
Fomalhaut,-48,344.4204305351887,-29.623076923874848,engine
Gonggong,-48,337.3127870357915,-10.272646792214793,tno-rate
Haumea,-48,220.16660738155127,13.567772353104607,tno-rate
Juno,-48,297.61607278649234,-13.130819680420716,engine
Jupiter,-48,143.4540990198738,15.130948603857824,engine
Ketu,-48,150.67920482369527,11.98485252280114,engine
Makemake,-48,201.72905910248156,19.739400832701527,tno-rate
Mars,-48,129.48958039040278,19.7191276009954,engine
Mercury,-48,218.49325571094545,-17.99699169056287,engine
Midheaven,-48,216.60017438331752,-14.490902099746533,engine
Moon,-48,192.61968799558397,-10.397971900168372,engine
Neptune,-48,2.6068623642595266,-0.4181419033934304,engine
Orcus,-48,161.2903054662839,-13.604023641156166,tno-rate
Pallas,-48,19.852516898592636,-15.065641094269298,engine
Part_of_Fortune,-48,270.71631717368797,-27.159455845511644,engine
Part_of_Spirit,-48,276.5838673844307,-19.627326667639913,engine
Pleiades,-48,56.87583952066339,24.105471493380485,engine
Pluto,-48,306.04766282110404,-23.725082964266022,engine
Polaris,-48,38.36430581609468,89.26233876964531,engine
Procyon,-48,114.81971938959188,5.2189445040221365,engine
Quaoar,-48,280.5847409091904,-15.09686018440802,tno-rate
Rahu,-48,330.6792048236953,-11.98485252280114,engine
Regulus,-48,152.08743921405372,11.96857126469232,engine
Rigel,-48,78.63715957355579,-8.19885774845774,engine
Saturn,-48,10.671588658434104,1.6404847706255195,engine
Sedna,-48,62.29341329902075,8.846306667078416,tno-rate
Sirius,-48,101.28377142303414,-16.721669105785196,engine
Spica,-48,201.29262226175433,-11.15947315422257,engine
Sun,-48,195.55346310095533,-6.6319073112325055,engine
Transpluto,-48,156.54182262046982,9.789789576151483,engine
Uranus,-48,63.04143504709951,20.969628928909646,engine
Vega,-48,279.2354656920115,38.79072156580591,engine
Venus,-48,212.09115354862854,-21.023073752111056,engine
Vertex,-48,139.45664407026624,15.736619893831568,engine
Vesta,-48,23.179857381266153,-3.117691213562916,engine
Aldebaran,-47,68.9841813260447,16.508829839567575,engine
Algol,-47,47.04836964043788,40.95566068015174,engine
Algorab,-47,187.45909168955347,-16.514093938941308,engine
Alkaid,-47,206.87583579534777,49.315099013049306,engine
Alphecca,-47,233.66813295122398,26.717288264338702,engine
Altair,-47,297.7006065311838,8.874112877201979,engine
Antares,-47,247.3479315334053,-26.43197378951907,engine
Arcturus,-47,213.90134125220789,19.17000973096622,engine
Ascendant,-47,273.9132915354418,-23.387053606107497,engine
Bellatrix,-47,81.28516342429462,6.351239833226004,engine
Betelgeuse,-47,88.79497968093956,7.40865564065697,engine
Capella,-47,79.17691286543682,45.99306227116074,engine
Castor,-47,113.64732835574254,31.8862816971417,engine
Ceres,-47,109.78242801754072,23.372888040379262,engine
Chiron,-47,26.605227342335183,11.159817535855188,engine
Deneb Algedi,-47,326.7655183543176,-16.12857793710456,engine
Eris,-47,27.08899214152511,-0.07955028479933358,tno-rate
Fomalhaut,-47,344.4204307155257,-29.623076886829082,engine
Gonggong,-47,337.31278174153414,-10.272648449039291,tno-rate
Haumea,-47,220.16662077582495,13.567765453788558,tno-rate
Juno,-47,297.6161889891903,-13.130867265595395,engine
Jupiter,-47,143.45421110114074,15.130913741123292,engine
Ketu,-47,150.67912270759945,11.984882219813526,engine
Makemake,-47,201.72907296126,19.739394860164644,tno-rate
Mars,-47,129.4899844531705,19.719039619718398,engine
Mercury,-47,218.4939638531913,-17.997277060383702,engine
Midheaven,-47,216.85058703542452,-14.572428514489891,engine
Moon,-47,192.62558397024125,-10.401822654560812,engine
Neptune,-47,2.6068456715462673,-0.41814919746626306,engine
Orcus,-47,161.2903180774073,-13.604031432782083,tno-rate
Pallas,-47,19.85238533690697,-15.065817742961391,engine
Part_of_Fortune,-47,270.98478035567064,-27.156706143313276,engine
Part_of_Spirit,-47,276.8418027152129,-19.617401068901717,engine
Pleiades,-47,56.875839478447475,24.105471413469015,engine
Pluto,-47,306.0476609925774,-23.725083043691903,engine
Polaris,-47,38.36430733709832,89.26233858972336,engine
Procyon,-47,114.81971921836609,5.218944489231302,engine
Quaoar,-47,280.5847448595703,-15.096862140161582,tno-rate
Rahu,-47,330.67912270759945,-11.984882219813526,engine
Regulus,-47,152.08743903771193,11.968571267676852,engine
Rigel,-47,78.63715947120178,-8.198857735441713,engine
Saturn,-47,10.671539599736958,1.6404638155397193,engine
Sedna,-47,62.29340915508969,8.846304613066456,tno-rate
Sirius,-47,101.28377126470176,-16.72166908672562,engine
Spica,-47,201.29262218990402,-11.159473196084816,engine
Sun,-47,195.55409515001242,-6.632170117355034,engine
Transpluto,-47,156.54182808303798,9.789787470522375,engine
Uranus,-47,63.04141779726702,20.969625841104023,engine
Vega,-47,279.23546588156586,38.790721624564284,engine
Venus,-47,212.09092909910987,-21.023012900174596,engine
Vertex,-47,139.6541262109569,15.676246867461444,engine
Vesta,-47,23.179697050613157,-3.117754874350711,engine
Aldebaran,-46,68.98418124896341,16.508829784384105,engine
Algol,-46,47.04836963137278,40.955660555196495,engine
Algorab,-46,187.45909157441093,-16.51409398756067,engine
Alkaid,-46,206.87583570939543,49.31509913804066,engine
Alphecca,-46,233.6681329822849,26.71728833714645,engine
Altair,-46,297.70060670642863,8.874112876999003,engine
Antares,-46,247.3479316106307,-26.4319738715893,engine
Arcturus,-46,213.90134121522604,19.170009780229883,engine
Ascendant,-46,274.1773162571207,-23.38025285714356,engine
Bellatrix,-46,81.28516331625012,6.35123980869873,engine
Betelgeuse,-46,88.794979554404,7.408655615467413,engine
Capella,-46,79.17691271861922,45.99306215754227,engine
Castor,-46,113.64732815696384,31.886281655252713,engine
Ceres,-46,109.78260845473773,23.372900424758544,engine
Chiron,-46,26.605197993511233,11.159805448707203,engine
Deneb Algedi,-46,326.76551853875003,-16.128577935078145,engine
Eris,-46,27.088985837935248,-0.07955257601201665,tno-rate
Fomalhaut,-46,344.4204308966063,-29.62307685019812,engine
Gonggong,-46,337.3127764472768,-10.272650105863788,tno-rate
Haumea,-46,220.16663417009866,13.567758554472512,tno-rate
Juno,-46,297.6163051812366,-13.130914849589262,engine
Jupiter,-46,143.45432318621582,15.13087887799042,engine
Ketu,-46,150.67904057696217,11.984911922054332,engine
Makemake,-46,201.72908682003842,19.739388887627765,tno-rate
Mars,-46,129.49038853379673,19.718951637290406,engine
Mercury,-46,218.49467197781706,-17.997562410905527,engine
Midheaven,-46,217.10099896804857,-14.653628118700341,engine
Moon,-46,192.63148452308906,-10.405671231204732,engine
Neptune,-46,2.6068289792057753,-0.4181564915105957,engine
Orcus,-46,161.29033068853073,-13.604039224408,tno-rate
Pallas,-46,19.85225377104736,-15.065994394052645,engine
Part_of_Fortune,-46,271.25407357056383,-27.15349116884008,engine
Part_of_Spirit,-46,277.1005589436776,-19.60701454544704,engine
Pleiades,-46,56.87583943732404,24.105471333410616,engine
Pluto,-46,306.04765916337004,-23.72508312347967,engine
Polaris,-46,38.36430894049402,89.26233840977407,engine
Procyon,-46,114.81971904736305,5.218944474347418,engine
Quaoar,-46,280.5847488099503,-15.096864095915144,tno-rate
Rahu,-46,330.67904057696217,-11.984911922054332,engine
Regulus,-46,152.0874388609083,11.968571270463585,engine
Rigel,-46,78.6371593696476,-8.198857722323599,engine
Saturn,-46,10.671490540578972,1.6404428606616253,engine
Sedna,-46,62.29340501115864,8.846302559054497,tno-rate
Sirius,-46,101.2837711068482,-16.72166906738943,engine
Spica,-46,201.29262211701203,-11.15947323789085,engine
Sun,-46,195.55472720964593,-6.6324329195082115,engine
Transpluto,-46,156.5418335455495,9.78978536491615,engine
Uranus,-46,63.04140054882356,20.969622753571294,engine
Vega,-46,279.2354660704883,38.790721683912494,engine
Venus,-46,212.0907046401801,-21.022952001988724,engine
Vertex,-46,139.85149552761186,15.615695608016209,engine
Vesta,-46,23.17953671583888,-3.117818535152279,engine
Aldebaran,-45,68.98418117282223,16.508829729042844,engine
Algol,-45,47.04836962369174,40.955660430122585,engine
Algorab,-45,187.4590914583069,-16.514094036029384,engine
Alkaid,-45,206.87583562184136,49.31509926288949,engine
Alphecca,-45,233.66813301220702,26.717288410091104,engine
Altair,-45,297.70060688149727,8.874112876958804,engine
Antares,-45,247.347931686832,-26.431973953896,engine
Arcturus,-45,213.90134117712256,19.17000982947511,engine
Ascendant,-45,274.44217355728233,-23.372984652868382,engine
Bellatrix,-45,81.28516320897174,6.351239784091041,engine
Betelgeuse,-45,88.79497942853226,7.408655590171881,engine
Capella,-45,79.17691257293599,45.9930620434137,engine
Castor,-45,113.64732795847668,31.886281612819825,engine
Ceres,-45,109.78278890237543,23.37291281045105,engine
Chiron,-45,26.60516864533174,11.159793361879517,engine
Deneb Algedi,-45,326.7655187235535,-16.12857793332811,engine
Eris,-45,27.08897953434538,-0.07955486722469972,tno-rate
Fomalhaut,-45,344.4204310784263,-29.623076813983346,engine
Gonggong,-45,337.3127711530194,-10.272651762688286,tno-rate
Haumea,-45,220.16664756437234,13.567751655156465,tno-rate
Juno,-45,297.61642136263634,-13.1309624323894,engine
Jupiter,-45,143.4544352751759,15.130844014444207,engine
Ketu,-45,150.67895843184175,11.984941629502453,engine
Makemake,-45,201.72910067881685,19.739382915090882,tno-rate
Mars,-45,129.49079263194312,19.718863653817678,engine
Mercury,-45,218.49538008495006,-17.997847742125042,engine
Midheaven,-45,217.35141020388556,-14.7344997041633,engine
Moon,-45,192.6373896968308,-10.409517631787407,engine
Neptune,-45,2.606812287234485,-0.4181637855253281,engine
Orcus,-45,161.29034329965413,-13.604047016033919,tno-rate
Pallas,-45,19.852122200648154,-15.066171047485666,engine
Part_of_Fortune,-45,271.52420397413664,-27.149806566959107,engine
Part_of_Spirit,-45,277.360143140428,-19.596162738777657,engine
Pleiades,-45,56.875839397294754,24.10547125320712,engine
Pluto,-45,306.04765733347705,-23.725083203627836,engine
Polaris,-45,38.364310626290326,89.26233822980215,engine
Procyon,-45,114.8197188765874,5.218944459370591,engine
Quaoar,-45,280.58475276033033,-15.096866051668707,tno-rate
Rahu,-45,330.67895843184175,-11.984941629502453,engine
Regulus,-45,152.0874386836471,11.968571273052127,engine
Rigel,-45,78.63715926889638,-8.198857709103882,engine
Saturn,-45,10.6714414809281,1.6404219059843568,engine
Sedna,-45,62.29340086722758,8.846300505042537,tno-rate
Sirius,-45,101.28377094947788,-16.721669047777215,engine
Spica,-45,201.2926220430797,-11.15947327963979,engine
Sun,-45,195.55535927997653,-6.6326957176966825,engine
Transpluto,-45,156.54183900800442,9.78978325933278,engine
Uranus,-45,63.041383301776364,20.969619666316156,engine
Vega,-45,279.23546625877356,38.79072174384919,engine
Venus,-45,212.09048017229262,-21.022891057564692,engine
Vertex,-45,140.0487527366641,15.554966767192802,engine
Vesta,-45,23.179376376505036,-3.1178821961185488,engine
Aldebaran,-44,68.98418109762378,16.508829673544913,engine
Algol,-44,47.04836961739581,40.95566030493302,engine
Algorab,-44,187.4590913412437,-16.514094084346272,engine
Alkaid,-44,206.87583553268692,49.31509938759236,engine
Alphecca,-44,233.66813304098878,26.717288483170687,engine
Altair,-44,297.70060705638514,8.87411287708127,engine
Antares,-44,247.34793176200662,-26.431974036437385,engine
Arcturus,-44,213.90134113789773,19.17000987870041,engine
Ascendant,-44,274.7078706079905,-23.365244574324727,engine
Bellatrix,-44,81.2851631024627,6.35123975940331,engine
Betelgeuse,-44,88.79497930332802,7.408655564770756,engine
Capella,-44,79.17691242839156,45.99306192877751,engine
Castor,-44,113.6473277602864,31.88628156984361,engine
Ceres,-44,109.782969360561,23.372925197482008,engine
Chiron,-44,26.605139297793393,11.159781275373943,engine
Deneb Algedi,-44,326.7655189087234,-16.128577931854895,engine
Eris,-44,27.088973230755514,-0.07955715843738279,tno-rate
Fomalhaut,-44,344.4204312609814,-29.623076778186146,engine
Gonggong,-44,337.3127658587621,-10.272653419512782,tno-rate
Haumea,-44,220.16666095864605,13.567744755840419,tno-rate
Juno,-44,297.61653753339465,-13.131010013982918,engine
Jupiter,-44,143.45454736796623,15.130809150509931,engine
Ketu,-44,150.67887627213122,11.984971342196584,engine
Makemake,-44,201.72911453759525,19.739376942554003,tno-rate
Mars,-44,129.49119674779158,19.718775669287083,engine
Mercury,-44,218.49608817471773,-17.998133054039094,engine
Midheaven,-44,217.60182076289365,-14.8150420758692,engine
Moon,-44,192.64329953403717,-10.413361858003112,engine
Neptune,-44,2.6067955956288205,-0.4181710795093614,engine
Orcus,-44,161.29035591077752,-13.604054807659836,tno-rate
Pallas,-44,19.85199062578745,-15.066347703283112,engine
Part_of_Fortune,-44,271.79517878090303,-27.14564792040268,engine
Part_of_Spirit,-44,277.620562435078,-19.584841228246773,engine
Pleiades,-44,56.87583935836139,24.10547117286027,engine
Pluto,-44,306.0476555028933,-23.725083284134897,engine
Polaris,-44,38.364312394494206,89.26233804981221,engine
Procyon,-44,114.81971870604369,5.218944444300913,engine
Quaoar,-44,280.58475671071034,-15.096868007422268,tno-rate
Rahu,-44,330.6788762721312,-11.984971342196584,engine
Regulus,-44,152.0874385059327,11.96857127544208,engine
Rigel,-44,78.63715916895123,-8.198857695783055,engine
Saturn,-44,10.671392420768708,1.6404009515078255,engine
Sedna,-44,62.29339672329653,8.846298451030579,tno-rate
Sirius,-44,101.28377079259515,-16.72166902788954,engine
Spica,-44,201.29262196810825,-11.159473321330761,engine
Sun,-44,195.55599136112468,-6.63295851192516,engine
Transpluto,-44,156.54184447040276,9.789781153772356,engine
Uranus,-44,63.04136605610945,20.96961657933902,engine
Vega,-44,279.23546644641647,38.79072180437304,engine
Venus,-44,212.09025569590037,-21.022830066914363,engine
Vertex,-44,140.2458985493988,15.494060998396481,engine
Vesta,-44,23.179216032703184,-3.1179458571729533,engine
Aldebaran,-43,68.98418102337052,16.508829617891433,engine
Algol,-43,47.04836961248601,40.95566017963078,engine
Algorab,-43,187.4590912232238,-16.514094132510188,engine
Alkaid,-43,206.87583544193342,49.31509951214583,engine
Alphecca,-43,233.66813306862872,26.71728855638316,engine
Altair,-43,297.7006072310875,8.874112877366285,engine
Antares,-43,247.34793183615196,-26.43197411921164,engine
Arcturus,-43,213.90134109755186,19.17000992790425,engine
Ascendant,-43,274.9744146443923,-23.357028139443845,engine
Bellatrix,-43,81.28516299672629,6.351239734635923,engine
Betelgeuse,-43,88.79497917879492,7.408655539264432,engine
Capella,-43,79.1769122849904,45.99306181363619,engine
Castor,-43,113.64732756239832,31.886281526324698,engine
Ceres,-43,109.78314982940138,23.372937585876706,engine
Chiron,-43,26.605109950892817,11.159769189192302,engine
Deneb Algedi,-43,326.7655190942551,-16.128577930658885,engine
Eris,-43,27.088966927165647,-0.07955944965006585,tno-rate
Fomalhaut,-43,344.42043144426736,-29.623076742807886,engine
Gonggong,-43,337.31276056450474,-10.27265507633728,tno-rate
Haumea,-43,220.16667435291973,13.56773785652437,tno-rate
Juno,-43,297.61665369351715,-13.1310575943569,engine
Jupiter,-43,143.45465946466337,15.130774286172642,engine
Ketu,-43,150.67879409788878,11.985001060115671,engine
Makemake,-43,201.72912839637368,19.739370970017124,tno-rate
Mars,-43,129.49160088152357,19.71868768368547,engine
Mercury,-43,218.49679624724737,-17.998418346644662,engine
Midheaven,-43,217.85223066601264,-14.895254053156663,engine
Moon,-43,192.64921391558812,-10.417203844242657,engine
Neptune,-43,2.6067789043771112,-0.418178373464911,engine
Orcus,-43,161.29036852190094,-13.604062599285752,tno-rate
Pallas,-43,19.851859046395536,-15.06652436144084,engine
Part_of_Fortune,-43,272.0670051067698,-27.141010681488087,engine
Part_of_Spirit,-43,277.88182418201484,-19.573045597399602,engine
Pleiades,-43,56.875839320525586,24.105471092371914,engine
Pluto,-43,306.0476536716139,-23.725083364999342,engine
Polaris,-43,38.36431424511101,89.26233786980889,engine
Procyon,-43,114.81971853573641,5.218944429138492,engine
Quaoar,-43,280.58476066109034,-15.09686996317583,tno-rate
Rahu,-43,330.6787940978888,-11.985001060115671,engine
Regulus,-43,152.0874383277694,11.968571277633052,engine
Rigel,-43,78.63715906981521,-8.198857682361602,engine
Saturn,-43,10.6713433600852,1.640379997231939,engine
Sedna,-43,62.293392579365474,8.84629639701862,tno-rate
Sirius,-43,101.28377063620432,-16.72166900772698,engine
Spica,-43,201.29262189209908,-11.159473362962906,engine
Sun,-43,195.55662345321065,-6.633221302198414,engine
Transpluto,-43,156.54184993274453,9.789779048234827,engine
Uranus,-43,63.04134881182995,20.969613492644598,engine
Vega,-43,279.2354666334117,38.79072186548264,engine
Venus,-43,212.09003121145633,-21.0227690300502,engine
Vertex,-43,140.442933674907,15.432978955870066,engine
Vesta,-43,23.17905568434858,-3.118009518314693,engine
Aldebaran,-42,68.98418095006501,16.508829562083566,engine
Algol,-42,47.04836960896334,40.9556600542189,engine
Algorab,-42,187.4590911042497,-16.51409418051998,engine
Alkaid,-42,206.87583534958213,49.31509963654643,engine
Alphecca,-42,233.66813309512548,26.717288629726564,engine
Altair,-42,297.7006074055999,8.874112877813744,engine
Antares,-42,247.34793190926544,-26.431974202216967,engine
Arcturus,-42,213.9013410560853,19.170009977085122,engine
Ascendant,-42,275.2418129630175,-23.34833080222468,engine
Bellatrix,-42,81.2851628917657,6.351239709789263,engine
Betelgeuse,-42,88.79497905493666,7.408655513653276,engine
Capella,-42,79.17691214273694,45.99306169799227,engine
Castor,-42,113.64732736481773,31.886281482263673,engine
Ceres,-42,109.78333030864644,23.372949975644104,engine
Chiron,-42,26.60508060461183,11.159757103332792,engine
Deneb Algedi,-42,326.76551928014413,-16.12857792974052,engine
Eris,-42,27.08896062357578,-0.07956174086274893,tno-rate
Fomalhaut,-42,344.4204316282798,-29.623076707849933,engine
Gonggong,-42,337.31275527024735,-10.272656733161776,tno-rate
Haumea,-42,220.16668774719344,13.567730957208324,tno-rate
Juno,-42,297.6167698430094,-13.131105173498451,engine
Jupiter,-42,143.45477156521244,15.130739421457632,engine
Ketu,-42,150.67871190911757,11.985030783258553,engine
Makemake,-42,201.7291422551521,19.73936499748024,tno-rate
Mars,-42,129.4920050327996,19.718599697119146,engine
Mercury,-42,218.49750430266644,-17.998703619938922,engine
Midheaven,-42,218.10263993330193,-14.975134469047724,engine
Moon,-42,192.65513320715124,-10.421043727037052,engine
Neptune,-42,2.60676221347577,-0.41818566739087704,engine
Orcus,-42,161.29038113302434,-13.604070390911671,tno-rate
Pallas,-42,19.85172746240284,-15.066701021954644,engine
Part_of_Fortune,-42,272.33969061381424,-27.1358904407405,engine
Part_of_Spirit,-42,278.1439353122207,-19.56077116370886,engine
Pleiades,-42,56.87583928378904,24.105471011743806,engine
Pluto,-42,306.04765183963383,-23.72508344621968,engine
Polaris,-42,38.36431617814454,89.26233768979684,engine
Procyon,-42,114.81971836567017,5.218944413883425,engine
Quaoar,-42,280.58476461147035,-15.096871918929391,tno-rate
Rahu,-42,330.67871190911757,-11.985030783258553,engine
Regulus,-42,152.08743814916156,11.968571279624653,engine
Rigel,-42,78.63715897149142,-8.198857668840022,engine
Saturn,-42,10.671294298845595,1.6403590431498367,engine
Sedna,-42,62.29338843543442,8.84629434300666,tno-rate
Sirius,-42,101.28377048030978,-16.72166898729012,engine
Spica,-42,201.29262181505348,-11.159473404535335,engine
Sun,-42,195.55725555635445,-6.633484088521232,engine
Transpluto,-42,156.54185539502964,9.789776942720227,engine
Uranus,-42,63.04133156892184,20.96961040623328,engine
Vega,-42,279.23546681975404,38.79072192717663,engine
Venus,-42,212.08980671941316,-21.022707946985392,engine
Vertex,-42,140.63985881864207,15.371721295174993,engine
Vesta,-42,23.178895331356415,-3.118073179542976,engine
Aldebaran,-41,68.98418087770972,16.508829506122446,engine
Algol,-41,47.048369606828764,40.95565992870039,engine
Algorab,-41,187.45909098432378,-16.514094228374507,engine
Alkaid,-41,206.8758352556345,49.315099760790716,engine
Alphecca,-41,233.66813312047768,26.71728870319887,engine
Altair,-41,297.7006075799175,8.874112878423517,engine
Antares,-41,247.34793198134454,-26.431974285451542,engine
Arcturus,-41,213.90134101349838,19.17001002624152,engine
Ascendant,-41,275.51007292601935,-23.339147951716498,engine
Bellatrix,-41,81.28516278758411,6.351239684863712,engine
Betelgeuse,-41,88.7949789317568,7.408655487937696,engine
Capella,-41,79.17691200163557,45.99306158184824,engine
Castor,-41,113.64732716754993,31.886281437661133,engine
Ceres,-41,109.7835107984026,23.372962366809425,engine
Chiron,-41,26.605051258952003,11.159745017798418,engine
Deneb Algedi,-41,326.7655194663859,-16.1285779291002,engine
Eris,-41,27.088954319985916,-0.079564032075432,tno-rate
Fomalhaut,-41,344.4204318130145,-29.623076673313644,engine
Gonggong,-41,337.31274997599,-10.272658389986274,tno-rate
Haumea,-41,220.16670114146712,13.567724057892278,tno-rate
Juno,-41,297.61688598187754,-13.1311527513947,engine
Jupiter,-41,143.454883669657,15.130704556360037,engine
Ketu,-41,150.6786297058207,11.985060511624061,engine
Makemake,-41,201.72915611393054,19.73935902494336,tno-rate
Mars,-41,129.49240920180063,19.718511709574965,engine
Mercury,-41,218.49821234110246,-17.998988873919224,engine
Midheaven,-41,218.3530485876603,-15.054682171366464,engine
Moon,-41,192.6610572894091,-10.424881440848273,engine
Neptune,-41,2.606745522921204,-0.4181929612861605,engine
Orcus,-41,161.29039374414776,-13.604078182537588,tno-rate
Pallas,-41,19.85159587373972,-15.066877684820234,engine
Part_of_Fortune,-41,272.6132425447524,-27.130282521666206,engine
Part_of_Spirit,-41,278.4069033072863,-19.54801338176679,engine
Pleiades,-41,56.8758392481534,24.105470930977788,engine
Pluto,-41,306.0476500069482,-23.725083527794375,engine
Polaris,-41,38.364318193597065,89.26233750978072,engine
Procyon,-41,114.81971819584952,5.218944398535829,engine
Quaoar,-41,280.58476856185035,-15.096873874682954,tno-rate
Rahu,-41,330.6786297058207,-11.985060511624061,engine
Regulus,-41,152.08743797011346,11.9685712814165,engine
Rigel,-41,78.6371588739829,-8.1988576552188,engine
Saturn,-41,10.671245237067133,1.6403380892749737,engine
Sedna,-41,62.293384291503365,8.8462922889947,tno-rate
Sirius,-41,101.28377032491584,-16.721668966579575,engine
Spica,-41,201.29262173697282,-11.159473446047187,engine
Sun,-41,195.55788767067605,-6.633746870898565,engine
Transpluto,-41,156.54186085725811,9.789774837228508,engine
Uranus,-41,63.04131432739218,20.96960732010974,engine
Vega,-41,279.2354670054383,38.7907219894536,engine
Venus,-41,212.08958222022358,-21.02264681773378,engine
Vertex,-41,140.83667468536564,15.310288672308157,engine
Vesta,-41,23.17873497381858,-3.1181368407812067,engine
Aldebaran,-40,68.98418080630714,16.508829450009213,engine
Algol,-40,47.04836960608319,40.95565980307826,engine
Algorab,-40,187.45909086344858,-16.51409427607263,engine
Alkaid,-40,206.87583516009192,49.315099884875224,engine
Alphecca,-40,233.6681331446838,26.717288776798092,engine
Altair,-40,297.70060775403584,8.874112879195488,engine
Antares,-40,247.34793205238668,-26.431974368913554,engine
Arcturus,-40,213.90134096979148,19.170010075371927,engine
Ascendant,-40,275.77920195546454,-23.32947491131869,engine
Bellatrix,-40,81.28516268418474,6.351239659859656,engine
Betelgeuse,-40,88.79497880925899,7.408655462118068,engine
Capella,-40,79.17691186169068,45.993061465206665,engine
Castor,-40,113.64732697060023,31.886281392517752,engine
Ceres,-40,109.78369129865716,23.372974759392402,engine
Chiron,-40,26.6050219138951,11.15973293258736,engine
Deneb Algedi,-40,326.76551965297574,-16.128577928738316,engine
Eris,-40,27.08894801639605,-0.07956632328811507,tno-rate
Fomalhaut,-40,344.42043199846717,-29.623076639200352,engine
Gonggong,-40,337.3127446817327,-10.27266004681077,tno-rate
Haumea,-40,220.16671453574082,13.567717158576231,tno-rate
Juno,-40,297.6170021101277,-13.131200328032751,engine
Jupiter,-40,143.4549957780405,15.130669690874972,engine
Ketu,-40,150.67854748805667,11.985090245191053,engine
Makemake,-40,201.72916997270895,19.73935305240648,tno-rate
Mars,-40,129.49281338870694,19.718423721039837,engine
Mercury,-40,218.4989203626828,-17.99927410858306,engine
Midheaven,-40,218.60345664924222,-15.133896020889479,engine
Moon,-40,192.66698620458448,-10.42871698754271,engine
Neptune,-40,2.6067288327017257,-0.41820025515297826,engine
Orcus,-40,161.29040635527116,-13.604085974163505,tno-rate
Pallas,-40,19.851464280336767,-15.067054350033287,engine
Part_of_Fortune,-40,272.88766836375396,-27.124182249526086,engine
Part_of_Spirit,-40,278.6707355471751,-19.534767573111296,engine
Pleiades,-40,56.87583921362027,24.105470850075655,engine
Pluto,-40,306.04764817354965,-23.725083609721775,engine
Polaris,-40,38.36432029146916,89.26233732976516,engine
Procyon,-40,114.8197180262789,5.218944383095802,engine
Quaoar,-40,280.58477251223036,-15.096875830436517,tno-rate
Rahu,-40,330.67854748805667,-11.985090245191053,engine
Regulus,-40,152.08743779062945,11.968571283008226,engine
Rigel,-40,78.6371587772927,-8.198857641498435,engine
Saturn,-40,10.671196174717862,1.64031713560049,engine
Sedna,-40,62.293380147572314,8.84629023498274,tno-rate
Sirius,-40,101.28377017002684,-16.721668945595923,engine
Spica,-40,201.29262165785852,-11.159473487497591,engine
Sun,-40,195.5585197962951,-6.634009649335316,engine
Transpluto,-40,156.54186631943008,9.789772731759683,engine
Uranus,-40,63.041297087224905,20.96960423427438,engine
Vega,-40,279.2354671904592,38.79072205231217,engine
Venus,-40,212.0893577143399,-21.022585642309917,engine
Vertex,-40,141.03338197477902,15.248681745095228,engine
Vesta,-40,23.178574611297115,-3.118200502180178,engine
Aldebaran,-39,68.98418073585967,16.50882939374497,engine
Algol,-39,47.048369606727576,40.95565967735547,engine
Algorab,-39,187.45909074162645,-16.514094323613225,engine
Alkaid,-39,206.87583506295573,49.315100008796584,engine
Alphecca,-39,233.66813316774255,26.717288850522266,engine
Altair,-39,297.7006079279504,8.87411288012953,engine
Antares,-39,247.34793212238947,-26.431974452601228,engine
Arcturus,-39,213.90134092496496,19.170010124474874,engine
Ascendant,-39,276.04920771839664,-23.319306930785473,engine
Bellatrix,-39,81.2851625815707,6.351239634777462,engine
Betelgeuse,-39,88.79497868744677,7.408655436194777,engine
Capella,-39,79.17691172290651,45.993061348070015,engine
Castor,-39,113.64732677397379,31.88628134683409,engine
Ceres,-39,109.78387180963719,23.372987153426536,engine
Chiron,-39,26.604992569418048,11.159720847693311,engine
Deneb Algedi,-39,326.76551983990925,-16.12857792865526,engine
Eris,-39,27.088941712801955,-0.07956861450233452,tno-rate
Fomalhaut,-39,344.4204321846335,-29.623076605511393,engine
Gonggong,-39,337.31273938747177,-10.272661703636379,tno-rate
Haumea,-39,220.16672793002348,13.567710259255557,tno-rate
Juno,-39,297.61711822773793,-13.131247903433318,engine
Jupiter,-39,143.45510789038298,15.130634825004407,engine
Ketu,-39,150.678465255663,11.98511998401824,engine
Makemake,-39,201.72918383149667,19.739347079865592,tno-rate
Mars,-39,129.49321759344897,19.718335731561083,engine
Mercury,-39,218.49962836800992,-17.999559324119343,engine
Midheaven,-39,218.8538643066301,-15.212774945100138,engine
Moon,-39,192.6729199988201,-10.43255037160921,engine
Neptune,-39,2.606712142802539,-0.41820754899512097,engine
Orcus,-39,161.29041896640302,-13.604093765794648,tno-rate
Pallas,-39,19.85133268218421,-15.067231017734496,engine
Part_of_Fortune,-39,273.1629757834618,-27.117584878381958,engine
Part_of_Spirit,-39,278.9354396533315,-19.521028983188987,engine
Pleiades,-39,56.87583918019122,24.105470769039158,engine
Pluto,-39,306.04764633943694,-23.72508369200065,engine
Polaris,-39,38.364322471761426,89.26233714975469,engine
Procyon,-39,114.81971785696287,5.218944367563444,engine
Quaoar,-39,280.584776462613,-15.09687778619139,tno-rate
Rahu,-39,330.678465255663,-11.98511998401824,engine
Regulus,-39,152.08743761071378,11.968571284399436,engine
Rigel,-39,78.63715868142377,-8.198857627679416,engine
Saturn,-39,10.671147111749333,1.6402961821122328,engine
Sedna,-39,62.29337600363848,8.846288180969404,tno-rate
Sirius,-39,101.28377001564697,-16.72166892433975,engine
Spica,-39,201.29262157771186,-11.159473528885705,engine
Sun,-39,195.559151933755,-6.634272424012725,engine
Transpluto,-39,156.54187178154896,9.789770626312347,engine
Uranus,-39,63.04127984841545,20.96960114872979,engine
Vega,-39,279.23546737481166,38.79072211575093,engine
Venus,-39,212.089133202064,-21.022524420687873,engine
Vertex,-39,141.22998151590454,15.18690113093606,engine
Vesta,-39,23.178414243776547,-3.118264163705916,engine
Aldebaran,-38,68.98418066636984,16.508829337330948,engine
Algol,-38,47.04836960876279,40.95565955153516,engine
Algorab,-38,187.45909061886016,-16.514094370995096,engine
Alkaid,-38,206.87583496422755,49.31510013255122,engine
Alphecca,-38,233.66813318965265,26.717288924369278,engine
Altair,-38,297.7006081016563,8.87411288122552,engine
Antares,-38,247.34793219135037,-26.43197453651266,engine
Arcturus,-38,213.9013408790193,19.170010173548757,engine
Ascendant,-38,276.32009740325105,-23.30863921287699,engine
Bellatrix,-38,81.28516247974528,6.351239609617554,engine
Betelgeuse,-38,88.79497856632386,7.40865541016824,engine
Capella,-38,79.17691158528763,45.99306123044095,engine
Castor,-38,113.64732657767614,31.886281300610904,engine
Ceres,-38,109.7840523308495,23.372999548904126,engine
Chiron,-38,26.604963225556784,11.159708763134248,engine
Deneb Algedi,-38,326.7655200271816,-16.128577928851442,engine
Eris,-38,27.08893540921209,-0.07957090571501758,tno-rate
Fomalhaut,-38,344.42043237150904,-29.623076572248134,engine
Gonggong,-38,337.3127340932144,-10.272663360460875,tno-rate
Haumea,-38,220.1667413242972,13.567703359939511,tno-rate
Juno,-38,297.6172343347721,-13.131295477516348,engine
Jupiter,-38,143.45522000661023,15.130599958780193,engine
Ketu,-38,150.67838300880845,11.98514972804464,engine
Makemake,-38,201.7291976902751,19.739341107328713,tno-rate
Mars,-38,129.49362181583797,19.71824774120378,engine
Mercury,-38,218.5003363562617,-17.99984452014339,engine
Midheaven,-38,219.10427124609177,-15.291317727051869,engine
Moon,-38,192.67885870612199,-10.436381589834056,engine
Neptune,-38,2.6066954532424265,-0.4182148428017038,engine
Orcus,-38,161.29043157752645,-13.604101557420565,tno-rate
Pallas,-38,19.85120107909347,-15.067407687629045,engine
Part_of_Fortune,-38,273.4391720270458,-27.110485608127625,engine
Part_of_Spirit,-38,279.2010227794563,-19.506792817626355,engine
Pleiades,-38,56.87583914786793,24.10547068787022,engine
Pluto,-38,306.04764450460516,-23.725083774629226,engine
Polaris,-38,38.3643247344684,89.26233696975419,engine
Procyon,-38,114.81971768790608,5.218944351938894,engine
Quaoar,-38,280.584780412993,-15.096879741944951,tno-rate
Rahu,-38,330.67838300880845,-11.98514972804464,engine
Regulus,-38,152.08743743037107,11.96857128558977,engine
Rigel,-38,78.63715858637926,-8.198857613762259,engine
Saturn,-38,10.671098048211775,1.6402752288381874,engine
Sedna,-38,62.29337185970743,8.846286126957445,tno-rate
Sirius,-38,101.28376986178074,-16.7216689028117,engine
Spica,-38,201.29262149653442,-11.159473570210606,engine
Sun,-38,195.55978408232724,-6.634535194583422,engine
Transpluto,-38,156.54187724360762,9.789768520889385,engine
Uranus,-38,63.04126261097074,20.96959806348049,engine
Vega,-38,279.23546755849037,38.79072217976842,engine
Venus,-38,212.08890868414855,-21.022463152965553,engine
Vertex,-38,141.4264737405652,15.124947572431456,engine
Vesta,-38,23.17825387138751,-3.1183278252721665,engine
Aldebaran,-37,68.98418059784005,16.508829280768275,engine
Algol,-37,47.048369612189695,40.95565942562034,engine
Algorab,-37,187.45909049515208,-16.514094418217148,engine
Alkaid,-37,206.87583486390884,49.315100256135764,engine
Alphecca,-37,233.66813321041266,26.717288998337164,engine
Altair,-37,297.70060827514897,8.874112882483317,engine
Antares,-37,247.3479322592669,-26.431974620646045,engine
Arcturus,-37,213.9013408319549,19.170010222592133,engine
Ascendant,-37,276.59187880341085,-23.29746687165052,engine
Bellatrix,-37,81.28516237871155,6.351239584380306,engine
Betelgeuse,-37,88.79497844589378,7.4086553840388465,engine
Capella,-37,79.17691144883821,45.99306111232201,engine
Castor,-37,113.64732638171243,31.886281253848775,engine
Ceres,-37,109.78423286252058,23.373011945858583,engine
Chiron,-37,26.604933882273343,11.159696678900236,engine
Deneb Algedi,-37,326.7655202147883,-16.12857792932724,engine
Eris,-37,27.088929105622224,-0.07957319692770065,tno-rate
Fomalhaut,-37,344.4204325590894,-29.623076539411887,engine
Gonggong,-37,337.31272879895704,-10.272665017285373,tno-rate
Haumea,-37,220.16675471857087,13.567696460623464,tno-rate
Juno,-37,297.61735043120865,-13.131343050302593,engine
Jupiter,-37,143.455332126742,15.13056509220431,engine
Ketu,-37,150.67830074744091,11.985179477289005,engine
Makemake,-37,201.72921154905353,19.73933513479183,tno-rate
Mars,-37,129.49402605580366,19.718159750015285,engine
Mercury,-37,218.50104432804056,-18.00012969684451,engine
Midheaven,-37,219.3546776562953,-15.369523321784946,engine
Moon,-37,192.68480221086077,-10.440210579460835,engine
Neptune,-37,2.6066787639984823,-0.418222136579839,engine
Orcus,-37,161.29044418864984,-13.604109349046482,tno-rate
Pallas,-37,19.85106947105488,-15.067584359857495,engine
Part_of_Fortune,-37,273.71626477171674,-27.102879489882554,engine
Part_of_Spirit,-37,279.46749283510496,-19.492054253418488,engine
Pleiades,-37,56.8758391166519,24.1054706065706,engine
Pluto,-37,306.0476426690483,-23.725083857605988,engine
Polaris,-37,38.36432707958744,89.2623367897682,engine
Procyon,-37,114.81971751911297,5.218944336222248,engine
Quaoar,-37,280.584784363373,-15.096881697698514,tno-rate
Rahu,-37,330.6783007474409,-11.985179477289005,engine
Regulus,-37,152.0874372496055,11.96857128657885,engine
Rigel,-37,78.6371584921621,-8.198857599747457,engine
Saturn,-37,10.671048984040372,1.6402542757574357,engine
Sedna,-37,62.29336771577637,8.846284072945485,tno-rate
Sirius,-37,101.28376970843236,-16.72166888101237,engine
Spica,-37,201.29262141432758,-11.159473611471457,engine
Sun,-37,195.56041624255488,-6.634797961228802,engine
Transpluto,-37,156.54188270560965,9.789766415489286,engine
Uranus,-37,63.041245374886216,20.969594978529045,engine
Vega,-37,279.23546774149014,38.790722244363195,engine
Venus,-37,212.08868416089558,-21.02240183911856,engine
Vertex,-37,141.62285947222603,15.062821689524641,engine
Vesta,-37,23.178093494114687,-3.118391486844935,engine
Aldebaran,-36,68.98418053027265,16.508829224058086,engine
Algol,-36,47.048369617009136,40.95565929961396,engine
Algorab,-36,187.4590903705048,-16.514094465278248,engine
Alkaid,-36,206.87583476200106,49.315100379546784,engine
Alphecca,-36,233.66813323002137,26.717289072423917,engine
Altair,-36,297.7006084484239,8.8741128839028,engine
Antares,-36,247.34793232613657,-26.431974704999565,engine
Arcturus,-36,213.90134078377224,19.170010271603473,engine
Ascendant,-36,276.86455959474836,-23.285784958445344,engine
Bellatrix,-36,81.28516227847264,6.351239559066103,engine
Betelgeuse,-36,88.79497832616008,7.408655357806985,engine
Capella,-36,79.17691131356257,45.99306099371572,engine
Castor,-36,113.64732618608794,31.886281206548386,engine
Ceres,-36,109.78441340463684,23.373024344309602,engine
Chiron,-36,26.60490453956925,11.159684594994234,engine
Deneb Algedi,-36,326.76552040272463,-16.12857793008302,engine
Eris,-36,27.088922802032357,-0.07957548814038372,tno-rate
Fomalhaut,-36,344.4204327473704,-29.623076507003937,engine
Gonggong,-36,337.3127235046997,-10.27266667410987,tno-rate
Haumea,-36,220.16676811284458,13.567689561307416,tno-rate
Juno,-36,297.6174665170548,-13.131390621779165,engine
Jupiter,-36,143.45544425085438,15.130530225261866,engine
Ketu,-36,150.67821847156375,11.985209231750146,engine
Makemake,-36,201.72922540783193,19.73932916225495,tno-rate
Mars,-36,129.49443031352487,19.718071757982504,engine
Mercury,-36,218.5017522834741,-18.000414854220814,engine
Midheaven,-36,219.60508355756582,-15.447390644747339,engine
Moon,-36,192.69075087810242,-10.444037477206525,engine
Neptune,-36,2.6066620750670952,-0.41822943032842197,engine
Orcus,-36,161.29045679977327,-13.604117140672399,tno-rate
Pallas,-36,19.85093785799934,-15.067761034415188,engine
Part_of_Fortune,-36,273.994262058294,-27.094761711697828,engine
Part_of_Spirit,-36,279.7348571312027,-19.47680820519286,engine
Pleiades,-36,56.87583908654468,24.10547052514211,engine
Pluto,-36,306.04764083276143,-23.7250839409294,engine
Polaris,-36,38.36432950711285,89.26233660980134,engine
Procyon,-36,114.81971735058802,5.21894432041362,engine
Quaoar,-36,280.584788313753,-15.096883653452075,tno-rate
Rahu,-36,330.67821847156375,-11.985209231750146,engine
Regulus,-36,152.08743706842154,11.968571287366322,engine
Rigel,-36,78.63715839877527,-8.198857585635508,engine
Saturn,-36,10.670999919252443,1.6402333228834303,engine
Sedna,-36,62.29336357184532,8.846282018933525,tno-rate
Sirius,-36,101.28376955560611,-16.721668858942383,engine
Spica,-36,201.29262133109276,-11.159473652667396,engine
Sun,-36,195.5610484145568,-6.635060723954041,engine
Transpluto,-36,156.54188816755504,9.789764310112098,engine
Uranus,-36,63.04122814014558,20.969591893875833,engine
Vega,-36,279.23546792380586,38.79072230953383,engine
Venus,-36,212.08845963275627,-21.02234047916396,engine
Vertex,-36,141.81913939933204,15.000524144900114,engine
Vesta,-36,23.17793311152047,-3.118455148574914,engine
Aldebaran,-35,68.9841804636701,16.50882916720155,engine
Algol,-35,47.04836962322191,40.95565917351909,engine
Algorab,-35,187.4590902449209,-16.51409451217725,engine
Alkaid,-35,206.8758346585058,49.315100502780844,engine
Alphecca,-35,233.66813324847755,26.71728914662751,engine
Altair,-35,297.7006086214765,8.874112885483816,engine
Antares,-35,247.34793239195704,-26.43197478957139,engine
Arcturus,-35,213.90134073447177,19.170010320581262,engine
Ascendant,-35,277.1381475201289,-23.273588454143837,engine
Bellatrix,-35,81.28516217903167,6.351239533675347,engine
Betelgeuse,-35,88.79497820712632,7.408655331473063,engine
Capella,-35,79.17691117946497,45.99306087462467,engine
Castor,-35,113.6473259908079,31.88628115871042,engine
Ceres,-35,109.78459395730324,23.37303674428224,engine
Chiron,-35,26.60487519742622,11.159672511414408,engine
Deneb Algedi,-35,326.7655205909861,-16.128577931119164,engine
Eris,-35,27.08891649844249,-0.07957777935306679,tno-rate
Fomalhaut,-35,344.4204329363474,-29.62307647502562,engine
Gonggong,-35,337.3127182104423,-10.272668330934367,tno-rate
Haumea,-35,220.16678150711826,13.56768266199137,tno-rate
Juno,-35,297.6175825923181,-13.131438191933242,engine
Jupiter,-35,143.45555637889166,15.130495357978257,engine
Ketu,-35,150.67813618123535,11.98523899140694,engine
Makemake,-35,201.72923926661036,19.739323189718068,tno-rate
Mars,-35,129.49483458918033,19.717983765092363,engine
Mercury,-35,218.50246022268993,-18.00069999227066,engine
Midheaven,-35,219.8554889730583,-15.524918625736245,engine
Moon,-35,192.69670458792794,-10.447862217777327,engine
Neptune,-35,2.6066453864446473,-0.4182367240463514,engine
Orcus,-35,161.29046941089666,-13.604124932298317,tno-rate
Pallas,-35,19.850806239857793,-15.067937711297397,engine
Part_of_Fortune,-35,274.2731715096052,-27.08612718915678,engine
Part_of_Spirit,-35,280.00312353065254,-19.461049719130894,engine
Pleiades,-35,56.87583905754778,24.105470443586587,engine
Pluto,-35,306.04763899573976,-23.725084024597884,engine
Polaris,-35,38.36433201703741,89.26233642985828,engine
Procyon,-35,114.81971718233584,5.21894430451313,engine
Quaoar,-35,280.584792264133,-15.096885609205637,tno-rate
Rahu,-35,330.67813618123535,-11.98523899140694,engine
Regulus,-35,152.0874368868235,11.968571287951816,engine
Rigel,-35,78.6371583062217,-8.19885757142693,engine
Saturn,-35,10.670950853816096,1.64021237020929,engine
Sedna,-35,62.29335942791426,8.846279964921568,tno-rate
Sirius,-35,101.28376940330625,-16.721668836602355,engine
Spica,-35,201.29262124683152,-11.159473693797555,engine
Sun,-35,195.5616805984516,-6.635323482764384,engine
Transpluto,-35,156.54189362944388,9.789762204757817,engine
Uranus,-35,63.04121090675577,20.969588809525483,engine
Vega,-35,279.2354681054324,38.79072237527886,engine
Venus,-35,212.08823510018215,-21.022279073119634,engine
Vertex,-35,142.01531420975203,14.93805560182675,engine
Vesta,-35,23.177772723697284,-3.1185188103853845,engine
Aldebaran,-34,68.98418039803471,16.508829110199823,engine
Algol,-34,47.048369630828795,40.955659047338756,engine
Algorab,-34,187.45909011840294,-16.514094558913055,engine
Alkaid,-34,206.87583455342468,49.31510062583451,engine
Alphecca,-34,233.66813326577986,26.717289220945943,engine
Altair,-34,297.7006087943021,8.874112887226241,engine
Antares,-34,247.3479324567259,-26.431974874359664,engine
Arcturus,-34,213.90134068405405,19.170010369524,engine
Ascendant,-34,277.4126503834999,-23.26087226849577,engine
Bellatrix,-34,81.28516208039173,6.351239508208421,engine
Betelgeuse,-34,88.79497808879604,7.408655305037482,engine
Capella,-34,79.17691104654966,45.99306075505146,engine
Castor,-34,113.6473257958776,31.88628111033558,engine
Ceres,-34,109.7847745202678,23.37304914578534,engine
Chiron,-34,26.60484585584076,11.159660428162502,engine
Deneb Algedi,-34,326.7655207795681,-16.128577932436034,engine
Eris,-34,27.088910194852623,-0.07958007056574987,tno-rate
Fomalhaut,-34,344.4204331260163,-29.623076443478215,engine
Gonggong,-34,337.312712916185,-10.272669987758864,tno-rate
Haumea,-34,220.16679490139197,13.567675762675323,tno-rate
Juno,-34,297.61769865700643,-13.131485760751971,engine
Jupiter,-34,143.45566851089688,15.130460490348678,engine
Ketu,-34,150.67805387634832,11.985268756298163,engine
Makemake,-34,201.7292531253888,19.73931721718119,tno-rate
Mars,-34,129.4952388824275,19.717895771451232,engine
Mercury,-34,218.5031681458156,-18.000985110992534,engine
Midheaven,-34,220.10589392317328,-15.602106207086468,engine
Moon,-34,192.70266338199457,-10.451684803291075,engine
Neptune,-34,2.6066286981194158,-0.4182440177358458,engine
Orcus,-34,161.29048202202006,-13.604132723924234,tno-rate
Pallas,-34,19.850674616561296,-15.068114390499298,engine
Part_of_Fortune,-34,274.5530009711367,-27.076970834121678,engine
Part_of_Spirit,-34,280.2722997958631,-19.444773702869863,engine
Pleiades,-34,56.87583902966274,24.105470361905834,engine
Pluto,-34,306.04763715797856,-23.725084108609874,engine
Polaris,-34,38.36433460935227,89.26233624994366,engine
Procyon,-34,114.81971701436085,5.2189442885208965,engine
Quaoar,-34,280.584796214513,-15.0968875649592,tno-rate
Rahu,-34,330.6780538763483,-11.985268756298163,engine
Regulus,-34,152.0874367048158,11.968571288334982,engine
Rigel,-34,78.63715821450438,-8.198857557122217,engine
Saturn,-34,10.670901787715852,1.6401914177349077,engine
Sedna,-34,62.2933552839832,8.846277910909608,tno-rate
Sirius,-34,101.28376925153705,-16.72166881399291,engine
Spica,-34,201.2926211615453,-11.159473734861077,engine
Sun,-34,195.56231279435778,-6.6355862376651675,engine
Transpluto,-34,156.54189909127604,9.78976009942649,engine
Uranus,-34,63.04119367470046,20.96958572547836,engine
Vega,-34,279.23546828636455,38.79072244159681,engine
Venus,-34,212.08801056362415,-21.022217621004103,engine
Vertex,-34,142.21138458642187,14.87541672557239,engine
Vesta,-34,23.177612330560965,-3.1185824722753996,engine
Aldebaran,-33,68.98418033336883,16.50882905305407,engine
Algol,-33,47.04836963983053,40.95565892107596,engine
Algorab,-33,187.4590899909536,-16.514094605484523,engine
Alkaid,-33,206.87583444675928,49.31510074870437,engine
Alphecca,-33,233.6681332819271,26.717289295377174,engine
Altair,-33,297.7006089668962,8.87411288912992,engine
Antares,-33,247.34793252044074,-26.431974959362535,engine
Arcturus,-33,213.90134063251952,19.17001041843018,engine
Ascendant,-33,277.68807605409154,-23.247631239004154,engine
Bellatrix,-33,81.28516198255592,6.351239482665727,engine
Betelgeuse,-33,88.79497797117274,7.40865527850064,engine
Capella,-33,79.17691091482087,45.99306063499867,engine
Castor,-33,113.64732560130228,31.88628106142454,engine
Ceres,-33,109.78495509363508,23.373061548843932,engine
Chiron,-33,26.60481651480941,11.159648345240251,engine
Deneb Algedi,-33,326.76552096846586,-16.128577934034023,engine
Eris,-33,27.08890389126276,-0.07958236177843293,tno-rate
Fomalhaut,-33,344.42043331637245,-29.62307641236302,engine
Gonggong,-33,337.31270762192764,-10.272671644583362,tno-rate
Haumea,-33,220.16680829566565,13.567668863359277,tno-rate
Juno,-33,297.6178147111277,-13.131533328222533,engine
Jupiter,-33,143.4557806469129,15.130425622368334,engine
Ketu,-33,150.67797155696098,11.98529852640273,engine
Makemake,-33,201.72926698416723,19.739311244644306,tno-rate
Mars,-33,129.4956431934442,19.71780777704603,engine
Mercury,-33,218.50387605297885,-18.00127021038514,engine
Midheaven,-33,220.35629842927742,-15.678952344752165,engine
Moon,-33,192.70862730189538,-10.455505235905209,engine
Neptune,-33,2.606612010090465,-0.41825131139469784,engine
Orcus,-33,161.29049463314348,-13.604140515550151,tno-rate
Pallas,-33,19.85054298804089,-15.068291072016004,engine
Part_of_Fortune,-33,274.8337583535932,-27.067287486247583,engine
Part_of_Spirit,-33,280.54239375458985,-19.427974991760724,engine
Pleiades,-33,56.87583900289096,24.10547028010168,engine
Pluto,-33,306.04763531947293,-23.725084192963763,engine
Polaris,-33,38.364337284047004,89.26233607006209,engine
Procyon,-33,114.81971684666757,5.218944272437033,engine
Quaoar,-33,280.584800164893,-15.096889520712761,tno-rate
Rahu,-33,330.677971556961,-11.98529852640273,engine
Regulus,-33,152.08743652240284,11.96857128851546,engine
Rigel,-33,78.63715812362624,-8.198857542721877,engine
Saturn,-33,10.670852720936226,1.6401704654601652,engine
Sedna,-33,62.29335114005215,8.846275856897648,tno-rate
Sirius,-33,101.28376910030278,-16.72166879111469,engine
Spica,-33,201.29262107523562,-11.159473775857098,engine
Sun,-33,195.56294500239366,-6.635848988661778,engine
Transpluto,-33,156.5419045530516,9.789757994118022,engine
Uranus,-33,63.041176443986465,20.96958264173906,engine
Vega,-33,279.2354684665973,38.790722508486205,engine
Venus,-33,212.08778602353374,-21.022156122836588,engine
Vertex,-33,142.4073512102829,14.812608182503508,engine
Vesta,-33,23.177451932027388,-3.1186461342440244,engine
Aldebaran,-32,68.98418026967481,16.508828995765462,engine
Algol,-32,47.04836965022788,40.95565879473377,engine
Algorab,-32,187.45908986257538,-16.51409465189055,engine
Alkaid,-32,206.87583433851125,49.315100871386996,engine
Alphecca,-32,233.6681332969181,26.71728936991919,engine
Altair,-32,297.700609139254,8.874112891194704,engine
Antares,-32,247.34793258309918,-26.431975044578177,engine
Arcturus,-32,213.90134057986876,19.170010467298294,engine
Ascendant,-32,277.96443246451076,-23.233860130071964,engine
Bellatrix,-32,81.28516188552729,6.351239457047659,engine
Betelgeuse,-32,88.79497785425997,7.408655251862952,engine
Capella,-32,79.17691078428277,45.993060514468915,engine
Castor,-32,113.64732540708718,31.886281011978024,engine
Ceres,-32,109.78513567750937,23.37307395348299,engine
Chiron,-32,26.604787174313827,11.159636262645806,engine
Deneb Algedi,-32,326.76552115767487,-16.128577935913448,engine
Eris,-32,27.088897587672893,-0.079584652991116,tno-rate
Fomalhaut,-32,344.42043350741153,-29.623076381681333,engine
Gonggong,-32,337.31270232767025,-10.272673301407858,tno-rate
Haumea,-32,220.16682168993935,13.56766196404323,tno-rate
Juno,-32,297.61793075469035,-13.131580894332107,engine
Jupiter,-32,143.4558927868838,15.130390754062649,engine
Ketu,-32,150.67788922307676,11.985328301719422,engine
Makemake,-32,201.72928084294566,19.739305272107426,tno-rate
Mars,-32,129.49604752240808,19.717719781863682,engine
Mercury,-32,218.50458394430737,-18.001555290447264,engine
Midheaven,-32,220.60670251184072,-15.755456007655384,engine
Moon,-32,192.71459638903357,-10.459323517791383,engine
Neptune,-32,2.6065953223460716,-0.4182586050251226,engine
Orcus,-32,161.29050724426688,-13.60414830717607,tno-rate
Pallas,-32,19.850411354375662,-15.06846775586927,engine
Part_of_Fortune,-32,275.115451630867,-27.05707191210369,engine
Part_of_Spirit,-32,280.8134132981545,-19.410648348040237,engine
Pleiades,-32,56.87583897723396,24.105470198175954,engine
Pluto,-32,306.0476334802181,-23.725084277657995,engine
Polaris,-32,38.36434004110968,89.26233589021827,engine
Procyon,-32,114.81971667926054,5.218944256261672,engine
Quaoar,-32,280.584804115273,-15.096891476466324,tno-rate
Rahu,-32,330.67788922307676,-11.985328301719422,engine
Regulus,-32,152.08743633958903,11.968571288492903,engine
Rigel,-32,78.63715803359015,-8.198857528226425,engine
Saturn,-32,10.670803653461762,1.6401495133849475,engine
Sedna,-32,62.293346996121095,8.846273802885689,tno-rate
Sirius,-32,101.28376894960765,-16.721668767968335,engine
Spica,-32,201.29262098790403,-11.159473816784756,engine
Sun,-32,195.56357722267728,-6.6361117357596555,engine
Transpluto,-32,156.54191001477048,9.789755888832488,engine
Uranus,-32,63.04115921459744,20.96957955830795,engine
Vega,-32,279.23546864612547,38.79072257594556,engine
Venus,-32,212.08756148036153,-21.02209457863682,engine
Vertex,-32,142.60321475884413,14.749630640575836,engine
Vesta,-32,23.177291528189365,-3.1187097962144077,engine
Aldebaran,-31,68.98418020695495,16.508828938335164,engine
Algol,-31,47.048369662021514,40.95565866831517,engine
Algorab,-31,187.45908973327107,-16.514094698130002,engine
Alkaid,-31,206.87583422868232,49.31510099387897,engine
Alphecca,-31,233.66813331075159,26.717289444569964,engine
Altair,-31,297.70060931137124,8.87411289342045,engine
Antares,-31,247.34793264469894,-26.43197513000473,engine
Arcturus,-31,213.90134052610236,19.170010516126833,engine
Ascendant,-31,278.2417276149681,-23.219553631841904,engine
Bellatrix,-31,81.28516178930892,6.351239431354618,engine
Betelgeuse,-31,88.79497773806118,7.408655225124818,engine
Capella,-31,79.17691065493958,45.99306039346483,engine
Castor,-31,113.64732521323754,31.886280961996743,engine
Ceres,-31,109.78531627163794,23.37308635971131,engine
Chiron,-31,26.60475783435545,11.159624180382078,engine
Deneb Algedi,-31,326.7655213471904,-16.128577938074688,engine
Eris,-31,27.088891284083026,-0.07958694420379907,tno-rate
Fomalhaut,-31,344.4204336991292,-29.62307635143439,engine
Gonggong,-31,337.3126970334129,-10.272674958232356,tno-rate
Haumea,-31,220.16683508421303,13.567655064727182,tno-rate
Juno,-31,297.6180467877028,-13.131628459067867,engine
Jupiter,-31,143.45600493088514,15.130355885416792,engine
Ketu,-31,150.67780687475386,11.985358082227119,engine
Makemake,-31,201.72929470172406,19.739299299570547,tno-rate
Mars,-31,129.49645186897544,19.71763178601059,engine
Mercury,-31,218.50529181992874,-18.00184035117792,engine
Midheaven,-31,220.85710619415636,-15.831616178742856,engine
Moon,-31,192.72057068476204,-10.463139651184495,engine
Neptune,-31,2.606578634882595,-0.41826589862601854,engine
Orcus,-31,161.2905198553903,-13.604156098801987,tno-rate
Pallas,-31,19.850279715201165,-15.068644442000627,engine
Part_of_Fortune,-31,275.39808884440373,-27.04631880406211,engine
Part_of_Spirit,-31,281.0853663855325,-19.3927884596217,engine
Pleiades,-31,56.875838952693144,24.105470116130483,engine
Pluto,-31,306.0476316402094,-23.725084362690943,engine
Polaris,-31,38.364342880526685,89.2623357104168,engine
Procyon,-31,114.8197165121442,5.218944239994928,engine
Quaoar,-31,280.584808065653,-15.096893432219884,tno-rate
Rahu,-31,330.67780687475386,-11.985358082227119,engine
Regulus,-31,152.0874361563788,11.96857128826697,engine
Rigel,-31,78.63715794439905,-8.198857513636376,engine
Saturn,-31,10.670754585260633,1.6401285615023686,engine
Sedna,-31,62.293342852190044,8.846271748873729,tno-rate
Sirius,-31,101.28376879945593,-16.721668744554492,engine
Spica,-31,201.29262089955208,-11.159473857643206,engine
Sun,-31,195.56420945532642,-6.63637447896429,engine
Transpluto,-31,156.54191547643273,9.789753783569871,engine
Uranus,-31,63.041141986540104,20.969576475189612,engine
Vega,-31,279.235468824944,38.79072264397335,engine
Venus,-31,212.08733693455775,-21.02203298842535,engine
Vertex,-31,142.79897590911284,14.68648476842215,engine
Vesta,-31,23.17713111860968,-3.118773458337197,engine
Aldebaran,-30,68.98418014521155,16.50882888076434,engine
Algol,-30,47.04836967521212,40.95565854182324,engine
Algorab,-30,187.4590896030432,-16.514094744201774,engine
Alkaid,-30,206.87583411727414,49.315101116176876,engine
Alphecca,-30,233.66813332342653,26.717289519327462,engine
Altair,-30,297.70060948324306,8.874112895807007,engine
Antares,-30,247.34793270523767,-26.431975215640318,engine
Arcturus,-30,213.90134047122086,19.170010564914293,engine
Ascendant,-30,278.51996956721456,-23.204706359544588,engine
Bellatrix,-30,81.2851616939038,6.351239405587005,engine
Betelgeuse,-30,88.79497762257989,7.408655198286647,engine
Capella,-30,79.17691052679542,45.993060271989,engine
Castor,-30,113.64732501975858,31.88628091148144,engine
Ceres,-30,109.78549687612463,23.373098767553827,engine
Chiron,-30,26.60472849491592,11.15961209844719,engine
Deneb Algedi,-30,326.7655215370079,-16.128577940518078,engine
Eris,-30,27.08888498049316,-0.07958923541648213,tno-rate
Fomalhaut,-30,344.4204338915208,-29.62307632162348,engine
Gonggong,-30,337.3126917391556,-10.272676615056852,tno-rate
Haumea,-30,220.16684847848674,13.567648165411136,tno-rate
Juno,-30,297.6181628101739,-13.131676022417006,engine
Jupiter,-30,143.45611707886087,15.130321016456204,engine
Ketu,-30,150.67772451188517,11.985387867964567,engine
Makemake,-30,201.7293085605025,19.739293327033664,tno-rate
Mars,-30,129.4968562334966,19.71754378943387,engine
Mercury,-30,218.50599967997067,-18.002125392576257,engine
Midheaven,-30,221.10750949675668,-15.907431853200587,engine
Moon,-30,192.7265502303262,-10.466953638345819,engine
Neptune,-30,2.606561947696397,-0.4182731921962836,engine
Orcus,-30,161.2905324665137,-13.604163890427904,tno-rate
Pallas,-30,19.850148070596664,-15.068821130431662,engine
Part_of_Fortune,-30,275.681678097082,-27.03502277960915,engine
Part_of_Spirit,-30,281.3582610373471,-19.374389939480025,engine
Pleiades,-30,56.875838929269946,24.10547003396711,engine
Pluto,-30,306.047629799442,-23.72508444806102,engine
Polaris,-30,38.3643458022829,89.26233553066234,engine
Procyon,-30,114.81971634532306,5.218944223636929,engine
Quaoar,-30,280.584812016033,-15.096895387973447,tno-rate
Rahu,-30,330.6777245118852,-11.985387867964567,engine
Regulus,-30,152.08743597277655,11.96857128783731,engine
Rigel,-30,78.6371578560558,-8.198857498952242,engine
Saturn,-30,10.670705516350232,1.6401076098258682,engine
Sedna,-30,62.293338708258986,8.84626969486177,tno-rate
Sirius,-30,101.28376864985181,-16.7216687208738,engine
Spica,-30,201.29262081018138,-11.159473898431575,engine
Sun,-30,195.56484170045874,-6.636637218281256,engine
Transpluto,-30,156.54192093803834,9.789751678330173,engine
Uranus,-30,63.041124759798066,20.969573392384387,engine
Vega,-30,279.2354690030478,38.79072271256809,engine
Venus,-30,212.08711238657278,-21.021971352223325,engine
Vertex,-30,142.99463533324723,14.62317123678049,engine
Vesta,-30,23.176970703381187,-3.1188371205355505,engine
Aldebaran,-29,68.98418008444686,16.508828823054184,engine
Algol,-29,47.048369689800346,40.955658415261006,engine
Algorab,-29,187.4590894718945,-16.514094790104767,engine
Alkaid,-29,206.87583400428846,49.3151012382773,engine
Alphecca,-29,233.66813333494167,26.717289594189662,engine
Altair,-29,297.700609654865,8.874112898354214,engine
Antares,-29,247.34793276471297,-26.431975301483106,engine
Arcturus,-29,213.9013404152249,19.170010613659166,engine
Ascendant,-29,278.7991664476848,-23.189312852390895,engine
Bellatrix,-29,81.285161599315,6.351239379745217,engine
Betelgeuse,-29,88.79497750781957,7.408655171348853,engine
Capella,-29,79.17691039985445,45.99306015004408,engine
Castor,-29,113.64732482665553,31.88628086043283,engine
Ceres,-29,109.78567749095409,23.373111177030044,engine
Chiron,-29,26.604699155996673,11.159600016844056,engine
Deneb Algedi,-29,326.7655217271226,-16.128577943243968,engine
Eris,-29,27.088878676903292,-0.0795915266291652,tno-rate
Fomalhaut,-29,344.42043408458204,-29.623076292249873,engine
Gonggong,-29,337.3126864448982,-10.27267827188135,tno-rate
Haumea,-29,220.16686187276042,13.56764126609509,tno-rate
Juno,-29,297.6182788221127,-13.131723584366732,engine
Jupiter,-29,143.4562292308864,15.130286147166045,engine
Ketu,-29,150.6776421345291,11.985417658910631,engine
Makemake,-29,201.72932241928092,19.739287354496785,tno-rate
Mars,-29,129.49726061562734,19.717455792239925,engine
Mercury,-29,218.50670752456088,-18.002410414641645,engine
Midheaven,-29,221.35791244020345,-15.98290203923186,engine
Moon,-29,192.7325350668806,-10.470765481587847,engine
Neptune,-29,2.606545260775728,-0.41828048573813553,engine
Orcus,-29,161.29054507763712,-13.60417168205382,tno-rate
Pallas,-29,19.85001642049358,-15.068997821157211,engine
Part_of_Fortune,-29,275.9662275563737,-27.023178380262543,engine
Part_of_Spirit,-29,281.63210533899587,-19.355447324519247,engine
Pleiades,-29,56.87583890696574,24.105469951687645,engine
Pluto,-29,306.0476279579113,-23.7250845337666,engine
Polaris,-29,38.36434880636161,89.26233535095952,engine
Procyon,-29,114.8197161788016,5.218944207187802,engine
Quaoar,-29,280.58481596641303,-15.09689734372701,tno-rate
Rahu,-29,330.6776421345291,-11.985417658910631,engine
Regulus,-29,152.08743578878673,11.968571287203597,engine
Rigel,-29,78.63715776856327,-8.198857484174535,engine
Saturn,-29,10.670656446698757,1.640086658348554,engine
Sedna,-29,62.293334564327935,8.846267640849812,tno-rate
Sirius,-29,101.28376850079952,-16.72166869692692,engine
Spica,-29,201.29262071979346,-11.159473939149011,engine
Sun,-29,195.56547395819166,-6.636899953716201,engine
Transpluto,-29,156.5419263995873,9.78974957311337,engine
Uranus,-29,63.041107534377964,20.96957030989685,engine
Vega,-29,279.2354691804318,38.79072278172822,engine
Venus,-29,212.0868878368566,-21.021909670052636,engine
Vertex,-29,143.19019370076197,14.55969071781857,engine
Vesta,-29,23.176810282420156,-3.118900782808457,engine
Aldebaran,-28,68.98418002466313,16.508828765205816,engine
Algol,-28,47.048369705786804,40.9556582886314,engine
Algorab,-28,187.45908933982759,-16.51409483583789,engine
Alkaid,-28,206.875833889727,49.31510136017694,engine
Alphecca,-28,233.66813334529596,26.71728966915457,engine
Altair,-28,297.7006098262326,8.874112901061915,engine
Antares,-28,247.34793282312276,-26.431975387531264,engine
Arcturus,-28,213.9013403581151,19.17001066235998,engine
Ascendant,-28,279.0793266393971,-23.173367561514624,engine
Bellatrix,-28,81.28516150554543,6.35123935382964,engine
Betelgeuse,-28,88.7949773937836,7.4086551443118305,engine
Capella,-28,79.17691027412067,45.99306002763263,engine
Castor,-28,113.64732463393348,31.886280808851655,engine
Ceres,-28,109.78585811635097,23.37312358817321,engine
Chiron,-28,26.60466981755963,11.159587935562683,engine
Deneb Algedi,-28,326.76552191752995,-16.128577946252694,engine
Eris,-28,27.0888723733092,-0.07959381784338465,tno-rate
Fomalhaut,-28,344.42043427830845,-29.623076263314765,engine
Gonggong,-28,337.31268115063733,-10.272679928706959,tno-rate
Haumea,-28,220.1668752670431,13.567634366774415,tno-rate
Juno,-28,297.6183948236063,-13.131771144936161,engine
Jupiter,-28,143.45634138698068,15.13025127754843,engine
Ketu,-28,150.6775597426335,11.985447455084156,engine
Makemake,-28,201.72933627806864,19.739281381955898,tno-rate
Mars,-28,129.4976650158148,19.71736779435666,engine
Mercury,-28,218.5074153543016,-18.00269541756464,engine
Midheaven,-28,221.60831521625602,-16.058025809209713,engine
Moon,-28,192.73852507784594,-10.474575118499667,engine
Neptune,-28,2.606528574105754,-0.4182877792553622,engine
Orcus,-28,161.29055768876898,-13.604179473684963,tno-rate
Pallas,-28,19.849884764735254,-15.069174514290477,engine
Part_of_Fortune,-28,276.2517454881767,-27.010779994563325,engine
Part_of_Spirit,-28,281.9069077906175,-19.335955128465923,engine
Pleiades,-28,56.87583888578189,24.105469869293888,engine
Pluto,-28,306.04762611561125,-23.72508461980612,engine
Polaris,-28,38.36435189274659,89.26233517131286,engine
Procyon,-28,114.81971601258417,5.2189441906476635,engine
Quaoar,-28,280.58481991679565,-15.096899299481882,tno-rate
Rahu,-28,330.6775597426335,-11.985447455084156,engine
Regulus,-28,152.08743560441366,11.968571286365492,engine
Rigel,-28,78.63715768192424,-8.198857469303768,engine
Saturn,-28,10.670607376257909,1.6400657070562499,engine
Sedna,-28,62.2933304203941,8.846265586836473,tno-rate
Sirius,-28,101.28376835230317,-16.721668672714493,engine
Spica,-28,201.29262062838998,-11.159473979794697,engine
Sun,-28,195.56610622906632,-6.637162685450965,engine
Transpluto,-28,156.5419318610833,9.789747467918058,engine
Uranus,-28,63.0410903102518,20.96956722772525,engine
Vega,-28,279.235469357091,38.79072285145226,engine
Venus,-28,212.08666328570834,-21.021847941894364,engine
Vertex,-28,143.38565181212385,14.496043841593016,engine
Vesta,-28,23.176649855712185,-3.118964445121692,engine
Aldebaran,-27,68.98417996586264,16.50882870722051,engine
Algol,-27,47.048369723172094,40.955658161937635,engine
Algorab,-27,187.45908920684533,-16.514094881399984,engine
Alkaid,-27,206.87583377359167,49.31510148187219,engine
Alphecca,-27,233.66813335448822,26.717289744220075,engine
Altair,-27,297.7006099973411,8.874112903929944,engine
Antares,-27,247.3479328804646,-26.431975473782803,engine
Arcturus,-27,213.90134029989213,19.170010711015173,engine
Ascendant,-27,279.3604580215603,-23.15686489260331,engine
Bellatrix,-27,81.28516141259824,6.351239327840712,engine
Betelgeuse,-27,88.79497728047554,7.408655117176033,engine
Capella,-27,79.17691014959836,45.993059904757466,engine
Castor,-27,113.64732444159789,31.88628075673873,engine
Ceres,-27,109.78603875181916,23.373136000975347,engine
Chiron,-27,26.604640479645536,11.159575854622172,engine
Deneb Algedi,-27,326.76552210822524,-16.128577949544578,engine
Eris,-27,27.088866069719334,-0.07959610905606772,tno-rate
Fomalhaut,-27,344.4204344726953,-29.623076234819443,engine
Gonggong,-27,337.31267585637994,-10.272681585531455,tno-rate
Haumea,-27,220.1668886613168,13.567627467458369,tno-rate
Juno,-27,297.61851081450874,-13.131818704048724,engine
Jupiter,-27,143.4564535470356,15.130216407645369,engine
Ketu,-27,150.67747733631194,11.985477256444028,engine
Makemake,-27,201.72935013684705,19.739275409419015,tno-rate
Mars,-27,129.4980694336922,19.717279795889063,engine
Mercury,-27,218.50812316837133,-18.002980400962723,engine
Midheaven,-27,221.85871750876908,-16.132802096081306,engine
Moon,-27,192.7445206193592,-10.47838268097501,engine
Neptune,-27,2.606511887705199,-0.41829507273707867,engine
Orcus,-27,161.29057029989238,-13.60418726531088,tno-rate
Pallas,-27,19.849753103577772,-15.06935120961586,engine
Part_of_Fortune,-27,276.53824012856785,-26.99782216043937,engine
Part_of_Spirit,-27,282.18267591455276,-19.31590762476725,engine
Pleiades,-27,56.87583886571976,24.105469786787783,engine
Pluto,-27,306.0476242725373,-23.725084706177743,engine
Polaris,-27,38.36435506141387,89.26233499172724,engine
Procyon,-27,114.81971584667546,5.218944174016668,engine
Quaoar,-27,280.58482386717566,-15.096901255235444,tno-rate
Rahu,-27,330.67747733631194,-11.985477256444028,engine
Regulus,-27,152.08743541966197,11.96857128532267,engine
Rigel,-27,78.63715759614169,-8.198857454340478,engine
Saturn,-27,10.670558305078137,1.6400447559769342,engine
Sedna,-27,62.29332627646305,8.846263532824514,tno-rate
Sirius,-27,101.28376820436714,-16.72166864823721,engine
Spica,-27,201.2926205359726,-11.159474020367716,engine
Sun,-27,195.5667385123517,-6.637425413138951,engine
Transpluto,-27,156.541937322519,9.789745362747087,engine
Uranus,-27,63.04107308744928,20.969564145878312,engine
Vega,-27,279.2354695330202,38.79072292173859,engine
Venus,-27,212.08643873387845,-21.02178616785438,engine
Vertex,-27,143.58101006874813,14.432231368793172,engine
Vesta,-27,23.176489423035537,-3.1190281075404482,engine
Aldebaran,-26,68.98417990804758,16.508828649099396,engine
Algol,-26,47.048369741956776,40.95565803518268,engine
Algorab,-26,187.45908907295043,-16.51409492678999,engine
Alkaid,-26,206.87583365588432,49.31510160335979,engine
Alphecca,-26,233.66813336251747,26.717289819384177,engine
Altair,-26,297.7006101681859,8.874112906958132,engine
Antares,-26,247.3479329367363,-26.431975560235934,engine
Arcturus,-26,213.90134024055666,19.17001075962327,engine
Ascendant,-26,279.6425691030144,-23.139799140433404,engine
Bellatrix,-26,81.2851613204763,6.351239301778825,engine
Betelgeuse,-26,88.79497716789876,7.408655089941864,engine
Capella,-26,79.17691002629148,45.99305978142116,engine
Castor,-26,113.64732424965386,31.88628070409481,engine
Ceres,-26,109.78621939758276,23.373148415469636,engine
Chiron,-26,26.604611142216356,11.159563774012513,engine
Deneb Algedi,-26,326.7655222992037,-16.128577953119947,engine
Eris,-26,27.088859766129467,-0.0795984002687508,tno-rate
Fomalhaut,-26,344.4204346677384,-29.623076206765152,engine
Gonggong,-26,337.3126705621226,-10.272683242355953,tno-rate
Haumea,-26,220.1669020555905,13.567620568142322,tno-rate
Juno,-26,297.6186267949076,-13.131866261723536,engine
Jupiter,-26,143.45656571116857,15.13018153742878,engine
Ketu,-26,150.67739491556796,11.985507062988948,engine
Makemake,-26,201.72936399562548,19.739269436882136,tno-rate
Mars,-26,129.49847386918543,19.717191796884528,engine
Mercury,-26,218.5088309673723,-18.0032653650268,engine
Midheaven,-26,222.10911950676098,-16.20722999722783,engine
Moon,-26,192.7505215746658,-10.48218810668048,engine
Neptune,-26,2.606495201551121,-0.41830236619039163,engine
Orcus,-26,161.29058291101578,-13.604195056936797,tno-rate
Pallas,-26,19.84962143656884,-15.069527907193025,engine
Part_of_Fortune,-26,276.8257198690917,-26.98429911015176,engine
Part_of_Spirit,-26,282.4594183369371,-19.295299170715047,engine
Pleiades,-26,56.87583884678067,24.10546970417111,engine
Pluto,-26,306.0476224286884,-23.72508479288009,engine
Polaris,-26,38.364358312343995,89.26233481220719,engine
Procyon,-26,114.81971568107986,5.218944157294932,engine
Quaoar,-26,280.58482781755566,-15.096903210989007,tno-rate
Rahu,-26,330.67739491556796,-11.985507062988948,engine
Regulus,-26,152.0874352345361,11.968571284074798,engine
Rigel,-26,78.63715751121836,-8.198857439285176,engine
Saturn,-26,10.67050923311116,1.6400238050964342,engine
Sedna,-26,62.29332213253199,8.846261478812556,tno-rate
Sirius,-26,101.28376805699551,-16.72166862349573,engine
Spica,-26,201.29262044254295,-11.15947406086725,engine
Sun,-26,195.5673708085885,-6.637688136962126,engine
Transpluto,-26,156.5419427838981,9.78974325759902,engine
Uranus,-26,63.041055865942305,20.96956106435424,engine
Vega,-26,279.23546970821445,38.790722992585685,engine
Venus,-26,212.08621418166558,-21.021724347915164,engine
Vertex,-26,143.77626926379622,14.368253933267654,engine
Vesta,-26,23.176328984375928,-3.119091770030498,engine
Aldebaran,-25,68.98417985122015,16.50882859084366,engine
Algol,-25,47.048369762141384,40.95565790836956,engine
Algorab,-25,187.45908893814556,-16.5140949720068,engine
Alkaid,-25,206.87583353660668,49.31510172463629,engine
Alphecca,-25,233.66813336938264,26.717289894644832,engine
Altair,-25,297.70061033876266,8.874112910146325,engine
Antares,-25,247.34793299193566,-26.431975646888766,engine
Arcturus,-25,213.90134018010937,19.170010808182766,engine
Ascendant,-25,279.9256682724766,-23.122164530206405,engine
Bellatrix,-25,81.28516122918262,6.351239275644381,engine
Betelgeuse,-25,88.7949770560567,7.408655062609731,engine
Capella,-25,79.17690990420407,45.9930596576264,engine
Castor,-25,113.64732405810653,31.886280650920636,engine
Ceres,-25,109.78640005374452,23.373160831680856,engine
Chiron,-25,26.60458180526845,11.159551693735384,engine
Deneb Algedi,-25,326.7655224904608,-16.12857795697912,engine
Eris,-25,27.0888534625396,-0.07960069148143387,tno-rate
Fomalhaut,-25,344.42043486343306,-29.62307617915307,engine
Gonggong,-25,337.3126652678652,-10.27268489918045,tno-rate
Haumea,-25,220.16691544986418,13.567613668826276,tno-rate
Juno,-25,297.61874276481285,-13.131913817947854,engine
Jupiter,-25,143.45667787932305,15.130146666924142,engine
Ketu,-25,150.6773124802939,11.985536874757901,engine
Makemake,-25,201.7293778544039,19.739263464345253,tno-rate
Mars,-25,129.49887832246932,19.717103797329997,engine
Mercury,-25,218.50953875143227,-18.003550309756907,engine
Midheaven,-25,222.35952123368338,-16.281308572906408,engine
Moon,-25,192.75652798446896,-10.485991398076903,engine
Neptune,-25,2.606478515642555,-0.41830965961309524,engine
Orcus,-25,161.2905955221392,-13.604202848562716,tno-rate
Pallas,-25,19.849489763788196,-15.069704607043187,engine
Part_of_Fortune,-25,277.11419313905236,-26.970205071356904,engine
Part_of_Spirit,-25,282.7371434059009,-19.274123989055905,engine
Pleiades,-25,56.87583882896593,24.105469621445717,engine
Pluto,-25,306.0476205840575,-23.725084879911435,engine
Polaris,-25,38.364361645513995,89.26233463275732,engine
Procyon,-25,114.81971551580178,5.218944140482596,engine
Quaoar,-25,280.58483176793567,-15.096905166742568,tno-rate
Rahu,-25,330.6773124802939,-11.985536874757901,engine
Regulus,-25,152.0874350490404,11.968571282621552,engine
Rigel,-25,78.63715742715704,-8.198857424138382,engine
Saturn,-25,10.670460160325216,1.640002854407827,engine
Sedna,-25,62.29331798860094,8.846259424800596,tno-rate
Sirius,-25,101.28376791019245,-16.721668598490727,engine
Spica,-25,201.29262034810273,-11.159474101292448,engine
Sun,-25,195.56800311789323,-6.637950856926404,engine
Transpluto,-25,156.54194824522048,9.789741152473892,engine
Uranus,-25,63.04103864573741,20.96955798315762,engine
Vega,-25,279.23546988266884,38.790723063991976,engine
Venus,-25,212.08598962951848,-21.021662482101217,engine
Vertex,-25,143.97143005857075,14.304112212413555,engine
Vesta,-25,23.17616853982677,-3.1191554325149116,engine
Aldebaran,-24,68.98417979538253,16.508828532454505,engine
Algol,-24,47.04836978372646,40.95565778150133,engine
Algorab,-24,187.4590888024335,-16.51409501704932,engine
Alkaid,-24,206.87583341576072,49.31510184569834,engine
Alphecca,-24,233.66813337508265,26.717289970000017,engine
Altair,-24,297.7006105090666,8.874112913494338,engine
Antares,-24,247.34793304606052,-26.431975733739424,engine
Arcturus,-24,213.901340118551,19.170010856692166,engine
Ascendant,-24,280.20976398028427,-23.10395520641287,engine
Bellatrix,-24,81.28516113872008,6.351239249437792,engine
Betelgeuse,-24,88.79497694495274,7.408655035180063,engine
Capella,-24,79.17690978334015,45.99305953337583,engine
Castor,-24,113.6473238669611,31.886280597217045,engine
Ceres,-24,109.78658072004994,23.373173249617643,engine
Chiron,-24,26.60455246879828,11.159539613792472,engine
Deneb Algedi,-24,326.76552268199174,-16.128577961122435,engine
Eris,-24,27.088847158949736,-0.07960298269411693,tno-rate
Fomalhaut,-24,344.4204350597748,-29.623076151984424,engine
Gonggong,-24,337.3126599736079,-10.272686556004947,tno-rate
Haumea,-24,220.16692884413789,13.567606769510228,tno-rate
Juno,-24,297.618858724235,-13.131961372708924,engine
Jupiter,-24,143.45679005157393,15.13011179611671,engine
Ketu,-24,150.67723003054823,11.985566691729643,engine
Makemake,-24,201.72939171318234,19.739257491808374,tno-rate
Mars,-24,129.4992827937184,19.71701579721242,engine
Mercury,-24,218.51024652067886,-18.003835235153176,engine
Midheaven,-24,222.6099227102174,-16.355036895138262,engine
Moon,-24,192.7625398893883,-10.489792557669249,engine
Neptune,-24,2.6064618299677447,-0.41831695300740174,engine
Orcus,-24,161.2906081332626,-13.604210640188633,tno-rate
Pallas,-24,19.849358085167776,-15.069881309160772,engine
Part_of_Fortune,-24,277.4036684292904,-26.95553419104445,engine
Part_of_Spirit,-24,283.0158595312781,-19.25237622178129,engine
Pleiades,-24,56.87583881227682,24.105469538613438,engine
Pluto,-24,306.0476187386399,-23.725084967270124,engine
Polaris,-24,38.36436506089924,89.2623344533823,engine
Procyon,-24,114.81971535084567,5.218944123579795,engine
Quaoar,-24,280.5848357183157,-15.09690712249613,tno-rate
Rahu,-24,330.67723003054823,-11.985566691729643,engine
Regulus,-24,152.0874348631794,11.968571280962626,engine
Rigel,-24,78.63715734396054,-8.198857408900624,engine
Saturn,-24,10.670411086737861,1.6399819039245687,engine
Sedna,-24,62.29331384466988,8.846257370788637,tno-rate
Sirius,-24,101.28376776396212,-16.721668573222885,engine
Spica,-24,201.29262025265362,-11.159474141642459,engine
Sun,-24,195.56863544038217,-6.638213573037669,engine
Transpluto,-24,156.54195370648625,9.789739047371658,engine
Uranus,-24,63.041021426818,20.96955490228871,engine
Vega,-24,279.23547005637823,38.79072313595587,engine
Venus,-24,212.0857650778855,-21.021600570437627,engine
Vertex,-24,144.1664931096486,14.239806885882011,engine
Vesta,-24,23.176008088951555,-3.1192190951441665,engine
Aldebaran,-23,68.98417974053687,16.5088284739331,engine
Algol,-23,47.04836980671245,40.955657654581024,engine
Algorab,-23,187.45908866581706,-16.514095061916468,engine
Alkaid,-23,206.87583329334836,49.3151019665425,engine
Alphecca,-23,233.66813337961653,26.717290045447672,engine
Altair,-23,297.70061067909336,8.874112917002007,engine
Antares,-23,247.34793309910862,-26.431975820786008,engine
Arcturus,-23,213.90134005588223,19.170010905149965,engine
Ascendant,-23,280.49486474252654,-23.085165231598925,engine
Bellatrix,-23,81.28516104909167,6.351239223159464,engine
Betelgeuse,-23,88.79497683459024,7.408655007653279,engine
Capella,-23,79.17690966370371,45.99305940867216,engine
Castor,-23,113.64732367622277,31.886280542984817,engine
Ceres,-23,109.7867613966013,23.373185669304753,engine
Chiron,-23,26.60452313278737,11.159527534181839,engine
Deneb Algedi,-23,326.76552287379195,-16.128577965550164,engine
Eris,-23,27.08884085535987,-0.0796052739068,tno-rate
Fomalhaut,-23,344.420435256759,-29.62307612526045,engine
Gonggong,-23,337.31265467935054,-10.272688212829443,tno-rate
Haumea,-23,220.16694223841156,13.567599870194181,tno-rate
Juno,-23,297.6189746731845,-13.132008925994008,engine
Jupiter,-23,143.4569022278646,15.130076925031968,engine
Ketu,-23,150.67714756633427,11.985596513902992,engine
Makemake,-23,201.72940557196074,19.73925151927149,tno-rate
Mars,-23,129.49968728258622,19.716927796638203,engine
Mercury,-23,218.51095427523975,-18.00412014121596,engine
Midheaven,-23,222.86032395799407,-16.428414048730176,engine
Moon,-23,192.7685573299624,-10.493591588003289,engine
Neptune,-23,2.606445144523018,-0.41832424637220916,engine
Orcus,-23,161.29062074438602,-13.60421843181455,tno-rate
Pallas,-23,19.84922640063967,-15.07005801354016,engine
Part_of_Fortune,-23,277.6941542963176,-26.94028053430027,engine
Part_of_Spirit,-23,283.2955751887355,-19.23004992889758,engine
Pleiades,-23,56.87583879671462,24.105469455676133,engine
Pluto,-23,306.0476168924311,-23.72508505495447,engine
Polaris,-23,38.36436855847356,89.26233427408673,engine
Procyon,-23,114.819715186216,5.218944106586658,engine
Quaoar,-23,280.5848396686957,-15.096909078249691,tno-rate
Rahu,-23,330.67714756633427,-11.985596513902992,engine
Regulus,-23,152.08743467695754,11.968571279097699,engine
Rigel,-23,78.6371572616316,-8.19885739357243,engine
Saturn,-23,10.67036201231735,1.639960953639738,engine
Sedna,-23,62.29330970073883,8.846255316776677,tno-rate
Sirius,-23,101.28376761830867,-16.72166854769289,engine
Spica,-23,201.2926201561973,-11.159474181916435,engine
Sun,-23,195.56926777617133,-6.638476285301943,engine
Transpluto,-23,156.54195916769538,9.789736942292345,engine
Uranus,-23,63.04100420919055,20.96955182175207,engine
Vega,-23,279.23547022933775,38.7907232084758,engine
Venus,-23,212.08554052882147,-21.021538613416986,engine
Vertex,-23,144.3614590718021,14.175338634649854,engine
Vesta,-23,23.175847631843826,-3.1192827578413107,engine
Aldebaran,-22,68.98417968668532,16.50882841528065,engine
Algol,-22,47.04836983109983,40.95565752761168,engine
Algorab,-22,187.45908852829905,-16.51409510660715,engine
Alkaid,-22,206.87583316937153,49.31510208716542,engine
Alphecca,-22,233.66813338298334,26.717290120985766,engine
Altair,-22,297.7006108488384,8.874112920669143,engine
Antares,-22,247.3479331510778,-26.431975908026644,engine
Arcturus,-22,213.90133999210386,19.17001095355466,engine
Ascendant,-22,280.78097913884756,-23.06578858551842,engine
Bellatrix,-22,81.28516096030026,6.35123919680981,engine
Betelgeuse,-22,88.79497672497263,7.4086549800298105,engine
Capella,-22,79.17690954529874,45.99305928351808,engine
Castor,-22,113.6473234858967,31.88628048822476,engine
Ceres,-22,109.7869420835006,23.373198090766927,engine
Chiron,-22,26.604493797237094,11.15951545490635,engine
Deneb Algedi,-22,326.76552306585666,-16.128577970262636,engine
Eris,-22,27.088834551770002,-0.07960756511948307,tno-rate
Fomalhaut,-22,344.4204354543812,-29.623076098982317,engine
Gonggong,-22,337.31264938509315,-10.272689869653941,tno-rate
Haumea,-22,220.16695563268527,13.567592970878135,tno-rate
Juno,-22,297.61909061167216,-13.13205647779037,engine
Jupiter,-22,143.45701440823686,15.130042053665251,engine
Ketu,-22,150.67706508771067,11.985626341256754,engine
Makemake,-22,201.72941943073917,19.73924554673461,tno-rate
Mars,-22,129.50009178942005,19.716839795554478,engine
Mercury,-22,218.51166201524254,-18.004405027945705,engine
Midheaven,-22,223.11072499773104,-16.5014391306397,engine
Moon,-22,192.77458034655155,-10.497388491635293,engine
Neptune,-22,2.606428459304711,-0.4183315397064141,engine
Orcus,-22,161.2906333555094,-13.604226223440469,tno-rate
Pallas,-22,19.84909471028392,-15.07023472020231,engine
Part_of_Fortune,-22,277.9856593600225,-26.924438083428463,engine
Part_of_Spirit,-22,283.5762989176726,-19.207139087608375,engine
Pleiades,-22,56.87583878228054,24.10546937263563,engine
Pluto,-22,306.04761504542654,-23.725085142962826,engine
Polaris,-22,38.364372138209184,89.26233409487526,engine
Procyon,-22,114.8197150219172,5.218944089503335,engine
Quaoar,-22,280.5848436190757,-15.096911034003254,tno-rate
Rahu,-22,330.6770650877107,-11.985626341256754,engine
Regulus,-22,152.08743449037937,11.968571277026454,engine
Rigel,-22,78.63715718017298,-8.198857378154324,engine
Saturn,-22,10.670312937048372,1.639940003553193,engine
Sedna,-22,62.29330555680777,8.846253262764717,tno-rate
Sirius,-22,101.28376747323624,-16.721668521901417,engine
Spica,-22,201.29262005873557,-11.159474222113534,engine
Sun,-22,195.56990012537656,-6.638738993725248,engine
Transpluto,-22,156.54196462884778,9.789734837235947,engine
Uranus,-22,63.04098699284418,20.969548741549023,engine
Vega,-22,279.2354704015424,38.790723281550164,engine
Venus,-22,212.08531597956141,-21.021476610132247,engine
Vertex,-22,144.55632859656856,14.110708141518751,engine
Vesta,-22,23.175687168420595,-3.1193464206051544,engine
Aldebaran,-21,68.98417963383,16.508828356498352,engine
Algol,-21,47.04836985688907,40.95565740059635,engine
Algorab,-21,187.45908838988225,-16.514095151120294,engine
Alkaid,-21,206.87583304383224,49.31510220756375,engine
Alphecca,-21,233.66813338518205,26.717290196612257,engine
Altair,-21,297.700611018297,8.874112924495574,engine
Antares,-21,247.34793320196596,-26.431975995459418,engine
Arcturus,-21,213.90133992721667,19.170011001904765,engine
Ascendant,-21,281.0681158165912,-23.04581916385887,engine
Bellatrix,-21,81.28516087234875,6.351239170389241,engine
Betelgeuse,-21,88.79497661610321,7.408654952310071,engine
Capella,-21,79.17690942812914,45.99305915791632,engine
Castor,-21,113.64732329598803,31.8862804329377,engine
Ceres,-21,109.78712278049268,23.373210514012648,engine
Chiron,-21,26.604464462128973,11.159503375964059,engine
Deneb Algedi,-21,326.76552325818113,-16.128577975260143,engine
Eris,-21,27.088828248180135,-0.07960985633216613,tno-rate
Fomalhaut,-21,344.4204356526369,-29.623076073151207,engine
Gonggong,-21,337.3126440908358,-10.272691526478438,tno-rate
Haumea,-21,220.16696902695895,13.567586071562088,tno-rate
Juno,-21,297.61920653970924,-13.132104028085328,engine
Jupiter,-21,143.45712659273232,15.130007182011898,engine
Ketu,-21,150.67698259456978,11.985656173829776,engine
Makemake,-21,201.7294332895176,19.739239574197732,tno-rate
Mars,-21,129.50049631387265,19.716751794067637,engine
Mercury,-21,218.5123697408149,-18.004689895343137,engine
Midheaven,-21,223.36112585295288,-16.574111250971654,engine
Moon,-21,192.7806089794657,-10.501183271212868,engine
Neptune,-21,2.6064117743010486,-0.41833883301223357,engine
Orcus,-21,161.29064596663284,-13.604234015066385,tno-rate
Pallas,-21,19.848963013736988,-15.07041142908807,engine
Part_of_Fortune,-21,278.2781923079436,-26.908000736758012,engine
Part_of_Spirit,-21,283.85803932523885,-19.183637590959727,engine
Pleiades,-21,56.87583876897581,24.10546928949382,engine
Pluto,-21,306.04761319762156,-23.725085231293512,engine
Polaris,-21,38.364375800076836,89.2623339157525,engine
Procyon,-21,114.81971485795373,5.2189440723299585,engine
Quaoar,-21,280.5848475694557,-15.096912989756817,tno-rate
Rahu,-21,330.6769825945698,-11.985656173829776,engine
Regulus,-21,152.0874343034493,11.968571274748593,engine
Rigel,-21,78.63715709958743,-8.198857362646839,engine
Saturn,-21,10.670263860915714,1.6399190536648103,engine
Sedna,-21,62.29330141287672,8.846251208752758,tno-rate
Sirius,-21,101.28376732874895,-16.72166849584918,engine
Spica,-21,201.2926199602701,-11.159474262232912,engine
Sun,-21,195.57053248811334,-6.639001698313725,engine
Transpluto,-21,156.54197008994353,9.789732732202488,engine
Uranus,-21,63.04096977776794,20.969545661680918,engine
Vega,-21,279.23547057298714,38.790723355177334,engine
Venus,-21,212.08509143215898,-21.02141456107731,engine
Vertex,-21,144.7511023351646,14.045916090175306,engine
Vesta,-21,23.1755266987758,-3.119410083358693,engine
Aldebaran,-20,68.98417958197301,16.508828297587403,engine
Algol,-20,47.0483698840805,40.95565727353809,engine
Algorab,-20,187.45908825056952,-16.514095195454814,engine
Alkaid,-20,206.87583291673243,49.315102327734074,engine
Alphecca,-20,233.66813338621174,26.717290272325087,engine
Altair,-20,297.70061118746486,8.874112928481116,engine
Antares,-20,247.347933251771,-26.43197608308246,engine
Arcturus,-20,213.90133986122146,19.170011050198777,engine
Ascendant,-20,281.3562834842835,-23.02525077768965,engine
Bellatrix,-20,81.28516078524004,6.351239143898171,engine
Betelgeuse,-20,88.79497650798537,7.4086549244945035,engine
Capella,-20,79.17690931219889,45.993059031869535,engine
Castor,-20,113.64732310650196,31.886280377124468,engine
Ceres,-20,109.78730348767913,23.373222939066657,engine
Chiron,-20,26.604435127464328,11.159491297357818,engine
Deneb Algedi,-20,326.7655234507608,-16.12857798054298,engine
Eris,-20,27.08882194459027,-0.0796121475448492,tno-rate
Fomalhaut,-20,344.4204358515214,-29.623076047768325,engine
Gonggong,-20,337.3126387965785,-10.272693183302936,tno-rate
Haumea,-20,220.16698242123266,13.56757917224604,tno-rate
Juno,-20,297.61932245730696,-13.132151576866148,engine
Jupiter,-20,143.45723878129422,15.129972310097433,engine
Ketu,-20,150.67690008696997,11.985686011600983,engine
Makemake,-20,201.72944714829603,19.73923360166085,tno-rate
Mars,-20,129.5009008561171,19.71666379216462,engine
Mercury,-20,218.51307745208442,-18.004974743409047,engine
Midheaven,-20,223.6115265444071,-16.646429531262083,engine
Moon,-20,192.78664326890723,-10.504975929385907,engine
Neptune,-20,2.6063950895110533,-0.41834612628745826,engine
Orcus,-20,161.29065857775623,-13.604241806692302,tno-rate
Pallas,-20,19.848831311079135,-15.070588140218264,engine
Part_of_Fortune,-20,278.5717618886937,-26.89096230800203,engine
Part_of_Spirit,-20,284.1408050798733,-19.159539247377268,engine
Pleiades,-20,56.87583875680164,24.105469206252494,engine
Pluto,-20,306.04761134901173,-23.725085319944874,engine
Polaris,-20,38.3643795440456,89.26233373672312,engine
Procyon,-20,114.81971469432995,5.218944055066673,engine
Quaoar,-20,280.58485151983564,-15.096914945510377,tno-rate
Rahu,-20,330.67690008696997,-11.985686011600983,engine
Regulus,-20,152.08743411617186,11.968571272263816,engine
Rigel,-20,78.63715701987763,-8.198857347050508,engine
Saturn,-20,10.670214783904104,1.6398981039744513,engine
Sedna,-20,62.293297268945665,8.8462491547408,tno-rate
Sirius,-20,101.2837671848509,-16.72166846953687,engine
Spica,-20,201.29261986080272,-11.15947430227372,engine
Sun,-20,195.57116486449704,-6.639264399073524,engine
Transpluto,-20,156.54197555098267,9.789730627191918,engine
Uranus,-20,63.04095256396827,20.96954258215225,engine
Vega,-20,279.2354707436671,38.790723429355694,engine
Venus,-20,212.08486688706168,-21.021352466279918,engine
Vertex,-20,144.94578093416146,13.980963166652256,engine
Vesta,-20,23.175366222473233,-3.119473746252336,engine
Aldebaran,-19,68.98417953111642,16.508828238548997,engine
Algol,-19,47.048369912674566,40.95565714643993,engine
Algorab,-19,187.45908811036367,-16.514095239609624,engine
Alkaid,-19,206.8758327880742,49.315102447673034,engine
Alphecca,-19,233.6681333860715,26.717290348122216,engine
Altair,-19,297.7006113563372,8.874112932625577,engine
Antares,-19,247.34793330049084,-26.431976170893858,engine
Arcturus,-19,213.90133979411905,19.170011098435207,engine
Ascendant,-19,281.6454909146347,-23.004077152272767,engine
Bellatrix,-19,81.28516069897697,6.351239117337015,engine
Betelgeuse,-19,88.79497640062239,7.4086548965835295,engine
Capella,-19,79.17690919751183,45.99305890538051,engine
Castor,-19,113.64732291744359,31.886280320785897,engine
Ceres,-19,109.78748420504219,23.373235365948194,engine
Chiron,-19,26.604405793224682,11.159479219085672,engine
Deneb Algedi,-19,326.7655236435908,-16.128577986111427,engine
Eris,-19,27.088815641000405,-0.07961443875753228,tno-rate
Fomalhaut,-19,344.42043605103026,-29.62307602283482,engine
Gonggong,-19,337.3126335023211,-10.272694840127432,tno-rate
Haumea,-19,220.16699581550634,13.567572272929993,tno-rate
Juno,-19,297.61943836447693,-13.132199124120138,engine
Jupiter,-19,143.4573509739968,15.129937437907158,engine
Ketu,-19,150.6768175649148,11.985715854569042,engine
Makemake,-19,201.72946100707443,19.73922762912397,tno-rate
Mars,-19,129.50130541632606,19.716575789832405,engine
Mercury,-19,218.5137851491787,-18.00525957214444,engine
Midheaven,-19,223.86192709285407,-16.718393105209074,engine
Moon,-19,192.7926832549296,-10.508766468844238,engine
Neptune,-19,2.606378404922953,-0.41835341953430083,engine
Orcus,-19,161.29067118887966,-13.60424959831822,tno-rate
Pallas,-19,19.84869960224282,-15.070764853586958,engine
Part_of_Fortune,-19,278.8663769149216,-26.873316525106112,engine
Part_of_Spirit,-19,284.4246049143478,-19.134837779439422,engine
Pleiades,-19,56.87583874575918,24.105469122913565,engine
Pluto,-19,306.0476094995924,-23.7250854089152,engine
Polaris,-19,38.364383370083004,89.26233355779172,engine
Procyon,-19,114.81971453105034,5.218944037713625,engine
Quaoar,-19,280.58485547021564,-15.09691690126394,tno-rate
Rahu,-19,330.6768175649148,-11.985715854569042,engine
Regulus,-19,152.08743392855155,11.968571269571822,engine
Rigel,-19,78.63715694104631,-8.198857331365858,engine
Saturn,-19,10.670165705998295,1.6398771544819701,engine
Sedna,-19,62.293293125014614,8.84624710072884,tno-rate
Sirius,-19,101.28376704154621,-16.72166844296518,engine
Spica,-19,201.29261976033519,-11.15947434223513,engine
Sun,-19,195.57179725464275,-6.639527096010894,engine
Transpluto,-19,156.54198101196513,9.789728522204266,engine
Uranus,-19,63.04093535142833,20.969539502963272,engine
Vega,-19,279.2354709135774,38.790723504083616,engine
Venus,-19,212.08464234471617,-21.021290325768508,engine
Vertex,-19,145.1403650376769,13.915850058631326,engine
Vesta,-19,23.17520573960699,-3.119537409209038,engine
Aldebaran,-18,68.98417948126233,16.508828179384327,engine
Algol,-18,47.048369942671584,40.9556570193049,engine
Algorab,-18,187.45908796926764,-16.514095283583675,engine
Alkaid,-18,206.87583265785963,49.31510256737726,engine
Alphecca,-18,233.6681333847605,26.717290424001586,engine
Altair,-18,297.7006115249098,8.874112936928777,engine
Antares,-18,247.34793334812335,-26.431976258891712,engine
Arcturus,-18,213.90133972591028,19.170011146612545,engine
Ascendant,-18,281.9357469475806,-22.982291925835437,engine
Bellatrix,-18,81.2851606135624,6.351239090706191,engine
Betelgeuse,-18,88.79497629401763,7.4086548685775835,engine
Capella,-18,79.17690908407188,45.993058778451925,engine
Castor,-18,113.64732272881808,31.886280263922853,engine
Ceres,-18,109.78766493268303,23.37324779468186,engine
Chiron,-18,26.604376459411334,11.159467141150442,engine
Deneb Algedi,-18,326.76552383666655,-16.128577991965773,engine
Eris,-18,27.088809337410538,-0.07961672997021535,tno-rate
Fomalhaut,-18,344.42043625115866,-29.623075998351872,engine
Gonggong,-18,337.31262820806376,-10.27269649695193,tno-rate
Haumea,-18,220.16700920978005,13.567565373613947,tno-rate
Juno,-18,297.61955426112456,-13.13224666983631,engine
Jupiter,-18,143.457463170783,15.129902565466619,engine
Ketu,-18,150.6767350284074,11.985745702732848,engine
Makemake,-18,201.72947486585286,19.739221656587087,tno-rate
Mars,-18,129.50170999415118,19.71648778717737,engine
Mercury,-18,218.51449283222524,-18.005544381550443,engine
Midheaven,-18,224.11232752185543,-16.79000111937921,engine
Moon,-18,192.79872897749047,-10.512554892316398,engine
Neptune,-18,2.6063617205330645,-0.41836071275165776,engine
Orcus,-18,161.29068380000305,-13.604257389944138,tno-rate
Pallas,-18,19.84856788730857,-15.070941569214833,engine
Part_of_Fortune,-18,279.1620462664058,-26.85505702901976,engine
Part_of_Spirit,-18,284.70944762875536,-19.109526822651112,engine
Pleiades,-18,56.87583873584962,24.105469039478855,engine
Pluto,-18,306.04760764935924,-23.725085498202795,engine
Polaris,-18,38.36438727815501,89.26233337896291,engine
Procyon,-18,114.81971436811925,5.218944020270957,engine
Quaoar,-18,280.58485942059565,-15.096918857017503,tno-rate
Rahu,-18,330.6767350284074,-11.985745702732848,engine
Regulus,-18,152.08743374059287,11.968571266672312,engine
Rigel,-18,78.63715686309615,-8.198857315593433,engine
Saturn,-18,10.670116627166664,1.6398562051804422,engine
Sedna,-18,62.293288981083556,8.84624504671688,tno-rate
Sirius,-18,101.28376689883899,-16.72166841613483,engine
Spica,-18,201.29261965886934,-11.159474382116295,engine
Sun,-18,195.57242965866524,-6.639789789132074,engine
Transpluto,-18,156.5419864728909,9.78972641723956,engine
Uranus,-18,63.040918140154524,20.96953642411852,engine
Vega,-18,279.23547108271305,38.790723579359444,engine
Venus,-18,212.08441780556868,-21.02122813957216,engine
Vertex,-18,145.334855289561,13.850577454734804,engine
Vesta,-18,23.175045250271165,-3.1196010721517364,engine
Aldebaran,-17,68.98417943241274,16.508828120094627,engine
Algol,-17,47.04836997407189,40.95565689213609,engine
Algorab,-17,187.45908782728426,-16.514095327375866,engine
Alkaid,-17,206.87583252609082,49.315102686843424,engine
Alphecca,-17,233.66813338227772,26.717290499961173,engine
Altair,-17,297.7006116931779,8.874112941390507,engine
Antares,-17,247.3479333946664,-26.431976347074116,engine
Arcturus,-17,213.90133965659598,19.170011194729305,engine
Ascendant,-17,282.2270604836035,-22.95988864906272,engine
Bellatrix,-17,81.28516052899916,6.351239064006113,engine
Betelgeuse,-17,88.79497618817436,7.408654840477096,engine
Capella,-17,79.17690897188287,45.993058651086535,engine
Castor,-17,113.64732254063055,31.8862802065362,engine
Ceres,-17,109.78784567034555,23.373260225276073,engine
Chiron,-17,26.60434712600577,11.159455063550157,engine
Deneb Algedi,-17,326.7655240299833,-16.12857799810629,engine
Eris,-17,27.08880303382067,-0.07961902118289842,tno-rate
Fomalhaut,-17,344.4204364519022,-29.623075974320635,engine
Gonggong,-17,337.3126229138064,-10.272698153776426,tno-rate
Haumea,-17,220.16702260405373,13.5675584742979,tno-rate
Juno,-17,297.61967014747484,-13.132294213998636,engine
Jupiter,-17,143.457575371727,15.129867692761124,engine
Ketu,-17,150.67665247750602,11.985775556071264,engine
Makemake,-17,201.7294887246313,19.739215684050208,tno-rate
Mars,-17,129.50211458976443,19.716399784186446,engine
Mercury,-17,218.5152005013517,-18.005829171628438,engine
Midheaven,-17,224.36272785219126,-16.86125273151342,engine
Moon,-17,192.80478047646895,-10.516341202596433,engine
Neptune,-17,2.606345036337702,-0.4183680059384274,engine
Orcus,-17,161.29069641112645,-13.604265181570055,tno-rate
Pallas,-17,19.848436165913224,-15.071118287042417,engine
Part_of_Fortune,-17,279.4587788833933,-26.83617737321567,engine
Part_of_Spirit,-17,284.99534208381374,-19.08359992490977,engine
Pleiades,-17,56.87583872707406,24.10546895595023,engine
Pluto,-17,306.0476057983076,-23.725085587805978,engine
Polaris,-17,38.36439126822601,89.26233320024133,engine
Procyon,-17,114.81971420554117,5.218944002738822,engine
Quaoar,-17,280.58486337097565,-15.096920812771064,tno-rate
Rahu,-17,330.676652477506,-11.985775556071264,engine
Regulus,-17,152.08743355230038,11.968571263564998,engine
Rigel,-17,78.6371567860298,-8.19885729973376,engine
Saturn,-17,10.670067547426886,1.6398352560833014,engine
Sedna,-17,62.293284837152505,8.846242992704921,tno-rate
Sirius,-17,101.2837667567333,-16.721668389046545,engine
Spica,-17,201.29261955640703,-11.159474421916372,engine
Sun,-17,195.5730620766792,-6.640052478443482,engine
Transpluto,-17,156.54199193376002,9.789724312297754,engine
Uranus,-17,63.04090093012998,20.96953334561817,engine
Vega,-17,279.23547125106916,38.79072365518155,engine
Venus,-17,212.08419327006564,-21.021165907720682,engine
Vertex,-17,145.52925232907717,13.785146045996624,engine
Vesta,-17,23.174884754030078,-3.1196647352307867,engine
Aldebaran,-16,68.98417938456971,16.508828060681036,engine
Algol,-16,47.04837000687581,40.955656764936435,engine
Algorab,-16,187.45908768441635,-16.51409537098519,engine
Alkaid,-16,206.87583239276975,49.315102806068204,engine
Alphecca,-16,233.66813337862237,26.717290575998938,engine
Altair,-16,297.70061186113725,8.87411294601059,engine
Antares,-16,247.34793344011823,-26.431976435439214,engine
Arcturus,-16,213.90133958617702,19.170011242784035,engine
Ascendant,-16,282.51944068364236,-22.936860768199335,engine
Bellatrix,-16,81.28516044529,6.3512390372371845,engine
Betelgeuse,-16,88.7949760830958,7.408654812282489,engine
Capella,-16,79.17690886094856,45.993058523287,engine
Castor,-16,113.64732235288602,31.88628014862676,engine
Ceres,-16,109.78802641825155,23.373272657763746,engine
Chiron,-16,26.604317792989608,11.159442986279547,engine
Deneb Algedi,-16,326.7655242235363,-16.12857800453326,engine
Eris,-16,27.088796730226576,-0.07962131239711787,tno-rate
Fomalhaut,-16,344.42043665325633,-29.62307595074222,engine
Gonggong,-16,337.3126176195455,-10.272699810602035,tno-rate
Haumea,-16,220.16703599833642,13.567551574977227,tno-rate
Juno,-16,297.6197860235113,-13.132341756628012,engine
Jupiter,-16,143.45768757684675,15.129832819792853,engine
Ketu,-16,150.67656991204808,11.985805414643108,engine
Makemake,-16,201.72950258341902,19.73920971150932,tno-rate
Mars,-16,129.50251920360864,19.71631178078756,engine
Mercury,-16,218.51590815716003,-18.006113942570817,engine
Midheaven,-16,224.61312827302768,-16.9321471587957,engine
Moon,-16,192.81083779564096,-10.520125405022158,engine
Neptune,-16,2.6063283523138967,-0.41837529910171506,engine
Orcus,-16,161.2907090222583,-13.604272973201196,tno-rate
Pallas,-16,19.848304438049137,-15.071295007208754,engine
Part_of_Fortune,-16,279.7565839700604,-26.816671009093852,engine
Part_of_Spirit,-16,285.28229739722434,-19.057050527304817,engine
Pleiades,-16,56.87583871943363,24.1054688723295,engine
Pluto,-16,306.0476039464295,-23.725085677722962,engine
Polaris,-16,38.36439534026156,89.26233302163148,engine
Procyon,-16,114.81971404332032,5.2189439851173525,engine
Quaoar,-16,280.58486732135833,-15.096922768525937,tno-rate
Rahu,-16,330.6765699120481,-11.985805414643108,engine
Regulus,-16,152.0874333636784,11.968571260249593,engine
Rigel,-16,78.6371567098499,-8.198857283787373,engine
Saturn,-16,10.670018466714417,1.6398143071695583,engine
Sedna,-16,62.29328069321867,8.846240938691585,tno-rate
Sirius,-16,101.28376661523309,-16.721668361701006,engine
Spica,-16,201.29261945294996,-11.159474461634558,engine
Sun,-16,195.57369450922295,-6.640315164127639,engine
Transpluto,-16,156.54199739457616,9.789722207377457,engine
Uranus,-16,63.04088372134944,20.96953026746469,engine
Vega,-16,279.23547141864105,38.790723731548304,engine
Venus,-16,212.08396874010867,-21.02110363066957,engine
Vertex,-16,145.72355692371787,13.71955648100069,engine
Vesta,-16,23.17472425087039,-3.119728398411791,engine
Aldebaran,-15,68.98417933773523,16.508828001144867,engine
Algol,-15,47.04837004108355,40.95565663770916,engine
Algorab,-15,187.45908754066707,-16.514095414410512,engine
Alkaid,-15,206.87583225789882,49.315102925048116,engine
Alphecca,-15,233.6681333737937,26.717290652112716,engine
Altair,-15,297.700612028783,8.874112950788817,engine
Antares,-15,247.34793348447647,-26.43197652398498,engine
Arcturus,-15,213.9013395146544,19.170011290775168,engine
Ascendant,-15,282.8128961849254,-22.913201686168744,engine
Bellatrix,-15,81.28516036243782,6.351239010399862,engine
Betelgeuse,-15,88.79497597878537,7.408654783994235,engine
Capella,-15,79.17690875127289,45.99305839505627,engine
Castor,-15,113.64732216558981,31.8862800901955,engine
Ceres,-15,109.78820717625905,23.373285092152734,engine
Chiron,-15,26.604288460383675,11.159430909352816,engine
Deneb Algedi,-15,326.7655244173209,-16.12857801124693,engine
Eris,-15,27.088790426636713,-0.07962360360980093,tno-rate
Fomalhaut,-15,344.4204368552161,-29.623075927617815,engine
Gonggong,-15,337.31261232528817,-10.272701467426531,tno-rate
Haumea,-15,220.1670493926101,13.56754467566118,tno-rate
Juno,-15,297.6199018890913,-13.13238929764802,engine
Jupiter,-15,143.45779978603287,15.129797946603974,engine
Ketu,-15,150.67648733220273,11.985835278387155,engine
Makemake,-15,201.72951644219745,19.73920373897244,tno-rate
Mars,-15,129.50292383479174,19.71622377720513,engine
Mercury,-15,218.5166157988287,-18.006398693997355,engine
Midheaven,-15,224.8635284711922,-17.002683488097922,engine
Moon,-15,192.81690096651727,-10.523907497368917,engine
Neptune,-15,2.6063116684830328,-0.4183825922295274,engine
Orcus,-15,161.29072163338174,-13.604280764827115,tno-rate
Pallas,-15,19.84817270382592,-15.071471729470613,engine
Part_of_Fortune,-15,280.05547019588016,-26.796531337698944,engine
Part_of_Spirit,-15,285.5703221739707,-19.029872034638544,engine
Pleiades,-15,56.8758387129294,24.10546878861862,engine
Pluto,-15,306.04760209372773,-23.72508576795216,engine
Polaris,-15,38.36439949421747,89.26233284313822,engine
Procyon,-15,114.81971388146134,5.21894396740672,engine
Quaoar,-15,280.58487127173834,-15.0969247242795,tno-rate
Rahu,-15,330.6764873322027,-11.985835278387155,engine
Regulus,-15,152.08743317473176,11.968571256725827,engine
Rigel,-15,78.63715663455913,-8.198857267754832,engine
Saturn,-15,10.66996938507997,1.6397933584671704,engine
Sedna,-15,62.29327654928762,8.846238884679625,tno-rate
Sirius,-15,101.28376647434266,-16.72166833409899,engine
Spica,-15,201.29261934850018,-11.159474501269967,engine
Sun,-15,195.57432695556253,-6.640577845838716,engine
Transpluto,-15,156.54200285533184,9.789720102481526,engine
Uranus,-15,63.04086651382485,20.969527189663474,engine
Vega,-15,279.23547158542357,38.79072380845792,engine
Venus,-15,212.08374421323106,-21.021041307599685,engine
Vertex,-15,145.91776944881897,13.653809541691937,engine
Vesta,-15,23.17456374110191,-3.1197920615322277,engine
Aldebaran,-14,68.98417929191132,16.508827941487272,engine
Algol,-14,47.048370076695385,40.95565651045723,engine
Algorab,-14,187.45908739603917,-16.51409545765081,engine
Alkaid,-14,206.8758321214801,49.315103043779885,engine
Alphecca,-14,233.66813336779077,26.71729072830056,engine
Altair,-14,297.70061219611085,8.87411295572498,engine
Antares,-14,247.3479335277394,-26.431976612709548,engine
Arcturus,-14,213.90133944202904,19.17001133870126,engine
Ascendant,-14,283.1074362737521,-22.888904669217283,engine
Bellatrix,-14,81.28516028044537,6.351238983494545,engine
Betelgeuse,-14,88.79497587524627,7.408654755612751,engine
Capella,-14,79.17690864285957,45.99305826639697,engine
Castor,-14,113.64732197874693,31.886280031243256,engine
Ceres,-14,109.78838794423245,23.373297528459698,engine
Chiron,-14,26.60425912816955,11.15941883276467,engine
Deneb Algedi,-14,326.7655246113322,-16.128578018247573,engine
Eris,-14,27.088784123046846,-0.079625894822484,tno-rate
Fomalhaut,-14,344.420437057777,-29.62307590494854,engine
Gonggong,-14,337.3126070310308,-10.272703124251029,tno-rate
Haumea,-14,220.1670627868838,13.567537776345134,tno-rate
Juno,-14,297.6200177443052,-13.132436837077941,engine
Jupiter,-14,143.45791199940166,15.129763073166506,engine
Ketu,-14,150.6764047379179,11.985865147322276,engine
Makemake,-14,201.72953030097585,19.73919776643556,tno-rate
Mars,-14,129.50332848392944,19.716135773327235,engine
Mercury,-14,218.51732342695968,-18.00668342610084,engine
Midheaven,-14,225.113928635861,-17.072860960340567,engine
Moon,-14,192.82297003268522,-10.52768748507251,engine
Neptune,-14,2.606294984822136,-0.4183898853289707,engine
Orcus,-14,161.29073424450513,-13.604288556453032,tno-rate
Pallas,-14,19.84804096308825,-15.071648453940192,engine
Part_of_Fortune,-14,280.3554468902016,-26.7757516305304,engine
Part_of_Spirit,-14,285.8594256573026,-19.002057707904164,engine
Pleiades,-14,56.875838707562465,24.10546870481942,engine
Pluto,-14,306.0476002401943,-23.725085858491802,engine
Polaris,-14,38.364403730056125,89.26233266476605,engine
Procyon,-14,114.81971371996852,5.218943949607076,engine
Quaoar,-14,280.58487522211834,-15.09692668003306,tno-rate
Rahu,-14,330.6764047379179,-11.985865147322276,engine
Regulus,-14,152.08743298546483,11.968571252993401,engine
Rigel,-14,78.6371565601601,-8.198857251636674,engine
Saturn,-14,10.669920302475475,1.6397724099619375,engine
Sedna,-14,62.29327240535656,8.846236830667666,tno-rate
Sirius,-14,101.28376633406592,-16.721668306241202,engine
Spica,-14,201.29261924305956,-11.159474540821785,engine
Sun,-14,195.5749594162357,-6.640840523759394,engine
Transpluto,-14,156.54200831603094,9.78971799760848,engine
Uranus,-14,63.040849307533556,20.96952411221372,engine
Vega,-14,279.235471751412,38.790723885908776,engine
Venus,-14,212.0835196913336,-21.020978938967847,engine
Vertex,-14,146.1118906671912,13.58790588022737,engine
Vesta,-14,23.174403224181592,-3.119855724785099,engine
Aldebaran,-13,68.9841792470999,16.508827881709486,engine
Algol,-13,47.04837011371155,40.9556563831837,engine
Algorab,-13,187.4590872505357,-16.514095500705015,engine
Alkaid,-13,206.87583198351584,49.315103162260165,engine
Alphecca,-13,233.668133360613,26.717290804560367,engine
Altair,-13,297.7006123631163,8.874112960818884,engine
Antares,-13,247.34793356990488,-26.431976701611003,engine
Arcturus,-13,213.9013393683018,19.170011386560805,engine
Ascendant,-13,283.40307010265894,-22.863962907220376,engine
Bellatrix,-13,81.28516019931541,6.351238956521662,engine
Betelgeuse,-13,88.79497577248169,7.408654727138487,engine
Capella,-13,79.17690853571236,45.99305813731191,engine
Castor,-13,113.64732179236248,31.886279971770946,engine
Ceres,-13,109.7885687222717,23.373309966709108,engine
Chiron,-13,26.6042297963287,11.15940675651311,engine
Deneb Algedi,-13,326.76552480556546,-16.128578025535443,engine
Eris,-13,27.08877781945698,-0.07962818603516707,tno-rate
Fomalhaut,-13,344.4204372609344,-29.62307588273549,engine
Gonggong,-13,337.31260173677344,-10.272704781075525,tno-rate
Haumea,-13,220.16707618115748,13.567530877029085,tno-rate
Juno,-13,297.62013358916624,-13.132484374905129,engine
Jupiter,-13,143.45802421689558,15.129728199506024,engine
Ketu,-13,150.67632212925213,11.985895021427236,engine
Makemake,-13,201.72954415975428,19.739191793898677,tno-rate
Mars,-13,129.50373315067154,19.71604776926029,engine
Mercury,-13,218.51803104161,-18.006968138810503,engine
Midheaven,-13,225.36432878783404,-17.142678780267197,engine
Moon,-13,192.82904503350406,-10.531465371047645,engine
Neptune,-13,2.60627830132751,-0.41839717839894075,engine
Orcus,-13,161.29074685562856,-13.604296348078948,tno-rate
Pallas,-13,19.847909215917138,-15.071825180637813,engine
Part_of_Fortune,-13,280.65652324480675,-26.754325080371764,engine
Part_of_Spirit,-13,286.14961696051114,-18.973600734068988,engine
Pleiades,-13,56.87583870333385,24.105468620933753,engine
Pluto,-13,306.04759838582476,-23.725085949340134,engine
Polaris,-13,38.364408047735616,89.26233248651957,engine
Procyon,-13,114.81971355884617,5.218943931718567,engine
Quaoar,-13,280.5848791724983,-15.096928635786623,tno-rate
Rahu,-13,330.6763221292521,-11.985895021427236,engine
Regulus,-13,152.0874327958822,11.968571249052061,engine
Rigel,-13,78.63715648665537,-8.198857235433431,engine
Saturn,-13,10.66987121888581,1.6397514616536997,engine
Sedna,-13,62.29326826142551,8.846234776655706,tno-rate
Sirius,-13,101.28376619440691,-16.72166827812838,engine
Spica,-13,201.29261913662992,-11.159474580289189,engine
Sun,-13,195.57559189135623,-6.641103197896257,engine
Transpluto,-13,156.54201377667337,9.789715892758359,engine
Uranus,-13,63.04083210248172,20.969521035119925,engine
Vega,-13,279.2354719166014,38.7907239638992,engine
Venus,-13,212.08329517486092,-21.020916524806378,engine
Vertex,-13,146.30592120861405,13.52184619457936,engine
Vesta,-13,23.17424270020423,-3.1199193880932103,engine
Aldebaran,-12,68.98417920330294,16.508827821812705,engine
Algol,-12,47.04837015213223,40.955656255891604,engine
Algorab,-12,187.45908710415955,-16.514095543572086,engine
Alkaid,-12,206.87583184400825,49.31510328048562,engine
Alphecca,-12,233.66813335225945,26.717290880890104,engine
Altair,-12,297.7006125297949,8.874112966070319,engine
Antares,-12,247.3479336109711,-26.431976790687408,engine
Arcturus,-12,213.9013392934737,19.17001143435232,engine
Ascendant,-12,283.6998068895715,-22.838369497165278,engine
Bellatrix,-12,81.28516011905069,6.3512389294816325,engine
Betelgeuse,-12,88.79497567049492,7.408654698571877,engine
Capella,-12,79.17690842983498,45.99305800780389,engine
Castor,-12,113.64732160644152,31.88627991177948,engine
Ceres,-12,109.78874951047649,23.37332240692542,engine
Chiron,-12,26.604200464862355,11.159394680600917,engine
Deneb Algedi,-12,326.7655250000162,-16.12857803311078,engine
Eris,-12,27.088771515867112,-0.07963047724785013,tno-rate
Fomalhaut,-12,344.4204374646837,-29.623075860979796,engine
Gonggong,-12,337.3125964425161,-10.272706437900023,tno-rate
Haumea,-12,220.1670895754312,13.567523977713039,tno-rate
Juno,-12,297.6202494236878,-13.132531911116995,engine
Jupiter,-12,143.45813643858827,15.129693325607903,engine
Ketu,-12,150.67623950609777,11.98592490074099,engine
Makemake,-12,201.7295580185327,19.739185821361797,tno-rate
Mars,-12,129.50413783518812,19.715959764991176,engine
Mercury,-12,218.5187386430478,-18.007252832274006,engine
Midheaven,-12,225.6147289507034,-17.21213616491594,engine
Moon,-12,192.83512600828027,-10.535241158273239,engine
Neptune,-12,2.6062616179954654,-0.41840447143833315,engine
Orcus,-12,161.29075946675195,-13.604304139704865,tno-rate
Pallas,-12,19.847777461950027,-15.072001909503626,engine
Part_of_Fortune,-12,280.9587085168145,-26.73224478718256,engine
Part_of_Spirit,-12,286.4409052623285,-18.944494207147997,engine
Pleiades,-12,56.875838700244586,24.105468536963482,engine
Pluto,-12,306.0475965306147,-23.725086040495416,engine
Polaris,-12,38.36441244721251,89.26233230840339,engine
Procyon,-12,114.81971339809876,5.2189439137413505,engine
Quaoar,-12,280.5848831228783,-15.096930591540184,tno-rate
Rahu,-12,330.6762395060978,-11.98592490074099,engine
Regulus,-12,152.08743260598837,11.968571244901524,engine
Rigel,-12,78.63715641404754,-8.198857219145653,engine
Saturn,-12,10.669822134295918,1.6397305135423168,engine
Sedna,-12,62.29326411749445,8.846232722643746,tno-rate
Sirius,-12,101.28376605536965,-16.72166824976126,engine
Spica,-12,201.29261902921323,-11.159474619671341,engine
Sun,-12,195.57622438103726,-6.641365868255958,engine
Transpluto,-12,156.5420192372591,9.789713787931161,engine
Uranus,-12,63.04081489865235,20.969517958382255,engine
Vega,-12,279.2354720809871,38.79072404242743,engine
Venus,-12,212.0830706642571,-21.02085406514842,engine
Vertex,-12,146.49986170270304,13.455631183762957,engine
Vesta,-12,23.174082169264615,-3.1199830513794136,engine
Aldebaran,-11,68.98417916052239,16.508827761798162,engine
Algol,-11,47.048370191957574,40.955656128584,engine
Algorab,-11,187.45908695691375,-16.51409558625099,engine
Alkaid,-11,206.87583170295963,49.31510339845293,engine
Alphecca,-11,233.66813334272945,26.717290957287695,engine
Altair,-11,297.7006126961421,8.874112971479073,engine
Antares,-11,247.34793365093606,-26.43197687993686,engine
Arcturus,-11,213.90133921754577,19.170011482074333,engine
Ascendant,-11,283.9976559107651,-22.81211744276037,engine
Bellatrix,-11,81.28516003965392,6.351238902374886,engine
Betelgeuse,-11,88.79497556928912,7.408654669913367,engine
Capella,-11,79.17690832523115,45.993057877875636,engine
Castor,-11,113.64732142098914,31.886279851269762,engine
Ceres,-11,109.7889303085893,23.373334849116834,engine
Chiron,-11,26.604171133751976,11.159382605026078,engine
Deneb Algedi,-11,326.76552519467947,-16.128578040973835,engine
Eris,-11,27.08876521227725,-0.07963276846053322,tno-rate
Fomalhaut,-11,344.4204376690201,-29.62307583968256,engine
Gonggong,-11,337.3125911482587,-10.27270809472452,tno-rate
Haumea,-11,220.16710296970487,13.567517078396993,tno-rate
Juno,-11,297.6203652478834,-13.132579445700943,engine
Jupiter,-11,143.45824866442206,15.129658451497754,engine
Ketu,-11,150.67615686851354,11.985954785242226,engine
Makemake,-11,201.72957187731114,19.739179848824914,tno-rate
Mars,-11,129.5045425376489,19.715871760506808,engine
Mercury,-11,218.5194462313301,-18.007537506420917,engine
Midheaven,-11,225.86512914526955,-17.281232341969602,engine
Moon,-11,192.8412129961945,-10.539014849761571,engine
Neptune,-11,2.6062449348142054,-0.4184117644493611,engine
Orcus,-11,161.29077207787537,-13.604311931330784,tno-rate
Pallas,-11,19.847645701268235,-15.072178640557812,engine
Part_of_Fortune,-11,281.2620120215676,-26.70950375767674,engine
Part_of_Spirit,-11,286.7332997999626,-18.914731127844004,engine
Pleiades,-11,56.87583869829567,24.10546845291048,engine
Pluto,-11,306.0475946745599,-23.725086131955933,engine
Polaris,-11,38.36441692844177,89.26233213042214,engine
Procyon,-11,114.81971323773055,5.218943895675585,engine
Quaoar,-11,280.5848870732583,-15.096932547293747,tno-rate
Rahu,-11,330.67615686851354,-11.985954785242226,engine
Regulus,-11,152.0874324157879,11.96857124054152,engine
Rigel,-11,78.63715634233918,-8.19885720277389,engine
Saturn,-11,10.669773048690706,1.6397095656276255,engine
Sedna,-11,62.2932599735634,8.846230668631788,tno-rate
Sirius,-11,101.28376591695817,-16.721668221140586,engine
Spica,-11,201.29261892081138,-11.15947465896742,engine
Sun,-11,195.576856885392,-6.641628534845203,engine
Transpluto,-11,156.54202469778818,9.78971168312687,engine
Uranus,-11,63.040797696051584,20.969514882005157,engine
Vega,-11,279.23547224456416,38.79072412149179,engine
Venus,-11,212.08284616157263,-21.02079156049458,engine
Vertex,-11,146.6937127746032,13.389261549325951,engine
Vesta,-11,23.17392163092776,-3.120046714793947,engine
Aldebaran,-10,68.98417911876011,16.50882770166708,engine
Algol,-10,47.04837023318771,40.95565600126396,engine
Algorab,-10,187.45908680880132,-16.51409562874065,engine
Alkaid,-10,206.87583156037226,49.31510351615874,engine
Alphecca,-10,233.66813333202222,26.717291033751067,engine
Altair,-10,297.7006128621535,8.874112977044936,engine
Antares,-10,247.3479336897978,-26.431976969357418,engine
Arcturus,-10,213.90133914051896,19.17001152972534,engine
Ascendant,-10,284.2966265047657,-22.78519965312916,engine
Bellatrix,-10,81.28515996112782,6.351238875201844,engine
Betelgeuse,-10,88.7949754688675,7.408654641163405,engine
Capella,-10,79.17690822190454,45.993057747529996,engine
Castor,-10,113.6473212360104,31.886279790242757,engine
Ceres,-10,109.78911111670949,23.373347293307777,engine
Chiron,-10,26.604141802998768,11.159370529791376,engine
Deneb Algedi,-10,326.76552538955053,-16.12857804912484,engine
Eris,-10,27.08875890868738,-0.07963505967321628,tno-rate
Fomalhaut,-10,344.420437873939,-29.623075818844843,engine
Gonggong,-10,337.3125858540014,-10.272709751549018,tno-rate
Haumea,-10,220.16711636397858,13.567510179080946,tno-rate
Juno,-10,297.6204810617669,-13.132626978644389,engine
Jupiter,-10,143.4583608944703,15.12962357716094,engine
Ketu,-10,150.67607421650257,11.985984674929849,engine
Makemake,-10,201.72958573608955,19.739173876288035,tno-rate
Mars,-10,129.50494725770253,19.71578375591355,engine
Mercury,-10,218.52015380658406,-18.007822161253728,engine
Midheaven,-10,226.11552939326057,-17.349966550700515,engine
Moon,-10,192.84730603624868,-10.54278644853214,engine
Neptune,-10,2.60622825178273,-0.4184190574298149,engine
Orcus,-10,161.29078468899877,-13.604319722956701,tno-rate
Pallas,-10,19.84751393395307,-15.072355373820464,engine
Part_of_Fortune,-10,281.5664431364812,-26.686094903990572,engine
Part_of_Spirit,-10,287.0268098730502,-18.884304402267745,engine
Pleiades,-10,56.8758386974881,24.105468368776616,engine
Pluto,-10,306.04759281765587,-23.725086223719924,engine
Polaris,-10,38.36442149137681,89.26233195258041,engine
Procyon,-10,114.81971307774597,5.218943877521429,engine
Quaoar,-10,280.5848910236383,-15.09693450304731,tno-rate
Rahu,-10,330.67607421650257,-11.985984674929849,engine
Regulus,-10,152.0874322252854,11.968571235971792,engine
Rigel,-10,78.63715627153283,-8.19885718631869,engine
Saturn,-10,10.669723962055146,1.6396886179094725,engine
Sedna,-10,62.29325582963234,8.846228614619829,tno-rate
Sirius,-10,101.28376577917646,-16.721668192267103,engine
Spica,-10,201.29261881142642,-11.159474698176592,engine
Sun,-10,195.57748940453314,-6.641891197670725,engine
Transpluto,-10,156.54203015826053,9.789709578345546,engine
Uranus,-10,63.04078049466815,20.969511805989885,engine
Vega,-10,279.2354724073279,38.790724201090555,engine
Venus,-10,212.0826216640371,-21.020729009945267,engine
Vertex,-10,146.88747504789055,13.322737994385012,engine
Vesta,-10,23.173761085288778,-3.1201103782595783,engine
Aldebaran,-9,68.98417907801804,16.508827641420666,engine
Algol,-9,47.0483702758228,40.95565587393451,engine
Algorab,-9,187.45908665982523,-16.514095671040053,engine
Alkaid,-9,206.87583141624856,49.31510363359977,engine
Alphecca,-9,233.66813332013723,26.717291110278172,engine
Altair,-9,297.7006130278246,8.87411298276768,engine
Antares,-9,247.3479337275545,-26.431977058947133,engine
Arcturus,-9,213.9013390623943,19.170011577303864,engine
Ascendant,-9,284.59672806960407,-22.757608942077923,engine
Bellatrix,-9,81.28515988347512,6.3512388479629385,engine
Betelgeuse,-9,88.79497536923328,7.4086546123224455,engine
Capella,-9,79.1769081198588,45.99305761676975,engine
Castor,-9,113.64732105151039,31.88627972869937,engine
Ceres,-9,109.78929193493597,23.373359739522545,engine
Chiron,-9,26.60411247258416,11.159358454894768,engine
Deneb Algedi,-9,326.76552558462475,-16.128578057564045,engine
Eris,-9,27.088752605097515,-0.07963735088589935,tno-rate
Fomalhaut,-9,344.4204380794356,-29.623075798467767,engine
Gonggong,-9,337.31258055974405,-10.272711408373514,tno-rate
Haumea,-9,220.16712975825226,13.567503279764898,tno-rate
Juno,-9,297.6205968653524,-13.132674509934771,engine
Jupiter,-9,143.45847312867517,15.12958870262309,engine
Ketu,-9,150.67599155006826,11.986014569802604,engine
Makemake,-9,201.72959959486798,19.739167903751156,tno-rate
Mars,-9,129.50535199569168,19.715695751158478,engine
Mercury,-9,218.52086136893712,-18.008106796775095,engine
Midheaven,-9,226.3659297154704,-17.418338041362635,engine
Moon,-9,192.85340516741877,-10.546555957687778,engine
Neptune,-9,2.6062115688892447,-0.41842635038190723,engine
Orcus,-9,161.29079730012216,-13.604327514582618,tno-rate
Pallas,-9,19.84738215964236,-15.07253210923152,engine
Part_of_Fortune,-9,281.8720112984495,-26.662011043026297,engine
Part_of_Spirit,-9,287.32144484075866,-18.85320684112955,engine
Pleiades,-9,56.87583869782279,24.10546828456377,engine
Pluto,-9,306.0475909598984,-23.725086315785624,engine
Polaris,-9,38.36442613596947,89.26233177488281,engine
Procyon,-9,114.81971291814938,5.218943859279049,engine
Quaoar,-9,280.5848949740183,-15.09693645880087,tno-rate
Rahu,-9,330.67599155006826,-11.986014569802604,engine
Regulus,-9,152.08743203448535,11.968571231192096,engine
Rigel,-9,78.63715620163102,-8.198857169780597,engine
Saturn,-9,10.669674874374179,1.6396676703876871,engine
Sedna,-9,62.29325168570129,8.84622656060787,tno-rate
Sirius,-9,101.28376564202851,-16.72166816314157,engine
Spica,-9,201.29261870106023,-11.159474737298035,engine
Sun,-9,195.57812193857336,-6.642153856739402,engine
Transpluto,-9,156.5420356186762,9.78970747358717,engine
Uranus,-9,63.04076329449074,20.969508730337683,engine
Vega,-9,279.23547256927355,38.790724281221976,engine
Venus,-9,212.08239717370034,-21.020666414002434,engine
Vertex,-9,147.0811491431494,13.256061224135623,engine
Vesta,-9,23.173600532442844,-3.120174041699095,engine
Aldebaran,-8,68.98417903829802,16.508827581060167,engine
Algol,-8,47.04837031986285,40.955655746598694,engine
Algorab,-8,187.45908650998854,-16.514095713148144,engine
Alkaid,-8,206.87583127059082,49.31510375077266,engine
Alphecca,-8,233.66813330707365,26.717291186866955,engine
Altair,-8,297.70061319315096,8.874112988647093,engine
Antares,-8,247.34793376420433,-26.43197714870409,engine
Arcturus,-8,213.90133898317288,19.170011624808428,engine
Ascendant,-8,284.8979700667045,-22.72933802676712,engine
Bellatrix,-8,81.28515980669847,6.351238820658599,engine
Betelgeuse,-8,88.79497527038957,7.408654583390922,engine
Capella,-8,79.17690801909758,45.9930574855977,engine
Castor,-8,113.64732086749413,31.886279666640586,engine
Ceres,-8,109.78947276301065,23.373372187769327,engine
Chiron,-8,26.604083142509364,11.15934638033902,engine
Deneb Algedi,-8,326.76552577989725,-16.128578066291652,engine
Eris,-8,27.088746301507648,-0.07963964209858242,tno-rate
Fomalhaut,-8,344.4204382855053,-29.62307577855241,engine
Gonggong,-8,337.31257526548666,-10.272713065198012,tno-rate
Haumea,-8,220.16714315252597,13.567496380448851,tno-rate
Juno,-8,297.62071265865427,-13.13272203955954,engine
Jupiter,-8,143.45858536707706,15.129553827879658,engine
Ketu,-8,150.675908869269,11.986044469839355,engine
Makemake,-8,201.7296134536464,19.739161931214273,tno-rate
Mars,-8,129.50575675126413,19.715607746347946,engine
Mercury,-8,218.52156891851627,-18.008391412987816,engine
Midheaven,-8,226.616330135478,-17.48634607611145,engine
Moon,-8,192.85951042850743,-10.55032338034915,engine
Neptune,-8,2.6061948861327457,-0.41843364330342786,engine
Orcus,-8,161.2908099112456,-13.604335306208537,tno-rate
Pallas,-8,19.847250378417765,-15.07270884681094,engine
Part_of_Fortune,-8,282.1787260075871,-26.637244895058203,engine
Part_of_Spirit,-8,287.6172141258219,-18.821431158476038,engine
Pleiades,-8,56.87583869930072,24.105468200273798,engine
Pluto,-8,306.04758910128317,-23.725086408151274,engine
Polaris,-8,38.364430862170025,89.26233159733394,engine
Procyon,-8,114.81971275894504,5.218943840948597,engine
Quaoar,-8,280.5848989243983,-15.096938414554433,tno-rate
Rahu,-8,330.675908869269,-11.986044469839355,engine
Regulus,-8,152.0874318433924,11.968571226202153,engine
Rigel,-8,78.63715613263626,-8.198857153160166,engine
Saturn,-8,10.669625785616402,1.6396467230553355,engine
Sedna,-8,62.293247541770235,8.84622450659591,tno-rate
Sirius,-8,101.28376550551828,-16.72166813376475,engine
Spica,-8,201.29261858971492,-11.15947477633093,engine
Sun,-8,195.5787544876248,-6.642416512058068,engine
Transpluto,-8,156.54204107903516,9.789705368851648,engine
Uranus,-8,63.0407460955254,20.96950565505294,engine
Vega,-8,279.2354727303963,38.79072436188431,engine
Venus,-8,212.0821726910045,-21.020603772701758,engine
Vertex,-8,147.27473568086845,13.189231944877012,engine
Vesta,-8,23.173439971955364,-3.120237705262697,engine
Aldebaran,-7,68.98417899960192,16.5088275205868,engine
Algol,-7,47.04837036530798,40.9556556192596,engine
Algorab,-7,187.45908635929433,-16.514095755063902,engine
Alkaid,-7,206.8758311234014,49.31510386767412,engine
Alphecca,-7,233.66813329283087,26.717291263515342,engine
Altair,-7,297.7006133581281,8.874112994682958,engine
Antares,-7,247.34793379974536,-26.431977238626327,engine
Arcturus,-7,213.90133890285577,19.170011672237543,engine
Ascendant,-7,285.2003620135739,-22.70037952742333,engine
Bellatrix,-7,81.28515973080056,6.3512387932892524,engine
Betelgeuse,-7,88.79497517233955,7.408654554369298,engine
Capella,-7,79.17690791962447,45.993057354016685,engine
Castor,-7,113.64732068396668,31.886279604067344,engine
Ceres,-7,109.78965360103209,23.373384638072356,engine
Chiron,-7,26.604053812760725,11.159334306123288,engine
Deneb Algedi,-7,326.76552597536335,-16.128578075307896,engine
Eris,-7,27.08873999791778,-0.07964193331126548,tno-rate
Fomalhaut,-7,344.4204384921434,-29.623075759099805,engine
Gonggong,-7,337.3125699712293,-10.272714722022508,tno-rate
Haumea,-7,220.16715654679965,13.567489481132805,tno-rate
Juno,-7,297.6208284416872,-13.132769567506164,engine
Jupiter,-7,143.45869760971638,15.129518952926102,engine
Ketu,-7,150.67582617399734,11.986074375078916,engine
Makemake,-7,201.72962731242484,19.739155958677394,tno-rate
Mars,-7,129.50616152458824,19.715519741468825,engine
Mercury,-7,218.52227645544883,-18.008676009894938,engine
Midheaven,-7,226.86673067406426,-17.55398992738467,engine
Moon,-7,192.8656218581759,-10.554088719662959,engine
Neptune,-7,2.6061782035014347,-0.41844093619658995,engine
Orcus,-7,161.29082252236898,-13.604343097834454,tno-rate
Pallas,-7,19.84711859021307,-15.072885586551905,engine
Part_of_Fortune,-7,282.4865968199503,-26.611789083452607,engine
Part_of_Spirit,-7,287.9141272071975,-18.788969971394053,engine
Pleiades,-7,56.87583870192277,24.105468115908582,engine
Pluto,-7,306.04758724180584,-23.725086500815102,engine
Polaris,-7,38.364435669927204,89.2623314199384,engine
Procyon,-7,114.81971260013738,5.218943822530249,engine
Quaoar,-7,280.5849028747783,-15.096940370307994,tno-rate
Rahu,-7,330.67582617399734,-11.986074375078916,engine
Regulus,-7,152.08743165201108,11.96857122100172,engine
Rigel,-7,78.63715606455106,-8.198857136457951,engine
Saturn,-7,10.669576695799668,1.6396257759258153,engine
Sedna,-7,62.293243397839184,8.84622245258395,tno-rate
Sirius,-7,101.28376536964973,-16.7216681041374,engine
Spica,-7,201.2926184773924,-11.159474815274454,engine
Sun,-7,195.5793870517995,-6.642679163633684,engine
Transpluto,-7,156.5420465393375,9.789703264139035,engine
Uranus,-7,63.04072889775493,20.969502580135845,engine
Vega,-7,279.23547289069137,38.79072444307581,engine
Venus,-7,212.0819482163916,-21.020541086079525,engine
Vertex,-7,147.46823527714102,13.122250865514967,engine
Vesta,-7,23.173279403921867,-3.1203013688730614,engine
Aldebaran,-6,68.98417896193155,16.50882746000179,engine
Algol,-6,47.048370412158185,40.955655491920254,engine
Algorab,-6,187.45908620774563,-16.514095796786282,engine
Alkaid,-6,206.87583097468286,49.31510398430084,engine
Alphecca,-6,233.6681332774083,26.71729134022126,engine
Altair,-6,297.7006135227516,8.874113000875038,engine
Antares,-6,247.34793383417582,-26.43197732871192,engine
Arcturus,-6,213.90133882144406,19.170011719589738,engine
Ascendant,-6,285.5039134875898,-22.670725966042212,engine
Bellatrix,-6,81.28515965578399,6.351238765855335,engine
Betelgeuse,-6,88.79497507508636,7.408654525258033,engine
Capella,-6,79.17690782144307,45.993057222029535,engine
Castor,-6,113.64732050093305,31.88627954098063,engine
Ceres,-6,109.78983444909854,23.373397090455924,engine
Chiron,-6,26.604024483324604,11.159322232246716,engine
Deneb Algedi,-6,326.76552617101817,-16.128578084612997,engine
Eris,-6,27.088733694327917,-0.07964422452394855,tno-rate
Fomalhaut,-6,344.42043869934497,-29.623075740111044,engine
Gonggong,-6,337.312564676972,-10.272716378847006,tno-rate
Haumea,-6,220.16716994107335,13.567482581816758,tno-rate
Juno,-6,297.6209442143594,-13.132817093763805,engine
Jupiter,-6,143.45880985653486,15.129484077788081,engine
Ketu,-6,150.67574346431172,11.986104285500181,engine
Makemake,-6,201.72964117120324,19.73914998614051,tno-rate
Mars,-6,129.50656631583186,19.715431736507984,engine
Mercury,-6,218.5229839798618,-18.00896058749954,engine
Midheaven,-6,227.11713135293115,-17.621268878823944,engine
Moon,-6,192.87173949500888,-10.55785197882996,engine
Neptune,-6,2.6061615209943048,-0.4184482290591827,engine
Orcus,-6,161.2908351334924,-13.60435088946037,tno-rate
Pallas,-6,19.846986795110162,-15.073062328474236,engine
Part_of_Fortune,-6,282.7956333513895,-26.58563613339895,engine
Part_of_Spirit,-6,288.2121936237901,-18.755815798685475,engine
Pleiades,-6,56.87583870568987,24.105468031469997,engine
Pluto,-6,306.04758538145984,-23.72508659377521,engine
Polaris,-6,38.36444055918816,89.2623312427008,engine
Procyon,-6,114.81971244173064,5.2189438040241605,engine
Quaoar,-6,280.5849068251583,-15.096942326061557,tno-rate
Rahu,-6,330.6757434643117,-11.986104285500181,engine
Regulus,-6,152.08743146034598,11.968571215590565,engine
Rigel,-6,78.63715599737787,-8.198857119674502,engine
Saturn,-6,10.669527604892606,1.6396048289921836,engine
Sedna,-6,62.293239253908126,8.84622039857199,tno-rate
Sirius,-6,101.28376523442681,-16.721668074260283,engine
Spica,-6,201.29261836409484,-11.15947485412778,engine
Sun,-6,195.58001963120918,-6.642941811473225,engine
Transpluto,-6,156.5420519995831,9.789701159449423,engine
Uranus,-6,63.0407117011854,20.969499505590786,engine
Vega,-6,279.2354730501541,38.790724524794676,engine
Venus,-6,212.08172375190964,-21.02047835463965,engine
Vertex,-6,147.66164854656137,13.055118696586993,engine
Vesta,-6,23.173118828437964,-3.120365032452904,engine
Aldebaran,-5,68.98417892528872,16.50882739930633,engine
Algol,-5,47.04837046041352,40.95565536458361,engine
Algorab,-5,187.45908605534547,-16.514095838314304,engine
Alkaid,-5,206.8758308244374,49.31510410064959,engine
Alphecca,-5,233.66813326080526,26.7172914169827,engine
Altair,-5,297.7006136870171,8.874113007223109,engine
Antares,-5,247.34793386749388,-26.431977418958972,engine
Arcturus,-5,213.9013387389388,19.170011766863556,engine
Ascendant,-5,285.808634328336,-22.640369745079532,engine
Bellatrix,-5,81.2851595816514,6.351238738357256,engine
Betelgeuse,-5,88.79497497863304,7.408654496057545,engine
Capella,-5,79.17690772455686,45.993057089638974,engine
Castor,-5,113.64732031839814,31.886279477381354,engine
Ceres,-5,109.79001530707254,23.373409544936397,engine
Chiron,-5,26.603995154182495,11.159310158703947,engine
Deneb Algedi,-5,326.76552636685716,-16.128578094207167,engine
Eris,-5,27.088727390733823,-0.079646515738168,tno-rate
Fomalhaut,-5,344.42043890710556,-29.62307572158716,engine
Gonggong,-5,337.3125593827111,-10.272718035672614,tno-rate
Haumea,-5,220.16718333535601,13.567475682496084,tno-rate
Juno,-5,297.62105997697665,-13.13286461834845,engine
Jupiter,-5,143.4589221076808,15.129449202427615,engine
Ketu,-5,150.67566074015997,11.986134201121967,engine
Makemake,-5,201.72965502999097,19.739144013599624,tno-rate
Mars,-5,129.50697112491324,19.715343731512753,engine
Mercury,-5,218.52369149235673,-18.009245145995795,engine
Midheaven,-5,227.3675323612186,-17.688182269548197,engine
Moon,-5,192.87786338159634,-10.56161316361147,engine
Neptune,-5,2.6061448385883703,-0.4184555218983083,engine
Orcus,-5,161.29084774462427,-13.604358681091513,tno-rate
Pallas,-5,19.84685499265895,-15.073239072636088,engine
Part_of_Fortune,-5,283.10584548354274,-26.55877845293112,engine
Part_of_Spirit,-5,288.51142317312923,-18.721961037227945,engine
Pleiades,-5,56.87583871060287,24.105467946959877,engine
Pluto,-5,306.0475835202445,-23.725086687030107,engine
Polaris,-5,38.36444552990185,89.26233106562559,engine
Procyon,-5,114.8197122837291,5.218943785430496,engine
Quaoar,-5,280.58491077554095,-15.09694428181643,tno-rate
Rahu,-5,330.67566074015997,-11.986134201121967,engine
Regulus,-5,152.08743126840153,11.968571209968427,engine
Rigel,-5,78.63715593111912,-8.198857102810374,engine
Saturn,-5,10.669478512847377,1.639583882240225,engine
Sedna,-5,62.2932351099743,8.846218344558654,tno-rate
Sirius,-5,101.28376509985338,-16.721668044134166,engine
Spica,-5,201.29261824982407,-11.15947489289013,engine
Sun,-5,195.5806522263896,-6.643204455759884,engine
Transpluto,-5,156.54205745977566,9.78969905478127,engine
Uranus,-5,63.040694505793795,20.969496431416903,engine
Vega,-5,279.23547320877987,38.79072460703922,engine
Venus,-5,212.08149929463602,-21.02041557744368,engine
Vertex,-5,147.85497623077615,12.987836105481838,engine
Vesta,-5,23.172958244961677,-3.120428696195088,engine
Aldebaran,-4,68.98417888967523,16.508827338501746,engine
Algol,-4,47.048370510073894,40.95565523725292,engine
Algorab,-4,187.4590859020971,-16.514095879646884,engine
Alkaid,-4,206.87583067266786,49.31510421671694,engine
Alphecca,-4,233.66813324302134,26.717291493797482,engine
Altair,-4,297.70061385092,8.874113013726936,engine
Antares,-4,247.34793389969778,-26.431977509365417,engine
Arcturus,-4,213.90133865534122,19.17001181405748,engine
Ascendant,-4,286.1145338209637,-22.609303228262846,engine
Bellatrix,-4,81.28515950840547,6.351238710795487,engine
Betelgeuse,-4,88.79497488298281,7.40865446676834,engine
Capella,-4,79.1769076289695,45.99305695684804,engine
Castor,-4,113.64732013636724,31.88627941327063,engine
Ceres,-4,109.79019617480938,23.37342200152126,engine
Chiron,-4,26.603965825355147,11.159298085509095,engine
Deneb Algedi,-4,326.7655265628754,-16.12857810409059,engine
Eris,-4,27.088721087143956,-0.07964880695085107,tno-rate
Fomalhaut,-4,344.4204391154201,-29.62307570352919,engine
Gonggong,-4,337.3125540884537,-10.27271969249711,tno-rate
Haumea,-4,220.16719672962972,13.567468783180038,tno-rate
Juno,-4,297.62117572929264,-13.132912141185562,engine
Jupiter,-4,143.4590343629452,15.129414326917153,engine
Ketu,-4,150.67557800165633,11.98616412190298,engine
Makemake,-4,201.7296688887694,19.739138041062745,tno-rate
Mars,-4,129.50737595163028,19.715255726548172,engine
Mercury,-4,218.52439899211177,-18.00952968500554,engine
Midheaven,-4,227.61793338570885,-17.754729315316197,engine
Moon,-4,192.88399354804514,-10.565372272237838,engine
Neptune,-4,2.606128156302296,-0.41846281470308183,engine
Orcus,-4,161.29086035574767,-13.60436647271743,tno-rate
Pallas,-4,19.84672318311827,-15.073415818820084,engine
Part_of_Fortune,-4,283.41724253240534,-26.531208404352142,engine
Part_of_Spirit,-4,288.81182510952203,-18.68739805217355,engine
Pleiades,-4,56.87583871666263,24.105467862380177,engine
Pluto,-4,306.04758165815565,-23.72508678057777,engine
Polaris,-4,38.36445058200565,89.26233088871759,engine
Procyon,-4,114.81971212613725,5.218943766749446,engine
Quaoar,-4,280.58491472592095,-15.096946237569993,tno-rate
Rahu,-4,330.67557800165633,-11.98616412190298,engine
Regulus,-4,152.08743107618264,11.96857120413508,engine
Rigel,-4,78.63715586577736,-8.198857085866136,engine
Saturn,-4,10.66942941971484,1.6395629356978498,engine
Sedna,-4,62.29323096604324,8.846216290546694,tno-rate
Sirius,-4,101.28376496593354,-16.721668013759857,engine
Spica,-4,201.2926181345824,-11.159474931560617,engine
Sun,-4,195.58128483660346,-6.643467096148541,engine
Transpluto,-4,156.5420629199079,9.789696950137497,engine
Uranus,-4,63.04067731159174,20.969493357619527,engine
Vega,-4,279.2354733665638,38.790724689807526,engine
Venus,-4,212.0812748469184,-21.02035275508098,engine
Vertex,-4,148.04821868143023,12.920403896528521,engine
Vesta,-4,23.172797653804313,-3.120492359936861,engine
Aldebaran,-3,68.98417885509289,16.508827277589223,engine
Algol,-3,47.04837056113926,40.95565510993112,engine
Algorab,-3,187.4590857480036,-16.514095920783024,engine
Alkaid,-3,206.8758305193765,49.31510433249962,engine
Alphecca,-3,233.66813322405577,26.71729157066361,engine
Altair,-3,297.70061401445594,8.87411302038629,engine
Antares,-3,247.34793393078573,-26.431977599929354,engine
Arcturus,-3,213.90133857065248,19.17001186117003,engine
Ascendant,-3,286.4216219168579,-22.57751861808114,engine
Bellatrix,-3,81.28515943604877,6.3512386831704495,engine
Betelgeuse,-3,88.79497478813875,7.408654437390855,engine
Capella,-3,79.17690753468446,45.99305682365949,engine
Castor,-3,113.64731995484519,31.886279348649378,engine
Ceres,-3,109.79037705252793,23.373434460243026,engine
Chiron,-3,26.603936496824023,11.159286012656802,engine
Deneb Algedi,-3,326.765526759068,-16.128578114263483,engine
Eris,-3,27.08871478355409,-0.07965109816353415,tno-rate
Fomalhaut,-3,344.420439324284,-29.62307568593819,engine
Gonggong,-3,337.31254879419635,-10.272721349321609,tno-rate
Haumea,-3,220.1672101239034,13.567461883863992,tno-rate
Juno,-3,297.62129147140047,-13.132959662294533,engine
Jupiter,-3,143.45914662247625,15.129379451218716,engine
Ketu,-3,150.67549524880394,11.986194047842027,engine
Makemake,-3,201.72968274754783,19.739132068525862,tno-rate
Mars,-3,129.50778079590046,19.71516772166152,engine
Mercury,-3,218.52510647972824,-18.009814204723263,engine
Midheaven,-3,227.86833461458514,-17.820909376663923,engine
Moon,-3,192.89013003664527,-10.569129310537727,engine
Neptune,-3,2.606111474121188,-0.41847010747728897,engine
Orcus,-3,161.2908729668711,-13.604374264343347,tno-rate
Pallas,-3,19.846591366334124,-15.073592567137656,engine
Part_of_Fortune,-3,283.72983449111723,-26.50291819579639,engine
Part_of_Spirit,-3,289.1134093425985,-18.65211904036589,engine
Pleiades,-3,56.875838723869954,24.105467777732763,engine
Pluto,-3,306.04757979518797,-23.72508687441645,engine
Polaris,-3,38.36445571544532,89.26233071198128,engine
Procyon,-3,114.81971196895928,5.218943747981168,engine
Quaoar,-3,280.58491867630096,-15.096948193323554,tno-rate
Rahu,-3,330.67549524880394,-11.986194047842027,engine
Regulus,-3,152.0874308836937,11.968571198090286,engine
Rigel,-3,78.63715580135495,-8.198857068842338,engine
Saturn,-3,10.66938032544724,1.6395419893508534,engine
Sedna,-3,62.29322682211219,8.846214236534736,tno-rate
Sirius,-3,101.28376483267114,-16.721667983138115,engine
Spica,-3,201.29261801837185,-11.159474970138472,engine
Sun,-3,195.58191746238592,-6.643729732822475,engine
Transpluto,-3,156.5420683799834,9.789694845516614,engine
Uranus,-3,63.04066011857361,20.96949028420095,engine
Vega,-3,279.2354735235012,38.79072477309787,engine
Venus,-3,212.0810504090468,-21.020289887548444,engine
Vertex,-3,148.24137663516007,12.852822741301706,engine
Vesta,-3,23.17263705495421,-3.1205560236435868,engine
Aldebaran,-2,68.98417882154341,16.508827216570015,engine
Algol,-2,47.04837061360956,40.95565498262129,engine
Algorab,-2,187.459085593068,-16.514095961721715,engine
Alkaid,-2,206.87583036456599,49.315104447994415,engine
Alphecca,-2,233.6681332039082,26.717291647578996,engine
Altair,-2,297.70061417762054,8.874113027200924,engine
Antares,-2,247.34793396075602,-26.431977690648836,engine
Arcturus,-2,213.90133848487372,19.170011908199765,engine
Ascendant,-2,286.72990842302977,-22.545008035215506,engine
Bellatrix,-2,81.28515936458385,6.351238655482578,engine
Betelgeuse,-2,88.79497469410389,7.408654407925551,engine
Capella,-2,79.17690744170518,45.993056690076166,engine
Castor,-2,113.64731977383703,31.88627928351863,engine
Ceres,-2,109.79055793996878,23.373446921109597,engine
Chiron,-2,26.603907168570526,11.159273940144985,engine
Deneb Algedi,-2,326.76552695543046,-16.12857812472604,engine
Eris,-2,27.088708479964225,-0.07965338937621722,tno-rate
Fomalhaut,-2,344.42043953369244,-29.623075668815165,engine
Gonggong,-2,337.312543499939,-10.272723006146105,tno-rate
Haumea,-2,220.1672235181771,13.567454984547943,tno-rate
Juno,-2,297.6214072033161,-13.13300718166289,engine
Jupiter,-2,143.4592588862152,15.129344575358,engine
Ketu,-2,150.67541248149496,11.986223978978101,engine
Makemake,-2,201.72969660632623,19.739126095988983,tno-rate
Mars,-2,129.50818565789015,19.715079716839647,engine
Mercury,-2,218.52581395526286,-18.010098705080107,engine
Midheaven,-2,228.11873607135746,-17.88672178055898,engine
Moon,-2,192.89627288549394,-10.572884281851916,engine
Neptune,-2,2.6060947920332462,-0.4184774002231402,engine
Orcus,-2,161.2908855779945,-13.604382055969264,tno-rate
Pallas,-2,19.846459542388853,-15.073769317608322,engine
Part_of_Fortune,-2,284.0436312046761,-26.47389995127851,engine
Part_of_Spirit,-2,289.41618564138344,-18.6161161191525,engine
Pleiades,-2,56.87583873222565,24.105467693019484,engine
Pluto,-2,306.0475779313372,-23.725086968544367,engine
Polaris,-2,38.364460930161805,89.26233053542127,engine
Procyon,-2,114.81971181219953,5.21894372912584,engine
Quaoar,-2,280.58492262668096,-15.096950149077117,tno-rate
Rahu,-2,330.67541248149496,-11.986223978978101,engine
Regulus,-2,152.08743069093936,11.968571191833817,engine
Rigel,-2,78.63715573785429,-8.198857051739553,engine
Saturn,-2,10.669331230029712,1.6395210431990612,engine
Sedna,-2,62.29322267818113,8.846212182522777,tno-rate
Sirius,-2,101.28376470007002,-16.72166795226975,engine
Spica,-2,201.2926179011945,-11.15947500862286,engine
Sun,-2,195.58255010384758,-6.643992365788911,engine
Transpluto,-2,156.5420738400022,9.789692740918696,engine
Uranus,-2,63.04064292672786,20.969487211162374,engine
Vega,-2,279.2354736795876,38.79072485690842,engine
Venus,-2,212.0808259830674,-21.02022697535264,engine
Vertex,-2,148.43445069929487,12.785093357504733,engine
Vesta,-2,23.17247644797754,-3.120619687465319,engine
Aldebaran,-1,68.98417878902852,16.508827155445346,engine
Algol,-1,47.048370667484704,40.955654855326465,engine
Algorab,-1,187.45908543729362,-16.514096002461937,engine
Alkaid,-1,206.87583020823882,49.31510456319799,engine
Alphecca,-1,233.66813318257803,26.71729172454156,engine
Altair,-1,297.70061434040935,8.874113034170596,engine
Antares,-1,247.34793398960693,-26.431977781521905,engine
Arcturus,-1,213.90133839800617,19.1700119551452,engine
Ascendant,-1,287.0394031977252,-22.511763498387015,engine
Bellatrix,-1,81.2851592940133,6.3512386277323065,engine
Betelgeuse,-1,88.79497460088129,7.408654378372887,engine
Capella,-1,79.17690735003518,45.99305655610096,engine
Castor,-1,113.64731959334767,31.88627921787941,engine
Ceres,-1,109.79073883734802,23.373459384150497,engine
Chiron,-1,26.603877840595782,11.159261867976351,engine
Deneb Algedi,-1,326.7655271519577,-16.128578135478442,engine
Eris,-1,27.08870217637436,-0.07965568058890028,tno-rate
Fomalhaut,-1,344.4204397436406,-29.62307565216112,engine
Gonggong,-1,337.3125382056816,-10.272724662970603,tno-rate
Haumea,-1,220.1672369124508,13.567448085231897,tno-rate
Juno,-1,297.6215229250555,-13.133054699278205,engine
Jupiter,-1,143.45937115420188,15.129309699330527,engine
Ketu,-1,150.6753296997884,11.986253915289891,engine
Makemake,-1,201.72971046510466,19.7391201234521,tno-rate
Mars,-1,129.50859053776549,19.714991712069367,engine
Mercury,-1,218.52652141898272,-18.010383186225358,engine
Midheaven,-1,228.36913777672763,-17.952165863697214,engine
Moon,-1,192.90242213255468,-10.576637189580499,engine
Neptune,-1,2.6060781100374615,-0.41848469293842416,engine
Orcus,-1,161.2908981891179,-13.604389847595183,tno-rate
Pallas,-1,19.846327710921283,-15.073946070171424,engine
Part_of_Fortune,-1,284.35864256918114,-26.444145692912375,engine
Part_of_Spirit,-1,289.7201638262693,-18.579381303861656,engine
Pleiades,-1,56.87583874173053,24.105467608242247,engine
Pluto,-1,306.0475760665991,-23.72508706295969,engine
Polaris,-1,38.364466226094436,89.2623303590421,engine
Procyon,-1,114.81971165586222,5.218943710183631,engine
Quaoar,-1,280.58492657706097,-15.096952104830677,tno-rate
Rahu,-1,330.6753296997884,-11.986253915289891,engine
Regulus,-1,152.08743049792426,11.968571185365443,engine
Rigel,-1,78.6371556752778,-8.198857034558326,engine
Saturn,-1,10.669282133447386,1.6395000972422917,engine
Sedna,-1,62.29321853425008,8.846210128510817,tno-rate
Sirius,-1,101.2837645681341,-16.721667921155525,engine
Spica,-1,201.29261778305246,-11.159475047012993,engine
Sun,-1,195.58318276109875,-6.644254995055139,engine
Transpluto,-1,156.54207929996423,9.789690636343705,engine
Uranus,-1,63.040625736043,20.969484138504953,engine
Vega,-1,279.23547383481815,38.7907249412374,engine
Venus,-1,212.0806015662052,-21.020164017599583,engine
Vertex,-1,148.62744147687917,12.71721646554666,engine
Vesta,-1,23.172315833147323,-3.1206833512488723,engine
Aldebaran,0,68.98417875754996,16.508827094216464,engine
Algol,0,47.048370722764545,40.95565472804969,engine
Algorab,0,187.45908528068347,-16.514096043002713,engine
Alkaid,0,206.87583005039764,49.315104678107105,engine
Alphecca,0,233.6681331600648,26.717291801549255,engine
Altair,0,297.700614502818,8.87411304129508,engine
Antares,0,247.34793401733677,-26.43197787254658,engine
Arcturus,0,213.90133831005102,19.17001200200487,engine
Ascendant,0,287.3501161539985,-22.477776923114565,engine
Bellatrix,0,81.28515922433965,6.351238599920081,engine
Betelgeuse,0,88.79497450847401,7.408654348733328,engine
Capella,0,79.17690725967783,45.99305642173674,engine
Castor,0,113.64731941338218,31.886279151732744,engine
Ceres,0,109.79091974440574,23.373471849373544,engine
Chiron,0,26.60384851288118,11.159249796148794,engine
Deneb Algedi,0,326.7655273486452,-16.12857814652087,engine
Eris,0,27.08869587278449,-0.07965797180158335,tno-rate
Fomalhaut,0,344.42043995412376,-29.62307563597707,engine
Gonggong,0,337.3125329114243,-10.2727263197951,tno-rate
Haumea,0,220.1672503067245,13.56744118591585,tno-rate
Juno,0,297.6216386366351,-13.133102215128039,engine
Jupiter,0,143.45948342647603,15.12927482313178,engine
Ketu,0,150.6752469036872,11.98628385677625,engine
Makemake,0,201.7297243238831,19.73911415091522,tno-rate
Mars,0,129.50899543517139,19.714903707456944,engine
Mercury,0,218.5272288709444,-18.01066764809054,engine
Midheaven,0,228.61953975230932,-18.017240973390024,engine
Moon,0,192.90857781565404,-10.580388037139624,engine
Neptune,0,2.606061428122029,-0.41849198562535445,engine
Orcus,0,161.2909108002413,-13.6043976392211,tno-rate
Pallas,0,19.846195872014,-15.074122824846357,engine
Part_of_Fortune,0,284.67487853540297,-26.413647339625687,engine
Part_of_Spirit,0,290.02535377259403,-18.541906506603443,engine
Pleiades,0,56.87583875238533,24.105467523402908,engine
Pluto,0,306.0475742009697,-23.725087157660607,engine
Polaris,0,38.364471603181066,89.26233018284834,engine
Procyon,0,114.81971149995168,5.218943691154719,engine
Quaoar,0,280.584930527441,-15.09695406058424,tno-rate
Rahu,0,330.6752469036872,-11.98628385677625,engine
Regulus,0,152.08743030465294,11.96857117868494,engine
Rigel,0,78.63715561362781,-8.198857017299236,engine
Saturn,0,10.669233035685446,1.6394791514803613,engine
Sedna,0,62.29321439031902,8.846208074498858,tno-rate
Sirius,0,101.28376443686726,-16.721667889796258,engine
Spica,0,201.29261766394796,-11.159475085308047,engine
Sun,0,195.58381543424957,-6.644517620628501,engine
Transpluto,0,156.54208475986965,9.789688531791633,engine
Uranus,0,63.04060854652479,20.969481066233058,engine
Vega,0,279.2354739891884,38.79072502608293,engine
Venus,0,212.0803771605058,-21.02010101479724,engine
Vertex,0,148.82034956956105,12.649192787552412,engine
Vesta,0,23.17215521002988,-3.1207470151443077,engine
Aldebaran,1,68.98417872710941,16.508827032884607,engine
Algol,1,47.04837077944889,40.955654600794034,engine
Algorab,1,187.4590851232408,-16.514096083343002,engine
Alkaid,1,206.87582989104504,49.31510479271847,engine
Alphecca,1,233.66813313636797,26.717291878599994,engine
Altair,1,297.70061466484213,8.874113048574111,engine
Antares,1,247.34793404394387,-26.43197796372092,engine
Arcturus,1,213.90133822100952,19.1700120487773,engine
Ascendant,1,287.662057256368,-22.44304012121491,engine
Bellatrix,1,81.28515915556544,6.351238572046334,engine
Betelgeuse,1,88.79497441688507,7.408654319007341,engine
Capella,1,79.17690717063658,45.99305628698637,engine
Castor,1,113.64731923394545,31.88627908507966,engine
Ceres,1,109.79110066123867,23.373484316802777,engine
Chiron,1,26.60381918542779,11.159237724665015,engine
Deneb Algedi,1,326.765527545488,-16.128578157853525,engine
Eris,1,27.088689569194624,-0.07966026301426642,tno-rate
Fomalhaut,1,344.42044016513705,-29.623075620264018,engine
Gonggong,1,337.31252761716695,-10.272727976619596,tno-rate
Haumea,1,220.1672637009982,13.567434286599804,tno-rate
Juno,1,297.6217543380715,-13.133149729199989,engine
Jupiter,1,143.45959570297865,15.129239946787498,engine
Ketu,1,150.67516409325032,11.986313803415882,engine
Makemake,1,201.72973818266152,19.73910817837834,tno-rate
Mars,1,129.50940035044673,19.71481570294937,engine
Mercury,1,218.52793631127474,-18.010952090679933,engine
Midheaven,1,228.86994201876482,-18.081946466980728,engine
Moon,1,192.91473997253274,-10.584136827992875,engine
Neptune,1,2.606044746285929,-0.4184992782817191,engine
Orcus,1,161.2909234113647,-13.604405430847017,tno-rate
Pallas,1,19.846064025749758,-15.074299581652431,engine
Part_of_Fortune,1,284.9923491054908,-26.382396706691367,engine
Part_of_Spirit,1,290.33176540724514,-18.503683535738453,engine
Pleiades,1,56.87583876419078,24.105467438503386,engine
Pluto,1,306.0475723344449,-23.725087252645295,engine
Polaris,1,38.36447706135788,89.2623300068446,engine
Procyon,1,114.8197113444722,5.218943672039286,engine
Quaoar,1,280.584934477821,-15.096956016337803,tno-rate
Rahu,1,330.6751640932503,-11.986313803415882,engine
Regulus,1,152.08743011113006,11.968571171792096,engine
Rigel,1,78.63715555290672,-8.198856999962835,engine
Saturn,1,10.66918393672911,1.6394582059131046,engine
Sedna,1,62.293210246387964,8.846206020486898,tno-rate
Sirius,1,101.28376430627335,-16.72166785819273,engine
Spica,1,201.2926175438831,-11.159475123507223,engine
Sun,1,195.5844481234099,-6.6447802425164175,engine
Transpluto,1,156.54209021971835,9.789686427262444,engine
Uranus,1,63.040591358161635,20.96947799434783,engine
Vega,1,279.23547414269365,38.79072511144321,engine
Venus,1,212.0801527664073,-21.020037966987122,engine
Vertex,1,149.01317557617483,12.581023047880343,engine
Vesta,1,23.171994578721936,-3.120810679074159,engine
Aldebaran,2,68.98417869770853,16.508826971451036,engine
Algol,2,47.0483708375376,40.95565447356251,engine
Algorab,2,187.45908496496884,-16.51409612348182,engine
Alkaid,2,206.8758297301837,49.31510490702883,engine
Alphecca,2,233.66813311148718,26.7172919556917,engine
Altair,2,297.7006148264772,8.874113056007442,engine
Antares,2,247.34793406942651,-26.43197805504295,engine
Arcturus,2,213.90133813088292,19.170012095461026,engine
Ascendant,2,287.9752365243519,-22.40754479956392,engine
Bellatrix,2,81.28515908769317,6.35123854411151,engine
Betelgeuse,2,88.79497432611748,7.408654289195392,engine
Capella,2,79.1769070829148,45.99305615185275,engine
Castor,2,113.64731905504244,31.886279017921225,engine
Ceres,2,109.79128158794332,23.373496786462145,engine
Chiron,2,26.60378985822196,11.159225653524096,engine
Deneb Algedi,2,326.76552774248137,-16.12857816947654,engine
Eris,2,27.088683265604757,-0.07966255422694948,tno-rate
Fomalhaut,2,344.42044037667563,-29.623075605022933,engine
Gonggong,2,337.31252232290956,-10.272729633444094,tno-rate
Haumea,2,220.16727709527188,13.567427387283757,tno-rate
Juno,2,297.6218700293815,-13.133197241481655,engine
Jupiter,2,143.45970798378218,15.129205070283113,engine
Ketu,2,150.6750812683697,11.98634375524782,engine
Makemake,2,201.72975204143995,19.73910220584146,tno-rate
Mars,2,129.50980528323578,19.714727698652876,engine
Mercury,2,218.52864374010014,-18.011236513998043,engine
Midheaven,2,229.12034459952523,-18.14628171270675,engine
Moon,2,192.92090864076195,-10.587883565649745,engine
Neptune,2,2.606028064517367,-0.4185065709097288,engine
Orcus,2,161.29093602248813,-13.604413222472935,tno-rate
Pallas,2,19.845932171767764,-15.074476340528761,engine
Part_of_Fortune,2,285.31106433642475,-26.35038550448734,engine
Part_of_Spirit,2,290.639408712279,-18.4647040946405,engine
Pleiades,2,56.87583877714763,24.105467353545524,engine
Pluto,2,306.0475704670206,-23.725087347911913,engine
Polaris,2,38.36448260055963,89.26232983103543,engine
Procyon,2,114.81971118942796,5.218943652837505,engine
Quaoar,2,280.584938428201,-15.096957972091364,tno-rate
Rahu,2,330.6750812683697,-11.98634375524782,engine
Regulus,2,152.0874299173602,11.968571164686695,engine
Rigel,2,78.63715549311681,-8.1988569825497,engine
Saturn,2,10.669134836563607,1.6394372605403331,engine
Sedna,2,62.293206102456914,8.846203966474938,tno-rate
Sirius,2,101.28376417635623,-16.721667826345772,engine
Spica,2,201.2926174228601,-11.159475161609711,engine
Sun,2,195.5850808286891,-6.645042860726325,engine
Transpluto,2,156.54209567951028,9.789684322756267,engine
Uranus,2,63.040574170941944,20.96947492285039,engine
Vega,2,279.23547429532925,38.79072519731638,engine
Venus,2,212.0799283859539,-21.01997487467843,engine
Vertex,2,149.20592009562392,12.512707972121701,engine
Vesta,2,23.171833939320212,-3.1208743429609944,engine
Aldebaran,3,68.98417866934898,16.50882690991699,engine
Algol,3,47.04837089703046,40.95565434635822,engine
Algorab,3,187.45908480587073,-16.514096163418188,engine
Alkaid,3,206.8758295678163,49.315105021034924,engine
Alphecca,3,233.668133085422,26.717292032822293,engine
Altair,3,297.700614987719,8.874113063594827,engine
Antares,3,247.34793409378315,-26.431978146510705,engine
Arcturus,3,213.90133803967257,19.170012142054585,engine
Ascendant,3,288.28966402434656,-22.371282560180287,engine
Bellatrix,3,81.28515902072535,6.351238516116056,engine
Betelgeuse,3,88.79497423617424,7.408654259297942,engine
Capella,3,79.17690699651584,45.99305601633878,engine
Castor,3,113.64731887667816,31.88627895025848,engine
Ceres,3,109.79146252425909,23.37350925835943,engine
Chiron,3,26.60376053124995,11.15921358272513,engine
Deneb Algedi,3,326.76552793962054,-16.128578181390104,engine
Eris,3,27.088676962014894,-0.07966484543963255,tno-rate
Fomalhaut,3,344.4204405887348,-29.623075590254818,engine
Gonggong,3,337.3125170286522,-10.27273129026859,tno-rate
Haumea,3,220.1672904895456,13.56742048796771,tno-rate
Juno,3,297.6219857105822,-13.133244751960659,engine
Jupiter,3,143.45982026882737,15.129170193644367,engine
Ketu,3,150.67499842910433,11.986373712250758,engine
Makemake,3,201.72976590021835,19.73909623330458,tno-rate
Mars,3,129.51021023370308,19.714639694554243,engine
Mercury,3,218.52935115754715,-18.011520918049467,engine
Midheaven,3,229.37074751520706,-18.210246088159547,engine
Moon,3,192.92708385777112,-10.591628253625776,engine
Neptune,3,2.6060113828153364,-0.4185138635071711,engine
Orcus,3,161.29094863361152,-13.604421014098852,tno-rate
Pallas,3,19.84580031015108,-15.074653101494537,engine
Part_of_Fortune,3,285.63103433192134,-26.317605338540332,engine
Part_of_Spirit,3,290.9482937167718,-18.42495978182024,engine
Pleiades,3,56.87583879125653,24.105467268531246,engine
Pluto,3,306.04756859869025,-23.725087443458516,engine
Polaris,3,38.364488220719466,89.26232965542539,engine
Procyon,3,114.81971103482331,5.218943633549558,engine
Quaoar,3,280.584942378581,-15.096959927844926,tno-rate
Rahu,3,330.67499842910433,-11.986373712250758,engine
Regulus,3,152.08742972334804,11.968571157368526,engine
Rigel,3,78.63715543426046,-8.198856965060392,engine
Saturn,3,10.669085735174198,1.639416315361862,engine
Sedna,3,62.293201958525856,8.846201912462979,tno-rate
Sirius,3,101.28376404711972,-16.721667794256184,engine
Spica,3,201.29261730088115,-11.159475199614707,engine
Sun,3,195.58571355019637,-6.645305475265731,engine
Transpluto,3,156.54210113924552,9.78968221827296,engine
Uranus,3,63.04055698487139,20.969471851745116,engine
Vega,3,279.2354744470907,38.790725283700574,engine
Venus,3,212.07970401636848,-21.01991173697965,engine
Vertex,3,149.398583722599,12.444248288632615,engine
Vesta,3,23.171673291391638,-3.1209380069547987,engine
Aldebaran,4,68.98417864203242,16.508826848283718,engine
Algol,4,47.0483709579272,40.95565421918418,engine
Algorab,4,187.4590846459498,-16.51409620315108,engine
Alkaid,4,206.87582940394557,49.3151051347335,engine
Alphecca,4,233.66813305817197,26.71729210998972,engine
Altair,4,297.70061514856314,8.874113071336001,engine
Antares,4,247.34793411701222,-26.4319782381222,engine
Arcturus,4,213.9013379473797,19.17001218855651,engine
Ascendant,4,288.6053498730254,-22.334244899053502,engine
Bellatrix,4,81.28515895466444,6.351238488060407,engine
Betelgeuse,4,88.79497414705835,7.408654229315471,engine
Capella,4,79.17690691144304,45.99305588044735,engine
Castor,4,113.64731869885743,31.886278882092515,engine
Ceres,4,109.79164347028198,23.373521732518526,engine
Chiron,4,26.60373120451288,11.159201512270775,engine
Deneb Algedi,4,326.7655281369007,-16.12857819359438,engine
Eris,4,27.088670658425027,-0.07966713665231563,tno-rate
Fomalhaut,4,344.4204408013096,-29.623075575960595,engine
Gonggong,4,337.3125117343949,-10.272732947093088,tno-rate
Haumea,4,220.16730388381927,13.567413588651663,tno-rate
Juno,4,297.6221013815844,-13.133292260626314,engine
Jupiter,4,143.45993255815364,15.1291353168668,engine
Ketu,4,150.67491557545713,11.986403674423583,engine
Makemake,4,201.72977975899678,19.739090260767696,tno-rate
Mars,4,129.51061520201287,19.714551690640192,engine
Mercury,4,218.53005856374233,-18.01180530283905,engine
Midheaven,4,229.6211507873317,-18.273838981149478,engine
Moon,4,192.93326566093825,-10.595370895512449,engine
Neptune,4,2.605994701168021,-0.41852115607625956,engine
Orcus,4,161.29096124473494,-13.604428805724769,tno-rate
Pallas,4,19.845668440982752,-15.07482986456886,engine
Part_of_Fortune,4,285.9522692459229,-26.284047708423714,engine
Part_of_Spirit,4,291.2584305001279,-18.38444208968329,engine
Pleiades,4,56.87583880651819,24.10546718346242,engine
Pluto,4,306.04756672945473,-23.725087539283486,engine
Polaris,4,38.36449392176894,89.26232948001906,engine
Procyon,4,114.81971088066244,5.2189436141756325,engine
Quaoar,4,280.584946328961,-15.096961883598487,tno-rate
Rahu,4,330.67491557545713,-11.986403674423583,engine
Regulus,4,152.0874295290982,11.96857114983738,engine
Rigel,4,78.63715537633992,-8.19885694749549,engine
Saturn,4,10.669036632546128,1.6393953703775004,engine
Sedna,4,62.293197814594805,8.84619985845102,tno-rate
Sirius,4,101.28376391856764,-16.721667761924774,engine
Spica,4,201.2926171779485,-11.159475237521415,engine
Sun,4,195.58634628804074,-6.645568086142239,engine
Transpluto,4,156.54210659892402,9.789680113812606,engine
Uranus,4,63.04053979993832,20.969468781033086,engine
Vega,4,279.23547459797345,38.79072537059394,engine
Venus,4,212.07947965969444,-21.01984855440134,engine
Vertex,4,149.59116705046105,12.375644727534086,engine
Vesta,4,23.171512635209744,-3.1210016709022885,engine
Aldebaran,5,68.98417861576043,16.508826786552483,engine
Algol,5,47.04837102022757,40.955654092043446,engine
Algorab,5,187.45908448520916,-16.514096242679532,engine
Alkaid,5,206.87582923857425,49.31510524812133,engine
Alphecca,5,233.6681330297368,26.717292187191887,engine
Altair,5,297.7006153090052,8.874113079230717,engine
Antares,5,247.3479341391119,-26.43197832987546,engine
Arcturus,5,213.90133785400565,19.170012234965334,engine
Ascendant,5,288.9223042337018,-22.29642320578828,engine
Bellatrix,5,81.2851588895129,6.351238459945015,engine
Betelgeuse,5,88.79497405877274,7.408654199248444,engine
Capella,5,79.17690682769971,45.993055744181355,engine
Castor,5,113.64731852158526,31.886278813424383,engine
Ceres,5,109.79182442610795,23.373534208963303,engine
Chiron,5,26.60370187799208,11.159189442158908,engine
Deneb Algedi,5,326.7655283343171,-16.128578206089518,engine
Eris,5,27.08866435483516,-0.0796694278649987,tno-rate
Fomalhaut,5,344.42044101439524,-29.62307556214129,engine
Gonggong,5,337.3125064401375,-10.272734603917584,tno-rate
Haumea,5,220.16731727809298,13.567406689335616,tno-rate
Juno,5,297.62221704261873,-13.133339767462923,engine
Jupiter,5,143.46004485180018,15.129100439945942,engine
Ketu,5,150.67483270743162,11.986433641765023,engine
Makemake,5,201.72979361777521,19.739084288230817,tno-rate
Mars,5,129.51102018780833,19.71446368701699,engine
Mercury,5,218.53076595881197,-18.012089668371758,engine
Midheaven,5,229.87155443646293,-18.33705978913217,engine
Moon,5,192.93945408747365,-10.599111494924275,engine
Neptune,5,2.605978019574412,-0.4185284486147815,engine
Orcus,5,161.29097385585834,-13.604436597350686,tno-rate
Pallas,5,19.84553656390246,-15.075006629690616,engine
Part_of_Fortune,5,286.2747792788447,-26.249704007349102,engine
Part_of_Spirit,5,291.56982918855897,-18.343142404227457,engine
Pleiades,5,56.87583882293325,24.105467098340934,engine
Pluto,5,306.0475648593076,-23.725087635384856,engine
Polaris,5,38.3644997036381,89.26232930482098,engine
Procyon,5,114.8197107269496,5.21894359471591,engine
Quaoar,5,280.584950279341,-15.09696383935205,tno-rate
Rahu,5,330.6748327074316,-11.986433641765023,engine
Regulus,5,152.08742933461528,11.96857114209306,engine
Rigel,5,78.63715531935752,-8.198856929855557,engine
Saturn,5,10.668987528664747,1.6393744255870717,engine
Sedna,5,62.29319367066375,8.846197804439061,tno-rate
Sirius,5,101.28376379070383,-16.72166772935236,engine
Spica,5,201.2926170540643,-11.159475275329026,engine
Sun,5,195.58697904233077,-6.645830693363454,engine
Transpluto,5,156.5421120585458,9.78967800937522,engine
Uranus,5,63.040522616131,20.96946571071545,engine
Vega,5,279.23547474797294,38.79072545799461,engine
Venus,5,212.07925531797483,-21.01978532745486,engine
Vertex,5,149.78367066982656,12.306898021232454,engine
Vesta,5,23.171351970341878,-3.1210653349534025,engine
Aldebaran,6,68.98417859053458,16.50882672472449,engine
Algol,6,47.048371083931315,40.955653964938975,engine
Algorab,6,187.45908432365212,-16.514096282002583,engine
Alkaid,6,206.875829071705,49.31510536119523,engine
Alphecca,6,233.66813300011611,26.717292264426778,engine
Altair,6,297.7006154690409,8.87411308727871,engine
Antares,6,247.34793416008094,-26.43197842176857,engine
Arcturus,6,213.9013377595517,19.170012281279636,engine
Ascendant,6,289.2405375341009,-22.257808736216017,engine
Bellatrix,6,81.28515882527314,6.351238431770302,engine
Betelgeuse,6,88.79497397132033,7.408654169097323,engine
Capella,6,79.17690674528907,45.99305560754366,engine
Castor,6,113.64731834486643,31.88627874425513,engine
Ceres,6,109.792005391597,23.37354668770976,engine
Chiron,6,26.603672551668964,11.159177372384088,engine
Deneb Algedi,6,326.7655285318649,-16.128578218875667,engine
Eris,6,27.088658051241065,-0.07967171907921815,tno-rate
Fomalhaut,6,344.42044122798694,-29.62307554879779,engine
Gonggong,6,337.3125011458766,-10.272736260743192,tno-rate
Haumea,6,220.16733067237564,13.567399790014942,tno-rate
Juno,6,297.622332693674,-13.133387272491682,engine
Jupiter,6,143.4601571497828,15.12906556288417,engine
Ketu,6,150.67474982503086,11.986463614273953,engine
Makemake,6,201.72980747656294,19.73907831568993,tno-rate
Mars,6,129.51142519169798,19.714375683572467,engine
Mercury,6,218.53147334328662,-18.012374014770757,engine
Midheaven,6,230.1219586543078,-18.39990796218448,engine
Moon,6,192.94564917856326,-10.602850057998596,engine
Neptune,6,2.6059613380115274,-0.41853574112983594,engine
Orcus,6,161.2909864669902,-13.604444388981829,tno-rate
Pallas,6,19.845404678905197,-15.075183396997327,engine
Part_of_Fortune,6,286.59857489906506,-26.214565497101457,engine
Part_of_Spirit,6,291.88250016913673,-18.301051975330576,engine
Pleiades,6,56.87583884050234,24.10546701316864,engine
Pluto,6,306.04756298824356,-23.725087731760848,engine
Polaris,6,38.36450556625948,89.26232912983558,engine
Procyon,6,114.8197105736889,5.218943575170562,engine
Quaoar,6,280.5849542297236,-15.096965795106923,tno-rate
Rahu,6,330.67474982503086,-11.986463614273953,engine
Regulus,6,152.0874291399038,11.968571134135367,engine
Rigel,6,78.63715526331545,-8.198856912141158,engine
Saturn,6,10.668938423482452,1.6393534809763388,engine
Sedna,6,62.29318952672992,8.846195750425725,tno-rate
Sirius,6,101.28376366353197,-16.72166769653977,engine
Spica,6,201.29261692923083,-11.159475313036776,engine
Sun,6,195.58761181359912,-6.646093297113155,engine
Transpluto,6,156.54211751811457,9.789675904959301,engine
Uranus,6,63.04050543344355,20.969462640794433,engine
Vega,6,279.23547489708466,38.79072554590075,engine
Venus,6,212.07903098828,-21.01972205520794,engine
Vertex,6,149.97609530081186,12.23800885703732,engine
Vesta,6,23.171191296777547,-3.1211289990733095,engine
Aldebaran,7,68.98417856635652,16.50882666280108,engine
Algol,7,47.048371149038026,40.95565383787398,engine
Algorab,7,187.45908416128205,-16.514096321119197,engine
Alkaid,7,206.87582890334085,49.31510547395181,engine
Alphecca,7,233.6681329693095,26.717292341692193,engine
Altair,7,297.70061562866573,8.874113095479705,engine
Antares,7,247.3479341799176,-26.43197851379942,engine
Arcturus,7,213.90133766401937,19.1700123274979,engine
Ascendant,7,289.560059599839,-22.21839271723039,engine
Bellatrix,7,81.2851587619477,6.351238403536756,engine
Betelgeuse,7,88.79497388470413,7.40865413886261,engine
Capella,7,79.17690666421451,45.993055470537364,engine
Castor,7,113.64731816870606,31.886278674585963,engine
Ceres,7,109.79218636672078,23.37355916877035,engine
Chiron,7,26.60364322556915,11.159165302961553,engine
Deneb Algedi,7,326.76552872953926,-16.128578231952968,engine
Eris,7,27.088651747651202,-0.07967401029190121,tno-rate
Fomalhaut,7,344.4204414420796,-29.623075535931083,engine
Gonggong,7,337.31249585161925,-10.27273791756769,tno-rate
Haumea,7,220.16734406664935,13.567392890698896,tno-rate
Juno,7,297.6224483346132,-13.133434775636566,engine
Jupiter,7,143.46026945202286,15.129030685713754,engine
Ketu,7,150.6746669282581,11.986493591949184,engine
Makemake,7,201.72982133534134,19.739072343153047,tno-rate
Mars,7,129.51183021278112,19.714287680530887,engine
Mercury,7,218.53218071648396,-18.01265834180526,engine
Midheaven,7,230.37236312367898,-18.462382832470354,engine
Moon,7,192.95185096287207,-10.606586583419471,engine
Neptune,7,2.60594465650072,-0.41854303360943274,engine
Orcus,7,161.29099907811363,-13.604452180607746,tno-rate
Pallas,7,19.84527278610348,-15.075360166244094,engine
Part_of_Fortune,7,286.9236659616059,-26.178623403602955,engine
Part_of_Spirit,7,292.19645323807214,-18.258162030857825,engine
Pleiades,7,56.87583885922603,24.105466927947546,engine
Pluto,7,306.04756111626125,-23.72508782840946,engine
Polaris,7,38.36451150955207,89.26232895506766,engine
Procyon,7,114.81971042088479,5.218943555539803,engine
Quaoar,7,280.5849581801036,-15.096967750860486,tno-rate
Rahu,7,330.6746669282581,-11.986493591949184,engine
Regulus,7,152.0874289449687,11.968571125964111,engine
Rigel,7,78.63715520821606,-8.198856894352883,engine
Saturn,7,10.668889317050427,1.6393325365731888,engine
Sedna,7,62.29318538279886,8.846193696413765,tno-rate
Sirius,7,101.28376353705602,-16.721667663487853,engine
Spica,7,201.2926168034505,-11.159475350643808,engine
Sun,7,195.5882446011052,-6.646355897046905,engine
Transpluto,7,156.5421229776229,9.789673800567751,engine
Uranus,7,63.040488251887226,20.96945957127526,engine
Vega,7,279.235475045304,38.79072563431031,engine
Venus,7,212.07880667295245,-21.019658738257952,engine
Vertex,7,150.16844127052363,12.168978064352432,engine
Vesta,7,23.171030614829757,-3.121192663099104,engine
Aldebaran,8,68.98417854322776,16.50882660078346,engine
Algol,8,47.04837121554743,40.95565371085145,engine
Algorab,8,187.4590839981022,-16.514096360028425,engine
Alkaid,8,206.87582873348447,49.31510558638792,engine
Alphecca,8,233.6681329373168,26.717292418986126,engine
Altair,8,297.70061578787545,8.874113103833443,engine
Antares,8,247.34793419862035,-26.43197860596611,engine
Arcturus,8,213.90133756740997,19.170012373618693,engine
Ascendant,8,289.8808809463107,-22.178166189343518,engine
Bellatrix,8,81.28515869953888,6.351238375244806,engine
Betelgeuse,8,88.79497379892705,7.408654108544772,engine
Capella,8,79.17690658447917,45.99305533316527,engine
Castor,8,113.64731799310893,31.88627860441792,engine
Ceres,8,109.79236735133897,23.37357165216101,engine
Chiron,8,26.60361389965919,11.159153233882247,engine
Deneb Algedi,8,326.7655289273353,-16.128578245321563,engine
Eris,8,27.088645444061335,-0.07967630150458428,tno-rate
Fomalhaut,8,344.4204416566685,-29.62307552354207,engine
Gonggong,8,337.3124905573619,-10.272739574392187,tno-rate
Haumea,8,220.16735746092303,13.56738599138285,tno-rate
Juno,8,297.6225639655322,-13.133482276917162,engine
Jupiter,8,143.46038175853596,15.128995808437045,engine
Ketu,8,150.67458401711662,11.986523574789516,engine
Makemake,8,201.72983519411977,19.739066370616168,tno-rate
Mars,8,129.5122352514921,19.714199677819888,engine
Mercury,8,218.5328880789344,-18.012942649598802,engine
Midheaven,8,230.6227680362209,-18.524483869579175,engine
Moon,8,192.9580596429623,-10.610321144563503,engine
Neptune,8,2.6059279750190085,-0.41855032606067183,engine
Orcus,8,161.29101168923702,-13.604459972233663,tno-rate
Pallas,8,19.84514088549257,-15.075536937568293,engine
Part_of_Fortune,8,287.25006318389194,-26.141868840558423,engine
Part_of_Spirit,8,292.51169870872945,-18.214463538128612,engine
Pleiades,8,56.87583887910496,24.105466842679455,engine
Pluto,8,306.0475592433553,-23.725087925328875,engine
Polaris,8,38.36451753344523,89.26232878052164,engine
Procyon,8,114.81971026854136,5.218943535823811,engine
Quaoar,8,280.58496213048363,-15.096969706614047,tno-rate
Rahu,8,330.6745840171166,-11.986523574789516,engine
Regulus,8,152.08742874981448,11.968571117579097,engine
Rigel,8,78.63715515406152,-8.198856876491304,engine
Saturn,8,10.66884020930471,1.6393115923566037,engine
Sedna,8,62.29318123886781,8.846191642401806,tno-rate
Sirius,8,101.28376341127966,-16.721667630197416,engine
Spica,8,201.2926166767255,-11.159475388149367,engine
Sun,8,195.58887740538108,-6.646618493348596,engine
Transpluto,8,156.54212843707458,9.789671696199132,engine
Uranus,8,63.040471071438745,20.969456502156962,engine
Vega,8,279.2354751926265,38.79072572322149,engine
Venus,8,212.07858237388342,-21.01959537707587,engine
Vertex,8,150.36070929515452,12.099806334696513,engine
Vesta,8,23.17086992395839,-3.1212563272233873,engine
Aldebaran,9,68.98417852114983,16.508826538672906,engine
Algol,9,47.04837128345912,40.95565358387439,engine
Algorab,9,187.45908383411583,-16.514096398729286,engine
Alkaid,9,206.87582856213882,49.31510569850036,engine
Alphecca,9,233.66813290413756,26.71729249630649,engine
Altair,9,297.7006159466657,8.874113112339648,engine
Antares,9,247.3479342161877,-26.431978698266626,engine
Arcturus,9,213.90133746972492,19.170012419640564,engine
Ascendant,9,290.2030119137041,-22.13712011056044,engine
Bellatrix,9,81.28515863804911,6.351238346894898,engine
Betelgeuse,9,88.79497371399195,7.408654078144278,engine
Capella,9,79.17690650608628,45.99305519543035,engine
Castor,9,113.64731781807991,31.88627853375214,engine
Ceres,9,109.79254834554644,23.373584137905468,engine
Chiron,9,26.603584573940196,11.159141165148814,engine
Deneb Algedi,9,326.7655291252484,-16.128578258981577,engine
Eris,9,27.088639140471468,-0.07967859271726735,tno-rate
Fomalhaut,9,344.4204418717487,-29.623075511631708,engine
Gonggong,9,337.3124852631045,-10.272741231216685,tno-rate
Haumea,9,220.16737085519674,13.567379092066803,tno-rate
Juno,9,297.6226795864496,-13.133529776321183,engine
Jupiter,9,143.4604940693938,15.128960931039565,engine
Ketu,9,150.67450109160973,11.986553562793722,engine
Makemake,9,201.7298490528982,19.739060398079285,tno-rate
Mars,9,129.51264030799317,19.71411167542614,engine
Mercury,9,218.533595430764,-18.013226938156986,engine
Midheaven,9,230.87317341237264,-18.586210509502468,engine
Moon,9,192.96427493234398,-10.614053610895262,engine
Neptune,9,2.60591129356268,-0.41855761848244644,engine
Orcus,9,161.29102430036045,-13.604467763859581,tno-rate
Pallas,9,19.84500897671265,-15.075713710908532,engine
Part_of_Fortune,9,287.5777766195139,-26.104292635429616,engine
Part_of_Spirit,9,292.82824720789426,-18.16994758569126,engine
Pleiades,9,56.87583890013966,24.105466757366276,engine
Pluto,9,306.047557369522,-23.725088022517244,engine
Polaris,9,38.364523637862824,89.26232860620208,engine
Procyon,9,114.81971011666285,5.218943516022782,engine
Quaoar,9,280.58496608086364,-15.09697166236761,tno-rate
Rahu,9,330.6745010916097,-11.986553562793722,engine
Regulus,9,152.08742855444578,11.968571108980145,engine
Rigel,9,78.63715510085405,-8.198856858556995,engine
Saturn,9,10.668791100263602,1.6392906483399645,engine
Sedna,9,62.29317709493675,8.846189588389846,tno-rate
Sirius,9,101.28376328620666,-16.721667596669317,engine
Spica,9,201.29261654905812,-11.159475425552651,engine
Sun,9,195.58951022653414,-6.6468810860260845,engine
Transpluto,9,156.54213389646944,9.78966959185347,engine
Uranus,9,63.0404538921036,20.96945343344381,engine
Vega,9,279.2354753390477,38.79072581263235,engine
Venus,9,212.07835808829168,-21.01953197077367,engine
Vertex,9,150.55289995737064,12.030494408707005,engine
Vesta,9,23.170709224437893,-3.1213199912927174,engine
Aldebaran,10,68.98417850012424,16.508826476470652,engine
Algol,10,47.04837135277268,40.95565345694588,engine
Algorab,10,187.45908366932633,-16.514096437220847,engine
Alkaid,10,206.87582838930672,49.31510581028591,engine
Alphecca,10,233.66813286977168,26.717292573651196,engine
Altair,10,297.70061610503217,8.874113120998054,engine
Antares,10,247.3479342326183,-26.431978790699002,engine
Arcturus,10,213.90133737096562,19.170012465562067,engine
Ascendant,10,290.52646288364053,-22.095245329677542,engine
Bellatrix,10,81.28515857748077,6.351238318487483,engine
Betelgeuse,10,88.79497362990173,7.408654047661618,engine
Capella,10,79.17690642903901,45.993055057335546,engine
Castor,10,113.64731764362388,31.88627846258973,engine
Ceres,10,109.79272934943802,23.373596626027382,engine
Chiron,10,26.60355524839345,11.159129096759075,engine
Deneb Algedi,10,326.7655293232736,-16.128578272933154,engine
Eris,10,27.0886328368816,-0.07968088392995042,tno-rate
Fomalhaut,10,344.42044208731534,-29.623075500200873,engine
Gonggong,10,337.3124799688472,-10.272742888041181,tno-rate
Haumea,10,220.16738424947042,13.567372192750755,tno-rate
Juno,10,297.6227951973841,-13.133577273836387,engine
Jupiter,10,143.4606063845366,15.128926053547081,engine
Ketu,10,150.6744181517962,11.986583555940541,engine
Makemake,10,201.72986291167663,19.739054425542406,tno-rate
Mars,10,129.5130453819258,19.714023673455824,engine
Mercury,10,218.53430277209864,-18.013511207485625,engine
Midheaven,10,231.12357927346844,-18.647562197852025,engine
Moon,10,192.97049702915635,-10.617784053359669,engine
Neptune,10,2.605894612128032,-0.41856491087364933,engine
Orcus,10,161.29103691148384,-13.604475555485498,tno-rate
Pallas,10,19.84487705984769,-15.075890486283486,engine
Part_of_Fortune,10,287.90681684812535,-26.06588570794994,engine
Part_of_Spirit,10,293.1461089191557,-18.124604951405146,engine
Pleiades,10,56.875838922330686,24.105466672009896,engine
Pluto,10,306.0475554947549,-23.72508811997254,engine
Polaris,10,38.36452982272714,89.26232843211348,engine
Procyon,10,114.81970996525341,5.2189434961368955,engine
Quaoar,10,280.58497003124364,-15.09697361812117,tno-rate
Rahu,10,330.6744181517962,-11.986583555940541,engine
Regulus,10,152.08742835886727,11.968571100167066,engine
Rigel,10,78.63715504859583,-8.198856840550537,engine
Saturn,10,10.668741989896082,1.6392697045162863,engine
Sedna,10,62.2931729510057,8.846187534377886,tno-rate
Sirius,10,101.28376316184077,-16.721667562904408,engine
Spica,10,201.29261642045077,-11.159475462852873,engine
Sun,10,195.5901430646715,-6.647143675087275,engine
Transpluto,10,156.54213935580756,9.789667487530723,engine
Uranus,10,63.040436713869994,20.969450365136883,engine
Vega,10,279.2354754845632,38.790725902541,engine
Venus,10,212.07813381821728,-21.019468519865885,engine
Vertex,10,150.74501383860647,11.96104302884893,engine
Vesta,10,23.170548515836266,-3.1213836554569845,engine
Aldebaran,11,68.98417848015251,16.508826414178,engine
Algol,11,47.048371423487716,40.955653330068934,engine
Algorab,11,187.459083503737,-16.5140964755021,engine
Alkaid,11,206.87582821499106,49.31510592174132,engine
Alphecca,11,233.6681328342188,26.717292651018205,engine
Altair,11,297.7006162629705,8.874113129808377,engine
Antares,11,247.34793424791056,-26.43197888326123,engine
Arcturus,11,213.90133727113354,19.170012511381735,engine
Ascendant,11,290.8512442750369,-22.0525325862162,engine
Bellatrix,11,81.28515851783618,6.35123829002302,engine
Betelgeuse,11,88.79497354665926,7.40865401709726,engine
Capella,11,79.17690635334051,45.99305491888379,engine
Castor,11,113.6473174697457,31.88627839093186,engine
Ceres,11,109.79291036275126,23.37360911653421,engine
Chiron,11,26.603525923020044,11.159117028715658,engine
Deneb Algedi,11,326.76552952140617,-16.1285782871764,engine
Eris,11,27.088626533291734,-0.07968317514263348,tno-rate
Fomalhaut,11,344.42044230336353,-29.623075489250496,engine
Gonggong,11,337.31247467458985,-10.27274454486568,tno-rate
Haumea,11,220.16739764374412,13.567365293434708,tno-rate
Juno,11,297.62291079835484,-13.133624769450511,engine
Jupiter,11,143.46071870400291,15.128891175955172,engine
Ketu,11,150.67433519756804,11.98661355426903,engine
Makemake,11,201.72987677045504,19.739048453005527,tno-rate
Mars,11,129.5134504736251,19.71393567185571,engine
Mercury,11,218.53501010306417,-18.013795457590675,engine
Midheaven,11,231.37398563987503,-18.70853838930256,engine
Moon,11,192.97672596984017,-10.621512475797942,engine
Neptune,11,2.6058779307032602,-0.4185722032364913,engine
Orcus,11,161.29104952260724,-13.604483347111415,tno-rate
Pallas,11,19.84474513498183,-15.076067263711769,engine
Part_of_Fortune,11,288.237194324977,-26.02663880147401,engine
Part_of_Spirit,11,293.4652942250968,-18.078426370958386,engine
Pleiades,11,56.875838945678524,24.105466586612234,engine
Pluto,11,306.04755361905495,-23.725088217693134,engine
Polaris,11,38.36453608795902,89.2623282582604,engine
Procyon,11,114.81970981431726,5.218943476166358,engine
Quaoar,11,280.58497398162365,-15.096975573874733,tno-rate
Rahu,11,330.67433519756804,-11.98661355426903,engine
Regulus,11,152.0874281630836,11.968571091139694,engine
Rigel,11,78.63715499728904,-8.198856822472509,engine
Saturn,11,10.668692878187638,1.639248760885367,engine
Sedna,11,62.29316880707464,8.846185480365927,tno-rate
Sirius,11,101.2837630381857,-16.721667528903502,engine
Spica,11,201.29261629090576,-11.15947550004925,engine
Sun,11,195.59077591990007,-6.64740626054013,engine
Transpluto,11,156.54214481508902,9.789665383230906,engine
Uranus,11,63.04041953672599,20.969447297237235,engine
Vega,11,279.23547562916843,38.79072599294546,engine
Venus,11,212.0779095657,-21.01940502486778,engine
Vertex,11,150.93705151765337,11.891452939939786,engine
Vesta,11,23.17038779825161,-3.1214473196385644,engine
Aldebaran,12,68.98417846123607,16.508826351796184,engine
Algol,12,47.04837149560377,40.95565320324663,engine
Algorab,12,187.45908333735122,-16.514096513572106,engine
Alkaid,12,206.87582803919486,49.31510603286343,engine
Alphecca,12,233.66813279747876,26.717292728405386,engine
Altair,12,297.70061642047654,8.874113138770348,engine
Antares,12,247.34793426206306,-26.43197897595132,engine
Arcturus,12,213.90133717023016,19.170012557098122,engine
Ascendant,12,291.1773665471102,-22.00897250946511,engine
Bellatrix,12,81.28515845911771,6.351238261501949,engine
Betelgeuse,12,88.7949734642674,7.408653986451698,engine
Capella,12,79.1769062789939,45.99305478007808,engine
Castor,12,113.6473172964502,31.88627831877962,engine
Ceres,12,109.79309138558048,23.373621609449565,engine
Chiron,12,26.603496597806185,11.15910496101757,engine
Deneb Algedi,12,326.7655297196413,-16.128578301711435,engine
Eris,12,27.08862022970187,-0.07968546635531656,tno-rate
Fomalhaut,12,344.4204425198883,-29.62307547878146,engine
Gonggong,12,337.31246938033246,-10.272746201690175,tno-rate
Haumea,12,220.1674110380178,13.567358394118662,tno-rate
Juno,12,297.62302638927457,-13.133672263153043,engine
Jupiter,12,143.4608310278313,15.12885629825945,engine
Ketu,12,150.67425222898402,11.986643557757887,engine
Makemake,12,201.72989062923347,19.739042480468644,tno-rate
Mars,12,129.51385558273168,19.71384767073193,engine
Mercury,12,218.53571742378637,-18.01407968847826,engine
Midheaven,12,231.6243925347121,-18.76913854839815,engine
Moon,12,192.98296179066185,-10.62523888207641,engine
Neptune,12,2.605861249287358,-0.4185794955687604,engine
Orcus,12,161.29106213373066,-13.604491138737334,tno-rate
Pallas,12,19.844613201755653,-15.07624404313181,engine
Part_of_Fortune,12,288.56891954544574,-25.98654254914883,engine
Part_of_Spirit,12,293.7858135487746,-18.03140246978139,engine
Pleiades,12,56.8758389701837,24.105466501175155,engine
Pluto,12,306.0475517424159,-23.725088315676988,engine
Polaris,12,38.36454243347766,89.26232808464736,engine
Procyon,12,114.81970966385853,5.218943456111361,engine
Quaoar,12,280.58497793200365,-15.096977529628296,tno-rate
Rahu,12,330.674252228984,-11.986643557757887,engine
Regulus,12,152.08742796709944,11.968571081897839,engine
Rigel,12,78.63715494693585,-8.198856804323492,engine
Saturn,12,10.66864376512374,1.639227817447002,engine
Sedna,12,62.29316466314359,8.846183426353969,tno-rate
Sirius,12,101.28376291524516,-16.721667494667486,engine
Spica,12,201.29261616042547,-11.15947553714098,engine
Sun,12,195.59140879232626,-6.64766884239269,engine
Transpluto,12,156.54215027431374,9.789663278954034,engine
Uranus,12,63.040402360677085,20.969444229749133,engine
Vega,12,279.2354757728591,38.7907260838438,engine
Venus,12,212.07768532795671,-21.01934148489318,engine
Vertex,12,151.12901357352936,11.82172488812423,engine
Vesta,12,23.170227071782136,-3.1215109837598596,engine
Aldebaran,13,68.98417844337641,16.508826289326485,engine
Algol,13,47.04837156912032,40.95565307648197,engine
Algorab,13,187.45908317017233,-16.51409655142991,engine
Alkaid,13,206.87582786192104,49.315106143649025,engine
Alphecca,13,233.66813275955138,26.717292805810686,engine
Altair,13,297.70061657754576,8.874113147883673,engine
Antares,13,247.34793427507444,-26.43197906876727,engine
Arcturus,13,213.90133706825694,19.1700126027098,engine
Ascendant,13,291.50484019022724,-21.964555619167243,engine
Bellatrix,13,81.28515840132766,6.351238232924735,engine
Betelgeuse,13,88.79497338272897,7.408653955725414,engine
Capella,13,79.17690620600231,45.99305464092133,engine
Castor,13,113.64731712374224,31.886278246134207,engine
Ceres,13,109.79327241801977,23.373634104796977,engine
Chiron,13,26.603467272738108,11.159092893663823,engine
Deneb Algedi,13,326.7655299179741,-16.128578316538373,engine
Eris,13,27.088613926112004,-0.07968775756799963,tno-rate
Fomalhaut,13,344.4204427368847,-29.623075468794656,engine
Gonggong,13,337.3124640860751,-10.272747858514673,tno-rate
Haumea,13,220.1674244322915,13.567351494802615,tno-rate
Juno,13,297.6231419703758,-13.133719754928409,engine
Jupiter,13,143.46094335596163,15.128821420485682,engine
Ketu,13,150.67416924604743,11.986673566405923,engine
Makemake,13,201.7299044880119,19.739036507931765,tno-rate
Mars,13,129.51426070957993,19.713759670031237,engine
Mercury,13,218.53642473432097,-18.01436390008211,engine
Midheaven,13,231.87479997826756,-18.829362148094216,engine
Moon,13,192.98920452780106,-10.628963276101587,engine
Neptune,13,2.6058445678685316,-0.41858678787266507,engine
Orcus,13,161.29107474485406,-13.60449893036325,tno-rate
Pallas,13,19.844481260253573,-15.076420824562048,engine
Part_of_Fortune,13,288.9020030359719,-25.94558747461581,engine
Part_of_Spirit,13,294.10767734448257,-17.983523763718676,engine
Pleiades,13,56.875838995846685,24.10546641570058,engine
Pluto,13,306.04754986483397,-23.72508841392223,engine
Polaris,13,38.36454885920075,89.26232791127887,engine
Procyon,13,114.81970951388146,5.2189434359721,engine
Quaoar,13,280.58498188238366,-15.096979485381857,tno-rate
Rahu,13,330.6741692460474,-11.986673566405923,engine
Regulus,13,152.08742777091945,11.968571072441353,engine
Rigel,13,78.6371548975384,-8.198856786104066,engine
Saturn,13,10.6685946506899,1.6392068742009864,engine
Sedna,13,62.293160519212535,8.84618137234201,tno-rate
Sirius,13,101.28376279302287,-16.721667460197185,engine
Spica,13,201.29261602901224,-11.159475574127294,engine
Sun,13,195.59204168205636,-6.647931420653019,engine
Transpluto,13,156.54215573348165,9.789661174700084,engine
Uranus,13,63.04038518571132,20.969441162673615,engine
Vega,13,279.2354759156307,38.79072617523409,engine
Venus,13,212.07746110702575,-21.01927790045858,engine
Vertex,13,151.32090058121452,11.751859622434415,engine
Vesta,13,23.170066335996363,-3.121574647970639,engine
Aldebaran,14,68.98417842657494,16.50882622677017,engine
Algol,14,47.04837164403692,40.955652949778035,engine
Algorab,14,187.45908300220373,-16.514096589074555,engine
Alkaid,14,206.87582768317264,49.31510625409493,engine
Alphecca,14,233.66813272043646,26.717292883232016,engine
Altair,14,297.7006167341741,8.874113157148074,engine
Antares,14,247.34793428694323,-26.43197916170711,engine
Arcturus,14,213.90133696521542,19.170012648215305,engine
Ascendant,14,291.8336757275075,-21.919272324850876,engine
Bellatrix,14,81.28515834446834,6.351238204291823,engine
Betelgeuse,14,88.7949733020468,7.408653924918886,engine
Capella,14,79.17690613436879,45.99305450141655,engine
Castor,14,113.64731695162664,31.886278172996764,engine
Ceres,14,109.79345345980605,23.373646602583808,engine
Chiron,14,26.60343794781687,11.15908082665701,engine
Deneb Algedi,14,326.7655301163998,-16.12857833165732,engine
Eris,14,27.088607622522137,-0.0796900487806827,tno-rate
Fomalhaut,14,344.42044295434795,-29.623075459290956,engine
Gonggong,14,337.3124587918178,-10.27274951533917,tno-rate
Haumea,14,220.1674378265652,13.567344595486567,tno-rate
Juno,14,297.6232575415719,-13.133767244766108,engine
Jupiter,14,143.4610556884651,15.128786542619418,engine
Ketu,14,150.6740862487614,11.986703580211996,engine
Makemake,14,201.72991834679033,19.739030535394882,tno-rate
Mars,14,129.51466585380984,19.713671669859735,engine
Mercury,14,218.5371320349334,-18.01464809255381,engine
Midheaven,14,232.12520799078834,-18.889208670345393,engine
Moon,14,192.99545421728763,-10.632685661826322,engine
Neptune,14,2.6058278864457742,-0.4185940801459918,engine
Orcus,14,161.29108735597748,-13.604506721989168,tno-rate
Pallas,14,19.84434931056018,-15.076597608020919,engine
Part_of_Fortune,14,289.2364553555989,-25.90376399134794,engine
Part_of_Spirit,14,294.43089609941615,-17.934780658353812,engine
Pleiades,14,56.875839022667925,24.10546633019038,engine
Pluto,14,306.0475479863053,-23.725088512426936,engine
Polaris,14,38.36455536504448,89.26232773815947,engine
Procyon,14,114.81970936439012,5.218943415748773,engine
Quaoar,14,280.5849858327636,-15.09698144113542,tno-rate
Rahu,14,330.6740862487614,-11.986703580211996,engine
Regulus,14,152.08742757454834,11.968571062770057,engine
Rigel,14,78.63715484909878,-8.198856767814814,engine
Saturn,14,10.668545534871699,1.6391859311471226,engine
Sedna,14,62.293156375281484,8.84617931833005,tno-rate
Sirius,14,101.28376267152252,-16.721667425493486,engine
Spica,14,201.2926158966685,-11.159475611007407,engine
Sun,14,195.59267458919626,-6.648193995329257,engine
Transpluto,14,156.54216119259286,9.789659070469071,engine
Uranus,14,63.040368011822544,20.96943809601277,engine
Vega,14,279.2354760574788,38.79072626711436,engine
Venus,14,212.0772369049452,-21.01921427208123,engine
Vertex,14,151.51271311380947,11.681857894025338,engine
Vesta,14,23.169905591169464,-3.121638312117449,engine
Aldebaran,15,68.9841784108331,16.508826164128504,engine
Algol,15,47.04837172035297,40.95565282313781,engine
Algorab,15,187.45908283344883,-16.514096626505093,engine
Alkaid,15,206.87582750295266,49.315106364197945,engine
Alphecca,15,233.6681326801338,26.7172929606673,engine
Altair,15,297.700616890357,8.874113166563259,engine
Antares,15,247.34793429766816,-26.431979254768788,engine
Arcturus,15,213.9013368611071,19.170012693613206,engine
Ascendant,15,292.16388371642165,-21.873112925164573,engine
Bellatrix,15,81.28515828854204,6.351238175603679,engine
Betelgeuse,15,88.79497322222369,7.4086538940326125,engine
Capella,15,79.17690606409641,45.9930543615667,engine
Castor,15,113.64731678010818,31.88627809936847,engine
Ceres,15,109.79363451115194,23.373659102838914,engine
Chiron,15,26.603408623023746,11.159068759994923,engine
Deneb Algedi,15,326.7655303149136,-16.12857834706837,engine
Eris,15,27.08860131893227,-0.07969233999336577,tno-rate
Fomalhaut,15,344.420443172273,-29.62307545027124,engine
Gonggong,15,337.3124534975604,-10.272751172163668,tno-rate
Haumea,15,220.1674512208389,13.56733769617052,tno-rate
Juno,15,297.6233731028827,-13.133814732653997,engine
Jupiter,15,143.46116802528144,15.128751664686444,engine
Ketu,15,150.67400323718516,11.986733599154627,engine
Makemake,15,201.72993220556873,19.739024562858003,tno-rate
Mars,15,129.51507101558147,19.713583670203956,engine
Mercury,15,218.53783932567904,-18.01493226582739,engine
Midheaven,15,232.3756165952684,-18.948677606667374,engine
Moon,15,193.0017108949624,-10.636406043215109,engine
Neptune,15,2.605811205007292,-0.41860137239095174,engine
Orcus,15,161.29109996710088,-13.604514513615085,tno-rate
Pallas,15,19.84421735231653,-15.076774393446604,engine
Part_of_Fortune,15,289.57228709753264,-25.861062401950115,engine
Part_of_Spirit,15,294.75548033531066,-17.885163448379032,engine
Pleiades,15,56.87583905064783,24.10546624464648,engine
Pluto,15,306.0475461068261,-23.725088611189197,engine
Polaris,15,38.364561950923495,89.26232756529367,engine
Procyon,15,114.81970921538874,5.218943395441584,engine
Quaoar,15,280.5849897831436,-15.09698339688898,tno-rate
Rahu,15,330.67400323718516,-11.986733599154627,engine
Regulus,15,152.08742737799074,11.968571052883789,engine
Rigel,15,78.63715480161912,-8.198856749456327,engine
Saturn,15,10.668496417654715,1.639164988285203,engine
Sedna,15,62.293152231350426,8.84617726431809,tno-rate
Sirius,15,101.28376255074778,-16.721667390557243,engine
Spica,15,201.2926157633967,-11.159475647780537,engine
Sun,15,195.5933075138514,-6.648456566429569,engine
Transpluto,15,156.54216665164734,9.789656966261017,engine
Uranus,15,63.04035083899872,20.96943502976763,engine
Vega,15,279.2354761983992,38.7907263594826,engine
Venus,15,212.0770127189294,-21.019150598876664,engine
Vertex,15,151.70445174468696,11.611720455400842,engine
Vesta,15,23.169744836870237,-3.121701976350045,engine
Aldebaran,16,68.98417839615225,16.50882610140276,engine
Algol,16,47.04837179806796,40.95565269656438,engine
Algorab,16,187.45908266391103,-16.514096663720586,engine
Alkaid,16,206.87582732126415,49.3151064739549,engine
Alphecca,16,233.66813263864339,26.717293038114448,engine
Altair,16,297.7006170460905,8.87411317612894,engine
Antares,16,247.34793430724784,-26.43197934795034,engine
Arcturus,16,213.90133675593356,19.17001273890205,engine
Ascendant,16,292.4954747392877,-21.826067608804717,engine
Bellatrix,16,81.28515823355099,6.3512381468607515,engine
Betelgeuse,16,88.79497314326242,7.408653863067073,engine
Capella,16,79.17690599518818,45.99305422137476,engine
Castor,16,113.6473166091917,31.88627802525053,engine
Ceres,16,109.79381557179397,23.373671605569537,engine
Chiron,16,26.603379298359766,11.159056693680144,engine
Deneb Algedi,16,326.76553051351067,-16.12857836277161,engine
Eris,16,27.088595015342406,-0.07969463120604883,tno-rate
Fomalhaut,16,344.42044339065484,-29.623075441736354,engine
Gonggong,16,337.31244820330306,-10.272752828988164,tno-rate
Haumea,16,220.16746461511258,13.567330796854474,tno-rate
Juno,16,297.6234886543286,-13.133862218579932,engine
Jupiter,16,143.46128036648156,15.128716786672326,engine
Ketu,16,150.67392021121032,11.986763623273065,engine
Makemake,16,201.72994606434716,19.73901859032112,tno-rate
Mars,16,129.51547619505467,19.71349567105045,engine
Mercury,16,218.53854660668344,-18.01521641990965,engine
Midheaven,16,232.6260258118661,-19.007768456705076,engine
Moon,16,193.00797459662934,-10.640124424302947,engine
Neptune,16,2.605794523552078,-0.41860866460533164,engine
Orcus,16,161.2911125782243,-13.604522305241003,tno-rate
Pallas,16,19.844085385755346,-15.076951180884086,engine
Part_of_Fortune,16,289.90950887978977,-25.817472899145432,engine
Part_of_Spirit,16,295.08144059878566,-17.834662318464,engine
Pleiades,16,56.875839079786836,24.10546615907075,engine
Pluto,16,306.0475442263926,-23.725088710207086,engine
Polaris,16,38.364568616750894,89.26232739268596,engine
Procyon,16,114.81970906688142,5.218943375050738,engine
Quaoar,16,280.5849937335236,-15.096985352642543,tno-rate
Rahu,16,330.6739202112103,-11.986763623273065,engine
Regulus,16,152.08742718125134,11.968571042782397,engine
Rigel,16,78.63715475510149,-8.198856731029188,engine
Saturn,16,10.66844729902453,1.63914404561501,engine
Sedna,16,62.293148087419375,8.84617521030613,tno-rate
Sirius,16,101.2837624307023,-16.721667355389325,engine
Spica,16,201.29261562919925,-11.159475684445903,engine
Sun,16,195.59394045612726,-6.648719133962232,engine
Transpluto,16,156.54217211064503,9.789654862075903,engine
Uranus,16,63.040333667245235,20.969431963942423,engine
Vega,16,279.23547633838746,38.79072645233687,engine
Venus,16,212.0767885526229,-21.01908688183086,engine
Vertex,16,151.8961170432335,11.541448061981752,engine
Vesta,16,23.1695840733743,-3.12176564051491,engine
Aldebaran,17,68.98417838253376,16.50882603859417,engine
Algol,17,47.048371877181324,40.95565257006069,engine
Algorab,17,187.45908249359366,-16.514096700720113,engine
Alkaid,17,206.8758271381101,49.31510658336269,engine
Alphecca,17,233.66813259596503,26.717293115571433,engine
Altair,17,297.7006172013702,8.874113185844827,engine
Antares,17,247.3479343156809,-26.431979441249815,engine
Arcturus,17,213.9013366496963,19.170012784080438,engine
Ascendant,17,292.82845962902405,-21.778126421470994,engine
Bellatrix,17,81.28515817949744,6.35123811806348,engine
Betelgeuse,17,88.79497306516573,7.408653832022742,engine
Capella,17,79.17690592764706,45.99305408084367,engine
Castor,17,113.64731643888187,31.886277950644043,engine
Ceres,17,109.7939966420657,23.37368411081289,engine
Chiron,17,26.603349973791506,11.159044627703567,engine
Deneb Algedi,17,326.76553071218626,-16.12857837876715,engine
Eris,17,27.08858871174831,-0.07969692242026828,tno-rate
Fomalhaut,17,344.42044360948876,-29.623075433687145,engine
Gonggong,17,337.31244290904215,-10.272754485813772,tno-rate
Haumea,17,220.16747800939527,13.5673238975338,tno-rate
Juno,17,297.6236041960075,-13.13390970256362,engine
Jupiter,17,143.46139271208028,15.128681908579496,engine
Ketu,17,150.67383717084022,11.986793652566037,engine
Makemake,17,201.72995992313489,19.739012617780233,tno-rate
Mars,17,129.5158813921399,19.71340767244624,engine
Mercury,17,218.5392538785459,-18.015500554998038,engine
Midheaven,17,232.87643582907813,-19.06648076816026,engine
Moon,17,193.01424552367064,-10.643840878729383,engine
Neptune,17,2.605777842057165,-0.41861595679622904,engine
Orcus,17,161.29112518935617,-13.604530096872145,tno-rate
Pallas,17,19.843953410429446,-15.077127970389967,engine
Part_of_Fortune,17,290.2481317361416,-25.772985602088784,engine
Part_of_Spirit,17,295.4087875219065,-17.783267240853203,engine
Pleiades,17,56.87583911008534,24.105466073465067,engine
Pluto,17,306.0475423449973,-23.725088809478645,engine
Polaris,17,38.36457536244275,89.26232722034075,engine
Procyon,17,114.81970891887217,5.218943354576419,engine
Quaoar,17,280.5849976839063,-15.096987308397416,tno-rate
Rahu,17,330.6738371708402,-11.986793652566037,engine
Regulus,17,152.08742698433474,11.968571032465729,engine
Rigel,17,78.63715470954791,-8.198856712533972,engine
Saturn,17,10.668398178933847,1.6391231031222933,engine
Sedna,17,62.29314394348554,8.846173156292794,tno-rate
Sirius,17,101.28376231138964,-16.72166731999058,engine
Spica,17,201.2926154940785,-11.159475721002762,engine
Sun,17,195.5945734165531,-6.6489816981115935,engine
Transpluto,17,156.54217756958968,9.789652757912302,engine
Uranus,17,63.04031649653853,20.969428898536083,engine
Vega,17,279.2354764774393,38.79072654567524,engine
Venus,17,212.07656440308875,-21.019023120017877,engine
Vertex,17,152.08770970581293,11.47104142394692,engine
Vesta,17,23.16942330014285,-3.121829304804459,engine
Aldebaran,18,68.984178369979,16.508825975704095,engine
Algol,18,47.04837195769235,40.955652443629944,engine
Algorab,18,187.45908232250042,-16.514096737502694,engine
Alkaid,18,206.87582695349388,49.315106692418006,engine
Alphecca,18,233.6681325520987,26.71729319303608,engine
Altair,18,297.70061735619174,8.874113195710615,engine
Antares,18,247.34793432296604,-26.43197953466506,engine
Arcturus,18,213.90133654239702,19.170012829146874,engine
Ascendant,18,293.1628485739363,-21.729279394925967,engine
Bellatrix,18,81.28515812638369,6.351238089212368,engine
Betelgeuse,18,88.79497298793646,7.40865380090015,engine
Capella,18,79.1769058614761,45.99305393997657,engine
Castor,18,113.64731626918369,31.886277875550338,engine
Ceres,18,109.79417772146043,23.373696618559322,engine
Chiron,18,26.60332064934448,11.159032562080334,engine
Deneb Algedi,18,326.76553091093535,-16.12857839505505,engine
Eris,18,27.088582408158445,-0.07969921363295135,tno-rate
Fomalhaut,18,344.42044382876946,-29.62307542612447,engine
Gonggong,18,337.3124376147848,-10.272756142638269,tno-rate
Haumea,18,220.16749140366895,13.567316998217754,tno-rate
Juno,18,297.62371972778527,-13.133957184529285,engine
Jupiter,18,143.46150506196489,15.128647030450338,engine
Ketu,18,150.6737541161895,11.986823686992095,engine
Makemake,18,201.72997378191332,19.739006645243354,tno-rate
Mars,18,129.5162866066264,19.713319674456006,engine
Mercury,18,218.53996114037338,-18.015784670646124,engine
Midheaven,18,233.1268463329895,-19.124813979675164,engine
Moon,18,193.02052338001675,-10.647555271396744,engine
Neptune,18,2.605761160543914,-0.41862324895165254,engine
Orcus,18,161.29113780047956,-13.604537888498061,tno-rate
Pallas,18,19.843821426601025,-15.077304761745287,engine
Part_of_Fortune,18,290.5881655595684,-25.727590407788828,engine
Part_of_Spirit,18,295.7375315883042,-17.730968382063107,engine
Pleiades,18,56.87583914154366,24.105465987831398,engine
Pluto,18,306.047540462644,-23.72508890900203,engine
Polaris,18,38.36458218790011,89.26232704826275,engine
Procyon,18,114.81970877136531,5.218943334018863,engine
Quaoar,18,280.5850016342863,-15.096989264150977,tno-rate
Rahu,18,330.6737541161895,-11.986823686992095,engine
Regulus,18,152.08742678724582,11.968571021933634,engine
Rigel,18,78.63715466496055,-8.198856693971287,engine
Saturn,18,10.668349057434213,1.6391021608349272,engine
Sedna,18,62.29313979955449,8.846171102280834,tno-rate
Sirius,18,101.28376219281363,-16.721667284361953,engine
Spica,18,201.29261535803712,-11.159475757450286,engine
Sun,18,195.59520639438466,-6.649244258533883,engine
Transpluto,18,156.54218302847383,9.789650653773105,engine
Uranus,18,63.04029932688952,20.96942583355373,engine
Vega,18,279.2354766155503,38.79072663949557,engine
Venus,18,212.07634027266263,-21.018959314042917,engine
Vertex,18,152.27923004263076,11.400501394919672,engine
Vesta,18,23.169262517667537,-3.121892968979755,engine
Aldebaran,19,68.9841783584893,16.508825912733766,engine
Algol,19,47.04837203960046,40.95565231727507,engine
Algorab,19,187.45908215063457,-16.514096774067415,engine
Alkaid,19,206.87582676741852,49.315106801117786,engine
Alphecca,19,233.66813250704433,26.717293270506346,engine
Altair,19,297.7006175105509,8.87411320572601,engine
Antares,19,247.3479343291021,-26.43197962819416,engine
Arcturus,19,213.90133643403732,19.17001287409995,engine
Ascendant,19,293.4986524512868,-21.6795163547821,engine
Bellatrix,19,81.2851580742119,6.35123806030785,engine
Betelgeuse,19,88.79497291157729,7.408653769699775,engine
Capella,19,79.17690579667821,45.993053798776394,engine
Castor,19,113.64731610010182,31.886277799970575,engine
Ceres,19,109.79435881019228,23.37370912884058,engine
Chiron,19,26.603291325000043,11.159020496804917,engine
Deneb Algedi,19,326.7655311097532,-16.128578411635402,engine
Eris,19,27.088576104568578,-0.07970150484563442,tno-rate
Fomalhaut,19,344.42044404849213,-29.62307541904915,engine
Gonggong,19,337.3124323205275,-10.272757799462767,tno-rate
Haumea,19,220.16750479794266,13.567310098901707,tno-rate
Juno,19,297.6238352496538,-13.13400466449838,engine
Jupiter,19,143.46161741624857,15.128612152257094,engine
Ketu,19,150.67367104720552,11.986853726570242,engine
Makemake,19,201.72998764069175,19.73900067270647,tno-rate
Mars,19,129.51669183842387,19.7132316771267,engine
Mercury,19,218.54066839290465,-18.016068767196696,engine
Midheaven,19,233.37725751199838,-19.18276765630779,engine
Moon,19,193.02680836676993,-10.65126767602414,engine
Neptune,19,2.6057444789893616,-0.41863054107869957,engine
Orcus,19,161.29115041160296,-13.60454568012398,tno-rate
Pallas,19,19.843689434266935,-15.077481555086655,engine
Part_of_Fortune,19,290.929621427906,-25.681277215392694,engine
Part_of_Spirit,19,296.06768347466755,-17.677755494171503,engine
Pleiades,19,56.875839174162145,24.105465902171623,engine
Pluto,19,306.0475385793252,-23.725089008775264,engine
Polaris,19,38.364589093035946,89.26232687645637,engine
Procyon,19,114.81970862436492,5.2189433133782615,engine
Quaoar,19,280.5850055846663,-15.09699121990454,tno-rate
Rahu,19,330.6736710472055,-11.986853726570242,engine
Regulus,19,152.08742658998915,11.968571011185979,engine
Rigel,19,78.63715462134132,-8.198856675341725,engine
Saturn,19,10.668299934478389,1.6390812187386528,engine
Sedna,19,62.29313565562343,8.846169048268875,tno-rate
Sirius,19,101.28376207497776,-16.721667248504282,engine
Spica,19,201.29261522107754,-11.15947579378772,engine
Sun,19,195.5958393901507,-6.649506815413546,engine
Transpluto,19,156.5421884873013,9.789648549656755,engine
Uranus,19,63.04028215829199,20.9694227689975,engine
Vega,19,279.23547675271607,38.79072673379591,engine
Venus,19,212.0761161632291,-21.018895464383714,engine
Vertex,19,152.47067874648135,11.329828689479438,engine
Vesta,19,23.169101725409973,-3.121956633233184,engine
Aldebaran,20,68.98417834806592,16.508825849684417,engine
Algol,20,47.048372122904986,40.955652190999004,engine
Algorab,20,187.45908197799957,-16.51409681041339,engine
Alkaid,20,206.87582657988702,49.31510690945897,engine
Alphecca,20,233.66813246080193,26.71729334798023,engine
Altair,20,297.70061766444366,8.874113215890715,engine
Antares,20,247.34793433408765,-26.431979721835138,engine
Arcturus,20,213.90133632461874,19.170012918938284,engine
Ascendant,20,293.835881934973,-21.628827048344345,engine
Bellatrix,20,81.28515802298419,6.351238031350372,engine
Betelgeuse,20,88.79497283609086,7.408653738422089,engine
Capella,20,79.1769057332562,45.99305365724604,engine
Castor,20,113.64731593164082,31.886277723905923,engine
Ceres,20,109.79453990835482,23.373721641679296,engine
Chiron,20,26.603262000744742,11.15900843187627,engine
Deneb Algedi,20,326.7655313086352,-16.128578428508256,engine
Eris,20,27.088569800978714,-0.0797037960583175,tno-rate
Fomalhaut,20,344.4204442686519,-29.62307541246199,engine
Gonggong,20,337.3124270262701,-10.272759456287263,tno-rate
Haumea,20,220.16751819221633,13.56730319958566,tno-rate
Juno,20,297.6239507618466,-13.134052142455893,engine
Jupiter,20,143.46172977487032,15.1285772740254,engine
Ketu,20,150.67358796394763,11.986883771279004,engine
Makemake,20,201.73000149947015,19.73899470016959,tno-rate
Mars,20,129.51709708786484,19.71314368040404,engine
Mercury,20,218.54137563619045,-18.01635284458442,engine
Midheaven,20,233.6276693869978,-19.240341332132093,engine
Moon,20,193.03310051784834,-10.65497809657625,engine
Neptune,20,2.6057277973927335,-0.41863783317515657,engine
Orcus,20,161.29116302272638,-13.604553471749897,tno-rate
Pallas,20,19.843557433071098,-15.077658350352218,engine
Part_of_Fortune,20,291.27251004886966,-25.634035776161827,engine
Part_of_Spirit,20,296.3992538210763,-17.623618320526862,engine
Pleiades,20,56.875839207941105,24.10546581648757,engine
Pluto,20,306.04753669503737,-23.725089108796457,engine
Polaris,20,38.36459607776059,89.2623267049259,engine
Procyon,20,114.81970847787488,5.218943292654817,engine
Quaoar,20,280.5850095350463,-15.096993175658103,tno-rate
Rahu,20,330.6735879639476,-11.986883771279004,engine
Regulus,20,152.0874263925693,11.968571000222605,engine
Rigel,20,78.63715457869223,-8.198856656645848,engine
Saturn,20,10.668250810052571,1.6390602768332554,engine
Sedna,20,62.29313151169238,8.846166994256915,tno-rate
Sirius,20,101.28376195788553,-16.72166721241844,engine
Spica,20,201.29261508320215,-11.159475830014337,engine
Sun,20,195.59647240395162,-6.649769368758769,engine
Transpluto,20,156.54219394607202,9.789646445563404,engine
Uranus,20,63.04026499073403,20.969419704868287,engine
Vega,20,279.2354768889327,38.79072682857433,engine
Venus,20,212.07589207198467,-21.01883157015701,engine
Vertex,20,152.6620563802278,11.25902407140914,engine
Vesta,20,23.168940923472377,-3.1220202974870497,engine
Aldebaran,21,68.98417833871027,16.508825786557463,engine
Algol,21,47.04837220760514,40.95565206480509,engine
Algorab,21,187.45908180459918,-16.514096846539598,engine
Alkaid,21,206.87582639090297,49.3151070174381,engine
Alphecca,21,233.66813241337135,26.71729342545544,engine
Altair,21,297.70061781786535,8.874113226204397,engine
Antares,21,247.34793433792157,-26.431979815585805,engine
Arcturus,21,213.90133621414307,19.170012963660312,engine
Ascendant,21,294.17454771380335,-21.577201113339854,engine
Bellatrix,21,81.28515797270292,6.35123800234045,engine
Betelgeuse,21,88.7949727614801,7.4086537070676455,engine
Capella,21,79.17690567121323,45.99305351538884,engine
Castor,21,113.64731576380592,31.886277647357765,engine
Ceres,21,109.79472101556013,23.373734157075333,engine
Chiron,21,26.603232676583765,11.158996367301423,engine
Deneb Algedi,21,326.76553150757604,-16.128578445673693,engine
Eris,21,27.088563497388847,-0.07970608727100056,tno-rate
Fomalhaut,21,344.4204444892434,-29.623075406363835,engine
Gonggong,21,337.31242173201275,-10.27276111311176,tno-rate
Haumea,21,220.16753158649004,13.567296300269613,tno-rate
Juno,21,297.62406626420255,-13.134099618358801,engine
Jupiter,21,143.46184213782567,15.12854239576461,engine
Ketu,21,150.67350486636298,11.986913821137474,engine
Makemake,21,201.73001535824858,19.73898872763271,tno-rate
Mars,21,129.5175023543137,19.71305568445481,engine
Mercury,21,218.54208286989018,-18.01663690262701,engine
Midheaven,21,233.8780819778969,-19.29753454931725,engine
Moon,21,193.0393998667276,-10.658686535181527,engine
Neptune,21,2.6057111157529795,-0.41864512523834424,engine
Orcus,21,161.29117563384978,-13.604561263375814,tno-rate
Pallas,21,19.84342542318335,-15.077835147440746,engine
Part_of_Fortune,21,291.6168421450571,-25.585855730118737,engine
Part_of_Spirit,21,296.7322532825496,-17.56854649656097,engine
Pleiades,21,56.87583924288085,24.105465730781326,engine
Pluto,21,306.0475348097779,-23.725089209063484,engine
Polaris,21,38.3646031419681,89.26232653367627,engine
Procyon,21,114.8197083318997,5.21894327184877,engine
Quaoar,21,280.58501348542626,-15.096995131411663,tno-rate
Rahu,21,330.673504866363,-11.986913821137474,engine
Regulus,21,152.0874261949914,11.9685709890434,engine
Rigel,21,78.63715453701539,-8.198856637884303,engine
Saturn,21,10.668201684174486,1.6390393351325476,engine
Sedna,21,62.29312736776132,8.846164940244957,tno-rate
Sirius,21,101.28376184154088,-16.7216671761054,engine
Spica,21,201.29261494441377,-11.159475866129288,engine
Sun,21,195.59710543547385,-6.650031918402641,engine
Transpluto,21,156.5421994047827,9.78964434149422,engine
Uranus,21,63.040247824220344,20.969416641170344,engine
Vega,21,279.23547702419535,38.790726923828586,engine
Venus,21,212.07566800275012,-21.018767632398642,engine
Vertex,21,152.85336350425266,11.188088306927183,engine
Vesta,21,23.16878011205697,-3.1220839616207643,engine
Aldebaran,22,68.9841783304235,16.50882572335405,engine
Algol,22,47.048372293700325,40.95565193869606,engine
Algorab,22,187.45908163043666,-16.51409688244522,engine
Alkaid,22,206.87582620046922,49.31510712505234,engine
Alphecca,22,233.66813236475275,26.717293502930097,engine
Altair,22,297.7006179708121,8.87411323666678,engine
Antares,22,247.3479343406026,-26.431979909444323,engine
Arcturus,22,213.90133610261188,19.17001300826472,engine
Ascendant,22,294.514660493761,-21.524628077529673,engine
Bellatrix,22,81.28515792337014,6.351237973278489,engine
Betelgeuse,22,88.79497268774752,7.4086536756368835,engine
Capella,22,79.17690561055194,45.993053373207495,engine
Castor,22,113.64731559660144,31.886277570327167,engine
Ceres,22,109.79490213226309,23.373746675073477,engine
Chiron,22,26.603203352479156,11.158984303066754,engine
Deneb Algedi,22,326.7655317065713,-16.128578463131777,engine
Eris,22,27.08855719379898,-0.07970837848368363,tno-rate
Fomalhaut,22,344.42044471026196,-29.623075400755475,engine
Gonggong,22,337.3124164377554,-10.272762769936257,tno-rate
Haumea,22,220.16754498076372,13.567289400953566,tno-rate
Juno,22,297.6241817568977,-13.134147092259175,engine
Jupiter,22,143.461954505204,15.128507517453611,engine
Ketu,22,150.67342175439927,11.986943876164561,engine
Makemake,22,201.730029217027,19.73898275509583,tno-rate
Mars,22,129.51790763847217,19.712967689146478,engine
Mercury,22,218.54279009507255,-18.01692094171284,engine
Midheaven,22,234.12849530734184,-19.354346858878866,engine
Moon,22,193.04570645545903,-10.662393000832434,engine
Neptune,22,2.6056944340469665,-0.4186524172758263,engine
Orcus,22,161.2911882449732,-13.60456905500173,tno-rate
Pallas,22,19.84329340451458,-15.078011946607484,engine
Part_of_Fortune,22,291.96262846355404,-25.5367266136566,engine
Part_of_Spirit,22,297.066692523968,-17.512529541402746,engine
Pleiades,22,56.875839278981694,24.105465645054597,engine
Pluto,22,306.0475329235408,-23.725089309574567,engine
Polaris,22,38.36461028557523,89.26232636271158,engine
Procyon,22,114.81970818644312,5.218943250960295,engine
Quaoar,22,280.58501743580626,-15.096997087165226,tno-rate
Rahu,22,330.67342175439927,-11.986943876164561,engine
Regulus,22,152.08742599725971,11.968570977648206,engine
Rigel,22,78.63715449631268,-8.198856619057647,engine
Saturn,22,10.66815255676453,1.6390183936082365,engine
Sedna,22,62.29312322383027,8.846162886232998,tno-rate
Sirius,22,101.28376172594709,-16.721667139565966,engine
Spica,22,201.29261480471462,-11.159475902131874,engine
Sun,22,195.597738485666,-6.650294464705508,engine
Transpluto,22,156.5422048634399,9.789642237446763,engine
Uranus,22,63.04023065871592,20.969413577900433,engine
Vega,22,279.2354771585002,38.79072701955683,engine
Venus,22,212.0754439524198,-21.018703650140786,engine
Vertex,22,153.04460067931709,11.117022163639,engine
Vesta,22,23.16861929052083,-3.1221476258693563,engine
Aldebaran,23,68.98417832320692,16.508825660075498,engine
Algol,23,47.04837238118974,40.95565181267506,engine
Algorab,23,187.45908145551553,-16.514096918129287,engine
Alkaid,23,206.87582600858912,49.31510723229847,engine
Alphecca,23,233.66813231494612,26.71729358040203,engine
Altair,23,297.7006181232797,8.874113247277537,engine
Antares,23,247.34793434212952,-26.43198000340861,engine
Arcturus,23,213.90133599002687,19.170013052750065,engine
Ascendant,23,294.8562309875703,-21.471097360332887,engine
Bellatrix,23,81.28515787498796,6.351237944164974,engine
Betelgeuse,23,88.79497261489581,7.408653644130318,engine
Capella,23,79.17690555127527,45.99305323070516,engine
Castor,23,113.64731543003221,31.88627749281544,engine
Ceres,23,109.79508325807728,23.373759195672275,engine
Chiron,23,26.603174028436758,11.158972239179265,engine
Deneb Algedi,23,326.765531905616,-16.12857848088256,engine
Eris,23,27.088550890209113,-0.0797106696963667,tno-rate
Fomalhaut,23,344.4204449317025,-29.623075395637695,engine
Gonggong,23,337.312411143498,-10.272764426760755,tno-rate
Haumea,23,220.16755837503743,13.56728250163752,tno-rate
Juno,23,297.62429723987646,-13.134194564113184,engine
Jupiter,23,143.4620668770004,15.128472639101334,engine
Ketu,23,150.67333862811552,11.986973936338908,engine
Makemake,23,201.73004307580544,19.73897678255895,tno-rate
Mars,23,129.51831294022566,19.712879694524442,engine
Mercury,23,218.54349731131796,-18.017204961586902,engine
Midheaven,23,234.37890939513136,-19.41077781930663,engine
Moon,23,193.0520203145981,-10.66609749532148,engine
Neptune,23,2.605677752274104,-0.41865970928492124,engine
Orcus,23,161.2912008560966,-13.60457684662765,tno-rate
Pallas,23,19.84316137679566,-15.078188747671536,engine
Part_of_Fortune,23,292.3098797479619,-25.486637848154437,engine
Part_of_Spirit,23,297.40258222717875,-17.455556872511337,engine
Pleiades,23,56.87583931624384,24.105465559309355,engine
Pluto,23,306.04753103632123,-23.72508941032757,engine
Polaris,23,38.36461750847963,89.26232619203641,engine
Procyon,23,114.81970804150929,5.218943229989619,engine
Quaoar,23,280.58502138618627,-15.096999042918789,tno-rate
Rahu,23,330.6733386281155,-11.986973936338908,engine
Regulus,23,152.0874257993791,11.968570966036898,engine
Rigel,23,78.63715445658605,-8.198856600166472,engine
Saturn,23,10.668103427841466,1.6389974522741375,engine
Sedna,23,62.29311907989921,8.846160832221038,tno-rate
Sirius,23,101.28376161110778,-16.72166710280108,engine
Spica,23,201.2926146641074,-11.159475938021307,engine
Sun,23,195.59837155420658,-6.6505570074999305,engine
Transpluto,23,156.54221032204032,9.789640133422225,engine
Uranus,23,63.04021349423747,20.96941051506477,engine
Vega,23,279.2354772918429,38.79072711575699,engine
Venus,23,212.07521992317584,-21.0186396239493,engine
Vertex,23,153.23576846231134,11.045826412123603,engine
Vesta,23,23.168458459248523,-3.1222112900365255,engine
Aldebaran,24,68.98417831706173,16.508825596723113,engine
Algol,24,47.04837247007262,40.95565168674507,engine
Algorab,24,187.45908127983938,-16.51409695359092,engine
Alkaid,24,206.875825815266,49.31510733917335,engine
Alphecca,24,233.66813226395143,26.717293657869163,engine
Altair,24,297.7006182752637,8.874113258036358,engine
Antares,24,247.34793434250122,-26.431980097476657,engine
Arcturus,24,213.9013358763898,19.170013097114907,engine
Ascendant,24,295.1992699154521,-21.416598272836772,engine
Bellatrix,24,81.28515782755854,6.351237915000369,engine
Betelgeuse,24,88.79497254292767,7.408653612548458,engine
Capella,24,79.17690549338596,45.99305308788488,engine
Castor,24,113.64731526410293,31.88627741482386,engine
Ceres,24,109.79526439321344,23.373771718900215,engine
Chiron,24,26.60314470444273,11.158960175637889,engine
Deneb Algedi,24,326.7655321047053,-16.1285784989261,engine
Eris,24,27.088544586619246,-0.07971296090904977,tno-rate
Fomalhaut,24,344.4204451535599,-29.623075391011284,engine
Gonggong,24,337.3124058492407,-10.272766083585251,tno-rate
Haumea,24,220.1675717693111,13.567275602321473,tno-rate
Juno,24,297.62441271316095,-13.13424203390886,engine
Jupiter,24,143.46217925315355,15.128437760733675,engine
Ketu,24,150.6732554875705,11.987004001639217,engine
Makemake,24,201.73005693458384,19.738970810022067,tno-rate
Mars,24,129.51871825921052,19.712791700694595,engine
Mercury,24,218.54420451889058,-18.01748896240226,engine
Midheaven,24,234.62932426100645,-19.466826997111358,engine
Moon,24,193.05834164036625,-10.669800090011316,engine
Neptune,24,2.6056610704334013,-0.41866700126341516,engine
Orcus,24,161.29121346722002,-13.604584638253566,tno-rate
Pallas,24,19.843029340112583,-15.078365550650624,engine
Part_of_Fortune,24,292.65860691461995,-25.435578816053454,engine
Part_of_Spirit,24,297.7399329162842,-17.39761772962009,engine
Pleiades,24,56.87583935466752,24.105465473547504,engine
Pluto,24,306.0475291481205,-23.725089511320768,engine
Polaris,24,38.36462481058219,89.26232602165523,engine
Procyon,24,114.8197078971023,5.2189432089369605,engine
Quaoar,24,280.5850253365663,-15.09700099867235,tno-rate
Rahu,24,330.6732554875705,-11.987004001639217,engine
Regulus,24,152.08742560135425,11.968570954209367,engine
Rigel,24,78.63715441783745,-8.198856581211388,engine
Saturn,24,10.668054297391112,1.6389765111300245,engine
Sedna,24,62.29311493596816,8.846158778209078,tno-rate
Sirius,24,101.2837614970265,-16.721667065811648,engine
Spica,24,201.29261452259468,-11.159475973796834,engine
Sun,24,195.59900464119838,-6.650819546794634,engine
Transpluto,24,156.54221578058397,9.789638029420628,engine
Uranus,24,63.04019633077274,20.969407452664285,engine
Vega,24,279.2354774242193,38.790727212426965,engine
Venus,24,212.07499591705005,-21.018575554347827,engine
Vertex,24,153.42686740840415,10.974501825150409,engine
Vesta,24,23.16829761781033,-3.12227495427188,engine
Aldebaran,25,68.98417831198917,16.508825533298157,engine
Algol,25,47.04837256034818,40.95565156090914,engine
Algorab,25,187.45908110341173,-16.514096988829188,engine
Alkaid,25,206.87582562050318,49.31510744567388,engine
Alphecca,25,233.66813221176886,26.717293735329452,engine
Altair,25,297.7006184267602,8.87411326894293,engine
Antares,25,247.34793434171652,-26.431980191646424,engine
Arcturus,25,213.90133576170234,19.170013141357828,engine
Ascendant,25,295.54378800586215,-21.361120017842786,engine
Bellatrix,25,81.28515778108398,6.351237885785143,engine
Betelgeuse,25,88.7949724718457,7.408653580891805,engine
Capella,25,79.17690543688686,45.993052944749664,engine
Castor,25,113.64731509881831,31.88627733635365,engine
Ceres,25,109.79544553740601,23.37378424476418,engine
Chiron,25,26.603115380498114,11.15894811244514,engine
Deneb Algedi,25,326.7655323038345,-16.128578517262408,engine
Eris,25,27.088538283029383,-0.07971525212173283,tno-rate
Fomalhaut,25,344.42044537582933,-29.623075386877023,engine
Gonggong,25,337.31240055498336,-10.27276774040975,tno-rate
Haumea,25,220.16758516358482,13.567268703005425,tno-rate
Juno,25,297.62452817666724,-13.134289501635928,engine
Jupiter,25,143.46229163370077,15.12840288234626,engine
Ketu,25,150.67317233265618,11.987034072104569,engine
Makemake,25,201.73007079336227,19.738964837485188,tno-rate
Mars,25,129.51912359575675,19.712703707603385,engine
Mercury,25,218.5449117178447,-18.017772944094666,engine
Midheaven,25,234.87973992744026,-19.52249396734626,engine
Moon,25,193.064670144156,-10.673500655119739,engine
Neptune,25,2.605644388515782,-0.4186742932124121,engine
Orcus,25,161.2912260783434,-13.604592429879483,tno-rate
Pallas,25,19.842897294551683,-15.0785423555624,engine
Part_of_Fortune,25,293.00882040327457,-25.383538590364218,engine
Part_of_Spirit,25,298.07875560844974,-17.338701445321355,engine
Pleiades,25,56.875839394252964,24.105465387770955,engine
Pluto,25,306.0475272589326,-23.72508961255206,engine
Polaris,25,38.364632191782356,89.2623258515725,engine
Procyon,25,114.81970775322618,5.218943187802528,engine
Quaoar,25,280.5850292869463,-15.097002954425912,tno-rate
Rahu,25,330.6731723326562,-11.987034072104569,engine
Regulus,25,152.0874254031899,11.968570942165483,engine
Rigel,25,78.6371543800688,-8.198856562192992,engine
Saturn,25,10.66800516539937,1.6389555701756686,engine
Sedna,25,62.293110792037105,8.846156724197119,tno-rate
Sirius,25,101.28376138370682,-16.721667028598567,engine
Spica,25,201.29261438017906,-11.159476009457693,engine
Sun,25,195.59963774674358,-6.651082082598309,engine
Transpluto,25,156.54222123907084,9.789635925441962,engine
Uranus,25,63.04017916831524,20.969404390700994,engine
Vega,25,279.23547755562515,38.79072730956471,engine
Venus,25,212.07477193124936,-21.01851144045792,engine
Vertex,25,153.61789807318655,10.90304917688698,engine
Vesta,25,23.16813676648343,-3.122338618421734,engine
Aldebaran,26,68.98417830799039,16.50882546980192,engine
Algol,26,47.04837265201552,40.9556514351703,engine
Algorab,26,187.45908092623623,-16.51409702384321,engine
Alkaid,26,206.87582542430394,49.31510755179696,engine
Alphecca,26,233.6681321583985,26.71729381278077,engine
Altair,26,297.70061857776477,8.87411327999693,engine
Antares,26,247.34793433977424,-26.431980285915905,engine
Arcturus,26,213.90133564596633,19.17001318547741,engine
Ascendant,26,295.88979598462066,-21.304651691856122,engine
Bellatrix,26,81.28515773556636,6.351237856519756,engine
Betelgeuse,26,88.79497240165252,7.408653549160855,engine
Capella,26,79.1769053817807,45.99305280130259,engine
Castor,26,113.64731493418302,31.88627725740613,engine
Ceres,26,109.7956266907464,23.373796773287175,engine
Chiron,26,26.603086056589078,11.158936049599921,engine
Deneb Algedi,26,326.7655325029986,-16.12857853589155,engine
Eris,26,27.088531979439516,-0.0797175433344159,tno-rate
Fomalhaut,26,344.42044559850564,-29.623075383235662,engine
Gonggong,26,337.31239526072596,-10.272769397234246,tno-rate
Haumea,26,220.1675985578585,13.567261803689378,tno-rate
Juno,26,297.62464363063077,-13.134336967279092,engine
Jupiter,26,143.46240401867917,15.12836800393477,engine
Ketu,26,150.67308916343154,11.9870641477136,engine
Makemake,26,201.7300846521407,19.738958864948305,tno-rate
Mars,26,129.5195289494999,19.712615715356684,engine
Mercury,26,218.54561890830468,-18.018056906672513,engine
Midheaven,26,235.13015641405354,-19.577778312261223,engine
Moon,26,193.07100602190167,-10.67719926209684,engine
Neptune,26,2.605627706512177,-0.4186815851330127,engine
Orcus,26,161.29123868946684,-13.604600221505402,tno-rate
Pallas,26,19.842765239755714,-15.078719162344298,engine
Part_of_Fortune,26,293.36053113557807,-25.33050633903321,engine
Part_of_Spirit,26,298.41906083366325,-17.278797044679035,engine
Pleiades,26,56.87583943500034,24.105465301981578,engine
Pluto,26,306.04752536875395,-23.725089714019493,engine
Polaris,26,38.36463965197796,89.26232568179267,engine
Procyon,26,114.81970760988499,5.218943166586548,engine
Quaoar,26,280.5850332373263,-15.097004910179473,tno-rate
Rahu,26,330.67308916343154,-11.9870641477136,engine
Regulus,26,152.0874252048907,11.968570929905143,engine
Rigel,26,78.63715434328199,-8.198856543111875,engine
Saturn,26,10.667956031852118,1.6389346294108385,engine
Sedna,26,62.293106648106054,8.84615467018516,tno-rate
Sirius,26,101.28376127115223,-16.72166699116276,engine
Spica,26,201.29261423686313,-11.159476045003133,engine
Sun,26,195.60027087094429,-6.651344614919753,engine
Transpluto,26,156.54222669750098,9.789633821486245,engine
Uranus,26,63.0401620068585,20.969401329176875,engine
Vega,26,279.23547768605624,38.79072740716815,engine
Venus,26,212.07454796941184,-21.01844728327215,engine
Vertex,26,153.80886100842795,10.831469244493276,engine
Vesta,26,23.1679759048385,-3.122402282635655,engine
Aldebaran,27,68.98417830506659,16.508825406235697,engine
Algol,27,47.048372745073856,40.95565130953157,engine
Algorab,27,187.45908074831635,-16.51409705863208,engine
Alkaid,27,206.8758252266717,49.31510765753948,engine
Alphecca,27,233.66813210384043,26.717293890221068,engine
Altair,27,297.7006187282733,8.874113291198029,engine
Antares,27,247.34793433667338,-26.431980380283054,engine
Arcturus,27,213.90133552918348,19.170013229472247,engine
Ascendant,27,296.2373045766595,-21.24718228516366,engine
Bellatrix,27,81.28515769100775,6.351237827204682,engine
Betelgeuse,27,88.79497233235075,7.408653517356121,engine
Capella,27,79.1769053280702,45.993052657546684,engine
Castor,27,113.64731477020175,31.886277177982567,engine
Ceres,27,109.79580785332558,23.37380930449216,engine
Chiron,27,26.603056732701805,11.158923987101149,engine
Deneb Algedi,27,326.7655327021928,-16.12857855481355,engine
Eris,27,27.08852567584965,-0.07971983454709898,tno-rate
Fomalhaut,27,344.4204458215837,-29.62307538008796,engine
Gonggong,27,337.31238996646863,-10.272771054058744,tno-rate
Haumea,27,220.1676119521322,13.567254904373332,tno-rate
Juno,27,297.6247590749681,-13.134384430828122,engine
Jupiter,27,143.46251640802717,15.128333125525065,engine
Ketu,27,150.67300597989987,11.987094228465102,engine
Makemake,27,201.73009851091913,19.738952892411426,tno-rate
Mars,27,129.5199343207693,19.71252772390091,engine
Mercury,27,218.54632609039436,-18.018340850144384,engine
Midheaven,27,235.38057374133547,-19.63267962204068,engine
Moon,27,193.07734930778517,-10.680895915338354,engine
Neptune,27,2.6056110244216084,-0.418688877023002,engine
Orcus,27,161.29125130059023,-13.604608013131319,tno-rate
Pallas,27,19.84263317595916,-15.07889597104054,engine
Part_of_Fortune,27,293.7137498705426,-25.276471056734216,engine
Part_of_Spirit,27,298.7608592827764,-17.217893513593104,engine
Pleiades,27,56.8758394769098,24.10546521618131,engine
Pluto,27,306.04752347758114,-23.72508981572106,engine
Polaris,27,38.364647191065345,89.2623255123202,engine
Procyon,27,114.81970746708275,5.218943145289238,engine
Quaoar,27,280.5850371877063,-15.097006865933036,tno-rate
Rahu,27,330.67300597989987,-11.987094228465102,engine
Regulus,27,152.0874250064614,11.96857091742822,engine
Rigel,27,78.63715430747891,-8.198856523968644,engine
Saturn,27,10.667906896735332,1.6389136888353169,engine
Sedna,27,62.293102504174996,8.846152616173201,tno-rate
Sirius,27,101.28376115936622,-16.721666953505142,engine
Spica,27,201.29261409264956,-11.159476080432395,engine
Sun,27,195.60090401390207,-6.651607143767799,engine
Transpluto,27,156.5422321558743,9.789631717553494,engine
Uranus,27,63.040144846390184,20.969398268092842,engine
Vega,27,279.23547781550855,38.79072750523523,engine
Venus,27,212.07432402874306,-21.01838308191318,engine
Vertex,27,153.99975676493125,10.759762807066368,engine
Vesta,27,23.167815033153026,-3.1224659467599336,engine
Aldebaran,28,68.9841783032189,16.508825342600773,engine
Algol,28,47.048372839522266,40.95565118399596,engine
Algorab,28,187.45908056965573,-16.514097093194895,engine
Alkaid,28,206.87582502760984,49.315107762898336,engine
Alphecca,28,233.6681320480949,26.71729396764823,engine
Altair,28,297.7006188782817,8.874113302545911,engine
Antares,28,247.34793433241276,-26.43198047474586,engine
Arcturus,28,213.90133541135557,19.170013273340903,engine
Ascendant,28,296.5863244999853,-21.18870068325293,engine
Bellatrix,28,81.2851576474102,6.351237797840387,engine
Betelgeuse,28,88.79497226394297,7.4086534854781,engine
Capella,28,79.17690527575812,45.99305251348501,engine
Castor,28,113.64731460687915,31.886277098084246,engine
Ceres,28,109.79598902487753,23.373821838385894,engine
Chiron,28,26.60302740883728,11.158911924951305,engine
Deneb Algedi,28,326.76553290141237,-16.12857857402844,engine
Eris,28,27.088519372259782,-0.07972212575978205,tno-rate
Fomalhaut,28,344.4204460450586,-29.623075377434684,engine
Gonggong,28,337.31238467221124,-10.27277271088324,tno-rate
Haumea,28,220.16762534640588,13.567248005057285,tno-rate
Juno,28,297.62487450970224,-13.13443189227116,engine
Jupiter,28,143.46262880181467,15.128298247102745,engine
Ketu,28,150.67292278206412,11.987124314358015,engine
Makemake,28,201.73011236969754,19.738946919874543,tno-rate
Mars,28,129.52033970919973,19.71243973334187,engine
Mercury,28,218.5470332641681,-18.018624774446586,engine
Midheaven,28,235.63099192878062,-19.687197494296953,engine
Moon,28,193.08370003593552,-10.684590619317651,engine
Neptune,28,2.6055943422323073,-0.41869616888458927,engine
Orcus,28,161.29126391171363,-13.604615804757236,tno-rate
Pallas,28,19.842501102805052,-15.079072781588437,engine
Part_of_Fortune,28,294.06848736020254,-25.221421633419215,engine
Part_of_Spirit,28,299.1041616397681,-17.155979733086642,engine
Pleiades,28,56.875839519981504,24.105465130372043,engine
Pluto,28,306.04752158541066,-23.725089917654778,engine
Polaris,28,38.364654808939356,89.26232534315953,engine
Procyon,28,114.81970732482348,5.218943123910818,engine
Quaoar,28,280.5850411380863,-15.097008821686599,tno-rate
Rahu,28,330.6729227820641,-11.987124314358015,engine
Regulus,28,152.08742480790673,11.96857090473462,engine
Rigel,28,78.63715427266139,-8.198856504763897,engine
Saturn,28,10.667857760034972,1.6388927484488605,engine
Sedna,28,62.293098360243945,8.846150562161242,tno-rate
Sirius,28,101.2837610483523,-16.721666915626642,engine
Spica,28,201.29261394754099,-11.15947611574472,engine
Sun,28,195.6015371757183,-6.651869669151365,engine
Transpluto,28,156.54223761419087,9.789629613643708,engine
Uranus,28,63.04012768691534,20.969395207453008,engine
Vega,28,279.23547794397786,38.790727603763806,engine
Venus,28,212.07410011287953,-21.018318837374828,engine
Vertex,28,154.1905858911292,10.68793064617606,engine
Vesta,28,23.167654150998004,-3.122529610944116,engine
Aldebaran,29,68.98417830244844,16.508825278898396,engine
Algol,29,47.048372935359914,40.95565105856639,engine
Algorab,29,187.45908039025784,-16.514097127530803,engine
Alkaid,29,206.8758248271216,49.31510786787053,engine
Alphecca,29,233.66813199116183,26.717294045060267,engine
Altair,29,297.70061902778593,8.874113314040256,engine
Antares,29,247.34793432699135,-26.43198056930234,engine
Arcturus,29,213.9013352924844,19.170013317082017,engine
Ascendant,29,296.93686670351514,-21.12919562669792,engine
Bellatrix,29,81.2851576047757,6.351237768427323,engine
Betelgeuse,29,88.7949721964317,7.408653453527289,engine
Capella,29,79.17690522484705,45.99305236912057,engine
Castor,29,113.64731444421973,31.886277017712445,engine
Ceres,29,109.79617020573333,23.37383437500501,engine
Chiron,29,26.60299808496203,11.15889986314119,engine
Deneb Algedi,29,326.7655331006525,-16.128578593536254,engine
Eris,29,27.08851306866569,-0.0797244169740015,tno-rate
Fomalhaut,29,344.42044626892545,-29.623075375276546,engine
Gonggong,29,337.3123793779504,-10.272774367708848,tno-rate
Haumea,29,220.16763874068857,13.567241105736612,tno-rate
Juno,29,297.6249899349341,-13.134479351628157,engine
Jupiter,29,143.4627412000552,15.128263368670305,engine
Ketu,29,150.67283956992787,11.987154405391024,engine
Makemake,29,201.73012622848526,19.738940947333656,tno-rate
Mars,29,129.52074511521815,19.712351743606757,engine
Mercury,29,218.54774043036312,-18.018908679923257,engine
Midheaven,29,235.8814111670003,-19.74133157105576,engine
Moon,29,193.09005824455105,-10.688283380992454,engine
Neptune,29,2.6055776599321194,-0.4187034607204492,engine
Orcus,29,161.2912765228455,-13.604623596388379,tno-rate
Pallas,29,19.8423690202918,-15.079249594123945,engine
Part_of_Fortune,29,294.4247545911476,-25.16534681643495,engine
Part_of_Spirit,29,299.4489788158827,-17.09304443696089,engine
Pleiades,29,56.87583956421559,24.1054650445556,engine
Pluto,29,306.0475196922353,-23.725090019818612,engine
Polaris,29,38.36466250549853,89.26232517431495,engine
Procyon,29,114.81970718311106,5.218943102451495,engine
Quaoar,29,280.5850450884689,-15.09701077744147,tno-rate
Rahu,29,330.6728395699279,-11.987154405391024,engine
Regulus,29,152.08742460923122,11.968570891824216,engine
Rigel,29,78.63715423883129,-8.198856485498233,engine
Saturn,29,10.667808621704069,1.6388718082371925,engine
Sedna,29,62.29309421631011,8.846148508147904,tno-rate
Sirius,29,101.28376093811387,-16.72166687752814,engine
Spica,29,201.29261380153994,-11.159476150939392,engine
Sun,29,195.6021703569186,-6.652132191255424,engine
Transpluto,29,156.5422430724543,9.789627509755425,engine
Uranus,29,63.04011052841009,20.969392147256197,engine
Vega,29,279.2354780714601,38.790727702751894,engine
Venus,29,212.07387621887543,-21.01825454873791,engine
Vertex,29,154.3813490641892,10.615973496371849,engine
Vesta,29,23.167493258543534,-3.1225932750771146,engine
Aldebaran,30,68.98417830275632,16.508825215129946,engine
Algol,30,47.04837303258574,40.95565093324607,engine
Algorab,30,187.4590802101266,-16.514097161638865,engine
Alkaid,30,206.87582462521075,49.315107972452815,engine
Alphecca,30,233.66813193304176,26.71729412245497,engine
Altair,30,297.70061917678146,8.87411332568071,engine
Antares,30,247.34793432040817,-26.431980663950352,engine
Arcturus,30,213.90133517257192,19.170013360694114,engine
Ascendant,30,297.2889414116874,-21.068655874446865,engine
Bellatrix,30,81.28515756310634,6.351237738965999,engine
Betelgeuse,30,88.79497212981957,7.408653421504229,engine
Capella,30,79.17690517533973,45.993052224456605,engine
Castor,30,113.64731428222836,31.88627693686854,engine
Ceres,30,109.79635139538351,23.373846914339406,engine
Chiron,30,26.602968761101543,11.15888780168586,engine
Deneb Algedi,30,326.7655332999081,-16.128578613336956,engine
Eris,30,27.088506765075824,-0.07972670818668456,tno-rate
Fomalhaut,30,344.4204464931787,-29.6230753736143,engine
Gonggong,30,337.312374083693,-10.272776024533346,tno-rate
Haumea,30,220.16765213496225,13.567234206420565,tno-rate
Juno,30,297.6251053504258,-13.134526808825296,engine
Jupiter,30,143.46285360266774,15.12822849026013,engine
Ketu,30,150.6727563434943,11.987184501562941,engine
Makemake,30,201.7301400872637,19.738934974796777,tno-rate
Mars,30,129.52115053843553,19.71226375479981,engine
Mercury,30,218.54844758808503,-18.01919256613027,engine
Midheaven,30,236.1318311385748,-19.795081392096822,engine
Moon,30,193.09642412039713,-10.691974266936738,engine
Neptune,30,2.6055609775316575,-0.4187107525230088,engine
Orcus,30,161.29128913396892,-13.604631388014296,tno-rate
Pallas,30,19.84223692868357,-15.079426408427246,engine
Part_of_Fortune,30,294.78256197533017,-25.108235431646722,engine
Part_of_Spirit,30,299.79532084804464,-17.029076317247007,engine
Pleiades,30,56.8758396096121,24.105464958734032,engine
Pluto,30,306.047517798059,-23.725090122210652,engine
Polaris,30,38.36467028062439,89.26232500579118,engine
Procyon,30,114.81970704194975,5.218943080911524,engine
Quaoar,30,280.5850490388489,-15.097012733195033,tno-rate
Rahu,30,330.6727563434943,-11.987184501562941,engine
Regulus,30,152.08742441043995,11.968570878696946,engine
Rigel,30,78.63715420599044,-8.198856466172272,engine
Saturn,30,10.667759481794599,1.638850868228171,engine
Sedna,30,62.29309007237906,8.846146454135946,tno-rate
Sirius,30,101.28376082865452,-16.721666839210638,engine
Spica,30,201.29261365464936,-11.159476186015615,engine
Sun,30,195.60280355675437,-6.652394709736881,engine
Transpluto,30,156.54224853065736,9.78962540589148,engine
Uranus,30,63.040093370890865,20.969389087508468,engine
Vega,30,279.23547819795095,38.790727802197225,engine
Venus,30,212.07365235066584,-21.018190217083824,engine
Vertex,30,154.57204657271524,10.543892240417762,engine
Vesta,30,23.167332355576633,-3.122656939223087,engine
Aldebaran,31,68.98417830414361,16.50882515129667,engine
Algol,31,47.04837313119884,40.955650808037895,engine
Algorab,31,187.45908002926544,-16.514097195518232,engine
Alkaid,31,206.8758244218806,49.315108076642204,engine
Alphecca,31,233.66813187373464,26.717294199830295,engine
Altair,31,297.7006193252645,8.874113337466955,engine
Antares,31,247.34793431266212,-26.43198075868791,engine
Arcturus,31,213.9013350516199,19.17001340417582,engine
Ascendant,31,297.642559538775,-21.00706996449307,engine
Bellatrix,31,81.28515752240406,6.351237709456866,engine
Betelgeuse,31,88.79497206410909,7.40865338940942,engine
Capella,31,79.17690512723878,45.99305207949609,engine
Castor,31,113.64731412090956,31.886276855553824,engine
Ceres,31,109.79653259415875,23.373859456425617,engine
Chiron,31,26.602939437237147,11.158875740579706,engine
Deneb Algedi,31,326.76553349917447,-16.12857863343061,engine
Eris,31,27.088500461485957,-0.07972899939936763,tno-rate
Fomalhaut,31,344.4204467178136,-29.623075372448625,engine
Gonggong,31,337.31236878943565,-10.272777681357843,tno-rate
Haumea,31,220.16766552923596,13.567227307104519,tno-rate
Juno,31,297.62522075649173,-13.13457426387922,engine
Jupiter,31,143.46296600966565,15.128193611874705,engine
Ketu,31,150.67267310276668,11.987214602872578,engine
Makemake,31,201.73015394604212,19.738929002259894,tno-rate
Mars,31,129.5215559787575,19.712175766967718,engine
Mercury,31,218.54915473793145,-18.019476433267215,engine
Midheaven,31,236.3822520311884,-19.84844661388333,engine
Moon,31,193.10279737833037,-10.69566315013493,engine
Neptune,31,2.605544295018769,-0.4187180442949432,engine
Orcus,31,161.2913017450923,-13.604639179640213,tno-rate
Pallas,31,19.842104827535433,-15.079603224554,engine
Part_of_Fortune,31,295.1419201413549,-25.050075889847168,engine
Part_of_Spirit,31,300.1431989361951,-16.96406403913897,engine
Pleiades,31,56.87583965617112,24.105464872909174,engine
Pluto,31,306.0475159028747,-23.725090224828854,engine
Polaris,31,38.364678134212326,89.2623248375925,engine
Procyon,31,114.81970690134341,5.218943059291115,engine
Quaoar,31,280.5850529892289,-15.097014688948596,tno-rate
Rahu,31,330.6726731027667,-11.987214602872578,engine
Regulus,31,152.08742421153738,11.968570865352692,engine
Rigel,31,78.63715417414065,-8.198856446786607,engine
Saturn,31,10.667710340259658,1.6388299284075099,engine
Sedna,31,62.293085928448,8.846144400123986,tno-rate
Sirius,31,101.28376071997764,-16.721666800675052,engine
Spica,31,201.29261350687176,-11.159476220972662,engine
Sun,31,195.60343677575048,-6.652657224780832,engine
Transpluto,31,156.54225398880354,9.789623302050526,engine
Uranus,31,63.04007621433368,20.96938602820865,engine
Vega,31,279.2354783234466,38.79072790209777,engine
Venus,31,212.07342850530296,-21.018125841494356,engine
Vertex,31,154.76267908854635,10.471687618176144,engine
Vesta,31,23.167171442267875,-3.122720603270869,engine
Aldebaran,32,68.9841783066114,16.508825087399863,engine
Algol,32,47.04837323119822,40.95565068294492,engine
Algorab,32,187.45907984767803,-16.514097229168023,engine
Alkaid,32,206.87582421713464,49.31510818043567,engine
Alphecca,32,233.66813181324085,26.717294277184198,engine
Altair,32,297.7006194732307,8.874113349398648,engine
Antares,32,247.34793430375225,-26.43198085351299,engine
Arcturus,32,213.90133492963028,19.17001344752572,engine
Ascendant,32,297.99773174703665,-20.94442637403779,engine
Bellatrix,32,81.28515748267084,6.351237679900395,engine
Betelgeuse,32,88.79497199930277,7.4086533572433675,engine
Capella,32,79.17690508054675,45.993051934242125,engine
Castor,32,113.64731396026794,31.886276773769627,engine
Ceres,32,109.79671380179217,23.373872001270207,engine
Chiron,32,26.602910113355026,11.158863679821575,engine
Deneb Algedi,32,326.76553369844686,-16.12857865381719,engine
Eris,32,27.08849415789609,-0.0797312906120507,tno-rate
Fomalhaut,32,344.42044694282504,-29.623075371780253,engine
Gonggong,32,337.3123634951783,-10.27277933818234,tno-rate
Haumea,32,220.16767892350964,13.56722040778847,tno-rate
Juno,32,297.6253361530494,-13.134621716779844,engine
Jupiter,32,143.46307842111838,15.12815873349968,engine
Ketu,32,150.67258984774838,11.987244709318707,engine
Makemake,32,201.73016780482052,19.738923029723015,tno-rate
Mars,32,129.52196143651156,19.71208778005677,engine
Mercury,32,218.54986187995604,-18.019760281271072,engine
Midheaven,32,236.63267386685516,-19.90142686419044,engine
Moon,32,193.1091782134188,-10.69935010222666,engine
Neptune,32,2.605527612381706,-0.41872533603845963,engine
Orcus,32,161.29131435621574,-13.60464697126613,tno-rate
Pallas,32,19.841972717082662,-15.07978004254811,engine
Part_of_Fortune,32,295.50283994644855,-24.990856739868033,engine
Part_of_Spirit,32,300.49262354762476,-16.897996008207546,engine
Pleiades,32,56.87583970389271,24.105464787082926,engine
Pluto,32,306.04751400667897,-23.725090327671204,engine
Polaris,32,38.36468606615122,89.26232466972333,engine
Procyon,32,114.819706761296,5.2189430375904955,engine
Quaoar,32,280.58505693960893,-15.097016644702157,tno-rate
Rahu,32,330.6725898477484,-11.987244709318707,engine
Regulus,32,152.08742401252837,11.96857085179136,engine
Rigel,32,78.63715414328368,-8.198856427341848,engine
Saturn,32,10.667661197085346,1.6388089887749644,engine
Sedna,32,62.29308178451695,8.846142346112027,tno-rate
Sirius,32,101.28376061208664,-16.7216667619223,engine
Spica,32,201.29261335820996,-11.159476255809794,engine
Sun,32,195.6040700140069,-6.652919736396417,engine
Transpluto,32,156.542259446893,9.7896211982325,engine
Uranus,32,63.04005905874352,20.969382969360804,engine
Vega,32,279.23547844794285,38.79072800245138,engine
Venus,32,212.07320468642067,-21.018061422966177,engine
Vertex,32,154.95324715574725,10.399360419266149,engine
Vesta,32,23.167010518188835,-3.1227842673700197,engine
Aldebaran,33,68.98417831016073,16.508825023440824,engine
Algol,33,47.04837333258286,40.9556505579701,engine
Algorab,33,187.45907966536808,-16.514097262587374,engine
Alkaid,33,206.87582401097646,49.315108283830114,engine
Alphecca,33,233.66813175156062,26.717294354514586,engine
Altair,33,297.70061962067604,8.874113361475453,engine
Antares,33,247.3479342936776,-26.43198094842354,engine
Arcturus,33,213.90133480660486,19.17001349074242,engine
Ascendant,33,298.3544686699286,-20.880713482846303,engine
Bellatrix,33,81.28515744390864,6.351237650297062,engine
Betelgeuse,33,88.7949719354031,7.4086533250065845,engine
Capella,33,79.17690503526623,45.99305178869779,engine
Castor,33,113.64731380030805,31.886276691517278,engine
Ceres,33,109.79689501849253,23.373884548901266,engine
Chiron,33,26.602880789441333,11.158851619410344,engine
Deneb Algedi,33,326.76553389772033,-16.128578674496698,engine
Eris,33,27.088487854306223,-0.07973358182473377,tno-rate
Fomalhaut,33,344.4204471682079,-29.62307537160989,engine
Gonggong,33,337.3123582009209,-10.272780995006837,tno-rate
Haumea,33,220.16769231778335,13.567213508472424,tno-rate
Juno,33,297.62545154012304,-13.134669167515382,engine
Jupiter,33,143.46319083696378,15.128123855160908,engine
Ketu,33,150.6725065784981,11.987274820880076,engine
Makemake,33,201.73018166359896,19.738917057186136,tno-rate
Mars,33,129.5223669113307,19.711999794172637,engine
Mercury,33,218.55056901442137,-18.020044110296215,engine
Midheaven,33,236.88309666472702,-19.954021777352004,engine
Moon,33,193.1155666589835,-10.703035127814095,engine
Neptune,33,2.605510929619511,-0.4187326277513422,engine
Orcus,33,161.29132696733913,-13.604654762892048,tno-rate
Pallas,33,19.841840596969217,-15.079956862346547,engine
Part_of_Fortune,33,295.8653320572888,-24.93056636606765,engine
Part_of_Spirit,33,300.84360528256843,-16.830860599624955,engine
Pleiades,33,56.875839752776905,24.105464701257198,engine
Pluto,33,306.0475121094685,-23.725090430735683,engine
Polaris,33,38.36469407632837,89.26232450218808,engine
Procyon,33,114.8197066218115,5.218943015809895,engine
Quaoar,33,280.58506088998894,-15.09701860045572,tno-rate
Rahu,33,330.6725065784981,-11.987274820880076,engine
Regulus,33,152.08742381341756,11.96857083801288,engine
Rigel,33,78.63715411342132,-8.198856407838601,engine
Saturn,33,10.667612052257791,1.6387880493302927,engine
Sedna,33,62.29307764058589,8.846140292100067,tno-rate
Sirius,33,101.28376050498494,-16.72166672295334,engine
Spica,33,201.29261320866664,-11.159476290526262,engine
Sun,33,195.6047032716233,-6.653182244592749,engine
Transpluto,33,156.54226490492564,9.789619094437402,engine
Uranus,33,63.0400419041079,20.969379910965777,engine
Vega,33,279.23547857143575,38.79072810325593,engine
Venus,33,212.07298089121977,-21.01799696062533,engine
Vertex,33,155.1437513146721,10.326911436330516,engine
Vesta,33,23.166849583618294,-3.1228479313666635,engine
Aldebaran,34,68.98417831479262,16.50882495942085,engine
Algol,34,47.048373435351756,40.955650433116496,engine
Algorab,34,187.45907948233923,-16.514097295775397,engine
Alkaid,34,206.87582380340953,49.31510838682247,engine
Alphecca,34,233.6681316886942,26.717294431819358,engine
Altair,34,297.70061976759644,8.874113373697028,engine
Antares,34,247.3479342824372,-26.431981043417526,engine
Arcturus,34,213.90133468254558,19.17001353382452,engine
Ascendant,34,298.7127809117699,-20.815919574378764,engine
Bellatrix,34,81.2851574061194,6.351237620647341,engine
Betelgeuse,34,88.79497187241257,7.408653292699588,engine
Capella,34,79.1769049913998,45.99305164286619,engine
Castor,34,113.64731364103454,31.88627660879814,engine
Ceres,34,109.79707624399246,23.373897099325273,engine
Chiron,34,26.60285146549705,11.158839559348444,engine
Deneb Algedi,34,326.76553409699005,-16.128578695469137,engine
Eris,34,27.08848155071636,-0.07973587303741683,tno-rate
Fomalhaut,34,344.42044739395703,-29.623075371938217,engine
Gonggong,34,337.3123529066636,-10.272782651831335,tno-rate
Haumea,34,220.16770571205703,13.567206609156377,tno-rate
Juno,34,297.6255669177373,-13.134716616074094,engine
Jupiter,34,143.4633032572382,15.128088976854103,engine
Ketu,34,150.6724232949079,11.987304937595729,engine
Makemake,34,201.7301955223774,19.738911084649253,tno-rate
Mars,34,129.52277240354175,19.711911809261565,engine
Mercury,34,218.55127614138078,-18.020327920279918,engine
Midheaven,34,237.1335204438819,-20.006230994767524,engine
Moon,34,193.12196274825655,-10.706718231569681,engine
Neptune,34,2.6054942467204323,-0.4187399194357986,engine
Orcus,34,161.29133957846255,-13.604662554517965,tno-rate
Pallas,34,19.84170846728279,-15.08013368396634,engine
Part_of_Fortune,34,296.2294071113277,-24.869193056569383,engine
Part_of_Spirit,34,301.19615471221215,-16.762646092188145,engine
Pleiades,34,56.87583980282372,24.105464615433874,engine
Pluto,34,306.0475102112399,-23.725090534020268,engine
Polaris,34,38.36470216462958,89.26232433499116,engine
Procyon,34,114.81970648289389,5.218942993949543,engine
Quaoar,34,280.58506484036894,-15.09702055620928,tno-rate
Rahu,34,330.6724232949079,-11.987304937595729,engine
Regulus,34,152.08742361420974,11.968570824017162,engine
Rigel,34,78.63715408455528,-8.198856388277479,engine
Saturn,34,10.66756290576319,1.6387671100732613,engine
Sedna,34,62.29307349665484,8.846138238088107,tno-rate
Sirius,34,101.28376039867594,-16.721666683769108,engine
Spica,34,201.29261305824454,-11.159476325121348,engine
Sun,34,195.60533654869877,-6.653444749379062,engine
Transpluto,34,156.54227036290152,9.789616990665277,engine
Uranus,34,63.040024750420116,20.9693768530255,engine
Vega,34,279.2354786939212,38.7907282045093,engine
Venus,34,212.07275712333217,-21.01793245546963,engine
Vertex,34,155.33419210410503,10.25434146423471,engine
Vesta,34,23.166688638128313,-3.122911595410232,engine
Aldebaran,35,68.98417832050804,16.508824895341224,engine
Algol,35,47.04837353950381,40.955650308387085,engine
Algorab,35,187.45907929859519,-16.51409732873126,engine
Alkaid,35,206.87582359443752,49.31510848940974,engine
Alphecca,35,233.6681316246419,26.717294509096455,engine
Altair,35,297.70061991398774,8.874113386063032,engine
Antares,35,247.34793427003007,-26.431981138492908,engine
Arcturus,35,213.90133455745442,19.170013576770632,engine
Ascendant,35,299.07267904737677,-20.750032837001758,engine
Bellatrix,35,81.28515736930504,6.351237590951707,engine
Betelgeuse,35,88.79497181033365,7.408653260322889,engine
Capella,35,79.17690494894993,45.9930514967504,engine
Castor,35,113.6473134824519,31.886276525613546,engine
Ceres,35,109.7972574785004,23.3739096525702,engine
Chiron,35,26.602822141508362,11.158827499634727,engine
Deneb Algedi,35,326.7655342962513,-16.128578716734488,engine
Eris,35,27.088475247126492,-0.07973816425009991,tno-rate
Fomalhaut,35,344.4204476200674,-29.6230753727659,engine
Gonggong,35,337.31234761240626,-10.272784308655831,tno-rate
Haumea,35,220.16771910633074,13.567199709840331,tno-rate
Juno,35,297.62568228581046,-13.134764062445937,engine
Jupiter,35,143.46341568197784,15.128054098574975,engine
Ketu,35,150.67233999703654,11.98733505944435,engine
Makemake,35,201.73020938115582,19.738905112112374,tno-rate
Mars,35,129.52317791277696,19.71182382542913,engine
Mercury,35,218.5519832609571,-18.02061171123207,engine
Midheaven,35,237.3839452261151,-20.05805416538433,engine
Moon,35,193.12836667580157,-10.710399485182249,engine
Neptune,35,2.6054775636835283,-0.418747211089613,engine
Orcus,35,161.29135218958595,-13.604670346143882,tno-rate
Pallas,35,19.841576328111408,-15.080310507424496,engine
Part_of_Fortune,35,296.59507587784606,-24.80672507141942,engine
Part_of_Spirit,35,301.5502822169075,-16.693340602584094,engine
Pleiades,35,56.875839854033096,24.105464529614878,engine
Pluto,35,306.0475083119874,-23.725090637522822,engine
Polaris,35,38.364710330939225,89.26232416813698,engine
Procyon,35,114.81970634454709,5.218942972009675,engine
Quaoar,35,280.58506879074895,-15.097022511962843,tno-rate
Rahu,35,330.67233999703654,-11.98733505944435,engine
Regulus,35,152.08742341490955,11.968570809804124,engine
Rigel,35,78.63715405668731,-8.198856368659081,engine
Saturn,35,10.667513757604166,1.638746171010405,engine
Sedna,35,62.29306935272378,8.846136184076148,tno-rate
Sirius,35,101.28376029316304,-16.72166664437057,engine
Spica,35,201.29261290694646,-11.159476359594294,engine
Sun,35,195.6059698453323,-6.653707250764583,engine
Transpluto,35,156.54227582082052,9.7896148869161,engine
Uranus,35,63.04000759767344,20.96937379554186,engine
Vega,35,279.2354788153952,38.79072830620929,engine
Venus,35,212.07253337995715,-21.017867906626417,engine
Vertex,35,155.52457006339682,10.181651299256995,engine
Vesta,35,23.16652768199799,-3.122975259346866,engine
Aldebaran,36,68.98417832730802,16.50882483120327,engine
Algol,36,47.048373645037906,40.95565018378487,engine
Algorab,36,187.45907911413963,-16.514097361454084,engine
Alkaid,36,206.87582338406398,49.31510859158889,engine
Alphecca,36,233.6681315594041,26.717294586343804,engine
Altair,36,297.70062005984585,8.87411339857311,engine
Antares,36,247.3479342564554,-26.431981233647658,engine
Arcturus,36,213.90133443133334,19.170013619579343,engine
Ascendant,36,299.43417360954385,-20.683041367544796,engine
Bellatrix,36,81.28515733346744,6.351237561210635,engine
Betelgeuse,36,88.79497174916878,7.408653227877017,engine
Capella,36,79.17690490791912,45.99305135035355,engine
Castor,36,113.64731332456476,31.886276441964895,engine
Ceres,36,109.79743872174853,23.373922208642398,engine
Chiron,36,26.60279281746141,11.158815440268027,engine
Deneb Algedi,36,326.765534495499,-16.128578738292738,engine
Eris,36,27.088468943536625,-0.07974045546278298,tno-rate
Fomalhaut,36,344.42044784653393,-29.62307537409364,engine
Gonggong,36,337.31234231814886,-10.27278596548033,tno-rate
Haumea,36,220.16773250060442,13.567192810524284,tno-rate
Juno,36,297.6257976445804,-13.134811506615856,engine
Jupiter,36,143.46352811112033,15.1280192203494,engine
Ketu,36,150.6722566848875,11.987365186424702,engine
Makemake,36,201.73022323993425,19.73889913957549,tno-rate
Mars,36,129.52358343936248,19.711735842621522,engine
Mercury,36,218.5526903732731,-18.02089548316265,engine
Midheaven,36,237.63437103035363,-20.109490944439997,engine
Moon,36,193.13477815150569,-10.714078759381168,engine
Neptune,36,2.6054608804970596,-0.41875450271499187,engine
Orcus,36,161.29136480070935,-13.6046781377698,tno-rate
Pallas,36,19.841444179099426,-15.080487332657775,engine
Part_of_Fortune,36,296.9623485994271,-24.743150378167293,engine
Part_of_Spirit,36,301.9059986196606,-16.6229323569223,engine
Pleiades,36,56.875839906405055,24.105464443802116,engine
Pluto,36,306.04750641171256,-23.72509074124154,engine
Polaris,36,38.3647185751401,89.26232400162992,engine
Procyon,36,114.81970620677505,5.218942949990517,engine
Quaoar,36,280.58507274112895,-15.097024467716405,tno-rate
Rahu,36,330.6722566848875,-11.987365186424702,engine
Regulus,36,152.08742321552182,11.968570795373699,engine
Rigel,36,78.63715402981911,-8.198856348984027,engine
Saturn,36,10.66746460773409,1.6387252321279049,engine
Sedna,36,62.293065208792726,8.84613413006419,tno-rate
Sirius,36,101.28376018844958,-16.721666604758664,engine
Spica,36,201.29261275477515,-11.159476393944379,engine
Sun,36,195.60660316162242,-6.653969748758669,engine
Transpluto,36,156.54228127868288,9.789612783189877,engine
Uranus,36,63.03999044585532,20.969370738515675,engine
Vega,36,279.23547893585385,38.790728408353765,engine
Venus,36,212.0723096647252,-21.017803315094756,engine
Vertex,36,155.71488572823407,10.108841740707522,engine
Vesta,36,23.16636671479982,-3.1230389233259856,engine
Aldebaran,37,68.98417833519348,16.508824767008274,engine
Algol,37,47.048373751952965,40.955650059312845,engine
Algorab,37,187.45907892897625,-16.514097393943022,engine
Alkaid,37,206.87582317229254,49.31510869335685,engine
Alphecca,37,233.66813149298113,26.71729466355931,engine
Altair,37,297.7006202051668,8.874113411226913,engine
Antares,37,247.34793424171224,-26.43198132887972,engine
Arcturus,37,213.90133430418422,19.17001366224928,engine
Ascendant,37,299.797275089692,-20.61493317261812,engine
Bellatrix,37,81.28515729860851,6.351237531424604,engine
Betelgeuse,37,88.79497168892038,7.408653195362474,engine
Capella,37,79.17690486830986,45.99305120367875,engine
Castor,37,113.64731316737759,31.88627635785353,engine
Ceres,37,109.79761997382586,23.37393476756442,engine
Chiron,37,26.602763493357198,11.15880338125077,engine
Deneb Algedi,37,326.7655346947286,-16.12857876014385,engine
Eris,37,27.08846263994676,-0.07974274667546605,tno-rate
Fomalhaut,37,344.4204480733515,-29.62307537592207,engine
Gonggong,37,337.31233702389153,-10.272787622304826,tno-rate
Haumea,37,220.16774589487812,13.567185911208236,tno-rate
Juno,37,297.62591299396604,-13.13485894857387,engine
Jupiter,37,143.46364054473455,15.127984342163039,engine
Ketu,37,150.67217335846397,11.98739531853559,engine
Makemake,37,201.73023709871265,19.73889316703861,tno-rate
Mars,37,129.52398898292986,19.71164786094429,engine
Mercury,37,218.55339747838184,-18.021179236009495,engine
Midheaven,37,237.8847978763777,-20.160540994146967,engine
Moon,37,193.14119736965682,-10.717756125936365,engine
Neptune,37,2.6054441971600846,-0.41876179430971866,engine
Orcus,37,161.29137741183277,-13.604685929395718,tno-rate
Pallas,37,19.841312020483066,-15.080664159709752,engine
Part_of_Fortune,37,297.3312359616815,-24.678457055183816,engine
Part_of_Spirit,37,302.2633142177025,-16.551409290052423,engine
Pleiades,37,56.87583995993949,24.105464357997473,engine
Pluto,37,306.04750451040974,-23.72509084517429,engine
Polaris,37,38.36472689711356,89.26232383547438,engine
Procyon,37,114.81970606958167,5.218942927892313,engine
Quaoar,37,280.58507669150896,-15.097026423469966,tno-rate
Rahu,37,330.67217335846397,-11.98739531853559,engine
Regulus,37,152.08742301605125,11.968570780725809,engine
Rigel,37,78.63715400395238,-8.198856329252926,engine
Saturn,37,10.667415456155654,1.6387042934322977,engine
Sedna,37,62.293061064861675,8.84613207605223,tno-rate
Sirius,37,101.28376008453893,-16.721666564934367,engine
Spica,37,201.29261260173342,-11.159476428170862,engine
Sun,37,195.60723649766732,-6.654232243370669,engine
Transpluto,37,156.5422867364883,9.78961067948661,engine
Uranus,37,63.03997329497057,20.969367681950974,engine
Vega,37,279.2354790552931,38.79072851094057,engine
Venus,37,212.07208597483378,-21.017738680003124,engine
Vertex,37,155.90513963348477,10.035913589850473,engine
Vesta,37,23.16620573681328,-3.1231025871936944,engine
Aldebaran,38,68.98417834416539,16.508824702757533,engine
Algol,38,47.04837386024779,40.955649934974005,engine
Algorab,38,187.45907874310885,-16.51409742619723,engine
Alkaid,38,206.8758229591269,49.315108794710646,engine
Alphecca,38,233.66813142537333,26.717294740740897,engine
Altair,38,297.7006203499463,8.874113424024092,engine
Antares,38,247.3479342257998,-26.431981424187033,engine
Arcturus,38,213.90133417600913,19.17001370477905,engine
Ascendant,38,300.1619939303601,-20.54569617156023,engine
Bellatrix,38,81.28515726473009,6.351237501594085,engine
Betelgeuse,38,88.79497162959088,7.408653162779793,engine
Capella,38,79.17690483012457,45.99305105672909,engine
Castor,38,113.64731301089496,31.88627627328085,engine
Ceres,38,109.79780123482115,23.373947329358682,engine
Chiron,38,26.60273416918188,11.15879132258177,engine
Deneb Algedi,38,326.7655348939351,-16.128578782287804,engine
Eris,38,27.08845633635689,-0.07974503788814911,tno-rate
Fomalhaut,38,344.4204483005149,-29.623075378251855,engine
Gonggong,38,337.3123317296342,-10.272789279129324,tno-rate
Haumea,38,220.1677592891518,13.56717901189219,tno-rate
Juno,38,297.6260283339927,-13.134906388308313,engine
Jupiter,38,143.46375298275785,15.127949464041784,engine
Ketu,38,150.6720900178251,11.987425455755641,engine
Makemake,38,201.73025095749108,19.73888719450173,tno-rate
Mars,38,129.52439454380448,19.71155988034355,engine
Mercury,38,218.5541045765448,-18.021462969927732,engine
Midheaven,38,238.13522578295743,-20.21120398321786,engine
Moon,38,193.1476243628979,-10.721431589655502,engine
Neptune,38,2.6054275136608704,-0.4187690858760012,engine
Orcus,38,161.29139002295616,-13.604693721021635,tno-rate
Pallas,38,19.841179851907093,-15.080840988517048,engine
Part_of_Fortune,38,297.7017484396931,-24.612633026605742,engine
Part_of_Spirit,38,302.6222394210271,-16.47875931651472,engine
Pleiades,38,56.87584001463634,24.105464272202862,engine
Pluto,38,306.04750260807566,-23.725090949319,engine
Polaris,38,38.364735296739404,89.26232366967471,engine
Procyon,38,114.81970593297086,5.218942905715291,engine
Quaoar,38,280.58508064188896,-15.097028379223529,tno-rate
Rahu,38,330.6720900178251,-11.987425455755641,engine
Regulus,38,152.0874228165025,11.96857076586039,engine
Rigel,38,78.63715397908877,-8.198856309466391,engine
Saturn,38,10.667366302855179,1.6386833549233306,engine
Sedna,38,62.29305692093062,8.84613002204027,tno-rate
Sirius,38,101.28375998143441,-16.721666524898648,engine
Spica,38,201.29261244782413,-11.159476462273023,engine
Sun,38,195.60786985356484,-6.65449473460999,engine
Transpluto,38,156.54229219423698,9.789608575806255,engine
Uranus,38,63.03995614500658,20.969364625848556,engine
Vega,38,279.23547917370905,38.79072861396753,engine
Venus,38,212.0718623139121,-21.01767400235183,engine
Vertex,38,156.0953323117985,9.962867650445558,engine
Vesta,38,23.166044747611156,-3.123166251099355,engine
Aldebaran,39,68.98417835422464,16.50882463845236,engine
Algol,39,47.04837396992125,40.955649810771355,engine
Algorab,39,187.45907855654116,-16.51409745821585,engine
Alkaid,39,206.87582274457074,49.31510889564724,engine
Alphecca,39,233.66813135658109,26.717294817886494,engine
Altair,39,297.70062049418055,8.874113436964288,engine
Antares,39,247.3479342087171,-26.431981519567586,engine
Arcturus,39,213.90133404681006,19.170013747167257,engine
Ascendant,39,300.52834052566396,-20.47531819803224,engine
Bellatrix,39,81.28515723183402,6.351237471719565,engine
Betelgeuse,39,88.79497157118266,7.408653130129486,engine
Capella,39,79.17690479336565,45.99305090950773,engine
Castor,39,113.6473128551214,31.88627618824825,engine
Ceres,39,109.797982504466,23.373959894031422,engine
Chiron,39,26.60270484492161,11.158779264259843,engine
Deneb Algedi,39,326.7655350931137,-16.128578804724576,engine
Eris,39,27.088450032767028,-0.07974732910083218,tno-rate
Fomalhaut,39,344.4204485280191,-29.623075381083627,engine
Gonggong,39,337.3123264353768,-10.27279093595382,tno-rate
Haumea,39,220.1677726834255,13.567172112576143,tno-rate
Juno,39,297.6261436646861,-13.134953825807584,engine
Jupiter,39,143.46386542525897,15.127914585971284,engine
Ketu,39,150.67200666286243,11.987455598124058,engine
Makemake,39,201.7302648162695,19.73888122196485,tno-rate
Mars,39,129.52480012161715,19.71147190092477,engine
Mercury,39,218.55481166781465,-18.021746684855433,engine
Midheaven,39,238.38565477157366,-20.261479587524555,engine
Moon,39,193.15405916363835,-10.725105155346066,engine
Neptune,39,2.605410829998487,-0.41877637741162144,engine
Orcus,39,161.2914026340796,-13.604701512647551,tno-rate
Pallas,39,19.841047673608056,-15.081017819123108,engine
Part_of_Fortune,39,298.07389645988997,-24.545666130892222,engine
Part_of_Spirit,39,302.98278459143796,-16.40497026517226,engine
Pleiades,39,56.87584007049549,24.10546418642019,engine
Pluto,39,306.04750070470703,-23.72509105367364,engine
Polaris,39,38.36474377389605,89.26232350423533,engine
Procyon,39,114.81970579694658,5.218942883459699,engine
Quaoar,39,280.58508459226897,-15.09703033497709,tno-rate
Rahu,39,330.67200666286243,-11.987455598124058,engine
Regulus,39,152.08742261688045,11.968570750777381,engine
Rigel,39,78.63715395522995,-8.198856289625034,engine
Saturn,39,10.667317147818999,1.6386624166007489,engine
Sedna,39,62.293052776999566,8.846127968028311,tno-rate
Sirius,39,101.28375987913937,-16.721666484652435,engine
Spica,39,201.29261229305007,-11.159476496250138,engine
Sun,39,195.60850322941232,-6.654757222486083,engine
Transpluto,39,156.5422976519289,9.789606472148899,engine
Uranus,39,63.03993899595655,20.96936157021028,engine
Vega,39,279.2354792910978,38.79072871743243,engine
Venus,39,212.07163867915537,-21.017609281270534,engine
Vertex,39,156.28546429644743,9.88970472766204,engine
Vesta,39,23.165883747473462,-3.1232299148890097,engine
Aldebaran,40,68.98417836537214,16.508824574094003,engine
Algol,40,47.048374080972195,40.9556496867078,engine
Algorab,40,187.45907836927677,-16.514097489998075,engine
Alkaid,40,206.8758225286276,49.31510899616373,engine
Alphecca,40,233.66813128660485,26.71729489499409,engine
Altair,40,297.7006206378654,8.874113450047153,engine
Antares,40,247.34793419046352,-26.431981615019367,engine
Arcturus,40,213.90133391658898,19.17001378941255,engine
Ascendant,40,300.8963254546753,-20.403786956150768,engine
Bellatrix,40,81.28515719992212,6.3512374418015005,engine
Betelgeuse,40,88.79497151369806,7.40865309741206,engine
Capella,40,79.17690475803548,45.99305076201768,engine
Castor,40,113.64731270006126,31.886276102757066,engine
Ceres,40,109.79816378308935,23.373972461618806,engine
Chiron,40,26.60267552055771,11.158767206279308,engine
Deneb Algedi,40,326.76553529225976,-16.128578827454117,engine
Eris,40,27.088443729172933,-0.07974962031505163,tno-rate
Fomalhaut,40,344.42044875585907,-29.623075384418026,engine
Gonggong,40,337.3123211411159,-10.272792592779428,tno-rate
Haumea,40,220.16778607770817,13.56716521325547,tno-rate
Juno,40,297.6262589860431,-13.135001261093576,engine
Jupiter,40,143.46397787225035,15.12787970795408,engine
Ketu,40,150.67192329357914,11.987485745639644,engine
Makemake,40,201.73027867505724,19.738875249423963,tno-rate
Mars,40,129.52520571696456,19.71138392257501,engine
Mercury,40,218.55551875271823,-18.022030380921166,engine
Midheaven,40,238.63608502830192,-20.311367522108856,engine
Moon,40,193.16050197007215,-10.728776897335528,engine
Neptune,40,2.605394146152727,-0.41878366892257096,engine
Orcus,40,161.29141524521145,-13.604709304278694,tno-rate
Pallas,40,19.84091548514243,-15.081194651583019,engine
Part_of_Fortune,40,298.44769079901573,-24.47754414630178,engine
Part_of_Spirit,40,303.3449601103349,-16.330029765999754,engine
Pleiades,40,56.87584012751686,24.10546410065129,engine
Pluto,40,306.04749880029703,-23.725091158236115,engine
Polaris,40,38.364752328466125,89.26232333916046,engine
Procyon,40,114.81970566151256,5.21894286112575,engine
Quaoar,40,280.5850885426516,-15.097032290731963,tno-rate
Rahu,40,330.67192329357914,-11.987485745639644,engine
Regulus,40,152.08742241718957,11.96857073547673,engine
Rigel,40,78.63715393237752,-8.198856269729461,engine
Saturn,40,10.66726799100054,1.6386414784502685,engine
Sedna,40,62.29304863306573,8.846125914014975,tno-rate
Sirius,40,101.28375977765704,-16.72166644419672,engine
Spica,40,201.292612137414,-11.159476530101495,engine
Sun,40,195.60913662573176,-6.655019707184515,engine
Transpluto,40,156.54230310956763,9.789604368513068,engine
Uranus,40,63.03992184780212,20.96935851503595,engine
Vega,40,279.2354794074554,38.79072882133315,engine
Venus,40,212.07141507404154,-21.017544517717464,engine
Vertex,40,156.47553624418606,9.81642558066435,engine
Vesta,40,23.16572273604216,-3.1232935786788807,engine
Aldebaran,41,68.98417837760877,16.50882450968387,engine
Algol,41,47.04837419339927,40.955649562786505,engine
Algorab,41,187.45907818131968,-16.514097521543025,engine
Alkaid,41,206.87582231130156,49.31510909625695,engine
Alphecca,41,233.6681312154451,26.717294972061474,engine
Altair,41,297.7006207809968,8.874113463272302,engine
Antares,41,247.34793417103813,-26.43198171054021,engine
Arcturus,41,213.90133378534807,19.170013831513508,engine
Ascendant,41,301.2659584961521,-20.331090214575323,engine
Bellatrix,41,81.28515716899625,6.35123741184041,engine
Betelgeuse,41,88.79497145713954,7.408653064628079,engine
Capella,41,79.17690472413645,45.99305061426224,engine
Castor,41,113.64731254571926,31.886276016808814,engine
Ceres,41,109.7983450701793,23.373985032110117,engine
Chiron,41,26.60264619611566,11.158755148655132,engine
Deneb Algedi,41,326.76553549136804,-16.128578850476366,engine
Eris,41,27.088437425583066,-0.0797519115277347,tno-rate
Fomalhaut,41,344.42044898402935,-29.62307538825567,engine
Gonggong,41,337.31231584685855,-10.272794249603924,tno-rate
Haumea,41,220.16779947198188,13.567158313939423,tno-rate
Juno,41,297.6263742981481,-13.135048694087727,engine
Jupiter,41,143.46409032364983,15.127844830022587,engine
Ketu,41,150.67183991009023,11.9875158982608,engine
Makemake,41,201.73029253383564,19.73886927688708,tno-rate
Mars,41,129.5256113289329,19.71129594551768,engine
Mercury,41,218.55622583056808,-18.022314057900022,engine
Midheaven,41,238.8865162376602,-20.360867408660237,engine
Moon,41,193.16695248272077,-10.732446681649192,engine
Neptune,41,2.605377462136944,-0.4187909604001709,engine
Orcus,41,161.29142785633485,-13.604717095904611,tno-rate
Pallas,41,19.840783286776468,-15.081371485676216,engine
Part_of_Fortune,41,298.8231409371025,-24.408254707861687,engine
Part_of_Spirit,41,303.7087760552017,-16.253925721288958,engine
Pleiades,41,56.87584018570021,24.105464014898185,engine
Pluto,41,306.04749689484987,-23.725091263004444,engine
Polaris,41,38.36476096031357,89.2623231744547,engine
Procyon,41,114.81970552667292,5.218942838713724,engine
Quaoar,41,280.5850924930316,-15.097034246485526,tno-rate
Rahu,41,330.6718399100902,-11.9875158982608,engine
Regulus,41,152.08742221743498,11.968570719958377,engine
Rigel,41,78.63715391053312,-8.198856249780315,engine
Saturn,41,10.667218832452122,1.6386205404997056,engine
Sedna,41,62.29304448913468,8.846123860003015,tno-rate
Sirius,41,101.28375967699083,-16.721666403532517,engine
Spica,41,201.292611980919,-11.159476563826328,engine
Sun,41,195.6097700417704,-6.655282188362827,engine
Transpluto,41,156.54230856714588,9.789602264901584,engine
Uranus,41,63.039904700559404,20.969355460331503,engine
Vega,41,279.23547952277795,38.79072892566737,engine
Venus,41,212.07119149606422,-21.01747971091023,engine
Vertex,41,156.6655484297127,9.743031117617372,engine
Vesta,41,23.165561713283346,-3.123357242457093,engine
Aldebaran,42,68.98417839093538,16.508824445223212,engine
Algol,42,47.04837430720128,40.955649439010344,engine
Algorab,42,187.45907799267366,-16.514097552849886,engine
Alkaid,42,206.8758220925962,49.31510919592398,engine
Alphecca,42,233.6681311431023,26.71729504908665,engine
Altair,42,297.7006209235707,8.874113476639392,engine
Antares,42,247.34793415044018,-26.431981806128118,engine
Arcturus,42,213.90133365308935,19.17001387346876,engine
Ascendant,42,301.6372500982233,-20.257215522972107,engine
Bellatrix,42,81.28515713905814,6.351237381836757,engine
Betelgeuse,42,88.79497140150937,7.408653031778054,engine
Capella,42,79.17690469167086,45.9930504662445,engine
Castor,42,113.64731239209978,31.886275930404878,engine
Ceres,42,109.79852636606432,23.373997605541422,engine
Chiron,42,26.60261687156693,11.158743091379222,engine
Deneb Algedi,42,326.765535690434,-16.128578873791277,engine
Eris,42,27.088431121993203,-0.07975420274041777,tno-rate
Fomalhaut,42,344.420449212525,-29.62307539259718,engine
Gonggong,42,337.3123105526012,-10.272795906428422,tno-rate
Haumea,42,220.16781286625556,13.567151414623376,tno-rate
Juno,42,297.62648960099835,-13.135096124811986,engine
Jupiter,42,143.46420277946973,15.127809952179335,engine
Ketu,42,150.6717565123992,11.98754605598626,engine
Makemake,42,201.73030639261407,19.7388633043502,tno-rate
Mars,42,129.5260169579446,19.711207969679638,engine
Mercury,42,218.55693290189072,-18.022597715920853,engine
Midheaven,42,239.13694858648478,-20.409978975403074,engine
Moon,42,193.1734108993929,-10.736114582651876,engine
Neptune,42,2.6053607779390355,-0.4187982518470931,engine
Orcus,42,161.29144046745827,-13.604724887530528,tno-rate
Pallas,42,19.840651078510756,-15.08154832153782,engine
Part_of_Fortune,42,299.200257519567,-24.337785439417356,engine
Part_of_Spirit,42,304.07424267687963,-16.176645606526858,engine
Pleiades,42,56.875840245045424,24.105463929162738,engine
Pluto,42,306.0474949883588,-23.72509136797654,engine
Polaris,42,38.364769669317994,89.26232301012227,engine
Procyon,42,114.8197053924314,5.218942816223842,engine
Quaoar,42,280.5850964434116,-15.097036202239089,tno-rate
Rahu,42,330.6717565123992,-11.98754605598626,engine
Regulus,42,152.08742201762124,11.968570704222286,engine
Rigel,42,78.63715388969835,-8.198856229778198,engine
Saturn,42,10.667169672127216,1.6385996027347516,engine
Sedna,42,62.29304034520362,8.846121805991055,tno-rate
Sirius,42,101.28375957714395,-16.721666362660773,engine
Spica,42,201.2926118235678,-11.159476597423946,engine
Sun,42,195.61040347804925,-6.655544666206627,engine
Transpluto,42,156.5423140246673,9.789600161313057,engine
Uranus,42,63.039887554210004,20.96935240609672,engine
Vega,42,279.2354796370616,38.79072903043292,engine
Venus,42,212.0709679486992,-21.017414861808295,engine
Vertex,42,156.85550150760696,9.669522101935836,engine
Vesta,42,23.16540067936953,-3.123420906112364,engine
Aldebaran,43,68.98417840535284,16.508824380713325,engine
Algol,43,47.04837442237691,40.95564931538232,engine
Algorab,43,187.4590778033424,-16.51409758391784,engine
Alkaid,43,206.87582187251536,49.315109295161896,engine
Alphecca,43,233.66813106957687,26.71729512606754,engine
Altair,43,297.7006210655831,8.874113490148046,engine
Antares,43,247.34793412866895,-26.431981901781047,engine
Arcturus,43,213.9013335198149,19.170013915276947,engine
Ascendant,43,302.0102103895904,-20.182150405979538,engine
Bellatrix,43,81.28515711010958,6.351237351791023,engine
Betelgeuse,43,88.79497134680989,7.408652998862494,engine
Capella,43,79.17690466064101,45.99305031796757,engine
Castor,43,113.64731223920725,31.886275843546674,engine
Ceres,43,109.79870767047522,23.374010181918763,engine
Chiron,43,26.60258754689764,11.158731034450351,engine
Deneb Algedi,43,326.7655358894526,-16.1285788973988,engine
Eris,43,27.088424818403336,-0.07975649395310085,tno-rate
Fomalhaut,43,344.4204494413408,-29.623075397443134,engine
Gonggong,43,337.3123052583438,-10.272797563252919,tno-rate
Haumea,43,220.16782626052927,13.56714451530733,tno-rate
Juno,43,297.6266048946206,-13.135143553254832,engine
Jupiter,43,143.4643152397783,15.127775074409984,engine
Ketu,43,150.67167310039758,11.987576218855265,engine
Makemake,43,201.7303202513925,19.738857331813318,tno-rate
Mars,43,129.52642260414962,19.71111999504665,engine
Mercury,43,218.55763996680756,-18.022881354994766,engine
Midheaven,43,239.38738209405747,-20.45870192330242,engine
Moon,43,193.17987725195889,-10.739780605312978,engine
Neptune,43,2.6053440935472945,-0.4188055432655445,engine
Orcus,43,161.29145307858167,-13.604732679156447,tno-rate
Pallas,43,19.840518859990958,-15.08172515910411,engine
Part_of_Fortune,43,299.5790507068849,-24.266123870566922,engine
Part_of_Spirit,43,304.44137007229585,-16.098176941392154,engine
Pleiades,43,56.87584030555229,24.105463843446817,engine
Pluto,43,306.04749308082046,-23.725091473150314,engine
Polaris,43,38.364778455351804,89.26232284616755,engine
Procyon,43,114.81970525879184,5.218942793656349,engine
Quaoar,43,280.5851003937916,-15.09703815799265,tno-rate
Rahu,43,330.6716731003976,-11.987576218855265,engine
Regulus,43,152.08742181775304,11.968570688268398,engine
Rigel,43,78.63715386987475,-8.198856209723722,engine
Saturn,43,10.667120510012344,1.6385786651551673,engine
Sedna,43,62.29303620127257,8.846119751979096,tno-rate
Sirius,43,101.28375947811966,-16.721666321582465,engine
Spica,43,201.29261166536338,-11.159476630893632,engine
Sun,43,195.61103693466438,-6.655807140725593,engine
Transpluto,43,156.542319482132,9.789598057747515,engine
Uranus,43,63.0398704087412,20.96934935233236,engine
Vega,43,279.2354797503025,38.79072913562762,engine
Venus,43,212.0707444307467,-21.017349970011445,engine
Vertex,43,157.045396003884,9.595899348219069,engine
Vesta,43,23.165239633874616,-3.1234845697939546,engine
Aldebaran,44,68.9841784208619,16.508824316155536,engine
Algol,44,47.048374538924925,40.95564919190542,engine
Algorab,44,187.4590776133298,-16.51409761474606,engine
Alkaid,44,206.87582165106284,49.315109393967674,engine
Alphecca,44,233.66813099486941,26.717295203002063,engine
Altair,44,297.70062120703,8.874113503797899,engine
Antares,44,247.34793410572374,-26.431981997496937,engine
Arcturus,44,213.9013333855268,19.170013956936682,engine
Ascendant,44,302.38484941791813,-20.10588231966733,engine
Bellatrix,44,81.28515708215234,6.351237321703687,engine
Betelgeuse,44,88.79497129304339,7.4086529658819416,engine
Capella,44,79.17690463104918,45.9930501694346,engine
Castor,44,113.64731208704612,31.886275756235626,engine
Ceres,44,109.79888898361853,23.374022761269693,engine
Chiron,44,26.602558222108808,11.158718977870905,engine
Deneb Algedi,44,326.76553608841914,-16.128578921298864,engine
Eris,44,27.08841851481347,-0.07975878516578391,tno-rate
Fomalhaut,44,344.4204496704716,-29.623075402794157,engine
Gonggong,44,337.3122999640865,-10.272799220077417,tno-rate
Haumea,44,220.16783965480295,13.567137615991282,tno-rate
Juno,44,297.62672017893505,-13.135190979406458,engine
Jupiter,44,143.46442770451236,15.127740196740447,engine
Ketu,44,150.67158967414412,11.98760638684649,engine
Makemake,44,201.73033411017093,19.73885135927644,tno-rate
Mars,44,129.52682826717705,19.71103202172407,engine
Mercury,44,218.55834702537075,-18.023164975060787,engine
Midheaven,44,239.6378167786417,-20.50703595928603,engine
Moon,44,193.1863517336677,-10.743444821610495,engine
Neptune,44,2.6053274089608043,-0.41881283465330804,engine
Orcus,44,161.2914656897051,-13.604740470782364,tno-rate
Pallas,44,19.840386631454475,-15.081901998418223,engine
Part_of_Fortune,44,299.95953073987437,-24.19325752934836,engine
Part_of_Spirit,44,304.8101680959619,-16.0185071099863,engine
Pleiades,44,56.87584036722062,24.105463757752343,engine
Pluto,44,306.0474911722295,-23.725091578523593,engine
Polaris,44,38.364787318286005,89.26232268259484,engine
Procyon,44,114.81970512575815,5.218942771011497,engine
Quaoar,44,280.5851043441716,-15.097040113746212,tno-rate
Rahu,44,330.6715896741441,-11.98760638684649,engine
Regulus,44,152.08742161783516,11.968570672096675,engine
Rigel,44,78.63715385106391,-8.198856189617516,engine
Saturn,44,10.667071346094009,1.6385577277606793,engine
Sedna,44,62.29303205734151,8.846117697967136,tno-rate
Sirius,44,101.28375937992125,-16.7216662802986,engine
Spica,44,201.2926115063086,-11.159476664234669,engine
Sun,44,195.61167041171143,-6.656069611929465,engine
Transpluto,44,156.5423249395398,9.789595954204868,engine
Uranus,44,63.039853264157635,20.969346299042382,engine
Vega,44,279.2354798624968,38.79072924124921,engine
Venus,44,212.07052094100646,-21.017285035120235,engine
Vertex,44,157.2352324424287,9.522163673558474,engine
Vesta,44,23.165078577079473,-3.1235482333478584,engine
Aldebaran,45,68.9841784374634,16.50882425155114,engine
Algol,45,47.04837465684394,40.95564906858261,engine
Algorab,45,187.45907742263958,-16.514097645333724,engine
Alkaid,45,206.87582142824246,49.315109492338365,engine
Alphecca,45,233.66813091898035,26.71729527988815,engine
Altair,45,297.7006213479073,8.874113517588572,engine
Antares,45,247.34793408160377,-26.431982093273756,engine
Arcturus,45,213.90133325022728,19.170013998446603,engine
Ascendant,45,302.76117714950317,-20.02839865424006,engine
Bellatrix,45,81.2851570551881,6.351237291575236,engine
Betelgeuse,45,88.79497124021219,7.408652932836923,engine
Capella,45,79.17690460289761,45.993050020648774,engine
Castor,45,113.64731193562085,31.886275668473207,engine
Ceres,45,109.79907030522465,23.37403534360011,engine
Chiron,45,26.60252889718657,11.15870692163964,engine
Deneb Algedi,45,326.7655362873289,-16.128578945491416,engine
Eris,45,27.088412211223602,-0.07976107637846698,tno-rate
Fomalhaut,45,344.42044989991234,-29.623075408650813,engine
Gonggong,45,337.31229466982916,-10.272800876901913,tno-rate
Haumea,45,220.16785304907665,13.567130716675235,tno-rate
Juno,45,297.62683545418184,-13.135238403252044,engine
Jupiter,45,143.46454017370712,15.127705319166472,engine
Ketu,45,150.6715062336424,11.98763655995866,engine
Makemake,45,201.73034796894933,19.73884538673956,tno-rate
Mars,45,129.52723394734988,19.710944049657765,engine
Mercury,45,218.5590540778404,-18.023448576275015,engine
Midheaven,45,239.88825266120244,-20.55498079687185,engine
Moon,45,193.19283405303622,-10.74710710265186,engine
Neptune,45,2.605310724167879,-0.41882012601258944,engine
Orcus,45,161.2914783008285,-13.60474826240828,tno-rate
Pallas,45,19.840254392547386,-15.082078839416338,engine
Part_of_Fortune,45,300.3417072932537,-24.119173677063912,engine
Part_of_Spirit,45,305.18064700575263,-15.937623631416207,engine
Pleiades,45,56.87584043005014,24.105463672081218,engine
Pluto,45,306.04748926258765,-23.725091684094522,engine
Polaris,45,38.36479625799007,89.26232251940851,engine
Procyon,45,114.8197049933341,5.218942748289524,engine
Quaoar,45,280.5851082945516,-15.097042069499773,tno-rate
Rahu,45,330.6715062336424,-11.98763655995866,engine
Regulus,45,152.08742141787243,11.968570655707083,engine
Rigel,45,78.63715383326733,-8.198856169460194,engine
Saturn,45,10.667022180358762,1.6385367905510242,engine
Sedna,45,62.29302791341046,8.846115643955178,tno-rate
Sirius,45,101.2837592825519,-16.721666238810165,engine
Spica,45,201.29261134640643,-11.159476697446346,engine
Sun,45,195.61230390928569,-6.656332079828006,engine
Transpluto,45,156.54233039689086,9.789593850685225,engine
Uranus,45,63.03983612044656,20.969343246227478,engine
Vega,45,279.2354799736408,38.790729347295475,engine
Venus,45,212.0702974831016,-21.017220058139323,engine
Vertex,45,157.42501134783117,9.448315896439649,engine
Vesta,45,23.16491750855843,-3.123611896923305,engine
Aldebaran,46,68.98417845515809,16.508824186901457,engine
Algol,46,47.048374776132604,40.95564894541686,engine
Algorab,46,187.45907723127567,-16.514097675680027,engine
Alkaid,46,206.87582120405816,49.315109590271035,engine
Alphecca,46,233.6681308419104,26.717295356723728,engine
Altair,46,297.70062148821125,8.8741135315197,engine
Antares,46,247.34793405630845,-26.431982189109416,engine
Arcturus,46,213.90133311391838,19.170014039805345,engine
Ascendant,46,303.1392034548548,-19.949686739804807,engine
Bellatrix,46,81.28515702921861,6.351237261406153,engine
Betelgeuse,46,88.79497118831853,7.408652899727965,engine
Capella,46,79.17690457618852,45.99304987161319,engine
Castor,46,113.64731178493584,31.88627558026084,engine
Ceres,46,109.7992516354997,23.374047928937486,engine
Chiron,46,26.60249957212203,11.158694865756527,engine
Deneb Algedi,46,326.7655364861768,-16.128578969976356,engine
Eris,46,27.088405907633735,-0.07976336759115005,tno-rate
Fomalhaut,46,344.42045012965775,-29.623075415013684,engine
Gonggong,46,337.31228937557177,-10.272802533726411,tno-rate
Haumea,46,220.16786644335033,13.567123817359189,tno-rate
Juno,46,297.62695072028174,-13.135285824781812,engine
Jupiter,46,143.46465264739766,15.127670441683774,engine
Ketu,46,150.67142277889553,11.9876667381906,engine
Makemake,46,201.73036182772776,19.738839414202676,tno-rate
Mars,46,129.52763964429636,19.710856078953004,engine
Mercury,46,218.55976112426802,-18.023732158576763,engine
Midheaven,46,240.13868975982197,-20.602536155001594,engine
Moon,46,193.1993244030006,-10.75076752048015,engine
Neptune,46,2.605294039167613,-0.41882741734116974,engine
Orcus,46,161.29149091195188,-13.6047560540342,tno-rate
Pallas,46,19.840122143507482,-15.082255682141442,engine
Part_of_Fortune,46,300.7255904303734,-24.04385971585392,engine
Part_of_Spirit,46,305.5528164793362,-15.855513763755694,engine
Pleiades,46,56.87584049404061,24.10546358643533,engine
Pluto,46,306.04748735188934,-23.725091789860915,engine
Polaris,46,38.36480527433202,89.26232235661286,engine
Procyon,46,114.81970486152355,5.218942725490681,engine
Quaoar,46,280.5851122449316,-15.097044025253336,tno-rate
Rahu,46,330.67142277889553,-11.9876667381906,engine
Regulus,46,152.08742121786946,11.968570639099593,engine
Rigel,46,78.63715381648655,-8.198856149252386,engine
Saturn,46,10.666973012793179,1.6385158535259317,engine
Sedna,46,62.293023769479404,8.846113589943219,tno-rate
Sirius,46,101.28375918601482,-16.72166619711815,engine
Spica,46,201.29261118565978,-11.159476730527953,engine
Sun,46,195.61293742748197,-6.6565945444310355,engine
Transpluto,46,156.54233585418507,9.789591747188519,engine
Uranus,46,63.03981897760095,20.969340193889472,engine
Vega,46,279.2354800837306,38.79072945376415,engine
Venus,46,212.07007405422127,-21.01715503820235,engine
Vertex,46,157.61473324116895,9.374356838383108,engine
Vesta,46,23.16475642859277,-3.123675560366266,engine
Aldebaran,47,68.98417847394674,16.508824122207784,engine
Algol,47,47.04837489678954,40.955648822411156,engine
Algorab,47,187.45907703924186,-16.514097705784167,engine
Alkaid,47,206.87582097851376,49.315109687762735,engine
Alphecca,47,233.66813076365995,26.717295433506724,engine
Altair,47,297.7006216279377,8.874113545590898,engine
Antares,47,247.347934029837,-26.431982285001883,engine
Arcturus,47,213.9013329766023,19.17001408101155,engine
Ascendant,47,303.5189381080241,-19.8697338495451,engine
Bellatrix,47,81.28515700424553,6.351237231196921,engine
Betelgeuse,47,88.79497113736468,7.408652866555598,engine
Capella,47,79.17690455092409,45.993049722331065,engine
Castor,47,113.64731163499549,31.88627549160001,engine
Ceres,47,109.79943297429267,23.37406051729305,engine
Chiron,47,26.602470246901365,11.158682810220302,engine
Deneb Algedi,47,326.76553668495825,-16.12857899475363,engine
Eris,47,27.08839960404387,-0.07976565880383311,tno-rate
Fomalhaut,47,344.42045035970256,-29.62307542188334,engine
Gonggong,47,337.31228408131443,-10.272804190550907,tno-rate
Haumea,47,220.16787983762404,13.567116918043142,tno-rate
Juno,47,297.62706597726236,-13.135333243984368,engine
Jupiter,47,143.46476512552053,15.127635564318295,engine
Ketu,47,150.671339309963,11.987696921520838,engine
Makemake,47,201.7303756865062,19.738833441665797,tno-rate
Mars,47,129.52804535833872,19.710768109555584,engine
Mercury,47,218.5604681647746,-18.024015721977765,engine
Midheaven,47,240.38912809342085,-20.649701758672318,engine
Moon,47,193.2058228147743,-10.75442608018494,engine
Neptune,47,2.6052773539483254,-0.41883470864125666,engine
Orcus,47,161.2915035230753,-13.604763845660116,tno-rate
Pallas,47,19.839989883981183,-15.08243252652958,engine
Part_of_Fortune,47,301.11118995640356,-23.967302923981627,engine
Part_of_Spirit,47,305.9266862596446,-15.772164775108571,engine
Pleiades,47,56.87584055919172,24.10546350081659,engine
Pluto,47,306.0474854401317,-23.72509189582067,engine
Polaris,47,38.36481436717839,89.26232219421219,engine
Procyon,47,114.81970473033027,5.218942702615221,engine
Quaoar,47,280.5851161953116,-15.097045981006898,tno-rate
Rahu,47,330.671339309963,-11.987696921520838,engine
Regulus,47,152.08742101783108,11.968570622274173,engine
Rigel,47,78.63715380072304,-8.198856128994702,engine
Saturn,47,10.66692384338393,1.6384949166851464,engine
Sedna,47,62.293019625548354,8.846111535931259,tno-rate
Sirius,47,101.28375909031321,-16.721666155223552,engine
Spica,47,201.29261102407165,-11.159476763478784,engine
Sun,47,195.6135709663948,-6.656857005748412,engine
Transpluto,47,156.54234131142243,9.789589643714814,engine
Uranus,47,63.0398018356138,20.969337142030135,engine
Vega,47,279.2354801927625,38.790729560653006,engine
Venus,47,212.0698506579873,-21.017089976315386,engine
Vertex,47,157.8043986428427,9.300287322846374,engine
Vesta,47,23.164595336757298,-3.1237392238259383,engine
Aldebaran,48,68.98417849383006,16.508824057471443,engine
Algol,48,47.048375018813346,40.955648699568464,engine
Algorab,48,187.45907684654208,-16.51409773564532,engine
Alkaid,48,206.87582075161328,49.31510978481052,engine
Alphecca,48,233.66813068422974,26.717295510235083,engine
Altair,48,297.7006217670828,8.874113559801787,engine
Antares,48,247.34793400218888,-26.431982380949083,engine
Arcturus,48,213.90133283828123,19.170014122063854,engine
Ascendant,48,303.900390777397,-19.78852720485011,engine
Bellatrix,48,81.28515698027057,6.351237200948032,engine
Betelgeuse,48,88.79497108735286,7.408652833320356,engine
Capella,48,79.1769045271065,45.993049572805525,engine
Castor,48,113.64731148580418,31.886275402492164,engine
Ceres,48,109.79961432145231,23.374073108677948,engine
Chiron,48,26.60244092152556,11.158670755033327,engine
Deneb Algedi,48,326.76553688366823,-16.128579019823135,engine
Eris,48,27.088393300454005,-0.07976795001651618,tno-rate
Fomalhaut,48,344.4204505900418,-29.623075429260318,engine
Gonggong,48,337.3122787870571,-10.272805847375405,tno-rate
Haumea,48,220.16789323189772,13.567110018727094,tno-rate
Juno,48,297.6271812250449,-13.135380660849991,engine
Jupiter,48,143.46487760814344,15.127600687055708,engine
Ketu,48,150.67125582673611,11.987727109988606,engine
Makemake,48,201.73038954528462,19.738827469128914,tno-rate
Mars,48,129.52845108910458,19.71068014157069,engine
Mercury,48,218.56117519941148,-18.024299266417678,engine
Midheaven,48,240.63956767989495,-20.696477338495026,engine
Moon,48,193.21232948098975,-10.75808285384462,engine
Neptune,48,2.605260668509121,-0.41884199991063126,engine
Orcus,48,161.2915161341987,-13.604771637286033,tno-rate
Pallas,48,19.839857614058708,-15.082609372596881,engine
Part_of_Fortune,48,301.4985157322683,-23.88949059490466,engine
Part_of_Spirit,48,306.30226582252567,-15.687563814795556,engine
Pleiades,48,56.87584062550323,24.105463415226893,engine
Pluto,48,306.04748352731167,-23.725092001971714,engine
Polaris,48,38.36482353639428,89.26232203221085,engine
Procyon,48,114.8197045997581,5.218942679663395,engine
Quaoar,48,280.5851201456916,-15.09704793676046,tno-rate
Rahu,48,330.6712558267361,-11.987727109988606,engine
Regulus,48,152.087420817762,11.968570605230799,engine
Rigel,48,78.6371537859783,-8.198856108687771,engine
Saturn,48,10.66687467211765,1.638473980028392,engine
Sedna,48,62.293015481617296,8.8461094819193,tno-rate
Sirius,48,101.28375899545027,-16.72166611312738,engine
Spica,48,201.292610861645,-11.15947679629813,engine
Sun,48,195.61420452611844,-6.6571194637900675,engine
Transpluto,48,156.54234676860298,9.789587540264025,engine
Uranus,48,63.039784694478065,20.969334090651234,engine
Vega,48,279.2354803007327,38.790729667959766,engine
Venus,48,212.0696272931956,-21.017024872081212,engine
Vertex,48,157.99400807118062,9.226108175770072,engine
Vesta,48,23.164434233333616,-3.1238028871482624,engine
Aldebaran,49,68.98417851480878,16.50882399269373,engine
Algol,49,47.04837514220255,40.95564857689175,engine
Algorab,49,187.45907665318012,-16.514097765262708,engine
Alkaid,49,206.87582052336063,49.31510988141146,engine
Alphecca,49,233.66813060362034,26.71729558690672,engine
Altair,49,297.7006219056425,8.874113574151991,engine
Antares,49,247.3479339733635,-26.43198247694897,engine
Arcturus,49,213.90133269895742,19.170014162960882,engine
Ascendant,49,304.28357102480425,-19.706053978896858,engine
Bellatrix,49,81.28515695729536,6.3512371706599655,engine
Betelgeuse,49,88.7949710382853,7.408652800022779,engine
Capella,49,79.17690450473786,45.99304942303976,engine
Castor,49,113.64731133736629,31.886275312938807,engine
Ceres,49,109.79979567718424,23.3740857031195,engine
Chiron,49,26.60241159598076,11.158658700194325,engine
Deneb Algedi,49,326.7655370823021,-16.128579045184786,engine
Eris,49,27.088386996864138,-0.07977024122919925,tno-rate
Fomalhaut,49,344.4204508206701,-29.623075437145168,engine
Gonggong,49,337.3122734927997,-10.272807504199902,tno-rate
Haumea,49,220.16790662617143,13.567103119411048,tno-rate
Juno,49,297.6272964638705,-13.135428075363977,engine
Jupiter,49,143.46499009520267,15.127565809921933,engine
Ketu,49,150.67117232927404,11.98775730357257,engine
Makemake,49,201.73040340406303,19.738821496592035,tno-rate
Mars,49,129.5288568369155,19.71059217494406,engine
Mercury,49,218.5618822284378,-18.02458279205322,engine
Midheaven,49,240.89000853983617,-20.742862631300987,engine
Moon,49,193.21884410960186,-10.761737712776092,engine
Neptune,49,2.605243982841031,-0.4188492911503931,engine
Orcus,49,161.29152874532213,-13.60477942891195,tno-rate
Pallas,49,19.83972533383061,-15.082786220359486,engine
Part_of_Fortune,49,301.8875770276596,-23.81040977310697,engine
Part_of_Spirit,49,306.6795650219489,-15.601698184686748,engine
Pleiades,49,56.87584069297474,24.105463329668154,engine
Pluto,49,306.04748161342377,-23.725092108311816,engine
Polaris,49,38.36483278184334,89.26232187061309,engine
Procyon,49,114.8197044698108,5.218942656635454,engine
Quaoar,49,280.5851240960716,-15.097049892514022,tno-rate
Rahu,49,330.67117232927404,-11.98775730357257,engine
Regulus,49,152.087420617667,11.968570587969449,engine
Rigel,49,78.63715377225377,-8.198856088332217,engine
Saturn,49,10.666825498981055,1.638453043555399,engine
Sedna,49,62.293011337686245,8.84610742790734,tno-rate
Sirius,49,101.28375890142917,-16.721666070830643,engine
Spica,49,201.29261069838284,-11.159476828985298,engine
Sun,49,195.61483810674653,-6.657381918565983,engine
Transpluto,49,156.54235222572677,9.789585436836173,engine
Uranus,49,63.039767554186696,20.969331039754522,engine
Vega,49,279.23548040763757,38.790729775682166,engine
Venus,49,212.06940395864046,-21.016959725103025,engine
Vertex,49,158.18356204527004,9.15182022447186,engine
Vesta,49,23.164273118073655,-3.1238665504065914,engine
Aldebaran,50,68.98417853688356,16.50882392787598,engine
Algol,50,47.048375266955745,40.95564845438397,engine
Algorab,50,187.4590764591599,-16.51409779463553,engine
Alkaid,50,206.87582029375974,49.315109977562635,engine
Alphecca,50,233.66813052183238,26.717295663519575,engine
Altair,50,297.7006220436129,8.874113588641112,engine
Antares,50,247.34793394336018,-26.431982572999488,engine
Arcturus,50,213.90133255863304,19.17001420370131,engine
Ascendant,50,304.6684882902858,-19.62230130351085,engine
Bellatrix,50,81.28515693532154,6.351237140333213,engine
Betelgeuse,50,88.79497099016419,7.408652766663386,engine
Capella,50,79.17690448382031,45.993049273036945,engine
Castor,50,113.64731118968619,31.886275222941403,engine
Ceres,50,109.79997704121772,23.374098300623352,engine
Chiron,50,26.602382270258094,11.158646645703229,engine
Deneb Algedi,50,326.76553728085486,-16.12857907083849,engine
Eris,50,27.08838069327427,-0.07977253244188233,tno-rate
Fomalhaut,50,344.4204510515824,-29.623075445538426,engine
Gonggong,50,337.31226819854237,-10.2728091610244,tno-rate
Haumea,50,220.1679200204451,13.567096220095001,tno-rate
Juno,50,297.6274116936607,-13.135475487516663,engine
Jupiter,50,143.4651025867658,15.127530932902658,engine
Ketu,50,150.6710888175799,11.987787502271459,engine
Makemake,50,201.73041726284146,19.738815524055152,tno-rate
Mars,50,129.52926260139836,19.710504209780815,engine
Mercury,50,218.5625892519047,-18.02486629882433,engine
Midheaven,50,241.14045069094794,-20.788857379012335,engine
Moon,50,193.22536689285863,-10.765390729103244,engine
Neptune,50,2.6052272969350785,-0.4188565823616419,engine
Orcus,50,161.29154135644552,-13.604787220537869,tno-rate
Pallas,50,19.83959304294382,-15.082963069753191,engine
Part_of_Fortune,50,302.27838347477194,-23.730047662527916,engine
Part_of_Spirit,50,307.0585931057996,-15.514554944493781,engine
Pleiades,50,56.875840761605936,24.105463244142246,engine
Pluto,50,306.04747969847006,-23.725092214839112,engine
Polaris,50,38.364842103387716,89.26232170942325,engine
Procyon,50,114.81970434049215,5.218942633531648,engine
Quaoar,50,280.5851280464516,-15.097051848267583,tno-rate
Rahu,50,330.6710888175799,-11.987787502271459,engine
Regulus,50,152.0874204175508,11.968570570490112,engine
Rigel,50,78.63715375955091,-8.19885606792867,engine
Saturn,50,10.666776323960866,1.6384321072658894,engine
Sedna,50,62.29300719375519,8.84610537389538,tno-rate
Sirius,50,101.28375880825303,-16.721666028334358,engine
Spica,50,201.2926105342882,-11.15947686153958,engine
Sun,50,195.61547170837247,-6.657644370086175,engine
Transpluto,50,156.54235768279366,9.789583333431304,engine
Uranus,50,63.03975041472679,20.9693279893407,engine
Vega,50,279.2354805134733,38.79072988381794,engine
Venus,50,212.06918065794144,-21.016894536388897,engine
Vertex,50,158.37306108074444,9.077424299296078,engine
Vesta,50,23.164111990729467,-3.1239302136742384,engine
Aldebaran,51,68.98417856005511,16.508823863019447,engine
Algol,51,47.04837539307145,40.95564833204798,engine
Algorab,51,187.45907626448522,-16.514097823763002,engine
Alkaid,51,206.8758200628145,49.3151100732612,engine
Alphecca,51,233.6681304388665,26.71729574007163,engine
Altair,51,297.7006221809902,8.874113603268784,engine
Antares,51,247.34793391217838,-26.431982669098605,engine
Arcturus,51,213.90133241731024,19.170014244283774,engine
Ascendant,51,305.055152150008,-19.537256215971873,engine
Bellatrix,51,81.28515691435071,6.351237109968245,engine
Betelgeuse,51,88.79497094299167,7.408652733242709,engine
Capella,51,79.17690446435589,45.993049122800166,engine
Castor,51,113.64731104276815,31.88627513250141,engine
Ceres,51,109.80015841387957,23.374110901225166,engine
Chiron,51,26.602352944324046,11.158634591550681,engine
Deneb Algedi,51,326.76553747932195,-16.12857909678415,engine
Eris,51,27.08837438968018,-0.07977482365610176,tno-rate
Fomalhaut,51,344.42045128277357,-29.62307545444064,engine
Gonggong,51,337.31226290428145,-10.272810817850008,tno-rate
Haumea,51,220.1679334147278,13.567089320774327,tno-rate
Juno,51,297.62752691452124,-13.135522897328544,engine
Jupiter,51,143.46521508284437,15.127496056000421,engine
Ketu,51,150.67100529160132,11.987817706104337,engine
Makemake,51,201.73043112162918,19.738809551514265,tno-rate
Mars,51,129.52966838314606,19.710416245967632,engine
Mercury,51,218.56329627033702,-18.025149786861174,engine
Midheaven,51,241.39089431924364,-20.83446135961799,engine
Moon,51,193.23189786578774,-10.769041910514016,engine
Neptune,51,2.605210610779205,-0.4188638735470483,engine
Orcus,51,161.29155396757739,-13.60479501216901,tno-rate
Pallas,51,19.83946074154838,-15.083139920939272,engine
Part_of_Fortune,51,302.6709446842816,-23.64839130794922,engine
Part_of_Spirit,51,307.43935961573436,-15.426121123994527,engine
Pleiades,51,56.87584083139649,24.10546315865102,engine
Pluto,51,306.0474777824437,-23.725092321551458,engine
Polaris,51,38.3648515008944,89.26232154864547,engine
Procyon,51,114.81970421180587,5.218942610352224,engine
Quaoar,51,280.58513199683426,-15.097053804022456,tno-rate
Rahu,51,330.6710052916013,-11.987817706104337,engine
Regulus,51,152.08742021741799,11.968570552792757,engine
Rigel,51,78.6371537478711,-8.198856047477735,engine
Saturn,51,10.666727147010931,1.638411171145563,engine
Sedna,51,62.29300304982136,8.846103319882044,tno-rate
Sirius,51,101.28375871592493,-16.7216659856395,engine
Spica,51,201.29261036936393,-11.159476893960308,engine
Sun,51,195.61610533151415,-6.65790681853667,engine
Transpluto,51,156.54236313980743,9.78958123004799,engine
Uranus,51,63.039733276091326,20.96932493941157,engine
Vega,51,279.23548061823635,38.79072999236488,engine
Venus,51,212.068957388133,-21.01682930503135,engine
Vertex,51,158.56250581928376,9.002921182649922,engine
Vesta,51,23.16395085147532,-3.123993876839801,engine
Aldebaran,52,68.98417858432404,16.50882379812554,engine
Algol,52,47.048375520548035,40.955648209886945,engine
Algorab,52,187.4590760691602,-16.51409785264433,engine
Alkaid,52,206.8758198305293,49.315110168504155,engine
Alphecca,52,233.6681303547235,26.717295816560718,engine
Altair,52,297.7006223177702,8.874113618034585,engine
Antares,52,247.3479338798176,-26.431982765244175,engine
Arcturus,52,213.90133227499152,19.170014284706912,engine
Ascendant,52,305.44357127232865,-19.450905893248706,engine
Bellatrix,52,81.28515689438451,6.35123707956558,engine
Betelgeuse,52,88.79497089676998,7.408652699761317,engine
Capella,52,79.17690444634667,45.993048972332794,engine
Castor,52,113.64731089661663,31.886275041620433,engine
Ceres,52,109.80033979465556,23.374123504913584,engine
Chiron,52,26.60232361821897,11.158622537755164,engine
Deneb Algedi,52,326.76553767769815,-16.128579123021638,engine
Eris,52,27.088368086090313,-0.07977711486878485,tno-rate
Fomalhaut,52,344.4204515142381,-29.623075463852302,engine
Gonggong,52,337.3122576100241,-10.272812474674504,tno-rate
Haumea,52,220.16794680900148,13.56708242145828,tno-rate
Juno,52,297.6276421262198,-13.135570304726441,engine
Jupiter,52,143.46532758335482,15.127461179247684,engine
Ketu,52,150.6709217515093,11.98784791500927,engine
Makemake,52,201.7304449804076,19.738803578977386,tno-rate
Mars,52,129.53007418124065,19.71032828372753,engine
Mercury,52,218.5640032830452,-18.025433255940783,engine
Midheaven,52,241.64133910820533,-20.879674265189195,engine
Moon,52,193.23843721159997,-10.772691324306637,engine
Neptune,52,2.6051939243841327,-0.41887116469903934,engine
Orcus,52,161.2915665787008,-13.604802803794927,tno-rate
Pallas,52,19.839328429469077,-15.083316773616327,engine
Part_of_Fortune,52,303.0652695085142,-23.56542795397969,engine
Part_of_Spirit,52,307.82187303614313,-15.336383832517722,engine
Pleiades,52,56.87584090234591,24.10546307319649,engine
Pluto,52,306.0474758653445,-23.725092428446608,engine
Polaris,52,38.3648609742101,89.26232138828429,engine
Procyon,52,114.8197040837558,5.2189425870974695,engine
Quaoar,52,280.58513594721427,-15.097055759776019,tno-rate
Rahu,52,330.6709217515093,-11.98784791500927,engine
Regulus,52,152.08742001727367,11.96857053487741,engine
Rigel,52,78.63715373721575,-8.198856026980062,engine
Saturn,52,10.666677968200398,1.6383902352289934,engine
Sedna,52,62.2929989058903,8.846101265870084,tno-rate
Sirius,52,101.28375862444811,-16.72166594274715,engine
Spica,52,201.29261020361338,-11.159476926246743,engine
Sun,52,195.61673897541445,-6.658169263575652,engine
Transpluto,52,156.54236859676067,9.789579126689034,engine
Uranus,52,63.039716138290395,20.969321889971905,engine
Vega,52,279.2354807219229,38.79073010132051,engine
Venus,52,212.06873415313186,-21.01676403212714,engine
Vertex,52,158.75189652121648,8.928311808633564,engine
Vesta,52,23.163789700103212,-3.1240575399670054,engine
Aldebaran,53,68.98417860969097,16.508823733195523,engine
Algol,53,47.04837564938404,40.95564808790369,engine
Algorab,53,187.45907587318868,-16.514097881278733,engine
Alkaid,53,206.87581959690797,49.31511026328862,engine
Alphecca,53,233.6681302694041,26.717295892984833,engine
Altair,53,297.70062245394917,8.874113632938139,engine
Antares,53,247.34793384627727,-26.431982861434182,engine
Arcturus,53,213.90133213167903,19.17001432496938,engine
Ascendant,53,305.8337549619683,-19.363237316649364,engine
Bellatrix,53,81.28515687542448,6.3512370491256975,engine
Betelgeuse,53,88.79497085150123,7.408652666219731,engine
Capella,53,79.17690442979469,45.99304882163792,engine
Castor,53,113.6473107512359,31.886274950299946,engine
Ceres,53,109.80052118387202,23.374136111724173,engine
Chiron,53,26.60229429190932,11.158610484307296,engine
Deneb Algedi,53,326.7655378759789,-16.12857914955085,engine
Eris,53,27.088361782500446,-0.07977940608146791,tno-rate
Fomalhaut,53,344.420451745971,-29.623075473773923,engine
Gonggong,53,337.3122523157668,-10.272814131499002,tno-rate
Haumea,53,220.1679602032752,13.567075522142234,tno-rate
Juno,53,297.62775732907556,-13.135617709727526,engine
Jupiter,53,143.46544008830844,15.127426302646995,engine
Ketu,53,150.6708381971393,11.987878129045757,engine
Makemake,53,201.730458839186,19.738797606440503,tno-rate
Mars,53,129.53047999627432,19.710240322947087,engine
Mercury,53,218.5647102905537,-18.025716706193652,engine
Midheaven,53,241.89178524364462,-20.92449588477286,engine
Moon,53,193.24498464201093,-10.776338844401014,engine
Neptune,53,2.6051772377378084,-0.4188784558202861,engine
Orcus,53,161.2915791898242,-13.604810595420846,tno-rate
Pallas,53,19.839196106856285,-15.083493627945446,engine
Part_of_Fortune,53,303.46136696338874,-23.481144455661116,engine
Part_of_Spirit,53,308.2061429605478,-15.245330177637614,engine
Pleiades,53,56.87584097445382,24.105462987780488,engine
Pluto,53,306.0474739471658,-23.72509253552238,engine
Polaris,53,38.36487052319889,89.26232122834382,engine
Procyon,53,114.81970395634565,5.218942563767623,engine
Quaoar,53,280.5851398975943,-15.097057715529582,tno-rate
Rahu,53,330.6708381971393,-11.987878129045757,engine
Regulus,53,152.0874198171224,11.968570516744052,engine
Rigel,53,78.63715372758625,-8.198856006436278,engine
Saturn,53,10.666628787450334,1.6383692994883001,engine
Sedna,53,62.29299476195925,8.846099211858126,tno-rate
Sirius,53,101.28375853382562,-16.7216658996583,engine
Spica,53,201.29261003703942,-11.159476958398209,engine
Sun,53,195.61737264059047,-6.658431705389264,engine
Transpluto,53,156.54237405365708,9.789577023353019,engine
Uranus,53,63.039699001305316,20.969318841021362,engine
Vega,53,279.2354808245293,38.79073021068265,engine
Venus,53,212.06851095157953,-21.016698717238132,engine
Vertex,53,158.9412338256481,8.853596964103314,engine
Vesta,53,23.163628536787808,-3.1241212029443974,engine
Aldebaran,54,68.98417863615654,16.50882366823071,engine
Algol,54,47.04837577957789,40.95564796610121,engine
Algorab,54,187.45907567657463,-16.51409790966544,engine
Alkaid,54,206.87581936195463,49.31511035761174,engine
Alphecca,54,233.66813018290893,26.717295969341922,engine
Altair,54,297.7006225895233,8.874113647979044,engine
Antares,54,247.3479338115569,-26.431982957666563,engine
Arcturus,54,213.90133198737507,19.170014365069846,engine
Ascendant,54,306.2257121180305,-19.2742375049187,engine
Bellatrix,54,81.28515685747219,6.351237018649084,engine
Betelgeuse,54,88.79497080718755,7.408652632618489,engine
Capella,54,79.17690441470192,45.993048670718736,engine
Castor,54,113.64731060663027,31.886274858541437,engine
Ceres,54,109.80070258125757,23.374148721662372,engine
Chiron,54,26.60226496538627,11.15859843120698,engine
Deneb Algedi,54,326.76553807415934,-16.128579176371666,engine
Eris,54,27.08835547891058,-0.07978169729415098,tno-rate
Fomalhaut,54,344.42045197796693,-29.623075484205994,engine
Gonggong,54,337.3122470215094,-10.272815788323499,tno-rate
Haumea,54,220.16797359754887,13.567068622826188,tno-rate
Juno,54,297.6278725230111,-13.13566511232228,engine
Jupiter,54,143.46555259777244,15.127391426184044,engine
Ketu,54,150.67075462855036,11.98790834819242,engine
Makemake,54,201.73047269796444,19.738791633903624,tno-rate
Mars,54,129.53088582787257,19.71015236373129,engine
Mercury,54,218.56541729291297,-18.0260001375604,engine
Midheaven,54,242.14223274286337,-20.968925981895538,engine
Moon,54,193.25154034866898,-10.779984543053816,engine
Neptune,54,2.6051605508285918,-0.41888574691299235,engine
Orcus,54,161.29159180094763,-13.604818387046762,tno-rate
Pallas,54,19.83906377335778,-15.083670483862251,engine
Part_of_Fortune,54,303.85924613956547,-23.395527903984796,engine
Part_of_Spirit,54,308.59217809649556,-15.1529471058526,engine
Pleiades,54,56.8758410477198,24.105462902404913,engine
Pluto,54,306.0474720279097,-23.725092642776886,engine
Polaris,54,38.36488014771705,89.26232106882836,engine
Procyon,54,114.81970382957914,5.2189425403629475,engine
Quaoar,54,280.5851438479743,-15.097059671283143,tno-rate
Rahu,54,330.67075462855036,-11.98790834819242,engine
Regulus,54,152.08741961696887,11.96857049839268,engine
Rigel,54,78.63715371898397,-8.198855985847006,engine
Saturn,54,10.666579604764022,1.6383483639299865,engine
Sedna,54,62.29299061802819,8.846097157846167,tno-rate
Sirius,54,101.28375844406052,-16.72166585637398,engine
Spica,54,201.29260986964522,-11.15947699041402,engine
Sun,54,195.61800632713405,-6.658694143987717,engine
Transpluto,54,156.54237951049666,9.789574920039998,engine
Uranus,54,63.03968186512892,20.969315792561652,engine
Vega,54,279.23548092605205,38.79073032044898,engine
Venus,54,212.06828778226574,-21.016633359970506,engine
Vertex,54,159.1305182429922,8.77877748816111,engine
Vesta,54,23.163467361105337,-3.12418486592106,engine
Aldebaran,55,68.98417866372132,16.50882360323243,engine
Algol,55,47.04837591112797,40.95564784448241,engine
Algorab,55,187.4590754793219,-16.514097937803676,engine
Alkaid,55,206.87581912567333,49.315110451470645,engine
Alphecca,55,233.66813009523878,26.71729604562989,engine
Altair,55,297.7006227244885,8.874113663156907,engine
Antares,55,247.34793377565606,-26.431983053939245,engine
Arcturus,55,213.90133184208202,19.170014405006967,engine
Ascendant,55,306.6194514902352,-19.183893462920445,engine
Bellatrix,55,81.28515684052917,6.35123698813623,engine
Betelgeuse,55,88.79497076383103,7.408652598958134,engine
Capella,55,79.17690440107033,45.99304851957846,engine
Castor,55,113.64731046280399,31.88627476634649,engine
Ceres,55,109.80088398701658,23.374161334755158,engine
Chiron,55,26.60223563863594,11.158586378452904,engine
Deneb Algedi,55,326.7655382722346,-16.128579203483962,engine
Eris,55,27.08834917532071,-0.07978398850683405,tno-rate
Fomalhaut,55,344.42045221022084,-29.623075495148992,engine
Gonggong,55,337.31224172725206,-10.272817445147997,tno-rate
Haumea,55,220.16798699182257,13.56706172351014,tno-rate
Juno,55,297.62798770805574,-13.1357125124995,engine
Jupiter,55,143.46566511168245,15.127356549884766,engine
Ketu,55,150.67067104574613,11.987938572447947,engine
Makemake,55,201.73048655674287,19.738785661366745,tno-rate
Mars,55,129.5312916763548,19.71006440602562,engine
Mercury,55,218.56612429038074,-18.02628355019859,engine
Midheaven,55,242.39268162585088,-21.012964325765363,engine
Moon,55,193.25810452303446,-10.783628492517925,engine
Neptune,55,2.605143863655636,-0.41889303797493865,engine
Orcus,55,161.29160441207102,-13.60482617867268,tno-rate
Pallas,55,19.838931429213105,-15.083847341409177,engine
Part_of_Fortune,55,304.2589159781331,-23.308565376057107,engine
Part_of_Spirit,55,308.9799870023373,-15.059221549783782,engine
Pleiades,55,56.87584112214337,24.10546281707167,engine
Pluto,55,306.0474701075708,-23.725092750207928,engine
Polaris,55,38.36488984761957,89.26232090974214,engine
Procyon,55,114.81970370345995,5.218942516883701,engine
Quaoar,55,280.5851477983543,-15.097061627036705,tno-rate
Rahu,55,330.67067104574613,-11.987938572447947,engine
Regulus,55,152.08741941681797,11.968570479823308,engine
Rigel,55,78.6371537114102,-8.198855965212873,engine
Saturn,55,10.66653042012841,1.6383274285537657,engine
Sedna,55,62.29298647409714,8.846095103834207,tno-rate
Sirius,55,101.2837583551559,-16.721665812895225,engine
Spica,55,201.29260970143378,-11.159477022293494,engine
Sun,55,195.61864003513656,-6.658956579381263,engine
Transpluto,55,156.5423849672794,9.789572816749937,engine
Uranus,55,63.03966472975399,20.969312744594472,engine
Vega,55,279.23548102648743,38.79073043061716,engine
Venus,55,212.06806464880512,-21.01656796133523,engine
Vertex,55,159.31975028450117,8.703854221250351,engine
Vesta,55,23.163306173339162,-3.124248528742778,engine
Aldebaran,56,68.98417869238585,16.50882353820198,engine
Algol,56,47.048376044032665,40.95564772305025,engine
Algorab,56,187.45907528143454,-16.51409796569269,engine
Alkaid,56,206.87581888806827,49.31511054486244,engine
Alphecca,56,233.66813000639445,26.717296121846697,engine
Altair,56,297.7006228588411,8.87411367847132,engine
Antares,56,247.34793373857423,-26.431983150250176,engine
Arcturus,56,213.90133169580216,19.170014444779405,engine
Ascendant,56,307.0149816624248,-19.09219219037066,engine
Bellatrix,56,81.28515682459694,6.351236957587627,engine
Betelgeuse,56,88.79497072143376,7.408652565239203,engine
Capella,56,79.17690438890186,45.99304836822028,engine
Castor,56,113.64731031976136,31.886274673716596,engine
Ceres,56,109.8010654008772,23.374173951007876,engine
Chiron,56,26.60220631165937,11.15857432604736,engine
Deneb Algedi,56,326.76553847019994,-16.128579230887613,engine
Eris,56,27.08834287173085,-0.07978627971951711,tno-rate
Fomalhaut,56,344.4204524427273,-29.62307550660343,engine
Gonggong,56,337.31223643299467,-10.272819101972493,tno-rate
Haumea,56,220.16800038609625,13.567054824194093,tno-rate
Juno,56,297.62810288413266,-13.135759910249709,engine
Jupiter,56,143.46577763010538,15.127321673734851,engine
Ketu,56,150.67058744878568,11.987968801790938,engine
Makemake,56,201.7305004155213,19.73877968882986,tno-rate
Mars,56,129.5316975413459,19.709976449935006,engine
Mercury,56,218.56683128300702,-18.026566944049165,engine
Midheaven,56,242.64313190970023,-21.056610690198188,engine
Moon,56,193.26467687201153,-10.787270564418849,engine
Neptune,56,2.605127176210001,-0.41890032900722635,engine
Orcus,56,161.29161702319442,-13.604833970298598,tno-rate
Pallas,56,19.83879907407036,-15.084024200521704,engine
Part_of_Fortune,56,304.66038476974717,-23.220243743209274,engine
Part_of_Spirit,56,309.36957855510246,-14.964140637532047,engine
Pleiades,56,56.875841197724036,24.105462731782644,engine
Pluto,56,306.04746818614643,-23.72509285781333,engine
Polaris,56,38.36489962275987,89.2623207510894,engine
Procyon,56,114.81970357799183,5.218942493330152,engine
Quaoar,56,280.58515174873423,-15.097063582790266,tno-rate
Rahu,56,330.6705874487857,-11.987968801790938,engine
Regulus,56,152.08741921667433,11.968570461035933,engine
Rigel,56,78.63715370486631,-8.198855944534511,engine
Saturn,56,10.66648123353049,1.6383064933593658,engine
Sedna,56,62.29298233016608,8.846093049822247,tno-rate
Sirius,56,101.28375826711479,-16.72166576922305,engine
Spica,56,201.2926095324083,-11.159477054035944,engine
Sun,56,195.61927376468918,-6.659219011580236,engine
Transpluto,56,156.54239042400533,9.789570713482803,engine
Uranus,56,63.03964759517334,20.969309697121496,engine
Vega,56,279.235481125832,38.790730541184914,engine
Venus,56,212.06784154998573,-21.016502520939675,engine
Vertex,56,159.5089304580606,8.628828006817965,engine
Vesta,56,23.16314497324255,-3.1243121914828205,engine
Aldebaran,57,68.98417872215069,16.508823473140687,engine
Algol,57,47.04837617829035,40.95564760180766,engine
Algorab,57,187.45907508291646,-16.514097993331703,engine
Alkaid,57,206.87581864914358,49.31511063778431,engine
Alphecca,57,233.6681299163768,26.71729619799029,engine
Altair,57,297.7006229925771,8.874113693921888,engine
Antares,57,247.347933700311,-26.431983246597277,engine
Arcturus,57,213.90133154853788,19.17001448438582,engine
Ascendant,57,307.41231105045694,-18.999120687578795,engine
Bellatrix,57,81.285156809677,6.35123692700377,engine
Betelgeuse,57,88.79497067999782,7.408652531462246,engine
Capella,57,79.17690437819844,45.993048216647374,engine
Castor,57,113.64731017750661,31.88627458065331,engine
Ceres,57,109.80124682304344,23.37418657044743,engine
Chiron,57,26.60217698444273,11.15856227398902,engine
Deneb Algedi,57,326.76553866805057,-16.128579258582477,engine
Eris,57,27.08833656814098,-0.07978857093220018,tno-rate
Fomalhaut,57,344.4204526754813,-29.62307551856973,engine
Gonggong,57,337.31223113873733,-10.27282075879699,tno-rate
Haumea,57,220.16801378036996,13.567047924878047,tno-rate
Juno,57,297.62821805148457,-13.135807305558414,engine
Jupiter,57,143.4658901529768,15.12728679776024,engine
Ketu,57,150.67050383756037,11.987999036260693,engine
Makemake,57,201.73051427429974,19.738773716292982,tno-rate
Mars,57,129.53210342316447,19.709888495404844,engine
Mercury,57,218.56753827084157,-18.02685031905323,engine
Midheaven,57,242.89358361232792,-21.099864854196316,engine
Moon,57,193.27125758675987,-10.790910831085421,engine
Neptune,57,2.605110488482764,-0.4189076200109518,engine
Orcus,57,161.29162963431784,-13.604841761924515,tno-rate
Pallas,57,19.83866670816942,-15.084201061242126,engine
Part_of_Fortune,57,305.06366112133423,-23.130550078069227,engine
Part_of_Spirit,57,309.76096097957964,-14.867691297088365,engine
Pleiades,57,56.87584127446134,24.105462646539717,engine
Pluto,57,306.0474662636313,-23.72509296559085,engine
Polaris,57,38.36490947298999,89.2623205928744,engine
Procyon,57,114.8197034531784,5.218942469702558,engine
Quaoar,57,280.58515569911424,-15.097065538543829,tno-rate
Rahu,57,330.6705038375604,-11.987999036260693,engine
Regulus,57,152.08741901654275,11.968570442030584,engine
Rigel,57,78.63715369935358,-8.198855923812548,engine
Saturn,57,10.666432044957265,1.638285558346496,engine
Sedna,57,62.29297818623503,8.846090995810288,tno-rate
Sirius,57,101.28375817994025,-16.721665725358523,engine
Spica,57,201.29260936257182,-11.159477085640688,engine
Sun,57,195.61990751588257,-6.659481440594991,engine
Transpluto,57,156.54239588067432,9.789568610238662,engine
Uranus,57,63.039630461379694,20.969306650144414,engine
Vega,57,279.2354812240821,38.79073065214988,engine
Venus,57,212.06761848459456,-21.01643703839173,engine
Vertex,57,159.69805927101558,8.553699690196776,engine
Vesta,57,23.162983760569183,-3.124375854214384,engine
Aldebaran,58,68.98417875301638,16.508823408049878,engine
Algol,58,47.04837631389936,40.95564748075759,engine
Algorab,58,187.4590748837717,-16.514098020719977,engine
Alkaid,58,206.87581840890346,49.31511073023336,engine
Alphecca,58,233.66812982518658,26.71729627405861,engine
Altair,58,297.70062312569274,8.874113709508192,engine
Antares,58,247.34793366086592,-26.431983342978498,engine
Arcturus,58,213.9013314002915,19.170014523824907,engine
Ascendant,58,307.81144789116814,-18.90466596350506,engine
Bellatrix,58,81.28515679577086,6.351236896385143,engine
Betelgeuse,58,88.79497063952526,7.4086524976278,engine
Capella,58,79.17690436896191,45.993048064863,engine
Castor,58,113.64731003604399,31.88627448715819,engine
Ceres,58,109.80142825324306,23.374199193079047,engine
Chiron,58,26.602147656977117,11.158550222277752,engine
Deneb Algedi,58,326.7655388657816,-16.128579286568417,engine
Eris,58,27.088330264551114,-0.07979086214488326,tno-rate
Fomalhaut,58,344.4204529084774,-29.62307553104839,engine
Gonggong,58,337.31222584448,-10.272822415621487,tno-rate
Haumea,58,220.16802717464364,13.567041025562,tno-rate
Juno,58,297.6283332100349,-13.135854698416189,engine
Jupiter,58,143.46600268036343,15.127251921946623,engine
Ketu,58,150.67042021212933,11.988029275835775,engine
Makemake,58,201.73052813307814,19.7387677437561,tno-rate
Mars,58,129.5325093214347,19.709800542539963,engine
Mercury,58,218.56824525414157,-18.027133675368777,engine
Midheaven,58,243.14403675061186,-21.142726601542208,engine
Moon,58,193.2778466968165,-10.794549297990748,engine
Neptune,58,2.6050938004730937,-0.41891491098389577,engine
Orcus,58,161.29164224544124,-13.604849553550432,tno-rate
Pallas,58,19.838534331158847,-15.084377923505821,engine
Part_of_Fortune,58,305.4687532991777,-23.039471395059874,engine
Part_of_Spirit,58,310.1541424831586,-14.769860531950247,engine
Pleiades,58,56.87584135235473,24.105462561344787,engine
Pluto,58,306.04746434002755,-23.725093073538602,engine
Polaris,58,38.36491939816047,89.26232043510137,engine
Procyon,58,114.81970332902343,5.218942446001192,engine
Quaoar,58,280.58515964949424,-15.097067494297391,tno-rate
Rahu,58,330.67042021212933,-11.988029275835775,engine
Regulus,58,152.08741881642797,11.968570422807264,engine
Rigel,58,78.63715369487328,-8.198855903047622,engine
Saturn,58,10.66638285439578,1.6382646235148692,engine
Sedna,58,62.292974042303975,8.846088941798328,tno-rate
Sirius,58,101.28375809363527,-16.721665681302657,engine
Spica,58,201.29260919192754,-11.159477117107047,engine
Sun,58,195.62054128880698,-6.659743866435935,engine
Transpluto,58,156.54240133728658,9.789566507017476,engine
Uranus,58,63.039613328365775,20.969303603664887,engine
Vega,58,279.2354813212342,38.790730763509714,engine
Venus,58,212.06739545624367,-21.01637151470429,engine
Vertex,58,159.8871372287794,8.478470119156258,engine
Vesta,58,23.162822535602878,-3.1244395167832564,engine
Aldebaran,59,68.98417878498337,16.508823342930867,engine
Algol,59,47.04837645085795,40.95564735990297,engine
Algorab,59,187.45907468400424,-16.51409804785674,engine
Alkaid,59,206.8758181673521,49.31511082220679,engine
Alphecca,59,233.6681297328246,26.717296350049594,engine
Altair,59,297.7006232581841,8.874113725229835,engine
Antares,59,247.34793362023868,-26.43198343939176,engine
Arcturus,59,213.9013312510655,19.1700145630953,engine
Ascendant,59,308.2124002400453,-18.80881504205073,engine
Bellatrix,59,81.28515678287995,6.351236865732253,engine
Betelgeuse,59,88.7949706000181,7.408652463736409,engine
Capella,59,79.17690436119419,45.99304791287034,engine
Castor,59,113.64730989537775,31.886274393232828,engine
Ceres,59,109.8016096916797,23.374211818929474,engine
Chiron,59,26.60211832924875,11.158538170912221,engine
Deneb Algedi,59,326.7655390633883,-16.12857931484528,engine
Eris,59,27.088323960961247,-0.07979315335756633,tno-rate
Fomalhaut,59,344.4204531417105,-29.623075544039825,engine
Gonggong,59,337.3122205502226,-10.272824072445983,tno-rate
Haumea,59,220.16804056891735,13.567034126245952,tno-rate
Juno,59,297.62844835970753,-13.135902088813635,engine
Jupiter,59,143.46611521220046,15.127217046319956,engine
Ketu,59,150.67033657249613,11.988059520514911,engine
Makemake,59,201.73054199185657,19.73876177121922,tno-rate
Mars,59,129.5329152364745,19.709712591285683,engine
Mercury,59,218.5689522329563,-18.027417012937207,engine
Midheaven,59,243.39449134411234,-21.185195721351974,engine
Moon,59,193.28444439295166,-10.798186037482813,engine
Neptune,59,2.6050771121693828,-0.41892220192826296,engine
Orcus,59,161.29165485656466,-13.604857345176349,tno-rate
Pallas,59,19.838401943278978,-15.084554787354936,engine
Part_of_Fortune,59,305.87566954944475,-22.946994790420035,engine
Part_of_Spirit,59,310.5491309306459,-14.670635293681421,engine
Pleiades,59,56.87584143140363,24.105462476199783,engine
Pluto,59,306.04746241533,-23.725093181654312,engine
Polaris,59,38.36492939812051,89.26232027777452,engine
Procyon,59,114.8197032055305,5.218942422226313,engine
Quaoar,59,280.58516359987425,-15.097069450050952,tno-rate
Rahu,59,330.6703365724961,-11.988059520514911,engine
Regulus,59,152.08741861633476,11.968570403366009,engine
Rigel,59,78.63715369142668,-8.198855882240364,engine
Saturn,59,10.66633366183314,1.6382436888642007,engine
Sedna,59,62.292969898372924,8.846086887786369,tno-rate
Sirius,59,101.28375800820287,-16.721665637056514,engine
Spica,59,201.29260902047855,-11.159477148434343,engine
Sun,59,195.62117508355223,-6.660006289113505,engine
Transpluto,59,156.54240679384196,9.789564403819245,engine
Uranus,59,63.03959619612433,20.96930055768456,engine
Vega,59,279.2354814172848,38.79073087526209,engine
Venus,59,212.0671724637176,-21.01630594948628,engine
Vertex,59,160.076164837656,8.403140142777435,engine
Vesta,59,23.162661297921158,-3.1245031793384133,engine
Aldebaran,60,68.98417881805217,16.50882327778496,engine
Algol,60,47.04837658916443,40.9556472392467,engine
Algorab,60,187.45907448361808,-16.51409807474127,engine
Alkaid,60,206.87581792449373,49.31511091370175,engine
Alphecca,60,233.66812963929186,26.717296425961198,engine
Altair,60,297.7006233900474,8.874113741086392,engine
Antares,60,247.3479335784289,-26.431983535834995,engine
Arcturus,60,213.90133110086228,19.17001460219572,engine
Ascendant,60,308.61517595389347,-18.711554972194165,engine
Bellatrix,60,81.2851567710057,6.351236835045586,engine
Betelgeuse,60,88.7949705614784,7.408652429788627,engine
Capella,60,79.17690435489705,45.99304776067264,engine
Castor,60,113.64730975551207,31.886274298878742,engine
Ceres,60,109.80179113819976,23.374224448009247,engine
Chiron,60,26.602089001258626,11.158526119894681,engine
Deneb Algedi,60,326.76553926086575,-16.128579343412916,engine
Eris,60,27.08831765737138,-0.0797954445702494,tno-rate
Fomalhaut,60,344.4204533751753,-29.623075557544492,engine
Gonggong,60,337.31221525596527,-10.272825729270481,tno-rate
Haumea,60,220.16805396319103,13.567027226929905,tno-rate
Juno,60,297.6285635007458,-13.135949476736355,engine
Jupiter,60,143.46622774855453,15.127182170865899,engine
Ketu,60,150.67025291866383,11.98808977029697,engine
Makemake,60,201.730555850635,19.738755798682337,tno-rate
Mars,60,129.53332116790745,19.709624641746746,engine
Mercury,60,218.56965920733506,-18.027700331700125,engine
Midheaven,60,243.6449474094873,-21.227272007039126,engine
Moon,60,193.29105038148964,-10.80182092137482,engine
Neptune,60,2.60506042357081,-0.4189294928418347,engine
Orcus,60,161.29166746768806,-13.604865136802268,tno-rate
Pallas,60,19.83826954417869,-15.084731652724734,engine
Part_of_Fortune,60,306.2844174351752,-22.853107184930753,engine
Part_of_Spirit,60,310.9459344726117,-14.570002759457577,engine
Pleiades,60,56.87584151160751,24.105462391106535,engine
Pluto,60,306.0474604895359,-23.72509328993586,engine
Polaris,60,38.364939472717786,89.26232012089802,engine
Procyon,60,114.81970308270333,5.218942398378197,engine
Quaoar,60,280.58516755025425,-15.097071405804515,tno-rate
Rahu,60,330.67025291866383,-11.98808977029697,engine
Regulus,60,152.08741841626784,11.96857038370683,engine
Rigel,60,78.63715368901502,-8.198855861391412,engine
Saturn,60,10.66628446725645,1.6382227543941892,engine
Sedna,60,62.292965754441866,8.84608483377441,tno-rate
Sirius,60,101.28375792364602,-16.72166559262114,engine
Spica,60,201.2926088482281,-11.159477179621911,engine
Sun,60,195.6218089002079,-6.660268708638232,engine
Transpluto,60,156.54241225034048,9.789562300644004,engine
Uranus,60,63.039579064648,20.969297512205085,engine
Vega,60,279.2354815122304,38.79073098740465,engine
Venus,60,212.0669495058005,-21.016240342347356,engine
Vertex,60,160.26514260063905,8.327710613122688,engine
Vesta,60,23.162500047808226,-3.1245668417256285,engine
Aldebaran,61,68.98417885222324,16.508823212613482,engine
Algol,61,47.04837672881703,40.955647118791745,engine
Algorab,61,187.45907428261725,-16.514098101372813,engine
Alkaid,61,206.87581768033257,49.31511100471542,engine
Alphecca,61,233.6681295445892,26.717296501791346,engine
Altair,61,297.70062352127894,8.874113757077458,engine
Antares,61,247.34793353543617,-26.43198363230613,engine
Arcturus,61,213.90133094968422,19.17001464112481,engine
Ascendant,61,309.01978268665135,-18.612872835329096,engine
Bellatrix,61,81.28515676014956,6.351236804325634,engine
Betelgeuse,61,88.79497052390809,7.408652395784999,engine
Capella,61,79.17690435007232,45.99304760827309,engine
Castor,61,113.64730961645118,31.886274204097543,engine
Ceres,61,109.80197259264946,23.374237080328864,engine
Chiron,61,26.602059672992944,11.15851406922378,engine
Deneb Algedi,61,326.7655394582093,-16.128579372271165,engine
Eris,61,27.088311353781517,-0.07979773578293246,tno-rate
Fomalhaut,61,344.4204536088665,-29.62307557156282,engine
Gonggong,61,337.31220996170794,-10.272827386094978,tno-rate
Haumea,61,220.16806735746474,13.567020327613859,tno-rate
Juno,61,297.6286786330739,-13.135996862175011,engine
Jupiter,61,143.4663402893606,15.127147295610435,engine
Ketu,61,150.67016925069208,11.98812002516036,engine
Makemake,61,201.73056970941343,19.738749826145458,tno-rate
Mars,61,129.53372711605076,19.709536693868433,engine
Mercury,61,218.57036617753428,-18.02798363181596,engine
Midheaven,61,243.8954049632824,-21.268955256718293,engine
Moon,61,193.29766485294746,-10.805454022106103,engine
Neptune,61,2.605043734665778,-0.4189367837268139,engine
Orcus,61,161.29168007881148,-13.604872928428184,tno-rate
Pallas,61,19.838137134098677,-15.084908519657276,engine
Part_of_Fortune,61,306.6950048007358,-22.75779573241455,engine
Part_of_Spirit,61,311.34456057256693,-14.467949938243642,engine
Pleiades,61,56.87584159296575,24.10546230606696,engine
Pluto,61,306.0474585626404,-23.725093398380945,engine
Polaris,61,38.3649496217986,89.26231996447615,engine
Procyon,61,114.8197029605455,5.218942374457113,engine
Quaoar,61,280.58517150063426,-15.097073361558076,tno-rate
Rahu,61,330.6701692506921,-11.98812002516036,engine
Regulus,61,152.08741821623192,11.968570363829768,engine
Rigel,61,78.63715368763953,-8.198855840501391,engine
Saturn,61,10.666235270652908,1.6382018201045565,engine
Sedna,61,62.292961610510815,8.846082779762451,tno-rate
Sirius,61,101.28375783996769,-16.721665547997574,engine
Spica,61,201.2926086751793,-11.159477210669072,engine
Sun,61,195.62244273886304,-6.660531125020649,engine
Transpluto,61,156.54241770678206,9.78956019749171,engine
Uranus,61,63.03956193392949,20.969294467228085,engine
Vega,61,279.23548160606754,38.79073109993502,engine
Venus,61,212.0667265861017,-21.016174694302197,engine
Vertex,61,160.45407101953361,8.25218238439125,engine
Vesta,61,23.16233878501867,-3.124630504018035,engine
Aldebaran,62,68.98417888749705,16.50882314741772,engine
Algol,62,47.0483768698141,40.95564699854091,engine
Algorab,62,187.45907408100567,-16.51409812775064,engine
Alkaid,62,206.87581743487286,49.31511109524506,engine
Alphecca,62,233.66812944871742,26.71729657753806,engine
Altair,62,297.70062365187476,8.874113773202623,engine
Antares,62,247.34793349126025,-26.431983728803186,engine
Arcturus,62,213.9013307975337,19.170014679881294,engine
Ascendant,62,309.4262281590918,-18.512755685046187,engine
Bellatrix,62,81.28515675031292,6.35123677357288,engine
Betelgeuse,62,88.79497048730917,7.408652361726042,engine
Capella,62,79.17690434672174,45.993047455674834,engine
Castor,62,113.64730947819913,31.886274108890763,engine
Ceres,62,109.80215405535345,23.37424971592334,engine
Chiron,62,26.602030344423188,11.158502018891278,engine
Deneb Algedi,62,326.7655396554141,-16.128579401419895,engine
Eris,62,27.088305050187422,-0.07980002699715191,tno-rate
Fomalhaut,62,344.4204538427792,-29.62307558609521,engine
Gonggong,62,337.312204667447,-10.272829042920586,tno-rate
Haumea,62,220.1680807517474,13.567013428293185,tno-rate
Juno,62,297.6287937567999,-13.136044245150392,engine
Jupiter,62,143.46645283472773,15.127112420525908,engine
Ketu,62,150.67008556841546,11.98815028516488,engine
Makemake,62,201.73058356820113,19.73874385360457,tno-rate
Mars,62,129.53413308079945,19.70944874769638,engine
Mercury,62,218.5710731440767,-18.02826691341654,engine
Midheaven,62,244.14586419314003,-21.310245301216348,engine
Moon,62,193.3042880020359,-10.809085414536227,engine
Neptune,62,2.605027045442302,-0.4189440745858696,engine
Orcus,62,161.29169268994335,-13.604880720059326,tno-rate
Pallas,62,19.83800471259953,-15.085085388206261,engine
Part_of_Fortune,62,307.1074395610963,-22.661047561135085,engine
Part_of_Spirit,62,311.7450167570873,-14.364463808957288,engine
Pleiades,62,56.8758416754778,24.105462221082895,engine
Pluto,62,306.04745663464405,-23.725093506987744,engine
Polaris,62,38.364959845214706,89.26231980851294,engine
Procyon,62,114.81970283906055,5.2189423504633075,engine
Quaoar,62,280.58517545101694,-15.09707531731295,tno-rate
Rahu,62,330.67008556841546,-11.98815028516488,engine
Regulus,62,152.08741801623168,11.968570343734836,engine
Rigel,62,78.63715368730136,-8.198855819570932,engine
Saturn,62,10.666186071976734,1.6381808859809628,engine
Sedna,62,62.29295746657698,8.846080725749115,tno-rate
Sirius,62,101.28375775717078,-16.721665503186856,engine
Spica,62,201.29260850133528,-11.159477241575184,engine
Sun,62,195.62307660003137,-6.660793538447328,engine
Transpluto,62,156.54242316317055,9.789558094360961,engine
Uranus,62,63.03954480394417,20.969291422752082,engine
Vega,62,279.2354816987928,38.79073121285092,engine
Venus,62,212.06650370325318,-21.01610900491739,engine
Vertex,62,160.64295072406756,8.176556261181679,engine
Vesta,62,23.162177509199125,-3.124694166331445,engine
Aldebaran,63,68.98417892387391,16.50882308219908,engine
Algol,63,47.04837701215365,40.95564687849729,engine
Algorab,63,187.45907387878762,-16.514098153874,engine
Alkaid,63,206.87581718811916,49.31511118528772,engine
Alphecca,63,233.66812935167763,26.71729665319918,engine
Altair,63,297.70062378183115,8.874113789461449,engine
Antares,63,247.34793344590082,-26.431983825323922,engine
Arcturus,63,213.90133064441343,19.17001471846381,engine
Ascendant,63,309.83451904640003,-18.411190828648575,engine
Bellatrix,63,81.28515674149718,6.3512367427878536,engine
Betelgeuse,63,88.79497045168362,7.408652327612365,engine
Capella,63,79.17690434484709,45.9930473028813,engine
Castor,63,113.64730934076029,31.88627401326009,engine
Ceres,63,109.80233552579527,23.374262354780736,engine
Chiron,63,26.602001015579784,11.15848996891317,engine
Deneb Algedi,63,326.76553985247523,-16.128579430858885,engine
Eris,63,27.088298746597555,-0.07980231820983498,tno-rate
Fomalhaut,63,344.4204540769076,-29.623075601142084,engine
Gonggong,63,337.3121993731897,-10.272830699745084,tno-rate
Haumea,63,220.1680941460211,13.567006528977139,tno-rate
Juno,63,297.62890887169414,-13.136091625589685,engine
Jupiter,63,143.46656538453826,15.127077545654869,engine
Ketu,63,150.67000187200586,11.988180550248368,engine
Makemake,63,201.73059742697956,19.73873788106769,tno-rate
Mars,63,129.5345390619257,19.709360803293738,engine
Mercury,63,218.57178010606287,-18.028550176064034,engine
Midheaven,63,244.39632477854218,-21.351141892268423,engine
Moon,63,193.31091952571634,-10.812714965724734,engine
Neptune,63,2.605010355913873,-0.4189513654103212,engine
Orcus,63,161.29170530106674,-13.604888511685244,tno-rate
Pallas,63,19.83787228009991,-15.085262258176426,engine
Part_of_Fortune,63,307.5217280891654,-22.562849845796347,engine
Part_of_Spirit,63,312.1473100036347,-14.259531811500803,engine
Pleiades,63,56.8758417591429,24.105462136156344,engine
Pluto,63,306.0474547055446,-23.725093615753813,engine
Polaris,63,38.364970142795805,89.26231965301282,engine
Procyon,63,114.81970271825233,5.218942326397098,engine
Quaoar,63,280.5851794013969,-15.097077273066512,tno-rate
Rahu,63,330.67000187200586,-11.988180550248368,engine
Regulus,63,152.08741781627214,11.968570323422112,engine
Rigel,63,78.63715368800176,-8.19885579860069,engine
Saturn,63,10.66613687128117,1.6381599520511936,engine
Sedna,63,62.29295332264593,8.846078671737155,tno-rate
Sirius,63,101.28375767525833,-16.72166545819012,engine
Spica,63,201.29260832669948,-11.159477272339542,engine
Sun,63,195.623710482951,-6.661055948576961,engine
Transpluto,63,156.5424286194985,9.7895559912546,engine
Uranus,63,63.03952767471919,20.96928837878489,engine
Vega,63,279.2354817904027,38.790731326149825,engine
Venus,63,212.06628085633469,-21.016043273892258,engine
Vertex,63,160.83178195968858,8.100833203647937,engine
Vesta,63,23.162016220850862,-3.1247578284261723,engine
Aldebaran,64,68.9841789613543,16.508823016958818,engine
Algol,64,47.048377155833904,40.95564675866371,engine
Algorab,64,187.45907367596703,-16.51409817974218,engine
Alkaid,64,206.8758169400756,49.315111274840675,engine
Alphecca,64,233.66812925347074,26.717296728772734,engine
Altair,64,297.7006239111443,8.874113805853522,engine
Antares,64,247.34793339935754,-26.431983921866372,engine
Arcturus,64,213.90133049032576,19.170014756871065,engine
Ascendant,64,310.2446626134033,-18.308165431575013,engine
Bellatrix,64,81.28515673370367,6.351236711971038,engine
Betelgeuse,64,88.79497041703341,7.408652293444481,engine
Capella,64,79.17690434445005,45.99304714989561,engine
Castor,64,113.64730920413872,31.886273917207117,engine
Ceres,64,109.80251700429922,23.37427499693601,engine
Chiron,64,26.601971686429295,11.158477919279985,engine
Deneb Algedi,64,326.765540049388,-16.128579460587986,engine
Eris,64,27.088292443007692,-0.07980460942251805,tno-rate
Fomalhaut,64,344.42045431124666,-29.623075616703826,engine
Gonggong,64,337.3121940789323,-10.27283235656958,tno-rate
Haumea,64,220.16810754029478,13.566999629661092,tno-rate
Juno,64,297.62902397807795,-13.136139003510365,engine
Jupiter,64,143.46667793880252,15.127042670999861,engine
Ketu,64,150.6699181614107,11.988210820429794,engine
Makemake,64,201.730611285758,19.73873190853081,tno-rate
Mars,64,129.53494505949726,19.709272860666207,engine
Mercury,64,218.57248706422263,-18.028833420107283,engine
Midheaven,64,244.64678690410756,-21.391644869500514,engine
Moon,64,193.31755961846235,-10.816342750643903,engine
Neptune,64,2.6049936660604205,-0.4189586562061572,engine
Orcus,64,161.29171791219014,-13.604896303311161,tno-rate
Pallas,64,19.83773983616073,-15.08543912962137,engine
Part_of_Fortune,64,307.93787784373063,-22.463189826622678,engine
Part_of_Spirit,64,312.551447383076,-14.153141036527348,engine
Pleiades,64,56.87584184396047,24.105462051289116,engine
Pluto,64,306.0474527753358,-23.725093724676956,engine
Polaris,64,38.36498051439073,89.26231949797985,engine
Procyon,64,114.81970259812428,5.218942302258732,engine
Quaoar,64,280.5851833517769,-15.097079228820073,tno-rate
Rahu,64,330.6699181614107,-11.988210820429794,engine
Regulus,64,152.08741761635787,11.96857030289161,engine
Rigel,64,78.63715368974184,-8.198855777591293,engine
Saturn,64,10.666087668536946,1.638139018307705,engine
Sedna,64,62.29294917871487,8.846076617725195,tno-rate
Sirius,64,101.28375759423321,-16.721665413008367,engine
Spica,64,201.29260815127503,-11.159477302961493,engine
Sun,64,195.62434438813503,-6.661318355596237,engine
Transpluto,64,156.5424340757696,9.789553888171188,engine
Uranus,64,63.03951054622988,20.969285335325004,engine
Vega,64,279.2354818808937,38.790731439829415,engine
Venus,64,212.0660580488033,-21.01597750219944,engine
Vertex,64,161.02056535174012,8.025014021527552,engine
Vesta,64,23.16185491944432,-3.1248214904938427,engine
Aldebaran,65,68.98417899993858,16.508822951698278,engine
Algol,65,47.048377300853026,40.955646639043074,engine
Algorab,65,187.459073472548,-16.51409820535445,engine
Alkaid,65,206.8758166907466,49.315111363901174,engine
Alphecca,65,233.6681291540977,26.717296804256623,engine
Altair,65,297.7006240398105,8.87411382237841,engine
Antares,65,247.3479333516303,-26.431984018428444,engine
Arcturus,65,213.9013303352732,19.170014795101757,engine
Ascendant,65,310.6566656179286,-18.20366679432482,engine
Bellatrix,65,81.28515672693378,6.351236681122924,engine
Betelgeuse,65,88.7949703833604,7.408652259222951,engine
Capella,65,79.17690434553232,45.99304699672101,engine
Castor,65,113.64730906833856,31.88627382073341,engine
Ceres,65,109.80269849059171,23.374287642393988,engine
Chiron,65,26.601942356972767,11.158465869993963,engine
Deneb Algedi,65,326.7655402461476,-16.12857949060701,engine
Eris,65,27.088286139417825,-0.07980690063520111,tno-rate
Fomalhaut,65,344.4204545457912,-29.623075632780843,engine
Gonggong,65,337.31218878467496,-10.272834013394078,tno-rate
Haumea,65,220.1681209345685,13.566992730345046,tno-rate
Juno,65,297.6291390758766,-13.136186378903224,engine
Jupiter,65,143.46679049758652,15.127007796546586,engine
Ketu,65,150.66983443668892,11.988241095687851,engine
Makemake,65,201.73062514453642,19.738725935993926,tno-rate
Mars,65,129.53535107330947,19.709184919878467,engine
Mercury,65,218.57319401860397,-18.029116645488642,engine
Midheaven,65,244.89725058871227,-21.431754049472158,engine
Moon,65,193.32420847005997,-10.819968841795237,engine
Neptune,65,2.604976975881165,-0.4189659469711571,engine
Orcus,65,161.29173052331356,-13.604904094937078,tno-rate
Pallas,65,19.83760738102357,-15.085616002582936,engine
Part_of_Fortune,65,308.35589577231775,-22.362054876604173,engine
Part_of_Spirit,65,312.9574354635394,-14.04527871204547,engine
Pleiades,65,56.875841929929805,24.105461966483116,engine
Pluto,65,306.04745084401975,-23.725093833755242,engine
Polaris,65,38.36499095984011,89.26231934341818,engine
Procyon,65,114.81970247868001,5.218942278048486,engine
Quaoar,65,280.5851873021569,-15.097081184573636,tno-rate
Rahu,65,330.6698344366889,-11.988241095687851,engine
Regulus,65,152.0874174164936,11.968570282143382,engine
Rigel,65,78.63715369252274,-8.19885575654338,engine
Saturn,65,10.66603846369851,1.6381180847366055,engine
Sedna,65,62.29294503478382,8.846074563713236,tno-rate
Sirius,65,101.28375751409831,-16.72166536764268,engine
Spica,65,201.29260797506515,-11.159477333440394,engine
Sun,65,195.6249783156708,-6.661580759515886,engine
Transpluto,65,156.5424395319838,9.789551785110756,engine
Uranus,65,63.03949341846885,20.969282292374025,engine
Vega,65,279.2354819702626,38.790731553887305,engine
Venus,65,212.06583527943752,-21.015911689451194,engine
Vertex,65,161.209301399508,7.949099576635964,engine
Vesta,65,23.161693605264983,-3.1248851523801053,engine
Aldebaran,66,68.98417903962707,16.508822886418766,engine
Algol,66,47.04837744720917,40.95564651963828,engine
Algorab,66,187.4590732685346,-16.514098230710108,engine
Alkaid,66,206.87581644013653,49.315111452466404,engine
Alphecca,66,233.66812905355954,26.71729687964885,engine
Altair,66,297.70062416782594,8.8741138390357,engine
Antares,66,247.34793330271876,-26.431984115008085,engine
Arcturus,66,213.9013301792583,19.17001483315458,engine
Ascendant,66,311.07053456494043,-18.09768229806703,engine
Bellatrix,66,81.28515672118878,6.351236650244013,engine
Betelgeuse,66,88.7949703506665,7.408652224948325,engine
Capella,66,79.17690434809558,45.993046843360766,engine
Castor,66,113.64730893336389,31.8862737238406,engine
Ceres,66,109.80287998487509,23.37430029118108,engine
Chiron,66,26.601913027196392,11.158453821053701,engine
Deneb Algedi,66,326.7655404427492,-16.12857952091578,engine
Eris,66,27.088279835827958,-0.0798091918478842,tno-rate
Fomalhaut,66,344.42045478053586,-29.623075649373504,engine
Gonggong,66,337.3121834904176,-10.272835670218575,tno-rate
Haumea,66,220.16813432884217,13.566985831028997,tno-rate
Juno,66,297.6292541650151,-13.136233751759082,engine
Jupiter,66,143.46690306082476,15.126972922320983,engine
Ketu,66,150.669750697732,11.988271376061775,engine
Makemake,66,201.73063900331482,19.738719963457047,tno-rate
Mars,66,129.53575710367784,19.709096980875554,engine
Mercury,66,218.57390096925505,-18.029399852150654,engine
Midheaven,66,245.1477158483217,-21.471469252593334,engine
Moon,66,193.33086578586955,-10.82359311123283,engine
Neptune,66,2.6049602853645477,-0.4189732377075224,engine
Orcus,66,161.29174313443696,-13.604911886562995,tno-rate
Pallas,66,19.83747491433854,-15.085792876995946,engine
Part_of_Fortune,66,308.77578808516455,-22.25943224895319,engine
Part_of_Spirit,66,313.3652810447163,-13.935932347180874,engine
Pleiades,66,56.87584201705021,24.10546188174022,engine
Pluto,66,306.0474489115915,-23.725093942986394,engine
Polaris,66,38.365001478983125,89.26231918933199,engine
Procyon,66,114.8197023599231,5.218942253766645,engine
Quaoar,66,280.5851912525369,-15.097083140327198,tno-rate
Rahu,66,330.669750697732,-11.988271376061775,engine
Regulus,66,152.08741721668412,11.968570261177486,engine
Rigel,66,78.63715369634564,-8.198855735457583,engine
Saturn,66,10.665989256769722,1.6380971513444018,engine
Sedna,66,62.29294089085276,8.846072509701276,tno-rate
Sirius,66,101.2837574348565,-16.721665322094122,engine
Spica,66,201.29260779807313,-11.159477363775576,engine
Sun,66,195.6256122656454,-6.661843160346672,engine
Transpluto,66,156.54244498814123,9.789549682073279,engine
Uranus,66,63.03947629142863,20.96927924993351,engine
Vega,66,279.23548205850597,38.79073166832113,engine
Venus,66,212.06561254701472,-21.01584583526031,engine
Vertex,66,161.39799059905104,7.873090733726482,engine
Vesta,66,23.161532278068535,-3.1249488141580173,engine
Aldebaran,67,68.98417908042013,16.508822821121612,engine
Algol,67,47.048377594900394,40.95564640045226,engine
Algorab,67,187.4590730639309,-16.514098255808417,engine
Alkaid,67,206.8758161882498,49.315111540533614,engine
Alphecca,67,233.66812895185726,26.71729695494735,engine
Altair,67,297.7006242951869,8.874113855824952,engine
Antares,67,247.34793325262274,-26.4319842116032,engine
Arcturus,67,213.90133002228356,19.170014871028236,engine
Ascendant,67,311.48627570151984,-17.990199414041818,engine
Bellatrix,67,81.28515671647001,6.351236619334805,engine
Betelgeuse,67,88.79497031895365,7.408652190621154,engine
Capella,67,79.17690435214142,45.99304668981808,engine
Castor,67,113.64730879921888,31.886273626530347,engine
Ceres,67,109.80306148699437,23.374312943307373,engine
Chiron,67,26.60188369709133,11.158441772459014,engine
Deneb Algedi,67,326.76554063918815,-16.12857955151409,engine
Eris,67,27.08827353223809,-0.07981148306056726,tno-rate
Fomalhaut,67,344.4204550154754,-29.623075666482173,engine
Gonggong,67,337.31217819616023,-10.272837327043073,tno-rate
Haumea,67,220.16814772311588,13.566978931712951,tno-rate
Juno,67,297.62936924573853,-13.136281122063744,engine
Jupiter,67,143.46701562858317,15.126938048308762,engine
Ketu,67,150.669666944599,11.988301661530185,engine
Makemake,67,201.73065286209325,19.738713990920168,tno-rate
Mars,67,129.53616315022344,19.709009043761903,engine
Mercury,67,218.5746079164307,-18.029683040252607,engine
Midheaven,67,245.3981826987811,-21.510790303506063,engine
Moon,67,193.3375317553938,-10.827215631556038,engine
Neptune,67,2.604943594509803,-0.4189805284130331,engine
Orcus,67,161.29175574556038,-13.604919678188914,tno-rate
Pallas,67,19.8373424363476,-15.085969752902134,engine
Part_of_Fortune,67,309.1975612187682,-22.155309487498435,engine
Part_of_Spirit,67,313.7749901842715,-13.825089340585203,engine
Pleiades,67,56.87584210532095,24.105461797062315,engine
Pluto,67,306.04744697804875,-23.725094052368224,engine
Polaris,67,38.36501207165749,89.26231903572543,engine
Procyon,67,114.81970224185712,5.218942229413481,engine
Quaoar,67,280.5851952029169,-15.09708509608076,tno-rate
Rahu,67,330.669666944599,-11.988301661530185,engine
Regulus,67,152.0874170169341,11.968570239993975,engine
Rigel,67,78.63715370121159,-8.198855714334552,engine
Saturn,67,10.665940047737964,1.6380762181307837,engine
Sedna,67,62.29293674692171,8.846070455689317,tno-rate
Sirius,67,101.28375735651068,-16.721665276363783,engine
Spica,67,201.29260762030222,-11.15947739396639,engine
Sun,67,195.62624623814546,-6.662105558099423,engine
Transpluto,67,156.54245044424172,9.78954757905879,engine
Uranus,67,63.039459165101775,20.969276208005034,engine
Vega,67,279.2354821456205,38.79073178312843,engine
Venus,67,212.06538985513845,-21.015779940645334,engine
Vertex,67,161.58663344531914,7.796988359637423,engine
Vesta,67,23.161370937610936,-3.125012475900655,engine
Aldebaran,68,68.98417912231804,16.508822755808147,engine
Algol,68,47.048377743924796,40.95564628148788,engine
Algorab,68,187.459072858741,-16.5140982806487,engine
Alkaid,68,206.87581593509077,49.31511162810004,engine
Alphecca,68,233.668128848992,26.717297030150075,engine
Altair,68,297.70062442188964,8.874113872745735,engine
Antares,68,247.34793320134202,-26.431984308211728,engine
Arcturus,68,213.90132986435162,19.170014908721427,engine
Ascendant,68,311.90389501181954,-17.881205713240593,engine
Bellatrix,68,81.28515671277876,6.3512365883957935,engine
Betelgeuse,68,88.79497028822362,7.408652156241997,engine
Capella,68,79.17690435767146,45.993046536096216,engine
Castor,68,113.64730866590753,31.886273528804242,engine
Ceres,68,109.80324299679447,23.37432559878298,engine
Chiron,68,26.60185436664873,11.158429724209675,engine
Deneb Algedi,68,326.7655408354595,-16.12857958240177,engine
Eris,68,27.088267228648224,-0.07981377427325033,tno-rate
Fomalhaut,68,344.42045525060456,-29.623075684107203,engine
Gonggong,68,337.3121729019029,-10.272838983867569,tno-rate
Haumea,68,220.16816111738956,13.566972032396905,tno-rate
Juno,68,297.62948431797264,-13.136328489808092,engine
Jupiter,68,143.467128200796,15.126903174535851,engine
Ketu,68,150.66958317729353,11.98833195209173,engine
Makemake,68,201.73066672087168,19.738708018383285,tno-rate
Mars,68,129.53656921326123,19.708921108482446,engine
Mercury,68,218.57531486017848,-18.02996620973736,engine
Midheaven,68,245.64865115860675,-21.54971703144007,engine
Moon,68,193.34420656795362,-10.830836475363482,engine
Neptune,68,2.6049269033080833,-0.4189878190887882,engine
Orcus,68,161.29176835668378,-13.60492746981483,tno-rate
Pallas,68,19.83720994670129,-15.086146630236241,engine
Part_of_Fortune,68,309.6212213465159,-22.049674235819026,engine
Part_of_Spirit,68,314.1865686771232,-13.71273719066216,engine
Pleiades,68,56.875842194741296,24.10546171245126,engine
Pluto,68,306.0474450433863,-23.72509416189843,engine
Polaris,68,38.36502273769968,89.2623188826026,engine
Procyon,68,114.81970212448559,5.2189422049892675,engine
Quaoar,68,280.5851991532969,-15.097087051834322,tno-rate
Rahu,68,330.66958317729353,-11.98833195209173,engine
Regulus,68,152.0874168172484,11.968570218592902,engine
Rigel,68,78.63715370712167,-8.198855693174918,engine
Saturn,68,10.665890836590725,1.638055285095449,engine
Sedna,68,62.29293260299065,8.846068401677359,tno-rate
Sirius,68,101.28375727906366,-16.72166523045274,engine
Spica,68,201.29260744175568,-11.159477424012183,engine
Sun,68,195.62688023325725,-6.662367952785048,engine
Transpluto,68,156.54245590028526,9.789545476067257,engine
Uranus,68,63.039442039480804,20.969273166590153,engine
Vega,68,279.23548223160276,38.790731898306845,engine
Venus,68,212.06516720258418,-21.015714005220165,engine
Vertex,68,161.7752304342679,7.720793322432601,engine
Vesta,68,23.161209584178387,-3.125076137453616,engine
Aldebaran,69,68.98417916532112,16.50882269047968,engine
Algol,69,47.04837789428039,40.95564616274803,engine
Algorab,69,187.45907265296904,-16.51409830523023,engine
Alkaid,69,206.875815680664,49.315111715162956,engine
Alphecca,69,233.66812874496472,26.717297105255007,engine
Altair,69,297.70062454793054,8.874113889797618,engine
Antares,69,247.3479331488765,-26.431984404831613,engine
Arcturus,69,213.90132970546497,19.17001494623285,engine
Ascendant,69,312.32339819794146,-17.77068888008753,engine
Bellatrix,69,81.28515671011627,6.351236557427486,engine
Betelgeuse,69,88.79497025847836,7.40865212181141,engine
Capella,69,79.17690436468727,45.99304638219845,engine
Castor,69,113.64730853343396,31.886273430663934,engine
Ceres,69,109.80342451447706,23.37433825763406,engine
Chiron,69,26.60182503585483,11.15841767630429,engine
Deneb Algedi,69,326.7655410315586,-16.128579613578587,engine
Eris,69,27.08826092505836,-0.0798160654859334,tno-rate
Fomalhaut,69,344.42045548591796,-29.623075702248954,engine
Gonggong,69,337.31216760764556,-10.272840640692067,tno-rate
Haumea,69,220.16817451166327,13.566965133080858,tno-rate
Juno,69,297.62959938164335,-13.136375854983037,engine
Jupiter,69,143.4672407775289,15.126868300987965,engine
Ketu,69,150.6694993958186,11.988362247745332,engine
Makemake,69,201.7306805796501,19.738702045846406,tno-rate
Mars,69,129.53697529241143,19.708833175141557,engine
Mercury,69,218.57602180054576,-18.030249360547952,engine
Midheaven,69,245.8991212434002,-21.588249269261045,engine
Moon,69,193.35088992841958,-10.834455514831422,engine
Neptune,69,2.604910211750549,-0.4189951097358833,engine
Orcus,69,161.2917809678072,-13.604935261440747,tno-rate
Pallas,69,19.837077445641945,-15.086323509039856,engine
Part_of_Fortune,69,310.04677387529443,-21.942514050504514,engine
Part_of_Spirit,69,314.6000225205885,-13.598863709670546,engine
Pleiades,69,56.87584228531045,24.10546162790897,engine
Pluto,69,306.0474431076066,-23.725094271575063,engine
Polaris,69,38.36503347694457,89.26231872996769,engine
Procyon,69,114.81970200781208,5.218942180494296,engine
Quaoar,69,280.5852031036769,-15.097089007587885,tno-rate
Rahu,69,330.6694993958186,-11.988362247745332,engine
Regulus,69,152.08741661763167,11.968570196974332,engine
Rigel,69,78.63715371407694,-8.198855671979322,engine
Saturn,69,10.665841623315481,1.6380343522380854,engine
Sedna,69,62.2929284590596,8.8460663476654,tno-rate
Sirius,69,101.2837572025183,-16.72166518436206,engine
Spica,69,201.29260726243692,-11.159477453912306,engine
Sun,69,195.62751425106657,-6.662630344414438,engine
Transpluto,69,156.54246135627207,9.789543373098676,engine
Uranus,69,63.03942491455822,20.969270125690407,engine
Vega,69,279.2354823164496,38.79073201385392,engine
Venus,69,212.064944589735,-21.015648029067723,engine
Vertex,69,161.96378205866762,7.64450649308757,engine
Vesta,69,23.161048217527313,-3.1251397988899323,engine
Aldebaran,70,68.98417920942963,16.508822625137544,engine
Algol,70,47.048378045965244,40.955646044235614,engine
Algorab,70,187.45907244661916,-16.514098329552326,engine
Alkaid,70,206.87581542497392,49.31511180171961,engine
Alphecca,70,233.66812863977657,26.717297180260104,engine
Altair,70,297.70062467330587,8.874113906980156,engine
Antares,70,247.34793309522604,-26.43198450146076,engine
Arcturus,70,213.9013295456263,19.170014983561234,engine
Ascendant,70,312.74479067611225,-17.658636722519816,engine
Bellatrix,70,81.28515670848381,6.351236526430374,engine
Betelgeuse,70,88.79497022971964,7.408652087329936,engine
Capella,70,79.1769043731904,45.993046228128,engine
Castor,70,113.64730840180225,31.886273332111124,engine
Ceres,70,109.80360603976769,23.374350919865226,engine
Chiron,70,26.60179570471067,11.158405628745035,engine
Deneb Algedi,70,326.76554122748064,-16.12857964504436,engine
Eris,70,27.088254621468494,-0.07981835669861646,tno-rate
Fomalhaut,70,344.42045572141046,-29.623075720907778,engine
Gonggong,70,337.31216231338817,-10.272842297516563,tno-rate
Haumea,70,220.16818790593695,13.566958233764812,tno-rate
Juno,70,297.62971443699615,-13.136423217574478,engine
Jupiter,70,143.46735335871603,15.126833427691029,engine
Ketu,70,150.66941560023406,11.988392548469337,engine
Makemake,70,201.73069443842851,19.738696073309523,tno-rate
Mars,70,129.53738138798835,19.70874524368406,engine
Mercury,70,218.5767287377867,-18.030532492844053,engine
Midheaven,70,246.14959296957,-21.62638685398189,engine
Moon,70,193.35758202580428,-10.838072822640504,engine
Neptune,70,2.6048935198364607,-0.4190024003520964,engine
Orcus,70,161.2917935789306,-13.604943053066666,tno-rate
Pallas,70,19.836944932820604,-15.086500389247608,engine
Part_of_Fortune,70,310.47422441025765,-21.83381681216175,engine
Part_of_Spirit,70,315.01535694196684,-13.483456632877882,engine
Pleiades,70,56.875842377027645,24.1054615434373,engine
Pluto,70,306.04744117070493,-23.72509438139583,engine
Polaris,70,38.36504428922573,89.26231857782479,engine
Procyon,70,114.81970189184007,5.218942155928845,engine
Quaoar,70,280.5852070540569,-15.097090963341445,tno-rate
Rahu,70,330.66941560023406,-11.988392548469337,engine
Regulus,70,152.08741641808868,11.968570175138336,engine
Rigel,70,78.63715372207847,-8.198855650748412,engine
Saturn,70,10.665792407899811,1.6380134195583962,engine
Sedna,70,62.292924315128545,8.84606429365344,tno-rate
Sirius,70,101.28375712687739,-16.721665138092813,engine
Spica,70,201.29260708234915,-11.159477483666114,engine
Sun,70,195.6281482916589,-6.662892732998569,engine
Transpluto,70,156.5424668122019,9.789541270153086,engine
Uranus,70,63.039407790326486,20.96926708530734,engine
Vega,70,279.23548240015754,38.790732129767235,engine
Venus,70,212.06472201536423,-21.015582011803048,engine
Vertex,70,162.15228881091844,7.56812874434877,engine
Vesta,70,23.160886837414388,-3.1252034602826,engine
Aldebaran,71,68.98417925464379,16.508822559783052,engine
Algol,71,47.04837819897728,40.95564592595349,engine
Algorab,71,187.45907223969544,-16.5140983536143,engine
Alkaid,71,206.87581516802507,49.31511188776727,engine
Alphecca,71,233.66812853342867,26.717297255163324,engine
Altair,71,297.7006247980118,8.874113924292915,engine
Antares,71,247.34793304039053,-26.4319845980971,engine
Arcturus,71,213.9013293848382,19.170015020705275,engine
Ascendant,71,313.1680775634369,-17.54503718487064,engine
Bellatrix,71,81.28515670788258,6.351236495404964,engine
Betelgeuse,71,88.79497020194927,7.408652052798153,engine
Capella,71,79.17690438318235,45.99304607388814,engine
Castor,71,113.64730827101639,31.886273233147403,engine
Ceres,71,109.80378757286766,23.37436358550253,engine
Chiron,71,26.601766373202494,11.158393581530484,engine
Deneb Algedi,71,326.76554142322084,-16.128579676798854,engine
Eris,71,27.088248317878627,-0.07982064791129953,tno-rate
Fomalhaut,71,344.4204559570767,-29.623075740083973,engine
Gonggong,71,337.31215701913084,-10.272843954341061,tno-rate
Haumea,71,220.16820130021065,13.566951334448763,tno-rate
Juno,71,297.6298294839575,-13.136470577573395,engine
Jupiter,71,143.46746594442283,15.126798554630764,engine
Ketu,71,150.6693317904306,11.988422854303272,engine
Makemake,71,201.73070829720695,19.738690100772644,tno-rate
Mars,71,129.5377874996116,19.70865731421422,engine
Mercury,71,218.5774356719482,-18.030815606569025,engine
Midheaven,71,246.4000663524692,-21.664129626402442,engine
Moon,71,193.36428304889625,-10.841688471448833,engine
Neptune,71,2.604876827554296,-0.4190096909396321,engine
Orcus,71,161.29180619005402,-13.604950844692583,tno-rate
Pallas,71,19.83681240847995,-15.086677270900939,engine
Part_of_Fortune,71,310.903578257214,-21.72357053777102,engine
Part_of_Spirit,71,315.4325768696598,-13.36650383197026,engine
Pleiades,71,56.875842469892056,24.10546145903814,engine
Pluto,71,306.04743923267625,-23.725094491358426,engine
Polaris,71,38.36505517437532,89.26231842617801,engine
Procyon,71,114.81970177657311,5.218942131293198,engine
Quaoar,71,280.5852110044369,-15.097092919095008,tno-rate
Rahu,71,330.6693317904306,-11.988422854303272,engine
Regulus,71,152.08741621862416,11.968570153084979,engine
Rigel,71,78.63715373112724,-8.198855629482823,engine
Saturn,71,10.665743190331293,1.6379924870560723,engine
Sedna,71,62.29292017119749,8.84606223964148,tno-rate
Sirius,71,101.28375705214376,-16.72166509164612,engine
Spica,71,201.29260690149576,-11.159477513272964,engine
Sun,71,195.62878235511917,-6.663155118548452,engine
Transpluto,71,156.5424722680749,9.789539167230458,engine
Uranus,71,63.039390666778075,20.96926404544246,engine
Vega,71,279.23548248272346,38.79073224604438,engine
Venus,71,212.06449948307116,-21.015515954446943,engine
Vertex,71,162.34075118166373,7.4916609512894405,engine
Vesta,71,23.1607254441265,-3.125267121477194,engine
Aldebaran,72,68.98417930096386,16.508822494417533,engine
Algol,72,47.04837835331454,40.95564580790456,engine
Algorab,72,187.45907203220207,-16.514098377415433,engine
Alkaid,72,206.87581490982194,49.315111973303225,engine
Alphecca,72,233.66812842592216,26.717297329962623,engine
Altair,72,297.7006249220449,8.874113941735448,engine
Antares,72,247.3479329843698,-26.43198469473857,engine
Arcturus,72,213.9013292231033,19.170015057663697,engine
Ascendant,72,313.5932636739342,-17.429878358629487,engine
Bellatrix,72,81.28515670831382,6.3512364643517545,engine
Betelgeuse,72,88.79497017516906,7.4086520182166025,engine
Capella,72,79.1769043946646,45.99304591948213,engine
Castor,72,113.64730814108043,31.886273133774488,engine
Ceres,72,109.80396911362114,23.37437625455581,engine
Chiron,72,26.601737041321464,11.158381534660395,engine
Deneb Algedi,72,326.76554161877436,-16.12857970884186,engine
Eris,72,27.08824201428876,-0.0798229391239826,tno-rate
Fomalhaut,72,344.42045619291133,-29.623075759777873,engine
Gonggong,72,337.3121517248735,-10.272845611165558,tno-rate
Haumea,72,220.16821469448433,13.566944435132717,tno-rate
Juno,72,297.6299445224539,-13.136517934970792,engine
Jupiter,72,143.4675785345832,15.126763681833092,engine
Ketu,72,150.6692479664677,11.988453165225563,engine
Makemake,72,201.73072215598538,19.73868412823576,tno-rate
Mars,72,129.53819362759472,19.70856938667679,engine
Mercury,72,218.5781426030769,-18.03109870166636,engine
Midheaven,72,246.65054141011598,-21.70147743159574,engine
Moon,72,193.37099270211644,-10.845302333583549,engine
Neptune,72,2.6048601349033276,-0.41901698149626915,engine
Orcus,72,161.2918188011774,-13.6049586363185,tno-rate
Pallas,72,19.836679872271493,-15.086854153934409,engine
Part_of_Fortune,72,311.33483993451864,-21.61176319113791,engine
Part_of_Spirit,72,315.85168741334974,-13.247993526121064,engine
Pleiades,72,56.87584256390286,24.105461374713354,engine
Pluto,72,306.04743729352316,-23.725094601460885,engine
Polaris,72,38.36506613222412,89.26231827503148,engine
Procyon,72,114.81970166201464,5.218942106587636,engine
Quaoar,72,280.58521495481693,-15.097094874848569,tno-rate
Rahu,72,330.6692479664677,-11.988453165225563,engine
Regulus,72,152.08741601924285,11.968570130814356,engine
Rigel,72,78.6371537412243,-8.198855608183196,engine
Saturn,72,10.665693970597571,1.6379715547307976,engine
Sedna,72,62.292916027266436,8.84606018562952,tno-rate
Sirius,72,101.28375697832016,-16.72166504502306,engine
Spica,72,201.2926067198801,-11.15947754273222,engine
Sun,72,195.62941644153196,-6.663417501075125,engine
Transpluto,72,156.542477723891,9.789537064330808,engine
Uranus,72,63.039373543905434,20.96926100609729,engine
Vega,72,279.23548256414415,38.79073236268289,engine
Venus,72,212.06427699162683,-21.015449856615554,engine
Vertex,72,162.5291696626025,7.4151039901622555,engine
Vesta,72,23.160564037420805,-3.1253307825466887,engine
Aldebaran,73,68.98417934839003,16.508822429042297,engine
Algol,73,47.04837850897491,40.95564569009169,engine
Algorab,73,187.4590718241432,-16.514098400955074,engine
Alkaid,73,206.87581465036908,49.31511205832477,engine
Alphecca,73,233.66812831725824,26.71729740465599,engine
Altair,73,297.70062504540124,8.874113959307316,engine
Antares,73,247.34793292716384,-26.4319847913831,engine
Arcturus,73,213.9013290604242,19.170015094435215,engine
Ascendant,73,314.02035349871835,-17.313148497822425,engine
Bellatrix,73,81.28515670977868,6.35123643327125,engine
Betelgeuse,73,88.79497014938076,7.4086519835858535,engine
Capella,73,79.17690440763865,45.99304576491323,engine
Castor,73,113.64730801199838,31.886273033994044,engine
Ceres,73,109.80415066187209,23.374388927034857,engine
Chiron,73,26.6017077090588,11.158369488134543,engine
Deneb Algedi,73,326.7655418141365,-16.128579741173148,engine
Eris,73,27.088235710698893,-0.07982523033666568,tno-rate
Fomalhaut,73,344.42045642890923,-29.6230757799898,engine
Gonggong,73,337.3121464306161,-10.272847267990056,tno-rate
Haumea,73,220.16822808875804,13.56693753581667,tno-rate
Juno,73,297.6300595527316,-13.136565289752676,engine
Jupiter,73,143.46769112926242,15.126728809283701,engine
Ketu,73,150.66916412834883,11.988483481234981,engine
Makemake,73,201.7307360147638,19.73867815569888,tno-rate
Mars,73,129.53859977155665,19.708481461175936,engine
Mercury,73,218.57884953142624,-18.031381778296176,engine
Midheaven,73,246.90101815760943,-21.738430117994156,engine
Moon,73,193.37771117392157,-10.848914481772558,engine
Neptune,73,2.6048434418720556,-0.4190242720242099,engine
Orcus,73,161.2918314123008,-13.604966427944417,tno-rate
Pallas,73,19.836547324438364,-15.087031038389348,engine
Part_of_Fortune,73,311.76801412165844,-21.498383099005245,engine
Part_of_Spirit,73,316.27269287577826,-13.127913896639603,engine
Pleiades,73,56.875842659059174,24.105461290464824,engine
Pluto,73,306.04743535324087,-23.72509471170087,engine
Polaris,73,38.3650771626015,89.26231812438925,engine
Procyon,73,114.81970154816818,5.218942081812451,engine
Quaoar,73,280.58521890519694,-15.097096830602132,tno-rate
Rahu,73,330.6691641283488,-11.988483481234981,engine
Regulus,73,152.08741581994948,11.968570108326526,engine
Rigel,73,78.63715375237058,-8.198855586850184,engine
Saturn,73,10.66564474870273,1.6379506225890472,engine
Sedna,73,62.29291188333538,8.84605813161756,tno-rate
Sirius,73,101.28375690540936,-16.72166499822472,engine
Spica,73,201.29260653750552,-11.159477572043235,engine
Sun,73,195.63005055098145,-6.663679880589736,engine
Transpluto,73,156.54248317965033,9.789534961454107,engine
Uranus,73,63.039356421700965,20.96925796727332,engine
Vega,73,279.23548264441627,38.79073247968032,engine
Venus,73,212.06405454141012,-21.015383718394038,engine
Vertex,73,162.71754474230212,7.338458740092141,engine
Vesta,73,23.160402617054707,-3.1253944435640477,engine
Aldebaran,74,68.9841793969225,16.508822363658645,engine
Algol,74,47.048378665956456,40.95564557251767,engine
Algorab,74,187.45907161552284,-16.514098424232554,engine
Alkaid,74,206.8758143896709,49.31511214282928,engine
Alphecca,74,233.66812820743792,26.717297479241424,engine
Altair,74,297.70062516807747,8.874113977008077,engine
Antares,74,247.34793286877257,-26.431984888028676,engine
Arcturus,74,213.90132889680356,19.17001513101859,engine
Ascendant,74,314.4493514892981,-17.194835950924357,engine
Bellatrix,74,81.28515671227836,6.351236402163926,engine
Betelgeuse,74,88.79497012458613,7.408651948906439,engine
Capella,74,79.1769044221059,45.99304561018462,engine
Castor,74,113.64730788377409,31.88627293380768,engine
Ceres,74,109.80433221794303,23.374401602974093,engine
Chiron,74,26.601678376381034,11.158357441943377,engine
Deneb Algedi,74,326.76554200930264,-16.128579773792524,engine
Eris,74,27.0882294071048,-0.07982752155088513,tno-rate
Fomalhaut,74,344.42045666506505,-29.623075800720052,engine
Gonggong,74,337.3121411363552,-10.272848924815664,tno-rate
Haumea,74,220.1682414830407,13.566930636495997,tno-rate
Juno,74,297.6301745747947,-13.136612641941852,engine
Jupiter,74,143.46780372850253,15.126693936975112,engine
Ketu,74,150.6690802760209,11.98851380235069,engine
Makemake,74,201.73074987355153,19.738672183157995,tno-rate
Mars,74,129.53900593208272,19.708393537597363,engine
Mercury,74,218.5795564575164,-18.03166483659208,engine
Midheaven,74,247.15149677835151,-21.774987562194372,engine
Moon,74,193.38443865715752,-10.852524991191205,engine
Neptune,74,2.604826748448578,-0.41903156252612034,engine
Orcus,74,161.29184402343267,-13.60497421957556,tno-rate
Pallas,74,19.83641476454352,-15.087207924318752,engine
Part_of_Fortune,74,312.203105462479,-21.383418684836236,engine
Part_of_Spirit,74,316.69559751611723,-13.006253217012478,engine
Pleiades,74,56.875842755360196,24.105461206294365,engine
Pluto,74,306.0474334118232,-23.725094822076173,engine
Polaris,74,38.36508826534288,89.26231797425532,engine
Procyon,74,114.81970143503713,5.2189420569679115,engine
Quaoar,74,280.58522285557956,-15.097098786357005,tno-rate
Rahu,74,330.6690802760209,-11.98851380235069,engine
Regulus,74,152.08741562074863,11.968570085621566,engine
Rigel,74,78.63715376456707,-8.198855565484411,engine
Saturn,74,10.665595524568642,1.637929690602895,engine
Sedna,74,62.29290773940155,8.846056077604224,tno-rate
Sirius,74,101.28375683341405,-16.721664951252173,engine
Spica,74,201.29260635437532,-11.1594776012054,engine
Sun,74,195.6306846839766,-6.6639422572793245,engine
Transpluto,74,156.5424886353563,9.789532858598983,engine
Uranus,74,63.03933930014559,20.969254928970003,engine
Vega,74,279.2354827235368,38.7907325970343,engine
Venus,74,212.0638321310407,-21.015317539355177,engine
Vertex,74,162.90587703493884,7.261726030587117,engine
Vesta,74,23.160241183207532,-3.1254581044174823,engine
Aldebaran,75,68.98417944656137,16.508822298267994,engine
Algol,75,47.04837882425682,40.955645455185525,engine
Algorab,75,187.45907140634552,-16.514098447247157,engine
Alkaid,75,206.87581412773235,49.315112226813916,engine
Alphecca,75,233.66812809646257,26.717297553716826,engine
Altair,75,297.70062529006964,8.87411399483726,engine
Antares,75,247.34793280919607,-26.431984984673097,engine
Arcturus,75,213.90132873224422,19.170015167412487,engine
Ascendant,75,314.8802608966003,-17.07492949244841,engine
Bellatrix,75,81.28515671581398,6.351236371030339,engine
Betelgeuse,75,88.79497010078691,7.408651914178968,engine
Capella,75,79.17690443806775,45.993045455299765,engine
Castor,75,113.64730775641178,31.88627283321722,engine
Ceres,75,109.80451378143411,23.37441428236615,engine
Chiron,75,26.601649043328624,11.158345396105219,engine
Deneb Algedi,75,326.7655422042678,-16.128579806699687,engine
Eris,75,27.088223103514935,-0.0798298127635682,tno-rate
Fomalhaut,75,344.4204569013733,-29.6230758219689,engine
Gonggong,75,337.31213584209786,-10.27285058164016,tno-rate
Haumea,75,220.1682548773144,13.56692373717995,tno-rate
Juno,75,297.6302895884162,-13.13665999146594,engine
Jupiter,75,143.46791633211896,15.126659064969981,engine
Ketu,75,150.66899640965602,11.98854412851044,engine
Makemake,75,201.73076373232993,19.738666210621112,tno-rate
Mars,75,129.53941210841998,19.708305616123184,engine
Mercury,75,218.58026338044533,-18.031947876118416,engine
Midheaven,75,247.4019769531124,-21.81114957122289,engine
Moon,75,193.3911748466979,-10.856133729435998,engine
Neptune,75,2.604810054646493,-0.4190388529933197,engine
Orcus,75,161.2918566345561,-13.604982011201477,tno-rate
Pallas,75,19.83628219300839,-15.087384811526649,engine
Part_of_Fortune,75,312.6401169035479,-21.2668585910812,engine
Part_of_Spirit,75,317.1204048896527,-12.883000393815617,engine
Pleiades,75,56.875842852804894,24.105461122203966,engine
Pluto,75,306.0474314692754,-23.725094932584653,engine
Polaris,75,38.36509944026002,89.262317824634,engine
Procyon,75,114.81970132262505,5.218942032054335,engine
Quaoar,75,280.58522680595956,-15.097100742110566,tno-rate
Rahu,75,330.668996409656,-11.98854412851044,engine
Regulus,75,152.08741542164535,11.968570062699596,engine
Rigel,75,78.6371537778147,-8.198855544086546,engine
Saturn,75,10.665546298265514,1.6379087588068961,engine
Sedna,75,62.29290359547049,8.846054023592265,tno-rate
Sirius,75,101.28375676233705,-16.721664904106586,engine
Spica,75,201.29260617049306,-11.159477630218047,engine
Sun,75,195.6313188397503,-6.664204630803206,engine
Transpluto,75,156.5424940910018,9.789530755768265,engine
Uranus,75,63.03932217925465,20.969251891192904,engine
Vega,75,279.23548280150237,38.79073271474223,engine
Venus,75,212.06360976441186,-21.015251320610858,engine
Vertex,75,163.0941667758727,7.18490684711991,engine
Vesta,75,23.160079735677137,-3.125521765170344,engine
Aldebaran,76,68.98417949730683,16.50882223287159,engine
Algol,76,47.04837898387403,40.95564533809802,engine
Algorab,76,187.4590711966152,-16.514098469998245,engine
Alkaid,76,206.8758138645579,49.315112310276085,engine
Alphecca,76,233.66812798433344,26.717297628080203,engine
Altair,76,297.7006254113744,8.874114012794426,engine
Antares,76,247.34793274843418,-26.43198508131435,engine
Arcturus,76,213.90132856674884,19.170015203615677,engine
Ascendant,76,315.31308548152896,-16.95341786228558,engine
Bellatrix,76,81.28515672038668,6.351236339870958,engine
Betelgeuse,76,88.79497007798483,7.408651879403974,engine
Capella,76,79.17690445552559,45.99304530026182,engine
Castor,76,113.64730762991528,31.88627273222431,engine
Ceres,76,109.8046953523104,23.37442696522918,engine
Chiron,76,26.601619709868125,11.158333350610507,engine
Deneb Algedi,76,326.76554239902714,-16.12857983989444,engine
Eris,76,27.088216799925068,-0.07983210397625126,tno-rate
Fomalhaut,76,344.4204571378288,-29.62307584373663,engine
Gonggong,76,337.3121305478405,-10.272852238464656,tno-rate
Haumea,76,220.1682682715881,13.566916837863904,tno-rate
Juno,76,297.63040459392,-13.13670733834278,engine
Jupiter,76,143.46802894025222,15.126624193230564,engine
Ketu,76,150.66891252908903,11.988574459773943,engine
Makemake,76,201.73077759110836,19.738660238084233,tno-rate
Mars,76,129.53981830063233,19.708217696758595,engine
Mercury,76,218.58097030093967,-18.03223089722557,engine
Midheaven,76,247.6524588650317,-21.846916029145763,engine
Moon,76,193.39791993502155,-10.85974077174061,engine
Neptune,76,2.604793360445821,-0.4190461434317943,engine
Orcus,76,161.2918692456795,-13.604989802827394,tno-rate
Pallas,76,19.836149609396326,-15.08756170006593,engine
Part_of_Fortune,76,313.0790523977399,-21.148691632677608,engine
Part_of_Spirit,76,317.54711856531804,-12.758144091893552,engine
Pleiades,76,56.875842951392414,24.105461038195426,engine
Pluto,76,306.04742952559144,-23.72509504322406,engine
Polaris,76,38.36511068718549,89.26231767552922,engine
Procyon,76,114.81970121093535,5.2189420070720045,engine
Quaoar,76,280.58523075633957,-15.097102697864129,tno-rate
Rahu,76,330.668912529089,-11.988574459773943,engine
Regulus,76,152.08741522264418,11.968570039560687,engine
Rigel,76,78.63715379211439,-8.198855522657226,engine
Saturn,76,10.66549706974815,1.6378878271866897,engine
Sedna,76,62.29289945153944,8.846051969580305,tno-rate
Sirius,76,101.28375669218104,-16.721664856789022,engine
Spica,76,201.2926059858621,-11.159477659080562,engine
Sun,76,195.63195301881063,-6.664467001348581,engine
Transpluto,76,156.54249954659036,9.789528652960469,engine
Uranus,76,63.039305059009045,20.96924885394142,engine
Vega,76,279.23548287830994,38.7907328328017,engine
Venus,76,212.06338744014104,-21.015185061735103,engine
Vertex,76,163.28241457731005,7.108002023238014,engine
Vesta,76,23.159918274643314,-3.1255854257108115,engine
Aldebaran,77,68.98417954915898,16.508822167470782,engine
Algol,77,47.04837914480589,40.95564522125803,engine
Algorab,77,187.45907098633614,-16.514098492485147,engine
Alkaid,77,206.87581360015218,49.31511239321313,engine
Alphecca,77,233.66812787105167,26.717297702329514,engine
Altair,77,297.70062553198795,8.874114030879117,engine
Antares,77,247.3479326864871,-26.43198517795037,engine
Arcturus,77,213.90132840032012,19.17001523962688,engine
Ascendant,77,315.7478283562943,-16.830290096003406,engine
Bellatrix,77,81.28515672599757,6.351236308686297,engine
Betelgeuse,77,88.79497005618154,7.408651844582033,engine
Capella,77,79.17690447448072,45.99304514507408,engine
Castor,77,113.64730750428852,31.886272630830643,engine
Ceres,77,109.80487693077221,23.374439651588848,engine
Chiron,77,26.601590375990764,11.158321305458982,engine
Deneb Algedi,77,326.7655425935762,-16.128579873376513,engine
Eris,77,27.0882104963352,-0.07983439518893433,tno-rate
Fomalhaut,77,344.4204573744263,-29.623075866023502,engine
Gonggong,77,337.31212525358313,-10.272853895289154,tno-rate
Haumea,77,220.1682816658618,13.566909938547857,tno-rate
Juno,77,297.63051959123385,-13.136754682563538,engine
Jupiter,77,143.46814155283568,15.126589321782857,engine
Ketu,77,150.66882863437905,11.98860479611978,engine
Makemake,77,201.7307914498868,19.738654265547353,tno-rate
Mars,77,129.54022450903162,19.708129779448104,engine
Mercury,77,218.58167721897607,-18.03251389978568,engine
Midheaven,77,247.90294252868608,-21.882286798817216,engine
Moon,77,193.40467410993546,-10.863346190931711,engine
Neptune,77,2.6047766658458844,-0.41905343383932153,engine
Orcus,77,161.29188185680292,-13.604997594453312,tno-rate
Pallas,77,19.836017013951366,-15.087738589977702,engine
Part_of_Fortune,77,313.51991524498965,-21.0289069180084,engine
Part_of_Spirit,77,317.97574146759894,-12.631673273998413,engine
Pleiades,77,56.87584305112181,24.10546095427064,engine
Pluto,77,306.04742758076657,-23.725095153992065,engine
Polaris,77,38.36512200594316,89.26231752694501,engine
Procyon,77,114.81970109997143,5.218941982021204,engine
Quaoar,77,280.5852347067196,-15.097104653617691,tno-rate
Rahu,77,330.66882863437905,-11.98860479611978,engine
Regulus,77,152.08741502374988,11.968570016204943,engine
Rigel,77,78.63715380746704,-8.1988555011971,engine
Saturn,77,10.665447839004399,1.6378668957419573,engine
Sedna,77,62.29289530760838,8.846049915568347,tno-rate
Sirius,77,101.2837566229487,-16.721664809300602,engine
Spica,77,201.29260580048583,-11.15947768779232,engine
Sun,77,195.63258722124013,-6.664729368926717,engine
Transpluto,77,156.54250500212214,9.789526550175655,engine
Uranus,77,63.03928793940109,20.969245817217036,engine
Vega,77,279.23548295395636,38.790732951210224,engine
Venus,77,212.06316515860289,-21.015118762815277,engine
Vertex,77,163.47062092382194,7.031012446030956,engine
Vesta,77,23.15975679986448,-3.12564908611179,engine
Aldebaran,78,68.98417960211793,16.50882210206689,engine
Algol,78,47.0483793070502,40.955645104668406,engine
Algorab,78,187.45907077551254,-16.51409851470721,engine
Alkaid,78,206.87581333451988,49.315112475622364,engine
Alphecca,78,233.66812775661867,26.717297776462782,engine
Altair,78,297.70062565190676,8.874114049090876,engine
Antares,78,247.34793262335472,-26.43198527457909,engine
Arcturus,78,213.9013282329608,19.170015275444836,engine
Ascendant,78,316.18449226622283,-16.70553545924813,engine
Bellatrix,78,81.28515673264772,6.351236277476852,engine
Betelgeuse,78,88.79497003537877,7.408651809713694,engine
Capella,78,79.1769044949345,45.99304498973984,engine
Castor,78,113.64730737953546,31.88627252903793,engine
Ceres,78,109.8050585166626,23.374452341454678,engine
Chiron,78,26.601561041687756,11.158309260650368,engine
Deneb Algedi,78,326.7655427879101,-16.128579907145674,engine
Eris,78,27.088204192745337,-0.0798366864016174,tno-rate
Fomalhaut,78,344.4204576111604,-29.623075888829774,engine
Gonggong,78,337.3121199593258,-10.27285555211365,tno-rate
Haumea,78,220.16829506013548,13.566903039231809,tno-rate
Juno,78,297.6306345802855,-13.136802024119433,engine
Jupiter,78,143.4682541699341,15.126554450612508,engine
Ketu,78,150.66874472552956,11.988635137546703,engine
Makemake,78,201.73080530866523,19.73864829301047,tno-rate
Mars,78,129.5406307332352,19.70804186429564,engine
Mercury,78,218.58238413480646,-18.032796883959552,engine
Midheaven,78,248.15342796131063,-21.91726174691348,engine
Moon,78,193.41143707485878,-10.866949859571886,engine
Neptune,78,2.604759970835224,-0.4190607242181032,engine
Orcus,78,161.2918944679263,-13.60500538607923,tno-rate
Pallas,78,19.835884406326244,-15.08791548119614,engine
Part_of_Fortune,78,313.9627078939609,-20.90749358527109,engine
Part_of_Spirit,78,318.40627663848477,-12.503577333225165,engine
Pleiades,78,56.8758431519921,24.105460870431454,engine
Pluto,78,306.04742563480346,-23.725095264886676,engine
Polaris,78,38.36513339635548,89.26231737888546,engine
Procyon,78,114.81970098973665,5.2189419569022295,engine
Quaoar,78,280.5852386570996,-15.097106609371252,tno-rate
Rahu,78,330.66874472552956,-11.988635137546703,engine
Regulus,78,152.08741482496717,11.968569992632467,engine
Rigel,78,78.63715382387355,-8.198855479706802,engine
Saturn,78,10.665398606022139,1.637845964472371,engine
Sedna,78,62.29289116367733,8.846047861556388,tno-rate
Sirius,78,101.2837565546427,-16.721664761642423,engine
Spica,78,201.29260561436772,-11.159477716352702,engine
Sun,78,195.63322144712075,-6.664991733548922,engine
Transpluto,78,156.54251045759693,9.789524447413852,engine
Uranus,78,63.03927082042311,20.96924278102119,engine
Vega,78,279.2354830284385,38.79073306996537,engine
Venus,78,212.06294291856125,-21.015052423470635,engine
Vertex,78,163.65878630110964,6.9539390036891415,engine
Vesta,78,23.15959531109925,-3.1257127464461623,engine
Aldebaran,79,68.98417965618374,16.50882203666124,engine
Algol,79,47.048379470604786,40.95564498833197,engine
Algorab,79,187.4590705641486,-16.514098536663784,engine
Alkaid,79,206.87581306766566,49.31511255750114,engine
Alphecca,79,233.66812764103557,26.71729785047794,engine
Altair,79,297.70062577112725,8.87411406742924,engine
Antares,79,247.3479325590372,-26.431985371198426,engine
Arcturus,79,213.9013280646736,19.170015311068298,engine
Ascendant,79,316.62307956908893,-16.579143465706732,engine
Bellatrix,79,81.28515674033821,6.351236246243136,engine
Betelgeuse,79,88.79497001557813,7.408651774799529,engine
Capella,79,79.17690451688821,45.99304483426235,engine
Castor,79,113.64730725565998,31.88627242684791,engine
Ceres,79,109.80524010982437,23.374465034836085,engine
Chiron,79,26.601531706950315,11.158297216184364,engine
Deneb Algedi,79,326.76554298202404,-16.128579941201657,engine
Eris,79,27.08819788915547,-0.07983897761430046,tno-rate
Fomalhaut,79,344.4204578480258,-29.623075912155723,engine
Gonggong,79,337.31211466506846,-10.272857208938149,tno-rate
Haumea,79,220.16830845440919,13.566896139915762,tno-rate
Juno,79,297.6307495613224,-13.136849362996635,engine
Jupiter,79,143.4683667914807,15.126519579745477,engine
Ketu,79,150.66866080260013,11.98866548403316,engine
Makemake,79,201.73081916744363,19.73864232047359,tno-rate
Mars,79,129.5410369735541,19.707953951245607,engine
Mercury,79,218.58309104847584,-18.033079849691745,engine
Midheaven,79,248.40391517721397,-21.95184074307606,engine
Moon,79,193.41820901720294,-10.87055185053389,engine
Neptune,79,2.6047432754131776,-0.41906801456591525,engine
Orcus,79,161.29190707904974,-13.605013177705146,tno-rate
Pallas,79,19.83575178676552,-15.088092373762251,engine
Part_of_Fortune,79,314.40743288975773,-20.784441221014063,engine
Part_of_Spirit,79,318.83872624842013,-12.3738457103994,engine
Pleiades,79,56.87584325400232,24.105460786679732,engine
Pluto,79,306.0474236876975,-23.72509537590558,engine
Polaris,79,38.36514485824357,89.26231723135459,engine
Procyon,79,114.8197008802345,5.218941931715372,engine
Quaoar,79,280.5852426074796,-15.097108565124815,tno-rate
Rahu,79,330.66866080260013,-11.98866548403316,engine
Regulus,79,152.08741462630076,11.968569968843354,engine
Rigel,79,78.63715384133474,-8.198855458186992,engine
Saturn,79,10.665349370789363,1.6378250333776307,engine
Sedna,79,62.292887019746274,8.846045807544428,tno-rate
Sirius,79,101.2837564872657,-16.721664713815603,engine
Spica,79,201.29260542751115,-11.159477744761087,engine
Sun,79,195.63385569653414,-6.665254095226559,engine
Transpluto,79,156.54251591301482,9.789522344674987,engine
Uranus,79,63.03925370206742,20.9692397453553,engine
Vega,79,279.23548310175335,38.79073318906461,engine
Venus,79,212.06272072360701,-21.01498604472666,engine
Vertex,79,163.8469111918218,6.87678258720703,engine
Vesta,79,23.1594338086366,-3.1257764065593445,engine
Aldebaran,80,68.98417971135649,16.508821971255152,engine
Algol,80,47.048379635467406,40.95564487225158,engine
Algorab,80,187.4590703522486,-16.514098558354224,engine
Alkaid,80,206.87581279959426,49.31511263884685,engine
Alphecca,80,233.66812752430383,26.717297924373007,engine
Altair,80,297.70062588964595,8.874114085893755,engine
Antares,80,247.34793249353456,-26.431985467806317,engine
Arcturus,80,213.9013278954614,19.170015346496005,engine
Ascendant,80,317.06359223052186,-16.451103890887246,engine
Bellatrix,80,81.28515674907011,6.351236214985645,engine
Betelgeuse,80,88.79496999678129,7.408651739840105,engine
Capella,80,79.1769045403431,45.99304467864492,engine
Castor,80,113.64730713266597,31.886272324262293,engine
Ceres,80,109.80542171045731,23.374477731758606,engine
Chiron,80,26.601502371764738,11.158285172059497,engine
Deneb Algedi,80,326.7655431759134,-16.1285799755442,engine
Eris,80,27.088191585565603,-0.07984126882698353,tno-rate
Fomalhaut,80,344.42045808501723,-29.623075936001573,engine
Gonggong,80,337.3121093708111,-10.272858865762645,tno-rate
Haumea,80,220.16832184868287,13.566889240599716,tno-rate
Juno,80,297.6308645341664,-13.136896699188142,engine
Jupiter,80,143.4684794175399,15.126484709167453,engine
Ketu,80,150.66857686548173,11.98869583561855,engine
Makemake,80,201.73083302622206,19.73863634793671,tno-rate
Mars,80,129.54144322960505,19.70786604040182,engine
Mercury,80,218.5837979600292,-18.03336279692708,engine
Midheaven,80,248.65440419149928,-21.986023660371302,engine
Moon,80,193.42499012430576,-10.874152236736132,engine
Neptune,80,2.604726579570993,-0.41907530488385747,engine
Orcus,80,161.29191969017313,-13.605020969331065,tno-rate
Pallas,80,19.83561915492222,-15.0882692676101,engine
Part_of_Fortune,80,314.8540923852661,-20.659739673652304,engine
Part_of_Spirit,80,319.27309207577764,-12.242468108122189,engine
Pleiades,80,56.875843357151425,24.10546070301735,engine
Pluto,80,306.0474217394465,-23.725095487046538,engine
Polaris,80,38.365156391427114,89.2623170843564,engine
Procyon,80,114.81970077146833,5.218941906460934,engine
Quaoar,80,280.5852465578596,-15.097110520878376,tno-rate
Rahu,80,330.6685768654817,-11.98869583561855,engine
Regulus,80,152.0874144277554,11.968569944837721,engine
Rigel,80,78.63715385985148,-8.198855436638308,engine
Saturn,80,10.665300133294023,1.6378041024573957,engine
Sedna,80,62.29288287581522,8.846043753532468,tno-rate
Sirius,80,101.28375642082035,-16.721664665821265,engine
Spica,80,201.29260523991965,-11.159477773016851,engine
Sun,80,195.63448996956154,-6.665516453971075,engine
Transpluto,80,156.5425213683758,9.78952024195913,engine
Uranus,80,63.039236584326304,20.969236710220805,engine
Vega,80,279.23548317389776,38.79073330850544,engine
Venus,80,212.06249857250234,-21.014919626203984,engine
Vertex,80,164.03499607836446,6.7995440892259555,engine
Vesta,80,23.159272292235578,-3.1258400665242347,engine
Aldebaran,81,68.98417976763618,16.508821905849956,engine
Algol,81,47.04837980163578,40.9556447564301,engine
Algorab,81,187.45907013981673,-16.514098579777876,engine
Alkaid,81,206.8758125303104,49.31511271965684,engine
Alphecca,81,233.66812740642462,26.717297998145952,engine
Altair,81,297.7006260074591,8.87411410448395,engine
Antares,81,247.34793242684694,-26.43198556440068,engine
Arcturus,81,213.90132772532692,19.17001538172671,engine
Ascendant,81,317.50603180964146,-16.321406789044893,engine
Bellatrix,81,81.28515675884441,6.351236183704891,engine
Betelgeuse,81,88.79496997898984,7.408651704835983,engine
Capella,81,79.17690456530039,45.99304452289083,engine
Castor,81,113.64730701055733,31.886272221282837,engine
Ceres,81,109.80560331828484,23.374490432226178,engine
Chiron,81,26.601473036132106,11.158273128277843,engine
Deneb Algedi,81,326.7655433695734,-16.128580010173025,engine
Eris,81,27.088185281975736,-0.07984356003966661,tno-rate
Fomalhaut,81,344.4204583221294,-29.62307596036755,engine
Gonggong,81,337.31210407655374,-10.272860522587143,tno-rate
Haumea,81,220.16833524295657,13.56688234128367,tno-rate
Juno,81,297.6309794990653,-13.136944032680166,engine
Jupiter,81,143.46859204804485,15.126449838904351,engine
Ketu,81,150.66849291423375,11.988726192281378,engine
Makemake,81,201.7308468850005,19.73863037539983,tno-rate
Mars,81,129.54184950169855,19.707778131708597,engine
Mercury,81,218.58450486971753,-18.03364572582672,engine
Midheaven,81,248.90489501820198,-22.019810374966617,engine
Moon,81,193.43178009907027,-10.87775089085481,engine
Neptune,81,2.6047098832999405,-0.41908259517302204,engine
Orcus,81,161.29193230129655,-13.605028760956982,tno-rate
Pallas,81,19.835486511041363,-15.088446162780563,engine
Part_of_Fortune,81,315.30268764242817,-20.53337887010582,engine
Part_of_Spirit,81,319.70937597685474,-12.109434707983967,engine
Pleiades,81,56.875843461438414,24.105460619446163,engine
Pluto,81,306.0474197900458,-23.725095598307202,engine
Polaris,81,38.365167995724455,89.26231693789494,engine
Procyon,81,114.81970066344148,5.218941881139203,engine
Quaoar,81,280.5852505082396,-15.097112476631938,tno-rate
Rahu,81,330.66849291423375,-11.988726192281378,engine
Regulus,81,152.08741422933576,11.96856992061568,engine
Rigel,81,78.63715387942457,-8.198855415061406,engine
Saturn,81,10.665250893540575,1.6377831717181293,engine
Sedna,81,62.292878731884166,8.846041699520509,tno-rate
Sirius,81,101.28375635530924,-16.72166461766053,engine
Spica,81,201.29260505159667,-11.159477801119388,engine
Sun,81,195.63512426628358,-6.665778809793883,engine
Transpluto,81,156.5425268236799,9.789518139266228,engine
Uranus,81,63.03921946719202,20.96923367561911,engine
Vega,81,279.2354832448687,38.79073342828539,engine
Venus,81,212.06227646561697,-21.014853167992012,engine
Vertex,81,164.22304144151562,6.722224404593594,engine
Vesta,81,23.159110761655647,-3.1259037264136453,engine
Aldebaran,82,68.98417982502285,16.50882184044697,engine
Algol,82,47.048379969107636,40.9556446408703,engine
Algorab,82,187.45906992685727,-16.514098600934116,engine
Alkaid,82,206.8758122598189,49.31511279992849,engine
Alphecca,82,233.66812728739953,26.717298071794765,engine
Altair,82,297.7006261245633,8.874114123199359,engine
Antares,82,247.34793235897445,-26.431985660979453,engine
Arcturus,82,213.901327554273,19.170015416759153,engine
Ascendant,82,317.95039945448644,-16.19004250761126,engine
Bellatrix,82,81.28515676966212,6.3512361524013805,engine
Betelgeuse,82,88.7949699622054,7.408651669787734,engine
Capella,82,79.17690459176129,45.99304436700335,engine
Castor,82,113.6473068893379,31.88627211791128,engine
Ceres,82,109.80578493350639,23.374503136264167,engine
Chiron,82,26.601443700038743,11.158261084837907,engine
Deneb Algedi,82,326.76554356299926,-16.12858004508788,engine
Eris,82,27.08817897838587,-0.07984585125234968,tno-rate
Fomalhaut,82,344.42045855935686,-29.623075985253884,engine
Gonggong,82,337.3120987822964,-10.27286217941164,tno-rate
Haumea,82,220.16834863723025,13.566875441967621,tno-rate
Juno,82,297.6310944559479,-13.13699136346407,engine
Jupiter,82,143.4687046830598,15.126414968941875,engine
Ketu,82,150.66840894885956,11.988756554020405,engine
Makemake,82,201.73086074377892,19.738624402862946,tno-rate
Mars,82,129.54225578962408,19.707690225229786,engine
Mercury,82,218.58521177751646,-18.033928636263678,engine
Midheaven,82,249.15538767401137,-22.0532007665649,engine
Moon,82,193.43857928980486,-10.881347952578086,engine
Neptune,82,2.604693186599385,-0.41908988543118747,engine
Orcus,82,161.29194491241995,-13.605036552582899,tno-rate
Pallas,82,19.835353854776507,-15.08862305920759,engine
Part_of_Fortune,82,315.75322015751067,-20.405349297482854,engine
Part_of_Spirit,82,320.1475787514622,-11.974735717739666,engine
Pleiades,82,56.87584356686221,24.10546053596804,engine
Pluto,82,306.04741783949817,-23.72509570968558,engine
Polaris,82,38.3651796709526,89.26231679197419,engine
Procyon,82,114.81970055615733,5.218941855750481,engine
Quaoar,82,280.5852544586196,-15.097114432385501,tno-rate
Rahu,82,330.66840894885956,-11.988756554020405,engine
Regulus,82,152.0874140310466,11.968569896177346,engine
Rigel,82,78.63715390005483,-8.198855393456926,engine
Saturn,82,10.665201651484258,1.6377622411459354,engine
Sedna,82,62.292874587953115,8.846039645508549,tno-rate
Sirius,82,101.283756290735,-16.721664569334514,engine
Spica,82,201.29260486254572,-11.159477829068086,engine
Sun,82,195.63575858678067,-6.666041162706491,engine
Transpluto,82,156.54253227892718,9.789516036596284,engine
Uranus,82,63.039202350656815,20.969230641551597,engine
Vega,82,279.23548331466327,38.790733548401946,engine
Venus,82,212.06205440331973,-21.014786670180758,engine
Vertex,82,164.41104776323195,6.644824429200759,engine
Vesta,82,23.158949217186407,-3.1259673860729773,engine
Aldebaran,83,68.98417988351649,16.508821775047515,engine
Algol,83,47.048380137880685,40.955644525575046,engine
Algorab,83,187.4590697133745,-16.514098621822317,engine
Alkaid,83,206.87581198812447,49.31511287965923,engine
Alphecca,83,233.66812716722976,26.71729814531745,engine
Altair,83,297.7006262409551,8.874114142039517,engine
Antares,83,247.34793228991728,-26.431985757540563,engine
Arcturus,83,213.9013273823025,19.170015451592114,engine
Ascendant,83,318.3966958809605,-16.057001706817918,engine
Bellatrix,83,81.28515678152425,6.351236121075617,engine
Betelgeuse,83,88.79496994642955,7.408651634695929,engine
Capella,83,79.17690461972698,45.99304421098579,engine
Castor,83,113.64730676901148,31.886272014149352,engine
Ceres,83,109.80596655596413,23.374515843881785,engine
Chiron,83,26.601414363475907,11.158249041739376,engine
Deneb Algedi,83,326.7655437561863,-16.12858008028846,engine
Eris,83,27.088172674796006,-0.07984814246503275,tno-rate
Fomalhaut,83,344.42045879669445,-29.623076010660775,engine
Gonggong,83,337.312093488039,-10.272863836236137,tno-rate
Haumea,83,220.16836203150396,13.566868542651575,tno-rate
Juno,83,297.63120940474295,-13.137038691531238,engine
Jupiter,83,143.46881732251754,15.126380099305933,engine
Ketu,83,150.66832496936257,11.988786920834396,engine
Makemake,83,201.73087460255732,19.738618430326067,tno-rate
Mars,83,129.54266209317083,19.70760232102919,engine
Mercury,83,218.58591868367645,-18.034211528399382,engine
Midheaven,83,249.40588217268544,-22.086194717586043,engine
Moon,83,193.44538739908447,-10.88494329466624,engine
Neptune,83,2.60467648945791,-0.41909717566055443,engine
Orcus,83,161.29195752354335,-13.605044344208816,tno-rate
Pallas,83,19.835221186373065,-15.088799956931954,engine
Part_of_Fortune,83,316.20569034891236,-20.275641488763732,engine
Part_of_Spirit,83,320.5877014130087,-11.838361924872103,engine
Pleiades,83,56.87584367342175,24.10546045258482,engine
Pluto,83,306.0474158877968,-23.725095821179192,engine
Polaris,83,38.36519141692721,89.26231664659815,engine
Procyon,83,114.81970044961923,5.218941830295067,engine
Quaoar,83,280.58525840899955,-15.097116388139062,tno-rate
Rahu,83,330.6683249693626,-11.988786920834396,engine
Regulus,83,152.08741383289265,11.968569871522844,engine
Rigel,83,78.63715392174302,-8.198855371825525,engine
Saturn,83,10.665152407129632,1.6377413107472758,engine
Sedna,83,62.29287044402206,8.846037591496591,tno-rate
Sirius,83,101.28375622710021,-16.721664520844357,engine
Spica,83,201.29260467277027,-11.159477856862333,engine
Sun,83,195.63639293113263,-6.666303512720425,engine
Transpluto,83,156.54253773411745,9.789513933949358,engine
Uranus,83,63.03918523471292,20.96922760801967,engine
Vega,83,279.2354833832784,38.790733668852596,engine
Venus,83,212.06183238597816,-21.014720132860862,engine
Vertex,83,164.59901552247015,6.567345061690547,engine
Vesta,83,23.158787658587894,-3.1260310455750306,engine
Aldebaran,84,68.98417994311704,16.50882170965292,engine
Algol,84,47.048380307952584,40.95564441054716,engine
Algorab,84,187.45906949937265,-16.514098642441823,engine
Alkaid,84,206.875811715232,49.31511295884643,engine
Alphecca,84,233.6681270459168,26.717298218711964,engine
Altair,84,297.7006263566308,8.874114161003947,engine
Antares,84,247.34793221967567,-26.431985854081937,engine
Arcturus,84,213.90132720941824,19.170015486224333,engine
Ascendant,84,318.84492136818227,-15.922275374869036,engine
Bellatrix,84,81.28515679443177,6.351236089728107,engine
Betelgeuse,84,88.79496993166381,7.4086515995611295,engine
Capella,84,79.17690464919859,45.99304405484147,engine
Castor,84,113.64730664958194,31.886271909998833,engine
Ceres,84,109.80614818549992,23.374528555088162,engine
Chiron,84,26.601385026434816,11.158236998981918,engine
Deneb Algedi,84,326.76554394912984,-16.128580115774497,engine
Eris,84,27.08816637120614,-0.07985043367771581,tno-rate
Fomalhaut,84,344.42045903413674,-29.62307603658843,engine
Gonggong,84,337.3120881937817,-10.272865493060634,tno-rate
Haumea,84,220.16837542577764,13.566861643335528,tno-rate
Juno,84,297.63132434569906,-13.137086016868015,engine
Jupiter,84,143.46892996648222,15.126345229982233,engine
Ketu,84,150.66824097580235,11.988817292701789,engine
Makemake,84,201.73088846133575,19.738612457789184,tno-rate
Mars,84,129.54306841264838,19.70751441905097,engine
Mercury,84,218.5866255882414,-18.034494402179256,engine
Midheaven,84,249.65637852877222,-22.118792113605856,engine
Moon,84,193.4522046135569,-10.888536990152117,engine
Neptune,84,2.6046597918749,-0.4191044658589024,engine
Orcus,84,161.29197013466677,-13.605052135834734,tno-rate
Pallas,84,19.835088505632907,-15.088976855914208,engine
Part_of_Fortune,84,316.6600986823202,-20.144246505173868,engine
Part_of_Spirit,84,321.02974405404433,-11.700304244564206,engine
Pleiades,84,56.875843781115925,24.105460369298374,engine
Pluto,84,306.04741393494425,-23.72509593278607,engine
Polaris,84,38.365203233462545,89.2623165017708,engine
Procyon,84,114.81970034383049,5.218941804773263,engine
Quaoar,84,280.58526235937956,-15.097118343892625,tno-rate
Rahu,84,330.66824097580235,-11.988817292701789,engine
Regulus,84,152.08741363487857,11.96856984665229,engine
Rigel,84,78.63715394448991,-8.198855350167852,engine
Saturn,84,10.665103160464847,1.6377203805218121,engine
Sedna,84,62.292866300091006,8.846035537484632,tno-rate
Sirius,84,101.28375616440742,-16.72166447219118,engine
Spica,84,201.2926044822739,-11.159477884501522,engine
Sun,84,195.63702729941895,-6.666565859847287,engine
Transpluto,84,156.54254318925086,9.789511831325385,engine
Uranus,84,63.039168119352546,20.969224575024693,engine
Vega,84,279.235483450711,38.79073378963481,engine
Venus,84,212.0616104123493,-21.01465355565488,engine
Vertex,84,164.78694519799325,6.489787202295145,engine
Vesta,84,23.158626085620085,-3.1260947049926204,engine
Aldebaran,85,68.98418000382452,16.508821644264476,engine
Algol,85,47.048380479321075,40.955644295789355,engine
Algorab,85,187.4590692848559,-16.514098662792055,engine
Alkaid,85,206.87581144114608,49.31511303748756,engine
Alphecca,85,233.66812692346193,26.717298291976398,engine
Altair,85,297.70062647158704,8.874114180092183,engine
Antares,85,247.34793214824967,-26.43198595060156,engine
Arcturus,85,213.90132703562298,19.170015520654605,engine
Ascendant,85,319.29507604728894,-15.78585475406905,engine
Bellatrix,85,81.28515680838562,6.351236058359341,engine
Betelgeuse,85,88.79496991790978,7.40865156438389,engine
Capella,85,79.17690468017724,45.993043898573546,engine
Castor,85,113.647306531053,31.886271805461437,engine
Ceres,85,109.80632982243449,23.374541269917014,engine
Chiron,85,26.601355688887075,11.158224956557135,engine
Deneb Algedi,85,326.76554414182516,-16.12858015154572,engine
Eris,85,27.088160067612044,-0.07985272489193526,tno-rate
Fomalhaut,85,344.42045927167857,-29.623076063037043,engine
Gonggong,85,337.31208289952076,-10.272867149886242,tno-rate
Haumea,85,220.16838882006033,13.566854744014854,tno-rate
Juno,85,297.63143927882254,-13.137133339497586,engine
Jupiter,85,143.46904261496195,15.126310360973307,engine
Ketu,85,150.66815696801314,11.988847669682494,engine
Makemake,85,201.73090232012348,19.738606485248297,tno-rate
Mars,85,129.543474747944,19.70742651933972,engine
Mercury,85,218.58733249172892,-18.034777257738483,engine
Midheaven,85,249.90687692419243,-22.150992864566447,engine
Moon,85,193.45903112416272,-10.892129114433407,engine
Neptune,85,2.6046430938304623,-0.41911175603221207,engine
Orcus,85,161.29198274579863,-13.605059927465875,tno-rate
Pallas,85,19.834955812269264,-15.089153756233491,engine
Part_of_Fortune,85,317.11644547930763,-20.011155664227843,engine
Part_of_Spirit,85,321.47370661527026,-11.560553843910254,engine
Pleiades,85,56.875843889943695,24.105460286110503,engine
Pluto,85,306.0474119809348,-23.7250960445039,engine
Polaris,85,38.36521512037948,89.26231635749602,engine
Procyon,85,114.81970023879433,5.218941779185354,engine
Quaoar,85,280.58526630976223,-15.097120299647498,tno-rate
Rahu,85,330.66815696801314,-11.988847669682494,engine
Regulus,85,152.08741343700893,11.968569821565819,engine
Rigel,85,78.63715396829625,-8.198855328484536,engine
Saturn,85,10.665053911445092,1.6376994504551803,engine
Sedna,85,62.29286215615717,8.846033483471293,tno-rate
Sirius,85,101.28375610265917,-16.72166442337609,engine
Spica,85,201.29260429106,-11.159477911985071,engine
Sun,85,195.63766169214404,-6.666828204274612,engine
Transpluto,85,156.54254864433108,9.789509728722942,engine
Uranus,85,63.03915100455641,20.969221542566018,engine
Vega,85,279.23548351695837,38.79073391074614,engine
Venus,85,212.06138848586897,-21.014586939547133,engine
Vertex,85,164.9748373933203,6.4121517011657465,engine
Vesta,85,23.158464498465275,-3.1261583642137474,engine
Aldebaran,86,68.98418006563877,16.508821578883584,engine
Algol,86,47.04838065198356,40.955644181304606,engine
Algorab,86,187.45906906982881,-16.514098682872365,engine
Alkaid,86,206.87581116587197,49.315113115579955,engine
Alphecca,86,233.66812679986685,26.717298365108622,engine
Altair,86,297.70062658582026,8.874114199303735,engine
Antares,86,247.34793207563965,-26.431986047097254,engine
Arcturus,86,213.90132686091985,19.17001555488167,engine
Ascendant,86,319.74715868480126,-15.647731724650697,engine
Bellatrix,86,81.2851568233867,6.351236026969867,engine
Betelgeuse,86,88.79496990516895,7.4086515291648185,engine
Capella,86,79.17690471266401,45.993043742185534,engine
Castor,86,113.64730641342858,31.886271700539027,engine
Ceres,86,109.80651146636588,23.37455398836031,engine
Chiron,86,26.6013263508633,11.158212914480831,engine
Deneb Algedi,86,326.7655443342674,-16.128580187601788,engine
Eris,86,27.088153764022177,-0.07985501610461833,tno-rate
Fomalhaut,86,344.4204595093143,-29.623076090006766,engine
Gonggong,86,337.3120776052634,-10.27286880671074,tno-rate
Haumea,86,220.168402214334,13.566847844698808,tno-rate
Juno,86,297.6315542038887,-13.137180659347969,engine
Jupiter,86,143.46915526786964,15.126275492311569,engine
Ketu,86,150.6680729461675,11.988878051714112,engine
Makemake,86,201.7309161789019,19.738600512711418,tno-rate
Mars,86,129.54388109882177,19.70733862195738,engine
Mercury,86,218.58803939344068,-18.035060094859578,engine
Midheaven,86,250.15737703818297,-22.182796818845066,engine
Moon,86,193.46586662384064,-10.895719535586608,engine
Neptune,86,2.6046263953383013,-0.41911904617180296,engine
Orcus,86,161.29199535692203,-13.605067719091792,tno-rate
Pallas,86,19.834823106706146,-15.089330657693155,engine
Part_of_Fortune,86,317.5747292001063,-19.876360714575096,engine
Part_of_Spirit,86,321.91958816949625,-11.419102734726298,engine
Pleiades,86,56.87584399990376,24.105460203023164,engine
Pluto,86,306.0474100257666,-23.72509615633017,engine
Polaris,86,38.3652270774737,89.26231621377796,engine
Procyon,86,114.81970013451425,5.218941753531672,engine
Quaoar,86,280.58527026014224,-15.09712225540106,tno-rate
Rahu,86,330.6680729461675,-11.988878051714112,engine
Regulus,86,152.08741323928874,11.968569796263578,engine
Rigel,86,78.63715399316273,-8.198855306776265,engine
Saturn,86,10.665004660124707,1.6376785205751236,engine
Sedna,86,62.29285801222612,8.846031429459336,tno-rate
Sirius,86,101.28375604185804,-16.72166437440028,engine
Spica,86,201.29260409913232,-11.159477939312353,engine
Sun,86,195.63829610853566,-6.66709054566221,engine
Transpluto,86,156.5425540993506,9.789507626144966,engine
Uranus,86,63.03913389033962,20.96921851064903,engine
Vega,86,279.2354835820174,38.790734032183906,engine
Venus,86,212.0611666055889,-21.014520284250366,engine
Vertex,86,165.16269233417339,6.33443956607555,engine
Vesta,86,23.158302897100743,-3.12622202322584,engine
Aldebaran,87,68.98418012855974,16.508821513511514,engine
Algol,87,47.04838082593774,40.95564406709567,engine
Algorab,87,187.4590688542956,-16.514098702682144,engine
Alkaid,87,206.87581088941437,49.31511319312109,engine
Alphecca,87,233.66812667513287,26.71729843810669,engine
Altair,87,297.7006266993269,8.874114218638123,engine
Antares,87,247.34793200184578,-26.431986143567006,engine
Arcturus,87,213.9013266853116,19.170015588904295,engine
Ascendant,87,320.2011684758838,-15.507898276055867,engine
Bellatrix,87,81.28515683943594,6.3512359955601685,engine
Betelgeuse,87,88.79496989344285,7.408651493904474,engine
Capella,87,79.17690474665994,45.99304358568066,engine
Castor,87,113.64730629671242,31.88627159523338,engine
Ceres,87,109.80669311737631,23.374566710440906,engine
Chiron,87,26.601297012330157,11.158200872743398,engine
Deneb Algedi,87,326.765544526452,-16.128580223942418,engine
Eris,87,27.088147460432314,-0.0798573073173014,tno-rate
Fomalhaut,87,344.4204597470388,-29.62307611749779,engine
Gonggong,87,337.31207231100603,-10.272870463535236,tno-rate
Haumea,87,220.16841560860772,13.566840945382761,tno-rate
Juno,87,297.6316691212238,-13.13722797643736,engine
Jupiter,87,143.4692679252132,15.126240623999609,engine
Ketu,87,150.66798891021222,11.988908438815853,engine
Makemake,87,201.7309300376803,19.738594540174535,tno-rate
Mars,87,129.54428746516834,19.70725072694847,engine
Mercury,87,218.58874629382507,-18.03534291360605,engine
Midheaven,87,250.40787905144612,-22.214203892275787,engine
Moon,87,193.47271146463333,-10.899308395814325,engine
Neptune,87,2.604609696386635,-0.41912633628033963,engine
Orcus,87,161.29200796804545,-13.605075510717711,tno-rate
Pallas,87,19.834690388509223,-15.089507560345467,engine
Part_of_Fortune,87,318.0349493914198,-19.739853787672473,engine
Part_of_Spirit,87,322.36738756034777,-11.275942764439261,engine
Pleiades,87,56.87584411099506,24.105460120038156,engine
Pluto,87,306.0474080694414,-23.725096268262966,engine
Polaris,87,38.365239104563365,89.26231607062049,engine
Procyon,87,114.81970003099343,5.218941727812512,engine
Quaoar,87,280.58527421052224,-15.097124211154622,tno-rate
Rahu,87,330.6679889102122,-11.988908438815853,engine
Regulus,87,152.08741304172256,11.968569770745692,engine
Rigel,87,78.63715401909005,-8.198855285043667,engine
Saturn,87,10.664955406458951,1.637657590867268,engine
Sedna,87,62.29285386829506,8.846029375447376,tno-rate
Sirius,87,101.28375598200651,-16.721664325264857,engine
Spica,87,201.29260390649438,-11.159477966482779,engine
Sun,87,195.63893054909732,-6.667352884197719,engine
Transpluto,87,156.54255955431327,9.789505523589884,engine
Uranus,87,63.039116776688694,20.969215479274133,engine
Vega,87,279.23548364588515,38.79073415394565,engine
Venus,87,212.06094477172363,-21.01445358981291,engine
Vertex,87,165.35051062167707,6.256651651193287,engine
Vesta,87,23.158141281355746,-3.1262856820685068,engine
Aldebaran,88,68.9841801925873,16.50882144814961,engine
Algol,88,47.048381001181184,40.95564395316531,engine
Algorab,88,187.45906863826045,-16.5140987222208,engine
Alkaid,88,206.87581061177815,49.31511327010841,engine
Alphecca,88,233.66812654926153,26.717298510968597,engine
Altair,88,297.7006268121037,8.874114238094878,engine
Antares,88,247.34793192686837,-26.431986240008726,engine
Arcturus,88,213.90132650880116,19.17001562272127,engine
Ascendant,88,320.657103837084,-15.366346887050568,engine
Bellatrix,88,81.28515685653424,6.351235964130759,engine
Betelgeuse,88,88.79496988273293,7.408651458603419,engine
Capella,88,79.17690478216609,45.99304342906218,engine
Castor,88,113.64730618090822,31.886271489546232,engine
Ceres,88,109.80687477530708,23.374579436167654,engine
Chiron,88,26.601267673288817,11.158188831346875,engine
Deneb Algedi,88,326.7655447183742,-16.128580260567304,engine
Eris,88,27.088141156842447,-0.07985959852998446,tno-rate
Fomalhaut,88,344.42045998484673,-29.62307614551027,engine
Gonggong,88,337.3120670167487,-10.272872120359734,tno-rate
Haumea,88,220.1684290028814,13.566834046066715,tno-rate
Juno,88,297.63178403065126,-13.137275290758994,engine
Jupiter,88,143.46938058705624,15.12620575602307,engine
Ketu,88,150.66790486020716,11.98893883096607,engine
Makemake,88,201.73094389645874,19.738588567637656,tno-rate
Mars,88,129.544693847292,19.707162834256902,engine
Mercury,88,218.589453193131,-18.035625714139993,engine
Midheaven,88,250.65838297981853,-22.245213982154336,engine
Moon,88,193.47956534822978,-10.902895568063146,engine
Neptune,88,2.6045929969641017,-0.41913362636002266,engine
Orcus,88,161.29202057916885,-13.605083302343628,tno-rate
Pallas,88,19.834557657925124,-15.089684464230988,engine
Part_of_Fortune,88,318.49710417140705,-19.601627235220846,engine
Part_of_Spirit,88,322.8171035027609,-11.131066538880292,engine
Pleiades,88,56.87584422321636,24.10546003715733,engine
Pluto,88,306.0474061119546,-23.725096380299906,engine
Polaris,88,38.36525120145742,89.26231592802752,engine
Procyon,88,114.8196999282351,5.2189417020281725,engine
Quaoar,88,280.58527816090225,-15.097126166908184,tno-rate
Rahu,88,330.66790486020716,-11.98893883096607,engine
Regulus,88,152.0874128443151,11.968569745012308,engine
Rigel,88,78.63715404607889,-8.198855263287404,engine
Saturn,88,10.664906150436178,1.637636661331276,engine
Sedna,88,62.29284972436401,8.846027321435416,tno-rate
Sirius,88,101.28375592310708,-16.721664275970973,engine
Spica,88,201.2926037131497,-11.159477993495761,engine
Sun,88,195.6395650139067,-6.66761521989287,engine
Transpluto,88,156.54256500921903,9.789503421057827,engine
Uranus,88,63.03909966358417,20.9692124484405,engine
Vega,88,279.2354837085589,38.7907342760288,engine
Venus,88,212.06072298463457,-21.014386856327867,engine
Vertex,88,165.53829273254686,6.1787888635264805,engine
Vesta,88,23.15797965099156,-3.126349340814485,engine
Aldebaran,89,68.98418025772133,16.50882138279918,engine
Algol,89,47.04838117771142,40.955643839516334,engine
Algorab,89,187.4590684217278,-16.514098741487715,engine
Alkaid,89,206.87581033296823,49.315113346539384,engine
Alphecca,89,233.66812642225435,26.71729858369236,engine
Altair,89,297.70062692414706,8.87411425767351,engine
Antares,89,247.3479318507077,-26.431986336420376,engine
Arcturus,89,213.90132633139154,19.170015656331387,engine
Ascendant,89,321.1149626854436,-15.2230704569107,engine
Bellatrix,89,81.28515687468246,6.351235932682145,engine
Betelgeuse,89,88.79496987304066,7.408651423262233,engine
Capella,89,79.17690481918345,45.99304327233343,engine
Castor,89,113.64730606601972,31.88627138347941,engine
Ceres,89,109.80705644035632,23.374592165565527,engine
Chiron,89,26.60123833372559,11.1581767902897,engine
Deneb Algedi,89,326.76554491002935,-16.12858029747613,engine
Eris,89,27.08813485325258,-0.07986188974266754,tno-rate
Fomalhaut,89,344.42046022273274,-29.623076174044357,engine
Gonggong,89,337.31206172249136,-10.27287377718423,tno-rate
Haumea,89,220.1684423971551,13.566827146750667,tno-rate
Juno,89,297.6318989324205,-13.13732260229941,engine
Jupiter,89,143.46949325333108,15.126170888407863,engine
Ketu,89,150.6678207960427,11.988969228204407,engine
Makemake,89,201.73095775523717,19.738582595100777,tno-rate
Mars,89,129.54510024497986,19.707074943946168,engine
Mercury,89,218.59016009140117,-18.035908496407608,engine
Midheaven,89,250.90888883619863,-22.275826988143073,engine
Moon,89,193.4864284604033,-10.906481125474322,engine
Neptune,89,2.6045762970701283,-0.4191409164086306,engine
Orcus,89,161.29203319029227,-13.605091093969545,tno-rate
Pallas,89,19.834424914608945,-15.089861369283229,engine
Part_of_Fortune,89,318.96119164280583,-19.461674029625538,engine
Part_of_Spirit,89,323.2687337280813,-10.98446688419586,engine
Pleiades,89,56.8758443365665,24.105459954382525,engine
Pluto,89,306.0474041533019,-23.725096492438613,engine
Polaris,89,38.365263367963365,89.262315786003,engine
Procyon,89,114.81969982624256,5.218941676178961,engine
Quaoar,89,280.58528211128225,-15.097128122661745,tno-rate
Rahu,89,330.6678207960427,-11.988969228204407,engine
Regulus,89,152.08741264707106,11.96856971906357,engine
Rigel,89,78.63715407412991,-8.19885524150812,engine
Saturn,89,10.664856892061255,1.6376157319736036,engine
Sedna,89,62.29284558043295,8.846025267423457,tno-rate
Sirius,89,101.28375586516222,-16.72166422651977,engine
Spica,89,201.2926035191019,-11.159478020350704,engine
Sun,89,195.64019950304106,-6.667877552759483,engine
Transpluto,89,156.5425704640679,9.789501318548764,engine
Uranus,89,63.03908255102392,20.96920941815053,engine
Vega,89,279.2354837700357,38.790734398430835,engine
Venus,89,212.06050124468234,-21.014320083889135,engine
Vertex,89,165.72603914057473,6.100852112748647,engine
Vesta,89,23.15781800629963,-3.126412999309053,engine
Aldebaran,90,68.98418032396165,16.50882131746156,engine
Algol,90,47.048381355526,40.95564372615153,engine
Algorab,90,187.45906820470194,-16.51409876048232,engine
Alkaid,90,206.8758100529896,49.31511342241144,engine
Alphecca,90,233.6681262941128,26.71729865627599,engine
Altair,90,297.7006270354536,8.874114277373529,engine
Antares,90,247.34793177336405,-26.431986432799878,engine
Arcturus,90,213.90132615308565,19.1700156897334,engine
Ascendant,90,321.5747424341438,-15.078062322361786,engine
Bellatrix,90,81.28515689388144,6.351235901214834,engine
Betelgeuse,90,88.7949698643675,7.4086513878814895,engine
Capella,90,79.17690485771296,45.99304311549773,engine
Castor,90,113.6473059520507,31.886271277034712,engine
Ceres,90,109.80723811236501,23.374604898643266,engine
Chiron,90,26.60120899363182,11.15816474957151,engine
Deneb Algedi,90,326.76554510141267,-16.12858033466859,engine
Eris,90,27.088128549662713,-0.07986418095535061,tno-rate
Fomalhaut,90,344.4204604606915,-29.62307620310021,engine
Gonggong,90,337.312056428234,-10.272875434008728,tno-rate
Haumea,90,220.16845579142878,13.56682024743462,tno-rate
Juno,90,297.6320138263555,-13.137369911051906,engine
Jupiter,90,143.4696059241012,15.12613602113968,engine
Ketu,90,150.66773671777867,11.988999630509166,engine
Makemake,90,201.7309716140156,19.738576622563894,tno-rate
Mars,90,129.54550665801884,19.706987056079697,engine
Mercury,90,218.5908669886779,-18.036191260355153,engine
Midheaven,90,251.15939663426877,-22.306042812678964,engine
Moon,90,193.49330098666422,-10.910065141174163,engine
Neptune,90,2.604559596696074,-0.4191482064272551,engine
Orcus,90,161.29204580141567,-13.605098885595464,tno-rate
Pallas,90,19.83429215880766,-15.090038275542604,engine
Part_of_Fortune,90,319.4272094042308,-19.319987580726583,engine
Part_of_Spirit,90,323.7222754640568,-10.836137063996992,engine
Pleiades,90,56.875844451044244,24.105459871715592,engine
Pluto,90,306.04740219348616,-23.725096604677084,engine
Polaris,90,38.365275603887454,89.26231564455084,engine
Procyon,90,114.81969972501903,5.2189416502651875,engine
Quaoar,90,280.5852860616622,-15.097130078415308,tno-rate
Rahu,90,330.66773671777867,-11.988999630509166,engine
Regulus,90,152.08741244999504,11.96856969289963,engine
Rigel,90,78.63715410324377,-8.198855219706473,engine
Saturn,90,10.664807631289717,1.6375948027803255,engine
Sedna,90,62.2928414365019,8.846023213411497,tno-rate
Sirius,90,101.28375580817439,-16.7216641769124,engine
Spica,90,201.29260332435456,-11.159478047047026,engine
Sun,90,195.6408340165772,-6.668139882809369,engine
Transpluto,90,156.54257591885982,9.789499216062639,engine
Uranus,90,63.0390654390001,20.969206388405528,engine
Vega,90,279.2354838303127,38.79073452114918,engine
Venus,90,212.06027955061646,-21.014253272122275,engine
Vertex,90,165.91375031943315,6.022842310027069,engine
Vesta,90,23.15765634704176,-3.1264766576249348,engine
Aldebaran,91,68.98418039130812,16.508821252138063,engine
Algol,91,47.0483815346224,40.95564361307369,engine
Algorab,91,187.4590679871872,-16.51409877920399,engine
Alkaid,91,206.8758097718472,49.31511349772213,engine
Alphecca,91,233.66812616483847,26.7172987287175,engine
Altair,91,297.7006271460199,8.874114297194456,engine
Antares,91,247.34793169483783,-26.43198652914515,engine
Arcturus,91,213.90132597388643,19.17001572292613,engine
Ascendant,91,322.0364399780786,-14.931316277920757,engine
Bellatrix,91,81.285156914132,6.351235869729339,engine
Betelgeuse,91,88.79496985671486,7.408651352461755,engine
Capella,91,79.17690489775559,45.99304295855837,engine
Castor,91,113.64730583900479,31.886271170213924,engine
Ceres,91,109.80741979117384,23.374617635409567,engine
Chiron,91,26.60117965299879,11.158152709191928,engine
Deneb Algedi,91,326.76554529251956,-16.128580372144352,engine
Eris,91,27.08812224607285,-0.07986647216803368,tno-rate
Fomalhaut,91,344.4204606987177,-29.623076232677928,engine
Gonggong,91,337.31205113397664,-10.272877090833225,tno-rate
Haumea,91,220.1684691857025,13.566813348118574,tno-rate
Juno,91,297.632128712706,-13.137417217003101,engine
Jupiter,91,143.4697185993314,15.126101154234345,engine
Ketu,91,150.66765262541838,11.989030037879148,engine
Makemake,91,201.73098547279403,19.738570650027015,tno-rate
Mars,91,129.54591308671613,19.70689917060126,engine
Mercury,91,218.59157388520939,-18.036474006145195,engine
Midheaven,91,251.4099063866326,-22.335861360686703,engine
Moon,91,193.5001826282454,-10.913647488244685,engine
Neptune,91,2.604542895833302,-0.4191554964169919,engine
Orcus,91,161.29205841253906,-13.60510667722138,tno-rate
Pallas,91,19.83415939017693,-15.090215182942538,engine
Part_of_Fortune,91,319.89515405173256,-19.17656155611105,engine
Part_of_Spirit,91,324.1777259044246,-10.686070999730465,engine
Pleiades,91,56.87584456664831,24.10545978915837,engine
Pluto,91,306.0474002325032,-23.725096717012924,engine
Polaris,91,38.36528790903454,89.26231550367497,engine
Procyon,91,114.81969962456775,5.218941624287166,engine
Quaoar,91,280.5852900120422,-15.097132034168869,tno-rate
Rahu,91,330.6676526254184,-11.989030037879148,engine
Regulus,91,152.0874122530919,11.968569666520642,engine
Rigel,91,78.63715413342106,-8.198855197883109,engine
Saturn,91,10.664758368126549,1.637573873757901,engine
Sedna,91,62.292837292570844,8.846021159399537,tno-rate
Sirius,91,101.28375575214604,-16.721664127150007,engine
Spica,91,201.2926031289113,-11.159478073584134,engine
Sun,91,195.64146855459146,-6.668402210054392,engine
Transpluto,91,156.54258137359474,9.78949711359953,engine
Uranus,91,63.03904832750475,20.969203359206787,engine
Vega,91,279.2354838893872,38.79073464418129,engine
Venus,91,212.06005790601472,-21.014186422059712,engine
Vertex,91,166.1014267412916,5.944760368585895,engine
Vesta,91,23.157494672979908,-3.1265403158348133,engine
Aldebaran,92,68.9841804597605,16.50882118683001,engine
Algol,92,47.04838171499807,40.955643500285596,engine
Algorab,92,187.45906776918798,-16.514098797652174,engine
Alkaid,92,206.87580948954607,49.315113572468874,engine
Alphecca,92,233.668126034433,26.717298801014884,engine
Altair,92,297.7006272558426,8.874114317135794,engine
Antares,92,247.34793161512937,-26.431986625454144,engine
Arcturus,92,213.9013257937969,19.170015755908356,engine
Ascendant,92,322.50005168978953,-14.782826593229109,engine
Bellatrix,92,81.28515693543496,6.351235838226169,engine
Betelgeuse,92,88.79496985008414,7.408651317003614,engine
Capella,92,79.17690493931222,45.993042801518676,engine
Castor,92,113.64730572688569,31.886271063018903,engine
Ceres,92,109.80760147698051,23.374630375889183,engine
Chiron,92,26.601150311817825,11.158140669150583,engine
Deneb Algedi,92,326.7655454833453,-16.12858040990309,engine
Eris,92,27.088115942482982,-0.07986876338071675,tno-rate
Fomalhaut,92,344.42046093680597,-29.62307626277764,engine
Gonggong,92,337.3120458397193,-10.272878747657723,tno-rate
Haumea,92,220.16848257997617,13.566806448802527,tno-rate
Juno,92,297.63224359140287,-13.13746452014468,engine
Jupiter,92,143.4698312789865,15.12606628770772,engine
Ketu,92,150.66756851896537,11.989060450313099,engine
Makemake,92,201.73099933157243,19.73856467749013,tno-rate
Mars,92,129.54631953085797,19.706811287574155,engine
Mercury,92,218.59228078096862,-18.036756733652304,engine
Midheaven,92,251.6604181085366,-22.3652825399617,engine
Moon,92,193.50707373168603,-10.91722830655039,engine
Neptune,92,2.604526194481276,-0.4191627863756174,engine
Orcus,92,161.2920710236625,-13.605114468847297,tno-rate
Pallas,92,19.834026608964212,-15.09039209152334,engine
Part_of_Fortune,92,320.36502230431586,-19.031390365273033,engine
Part_of_Spirit,92,324.6350810752632,-10.534262821185184,engine
Pleiades,92,56.875844683377466,24.10545970671271,engine
Pluto,92,306.04739827034865,-23.725096829443764,engine
Polaris,92,38.36530028320826,89.26231536337926,engine
Procyon,92,114.81969952489192,5.218941598245198,engine
Quaoar,92,280.5852939624222,-15.097133989922431,tno-rate
Rahu,92,330.66756851896537,-11.989060450313099,engine
Regulus,92,152.08741205636616,11.968569639926764,engine
Rigel,92,78.63715416466239,-8.19885517603869,engine
Saturn,92,10.664709102560266,1.6375529449059862,engine
Sedna,92,62.292833148639794,8.84601910538758,tno-rate
Sirius,92,101.28375569707957,-16.721664077233754,engine
Spica,92,201.29260293277576,-11.159478099961461,engine
Sun,92,195.64210311715973,-6.668664534506466,engine
Transpluto,92,156.54258682827282,9.789495011159406,engine
Uranus,92,63.03903121652999,20.969200330555584,engine
Vega,92,279.2354839472563,38.79073476752458,engine
Venus,92,212.05983630962376,-21.01411953332801,engine
Vertex,92,166.28906887961838,5.866607202528301,engine
Vesta,92,23.157332984406466,-3.126603973783923,engine
Aldebaran,93,68.98418052931859,16.508821121538734,engine
Algol,93,47.048381896650476,40.95564338779,engine
Algorab,93,187.4590675507086,-16.514098815826266,engine
Alkaid,93,206.87580920609113,49.31511364664919,engine
Alphecca,93,233.66812590289786,26.71729887316617,engine
Altair,93,297.70062736491826,8.874114337197048,engine
Antares,93,247.34793153423902,-26.431986721724797,engine
Arcturus,93,213.90132561282007,19.17001578867887,engine
Ascendant,93,322.96557339834004,-14.632588036068887,engine
Bellatrix,93,81.28515695779109,6.351235806705833,engine
Betelgeuse,93,88.79496984447675,7.408651281507637,engine
Capella,93,79.1769049823838,45.99304264438196,engine
Castor,93,113.6473056156971,31.88627095545146,engine
Ceres,93,109.80778316962544,23.374643120090674,engine
Chiron,93,26.601120970080245,11.158128629447072,engine
Deneb Algedi,93,326.7655456738853,-16.12858044794447,engine
Eris,93,27.088109638893116,-0.07987105459339981,tno-rate
Fomalhaut,93,344.42046117495096,-29.623076293399475,engine
Gonggong,93,337.3120405454619,-10.272880404482219,tno-rate
Haumea,93,220.16849597424988,13.566799549486479,tno-rate
Juno,93,297.6323584623769,-13.137511820468385,engine
Jupiter,93,143.46994396312962,15.126031421545466,engine
Ketu,93,150.66748439847902,11.989090867789454,engine
Makemake,93,201.73101319035086,19.738558704953252,tno-rate
Mars,93,129.5467259902302,19.706723407061652,engine
Mercury,93,218.5929876762032,-18.037039443039305,engine
Midheaven,93,251.91093181228507,-22.394306260447284,engine
Moon,93,193.5139739978971,-10.9208074692662,engine
Neptune,93,2.6045094926313843,-0.41917007630422426,engine
Orcus,93,161.29208363478588,-13.605122260473214,tno-rate
Pallas,93,19.833893814825554,-15.090569001218347,engine
Part_of_Fortune,93,320.8368096918797,-18.884468649157526,engine
Part_of_Spirit,93,325.0943371048004,-10.380707422980247,engine
Pleiades,93,56.875844801230386,24.105459624380437,engine
Pluto,93,306.04739630702556,-23.72509694196758,engine
Polaris,93,38.36531272621084,89.2623152236676,engine
Procyon,93,114.81969942599473,5.218941572139599,engine
Quaoar,93,280.5852979128022,-15.097135945675994,tno-rate
Rahu,93,330.667484398479,-11.989090867789454,engine
Regulus,93,152.08741185982262,11.96856961311816,engine
Rigel,93,78.63715419696831,-8.198855154173867,engine
Saturn,93,10.664659834579469,1.6375320162242326,engine
Sedna,93,62.292829004708736,8.84601705137562,tno-rate
Sirius,93,101.2837556429774,-16.72166402716479,engine
Spica,93,201.29260273595156,-11.159478126178424,engine
Sun,93,195.64273770435747,-6.668926856177561,engine
Transpluto,93,156.54259228289402,9.789492908742263,engine
Uranus,93,63.03901410606784,20.96919730245319,engine
Vega,93,279.23548400391724,38.790734891176484,engine
Venus,93,212.0596147617996,-21.014052606023178,engine
Vertex,93,166.47667720500863,5.788383728560338,engine
Vesta,93,23.157171281083865,-3.126667631544933,engine
Aldebaran,94,68.98418059998217,16.508821056265543,engine
Algol,94,47.048382079577024,40.955643275589686,engine
Algorab,94,187.45906733175343,-16.51409883372571,engine
Alkaid,94,206.8758089214875,49.315113720260605,engine
Alphecca,94,233.66812577023484,26.717298945169382,engine
Altair,94,297.7006274732435,8.87411435737773,engine
Antares,94,247.34793145216722,-26.431986817955035,engine
Arcturus,94,213.90132543095896,19.170015821236472,engine
Ascendant,94,323.43300038372274,-14.48059589069991,engine
Bellatrix,94,81.2851569812012,6.351235775168844,engine
Betelgeuse,94,88.79496983989402,7.408651245974406,engine
Capella,94,79.17690502697111,45.99304248715153,engine
Castor,94,113.64730550544263,31.886270847513416,engine
Ceres,94,109.80796486894886,23.374655868022547,engine
Chiron,94,26.60109162777738,11.158116590081002,engine
Deneb Algedi,94,326.76554586413476,-16.128580486268152,engine
Eris,94,27.08810333530325,-0.07987334580608288,tno-rate
Fomalhaut,94,344.4204614131473,-29.623076324543515,engine
Gonggong,94,337.3120352512046,-10.272882061306717,tno-rate
Haumea,94,220.16850936852356,13.566792650170433,tno-rate
Juno,94,297.6324733258787,-13.137559117960912,engine
Jupiter,94,143.47005665169254,15.125996555773472,engine
Ketu,94,150.6674002638502,11.98912129034773,engine
Makemake,94,201.7310270491293,19.73855273241637,tno-rate
Mars,94,129.54713246513913,19.706635529007343,engine
Mercury,94,218.59369457088582,-18.037322134181075,engine
Midheaven,94,252.16144751003105,-22.422932434516866,engine
Moon,94,193.52088361170414,-10.924385049625014,engine
Neptune,94,2.604492790275016,-0.4191773662039076,engine
Orcus,94,161.2920962459093,-13.605130052099133,tno-rate
Pallas,94,19.833761008008864,-15.090745912067737,engine
Part_of_Fortune,94,321.3105116791672,-18.73579176524528,engine
Part_of_Spirit,94,325.5554890882783,-10.22540001615454,engine
Pleiades,94,56.87584492020578,24.105459542163395,engine
Pluto,94,306.04739434252724,-23.72509705458185,engine
Polaris,94,38.36532523784315,89.26231508454387,engine
Procyon,94,114.81969932787938,5.218941545970685,engine
Quaoar,94,280.5853018631822,-15.097137901429555,tno-rate
Rahu,94,330.6674002638502,-11.98912129034773,engine
Regulus,94,152.08741166346593,11.968569586094993,engine
Rigel,94,78.6371542303394,-8.198855132289289,engine
Saturn,94,10.66461056417278,1.6375110877122914,engine
Sedna,94,62.292824860777685,8.84601499736366,tno-rate
Sirius,94,101.2837555898419,-16.721663976944274,engine
Spica,94,201.2926025384424,-11.159478152234438,engine
Sun,94,195.6433723162597,-6.669189175079644,engine
Transpluto,94,156.54259773745824,9.789490806348057,engine
Uranus,94,63.03899699611035,20.96919427490086,engine
Vega,94,279.23548405936725,38.79073501513441,engine
Venus,94,212.0593932628965,-21.013985640241632,engine
Vertex,94,166.6642521872892,5.710090865104231,engine
Vesta,94,23.15700956277496,-3.126731289190506,engine
Aldebaran,95,68.98418067175092,16.508820991011778,engine
Algol,95,47.04838226377512,40.95564316368739,engine
Algorab,95,187.45906711232684,-16.514098851349928,engine
Alkaid,95,206.8758086357402,49.31511379330063,engine
Alphecca,95,233.66812563644544,26.717299017022526,engine
Altair,95,297.700627580815,8.874114377677337,engine
Antares,95,247.3479313689144,-26.431986914142776,engine
Arcturus,95,213.9013252482166,19.170015853579983,engine
Ascendant,95,323.90232737153036,-14.326845976255635,engine
Bellatrix,95,81.28515700566597,6.3512357436157085,engine
Betelgeuse,95,88.79496983633734,7.4086512104044955,engine
Capella,95,79.176905073075,45.993042329830715,engine
Castor,95,113.6473053961259,31.886270739206605,engine
Ceres,95,109.80814657514792,23.374668619709343,engine
Chiron,95,26.60106228489564,11.15810455105078,engine
Deneb Algedi,95,326.7655460540891,-16.128580524873794,engine
Eris,95,27.08809703171338,-0.07987563701876596,tno-rate
Fomalhaut,95,344.42046165138976,-29.623076356209836,engine
Gonggong,95,337.31202995694724,-10.272883718131213,tno-rate
Haumea,95,220.16852276279727,13.566785750854386,tno-rate
Juno,95,297.63258818173307,-13.137606412615757,engine
Jupiter,95,143.47016934473825,15.125961690377403,engine
Ketu,95,150.6673161151383,11.989151717966392,engine
Makemake,95,201.73104090790773,19.73854675987949,tno-rate
Mars,95,129.54753895519636,19.706547653514228,engine
Mercury,95,218.5944014652632,-18.037604807240697,engine
Midheaven,95,252.4119652165681,-22.451160977229637,engine
Moon,95,193.52780275773134,-10.927961120856198,engine
Neptune,95,2.604476087411676,-0.41918465607244354,engine
Orcus,95,161.2921088570327,-13.60513784372505,tno-rate
Pallas,95,19.833628188318656,-15.090922824031471,engine
Part_of_Fortune,95,321.78612317632087,-18.58535560588708,engine
Part_of_Spirit,95,326.01853156673985,-10.06833634662419,engine
Pleiades,95,56.87584504030229,24.105459460063408,engine
Pluto,95,306.04739237685675,-23.725097167284556,engine
Polaris,95,38.3653378179049,89.26231494601193,engine
Procyon,95,114.81969923054898,5.2189415197387605,engine
Quaoar,95,280.58530581356223,-15.097139857183118,tno-rate
Rahu,95,330.6673161151383,-11.989151717966392,engine
Regulus,95,152.08741146730074,11.968569558857439,engine
Rigel,95,78.63715426477619,-8.198855110385615,engine
Saturn,95,10.664561291328932,1.6374901593698292,engine
Sedna,95,62.29282071684663,8.8460129433517,tno-rate
Sirius,95,101.28375553767545,-16.72166392657339,engine
Spica,95,201.2926023402519,-11.159478178128937,engine
Sun,95,195.64400695294086,-6.669451491224752,engine
Transpluto,95,156.54260319196553,9.789488703976858,engine
Uranus,95,63.03897988664954,20.969191247899868,engine
Vega,95,279.2354841136038,38.79073513939578,engine
Venus,95,212.05917181326745,-21.013918636080323,engine
Vertex,95,166.85179429762087,5.631729531407334,engine
Vesta,95,23.156847829772914,-3.126794946565826,engine
Aldebaran,96,68.98418074462464,16.508820925778693,engine
Algol,96,47.048382449242254,40.95564305208583,engine
Algorab,96,187.4590668924331,-16.514098868698362,engine
Alkaid,96,206.87580834885415,49.31511386576685,engine
Alphecca,96,233.6681255015313,26.717299088723696,engine
Altair,96,297.7006276876295,8.87411439809538,engine
Antares,96,247.34793128448095,-26.431987010286054,engine
Arcturus,96,213.90132506459594,19.170015885708207,engine
Ascendant,96,324.3735488296265,-14.17133456523358,engine
Bellatrix,96,81.2851570311862,6.351235712046923,engine
Betelgeuse,96,88.794969833808,7.408651174798454,engine
Capella,96,79.17690512069632,45.99304217242272,engine
Castor,96,113.64730528775048,31.886270630532845,engine
Ceres,96,109.80832828818437,23.374681375168002,engine
Chiron,96,26.601032941416587,11.15809251235031,engine
Deneb Algedi,96,326.76554624374376,-16.12858056376107,engine
Eris,96,27.08809072811929,-0.0798779282329854,tno-rate
Fomalhaut,96,344.42046188967305,-29.623076388398584,engine
Gonggong,96,337.3120246626863,-10.272885374956822,tno-rate
Haumea,96,220.16853615707993,13.566778851533712,tno-rate
Juno,96,297.63270303026786,-13.137653704451438,engine
Jupiter,96,143.4702820422737,15.125926825359787,engine
Ketu,96,150.6672319522906,11.989182150664503,engine
Makemake,96,201.73105476669542,19.738540787338604,tno-rate
Mars,96,129.54794546098017,19.706459780466876,engine
Mercury,96,218.59510835978156,-18.037887462282914,engine
Midheaven,96,252.66248511220323,-22.478991824217683,engine
Moon,96,193.53473114103045,-10.931535558658531,engine
Neptune,96,2.604459384018884,-0.41919194591691855,engine
Orcus,96,161.29212146816457,-13.605145635356191,tno-rate
Pallas,96,19.83349535547048,-15.091099737188081,engine
Part_of_Fortune,96,322.26363835575614,-18.433156319091246,engine
Part_of_Spirit,96,326.48345930349683,-9.909512811375917,engine
Pleiades,96,56.875845161518676,24.105459378082273,engine
Pluto,96,306.04739041000875,-23.725097280073374,engine
Polaris,96,38.36535046620288,89.26231480807554,engine
Procyon,96,114.81969913400671,5.218941493444136,engine
Quaoar,96,280.5853097639449,-15.097141812937991,tno-rate
Rahu,96,330.6672319522906,-11.989182150664503,engine
Regulus,96,152.0874112713316,11.96856953140565,engine
Rigel,96,78.6371543002792,-8.19885508846349,engine
Saturn,96,10.664512016020018,1.6374692311892414,engine
Sedna,96,62.2928165729128,8.846010889338364,tno-rate
Sirius,96,101.28375548648036,-16.721663876053253,engine
Spica,96,201.29260214138367,-11.15947820386138,engine
Sun,96,195.6446416149008,-6.6697138048008675,engine
Transpluto,96,156.5426086464195,9.78948660162724,engine
Uranus,96,63.03896277766593,20.96918822144939,engine
Vega,96,279.23548416662396,38.79073526395808,engine
Venus,96,212.05895041311604,-21.013851593591763,engine
Vertex,96,167.03930413040638,5.553300596508363,engine
Vesta,96,23.156686081732555,-3.1268586037862125,engine
Aldebaran,97,68.98418081860294,16.508820860567713,engine
Algol,97,47.048382635975564,40.9556429407879,engine
Algorab,97,187.45906667207686,-16.514098885770448,engine
Alkaid,97,206.8758080608348,49.31511393765668,engine
Alphecca,97,233.66812536549423,26.717299160270816,engine
Altair,97,297.7006277936834,8.874114418631336,engine
Antares,97,247.34793119886743,-26.431987106382657,engine
Arcturus,97,213.9013248801003,19.170015917619935,engine
Ascendant,97,324.84665769434764,-14.014058821687627,engine
Bellatrix,97,81.28515705776255,6.351235680463035,engine
Betelgeuse,97,88.79496983230732,7.408651139156918,engine
Capella,97,79.17690516983575,45.993042014931085,engine
Castor,97,113.6473051803201,31.886270521494094,engine
Ceres,97,109.80851000777331,23.37469413439509,engine
Chiron,97,26.601003597365967,11.15808047399412,engine
Deneb Algedi,97,326.7655464330938,-16.128580602929564,engine
Eris,97,27.088084424529423,-0.07988021944566848,tno-rate
Fomalhaut,97,344.42046212799164,-29.62307642110973,engine
Gonggong,97,337.312019368429,-10.272887031781318,tno-rate
Haumea,97,220.16854955135364,13.566771952217666,tno-rate
Juno,97,297.6328178711544,-13.137700993398072,engine
Jupiter,97,143.4703947442107,15.125891960752996,engine
Ketu,97,150.66714777547946,11.989212588379724,engine
Makemake,97,201.73106862547385,19.73853481480172,tno-rate
Mars,97,129.54835198172992,19.706371910046148,engine
Mercury,97,218.59581525373915,-18.038170099091978,engine
Midheaven,97,252.91300687171298,-22.506424857366426,engine
Moon,97,193.54166909794898,-10.935108498173067,engine
Neptune,97,2.604442680118553,-0.41919923572533374,engine
Orcus,97,161.292134079288,-13.60515342698211,tno-rate
Pallas,97,19.83336250989111,-15.091276651340323,engine
Part_of_Fortune,97,322.7430504909347,-18.27919120439239,engine
Part_of_Spirit,97,326.9502648977606,-9.748926438982863,engine
Pleiades,97,56.875845283853344,24.105459296221916,engine
Pluto,97,306.04738844198147,-23.725097392945763,engine
Polaris,97,38.36536318251703,89.26231467073873,engine
Procyon,97,114.81969903825575,5.218941467087158,engine
Quaoar,97,280.5853137143249,-15.097143768691552,tno-rate
Rahu,97,330.66714777547946,-11.989212588379724,engine
Regulus,97,152.08741107556347,11.968569503739852,engine
Rigel,97,78.63715433684892,-8.198855066523594,engine
Saturn,97,10.664462738268053,1.6374483031846743,engine
Sedna,97,62.29281242898174,8.846008835326405,tno-rate
Sirius,97,101.283755436259,-16.721663825385097,engine
Spica,97,201.29260194184164,-11.159478229431153,engine
Sun,97,195.6452763013619,-6.669976115468304,engine
Transpluto,97,156.5426141008129,9.78948449930204,engine
Uranus,97,63.03894566917447,20.969185195554726,engine
Vega,97,279.23548421842514,38.79073538881854,engine
Venus,97,212.05872906308997,-21.013784512963923,engine
Vertex,97,167.2267819010625,5.474805089347366,engine
Vesta,97,23.15652431863446,-3.126922260838885,engine
Aldebaran,98,68.98418089368549,16.50882079538011,engine
Algol,98,47.048382823972425,40.95564282979625,engine
Algorab,98,187.45906645126246,-16.514098902565625,engine
Alkaid,98,206.87580777168708,49.315114008967754,engine
Alphecca,98,233.668125228336,26.717299231661947,engine
Altair,98,297.7006278989736,8.874114439284712,engine
Antares,98,247.34793111207432,-26.431987202430584,engine
Arcturus,98,213.90132469473266,19.170015949313992,engine
Ascendant,98,325.3216472669741,-13.855016192494592,engine
Bellatrix,98,81.2851570853957,6.35123564886454,engine
Betelgeuse,98,88.79496983183658,7.408651103480436,engine
Capella,98,79.17690522049404,45.99304185735904,engine
Castor,98,113.64730507383827,31.886270412092145,engine
Ceres,98,109.80869173387617,23.374706897407393,engine
Chiron,98,26.600974252715496,11.158068435973727,engine
Deneb Algedi,98,326.76554662213476,-16.12858064237896,engine
Eris,98,27.088078120939556,-0.07988251065835154,tno-rate
Fomalhaut,98,344.4204623663402,-29.623076454343398,engine
Gonggong,98,337.3120140741716,-10.272888688605816,tno-rate
Haumea,98,220.16856294562731,13.56676505290162,tno-rate
Juno,98,297.6329327047208,-13.137748279474245,engine
Jupiter,98,143.4705074505889,15.125857096549508,engine
Ketu,98,150.66706358453888,11.989243031172062,engine
Makemake,98,201.73108248425228,19.73852884226484,tno-rate
Mars,98,129.54875851750248,19.706284042256115,engine
Mercury,98,218.59652214765006,-18.038452717804944,engine
Midheaven,98,253.16353067788629,-22.533460017346396,engine
Moon,98,193.5486163331813,-10.938679815175416,engine
Neptune,98,2.604425975690934,-0.419206525503668,engine
Orcus,98,161.29214669041139,-13.605161218608027,tno-rate
Pallas,98,19.83322965114879,-15.091453566539917,engine
Part_of_Fortune,98,323.2243525873324,-18.123457584254897,engine
Part_of_Spirit,98,327.41894194661575,-9.586574800734287,engine
Pleiades,98,56.87584540730501,24.10545921448411,engine
Pluto,98,306.0473864727769,-23.72509750589975,engine
Polaris,98,38.36537596665161,89.26231453400524,engine
Procyon,98,114.8196989432992,5.218941440668123,engine
Quaoar,98,280.58531766470486,-15.097145724445115,tno-rate
Rahu,98,330.6670635845389,-11.989243031172062,engine
Regulus,98,152.08741088000087,11.968569475860194,engine
Rigel,98,78.6371543744858,-8.198855044566566,engine
Saturn,98,10.664413458045274,1.6374273753485293,engine
Sedna,98,62.29280828505069,8.846006781314445,tno-rate
Sirius,98,101.28375538701368,-16.72166377457008,engine
Spica,98,201.29260174162934,-11.159478254837715,engine
Sun,98,195.64591101282292,-6.6702384234151095,engine
Transpluto,98,156.5426195551494,9.789482396999778,engine
Uranus,98,63.038928561155636,20.969182170215046,engine
Vega,98,279.2354842690048,38.790735513974646,engine
Venus,98,212.05850776338963,-21.013717394250246,engine
Vertex,98,167.41422820465033,5.396243881439632,engine
Vesta,98,23.156362540664137,-3.1269859176117074,engine
Aldebaran,99,68.98418096987201,16.50882073021721,engine
Algol,99,47.04838301323016,40.95564271911362,engine
Algorab,99,187.45906622999422,-16.514098919083352,engine
Alkaid,99,206.8758074814162,49.31511407969762,engine
Alphecca,99,233.6681250900582,26.71729930289515,engine
Altair,99,297.70062800349683,8.874114460054997,engine
Antares,99,247.3479310241021,-26.431987298427785,engine
Arcturus,99,213.90132450849612,19.170015980789213,engine
Ascendant,99,325.7985099271622,-13.694204848491596,engine
Bellatrix,99,81.28515711408633,6.351235617251948,engine
Betelgeuse,99,88.79496983239706,7.4086510677695925,engine
Capella,99,79.17690527267195,45.9930416997099,engine
Castor,99,113.64730496830853,31.88627030232888,engine
Ceres,99,109.80887346668945,23.37471966422922,engine
Chiron,99,26.60094490745655,11.15805639828868,engine
Deneb Algedi,99,326.76554681086196,-16.128580682108872,engine
Eris,99,27.08807181734969,-0.07988480187103461,tno-rate
Fomalhaut,99,344.42046260471346,-29.623076488099635,engine
Gonggong,99,337.31200877991427,-10.272890345430312,tno-rate
Haumea,99,220.16857633990102,13.566758153585573,tno-rate
Juno,99,297.63304753089926,-13.137795562671895,engine
Jupiter,99,143.47062016137227,15.12582223276515,engine
Ketu,99,150.66697937952898,11.989273479019758,engine
Makemake,99,201.7310963430307,19.738522869727962,tno-rate
Mars,99,129.54916506860255,19.706196177040045,engine
Mercury,99,218.59722904155424,-18.03873531836947,engine
Midheaven,99,253.41405654210584,-22.560097227823153,engine
Moon,99,193.5555731919605,-10.942249649617622,engine
Neptune,99,2.604409270727472,-0.4192138152530167,engine
Orcus,99,161.2921593015348,-13.605169010233944,tno-rate
Pallas,99,19.833096779492585,-15.091630482826782,engine
Part_of_Fortune,99,323.7075373697661,-17.965953769455762,engine
Part_of_Spirit,99,327.88948248455824,-9.42245592752743,engine
Pleiades,99,56.87584553187224,24.105459132870692,engine
Pluto,99,306.0473845023885,-23.72509761893282,engine
Polaris,99,38.36538881840101,89.26231439787888,engine
Procyon,99,114.81969884914015,5.218941414187352,engine
Quaoar,99,280.58532161508487,-15.097147680198677,tno-rate
Rahu,99,330.666979379529,-11.989273479019758,engine
Regulus,99,152.08741068464843,11.968569447766876,engine
Rigel,99,78.63715441319032,-8.198855022593065,engine
Saturn,99,10.664364175340532,1.6374064476804473,engine
Sedna,99,62.29280414111963,8.846004727302486,tno-rate
Sirius,99,101.28375533874669,-16.721663723609353,engine
Spica,99,201.29260154075055,-11.159478280080512,engine
Sun,99,195.64654574935653,-6.670500728653457,engine
Transpluto,99,156.5426250094289,9.789480294720516,engine
Uranus,99,63.0389114536072,20.96917914543263,engine
Vega,99,279.23548431836014,38.79073563942379,engine
Venus,99,212.05828651275334,-21.013650237080924,engine
Vertex,99,167.6016435073337,5.317617899516044,engine
Vesta,99,23.156200747585753,-3.127049574177226,engine
Aldebaran,100,68.9841810471621,16.50882066508032,engine
Algol,100,47.04838320374608,40.95564260874277,engine
Algorab,100,187.4590660082766,-16.51409893532309,engine
Alkaid,100,206.87580719002722,49.31511414984388,engine
Alphecca,100,233.6681249506626,26.71729937396843,engine
Altair,100,297.7006281072496,8.87411448094169,engine
Antares,100,247.34793093495136,-26.4319873943722,engine
Arcturus,100,213.9013243213938,19.17001601204442,engine
Ascendant,100,326.2772374466096,-13.53162359872109,engine
Bellatrix,100,81.2851571438351,6.35123558562577,engine
Betelgeuse,100,88.79496983399001,7.408651032024966,engine
Capella,100,79.1769053263701,45.99304154198696,engine
Castor,100,113.6473048637344,31.886270192206158,engine
Ceres,100,109.80905520605236,23.374732434868644,engine
Chiron,100,26.600915561580514,11.158044360938554,engine
Deneb Algedi,100,326.76554699927084,-16.128580722118944,engine
Eris,100,27.088065513759826,-0.07988709308371768,tno-rate
Fomalhaut,100,344.42046284310607,-29.623076522378444,engine
Gonggong,100,337.31200348565693,-10.27289200225481,tno-rate
Haumea,100,220.1685897341747,13.566751254269525,tno-rate
Juno,100,297.6331623496221,-13.137842842983034,engine
Jupiter,100,143.4707328766234,15.12578736938553,engine
Ketu,100,150.66689516045295,11.989303931921638,engine
Makemake,100,201.73111020180912,19.73851689719108,tno-rate
Mars,100,129.54957163481367,19.706108314460803,engine
Mercury,100,218.59793593569688,-18.039017900949283,engine
Midheaven,100,253.664584476528,-22.586336414661993,engine
Moon,100,193.56253937401323,-10.945817874961826,engine
Neptune,100,2.6043925652277227,-0.41922110497115495,engine
Orcus,100,161.2921719126582,-13.605176801859862,tno-rate
Pallas,100,19.832963894580246,-15.091807400133865,engine
Part_of_Fortune,100,324.1925963095877,-17.806678442487335,engine
Part_of_Spirit,100,328.3618785836315,-9.256568754954845,engine
Pleiades,100,56.875845657553604,24.10545905138346,engine
Pluto,100,306.04738253081956,-23.725097732042926,engine
Polaris,100,38.365401737558294,89.26231426236343,engine
Procyon,100,114.81969875578169,5.218941387645168,engine
Quaoar,100,280.58532556546487,-15.097149635952238,tno-rate
Rahu,100,330.66689516045295,-11.989303931921638,engine
Regulus,100,152.08741048951083,11.968569419460088,engine
Rigel,100,78.63715445296287,-8.198855000603745,engine
Saturn,100,10.66431489014282,1.6373855201800904,engine
Sedna,100,62.29279999718858,8.846002673290526,tno-rate
Sirius,100,101.28375529146028,-16.721663672504096,engine
Spica,100,201.292601339209,-11.159478305158979,engine
Sun,100,195.64718051103512,-6.67076303119558,engine
Transpluto,100,156.54263046365148,9.78947819246423,engine
Uranus,100,63.0388943465095,20.969176121206516,engine
Vega,100,279.23548436648866,38.79073576516336,engine
Venus,100,212.0580653147478,-21.013583042493252,engine
Vertex,100,167.78902827527642,5.238928071622238,engine
Vesta,100,23.156038939340473,-3.12711323053222,engine
Aldebaran,101,68.98418112555537,16.508820599970772,engine
Algol,101,47.04838339551739,40.9556424986864,engine
Algorab,101,187.45906578611408,-16.514098951284307,engine
Alkaid,101,206.87580689752542,49.31511421940411,engine
Alphecca,101,233.66812481015097,26.71729944487986,engine
Altair,101,297.7006282102288,8.87411450194427,engine
Antares,101,247.34793084462265,-26.431987490261776,engine
Arcturus,101,213.9013241334288,19.17001604307843,engine
Ascendant,101,326.75782097617895,-13.367271912167507,engine
Bellatrix,101,81.28515717464259,6.351235553986522,engine
Betelgeuse,101,88.79496983661664,7.408650996247135,engine
Capella,101,79.17690538158917,45.993041384193596,engine
Castor,101,113.64730476011945,31.886270081725876,engine
Ceres,101,109.8092369519231,23.37474520933911,engine
Chiron,101,26.600886215078788,11.158032323922882,engine
Deneb Algedi,101,326.7655471873566,-16.128580762408788,engine
Eris,101,27.08805921016996,-0.07988938429640075,tno-rate
Fomalhaut,101,344.42046308151265,-29.623076557179896,engine
Gonggong,101,337.31199819139954,-10.272893659079307,tno-rate
Haumea,101,220.1686031284484,13.566744354953478,tno-rate
Juno,101,297.6332771611412,-13.137890120394623,engine
Jupiter,101,143.47084559627322,15.125752506436577,engine
Ketu,101,150.66681092731397,11.989334389876557,engine
Makemake,101,201.73112406058755,19.7385109246542,tno-rate
Mars,101,129.54997821591914,19.706020454581182,engine
Mercury,101,218.59864283004896,-18.03930046542039,engine
Midheaven,101,253.9151144922206,-22.612177505678382,engine
Moon,101,193.5695150629359,-10.949384564602118,engine
Neptune,101,2.6043758591804615,-0.4192283946602809,engine
Orcus,101,161.2921845237816,-13.60518459348578,tno-rate
Pallas,101,19.832830996661325,-15.091984318501018,engine
Part_of_Fortune,101,324.67952074118443,-17.64563114571586,engine
Part_of_Spirit,101,328.83612121117346,-9.088912678619154,engine
Pleiades,101,56.87584578434762,24.10545897002426,engine
Pluto,101,306.04738055806587,-23.725097845227666,engine
Polaris,101,38.36541472391522,89.26231412746273,engine
Procyon,101,114.81969866322687,5.218941361041889,engine
Quaoar,101,280.5853295158449,-15.097151591705801,tno-rate
Rahu,101,330.666810927314,-11.989334389876557,engine
Regulus,101,152.08741029459276,11.968569390940024,engine
Rigel,101,78.63715449380393,-8.198854978599263,engine
Saturn,101,10.66426560244109,1.6373645928470928,engine
Sedna,101,62.29279585325752,8.846000619278568,tno-rate
Sirius,101,101.28375524515671,-16.721663621255505,engine
Spica,101,201.29260113700843,-11.159478330072565,engine
Sun,101,195.6478152979304,-6.671025331053766,engine
Transpluto,101,156.54263591781714,9.78947609023094,engine
Uranus,101,63.038877239860255,20.969173097538974,engine
Vega,101,279.2354844133878,38.790735891190714,engine
Venus,101,212.05784416810866,-21.013515810118445,engine
Vertex,101,167.97638297326142,5.160175327683653,engine
Vesta,101,23.15587711569297,-3.127176886749228,engine
Aldebaran,102,68.98418120505139,16.50882053488988,engine
Algol,102,47.04838358854134,40.95564238894722,engine
Algorab,102,187.459065563511,-16.51409896696645,engine
Alkaid,102,206.87580660391598,49.315114288375895,engine
Alphecca,102,233.6681246685252,26.71729951562745,engine
Altair,102,297.70062831243115,8.874114523062232,engine
Antares,102,247.34793075311657,-26.431987586094436,engine
Arcturus,102,213.90132394460431,19.170016073890096,engine
Ascendant,102,327.2402510439896,-13.201149935799288,engine
Bellatrix,102,81.28515720650947,6.351235522334715,engine
Betelgeuse,102,88.79496984027817,7.408650960436689,engine
Capella,102,79.1769054383298,45.993041226333126,engine
Castor,102,113.64730465746716,31.886269970889906,engine
Ceres,102,109.80941870414047,23.374757987648547,engine
Chiron,102,26.600856867942774,11.15802028724123,engine
Deneb Algedi,102,326.7655473751148,-16.12858080297802,engine
Eris,102,27.088052906580092,-0.07989167550908381,tno-rate
Fomalhaut,102,344.42046331992793,-29.623076592503995,engine
Gonggong,102,337.3119928971422,-10.272895315903805,tno-rate
Haumea,102,220.1686165227221,13.566737455637432,tno-rate
Juno,102,297.63339196528267,-13.137937394900408,engine
Jupiter,102,143.47095832038409,15.125717643903853,engine
Ketu,102,150.6667266801719,11.989364852862817,engine
Makemake,102,201.73113791936598,19.738504952117317,tno-rate
Mars,102,129.55038481222275,19.70593259734429,engine
Mercury,102,218.59934972485487,-18.039583011946725,engine
Midheaven,102,254.16564660288464,-22.637620430969307,engine
Moon,102,193.57650044203547,-10.952949791895763,engine
Neptune,102,2.604359152585271,-0.4192356843181696,engine
Orcus,102,161.29219713490502,-13.605192385111696,tno-rate
Pallas,102,19.83269808554195,-15.092161237887805,engine
Part_of_Fortune,102,325.1683013759113,-17.482812099454744,engine
Part_of_Spirit,102,329.31220071206786,-8.919487772143832,engine
Pleiades,102,56.875845912252814,24.10545888879488,engine
Pluto,102,306.0473785841235,-23.725097958484625,engine
Polaris,102,38.36542777726247,89.26231399318053,engine
Procyon,102,114.8196985714788,5.218941334377834,engine
Quaoar,102,280.5853334662249,-15.097153547459362,tno-rate
Rahu,102,330.6667266801719,-11.989364852862817,engine
Regulus,102,152.08741009989882,11.968569362206878,engine
Rigel,102,78.63715453571386,-8.19885495658028,engine
Saturn,102,10.664216312240791,1.6373436656878828,engine
Sedna,102,62.29279170932647,8.845998565266608,tno-rate
Sirius,102,101.28375519983823,-16.72166356986477,engine
Spica,102,201.2926009341526,-11.159478354820724,engine
Sun,102,195.64845011011374,-6.671287628240308,engine
Transpluto,102,156.54264137192584,9.789473988020635,engine
Uranus,102,63.038860133651355,20.96917007443114,engine
Vega,102,279.2354844590549,38.79073601750326,engine
Venus,102,212.05762307317997,-21.013448540057002,engine
Vertex,102,168.16370806748682,5.08136059831583,engine
Vesta,102,23.15571527693839,-3.127240542673345,engine
Aldebaran,103,68.98418128564975,16.50882046983895,engine
Algol,103,47.048383782815115,40.95564227952798,engine
Algorab,103,187.45906534047188,-16.51409898236901,engine
Alkaid,103,206.87580630920414,49.315114356756844,engine
Alphecca,103,233.668124525787,26.71729958620927,engine
Altair,103,297.70062841385334,8.874114544295052,engine
Antares,103,247.34793066043366,-26.431987681868137,engine
Arcturus,103,213.90132375492357,19.17001610447823,engine
Ascendant,103,327.72451753594714,-13.033258518632255,engine
Bellatrix,103,81.28515723943626,6.3512354906708595,engine
Betelgeuse,103,88.7949698449758,7.408650924594201,engine
Capella,103,79.17690549659254,45.99304106840887,engine
Castor,103,113.64730455578099,31.886269859700153,engine
Ceres,103,109.80960046290046,23.374770769821044,engine
Chiron,103,26.600827520163925,11.158008250893134,engine
Deneb Algedi,103,326.7655475625408,-16.128580843826263,engine
Eris,103,27.088046602990225,-0.07989396672176688,tno-rate
Fomalhaut,103,344.4204635583465,-29.623076628350756,engine
Gonggong,103,337.31198760288487,-10.2728969727283,tno-rate
Haumea,103,220.1686299169958,13.566730556321385,tno-rate
Juno,103,297.63350676229885,-13.137984666487457,engine
Jupiter,103,143.47107104888678,15.125682781813278,engine
Ketu,103,150.66664241891732,11.989395320920014,engine
Makemake,103,201.7311517781444,19.738498979580438,tno-rate
Mars,103,129.55079142350715,19.70584474281281,engine
Mercury,103,218.600056620085,-18.039865540404644,engine
Midheaven,103,254.41618081926947,-22.662665122287272,engine
Moon,103,193.58349521055456,-10.956513430431428,engine
Neptune,103,2.604342445433645,-0.4192429739459154,engine
Orcus,103,161.29220974602842,-13.605200176737613,tno-rate
Pallas,103,19.8325651610285,-15.092338158253796,engine
Part_of_Fortune,103,325.6589277988457,-17.318222026296144,engine
Part_of_Spirit,103,329.7901072730486,-8.748295010968366,engine
Pleiades,103,56.875846041267685,24.105458807697172,engine
Pluto,103,306.04737660899576,-23.725098071811754,engine
Polaris,103,38.365440897389156,89.26231385952062,engine
Procyon,103,114.8196984805405,5.218941307653334,engine
Quaoar,103,280.5853374166049,-15.097155503212925,tno-rate
Rahu,103,330.6666424189173,-11.989395320920014,engine
Regulus,103,152.08740990543367,11.968569333260861,engine
Rigel,103,78.63715457869301,-8.198854934547457,engine
Saturn,103,10.664167019498176,1.6373227386885334,engine
Sedna,103,62.292787565395415,8.845996511254649,tno-rate
Sirius,103,101.28375515550704,-16.721663518333056,engine
Spica,103,201.29260073064526,-11.159478379402907,engine
Sun,103,195.649084947656,-6.671549922767539,engine
Transpluto,103,156.54264682597758,9.789471885833317,engine
Uranus,103,63.03884302787474,20.969167051884185,engine
Vega,103,279.2354845034875,38.790736144098304,engine
Venus,103,212.05740203030467,-21.013381232409987,engine
Vertex,103,168.35100402140205,5.002484816560057,engine
Vesta,103,23.15555342284195,-3.127304198377115,engine
Aldebaran,104,68.98418136735,16.50882040481932,engine
Algol,104,47.04838397833593,40.95564217043135,engine
Algorab,104,187.45906511700116,-16.514098997491452,engine
Alkaid,104,206.87580601339513,49.31511442454459,engine
Alphecca,104,233.66812438193818,26.717299656623364,engine
Altair,104,297.7006285144922,8.874114565642225,engine
Antares,104,247.34793056657458,-26.431987777580822,engine
Arcturus,104,213.9013235643897,19.170016134841692,engine
Ascendant,104,328.21060969262555,-12.863599230197309,engine
Bellatrix,104,81.28515727342356,6.351235458995474,engine
Betelgeuse,104,88.79496985071066,7.408650888720265,engine
Capella,104,79.17690555637797,45.993040910424156,engine
Castor,104,113.64730445506444,31.886269748158526,engine
Ceres,104,109.80978222804156,23.374783555864393,engine
Chiron,104,26.60079817172867,11.157996214876915,engine
Deneb Algedi,104,326.7655477496299,-16.128580884953116,engine
Eris,104,27.088040299400358,-0.07989625793444996,tno-rate
Fomalhaut,104,344.42046379676304,-29.623076664720166,engine
Gonggong,104,337.3119823086275,-10.272898629552799,tno-rate
Haumea,104,220.16864331126948,13.566723657005339,tno-rate
Juno,104,297.6336215520163,-13.138031935149579,engine
Jupiter,104,143.47118378184328,15.12564792015046,engine
Ketu,104,150.66655814360985,11.989425794026529,engine
Makemake,104,201.7311656369228,19.738493007043555,tno-rate
Mars,104,129.55119804955464,19.70575689104934,engine
Mercury,104,218.6007635159832,-18.040148050958337,engine
Midheaven,104,254.66671715196333,-22.68731151328528,engine
Moon,104,193.5904997128086,-10.960075620238184,engine
Neptune,104,2.604325737717096,-0.4192502635446084,engine
Orcus,104,161.29222235715184,-13.605207968363532,tno-rate
Pallas,104,19.832432223371296,-15.09251507963862,engine
Part_of_Fortune,104,326.1513895948066,-17.151862635787637,engine
Part_of_Spirit,104,330.26982979044453,-8.575335824606983,engine
Pleiades,104,56.87584617139068,24.105458726732916,engine
Pluto,104,306.0473746326762,-23.725098185206516,engine
Polaris,104,38.36545408408324,89.26231372648675,engine
Procyon,104,114.81969839041498,5.218941280868709,engine
Quaoar,104,280.5853413669849,-15.097157458966487,tno-rate
Rahu,104,330.66655814360985,-11.989425794026529,engine
Regulus,104,152.08740971120196,11.968569304102177,engine
Rigel,104,78.63715462274176,-8.19885491250144,engine
Saturn,104,10.664117724218803,1.6373018118554703,engine
Sedna,104,62.292783421464364,8.84599445724269,tno-rate
Sirius,104,101.28375511216534,-16.721663466661557,engine
Spica,104,201.29260052649022,-11.159478403818577,engine
Sun,104,195.6497198106276,-6.671812214647858,engine
Transpluto,104,156.54265227997234,9.789469783668991,engine
Uranus,104,63.03882592252225,20.969164029899247,engine
Vega,104,279.2354845466831,38.79073627097327,engine
Venus,104,212.0571810398244,-21.013313887278926,engine
Vertex,104,168.53827129780743,4.9235489169873805,engine
Vesta,104,23.15539155334597,-3.127367853857207,engine
Aldebaran,105,68.98418145015164,16.5088203398323,engine
Algol,105,47.0483841751009,40.95564206166007,engine
Algorab,105,187.45906489310332,-16.51409901233328,engine
Alkaid,105,206.87580571649423,49.315114491736765,engine
Alphecca,105,233.66812423698073,26.717299726867783,engine
Altair,105,297.70062861434457,8.874114587103216,engine
Antares,105,247.34793047154008,-26.431987873230437,engine
Arcturus,105,213.9013233730059,19.170016164979323,engine
Ascendant,105,328.69851610661897,-12.692174378713014,engine
Bellatrix,105,81.28515730847192,6.351235427309068,engine
Betelgeuse,105,88.79496985748395,7.408650852815456,engine
Capella,105,79.17690561768663,45.99304075238234,engine
Castor,105,113.64730435532094,31.88626963626691,engine
Ceres,105,109.80996399952127,23.374796345791744,engine
Chiron,105,26.60076882263838,11.157984179194502,engine
Deneb Algedi,105,326.76554793637746,-16.128580926358186,engine
Eris,105,27.088033995810495,-0.07989854914713303,tno-rate
Fomalhaut,105,344.4204640351722,-29.62307670161223,engine
Gonggong,105,337.31197701437014,-10.272900286377295,tno-rate
Haumea,105,220.16865670554319,13.56671675768929,tno-rate
Juno,105,297.6337363346876,-13.138079200873918,engine
Jupiter,105,143.47129651921713,15.1256130589312,engine
Ketu,105,150.66647385425307,11.989456272181089,engine
Makemake,105,201.73117949570124,19.738487034506676,tno-rate
Mars,105,129.55160469066794,19.70566904199681,engine
Mercury,105,218.6014704125192,-18.040430543484455,engine
Midheaven,105,254.9172556141857,-22.711559539736523,engine
Moon,105,193.59751364763986,-10.963636234973004,engine
Neptune,105,2.60430902943524,-0.4192575531120245,engine
Orcus,105,161.29223496827524,-13.605215759989449,tno-rate
Pallas,105,19.83229927222927,-15.092692001975015,engine
Part_of_Fortune,105,326.6456750551604,-16.983736109792346,engine
Part_of_Spirit,105,330.75135715807755,-8.400612647633682,engine
Pleiades,105,56.87584630262025,24.105458645903944,engine
Pluto,105,306.0473726551683,-23.725098298666868,engine
Polaris,105,38.36546733713151,89.26231359408266,engine
Procyon,105,114.81969830110526,5.218941254024284,engine
Quaoar,105,280.5853453173649,-15.097159414720048,tno-rate
Rahu,105,330.66647385425307,-11.989456272181089,engine
Regulus,105,152.0874095172083,11.96856927473104,engine
Rigel,105,78.63715466786043,-8.198854890442888,engine
Saturn,105,10.664068426391859,1.63728088518833,engine
Sedna,105,62.292779277533306,8.84599240323073,tno-rate
Sirius,105,101.28375506981531,-16.72166341485147,engine
Spica,105,201.29260032169128,-11.159478428067178,engine
Sun,105,195.65035469909847,-6.672074503893671,engine
Transpluto,105,156.5426577339102,9.78946768152766,engine
Uranus,105,63.03880881758576,20.969161008477442,engine
Vega,105,279.2354845886392,38.7907363981255,engine
Venus,105,212.05696010207933,-21.013246504765952,engine
Vertex,105,168.72551036095345,4.844553834797362,engine
Vesta,105,23.15522966821629,-3.127431509186127,engine
Aldebaran,106,68.98418153405422,16.5088202748792,engine
Algol,106,47.048384373107176,40.955641953216805,engine
Algorab,106,187.45906466878282,-16.514099026893966,engine
Alkaid,106,206.87580541850673,49.315114558331,engine
Alphecca,106,233.66812409091642,26.717299796940566,engine
Altair,106,297.7006287134071,8.874114608677512,engine
Antares,106,247.34793037533075,-26.43198796881492,engine
Arcturus,106,213.90132318077545,19.170016194889982,engine
Ascendant,106,329.18822470396464,-12.518987034743098,engine
Bellatrix,106,81.28515734458185,6.351235395612157,engine
Betelgeuse,106,88.79496986529675,7.408650816880362,engine
Capella,106,79.17690568051904,45.99304059428672,engine
Castor,106,113.64730425655392,31.88626952402726,engine
Ceres,106,109.81014577717791,23.374809139610797,engine
Chiron,106,26.600739472879553,11.157972143844216,engine
Deneb Algedi,106,326.765548122779,-16.12858096804107,engine
Eris,106,27.088027692220628,-0.0799008403598161,tno-rate
Fomalhaut,106,344.4204642735686,-29.623076739026907,engine
Gonggong,106,337.31197172011275,-10.272901943201793,tno-rate
Haumea,106,220.16867009981686,13.566709858373244,tno-rate
Juno,106,297.63385111013974,-13.138126463654364,engine
Jupiter,106,143.47140926097165,15.1255781981713,engine
Ketu,106,150.66638955085017,11.989486755382508,engine
Makemake,106,201.73119335447967,19.738481061969793,tno-rate
Mars,106,129.55201134662892,19.705581195717702,engine
Mercury,106,218.60217730993628,-18.040713018147432,engine
Midheaven,106,255.16779621620083,-22.73540913893682,engine
Moon,106,193.604537359039,-10.967195414695407,engine
Neptune,106,2.604292320576904,-0.41926484265036323,engine
Orcus,106,161.29224757939866,-13.605223551615365,tno-rate
Pallas,106,19.832166307853175,-15.09286892530256,engine
Part_of_Fortune,106,327.14177244986547,-16.813845658921053,engine
Part_of_Spirit,106,331.2346769580638,-8.224128410565143,engine
Pleiades,106,56.87584643495486,24.105458565212054,engine
Pluto,106,306.04737067646556,-23.72509841219026,engine
Polaris,106,38.36548065631933,89.26231346231211,engine
Procyon,106,114.81969821261434,5.218941227120392,engine
Quaoar,106,280.5853492677449,-15.09716137047361,tno-rate
Rahu,106,330.66638955085017,-11.989486755382508,engine
Regulus,106,152.08740932345736,11.968569245147664,engine
Rigel,106,78.63715471404933,-8.19885486837247,engine
Saturn,106,10.66401912600655,1.637259958686744,engine
Sedna,106,62.292775133602255,8.84599034921877,tno-rate
Sirius,106,101.28375502845911,-16.721663362903975,engine
Spica,106,201.29260011625223,-11.159478452148187,engine
Sun,106,195.65098961313814,-6.672336790517452,engine
Transpluto,106,156.54266318779113,9.789465579409306,engine
Uranus,106,63.0387917130571,20.96915798761991,engine
Vega,106,279.2354846293534,38.790736525552326,engine
Venus,106,212.05673921740836,-21.01317908497349,engine
Vertex,106,168.9127216723777,4.765500507557742,engine
Vesta,106,23.155067767749102,-3.1274951642089275,engine
Aldebaran,107,68.98418161905722,16.508820209961282,engine
Algol,107,47.048384572351985,40.95564184510421,engine
Algorab,107,187.459064444044,-16.514099041173015,engine
Alkaid,107,206.87580511943779,49.315114624325,engine
Alphecca,107,233.66812394374705,26.71729986683984,engine
Altair,107,297.7006288116768,8.8741146303646,engine
Antares,107,247.3479302779472,-26.431988064332298,engine
Arcturus,107,213.9013229877014,19.17001622457254,engine
Ascendant,107,329.6797230732787,-12.344040930713074,engine
Bellatrix,107,81.28515738175388,6.351235363905232,engine
Betelgeuse,107,88.7949698741502,7.408650780915545,engine
Capella,107,79.17690574487568,45.993040436140554,engine
Castor,107,113.64730415876672,31.886269411441376,engine
Ceres,107,109.81032756132855,23.374821937353882,engine
Chiron,107,26.60071012242396,11.15796010881749,engine
Deneb Algedi,107,326.76554830883003,-16.12858101000138,engine
Eris,107,27.088021388626533,-0.07990313157403554,tno-rate
Fomalhaut,107,344.42046451194716,-29.623076776964226,engine
Gonggong,107,337.3119664258519,-10.272903600027401,tno-rate
Haumea,107,220.16868349409955,13.56670295905257,tno-rate
Juno,107,297.6339658787028,-13.138173723509828,engine
Jupiter,107,143.47152200724423,15.125543337832976,engine
Ketu,107,150.6663052334044,11.989517243629605,engine
Makemake,107,201.7312072132674,19.738475089428906,tno-rate
Mars,107,129.55241801749156,19.70549335221556,engine
Mercury,107,218.60288420867755,-18.040995475013645,engine
Midheaven,107,255.41833913658505,-22.758860265574487,engine
Moon,107,193.61157055019655,-10.970753035522385,engine
Neptune,107,2.6042756111305354,-0.41927213216228437,engine
Orcus,107,161.29226019053053,-13.605231343246508,tno-rate
Pallas,107,19.832033329961238,-15.093045849699223,engine
Part_of_Fortune,107,327.63966907023394,-16.642194891527915,engine
Part_of_Spirit,107,331.71977707632345,-8.045886969898234,engine
Pleiades,107,56.875846568392966,24.105458484659014,engine
Pluto,107,306.0473686965702,-23.725098525774694,engine
Polaris,107,38.36549404143981,89.26231333117869,engine
Procyon,107,114.81969812494515,5.218941200157337,engine
Quaoar,107,280.5853532181275,-15.097163326228484,tno-rate
Rahu,107,330.6663052334044,-11.989517243629605,engine
Regulus,107,152.0874091299536,11.968569215352256,engine
Rigel,107,78.63715476130878,-8.19885484629082,engine
Saturn,107,10.663969823019155,1.6372390323363342,engine
Sedna,107,62.29277098966842,8.845988295205434,tno-rate
Sirius,107,101.28375498809886,-16.72166331082026,engine
Spica,107,201.29259991017676,-11.159478476061082,engine
Sun,107,195.65162455324128,-6.672599074707545,engine
Transpluto,107,156.54266864161863,9.789463477312546,engine
Uranus,107,63.03877460892246,20.969154967326773,engine
Vega,107,279.2354846688231,38.79073665325119,engine
Venus,107,212.05651838600127,-21.01311162795945,engine
Vertex,107,169.09990581886493,4.686389821089018,engine
Vesta,107,23.15490585160222,-3.127558819040767,engine
Aldebaran,108,68.98418170516004,16.50882014507998,engine
Algol,108,47.048384772832144,40.95564173732506,engine
Algorab,108,187.4590642188916,-16.514099055169922,engine
Alkaid,108,206.87580481929308,49.31511468971637,engine
Alphecca,108,233.66812379547486,26.717299936563567,engine
Altair,108,297.70062890915034,8.874114652163922,engine
Antares,108,247.34793017939035,-26.431988159780374,engine
Arcturus,108,213.9013227937873,19.170016254025803,engine
Ascendant,108,330.1729971411045,-12.167340949970606,engine
Bellatrix,108,81.28515741998844,6.351235332188854,engine
Betelgeuse,108,88.79496988404539,7.408650744921633,engine
Capella,108,79.17690581075692,45.99304027794739,engine
Castor,108,113.64730406196286,31.886269298511355,engine
Ceres,108,109.81050935156742,23.374834739011437,engine
Chiron,108,26.60068077130244,11.157948074129974,engine
Deneb Algedi,108,326.7655484945257,-16.12858105223865,engine
Eris,108,27.088015085036666,-0.07990542278671861,tno-rate
Fomalhaut,108,344.4204647503022,-29.623076815424067,engine
Gonggong,108,337.3119611315945,-10.272905256851898,tno-rate
Haumea,108,220.16869688837323,13.566696059736524,tno-rate
Juno,108,297.63408064005,-13.138220980370889,engine
Jupiter,108,143.47163475781392,15.125508477988845,engine
Ketu,108,150.66622090191936,11.98954773692102,engine
Makemake,108,201.7312210720458,19.738469116892027,tno-rate
Mars,108,129.5528247030123,19.705405511550907,engine
Mercury,108,218.60359110803756,-18.041277913868953,engine
Midheaven,108,255.66888405111948,-22.78191282912915,engine
Moon,108,193.61861355526347,-10.974309232759472,engine
Neptune,108,2.6042589011100903,-0.4192794216391056,engine
Orcus,108,161.29227280165392,-13.605239134872425,tno-rate
Pallas,108,19.83190033853936,-15.093222774886986,engine
Part_of_Fortune,108,328.1393511777429,-16.468788826605344,engine
Part_of_Spirit,108,332.206643104466,-7.86589307333587,engine
Pleiades,108,56.87584670293282,24.105458404246708,engine
Pluto,108,306.04736671548085,-23.725098639417613,engine
Polaris,108,38.365507492257954,89.26231320068631,engine
Procyon,108,114.8196980381008,5.218941173135486,engine
Quaoar,108,280.5853571685075,-15.097165281982045,tno-rate
Rahu,108,330.66622090191936,-11.98954773692102,engine
Regulus,108,152.08740893670193,11.968569185345068,engine
Rigel,108,78.63715480963899,-8.198854824198628,engine
Saturn,108,10.663920517485098,1.637218106164789,engine
Sedna,108,62.29276684573736,8.845986241193474,tno-rate
Sirius,108,101.28375494873671,-16.721663258601573,engine
Spica,108,201.292599703469,-11.159478499805303,engine
Sun,108,195.65225951862502,-6.672861356124735,engine
Transpluto,108,156.54267409538565,9.789461375240181,engine
Uranus,108,63.03875750518499,20.969151947601055,engine
Vega,108,279.23548470704606,38.79073678121928,engine
Venus,108,212.05629760849018,-21.01304413391775,engine
Vertex,108,169.28706301108548,4.607222821387452,engine
Vesta,108,23.1547439197596,-3.1276224736686915,engine
Aldebaran,109,68.98418179236216,16.508820080236536,engine
Algol,109,47.04838497454485,40.955641629882,engine
Algorab,109,187.45906399333003,-16.514099068884185,engine
Alkaid,109,206.87580451807779,49.31511475450278,engine
Alphecca,109,233.66812364610155,26.717300006109856,engine
Altair,109,297.70062900582457,8.874114674074969,engine
Antares,109,247.34793007966087,-26.431988255157176,engine
Arcturus,109,213.9013225990363,19.17001628324868,engine
Ascendant,109,330.6680331374561,-11.988892443772501,engine
Bellatrix,109,81.28515745928601,6.351235300463512,engine
Betelgeuse,109,88.79496989498335,7.4086507088992,engine
Capella,109,79.17690587816324,45.99304011971045,engine
Castor,109,113.64730396614569,31.88626918523908,engine
Ceres,109,109.8106911479732,23.37484754460488,engine
Chiron,109,26.600651419486805,11.15793603977309,engine
Deneb Algedi,109,326.7655486798616,-16.12858109475248,engine
Eris,109,27.088008781446803,-0.07990771399940168,tno-rate
Fomalhaut,109,344.42046498862834,-29.623076854406406,engine
Gonggong,109,337.31195583733717,-10.272906913676396,tno-rate
Haumea,109,220.16871028264694,13.566689160420477,tno-rate
Juno,109,297.63419539451183,-13.138268234256545,engine
Jupiter,109,143.47174751281796,15.125473618601134,engine
Ketu,109,150.66613655639833,11.989578235255607,engine
Makemake,109,201.73123493082423,19.738463144355144,tno-rate
Mars,109,129.5532314032447,19.705317673727144,engine
Mercury,109,218.60429800852728,-18.04156033485195,engine
Midheaven,109,255.9194311380495,-22.80456678791977,engine
Moon,109,193.62566607715613,-10.977863882623767,engine
Neptune,109,2.6042421904959414,-0.41928671108680754,engine
Orcus,109,161.29228541277732,-13.605246926498342,tno-rate
Pallas,109,19.831767333749895,-15.093399701023962,engine
Part_of_Fortune,109,328.6408047048292,-16.29363269143878,engine
Part_of_Spirit,109,332.69526157008306,-7.684152196106224,engine
Pleiades,109,56.875846838572826,24.105458323976897,engine
Pluto,109,306.0473647331926,-23.72509875311666,engine
Polaris,109,38.3655210085643,89.2623130708386,engine
Procyon,109,114.81969795208408,5.218941146055151,engine
Quaoar,109,280.58536111888753,-15.097167237735608,tno-rate
Rahu,109,330.6661365563983,-11.989578235255607,engine
Regulus,109,152.08740874370687,11.968569155126316,engine
Rigel,109,78.63715485904022,-8.198854802096543,engine
Saturn,109,10.663871209377133,1.6371971801644853,engine
Sedna,109,62.29276270180631,8.845984187181516,tno-rate
Sirius,109,101.28375491037477,-16.721663206249087,engine
Spica,109,201.2925994961326,-11.159478523380333,engine
Sun,109,195.6528945097831,-6.67312363495749,engine
Transpluto,109,156.54267954909562,9.789459273190802,engine
Uranus,109,63.038740401830836,20.96914892844288,engine
Vega,109,279.2354847440198,38.79073690945399,engine
Venus,109,212.05607688506214,-21.012976602907315,engine
Vertex,109,169.4741938346497,4.528000397185355,engine
Vesta,109,23.15458197240965,-3.1276861279804384,engine
Aldebaran,110,68.984181880663,16.508820015432274,engine
Algol,110,47.048385177487155,40.9556415227777,engine
Algorab,110,187.45906376736377,-16.514099082315333,engine
Alkaid,110,206.87580421579727,49.31511481868197,engine
Alphecca,110,233.66812349562915,26.717300075476793,engine
Altair,110,297.70062910169645,8.874114696097207,engine
Antares,110,247.34792997875942,-26.431988350460646,engine
Arcturus,110,213.90132240345164,19.17001631224002,engine
Ascendant,110,331.1648162762348,-11.808701716590631,engine
Bellatrix,110,81.28515749964704,6.351235268729722,engine
Betelgeuse,110,88.79496990696518,7.408650672848822,engine
Capella,110,79.176905947095,45.99303996143307,engine
Castor,110,113.64730387131847,31.886269071626455,engine
Ceres,110,109.81087295038361,23.374860354141624,engine
Chiron,110,26.60062206696854,11.157924005746326,engine
Deneb Algedi,110,326.765548864833,-16.128581137542465,engine
Eris,110,27.088002477856936,-0.07991000521208474,tno-rate
Fomalhaut,110,344.42046522692044,-29.62307689391121,engine
Gonggong,110,337.31195054307983,-10.272908570500892,tno-rate
Haumea,110,220.16872367692062,13.56668226110443,tno-rate
Juno,110,297.63431014191605,-13.138315485160827,engine
Jupiter,110,143.47186027221923,15.125438759685599,engine
Ketu,110,150.66605219684448,11.989608738632182,engine
Makemake,110,201.73124878960266,19.738457171818265,tno-rate
Mars,110,129.55363811796914,19.70522983880651,engine
Mercury,110,218.60500491018348,-18.04184273791193,engine
Midheaven,110,256.1699804079123,-22.826822086064453,engine
Moon,110,193.63272845904584,-10.981417125213422,engine
Neptune,110,2.604225479287766,-0.4192940005031629,engine
Orcus,110,161.29229802390074,-13.60525471812426,tno-rate
Pallas,110,19.831634315253016,-15.093576628042568,engine
Part_of_Fortune,110,329.1440152084974,-16.11673293058566,engine
Part_of_Spirit,110,333.1856173439721,-7.500670502595604,engine
Pleiades,110,56.87584697531137,24.105458243851366,engine
Pluto,110,306.04736274970867,-23.725098866869775,engine
Polaris,110,38.36553459013924,89.26231294163922,engine
Procyon,110,114.81969786689804,5.2189411189166695,engine
Quaoar,110,280.58536506926754,-15.09716919348917,tno-rate
Rahu,110,330.6660521968445,-11.989608738632182,engine
Regulus,110,152.08740855097295,11.968569124696229,engine
Rigel,110,78.63715490951273,-8.198854779985218,engine
Saturn,110,10.663821898651866,1.6371762543214983,engine
Sedna,110,62.29275855787525,8.845982133169557,tno-rate
Sirius,110,101.2837548730151,-16.721663153764013,engine
Spica,110,201.29259928817152,-11.159478546785646,engine
Sun,110,195.6535295267832,-6.673385911218395,engine
Transpluto,110,156.54268500274864,9.789457171164422,engine
Uranus,110,63.03872329885175,20.969145909853317,engine
Vega,110,279.23548477974197,38.79073703795267,engine
Venus,110,212.05585621605084,-21.012909035032582,engine
Vertex,110,169.66129874940688,4.448723491504167,engine
Vesta,110,23.154420009319658,-3.127749782048406,engine
Aldebaran,111,68.98418197006195,16.50881995066852,engine
Algol,111,47.04838538165605,40.9556414160148,engine
Algorab,111,187.45906354099733,-16.514099095462864,engine
Alkaid,111,206.875803912457,49.315114882251585,engine
Alphecca,111,233.6681233440597,26.717300144662406,engine
Altair,111,297.7006291967628,8.874114718230105,engine
Antares,111,247.34792987668698,-26.431988445688756,engine
Arcturus,111,213.90132220703666,19.170016340998703,engine
Ascendant,111,331.6633310758508,-11.626775928441573,engine
Bellatrix,111,81.28515754107197,6.351235236987995,engine
Betelgeuse,111,88.79496991999189,7.408650636771092,engine
Capella,111,79.17690601755258,45.99303980311859,engine
Castor,111,113.64730377748462,31.88626895767547,engine
Ceres,111,109.81105475899317,23.374873167645184,engine
Chiron,111,26.600592713739147,11.15791197204916,engine
Deneb Algedi,111,326.76554904943555,-16.128581180608155,engine
Eris,111,27.08799617426707,-0.07991229642476781,tno-rate
Fomalhaut,111,344.42046546517315,-29.62307693393839,engine
Gonggong,111,337.31194524882244,-10.27291022732539,tno-rate
Haumea,111,220.16873707119433,13.566675361788384,tno-rate
Juno,111,297.6344248825162,-13.138362733071132,engine
Jupiter,111,143.47197303598062,15.125403901258041,engine
Ketu,111,150.665967823318,11.989639247028942,engine
Makemake,111,201.7312626483811,19.738451199281386,tno-rate
Mars,111,129.55404484748658,19.705142006731524,engine
Mercury,111,218.6057118132476,-18.042125123213967,engine
Midheaven,111,256.4205318701475,-22.848678669171505,engine
Moon,111,193.6398003987555,-10.984968834417693,engine
Neptune,111,2.604208767477152,-0.4193012898892654,engine
Orcus,111,161.29231063502414,-13.605262509750178,tno-rate
Pallas,111,19.831501283300778,-15.093753555982149,engine
Part_of_Fortune,111,329.648966904914,-15.938096577939179,engine
Part_of_Spirit,111,333.6776952467876,-7.315455278943967,engine
Pleiades,111,56.87584711314673,24.105458163871916,engine
Pluto,111,306.047360765023,-23.7250989806744,engine
Polaris,111,38.36554823676188,89.26231281309185,engine
Procyon,111,114.81969778254556,5.218941091720362,engine
Quaoar,111,280.58536901964754,-15.097171149242731,tno-rate
Rahu,111,330.665967823318,-11.989639247028942,engine
Regulus,111,152.0874083585048,11.968569094055047,engine
Rigel,111,78.6371549610567,-8.198854757865313,engine
Saturn,111,10.66377258531519,1.637155328642231,engine
Sedna,111,62.2927544139442,8.845980079157597,tno-rate
Sirius,111,101.28375483665977,-16.721663101147545,engine
Spica,111,201.29259907958954,-11.15947857002073,engine
Sun,111,195.65416456969234,-6.673648184920086,engine
Transpluto,111,156.54269045634467,9.789455069161018,engine
Uranus,111,63.03870619623953,20.96914289183341,engine
Vega,111,279.2354848142102,38.79073716671262,engine
Venus,111,212.0556356017884,-21.01284143039867,engine
Vertex,111,169.84837821394422,4.369393049044191,engine
Vesta,111,23.154258030433905,-3.1278134358692116,engine
Aldebaran,112,68.98418206055841,16.508819885946558,engine
Algol,112,47.0483855870485,40.95564130959597,engine
Algorab,112,187.45906331423527,-16.51409910832631,engine
Alkaid,112,206.87580360806228,49.315114945209416,engine
Alphecca,112,233.6681231913951,26.717300213664817,engine
Altair,112,297.70062929102056,8.874114740473122,engine
Antares,112,247.34792977344424,-26.43198854083944,engine
Arcturus,112,213.9013220097947,19.17001636952359,engine
Ascendant,112,332.1635613615332,-11.443123109709656,engine
Bellatrix,112,81.28515758356119,6.351235205238852,engine
Betelgeuse,112,88.79496993406447,7.408650600666591,engine
Capella,112,79.17690608953629,45.99303964477036,engine
Castor,112,113.64730368464743,31.886268843388045,engine
Ceres,112,109.81123657363929,23.374885985122848,engine
Chiron,112,26.60056335979016,11.157899938681078,engine
Deneb Algedi,112,326.7655492336645,-16.128581223949126,engine
Eris,112,27.0879898706772,-0.07991458763745089,tno-rate
Fomalhaut,112,344.420465703381,-29.623076974487862,engine
Gonggong,112,337.3119399545651,-10.272911884149886,tno-rate
Haumea,112,220.168750465468,13.566668462472336,tno-rate
Juno,112,297.63453961614067,-13.138409977981585,engine
Jupiter,112,143.4720858041634,15.125369043304016,engine
Ketu,112,150.66588343570885,11.989669760485695,engine
Makemake,112,201.73127650715952,19.738445226744503,tno-rate
Mars,112,129.5544515915768,19.70505417756431,engine
Mercury,112,218.6064187176874,-18.042407490635767,engine
Midheaven,112,256.67108553682,-22.870136484619728,engine
Moon,112,193.64688207780674,-10.988519083832982,engine
Neptune,112,2.6041920550557203,-0.41930857924620396,engine
Orcus,112,161.29232324614756,-13.605270301376095,tno-rate
Pallas,112,19.83136823770175,-15.093930484801794,engine
Part_of_Fortune,112,330.1556438007628,-15.7577317374674,engine
Part_of_Spirit,112,334.1714789223036,-7.128514481951912,engine
Pleiades,112,56.87584725207727,24.10545808404035,engine
Pluto,112,306.04735877913913,-23.72509909452847,engine
Polaris,112,38.36556194821015,89.26231268520014,engine
Procyon,112,114.81969769902949,5.218941064466569,engine
Quaoar,112,280.58537297002755,-15.097173104996294,tno-rate
Rahu,112,330.66588343570885,-11.989669760485695,engine
Regulus,112,152.08740816630706,11.968569063203002,engine
Rigel,112,78.63715501367233,-8.198854735737491,engine
Saturn,112,10.663723269356696,1.6371344031263264,engine
Sedna,112,62.292750270013144,8.845978025145637,tno-rate
Sirius,112,101.2837548013108,-16.7216630484009,engine
Spica,112,201.29259887039055,-11.15947859308506,engine
Sun,112,195.65479963857715,-6.673910456075237,engine
Transpluto,112,156.54269590988383,9.789452967180598,engine
Uranus,112,63.03868909398596,20.969139874384208,engine
Vega,112,279.23548484742224,38.790737295731184,engine
Venus,112,212.05541504260543,-21.012773789110938,engine
Vertex,112,170.03543268837885,4.290010014983962,engine
Vesta,112,23.15409603552028,-3.127877089515239,engine
Aldebaran,113,68.9841821521517,16.508819821267714,engine
Algol,113,47.04838579366152,40.95564120352387,engine
Algorab,113,187.45906308708206,-16.5140991209052,engine
Alkaid,113,206.87580330261864,49.31511500755312,engine
Alphecca,113,233.6681230376374,26.71730028248208,engine
Altair,113,297.7006293844666,8.874114762825728,engine
Antares,113,247.34792966903203,-26.431988635910667,engine
Arcturus,113,213.90132181172908,19.170016397813594,engine
Ascendant,113,332.6654902496257,-11.257752182162225,engine
Bellatrix,113,81.28515762711505,6.351235173482804,engine
Betelgeuse,113,88.79496994918394,7.408650564535913,engine
Capella,113,79.17690616304647,45.993039486391694,engine
Castor,113,113.64730359281018,31.886268728766165,engine
Ceres,113,109.81141839427816,23.37489880658717,engine
Chiron,113,26.600534005113108,11.15788790564153,engine
Deneb Algedi,113,326.7655494175155,-16.128581267564925,engine
Eris,113,27.087983567087335,-0.07991687885013396,tno-rate
Fomalhaut,113,344.4204659415388,-29.62307701555954,engine
Gonggong,113,337.31193466030777,-10.272913540974384,tno-rate
Haumea,113,220.16876385974172,13.56666156315629,tno-rate
Juno,113,297.6346543430434,-13.13845721987962,engine
Jupiter,113,143.47219857669734,15.125334185849391,engine
Ketu,113,150.66579903407728,11.989700278980607,engine
Makemake,113,201.73129036593792,19.738439254207623,tno-rate
Mars,113,129.55485835001937,19.70496635136693,engine
Mercury,113,218.60712562374363,-18.042689840342664,engine
Midheaven,113,256.9216414170339,-22.891195481028703,engine
Moon,113,193.65397367755813,-10.992067947054315,engine
Neptune,113,2.604175342023178,-0.4193158685717535,engine
Orcus,113,161.29233585727096,-13.605278093002012,tno-rate
Pallas,113,19.83123517826476,-15.094107414460547,engine
Part_of_Fortune,113,330.6640291936799,-15.57564740451995,engine
Part_of_Spirit,113,334.6669513055715,-6.9398569598045,engine
Pleiades,113,56.87584739210122,24.10545800435845,engine
Pluto,113,306.0473567920509,-23.72509920842942,engine
Polaris,113,38.36557572426066,89.26231255796776,engine
Procyon,113,114.81969761635278,5.218941037155627,engine
Quaoar,113,280.58537692040755,-15.097175060749855,tno-rate
Rahu,113,330.6657990340773,-11.989700278980607,engine
Regulus,113,152.08740797438432,11.968569032140355,engine
Rigel,113,78.63715506735977,-8.198854713602408,engine
Saturn,113,10.663673950765942,1.6371134777734029,engine
Sedna,113,62.29274612608209,8.845975971133678,tno-rate
Sirius,113,101.28375476697026,-16.721662995525282,engine
Spica,113,201.2925986605785,-11.159478615978127,engine
Sun,113,195.6554347335039,-6.674172724696589,engine
Transpluto,113,156.54270136336592,9.789450865223207,engine
Uranus,113,63.038671992088545,20.969136857507827,engine
Vega,113,279.2354848793758,38.79073742500569,engine
Venus,113,212.05519453883187,-21.01270611127548,engine
Vertex,113,170.22246263019923,4.210575336726841,engine
Vesta,113,23.153934024876982,-3.1279407428314485,engine
Aldebaran,114,68.9841822448412,16.5088197566333,engine
Algol,114,47.04838600149204,40.955641097801134,engine
Algorab,114,187.45906285954226,-16.51409913319905,engine
Alkaid,114,206.8758029961315,49.31511506928045,engine
Alphecca,114,233.66812288278874,26.71730035111227,engine
Altair,114,297.70062947709783,8.874114785287377,engine
Antares,114,247.34792956345126,-26.43198873090039,engine
Arcturus,114,213.90132161284313,19.17001642586758,engine
Ascendant,114,333.1691001490593,-11.070672973281333,engine
Bellatrix,114,81.28515767173396,6.351235141720366,engine
Betelgeuse,114,88.79496996535124,7.408650528379647,engine
Capella,114,79.17690623808333,45.99303932798597,engine
Castor,114,113.64730350197614,31.886268613811776,engine
Ceres,114,109.81160022086587,23.374911632050722,engine
Chiron,114,26.600504649699523,11.157875872929992,engine
Deneb Algedi,114,326.76554960098383,-16.128581311455125,engine
Eris,114,27.08797726349747,-0.07991917006281703,tno-rate
Fomalhaut,114,344.4204661796411,-29.623077057153328,engine
Gonggong,114,337.3119293660504,-10.27291519779888,tno-rate
Haumea,114,220.1687772540154,13.566654663840243,tno-rate
Juno,114,297.63476906305283,-13.13850445875946,engine
Jupiter,114,143.47231135364356,15.125299328879688,engine
Ketu,114,150.66571461842642,11.989730802512563,engine
Makemake,114,201.73130422471635,19.73843328167074,tno-rate
Mars,114,129.55526512311425,19.704878528081696,engine
Mercury,114,218.60783253138354,-18.042972172212668,engine
Midheaven,114,257.172199519724,-22.911855608467643,engine
Moon,114,193.66107489529801,-10.995615298077526,engine
Neptune,114,2.604158628368459,-0.4193231578681128,engine
Orcus,114,161.29234846839438,-13.60528588462793,tno-rate
Pallas,114,19.831102105242554,-15.094284344997593,engine
Part_of_Fortune,114,331.1741051898191,-15.391853280562,engine
Part_of_Spirit,114,335.16409510829953,-6.749492666000667,engine
Pleiades,114,56.87584753321688,24.105457924827977,engine
Pluto,114,306.0473548037619,-23.725099322375186,engine
Polaris,114,38.36558956468877,89.26231243139833,engine
Procyon,114,114.81969753451826,5.218941009787872,engine
Quaoar,114,280.58538087078756,-15.097177016503418,tno-rate
Rahu,114,330.6657146184264,-11.989730802512563,engine
Regulus,114,152.08740778274117,11.968569000867335,engine
Rigel,114,78.6371551221192,-8.198854691460726,engine
Saturn,114,10.66362462953258,1.6370925525830895,engine
Sedna,114,62.292741982151036,8.845973917121718,tno-rate
Sirius,114,101.28375473364012,-16.721662942521938,engine
Spica,114,201.29259845015724,-11.159478638699413,engine
Sun,114,195.65606985453826,-6.67443499079686,engine
Transpluto,114,156.54270681679105,9.789448763288755,engine
Uranus,114,63.03865489052744,20.96913384120314,engine
Vega,114,279.23548491006846,38.79073755453339,engine
Venus,114,212.05497409079572,-21.012638396998696,engine
Vertex,114,170.4094684963618,4.1310899629958255,engine
Vesta,114,23.15377199827251,-3.128004395890189,engine
Aldebaran,115,68.98418233862618,16.50881969204462,engine
Algol,115,47.04838621053697,40.9556409924304,engine
Algorab,115,187.4590626316204,-16.514099145207428,engine
Alkaid,115,206.8758026886063,49.31511513038917,engine
Alphecca,115,233.66812272685107,26.71730041955352,engine
Altair,115,297.7006295689112,8.874114807857534,engine
Antares,115,247.3479294567028,-26.431988825806556,engine
Arcturus,115,213.9013214131402,19.17001645368445,engine
Ascendant,115,333.6743727634978,-10.881896229795435,engine
Bellatrix,115,81.28515771741822,6.351235109952054,engine
Betelgeuse,115,88.79496998256734,7.408650492198376,engine
Capella,115,79.17690631464716,45.9930391695565,engine
Castor,115,113.6473034121486,31.88626849852686,engine
Ceres,115,109.81178205335836,23.374924461525918,engine
Chiron,115,26.600475293536032,11.157863840544701,engine
Deneb Algedi,115,326.76554978406506,-16.12858135561925,engine
Eris,115,27.087970959907604,-0.0799214612755001,tno-rate
Fomalhaut,115,344.42046641768263,-29.623077099269107,engine
Gonggong,115,337.31192407179304,-10.272916854623377,tno-rate
Haumea,115,220.1687906482891,13.566647764524197,tno-rate
Juno,115,297.6348837764235,-13.138551694608646,engine
Jupiter,115,143.47242413496446,15.125264472410702,engine
Ketu,115,150.6656301887598,11.989761331080276,engine
Makemake,115,201.73131808349478,19.73842730913386,tno-rate
Mars,115,129.55567191064034,19.704790707770506,engine
Mercury,115,218.60853944084707,-18.043254486411378,engine
Midheaven,115,257.42275985644835,-22.932116818638246,engine
Moon,115,193.66818607328085,-10.999161277090662,engine
Neptune,115,2.6041419140913145,-0.4193304471330531,engine
Orcus,115,161.29236107951778,-13.605293676253847,tno-rate
Pallas,115,19.83096901829662,-15.09446127634514,engine
Part_of_Fortune,115,331.6858538350333,-15.206360252497245,engine
Part_of_Spirit,115,335.6628916919623,-6.557432207093627,engine
Pleiades,115,56.87584767542244,24.10545784545075,engine
Pluto,115,306.04735281426605,-23.725099436363188,engine
Polaris,115,38.365603469268734,89.26231230549547,engine
Procyon,115,114.8196974535288,5.218940982363634,engine
Quaoar,115,280.58538482116757,-15.09717897225698,tno-rate
Rahu,115,330.6656301887598,-11.989761331080276,engine
Regulus,115,152.08740759138215,11.968568969384206,engine
Rigel,115,78.63715517795072,-8.1988546693131,engine
Saturn,115,10.663575305662741,1.637071627561793,engine
Sedna,115,62.292737838219985,8.845971863109758,tno-rate
Sirius,115,101.2837547013224,-16.721662889392036,engine
Spica,115,201.29259823913074,-11.159478661248416,engine
Sun,115,195.65670500174537,-6.674697254388854,engine
Transpluto,115,156.5427122701592,9.789446661377323,engine
Uranus,115,63.03863778930018,20.969130825472217,engine
Vega,115,279.2354849394982,38.79073768431168,engine
Venus,115,212.05475369882365,-21.01257064638759,engine
Vertex,115,170.59645074538724,4.0515548429246175,engine
Vesta,115,23.15360995565222,-3.128068048688059,engine
Aldebaran,116,68.98418243350596,16.508819627502984,engine
Algol,116,47.04838642079319,40.955640887414305,engine
Algorab,116,187.4590624033211,-16.514099156929856,engine
Alkaid,116,206.87580238004864,49.31511519087704,engine
Alphecca,116,233.66812256982658,26.717300487803858,engine
Altair,116,297.70062965990377,8.874114830535653,engine
Antares,116,247.34792934878743,-26.431988920627155,engine
Arcturus,116,213.90132121262377,19.170016481263076,engine
Ascendant,116,334.18128907719006,-10.691433636753553,engine
Bellatrix,116,81.28515776416819,6.351235078178384,engine
Betelgeuse,116,88.79497000083316,7.408650455992697,engine
Capella,116,79.17690639273815,45.993039011106646,engine
Castor,116,113.64730332333077,31.886268382913407,engine
Ceres,116,109.81196389159231,23.37493729501979,engine
Chiron,116,26.60044593662408,11.157851808487518,engine
Deneb Algedi,116,326.76554996675463,-16.128581400056863,engine
Eris,116,27.087964656317737,-0.07992375248818316,tno-rate
Fomalhaut,116,344.42046665565795,-29.62307714190677,engine
Gonggong,116,337.3119187775357,-10.272918511447875,tno-rate
Haumea,116,220.16880404256278,13.566640865208148,tno-rate
Juno,116,297.6349984829843,-13.13859892742145,engine
Jupiter,116,143.47253692062236,15.125229616458167,engine
Ketu,116,150.66554574513708,11.989791864662092,engine
Makemake,116,201.73133194227321,19.73842133659698,tno-rate
Mars,116,129.55607871237635,19.704702890495263,engine
Mercury,116,218.60924635210083,-18.043536782817057,engine
Midheaven,116,257.6733224358019,-22.951979064374093,engine
Moon,116,193.67530690841178,-11.002705758140353,engine
Neptune,116,2.604125199183401,-0.41933773636766714,engine
Orcus,116,161.2923736906412,-13.605301467879764,tno-rate
Pallas,116,19.830835917680247,-15.094638208542271,engine
Part_of_Fortune,116,332.1992558104119,-15.019179879408547,engine
Part_of_Spirit,116,336.1633223439682,-6.36368739409856,engine
Pleiades,116,56.87584781871618,24.105457766228533,engine
Pluto,116,306.04735082356706,-23.72509955039137,engine
Polaris,116,38.365617437773466,89.26231218026281,engine
Procyon,116,114.81969737338726,5.218940954883256,engine
Quaoar,116,280.58538877154757,-15.097180928010541,tno-rate
Rahu,116,330.6655457451371,-11.989791864662092,engine
Regulus,116,152.0874074003119,11.96856893769122,engine
Rigel,116,78.63715523485443,-8.198854647160196,engine
Saturn,116,10.663525979113357,1.6370507026955745,engine
Sedna,116,62.29273369428893,8.8459698090978,tno-rate
Sirius,116,101.28375467001902,-16.721662836136836,engine
Spica,116,201.29259802750286,-11.159478683624632,engine
Sun,116,195.65734017518994,-6.67495951548536,engine
Transpluto,116,156.54271772347036,9.78944455948889,engine
Uranus,116,63.03862068839847,20.969127810316056,engine
Vega,116,279.2354849676626,38.79073781433778,engine
Venus,116,212.05453336324098,-21.01250285954952,engine
Vertex,116,170.783409833203,3.9719709278070683,engine
Vesta,116,23.153447896785185,-3.1281317012973826,engine
Aldebaran,117,68.98418252947984,16.508819563009705,engine
Algol,117,47.048386632257575,40.95564078275545,engine
Algorab,117,187.45906217464884,-16.514099168365878,engine
Alkaid,117,206.87580207046395,49.31511525074182,engine
Alphecca,117,233.66812241171723,26.717300555861417,engine
Altair,117,297.7006297500723,8.874114853321183,engine
Antares,117,247.3479292397063,-26.431989015360127,engine
Arcturus,117,213.90132101129714,19.17001650860238,engine
Ascendant,117,334.68982936012685,-10.49929782885644,engine
Bellatrix,117,81.28515781198413,6.351235046399868,engine
Betelgeuse,117,88.7949700201496,7.408650419763201,engine
Capella,117,79.17690647235646,45.99303885263973,engine
Castor,117,113.64730323552591,31.886268266973396,engine
Ceres,117,109.81214573576146,23.374950132555387,engine
Chiron,117,26.60041657895029,11.157839776756674,engine
Deneb Algedi,117,326.76555014904807,-16.128581444767498,engine
Eris,117,27.08795835272787,-0.07992604370086623,tno-rate
Fomalhaut,117,344.42046689356187,-29.62307718506616,engine
Gonggong,117,337.3119134832783,-10.272920168272371,tno-rate
Haumea,117,220.1688174368365,13.566633965892102,tno-rate
Juno,117,297.6351131828835,-13.138646157187175,engine
Jupiter,117,143.47264971067813,15.12519476100764,engine
Ketu,117,150.66546128744875,11.989822403297651,engine
Makemake,117,201.73134580105162,19.7384153640601,tno-rate
Mars,117,129.55648552862124,19.704615076198056,engine
Mercury,117,218.6099532653842,-18.04381906159558,engine
Midheaven,117,257.9238872671391,-22.971442299910127,engine
Moon,117,193.68243774261492,-11.006248881454882,engine
Neptune,117,2.604108483636393,-0.4193450255730447,engine
Orcus,117,161.2923863017646,-13.605309259505681,tno-rate
Pallas,117,19.8307028032032,-15.094815141547864,engine
Part_of_Fortune,117,332.7142917278054,-14.830324936212069,engine
Part_of_Spirit,117,336.6653669924483,-6.168270721500811,engine
Pleiades,117,56.875847963096234,24.10545768716311,engine
Pluto,117,306.04734883165884,-23.72509966445716,engine
Polaris,117,38.365631469974666,89.26231205570392,engine
Procyon,117,114.8196972940964,5.218940927347082,engine
Quaoar,117,280.5853927219275,-15.097182883764104,tno-rate
Rahu,117,330.66546128744875,-11.989822403297651,engine
Regulus,117,152.08740720953494,11.968568905788638,engine
Rigel,117,78.63715529283041,-8.19885462500267,engine
Saturn,117,10.663476649890626,1.6370297779908305,engine
Sedna,117,62.292729550357876,8.84596775508584,tno-rate
Sirius,117,101.28375463973195,-16.721662782757534,engine
Spica,117,201.29259781527756,-11.159478705827556,engine
Sun,117,195.65797537493634,-6.675221774099253,engine
Transpluto,117,156.5427231767246,9.789442457623458,engine
Uranus,117,63.03860358781397,20.96912479573565,engine
Vega,117,279.23548499455967,38.79073794460903,engine
Venus,117,212.05431308437196,-21.01243503659251,engine
Vertex,117,170.97034621593392,3.89233916989376,engine
Vesta,117,23.153285821970833,-3.128195353563048,engine
Aldebaran,118,68.98418262654701,16.508819498566087,engine
Algol,118,47.04838684492701,40.95564067845649,engine
Algorab,118,187.4590619456082,-16.514099179515075,engine
Alkaid,118,206.8758017598578,49.315115309981294,engine
Alphecca,118,233.66812225252534,26.717300623724277,engine
Altair,118,297.700629839414,8.87411487621358,engine
Antares,118,247.3479291294602,-26.431989110003443,engine
Arcturus,118,213.90132080916376,19.17001653570127,engine
Ascendant,118,335.1999731625706,-10.305502405119782,engine
Bellatrix,118,81.28515786086633,6.351235014617028,engine
Betelgeuse,118,88.79497004051758,7.4086503835104685,engine
Capella,118,79.1769065535023,45.993038694159104,engine
Castor,118,113.64730314873717,31.886268150708812,engine
Ceres,118,109.81232758570223,23.374962974139564,engine
Chiron,118,26.600387220506278,11.157827745351602,engine
Deneb Algedi,118,326.7655503309407,-16.128581489750687,engine
Eris,118,27.087952049138007,-0.07992833491354931,tno-rate
Fomalhaut,118,344.42046713138893,-29.623077228747178,engine
Gonggong,118,337.311908189021,-10.27292182509687,tno-rate
Haumea,118,220.16883083111017,13.566627066576055,tno-rate
Juno,118,297.63522787626977,-13.138693383895147,engine
Jupiter,118,143.4727625050938,15.125159906074853,engine
Ketu,118,150.6653768157547,11.989852946965282,engine
Makemake,118,201.73135965983005,19.738409391523216,tno-rate
Mars,118,129.55689235915307,19.70452726494062,engine
Mercury,118,218.61066018066313,-18.04410132262553,engine
Midheaven,118,258.1744543587115,-22.990506480696588,engine
Moon,118,193.68957827247,-11.0097905211803,engine
Neptune,118,2.6040917674500705,-0.4193523147469589,engine
Orcus,118,161.292398912888,-13.6053170511316,tno-rate
Pallas,118,19.830569674675623,-15.094992075320697,engine
Part_of_Fortune,118,333.23094083399235,-14.63980889605666,engine
Part_of_Spirit,118,337.1690054911488,-5.971195914182903,engine
Pleiades,118,56.87584810856083,24.105457608256245,engine
Pluto,118,306.047346838545,-23.725099778558477,engine
Polaris,118,38.36564556564277,89.26231193182241,engine
Procyon,118,114.81969721565906,5.218940899755442,engine
Quaoar,118,280.5853966723075,-15.097184839517665,tno-rate
Rahu,118,330.6653768157547,-11.989852946965282,engine
Regulus,118,152.08740701905595,11.968568873676723,engine
Rigel,118,78.63715535187876,-8.198854602841184,engine
Saturn,118,10.663427317984393,1.6370088534471807,engine
Sedna,118,62.29272540642682,8.845965701073881,tno-rate
Sirius,118,101.28375461046313,-16.721662729255367,engine
Spica,118,201.29259760245887,-11.159478727856696,engine
Sun,118,195.65861060104825,-6.675484030243421,engine
Transpluto,118,156.54272862992184,9.789440355781009,engine
Uranus,118,63.038586487544194,20.96912178173302,engine
Vega,118,279.235485020187,38.790738075122704,engine
Venus,118,212.0540928625389,-21.012367177624853,engine
Vertex,118,171.15726034852443,3.812660522960587,engine
Vesta,118,23.153123730978727,-3.128259005557381,engine
Aldebaran,119,68.98418272470683,16.508819434173386,engine
Algol,119,47.04838705879843,40.95564057451995,engine
Algorab,119,187.4590617162036,-16.51409919037699,engine
Alkaid,119,206.87580144823553,49.315115368593304,engine
Alphecca,119,233.66812209225284,26.717300691390594,engine
Altair,119,297.7006299279258,8.874114899212314,engine
Antares,119,247.34792901805005,-26.431989204555144,engine
Arcturus,119,213.90132060622693,19.17001656255865,engine
Ascendant,119,335.7116996662055,-10.110061806351405,engine
Bellatrix,119,81.28515791081512,6.351234982830353,engine
Betelgeuse,119,88.79497006193795,7.408650347235077,engine
Capella,119,79.17690663617583,45.993038535668006,engine
Castor,119,113.6473030629677,31.886268034121592,engine
Ceres,119,109.81250944149191,23.374975819793143,engine
Chiron,119,26.60035786126395,11.157815714263666,engine
Deneb Algedi,119,326.7655505124283,-16.12858153500599,engine
Eris,119,27.087945745543912,-0.07993062612776874,tno-rate
Fomalhaut,119,344.4204673691341,-29.623077272949683,engine
Gonggong,119,337.31190289476007,-10.272923481922478,tno-rate
Haumea,119,220.16884422539286,13.566620167255381,tno-rate
Juno,119,297.63534256304933,-13.138740607571464,engine
Jupiter,119,143.47287530390716,15.125125051652162,engine
Ketu,119,150.66529233000148,11.989883495684277,engine
Makemake,119,201.73137351861777,19.73840341898233,tno-rate
Mars,119,129.5572992041959,19.704439456685822,engine
Mercury,119,218.61136709865016,-18.044383566262212,engine
Midheaven,119,258.4250238898838,-23.009171576060137,engine
Moon,119,193.6967288442438,-11.013330819898513,engine
Neptune,119,2.6040750506022285,-0.41935960389649674,engine
Orcus,119,161.29241152401985,-13.605324842762741,tno-rate
Pallas,119,19.830436532262272,-15.095169010018381,engine
Part_of_Fortune,119,333.74918265643436,-14.447646342143283,engine
Part_of_Spirit,119,337.67421667597665,-5.772477270559528,engine
Pleiades,119,56.87584825510821,24.10545752950965,engine
Pluto,119,306.0473448442184,-23.725099892692832,engine
Polaris,119,38.36565972455673,89.26231180862175,engine
Procyon,119,114.81969713807801,5.2189408721086625,engine
Quaoar,119,280.5854006226902,-15.097186795272538,tno-rate
Rahu,119,330.6652923300015,-11.989883495684277,engine
Regulus,119,152.0874068288792,11.968568841355724,engine
Rigel,119,78.63715541199953,-8.198854580676386,engine
Saturn,119,10.663377983351545,1.6369879290502305,engine
Sedna,119,62.29272126249299,8.845963647060545,tno-rate
Sirius,119,101.28375458221446,-16.72166267563152,engine
Spica,119,201.2925973890505,-11.15947874971156,engine
Sun,119,195.65924585401496,-6.675746284106636,engine
Transpluto,119,156.54273408306568,9.789438253960148,engine
Uranus,119,63.038569387557736,20.969118768304998,engine
Vega,119,279.23548504454266,38.79073820587618,engine
Venus,119,212.0538726979155,-21.012299282709836,engine
Vertex,119,171.34415281319426,3.73293588747655,engine
Vesta,119,23.15296162364688,-3.1283226573195533,engine
Aldebaran,120,68.98418282395832,16.508819369833,engine
Algol,120,47.04838727386836,40.95564047094855,engine
Algorab,120,187.45906148643994,-16.514099200951183,engine
Alkaid,120,206.87580113560315,49.31511542657557,engine
Alphecca,120,233.6681219309022,26.717300758858382,engine
Altair,120,297.70063001560464,8.874114922316796,engine
Antares,120,247.34792890547698,-26.43198929901304,engine
Arcturus,120,213.90132040249034,19.170016589173414,engine
Ascendant,120,336.2249862929629,-9.912991858363466,engine
Bellatrix,120,81.2851579618306,6.351234951040402,engine
Betelgeuse,120,88.79497008441153,7.408650310937659,engine
Capella,120,79.17690672037699,45.99303837716999,engine
Castor,120,113.64730297822075,31.886267917213885,engine
Ceres,120,109.81269130284177,23.37498866951096,engine
Chiron,120,26.600328501254303,11.1578036835084,engine
Deneb Algedi,120,326.76555069350616,-16.128581580532867,engine
Eris,120,27.087939441954045,-0.07993291734045183,tno-rate
Fomalhaut,120,344.42046760679153,-29.62307731767343,engine
Gonggong,120,337.31189760050273,-10.272925138746974,tno-rate
Haumea,120,220.16885761966654,13.566613267939335,tno-rate
Juno,120,297.63545724332374,-13.138787828140503,engine
Jupiter,120,143.47298810702736,15.125090197771884,engine
Ketu,120,150.6652078303626,11.989914049391885,engine
Makemake,120,201.7313873773962,19.73839744644545,tno-rate
Mars,120,129.55770606298154,19.704351651613027,engine
Mercury,120,218.6120740183627,-18.04466579200603,engine
Midheaven,120,258.6755955306463,-23.02743751873925,engine
Moon,120,193.70388914457877,-11.016869647089175,engine
Neptune,120,2.604058333115098,-0.4193668930096509,engine
Orcus,120,161.29242413514328,-13.605332634388658,tno-rate
Pallas,120,19.830303375804434,-15.095345945335577,engine
Part_of_Fortune,120,334.2689943044944,-14.253852970102518,engine
Part_of_Spirit,120,338.1809782814314,-5.572130746624414,engine
Pleiades,120,56.87584840273629,24.10545745092522,engine
Pluto,120,306.0473428486854,-23.725100006857975,engine
Polaris,120,38.365673946465456,89.26231168610566,engine
Procyon,120,114.81969706135608,5.218940844407128,engine
Quaoar,120,280.5854045730702,-15.097188751026101,tno-rate
Rahu,120,330.6652078303626,-11.989914049391885,engine
Regulus,120,152.08740663900966,11.96856880882596,engine
Rigel,120,78.63715547319268,-8.198854558508959,engine
Saturn,120,10.663328646048157,1.6369670048276412,engine
Sedna,120,62.29271711856193,8.845961593048585,tno-rate
Sirius,120,101.28375455498784,-16.721662621887308,engine
Spica,120,201.2925971750568,-11.15947877139164,engine
Sun,120,195.65988113304726,-6.676008535350124,engine
Transpluto,120,156.5427395361489,9.7894361521637,engine
Uranus,120,63.03855228787501,20.969115755457622,engine
Vega,120,279.2354850676244,38.79073833686658,engine
Venus,120,212.05365259111667,-21.01223135204788,engine
Vertex,120,171.53102381191013,3.6531663271233348,engine
Vesta,120,23.152799499962864,-3.1283863088365265,engine
Aldebaran,121,68.98418292430077,16.50881930554619,engine
Algol,121,47.048387490133706,40.95564036774484,engine
Algorab,121,187.45906125632163,-16.514099211237223,engine
Alkaid,121,206.875800821966,49.31511548392595,engine
Alphecca,121,233.6681217684754,26.71730082612578,engine
Altair,121,297.7006301024476,8.874114945526497,engine
Antares,121,247.34792879174194,-26.43198939337519,engine
Arcturus,121,213.90132019795738,19.170016615544498,engine
Ascendant,121,336.73981078513276,-9.714308987954674,engine
Bellatrix,121,81.28515801391309,6.351234919247672,engine
Betelgeuse,121,88.79497010793919,7.408650274618788,engine
Capella,121,79.17690680610595,45.99303821866829,engine
Castor,121,113.64730289449942,31.886267799987642,engine
Ceres,121,109.81287316970977,23.375001523308303,engine
Chiron,121,26.60029914044927,11.157791653077162,engine
Deneb Algedi,121,326.7655508741698,-16.128581626330853,engine
Eris,121,27.08793313836418,-0.07993520855313489,tno-rate
Fomalhaut,121,344.42046784435627,-29.62307736291833,engine
Gonggong,121,337.31189230624534,-10.272926795571472,tno-rate
Haumea,121,220.16887101394025,13.566606368623289,tno-rate
Juno,121,297.63557191699965,-13.138835045628449,engine
Jupiter,121,143.47310091449188,15.12505534442633,engine
Ketu,121,150.66512331667133,11.989944608148376,engine
Makemake,121,201.7314012361746,19.73839147390857,tno-rate
Mars,121,129.55811293608065,19.704263849605184,engine
Mercury,121,218.6127809405126,-18.044948000212564,engine
Midheaven,121,258.9261694600151,-23.045304280709274,engine
Moon,121,193.71105951941945,-11.02040714539126,engine
Neptune,121,2.6040416149691943,-0.4193741820924034,engine
Orcus,121,161.29243674626667,-13.605340426014576,tno-rate
Pallas,121,19.830170205467347,-15.095522881429831,engine
Part_of_Fortune,121,334.7903538659187,-14.05844534918316,engine
Part_of_Spirit,121,338.68926770434683,-5.370172626726187,engine
Pleiades,121,56.875848551443305,24.10545737250464,engine
Pluto,121,306.0473408519387,-23.725100121051437,engine
Polaris,121,38.365688231145434,89.26231156427762,engine
Procyon,121,114.819696985496,5.218940816651156,engine
Quaoar,121,280.5854085234502,-15.097190706779662,tno-rate
Rahu,121,330.6651233166713,-11.989944608148376,engine
Regulus,121,152.0874064494517,11.968568776087679,engine
Rigel,121,78.63715553545823,-8.198854536339553,engine
Saturn,121,10.663279306047649,1.6369460807717986,engine
Sedna,121,62.29271297463088,8.845959539036626,tno-rate
Sirius,121,101.28375452878512,-16.721662568023905,engine
Spica,121,201.29259696048157,-11.159478792896461,engine
Sun,121,195.66051643863352,-6.6762707841627735,engine
Transpluto,121,156.54274498917513,9.789434050390232,engine
Uranus,121,63.03853518847614,20.969112743189804,engine
Vega,121,279.23548508943003,38.79073846809125,engine
Venus,121,212.05343254231315,-21.012163385703236,engine
Vertex,121,171.71787392599168,3.5733527447429974,engine
Vesta,121,23.152637360118554,-3.128449959995813,engine
Aldebaran,122,68.98418302573336,16.508819241314264,engine
Algol,122,47.04838770759125,40.95564026491143,engine
Algorab,122,187.4590610258533,-16.514099221234698,engine
Alkaid,122,206.87580050732976,49.315115540642296,engine
Alphecca,122,233.6681216049747,26.71730089319092,engine
Altair,122,297.70063018845167,8.874114968840848,engine
Antares,122,247.34792867684604,-26.43198948763956,engine
Arcturus,122,213.90131999263141,19.170016641670813,engine
Ascendant,122,337.25614981761265,-9.514030761861168,engine
Bellatrix,122,81.28515806706275,6.35123488745267,engine
Betelgeuse,122,88.79497013252171,7.4086502382790504,engine
Capella,122,79.17690689336273,45.99303806016626,engine
Castor,122,113.64730281180687,31.886267682444856,engine
Ceres,122,109.81305504228884,23.37501438120784,engine
Chiron,122,26.60026977884052,11.157779622969356,engine
Deneb Algedi,122,326.7655510544148,-16.128581672399488,engine
Eris,122,27.087926834774315,-0.07993749976581796,tno-rate
Fomalhaut,122,344.4204680818228,-29.62307740868417,engine
Gonggong,122,337.311887011988,-10.272928452395968,tno-rate
Haumea,122,220.16888440821393,13.566599469307242,tno-rate
Juno,122,297.6356865843328,-13.13888226002311,engine
Jupiter,122,143.4732137262625,15.125020491631231,engine
Ketu,122,150.66503878898777,11.989975171931995,engine
Makemake,122,201.73141509495304,19.73838550137169,tno-rate
Mars,122,129.55851982327002,19.70417605072375,engine
Mercury,122,218.61348786506463,-18.045230190760996,engine
Midheaven,122,259.17674568554685,-23.062771822195877,engine
Moon,122,193.71823966460258,-11.023943189079118,engine
Neptune,122,2.6040248961562606,-0.4193814711458452,engine
Orcus,122,161.2924493573901,-13.605348217640493,tno-rate
Pallas,122,19.830037021062168,-15.095699818259744,engine
Part_of_Fortune,122,335.31323771137977,-13.861440920382709,engine
Part_of_Spirit,122,339.19906192384553,-5.166620603339627,engine
Pleiades,122,56.87584870122734,24.105457294249696,engine
Pluto,122,306.0473388539822,-23.7251002352711,engine
Polaris,122,38.365702578362246,89.26231144314116,engine
Procyon,122,114.81969691050047,5.218940788841099,engine
Quaoar,122,280.5854124738302,-15.097192662533224,tno-rate
Rahu,122,330.6650387889878,-11.989975171931995,engine
Regulus,122,152.0874062602098,11.96856874314116,engine
Rigel,122,78.63715559879617,-8.19885451416883,engine
Saturn,122,10.663229963307204,1.6369251568687395,engine
Sedna,122,62.29270883069982,8.845957485024666,tno-rate
Sirius,122,101.28375450360815,-16.72166251404256,engine
Spica,122,201.2925967453288,-11.159478814225539,engine
Sun,122,195.66115177083546,-6.676533030557577,engine
Transpluto,122,156.54275044214444,9.789431948639791,engine
Uranus,122,63.0385180893528,20.969109731502467,engine
Vega,122,279.2354851099577,38.79073859954746,engine
Venus,122,212.05321255182207,-21.01209538378622,engine
Vertex,122,171.90470360855488,3.493496098797677,engine
Vesta,122,23.152475203884812,-3.1285136108696663,engine
Aldebaran,123,68.9841831282552,16.508819177138502,engine
Algol,123,47.04838792623772,40.95564016245086,engine
Algorab,123,187.45906079503953,-16.514099230943195,engine
Alkaid,123,206.87580019170002,49.31511559672243,engine
Alphecca,123,233.66812144040233,26.717300960051915,engine
Altair,123,297.7006302736141,8.874114992259296,engine
Antares,123,247.3479285607902,-26.43198958180412,engine
Arcturus,123,213.90131978651607,19.1700166675513,engine
Ascendant,123,337.7739793507582,-9.312175761072893,engine
Bellatrix,123,81.28515812127976,6.3512348556559255,engine
Betelgeuse,123,88.7949701581599,7.408650201919043,engine
Capella,123,79.17690698214733,45.99303790166724,engine
Castor,123,113.64730273014612,31.886267564587556,engine
Ceres,123,109.81323692041471,23.375027243216127,engine
Chiron,123,26.600240416419677,11.157767593184369,engine
Deneb Algedi,123,326.7655512342366,-16.128581718738257,engine
Eris,123,27.087920531184448,-0.07993979097850103,tno-rate
Fomalhaut,123,344.42046831918583,-29.623077454970772,engine
Gonggong,123,337.31188171773067,-10.272930109220466,tno-rate
Haumea,123,220.16889780248763,13.566592569991194,tno-rate
Juno,123,297.63580124515323,-13.138929471319061,engine
Jupiter,123,143.47332654239938,15.124985639372094,engine
Ketu,123,150.66495424731522,11.990005740741523,engine
Makemake,123,201.73142895373147,19.73837952883481,tno-rate
Mars,123,129.55892672432614,19.7040882550301,engine
Mercury,123,218.6141947922558,-18.045512363817892,engine
Midheaven,123,259.4273242155541,-23.079840104598972,engine
Moon,123,193.72542992087432,-11.027477918435407,engine
Neptune,123,2.604008176676151,-0.4193887601677457,engine
Orcus,123,161.2924619685135,-13.60535600926641,tno-rate
Pallas,123,19.82990382240027,-15.095876755783873,engine
Part_of_Fortune,123,335.83762214191813,-13.662858404960705,engine
Part_of_Spirit,123,339.7103365595983,-4.961493117185082,engine
Pleiades,123,56.87584885208648,24.10545721616214,engine
Pluto,123,306.04733685480994,-23.725100349514417,engine
Polaris,123,38.365716987880376,89.26231132269979,engine
Procyon,123,114.81969683637227,5.218940760977293,engine
Quaoar,123,280.5854164242102,-15.097194618286787,tno-rate
Rahu,123,330.6649542473152,-11.990005740741523,engine
Regulus,123,152.08740607128857,11.968568709986698,engine
Rigel,123,78.63715566320649,-8.198854491997444,engine
Saturn,123,10.66318061783337,1.6369042331248544,engine
Sedna,123,62.29270468676877,8.845955431012706,tno-rate
Sirius,123,101.28375447945879,-16.721662459944493,engine
Spica,123,201.29259652960252,-11.159478835378385,engine
Sun,123,195.66178712971444,-6.676795274547596,engine
Transpluto,123,156.54275589505664,9.789429846912325,engine
Uranus,123,63.03850099050239,20.969106720397598,engine
Vega,123,279.2354851292052,38.790738731232494,engine
Venus,123,212.05299261995862,-21.012027346407475,engine
Vertex,123,172.09151331298168,3.4135973485659985,engine
Vesta,123,23.152313031209474,-3.128577261454562,engine
Aldebaran,124,68.98418323186544,16.508819113020227,engine
Algol,124,47.04838814606983,40.955640060365724,engine
Algorab,124,187.45906056388495,-16.51409924036229,engine
Alkaid,124,206.87579987508246,49.315115652164216,engine
Alphecca,124,233.66812127476058,26.717301026706856,engine
Altair,124,297.7006303579318,8.874115015781284,engine
Antares,124,247.3479284435756,-26.431989675866852,engine
Arcturus,124,213.90131957961472,19.17001669318489,engine
Ascendant,124,338.2932746289223,-9.10876358923588,engine
Bellatrix,124,81.2851581765643,6.351234823857941,engine
Betelgeuse,124,88.7949701848545,7.40865016553936,engine
Capella,124,79.17690707245974,45.993037743174554,engine
Castor,124,113.64730264952033,31.8862674464178,engine
Ceres,124,109.81341880404197,23.375040109344955,engine
Chiron,124,26.60021105317844,11.157755563721597,engine
Deneb Algedi,124,326.7655514136308,-16.12858176534666,engine
Eris,124,27.08791422759458,-0.0799420821911841,tno-rate
Fomalhaut,124,344.4204685564401,-29.623077501777914,engine
Gonggong,124,337.3118764234733,-10.272931766044962,tno-rate
Haumea,124,220.16891119676131,13.566585670675147,tno-rate
Juno,124,297.6359158997171,-13.13897667950421,engine
Jupiter,124,143.47343936286404,15.124950787664647,engine
Ketu,124,150.6648696916572,11.990036314575729,engine
Makemake,124,201.7314428125099,19.738373556297926,tno-rate
Mars,124,129.55933363954594,19.704000462465885,engine
Mercury,124,218.61490172205035,-18.045794519262735,engine
Midheaven,124,259.6779050572422,-23.09650909032922,engine
Moon,124,193.73262998373457,-11.031011207814942,engine
Neptune,124,2.6039914565179365,-0.41939604916030254,engine
Orcus,124,161.29247457963692,-13.605363800892329,tno-rate
Pallas,124,19.829770609736954,-15.096053694040942,engine
Part_of_Fortune,124,336.36348209732546,-13.4627172809049,engine
Part_of_Spirit,124,340.2230671605191,-4.754809897566859,engine
Pleiades,124,56.87584900401878,24.105457138243708,engine
Pluto,124,306.04733485442586,-23.725100463779274,engine
Polaris,124,38.36573145946305,89.26231120295702,engine
Procyon,124,114.81969676311405,5.218940733060088,engine
Quaoar,124,280.5854203745902,-15.097196574040348,tno-rate
Rahu,124,330.6648696916572,-11.990036314575729,engine
Regulus,124,152.08740588269256,11.968568676624574,engine
Rigel,124,78.63715572868908,-8.198854469826061,engine
Saturn,124,10.663131269616368,1.6368833095397768,engine
Sedna,124,62.292700542837714,8.845953377000747,tno-rate
Sirius,124,101.28375445633881,-16.721662405730967,engine
Spica,124,201.29259631330672,-11.159478856354523,engine
Sun,124,195.66242251533137,-6.677057516145921,engine
Transpluto,124,156.54276134791192,9.789427745207856,engine
Uranus,124,63.038483891904924,20.969103709873956,engine
Vega,124,279.2354851471706,38.790738863143616,engine
Venus,124,212.05277274703704,-21.0119592736782,engine
Vertex,124,172.27830349154263,3.333657454713054,engine
Vesta,124,23.15215084186392,-3.128640911822713,engine
Aldebaran,125,68.9841833365632,16.508819048960735,engine
Algol,125,47.048388367084264,40.955639958658594,engine
Algorab,125,187.45906033239407,-16.51409924949158,engine
Alkaid,125,206.8757995574827,49.31511570696554,engine
Alphecca,125,233.66812110805168,26.717301093153907,engine
Altair,125,297.7006304414019,8.874115039406249,engine
Antares,125,247.34792832520336,-26.431989769825723,engine
Arcturus,125,213.90131937193098,19.170016718570505,engine
Ascendant,125,338.81401019128725,-8.903814875288667,engine
Bellatrix,125,81.28515823291647,6.351234792059243,engine
Betelgeuse,125,88.79497021260629,7.40865012914059,engine
Capella,125,79.17690716429992,45.993037584691564,engine
Castor,125,113.64730256993249,31.886267327937578,engine
Ceres,125,109.81360069312508,23.375052979606043,engine
Chiron,125,26.600181689108496,11.157743534580426,engine
Deneb Algedi,125,326.765551592593,-16.128581812224215,engine
Eris,125,27.087907924004714,-0.07994437340386716,tno-rate
Fomalhaut,125,344.42046879358026,-29.623077549105417,engine
Gonggong,125,337.31187112921594,-10.27293342286946,tno-rate
Haumea,125,220.16892459103502,13.5665787713591,tno-rate
Juno,125,297.63603054785483,-13.139023884573227,engine
Jupiter,125,143.47355218761797,15.124915936524559,engine
Ketu,125,150.66478512207374,11.990066893412857,engine
Makemake,125,201.73145667128833,19.738367583761047,tno-rate
Mars,125,129.55974056870542,19.703912673092315,engine
Mercury,125,218.61560865468454,-18.046076657262287,engine
Midheaven,125,259.92848822043294,-23.11277874302154,engine
Moon,125,193.7398401935552,-11.034543197522208,engine
Neptune,125,2.603974735681492,-0.4194033381212893,engine
Orcus,125,161.2924871907603,-13.605371592518246,tno-rate
Pallas,125,19.829637382736287,-15.096230632962728,engine
Part_of_Fortune,125,336.890792457096,-13.261038317445202,engine
Part_of_Spirit,125,340.7372279254785,-4.546591433132131,engine
Pleiades,125,56.87584915702224,24.105457060496178,engine
Pluto,125,306.0473328528241,-23.725100578063103,engine
Polaris,125,38.36574599287243,89.26231108391634,engine
Procyon,125,114.81969669072855,5.218940705089832,engine
Quaoar,125,280.5854243249702,-15.09719852979391,tno-rate
Rahu,125,330.66478512207374,-11.990066893412857,engine
Regulus,125,152.08740569442628,11.968568643055074,engine
Rigel,125,78.63715579524388,-8.198854447655341,engine
Saturn,125,10.66308191864641,1.6368623861131046,engine
Sedna,125,62.29269639890666,8.845951322988789,tno-rate
Sirius,125,101.28375443425004,-16.72166235140321,engine
Spica,125,201.29259609644546,-11.159478877153488,engine
Sun,125,195.66305792774648,-6.677319755365672,engine
Transpluto,125,156.54276680071018,9.789425643526405,engine
Uranus,125,63.038466793557795,20.969100699933485,engine
Vega,125,279.2354851638518,38.79073899527807,engine
Venus,125,212.05255293336998,-21.01189116571007,engine
Vertex,125,172.46507459818463,3.253677378078005,engine
Vesta,125,23.15198863615003,-3.1287045618189575,engine
Aldebaran,126,68.98418344234753,16.508818984961312,engine
Algol,126,47.04838858927768,40.955639857332024,engine
Algorab,126,187.45906010057166,-16.514099258330663,engine
Alkaid,126,206.8757992389065,49.31511576112426,engine
Alphecca,126,233.668120940278,26.717301159391177,engine
Altair,126,297.70063052402156,8.874115063133624,engine
Antares,126,247.3479282056745,-26.43198986367871,engine
Arcturus,126,213.90131916346834,19.1700167437071,engine
Ascendant,126,339.3361598641452,-8.69735128236237,engine
Bellatrix,126,81.28515829033641,6.351234760260338,engine
Betelgeuse,126,88.79497024141597,7.408650092723334,engine
Capella,126,79.17690725766775,45.993037426221605,engine
Castor,126,113.64730249138572,31.88626720914897,engine
Ceres,126,109.81378258761838,23.37506585401108,engine
Chiron,126,26.60015232420152,11.157731505760221,engine
Deneb Algedi,126,326.7655517711186,-16.128581859370392,engine
Eris,126,27.087901620414847,-0.07994666461655023,tno-rate
Fomalhaut,126,344.420469030601,-29.62307759695305,engine
Gonggong,126,337.3118658349586,-10.272935079693957,tno-rate
Haumea,126,220.1689379853087,13.566571872043054,tno-rate
Juno,126,297.63614518971633,-13.139071086515768,engine
Jupiter,126,143.47366501672107,15.124881085937364,engine
Ketu,126,150.66470053845472,11.990097477292649,engine
Makemake,126,201.73147053006673,19.738361611224164,tno-rate
Mars,126,129.56014751175366,19.70382488693069,engine
Mercury,126,218.61631559012193,-18.04635877769637,engine
Midheaven,126,260.17907371197805,-23.12864902713151,engine
Moon,126,193.74706024549462,-11.03807376199892,engine
Neptune,126,2.6039580141586254,-0.41941062705179355,engine
Orcus,126,161.29249980188374,-13.605379384144163,tno-rate
Pallas,126,19.82950414165406,-15.096407572587845,engine
Part_of_Fortune,126,337.4195267426201,-13.057843052141273,engine
Part_of_Spirit,126,341.2527929856703,-4.336859512583467,engine
Pleiades,126,56.87584931109491,24.105456982921297,engine
Pluto,126,306.04733085000873,-23.725100692363803,engine
Polaris,126,38.36576058786938,89.26231096558124,engine
Procyon,126,114.81969661921838,5.218940677066876,engine
Quaoar,126,280.5854282753502,-15.097200485547472,tno-rate
Rahu,126,330.6647005384547,-11.990097477292649,engine
Regulus,126,152.08740550649424,11.96856860927851,engine
Rigel,126,78.63715586287083,-8.198854425485942,engine
Saturn,126,10.6630325649138,1.63684146284445,engine
Sedna,126,62.292692254975606,8.84594926897683,tno-rate
Sirius,126,101.28375441319423,-16.72166229696245,engine
Spica,126,201.29259587902277,-11.159478897774806,engine
Sun,126,195.6636933670197,-6.677581992220017,engine
Transpluto,126,156.54277225345146,9.78942354186793,engine
Uranus,126,63.038449695452606,20.969097690577065,engine
Vega,126,279.2354851792469,38.790739127633145,engine
Venus,126,212.05233317926832,-21.011823022615093,engine
Vertex,126,172.651827084378,3.1736580814320545,engine
Vesta,126,23.151826413839796,-3.128768211515485,engine
Aldebaran,127,68.98418354921752,16.508818921023266,engine
Algol,127,47.04838881264672,40.95563975638856,engine
Algorab,127,187.45905986842223,-16.514099266879143,engine
Alkaid,127,206.8757989193595,49.31511581463826,engine
Alphecca,127,233.66812077144178,26.71730122541678,engine
Altair,127,297.70063060578786,8.874115086962844,engine
Antares,127,247.34792808499026,-26.43198995742381,engine
Arcturus,127,213.90131895423036,19.17001676859362,engine
Ascendant,127,339.8596967732245,-8.489395507778935,engine
Bellatrix,127,81.2851583488242,6.35123472846175,engine
Betelgeuse,127,88.79497027128426,7.408650056288179,engine
Capella,127,79.17690735256316,45.993037267768024,engine
Castor,127,113.64730241388298,31.88626709005401,engine
Ceres,127,109.813964487476,23.37507873257167,engine
Chiron,127,26.60012295844925,11.157719477260354,engine
Deneb Algedi,127,326.76555194920337,-16.12858190678469,engine
Eris,127,27.087895316824984,-0.07994895582923331,tno-rate
Fomalhaut,127,344.420469267497,-29.623077645320556,engine
Gonggong,127,337.3118605407012,-10.272936736518455,tno-rate
Haumea,127,220.1689513795824,13.566564972727008,tno-rate
Juno,127,297.6362598254518,-13.139118285321542,engine
Jupiter,127,143.47377785010173,15.124846235928768,engine
Ketu,127,150.6646159408602,11.990128066193492,engine
Makemake,127,201.73148438884516,19.738355638687285,tno-rate
Mars,127,129.56055446846602,19.703737104042098,engine
Mercury,127,218.61702252859806,-18.04664088073196,engine
Midheaven,127,260.42966153948214,-23.144119908153545,engine
Moon,127,193.7542904794948,-11.0416030415462,engine
Neptune,127,2.6039412919411435,-0.41941791595290717,engine
Orcus,127,161.29251241300713,-13.60538717577008,tno-rate
Pallas,127,19.82937088630271,-15.09658451287469,engine
Part_of_Fortune,127,337.94965841950886,-12.853154322602999,engine
Part_of_Spirit,127,341.7697351269402,-4.125636692954872,engine
Pleiades,127,56.87584946623475,24.10545690552079,engine
Pluto,127,306.0473288459738,-23.725100806678814,engine
Polaris,127,38.365775244213644,89.26231084795515,engine
Procyon,127,114.81969654858625,5.218940648991566,engine
Quaoar,127,280.5854322257302,-15.097202441301034,tno-rate
Rahu,127,330.6646159408602,-11.990128066193492,engine
Regulus,127,152.08740531890092,11.968568575295166,engine
Rigel,127,78.63715593156974,-8.19885440331853,engine
Saturn,127,10.6629832084253,1.6368205397402078,engine
Sedna,127,62.292688111044555,8.84594721496487,tno-rate
Sirius,127,101.28375439317311,-16.721662242409952,engine
Spica,127,201.2925956610427,-11.159478918217998,engine
Sun,127,195.66432883321045,-6.6778442267221365,engine
Transpluto,127,156.54277770613567,9.789421440232484,engine
Uranus,127,63.03843259758668,20.969094681806627,engine
Vega,127,279.23548519335395,38.79073926020605,engine
Venus,127,212.0521134850422,-21.011754844505944,engine
Vertex,127,172.83856140190392,3.0936005282665118,engine
Vesta,127,23.151664174882228,-3.1288318609087025,engine
Aldebaran,128,68.9841836571722,16.508818857147897,engine
Algol,128,47.04838903718802,40.955639655830765,engine
Algorab,128,187.45905963595047,-16.51409927513663,engine
Alkaid,128,206.87579859884755,49.31511586750547,engine
Alphecca,128,233.66812060154535,26.71730129122889,engine
Altair,128,297.7006306866981,8.874115110893346,engine
Antares,128,247.34792796315176,-26.431990051059003,engine
Arcturus,128,213.90131874422065,19.17001679322901,engine
Ascendant,128,340.3845933451956,-8.279971286201551,engine
Bellatrix,128,81.28515840837993,6.35123469666399,engine
Betelgeuse,128,88.79497030221184,7.408650019835721,engine
Capella,128,79.17690744898599,45.993037109334175,engine
Castor,128,113.6473023374273,31.886266970654738,engine
Ceres,128,109.81414639265199,23.375091615299308,engine
Chiron,128,26.6000935918434,11.157707449080197,engine
Deneb Algedi,128,326.7655521268427,-16.12858195446659,engine
Eris,128,27.087889013235117,-0.07995124704191638,tno-rate
Fomalhaut,128,344.42046950426294,-29.62307769420773,engine
Gonggong,128,337.3118552464439,-10.272938393342951,tno-rate
Haumea,128,220.1689647738561,13.56655807341096,tno-rate
Juno,128,297.6363744548923,-13.139165480985334,engine
Jupiter,128,143.47389068781956,15.124811386484286,engine
Ketu,128,150.66453132929377,11.990158660113948,engine
Makemake,128,201.7314982476236,19.738349666150402,tno-rate
Mars,128,129.56096143913825,19.703649324367895,engine
Mercury,128,218.6177294700758,-18.046922966249173,engine
Midheaven,128,260.68025170944037,-23.159191352472366,engine
Moon,128,193.76153059036173,-11.045130910677846,engine
Neptune,128,2.603924569028971,-0.41942520482240037,engine
Orcus,128,161.29252502413053,-13.605394967395998,tno-rate
Pallas,128,19.829237616494932,-15.096761453781594,engine
Part_of_Fortune,128,338.4811596091799,-12.646995737994175,engine
Part_of_Spirit,128,342.2880270812113,-3.9129468344089275,engine
Pleiades,128,56.87584962243976,24.105456828296408,engine
Pluto,128,306.04732684072343,-23.725100921006018,engine
Polaris,128,38.36578996166367,89.26231073104155,engine
Procyon,128,114.81969647883477,5.2189406208642515,engine
Quaoar,128,280.5854361761102,-15.097204397054597,tno-rate
Rahu,128,330.66453132929377,-11.990158660113948,engine
Regulus,128,152.0874051316509,11.968568541105359,engine
Rigel,128,78.63715600134051,-8.198854381153758,engine
Saturn,128,10.662933849138463,1.636799616786421,engine
Sedna,128,62.2926839671135,8.84594516095291,tno-rate
Sirius,128,101.28375437418845,-16.721662187746947,engine
Spica,128,201.2925954425093,-11.159478938482618,engine
Sun,128,195.66496432637743,-6.678106458885223,engine
Transpluto,128,156.54278315876292,9.789419338620009,engine
Uranus,128,63.03841549994002,20.96909167362088,engine
Vega,128,279.23548520617095,38.79073939299406,engine
Venus,128,212.05189385099948,-21.011686631495515,engine
Vertex,128,173.02527800147834,3.0135056833627174,engine
Vesta,128,23.151501919226742,-3.1288955099949796,engine
Aldebaran,129,68.98418376621059,16.508818793336484,engine
Algol,129,47.048389262898176,40.95563955566118,engine
Algorab,129,187.459059403161,-16.51409928310276,engine
Alkaid,129,206.87579827737622,49.315115919723794,engine
Alphecca,129,233.6681204305911,26.717301356825615,engine
Altair,129,297.70063076674927,8.874115134924557,engine
Antares,129,247.34792784016022,-26.431990144582258,engine
Arcturus,129,213.90131853344272,19.17001681761224,engine
Ascendant,129,340.91082132163814,-8.069103386691085,engine
Bellatrix,129,81.28515846900365,6.351234664867577,engine
Betelgeuse,129,88.79497033419939,7.408649983366557,engine
Capella,129,79.17690754693606,45.99303695092337,engine
Castor,129,113.64730226202167,31.886266850953227,engine
Ceres,129,109.81432830298118,23.375104502200067,engine
Chiron,129,26.60006422437573,11.157695421219097,engine
Deneb Algedi,129,326.76555230403227,-16.12858200241556,engine
Eris,129,27.08788270964525,-0.07995353825459944,tno-rate
Fomalhaut,129,344.4204697408935,-29.623077743614335,engine
Gonggong,129,337.31184995218655,-10.272940050167449,tno-rate
Haumea,129,220.1689781681298,13.566551174094913,tno-rate
Juno,129,297.63648907829446,-13.139212673495262,engine
Jupiter,129,143.47400352983573,15.124776537619583,engine
Ketu,129,150.66444670381549,11.990189259032377,engine
Makemake,129,201.73151210640202,19.738343693613523,tno-rate
Mars,129,129.56136842354513,19.70356154796904,engine
Mercury,129,218.61843641472188,-18.04720503434349,engine
Midheaven,129,260.9308442309622,-23.17386332755612,engine
Moon,129,193.7687809177006,-11.048657509739279,engine
Neptune,129,2.6039078454139513,-0.41943249366136387,engine
Orcus,129,161.29253763525395,-13.605402759021915,tno-rate
Pallas,129,19.829104332487383,-15.096938395347092,engine
Part_of_Fortune,129,339.0140023927596,-12.439392207707787,engine
Part_of_Spirit,129,342.80764025051667,-3.6988145656743834,engine
Pleiades,129,56.875849779707885,24.105456751249896,engine
Pluto,129,306.0473248342518,-23.725101035342842,engine
Polaris,129,38.36580473997697,89.2623106148439,engine
Procyon,129,114.81969640996661,5.218940592685292,engine
Quaoar,129,280.5854401264902,-15.097206352808158,tno-rate
Rahu,129,330.6644467038155,-11.990189259032377,engine
Regulus,129,152.08740494474867,11.968568506709387,engine
Rigel,129,78.63715607218298,-8.198854358992286,engine
Saturn,129,10.662884487060184,1.6367786939894728,engine
Sedna,129,62.292679823182446,8.84594310694095,tno-rate
Sirius,129,101.28375435624194,-16.721662132974703,engine
Spica,129,201.2925952234267,-11.15947895856819,engine
Sun,129,195.66559984657917,-6.6783686887225775,engine
Transpluto,129,156.5427886113331,9.789417237030541,engine
Uranus,129,63.03839840250997,20.969088666021733,engine
Vega,129,279.2354852176961,38.79073952599442,engine
Venus,129,212.05167427744738,-21.011618383697375,engine
Vertex,129,173.21197733553743,2.9333745115772785,engine
Vesta,129,23.15133964664629,-3.128959158846518,engine
Aldebaran,130,68.9841838763318,16.508818729590292,engine
Algol,130,47.04838948977389,40.955639455882256,engine
Algorab,130,187.4590591700583,-16.51409929077712,engine
Alkaid,130,206.87579795495122,49.31511597129121,engine
Alphecca,130,233.6681202585813,26.71730142220517,engine
Altair,130,297.70063084593863,8.874115159055918,engine
Antares,130,247.3479277160167,-26.431990237991638,engine
Arcturus,130,213.90131832190005,19.17001684174227,engine
Ascendant,130,341.43835210748875,-7.856817473633699,engine
Bellatrix,130,81.28515853069541,6.351234633072999,engine
Betelgeuse,130,88.79497036724756,7.40864994688126,engine
Capella,130,79.17690764641327,45.99303679253886,engine
Castor,130,113.64730218766898,31.886266730951476,engine
Ceres,130,109.81451021877741,23.375117393304734,engine
Chiron,130,26.600034856018283,11.157683393668327,engine
Deneb Algedi,130,326.7655524807677,-16.12858205063111,engine
Eris,130,27.087876406051155,-0.07995582946881889,tno-rate
Fomalhaut,130,344.42046997738356,-29.623077793540098,engine
Gonggong,130,337.31184465792563,-10.272941706993057,tno-rate
Haumea,130,220.16899156241246,13.56654427477424,tno-rate
Juno,130,297.63660369556675,-13.139259862877863,engine
Jupiter,130,143.47411637621968,15.12474168931689,engine
Ketu,130,150.6643620642581,11.990219863009193,engine
Makemake,130,201.73152596518972,19.738337721072636,tno-rate
Mars,130,129.56177542190753,19.703473774807655,engine
Mercury,130,218.61914336317668,-18.047487085299647,engine
Midheaven,130,261.1814392777628,-23.188135811002326,engine
Moon,130,193.77604116078456,-11.052182715667309,engine
Neptune,130,2.603891121076726,-0.4194397824757752,engine
Orcus,130,161.29255024638582,-13.605410550653056,tno-rate
Pallas,130,19.828971033855936,-15.097115337621325,engine
Part_of_Fortune,130,339.54815787397365,-12.230369272877718,engine
Part_of_Spirit,130,343.32854634100386,-3.4832656743896795,engine
Pleiades,130,56.87584993803714,24.105456674382935,engine
Pluto,130,306.0473228265617,-23.72510114968724,engine
Polaris,130,38.36581957891962,89.2623104993655,engine
Procyon,130,114.81969634198425,5.218940564455007,engine
Quaoar,130,280.5854440768729,-15.097208308563031,tno-rate
Rahu,130,330.6643620642581,-11.990219863009193,engine
Regulus,130,152.08740475819855,11.968568472107547,engine
Rigel,130,78.63715614409698,-8.198854336834769,engine
Saturn,130,10.662835122147843,1.6367577713349368,engine
Sedna,130,62.29267567924861,8.845941052927614,tno-rate
Sirius,130,101.28375433933527,-16.72166207809443,engine
Spica,130,201.29259500379874,-11.159478978474278,engine
Sun,130,195.66623539429963,-6.678630916423289,engine
Transpluto,130,156.54279406384998,9.789415135462669,engine
Uranus,130,63.038381305276594,20.969085659007987,engine
Vega,130,279.2354852279274,38.790739659204434,engine
Venus,130,212.0514547645437,-21.011550101179516,engine
Vertex,130,173.39865997892028,2.8532079259820353,engine
Vesta,130,23.1511773573353,-3.1290228073507493,engine
Aldebaran,131,68.98418398753462,16.508818665910688,engine
Algol,131,47.04838971781145,40.95563935649664,engine
Algorab,131,187.45905893664735,-16.51409929815935,engine
Alkaid,131,206.87579763157865,49.31511602220558,engine
Alphecca,131,233.6681200855186,26.71730148736558,engine
Altair,131,297.70063092426335,8.874115183286827,engine
Antares,131,247.34792759072275,-26.431990331284997,engine
Arcturus,131,213.90131810959653,19.170016865618052,engine
Ascendant,131,341.9671553746198,-7.6431406695863275,engine
Bellatrix,131,81.2851585934552,6.351234601280823,engine
Betelgeuse,131,88.79497040135693,7.408649910380468,engine
Capella,131,79.17690774741726,45.9930366341842,engine
Castor,131,113.64730211437228,31.886266610651685,engine
Ceres,131,109.81469213963132,23.37513028860193,engine
Chiron,131,26.600005486802225,11.157671366443374,engine
Deneb Algedi,131,326.7655526570444,-16.128582099112634,engine
Eris,131,27.08787010246129,-0.07995812068150196,tno-rate
Fomalhaut,131,344.42047021372747,-29.623077843984706,engine
Gonggong,131,337.3118393636683,-10.272943363817554,tno-rate
Haumea,131,220.16900495668617,13.566537375458193,tno-rate
Juno,131,297.63671830670614,-13.139307049059697,engine
Jupiter,131,143.47422922678098,15.124706841638586,engine
Ketu,131,150.66427741079588,11.990250471981392,engine
Makemake,131,201.73153982396815,19.738331748535753,tno-rate
Mars,131,129.5621824334538,19.703386005062278,engine
Mercury,131,218.61985031445408,-18.0477691186199,engine
Midheaven,131,261.43203652157365,-23.202008752825186,engine
Moon,131,193.7833116490874,-11.055706664081962,engine
Neptune,131,2.6038743960396933,-0.41944707125362846,engine
Orcus,131,161.2925628575092,-13.605418342278975,tno-rate
Pallas,131,19.82883772103658,-15.097292280405453,engine
Part_of_Fortune,131,340.0835960549632,-12.019954192019284,engine
Part_of_Spirit,131,343.85071469427635,-3.26632714715337,engine
Pleiades,131,56.875850097425236,24.10545659769736,engine
Pluto,131,306.0473208176502,-23.72510126403651,engine
Polaris,131,38.36583447822685,89.26231038460995,engine
Procyon,131,114.81969627489046,5.218940536173801,engine
Quaoar,131,280.5854480272529,-15.097210264316594,tno-rate
Rahu,131,330.6642774107959,-11.990250471981392,engine
Regulus,131,152.08740457200534,11.968568437300194,engine
Rigel,131,78.63715621708225,-8.198854314681887,engine
Saturn,131,10.662785754458245,1.6367368488504874,engine
Sedna,131,62.29267153531756,8.845938998915654,tno-rate
Sirius,131,101.28375432347013,-16.72166202310743,engine
Spica,131,201.29259478362988,-11.1594789982004,engine
Sun,131,195.66687096874395,-6.678893141649004,engine
Transpluto,131,156.54279951630625,9.789413033919214,engine
Uranus,131,63.03836420826014,20.969082652585552,engine
Vega,131,279.23548523686316,38.79073979262119,engine
Venus,131,212.05123531449775,-21.011481784617484,engine
Vertex,131,173.58532613231174,2.7730070011090535,engine
Vesta,131,23.151015051285103,-3.1290864554944413,engine
Aldebaran,132,68.9841840998181,16.508818602298927,engine
Algol,132,47.04838994700751,40.95563925750682,engine
Algorab,132,187.45905870293268,-16.51409930524909,engine
Alkaid,132,206.87579730726418,49.31511607246489,engine
Alphecca,132,233.66811991140528,26.717301552305084,engine
Altair,132,297.70063100172064,8.874115207616724,engine
Antares,132,247.34792746427937,-26.431990424460416,engine
Arcturus,132,213.9013178965357,19.170016889238543,engine
Ascendant,132,342.4972011850833,-7.428100699863112,engine
Bellatrix,132,81.28515865728299,6.351234569491534,engine
Betelgeuse,132,88.79497043652816,7.4086498738647535,engine
Capella,132,79.1769078499478,45.99303647586263,engine
Castor,132,113.64730204213444,31.886266490055863,engine
Ceres,132,109.81487406561834,23.375143188111526,engine
Chiron,132,26.59997611669967,11.157659339535506,engine
Deneb Algedi,132,326.7655528328581,-16.128582147859632,engine
Eris,132,27.087863798871425,-0.07996041189418503,tno-rate
Fomalhaut,132,344.42047044991995,-29.62307789494793,engine
Gonggong,132,337.3118340694109,-10.272945020642052,tno-rate
Haumea,132,220.16901835095985,13.566530476142146,tno-rate
Juno,132,297.6368329119405,-13.139354232062347,engine
Jupiter,132,143.4743420816545,15.124671994546778,engine
Ketu,132,150.664192743375,11.990281085968407,engine
Makemake,132,201.73155368274658,19.738325775998874,tno-rate
Mars,132,129.56258945875143,19.7032982386151,engine
Mercury,132,218.62055726926167,-18.048051134660952,engine
Midheaven,132,261.6826361366788,-23.21548213263771,engine
Moon,132,193.79059208155905,-11.05922923201197,engine
Neptune,132,2.6038576702808274,-0.4194543600020082,engine
Orcus,132,161.29257546863263,-13.605426133904892,tno-rate
Pallas,132,19.828704393753686,-15.097469223776251,engine
Part_of_Fortune,132,340.6202866962474,-11.80817456728619,engine
Part_of_Spirit,132,344.3741156739193,-3.0480268324400344,engine
Pleiades,132,56.87585025787019,24.10545652119483,engine
Pluto,132,306.0473188075199,-23.725101378388604,engine
Polaris,132,38.36584943766242,89.26231027058054,engine
Procyon,132,114.81969620868767,5.218940507841998,engine
Quaoar,132,280.58545197763283,-15.097212220070155,tno-rate
Rahu,132,330.664192743375,-11.990281085968407,engine
Regulus,132,152.08740438617335,11.968568402287634,engine
Rigel,132,78.63715629113861,-8.198854292534287,engine
Saturn,132,10.66273638396533,1.6367159265284776,engine
Sedna,132,62.2926673913865,8.845936944903695,tno-rate
Sirius,132,101.28375430864817,-16.72166196801495,engine
Spica,132,201.29259456292402,-11.159479017746124,engine
Sun,132,195.667506570395,-6.679155364588893,engine
Transpluto,132,156.54280496870538,9.789410932398757,engine
Uranus,132,63.03834711142909,20.969079646751084,engine
Vega,132,279.2354852445014,38.79073992624197,engine
Venus,132,212.0510159242427,-21.011413433141115,engine
Vertex,132,173.77197637059106,2.6927726515677537,engine
Vesta,132,23.150852728337455,-3.1291501033166096,engine
Aldebaran,133,68.98418421318117,16.508818538756305,engine
Algol,133,47.0483901773586,40.95563915891527,engine
Algorab,133,187.45905846891884,-16.51409931204596,engine
Alkaid,133,206.87579698201355,49.31511612206711,engine
Alphecca,133,233.66811973624374,26.717301617021793,engine
Altair,133,297.7006310783077,8.874115232045034,engine
Antares,133,247.34792733668797,-26.43199051751585,engine
Arcturus,133,213.9013176827211,19.17001691260275,engine
Ascendant,133,343.02845859021556,-7.211726453448894,engine
Bellatrix,133,81.2851587221788,6.351234537705654,engine
Betelgeuse,133,88.7949704727618,7.408649837334719,engine
Capella,133,79.17690795400463,45.993036317577484,engine
Castor,133,113.64730197095837,31.886266369166105,engine
Ceres,133,109.81505599669181,23.375156091844676,engine
Chiron,133,26.599946745702393,11.157647312944047,engine
Deneb Algedi,133,326.76555300820434,-16.128582196871562,engine
Eris,133,27.087857495281558,-0.0799627031068681,tno-rate
Fomalhaut,133,344.42047068595593,-29.623077946429444,engine
Gonggong,133,337.3118287751536,-10.272946677466548,tno-rate
Haumea,133,220.16903174523355,13.5665235768261,tno-rate
Juno,133,297.63694751110165,-13.139401411880817,engine
Jupiter,133,143.47445494080094,15.12463714805711,engine
Ketu,133,150.66410806199912,11.990311704968866,engine
Makemake,133,201.731567541525,19.738319803461994,tno-rate
Mars,133,129.562996497574,19.70321047552679,engine
Mercury,133,218.62126422756066,-18.048333133303643,engine
Midheaven,133,261.933238129604,-23.228555921180874,engine
Moon,133,193.79788279698454,-11.062750559826428,engine
Neptune,133,2.603840943800123,-0.41946164871868685,engine
Orcus,133,161.29258807975603,-13.605433925530809,tno-rate
Pallas,133,19.828571051821203,-15.097646167691893,engine
Part_of_Fortune,133,341.1581991878908,-11.59505942801895,engine
Part_of_Spirit,133,344.89871799254036,-2.828393478878839,engine
Pleiades,133,56.87585041936984,24.10545644487711,engine
Pluto,133,306.0473167961654,-23.72510149274094,engine
Polaris,133,38.3658644569791,89.26231015728068,engine
Procyon,133,114.81969614337852,5.218940479459961,engine
Quaoar,133,280.58545592801283,-15.097214175823717,tno-rate
Rahu,133,330.6641080619991,-11.990311704968866,engine
Regulus,133,152.0874042007071,11.96856836707018,engine
Rigel,133,78.63715636626578,-8.198854270392635,engine
Saturn,133,10.662687010626914,1.6366950043549362,engine
Sedna,133,62.29266324745545,8.845934890891737,tno-rate
Sirius,133,101.283754294871,-16.721661912818238,engine
Spica,133,201.29259434168537,-11.159479037110994,engine
Sun,133,195.66814219930933,-6.679417585256373,engine
Transpluto,133,156.5428104210476,9.78940883090129,engine
Uranus,133,63.03833001478071,20.969076641506433,engine
Vega,133,279.2354852508403,38.790740060064046,engine
Venus,133,212.0507965956906,-21.01134504733536,engine
Vertex,133,173.95861114347795,2.6125058464332884,engine
Vesta,133,23.15069038826653,-3.1292137508894133,engine
Aldebaran,134,68.98418432762278,16.508818475284105,engine
Algol,134,47.04839040886119,40.955639060724494,engine
Algorab,134,187.45905823461064,-16.51409931854963,engine
Alkaid,134,206.8757966558327,49.31511617101023,engine
Alphecca,134,233.66811956003644,26.717301681513902,engine
Altair,134,297.7006311540219,8.874115256571171,engine
Antares,134,247.34792720794977,-26.431990610449336,engine
Arcturus,134,213.90131746815644,19.170016935709647,engine
Ascendant,134,343.5608959911348,-6.99404783469604,engine
Bellatrix,134,81.28515878814255,6.3512345059237,engine
Betelgeuse,134,88.79497051005842,7.408649800790953,engine
Capella,134,79.17690805958745,45.9930361593321,engine
Castor,134,113.64730190084694,31.88626624798449,engine
Ceres,134,109.81523793280498,23.37516899981246,engine
Chiron,134,26.599917373797265,11.157635286667096,engine
Deneb Algedi,134,326.7655531830788,-16.128582246147875,engine
Eris,134,27.08785119169169,-0.07996499431955116,tno-rate
Fomalhaut,134,344.42047092183003,-29.623077998428993,engine
Gonggong,134,337.31182348089624,-10.272948334291044,tno-rate
Haumea,134,220.16904513950723,13.566516677510052,tno-rate
Juno,134,297.63706210434094,-13.139448588505116,engine
Jupiter,134,143.47456780418085,15.124602302185204,engine
Ketu,134,150.66402336672814,11.990342328961164,engine
Makemake,134,201.7315814003034,19.73831383092511,tno-rate
Mars,134,129.56340354986835,19.703122715818044,engine
Mercury,134,218.62197118958397,-18.04861511471577,engine
Midheaven,134,262.1838425057621,-23.24123008992959,engine
Moon,134,193.80518348911448,-11.066270522253307,engine
Neptune,134,2.6038242165894987,-0.4194689374047511,engine
Orcus,134,161.29260069087945,-13.605441717156728,tno-rate
Pallas,134,19.828437695497104,-15.097823112190644,engine
Part_of_Fortune,134,341.6973016247066,-11.380638553284541,engine
Part_of_Spirit,134,345.42449035756306,-2.607457116107539,engine
Pleiades,134,56.87585058192204,24.105456368745877,engine
Pluto,134,306.0473147835907,-23.72510160709142,engine
Polaris,134,38.36587953592842,89.26231004471371,engine
Procyon,134,114.81969607896549,5.218940451028047,engine
Quaoar,134,280.58545987839284,-15.09721613157728,tno-rate
Rahu,134,330.66402336672814,-11.990342328961164,engine
Regulus,134,152.087404015611,11.968568331648166,engine
Rigel,134,78.63715644246354,-8.198854248257582,engine
Saturn,134,10.662637634450169,1.636674082336249,engine
Sedna,134,62.29265910352439,8.845932836879777,tno-rate
Sirius,134,101.28375428214025,-16.72166185751854,engine
Spica,134,201.292594119918,-11.159479056294574,engine
Sun,134,195.66877785554271,-6.679679803664805,engine
Transpluto,134,156.5428158733327,9.789406729426846,engine
Uranus,134,63.038312918306545,20.969073636852357,engine
Vega,134,279.23548525587825,38.79074019408461,engine
Venus,134,212.0505773291405,-21.01127662731575,engine
Vertex,134,174.14523089969452,2.532207555922251,engine
Vesta,134,23.150528031376872,-3.1292773980575266,engine
Aldebaran,135,68.9841844431418,16.50881841188361,engine
Algol,135,47.04839064151175,40.955638962937,engine
Algorab,135,187.45905800001265,-16.514099324759727,engine
Alkaid,135,206.87579632872738,49.31511621929226,engine
Alphecca,135,233.6681193827859,26.717301745779565,engine
Altair,135,297.7006312288604,8.87411528119456,engine
Antares,135,247.34792707806614,-26.431990703258844,engine
Arcturus,135,213.9013172528454,19.17001695855819,engine
Ascendant,135,344.09448115760034,-6.775095750807652,engine
Bellatrix,135,81.28515885517419,6.351234474146184,engine
Betelgeuse,135,88.79497054841859,7.408649764234057,engine
Capella,135,79.1769081666959,45.99303600112981,engine
Castor,135,113.64730183180303,31.886266126513114,engine
Ceres,135,109.81541987391091,23.375181912025866,engine
Chiron,135,26.599888000986017,11.157623260706401,engine
Deneb Algedi,135,326.76555335747713,-16.128582295688005,engine
Eris,135,27.087844888101824,-0.07996728553223424,tno-rate
Fomalhaut,135,344.4204711575369,-29.623078050946223,engine
Gonggong,135,337.31181818663885,-10.272949991115542,tno-rate
Haumea,135,220.16905853378094,13.566509778194005,tno-rate
Juno,135,297.63717669180977,-13.139495761925284,engine
Jupiter,135,143.4746806718533,15.12456745691651,engine
Ketu,135,150.66393865745204,11.990372957985024,engine
Makemake,135,201.73159525908184,19.738307858388232,tno-rate
Mars,135,129.56381061558105,19.703034959509488,engine
Mercury,135,218.62267815529214,-18.048897078778406,engine
Midheaven,135,262.4344492731766,-23.25350461125487,engine
Moon,135,193.8124944963215,-11.069789259668095,engine
Neptune,135,2.603807488640888,-0.4194762260612915,engine
Orcus,135,161.29261330200285,-13.605449508782645,tno-rate
Pallas,135,19.828304324595994,-15.098000057230575,engine
Part_of_Fortune,135,342.23756211477126,-11.164942990648097,engine
Part_of_Spirit,135,345.9514002004294,-2.385248510967207,engine
Pleiades,135,56.875850745524616,24.105456292802888,engine
Pluto,135,306.04731276979044,-23.725101721437447,engine
Polaris,135,38.36589467426094,89.26230993288303,engine
Procyon,135,114.81969601545111,5.218940422546606,engine
Quaoar,135,280.58546382877284,-15.097218087330841,tno-rate
Rahu,135,330.66393865745204,-11.990372957985024,engine
Regulus,135,152.0874038308896,11.968568296021923,engine
Rigel,135,78.63715651973158,-8.1988542261298,engine
Saturn,135,10.662588255425874,1.6366531604720127,engine
Sedna,135,62.29265495959334,8.845930782867818,tno-rate
Sirius,135,101.28375427045751,-16.721661802117147,engine
Spica,135,201.29259389762598,-11.15947907529642,engine
Sun,135,195.66941353915058,-6.67994201982765,engine
Transpluto,135,156.5428213255608,9.78940462797538,engine
Uranus,135,63.03829582200383,20.96907063279071,engine
Vega,135,279.2354852596133,38.7907403283009,engine
Venus,135,212.05035812489058,-21.011208173198494,engine
Vertex,135,174.33183608974974,2.4518787501739356,engine
Vesta,135,23.150365657443352,-3.129341044893074,engine
Aldebaran,136,68.9841845597371,16.508818348556115,engine
Algol,136,47.04839087530673,40.95563886555527,engine
Algorab,136,187.4590577651296,-16.51409933067591,engine
Alkaid,136,206.8757960007035,49.31511626691114,engine
Alphecca,136,233.66811920449464,26.717301809816956,engine
Altair,136,297.70063130282045,8.874115305914614,engine
Antares,136,247.34792694703842,-26.431990795942387,engine
Arcturus,136,213.90131703679162,19.170016981147405,engine
Ascendant,136,344.62918122788903,-6.554902105737702,engine
Bellatrix,136,81.28515892327363,6.351234442373621,engine
Betelgeuse,136,88.7949705878428,7.408649727664625,engine
Capella,136,79.1769082753296,45.993035842973946,engine
Castor,136,113.64730176382945,31.886266004754045,engine
Ceres,136,109.81560181996251,23.375194828495825,engine
Chiron,136,26.599858627255554,11.157611235060044,engine
Deneb Algedi,136,326.7655535313949,-16.128582345491402,engine
Eris,136,27.08783858451196,-0.07996957674491731,tno-rate
Fomalhaut,136,344.4204713930713,-29.62307810398085,engine
Gonggong,136,337.3118128923815,-10.272951647940038,tno-rate
Haumea,136,220.16907192805462,13.566502878877959,tno-rate
Juno,136,297.63729127334057,-13.139542932136477,engine
Jupiter,136,143.47479354377856,15.124532612266643,engine
Ketu,136,150.66385393423093,11.990403592018682,engine
Makemake,136,201.73160911786027,19.73830188585135,tno-rate
Mars,136,129.56421769448482,19.702947206661577,engine
Mercury,136,218.62338512491712,-18.049179025659612,engine
Midheaven,136,262.6850584368956,-23.26537945811731,engine
Moon,136,193.8198155119707,-11.073306646870376,engine
Neptune,136,2.6037907599543324,-0.41948351468607775,engine
Orcus,136,161.29262591312624,-13.605457300408561,tno-rate
Pallas,136,19.82817093893265,-15.098177002769635,engine
Part_of_Fortune,136,342.77894748967196,-10.948004518849727,engine
Part_of_Spirit,136,346.4794149661061,-2.161799692625678,engine
Pleiades,136,56.87585091017541,24.10545621704983,engine
Pluto,136,306.04731075476616,-23.725101835776783,engine
Polaris,136,38.36590987172593,89.26230982179193,engine
Procyon,136,114.81969595283792,5.2189403940160055,engine
Quaoar,136,280.58546777915285,-15.097220043084404,tno-rate
Rahu,136,330.66385393423093,-11.990403592018682,engine
Regulus,136,152.08740364654727,11.96856826019178,engine
Rigel,136,78.63715659806958,-8.198854204009939,engine
Saturn,136,10.662538873544914,1.6366322387618364,engine
Sedna,136,62.292650815662284,8.845928728855858,tno-rate
Sirius,136,101.28375425982435,-16.721661746615297,engine
Spica,136,201.29259367481356,-11.159479094116099,engine
Sun,136,195.67004925018776,-6.680204233758352,engine
Transpluto,136,156.54282677773188,9.789402526546944,engine
Uranus,136,63.03827872585247,20.96906762932009,engine
Vega,136,279.2354852620439,38.79074046271012,engine
Venus,136,212.05013898323696,-21.011139685100073,engine
Vertex,136,174.51842716179092,2.3715204010146684,engine
Vesta,136,23.150203266417883,-3.129404691392326,engine
Aldebaran,137,68.98418467740758,16.50881828530288,engine
Algol,137,47.04839111024255,40.95563876858177,engine
Algorab,137,187.45905752996615,-16.51409933629785,engine
Alkaid,137,206.87579567176698,49.31511631386495,engine
Alphecca,137,233.66811902516514,26.717301873624237,engine
Altair,137,297.70063137589943,8.874115330730755,engine
Antares,137,247.34792681486792,-26.431990888497964,engine
Arcturus,137,213.90131681999887,19.170017003476275,engine
Ascendant,137,345.164962729242,-6.333499784318636,engine
Bellatrix,137,81.28515899244074,6.351234410606523,engine
Betelgeuse,137,88.79497062833157,7.408649691083254,engine
Capella,137,79.17690838548816,45.993035684867884,engine
Castor,137,113.64730169692905,31.886265882709434,engine
Ceres,137,109.81578377091265,23.375207749233212,engine
Chiron,137,26.599829252597747,11.15759920972734,engine
Deneb Algedi,137,326.7655537048278,-16.1285823955575,engine
Eris,137,27.087832280922093,-0.07997186795760038,tno-rate
Fomalhaut,137,344.4204716284279,-29.623078157532515,engine
Gonggong,137,337.3118075981241,-10.272953304764536,tno-rate
Haumea,137,220.16908532232833,13.566495979561912,tno-rate
Juno,137,297.6374058491915,-13.139590099127139,engine
Jupiter,137,143.474906419917,15.124497768251208,engine
Ketu,137,150.6637691970684,11.990434231060851,engine
Makemake,137,201.7316229766387,19.73829591331447,tno-rate
Mars,137,129.56462478687277,19.702859457214952,engine
Mercury,137,218.62409209841886,-18.04946095524075,engine
Midheaven,137,262.93567000271526,-23.276854604233804,engine
Moon,137,193.8271468741204,-11.076822824274059,engine
Neptune,137,2.6037740305191006,-0.41949080328130534,engine
Orcus,137,161.29263852424967,-13.605465092034478,tno-rate
Pallas,137,19.828037538765816,-15.098353948846047,engine
Part_of_Fortune,137,343.3214246146538,-10.72985616312225,engine
Part_of_Spirit,137,347.00850084383023,-1.9371434055150214,engine
Pleiades,137,56.87585107587216,24.10545614148841,engine
Pluto,137,306.0473087385199,-23.72510195010721,engine
Polaris,137,38.36592512807157,89.26230971144378,engine
Procyon,137,114.81969589112835,5.2189403654365965,engine
Quaoar,137,280.58547172953286,-15.097221998837965,tno-rate
Rahu,137,330.6637691970684,-11.990434231060851,engine
Regulus,137,152.0874034625885,11.968568224158092,engine
Rigel,137,78.63715667747725,-8.198854181898657,engine
Saturn,137,10.66248948879816,1.6366113172053078,engine
Sedna,137,62.292646671731234,8.845926674843898,tno-rate
Sirius,137,101.28375425024232,-16.721661691014262,engine
Spica,137,201.29259345148486,-11.159479112753171,engine
Sun,137,195.67068498870864,-6.6804664454704445,engine
Transpluto,137,156.54283222984597,9.78940042514151,engine
Uranus,137,63.038261629849735,20.969064626442307,engine
Vega,137,279.23548526316824,38.79074059730949,engine
Venus,137,212.04991990447473,-21.01107116313749,engine
Vertex,137,174.7050045643882,2.291133480739076,engine
Vesta,137,23.150040858252485,-3.1294683375515695,engine
Aldebaran,138,68.98418479615205,16.50881822212521,engine
Algol,138,47.04839134631559,40.955638672018985,engine
Algorab,138,187.45905729452699,-16.514099341625204,engine
Alkaid,138,206.87579534192372,49.31511636015171,engine
Alphecca,138,233.66811884479992,26.717301937199597,engine
Altair,138,297.70063144809467,8.874115355642383,engine
Antares,138,247.34792668155615,-26.431990980923583,engine
Arcturus,138,213.90131660247076,19.17001702554379,engine
Ascendant,138,345.7017915872253,-6.110922639549794,engine
Bellatrix,138,81.28515906267542,6.351234378845414,engine
Betelgeuse,138,88.79497066988539,7.408649654490546,engine
Capella,138,79.17690849717115,45.99303552681491,engine
Castor,138,113.6473016311046,31.88626576038135,engine
Ceres,138,109.81596572671393,23.375220674248773,engine
Chiron,138,26.59979987700447,11.157587184707575,engine
Deneb Algedi,138,326.76555387777154,-16.12858244588573,engine
Eris,138,27.087825977332226,-0.07997415917028344,tno-rate
Fomalhaut,138,344.4204718636014,-29.6230782116009,engine
Gonggong,138,337.3118023038668,-10.272954961589033,tno-rate
Haumea,138,220.169098716602,13.566489080245866,tno-rate
Juno,138,297.63752041919537,-13.139637262892501,engine
Jupiter,138,143.47501930032732,15.124462924855626,engine
Ketu,138,150.66368444602438,11.990464875089852,engine
Makemake,138,201.7316368354171,19.738289940777587,tno-rate
Mars,138,129.56503189251708,19.702771711229936,engine
Mercury,138,218.62479907602867,-18.04974286769011,engine
Midheaven,138,263.18628397531614,-23.287930023966958,engine
Moon,138,193.83448843693515,-11.080337733116275,engine
Neptune,138,2.603757300335261,-0.41949809184474435,engine
Orcus,138,161.29265113537306,-13.605472883660397,tno-rate
Pallas,138,19.827904123762963,-15.098530895390963,engine
Part_of_Fortune,138,343.8649592693933,-10.510531717688622,engine
Part_of_Spirit,138,347.53862390505725,-1.7113135614109662,engine
Pleiades,138,56.87585124261268,24.10545606612035,engine
Pluto,138,306.0473067210461,-23.725102064426146,engine
Polaris,138,38.36594044304483,89.26230960184186,engine
Procyon,138,114.81969583032492,5.218940336808745,engine
Quaoar,138,280.58547567991286,-15.097223954591527,tno-rate
Rahu,138,330.6636844460244,-11.990464875089852,engine
Regulus,138,152.0874032790177,11.96856818792119,engine
Rigel,138,78.63715675795422,-8.198854159796623,engine
Saturn,138,10.662440101192992,1.636590395808806,engine
Sedna,138,62.292642527800176,8.845924620831939,tno-rate
Sirius,138,101.28375424171296,-16.72166163531532,engine
Spica,138,201.292593227644,-11.159479131207217,engine
Sun,138,195.67132075476712,-6.680728654977448,engine
Transpluto,138,156.542837681903,9.789398323759096,engine
Uranus,138,63.03824453399285,20.969061624159153,engine
Vega,138,279.23548526298464,38.7907407320962,engine
Venus,138,212.04970088889718,-21.011002607428203,engine
Vertex,138,174.89156874515865,2.210718962681574,engine
Vesta,138,23.149878432723003,-3.129531983442887,engine
Aldebaran,139,68.98418491596931,16.508818159024397,engine
Algol,139,47.04839158352226,40.95563857586937,engine
Algorab,139,187.45905705881682,-16.51409934665764,engine
Alkaid,139,206.87579501117963,49.31511640576944,engine
Alphecca,139,233.66811866340151,26.71730200054121,engine
Altair,139,297.7006315194034,8.874115380648917,engine
Antares,139,247.34792654710438,-26.431991073217247,engine
Arcturus,139,213.9013163842111,19.17001704734896,engine
Ascendant,139,346.2396331478315,-5.8872054732253405,engine
Bellatrix,139,81.2851591339775,6.351234347090803,engine
Betelgeuse,139,88.79497071250469,7.408649617887091,engine
Capella,139,79.17690861037809,45.99303536881839,engine
Castor,139,113.6473015663589,31.886265637771952,engine
Ceres,139,109.81614768731897,23.375233603553227,engine
Chiron,139,26.599770500467603,11.157575160000034,engine
Deneb Algedi,139,326.76555405022174,-16.12858249647551,engine
Eris,139,27.08781967374236,-0.07997645038296651,tno-rate
Fomalhaut,139,344.4204720985865,-29.62307826618565,engine
Gonggong,139,337.31179700960945,-10.27295661841353,tno-rate
Haumea,139,220.16911211087572,13.566482180929818,tno-rate
Juno,139,297.6376349835041,-13.139684423422798,engine
Jupiter,139,143.47513218496957,15.124428082095482,engine
Ketu,139,150.66359968098874,11.990495524145475,engine
Makemake,139,201.73165069419554,19.738283968240708,tno-rate
Mars,139,129.5654390113632,19.702683968726863,engine
Mercury,139,218.6255060577056,-18.05002476288929,engine
Midheaven,139,263.4369003619893,-23.298605692466644,engine
Moon,139,193.84184005444897,-11.083851314686001,engine
Neptune,139,2.603740569394812,-0.4195053803774848,engine
Orcus,139,161.2926637464965,-13.605480675286314,tno-rate
Pallas,139,19.827770694183407,-15.098707842442495,engine
Part_of_Fortune,139,344.409516653864,-10.29006592561845,engine
Part_of_Spirit,139,348.06974964179904,-1.4843450208322313,engine
Pleiades,139,56.875851410394695,24.105455990947362,engine
Pluto,139,306.04730470234904,-23.72510217873145,engine
Polaris,139,38.36595581639181,89.26230949298947,engine
Procyon,139,114.81969577043003,5.218940308132806,engine
Quaoar,139,280.58547963029287,-15.09722591034509,tno-rate
Rahu,139,330.66359968098874,-11.990495524145475,engine
Regulus,139,152.08740309583933,11.968568151481424,engine
Rigel,139,78.63715683950011,-8.19885413770449,engine
Saturn,139,10.66239071068761,1.6365694745583614,engine
Sedna,139,62.292638383869125,8.84592256681998,tno-rate
Sirius,139,101.28375423423776,-16.72166157951972,engine
Spica,139,201.2925930032952,-11.159479149477809,engine
Sun,139,195.67195654841646,-6.680990862292892,engine
Transpluto,139,156.542843133903,9.789396222399636,engine
Uranus,139,63.038227438261714,20.969058622469195,engine
Vega,139,279.23548526149153,38.79074086706746,engine
Venus,139,212.04948193679596,-21.01093401808997,engine
Vertex,139,175.07812015355125,2.1302778199949475,engine
Vesta,139,23.149715990135583,-3.129595628910897,engine
Aldebaran,140,68.98418503685818,16.508818096001693,engine
Algol,140,47.048391821858885,40.95563848013539,engine
Algorab,140,187.45905682284035,-16.51409935139485,engine
Alkaid,140,206.87579467954063,49.31511645071621,engine
Alphecca,140,233.6681184809726,26.717302063647274,engine
Altair,140,297.700631589823,8.874115405749771,engine
Antares,140,247.34792641151412,-26.43199116537697,engine
Arcturus,140,213.90131616522356,19.170017068890814,engine
Ascendant,140,346.77845218040426,-5.662384023123173,engine
Bellatrix,140,81.2851592063468,6.351234315343209,engine
Betelgeuse,140,88.79497075618995,7.408649581273494,engine
Capella,140,79.17690872510853,45.99303521088163,engine
Castor,140,113.64730150269472,31.886265514883323,engine
Ceres,140,109.81632965256114,23.375246537151828,engine
Chiron,140,26.599741122979086,11.157563135603995,engine
Deneb Algedi,140,326.765554222174,-16.128582547326282,engine
Eris,140,27.087813370152492,-0.07997874159564958,tno-rate
Fomalhaut,140,344.4204723333781,-29.623078321286407,engine
Gonggong,140,337.31179171535206,-10.272958275238027,tno-rate
Haumea,140,220.1691255051494,13.566475281613771,tno-rate
Juno,140,297.6377495422701,-13.139731580708279,engine
Jupiter,140,143.4752450738037,15.124393239986386,engine
Ketu,140,150.6635149020217,11.990526178205885,engine
Makemake,140,201.73166455297397,19.738277995703825,tno-rate
Mars,140,129.56584614335614,19.702596229725952,engine
Mercury,140,218.62621304368017,-18.050306641006834,engine
Midheaven,140,263.6875191670467,-23.308881585402485,engine
Moon,140,193.84920206409402,-11.087363709412404,engine
Neptune,140,2.6037238376897656,-0.41951266888061295,engine
Orcus,140,161.29267635761988,-13.605488466912231,tno-rate
Pallas,140,19.827637249843058,-15.098884789958454,engine
Part_of_Fortune,140,344.9550618747887,-10.068494665105206,engine
Part_of_Spirit,140,348.6018424860198,-1.256273381141141,engine
Pleiades,140,56.875851579215954,24.105455915971127,engine
Pluto,140,306.0473026824233,-23.72510229302056,engine
Polaris,140,38.365971247857225,89.26230938488992,engine
Procyon,140,114.81969571144619,5.218940279409146,engine
Quaoar,140,280.58548358067287,-15.09722786609865,tno-rate
Rahu,140,330.6635149020217,-11.990526178205885,engine
Regulus,140,152.08740291305782,11.968568114839144,engine
Rigel,140,78.63715692211456,-8.198854115622916,engine
Saturn,140,10.662341317289503,1.6365485534603497,engine
Sedna,140,62.29263423993807,8.845920512808021,tno-rate
Sirius,140,101.28375422781822,-16.721661523628736,engine
Spica,140,201.29259277844264,-11.159479167564516,engine
Sun,140,195.67259236970955,-6.681253067430372,engine
Transpluto,140,156.54284858584592,9.789394121063209,engine
Uranus,140,63.038210342653514,20.969055621374206,engine
Vega,140,279.23548525868716,38.79074100222051,engine
Venus,140,212.04926305007268,-21.01086539571077,engine
Vertex,140,175.26465923669738,2.0498110274176238,engine
Vesta,140,23.14955353026669,-3.1296592740276608,engine
Aldebaran,141,68.98418515881751,16.508818033058358,engine
Algol,141,47.04839206132198,40.95563838481941,engine
Algorab,141,187.45905658660212,-16.514099355836503,engine
Alkaid,141,206.87579434701252,49.31511649499012,engine
Alphecca,141,233.66811829751555,26.717302126516007,engine
Altair,141,297.700631659351,8.874115430944364,engine
Antares,141,247.34792627478672,-26.431991257400835,engine
Arcturus,141,213.9013159455118,19.170017090168354,engine
Ascendant,141,347.31821326253396,-5.436494788806542,engine
Bellatrix,141,81.28515927978322,6.351234283603116,engine
Betelgeuse,141,88.79497080094163,7.408649544650317,engine
Capella,141,79.17690884136198,45.99303505300791,engine
Castor,141,113.64730144011473,31.886265391717536,engine
Ceres,141,109.8165116227528,23.37525947507454,engine
Chiron,141,26.599711744511126,11.157551111510676,engine
Deneb Algedi,141,326.76555439362426,-16.128582598437475,engine
Eris,141,27.0878070665584,-0.07998103280986903,tno-rate
Fomalhaut,141,344.4204725679709,-29.623078376902853,engine
Gonggong,141,337.3117864210912,-10.272959932063635,tno-rate
Haumea,141,220.16913889943208,13.566468382293097,tno-rate
Juno,141,297.63786409540336,-13.139778734775938,engine
Jupiter,141,143.47535796696386,15.124358398490363,engine
Ketu,141,150.66343010906985,11.990556837290452,engine
Makemake,141,201.7316784117617,19.73827202316294,tno-rate
Mars,141,129.56625328854037,19.702508494228475,engine
Mercury,141,218.6269200343849,-18.050588502113637,engine
Midheaven,141,263.9381405631442,-23.318757685580515,engine
Moon,141,193.85657416326657,-11.090874794618388,engine
Neptune,141,2.6037071052090193,-0.419519957356788,engine
Orcus,141,161.29268896875175,-13.605496258543374,tno-rate
Pallas,141,19.827503790468544,-15.099061738015301,engine
Part_of_Fortune,141,345.5015592066754,-9.845854312845603,engine
Part_of_Spirit,141,349.13486731839254,-1.0271352647674803,engine
Pleiades,141,56.87585174907424,24.105455841193297,engine
Pluto,141,306.04730066127206,-23.725102407291427,engine
Polaris,141,38.365986737195165,89.2623092775464,engine
Procyon,141,114.81969565337567,5.218940250638105,engine
Quaoar,141,280.5854875310555,-15.097229821853524,tno-rate
Rahu,141,330.66343010906985,-11.990556837290452,engine
Regulus,141,152.08740273067744,11.968568077994682,engine
Rigel,141,78.63715700579722,-8.198854093552544,engine
Saturn,141,10.662291920956674,1.6365276325003295,engine
Sedna,141,62.29263009600423,8.845918458794683,tno-rate
Sirius,141,101.28375422245584,-16.721661467643624,engine
Spica,141,201.29259255309037,-11.159479185466937,engine
Sun,141,195.67322821912515,-6.681515270579327,engine
Transpluto,141,156.5428540377355,9.789392019748412,engine
Uranus,141,63.03819324714822,20.96905262087286,engine
Vega,141,279.23548525457005,38.79074113755259,engine
Venus,141,212.04904422564707,-21.01079673942397,engine
Vertex,141,175.45118656692762,1.9693195062175057,engine
Vesta,141,23.149391052960688,-3.1297229188320905,engine
Aldebaran,142,68.98418528184588,16.50881797019573,engine
Algol,142,47.04839230190752,40.955638289924,engine
Algorab,142,187.45905635010718,-16.51409935998229,engine
Alkaid,142,206.87579401360165,49.3151165385892,engine
Alphecca,142,233.6681181130333,26.717302189145535,engine
Altair,142,297.70063172798456,8.874115456232067,engine
Antares,142,247.34792613692386,-26.431991349286733,engine
Arcturus,142,213.90131572507985,19.170017111180588,engine
Ascendant,142,347.8588793500436,-5.209575616203313,engine
Bellatrix,142,81.2851593542864,6.351234251871093,engine
Betelgeuse,142,88.79497084676002,7.408649508018226,engine
Capella,142,79.17690895913776,45.99303489520073,engine
Castor,142,113.64730137862173,31.886265268276873,engine
Ceres,142,109.81669359748307,23.37527241730909,engine
Chiron,142,26.59968236509507,11.15753908773546,engine
Deneb Algedi,142,326.7655545645679,-16.128582649808436,engine
Eris,142,27.087800762968534,-0.0799833240225521,tno-rate
Fomalhaut,142,344.4204728023593,-29.623078433034497,engine
Gonggong,142,337.3117811268338,-10.272961588888133,tno-rate
Haumea,142,220.16915229370576,13.56646148297705,tno-rate
Juno,142,297.63797864290285,-13.139825885552908,engine
Jupiter,142,143.4754708642585,15.124323557669685,engine
Ketu,142,150.66334530225004,11.990587501356877,engine
Makemake,142,201.7316922705401,19.73826605062606,tno-rate
Mars,142,129.56666044666153,19.70242076229234,engine
Mercury,142,218.6276270290335,-18.05087034592878,engine
Midheaven,142,264.18876421996345,-23.328233956732184,engine
Moon,142,193.86395667912973,-11.09438470604459,engine
Neptune,142,2.603690371964358,-0.4195272457984287,engine
Orcus,142,161.29270157987517,-13.60550405016929,tno-rate
Pallas,142,19.827370316499028,-15.099238686413715,engine
Part_of_Fortune,142,346.048971933311,-9.622182850846137,engine
Part_of_Spirit,142,349.6687867667762,-0.7969683815604887,engine
Pleiades,142,56.87585191996706,24.105455766615655,engine
Pluto,142,306.04729863889247,-23.72510252154131,engine
Polaris,142,38.366002284127504,89.26230917096227,engine
Procyon,142,114.81969559622102,5.21894022182009,engine
Quaoar,142,280.5854914814355,-15.097231777607087,tno-rate
Rahu,142,330.66334530225004,-11.990587501356877,engine
Regulus,142,152.08740254870284,11.968568040948448,engine
Rigel,142,78.63715709054753,-8.198854071494068,engine
Saturn,142,10.662242521746565,1.636506711705954,engine
Sedna,142,62.29262595207318,8.845916404782725,tno-rate
Sirius,142,101.28375421815203,-16.721661411565716,engine
Spica,142,201.29259232724286,-11.15947920318464,engine
Sun,142,195.67386409586229,-6.681777471401765,engine
Transpluto,142,156.54285948956445,9.789389918458,engine
Uranus,142,63.038176151766,20.969049620970907,engine
Vega,142,279.2354852491385,38.79074127306073,engine
Venus,142,212.048825465711,-21.01072804991037,engine
Vertex,142,175.63770234215653,1.8888043397872463,engine
Vesta,142,23.149228558389304,-3.129786563235055,engine
Aldebaran,143,68.98418540594213,16.508817907415068,engine
Algol,143,47.04839254361196,40.95563819545155,engine
Algorab,143,187.45905611336002,-16.51409936383192,engine
Alkaid,143,206.87579367931386,49.31511658151156,engine
Alphecca,143,233.66811792752836,26.7173022515341,engine
Altair,143,297.7006317957211,8.874115481612307,engine
Antares,143,247.34792599792692,-26.43199144103273,engine
Arcturus,143,213.9013155039314,19.170017131926546,engine
Ascendant,143,348.40041395988067,-4.981664768339168,engine
Bellatrix,143,81.28515942985621,6.351234220147624,engine
Betelgeuse,143,88.79497089364558,7.408649471377777,engine
Capella,143,79.1769090784354,45.99303473746328,engine
Castor,143,113.64730131821838,31.886265144563364,engine
Ceres,143,109.81687557682599,23.375285363874617,engine
Chiron,143,26.59965298470319,11.157527064269543,engine
Deneb Algedi,143,326.76555473500065,-16.12858270143861,engine
Eris,143,27.087794459378667,-0.07998561523523517,tno-rate
Fomalhaut,143,344.42047303653834,-29.623078489681028,engine
Gonggong,143,337.3117758325765,-10.27296324571263,tno-rate
Haumea,143,220.16916568797947,13.566454583661004,tno-rate
Juno,143,297.6380931849981,-13.139873033061196,engine
Jupiter,143,143.4755837657558,15.124288717506511,engine
Ketu,143,150.6632604815661,11.990618170403769,engine
Makemake,143,201.73170612931852,19.73826007808918,tno-rate
Mars,143,129.56706761776334,19.70233303391866,engine
Mercury,143,218.6283340282613,-18.051152172738405,engine
Midheaven,143,264.4393903097877,-23.337310383122215,engine
Moon,143,193.8713493087238,-11.097893321080308,engine
Neptune,143,2.603673637944716,-0.41953453420819237,engine
Orcus,143,161.29271419099857,-13.605511841795208,tno-rate
Pallas,143,19.82723682766164,-15.099415635230041,engine
Part_of_Fortune,143,346.5972632682058,-9.3975184193323,engine
Part_of_Spirit,143,350.20356465155555,-0.5658111173460352,engine
Pleiades,143,56.87585209189216,24.105455692239847,engine
Pluto,143,306.0472966152853,-23.725102635768025,engine
Polaris,143,38.366017888406084,89.26230906514074,engine
Procyon,143,114.8196955399846,5.218940192955441,engine
Quaoar,143,280.5854954318155,-15.097233733360648,tno-rate
Rahu,143,330.6632604815661,-11.990618170403769,engine
Regulus,143,152.08740236713837,11.96856800370077,engine
Rigel,143,78.6371571763651,-8.198854049448133,engine
Saturn,143,10.662193119617298,1.6364857910627848,engine
Sedna,143,62.29262180814212,8.845914350770766,tno-rate
Sirius,143,101.28375421490824,-16.721661355396254,engine
Spica,143,201.29259210090422,-11.159479220717209,engine
Sun,143,195.6745000003987,-6.682039670087176,engine
Transpluto,143,156.54286494133623,9.789387817190592,engine
Uranus,143,63.038159056475195,20.969046621664887,engine
Vega,143,279.235485242391,38.79074140874222,engine
Venus,143,212.04860677040318,-21.01065932724346,engine
Vertex,143,175.82420713430344,1.8082664506583672,engine
Vesta,143,23.14906604622094,-3.1298502073512338,engine
Aldebaran,144,68.98418553110494,16.50881784471763,engine
Algol,144,47.04839278643159,40.95563810140445,engine
Algorab,144,187.45905587636543,-16.51409936738506,engine
Alkaid,144,206.8757933441551,49.31511662375532,engine
Alphecca,144,233.66811774100333,26.717302313679905,engine
Altair,144,297.7006318625582,8.874115507084486,engine
Antares,144,247.34792585779743,-26.431991532636857,engine
Arcturus,144,213.9013152820702,19.170017152405265,engine
Ascendant,144,348.9427797427815,-4.75280150517102,engine
Bellatrix,144,81.28515950649233,6.351234188433229,engine
Betelgeuse,144,88.79497094159863,7.40864943472958,engine
Capella,144,79.17690919925423,45.99303457979897,engine
Castor,144,113.64730125890736,31.886265020579177,engine
Ceres,144,109.8170575607335,23.37529831478138,engine
Chiron,144,26.599623603327455,11.157515041112186,engine
Deneb Algedi,144,326.7655549049184,-16.128582753327386,engine
Eris,144,27.087788155788804,-0.07998790644791824,tno-rate
Fomalhaut,144,344.4204732705026,-29.623078546842027,engine
Gonggong,144,337.31177053831914,-10.272964902537128,tno-rate
Haumea,144,220.16917908225315,13.566447684344958,tno-rate
Juno,144,297.63820772152286,-13.139920177296286,engine
Jupiter,144,143.4756966714154,15.124253878016402,engine
Ketu,144,150.6631756469073,11.99064884447114,engine
Makemake,144,201.73171998809696,19.738254105552297,tno-rate
Mars,144,129.56747480178987,19.702245309127374,engine
Mercury,144,218.62904103202573,-18.051433982424854,engine
Midheaven,144,264.6900188361875,-23.34598694281478,engine
Moon,144,193.87875238865038,-11.101400780173492,engine
Neptune,144,2.6036569031421677,-0.4195418225871675,engine
Orcus,144,161.292726802122,-13.605519633421126,tno-rate
Pallas,144,19.82710332377349,-15.09959258442195,engine
Part_of_Fortune,144,347.1463961986468,-9.17190041869527,engine
Part_of_Spirit,144,350.7391632869162,-0.3337025916467722,engine
Pleiades,144,56.87585226484722,24.105455618067563,engine
Pluto,144,306.0472945904524,-23.72510274996937,engine
Polaris,144,38.366033549771224,89.26230896008504,engine
Procyon,144,114.8196954846687,5.218940164044527,engine
Quaoar,144,280.5854993821955,-15.09723568911421,tno-rate
Rahu,144,330.6631756469073,-11.99064884447114,engine
Regulus,144,152.0874021859883,11.968567966252031,engine
Rigel,144,78.63715726324946,-8.198854027415384,engine
Saturn,144,10.662143714576608,1.636464870577196,engine
Sedna,144,62.29261766421107,8.845912296758806,tno-rate
Sirius,144,101.28375421272588,-16.721661299136514,engine
Spica,144,201.29259187407862,-11.159479238064254,engine
Sun,144,195.6751359327851,-6.682301866649244,engine
Transpluto,144,156.54287039305106,9.789385715946212,engine
Uranus,144,63.038141961272984,20.969043622956494,engine
Vega,144,279.23548523432606,38.79074154459423,engine
Venus,144,212.04838814000792,-21.010590571543243,engine
Vertex,144,176.01070138966338,1.7277068160642741,engine
Vesta,144,23.14890351676338,-3.1299138510251945,engine
Aldebaran,145,68.98418565733304,16.508817782104693,engine
Algol,145,47.04839303036262,40.95563800778511,engine
Algorab,145,187.4590556391281,-16.514099370641453,engine
Alkaid,145,206.87579300813144,49.315116665318605,engine
Alphecca,145,233.66811755346092,26.717302375581152,engine
Altair,145,297.7006319284932,8.874115532647991,engine
Antares,145,247.34792571653688,-26.431991624097144,engine
Arcturus,145,213.90131505949998,19.170017172615776,engine
Ascendant,145,349.4859388705582,-4.523025903265151,engine
Bellatrix,145,81.28515958419456,6.351234156728419,engine
Betelgeuse,145,88.79497099061956,7.408649398074221,engine
Capella,145,79.17690932159364,45.993034422211075,engine
Castor,145,113.64730120069133,31.88626489632647,engine
Ceres,145,109.81723954915735,23.375311270039635,engine
Chiron,145,26.599594220959858,11.157503018262629,engine
Deneb Algedi,145,326.7655550743168,-16.128582805474167,engine
Eris,145,27.087781852198937,-0.07999019766060131,tno-rate
Fomalhaut,145,344.42047350424696,-29.623078604517104,engine
Gonggong,145,337.31176524406175,-10.272966559361624,tno-rate
Haumea,145,220.16919247652686,13.566440785028911,tno-rate
Juno,145,297.63832225263,-13.139967318248702,engine
Jupiter,145,143.4758095812952,15.124219039184705,engine
Ketu,145,150.6630907983341,11.990679523537084,engine
Makemake,145,201.7317338468754,19.738248133015418,tno-rate
Mars,145,129.56788199868487,19.702157587938327,engine
Mercury,145,218.62974804055523,-18.05171577515719,engine
Midheaven,145,264.9406498053405,-23.354263614522274,engine
Moon,145,193.88616561069898,-11.104906958451615,engine
Neptune,145,2.6036401675488023,-0.419549110936442,engine
Orcus,145,161.29273941324539,-13.605527425047043,tno-rate
Pallas,145,19.82696980509539,-15.099769534027317,engine
Part_of_Fortune,145,347.69633258818527,-8.94536880061505,engine
Part_of_Spirit,145,351.2755451529311,-0.10068300591525148,engine
Pleiades,145,56.875852438829845,24.105455544100472,engine
Pluto,145,306.04729256438867,-23.725102864142745,engine
Polaris,145,38.36604926796236,89.26230885579835,engine
Procyon,145,114.81969543027571,5.218940135087711,engine
Quaoar,145,280.5855033325755,-15.097237644867773,tno-rate
Rahu,145,330.6630907983341,-11.990679523537084,engine
Regulus,145,152.08740200525713,11.968567928602589,engine
Rigel,145,78.63715735120012,-8.198854005396491,engine
Saturn,145,10.662094306583011,1.6364439502351997,engine
Sedna,145,62.292613520280014,8.845910242746847,tno-rate
Sirius,145,101.28375421160634,-16.72166124278777,engine
Spica,145,201.29259164677038,-11.15947925522536,engine
Sun,145,195.6757718930719,-6.682564061101715,engine
Transpluto,145,156.54287584470882,9.789383614724855,engine
Uranus,145,63.038124866156586,20.969040624847437,engine
Vega,145,279.23548522494224,38.790741680613976,engine
Venus,145,212.04816957480787,-21.01052178293008,engine
Vertex,145,176.19718555642825,1.6471264128981429,engine
Vesta,145,23.148740969794577,-3.129977494328987,engine
Aldebaran,146,68.98418578462507,16.508817719577518,engine
Algol,146,47.04839327540133,40.95563791459599,engine
Algorab,146,187.4590554016528,-16.514099373600782,engine
Alkaid,146,206.87579267124892,49.31511670619954,engine
Alphecca,146,233.66811736490385,26.717302437236057,engine
Altair,146,297.7006319935235,8.874115558302236,engine
Antares,146,247.34792557414696,-26.43199171541162,engine
Arcturus,146,213.90131483622469,19.170017192557125,engine
Ascendant,146,350.0298530432808,-4.292378833063308,engine
Bellatrix,146,81.28515966296256,6.351234125033712,engine
Betelgeuse,146,88.79497104070866,7.408649361412314,engine
Capella,146,79.176909445453,45.99303426470294,engine
Castor,146,113.64730114357293,31.88626477180738,engine
Ceres,146,109.8174215420492,23.37532422965958,engine
Chiron,146,26.599564837592432,11.157490995720105,engine
Deneb Algedi,146,326.76555524319156,-16.128582857878353,engine
Eris,146,27.08777554860907,-0.07999248887328438,tno-rate
Fomalhaut,146,344.42047373776603,-29.623078662705808,engine
Gonggong,146,337.3117599498044,-10.272968216186122,tno-rate
Haumea,146,220.16920587080054,13.566433885712863,tno-rate
Juno,146,297.638436778473,-13.14001445590897,engine
Jupiter,146,143.4759224953548,15.124184201026948,engine
Ketu,146,150.66300593584998,11.990710207600412,engine
Makemake,146,201.73174770565382,19.738242160478535,tno-rate
Mars,146,129.56828920821818,19.702069870411204,engine
Mercury,146,218.63045505380654,-18.051997550817998,engine
Midheaven,146,265.1912832204444,-23.362140377395928,engine
Moon,146,193.89358931106716,-11.108411996365968,engine
Neptune,146,2.603623431164826,-0.4195563992537844,engine
Orcus,146,161.29275202436878,-13.60553521667296,tno-rate
Pallas,146,19.826836271444975,-15.099946484003734,engine
Part_of_Fortune,146,348.2470344730391,-8.717964575970939,engine
Part_of_Spirit,146,351.8126716135225,0.13320690984432293,engine
Pleiades,146,56.875852613837665,24.105455470340253,engine
Pluto,146,306.04729053709855,-23.725102978286014,engine
Polaris,146,38.36606504271762,89.26230875228387,engine
Procyon,146,114.819695376808,5.218940106085367,engine
Quaoar,146,280.5855072829555,-15.097239600621334,tno-rate
Rahu,146,330.66300593585,-11.990710207600412,engine
Regulus,146,152.0874018249492,11.96856789075282,engine
Rigel,146,78.63715744021658,-8.198853983392107,engine
Saturn,146,10.662044895644343,1.6364230300431648,engine
Sedna,146,62.29260937634896,8.845908188734887,tno-rate
Sirius,146,101.283754211551,-16.72166118635133,engine
Spica,146,201.29259141898362,-11.159479272200125,engine
Sun,146,195.67640788130885,-6.6828262534583365,engine
Transpluto,146,156.5428812963096,9.789381513526465,engine
Uranus,146,63.03810777110577,20.969037627336213,engine
Vega,146,279.2354852142379,38.790741816798594,engine
Venus,146,212.04795107508383,-21.010452961524763,engine
Vertex,146,176.383660080541,1.5665262194822338,engine
Vesta,146,23.148578405269646,-3.1300411372587247,engine
Aldebaran,147,68.9841859129797,16.508817657137385,engine
Algol,147,47.04839352154386,40.95563782183944,engine
Algorab,147,187.45905516394419,-16.514099376262784,engine
Alkaid,147,206.87579233351357,49.315116746396264,engine
Alphecca,147,233.6681171753348,26.717302498642862,engine
Altair,147,297.7006320576466,8.874115584046613,engine
Antares,147,247.34792543062915,-26.43199180657831,engine
Arcturus,147,213.90131461224811,19.170017212228352,engine
Ascendant,147,350.57448351524744,-4.0609019269233055,engine
Bellatrix,147,81.28515974279603,6.351234093349616,engine
Betelgeuse,147,88.79497109186622,7.408649324744443,engine
Capella,147,79.1769095708316,45.99303410727788,engine
Castor,147,113.64730108755475,31.886264647024067,engine
Ceres,147,109.8176035393606,23.37533719365126,engine
Chiron,147,26.59953545321718,11.157478973483858,engine
Deneb Algedi,147,326.76555541153846,-16.128582910539322,engine
Eris,147,27.087769245019203,-0.07999478008596744,tno-rate
Fomalhaut,147,344.42047397105466,-29.623078721407744,engine
Gonggong,147,337.3117546555471,-10.272969873010618,tno-rate
Haumea,147,220.16921926507425,13.566426986396817,tno-rate
Juno,147,297.63855129888583,-13.140061590272719,engine
Jupiter,147,143.47603541358623,15.124149363548629,engine
Ketu,147,150.6629210594582,11.990740896659823,engine
Makemake,147,201.73176156443222,19.738236187941656,tno-rate
Mars,147,129.5686964306802,19.701982156485908,engine
Mercury,147,218.63116207200713,-18.052279309576573,engine
Midheaven,147,265.44191908450966,-23.36961721111435,engine
Moon,147,193.9010231811401,-11.111915769099104,engine
Neptune,147,2.6036066939796605,-0.4195636875413898,engine
Orcus,147,161.2927646354922,-13.605543008298877,tno-rate
Pallas,147,19.826702722639993,-15.100123434308745,engine
Part_of_Fortune,147,348.79846279884237,-8.489729252289525,engine
Part_of_Spirit,147,352.3505042316525,0.3679253984429147,engine
Pleiades,147,56.875852789868254,24.10545539678858,engine
Pluto,147,306.0472885085768,-23.725103092396594,engine
Polaris,147,38.366080873774074,89.2623086495448,engine
Procyon,147,114.81969532426777,5.218940077037857,engine
Quaoar,147,280.5855112333355,-15.097241556374897,tno-rate
Rahu,147,330.6629210594582,-11.990740896659823,engine
Regulus,147,152.08740164506887,11.968567852703107,engine
Rigel,147,78.63715753029828,-8.198853961402895,engine
Saturn,147,10.661995481752102,1.6364021100006874,engine
Sedna,147,62.292605232417905,8.845906134722927,tno-rate
Sirius,147,101.28375421256118,-16.721661129828448,engine
Spica,147,201.29259119072267,-11.159479288988157,engine
Sun,147,195.67704389754513,-6.683088443732884,engine
Transpluto,147,156.54288674785317,9.789379412351096,engine
Uranus,147,63.038090676117726,20.96903463042448,engine
Vega,147,279.23548520221163,38.790741953145286,engine
Venus,147,212.04773264272683,-21.01038410791827,engine
Vertex,147,176.57012540778535,1.485907214643635,engine
Vesta,147,23.148415823143864,-3.130104779810614,engine
Aldebaran,148,68.98418604239555,16.508817594785565,engine
Algol,148,47.04839376878645,40.95563772951785,engine
Algorab,148,187.45905492600707,-16.51409937862717,engine
Alkaid,148,206.8757919949315,49.315116785906945,engine
Alphecca,148,233.66811698475647,26.717302559799762,engine
Altair,148,297.70063212086006,8.874115609880517,engine
Antares,148,247.34792528598504,-26.43199189759522,engine
Arcturus,148,213.90131438757405,19.17001723162851,engine
Ascendant,148,351.1197911216468,-3.8286375455545136,engine
Bellatrix,148,81.28515982369463,6.351234061676647,engine
Betelgeuse,148,88.79497114409253,7.408649288071218,engine
Capella,148,79.17690969772868,45.99303394993922,engine
Castor,148,113.64730103263935,31.88626452197869,engine
Ceres,148,109.817785541043,23.375350162024734,engine
Chiron,148,26.59950606782616,11.15746695155311,engine
Deneb Algedi,148,326.7655555793533,-16.12858296345645,engine
Eris,148,27.087762941429336,-0.07999707129865051,tno-rate
Fomalhaut,148,344.4204742041075,-29.623078780622457,engine
Gonggong,148,337.3117493612897,-10.272971529835116,tno-rate
Haumea,148,220.16923265934793,13.56642008708077,tno-rate
Juno,148,297.6386658140221,-13.140108721330588,engine
Jupiter,148,143.47614833594872,15.124114526765231,engine
Ketu,148,150.66283616921902,11.990771590693617,engine
Makemake,148,201.73177542321065,19.738230215404773,tno-rate
Mars,148,129.5691036658403,19.701894446221964,engine
Mercury,148,218.63186909511305,-18.05256105131574,engine
Midheaven,148,265.69255740315276,-23.376694095945574,engine
Moon,148,193.90846755676577,-11.11541841713096,engine
Neptune,148,2.6035899559935416,-0.4195709757970273,engine
Orcus,148,161.2927772466156,-13.605550799924796,tno-rate
Pallas,148,19.8265691589423,-15.100300384980104,engine
Part_of_Fortune,148,349.35057873658303,-8.260705330746312,engine
Part_of_Spirit,148,352.8890035067106,0.603430239637285,engine
Pleiades,148,56.87585296691919,24.10545532344714,engine
Pluto,148,306.04728647882564,-23.72510320647224,engine
Polaris,148,38.366096760867926,89.26230854758431,engine
Procyon,148,114.81969527265743,5.218940047945547,engine
Quaoar,148,280.58551518371553,-15.097243512128458,tno-rate
Rahu,148,330.662836169219,-11.990771590693617,engine
Regulus,148,152.0874014656205,11.968567814453825,engine
Rigel,148,78.63715762144473,-8.198853939429505,engine
Saturn,148,10.66194606489783,1.6363811901073497,engine
Sedna,148,62.292601088486855,8.84590408071097,tno-rate
Sirius,148,101.28375421463824,-16.721661073220414,engine
Spica,148,201.29259096199178,-11.159479305589056,engine
Sun,148,195.67767994182955,-6.6833506319391605,engine
Transpluto,148,156.5428921993398,9.789377311198786,engine
Uranus,148,63.038073581189586,20.96903163411393,engine
Vega,148,279.2354851888621,38.790742089651246,engine
Venus,148,212.04751427479158,-21.01031522129248,engine
Vertex,148,176.75658198587482,1.405270376789039,engine
Vesta,148,23.14825322319633,-3.1301684220565877,engine
Aldebaran,149,68.98418617287126,16.50881753252331,engine
Algol,149,47.04839401712524,40.955637637633615,engine
Algorab,149,187.45905468784616,-16.514099380693683,engine
Alkaid,149,206.87579165550878,49.315116824729756,engine
Alphecca,149,233.66811679317172,26.717302620704984,engine
Altair,149,297.7006321831613,8.874115635803344,engine
Antares,149,247.3479251402163,-26.431991988460435,engine
Arcturus,149,213.90131416220646,19.170017250756658,engine
Ascendant,149,351.6657362876164,-3.5956287507051954,engine
Bellatrix,149,81.285159905658,6.351234030015318,engine
Betelgeuse,149,88.79497119738784,7.408649251393232,engine
Capella,149,79.17690982614351,45.99303379269028,engine
Castor,149,113.64730097882936,31.886264396673404,engine
Ceres,149,109.81796754704767,23.37536313478992,engine
Chiron,149,26.599476681411428,11.157454929927074,engine
Deneb Algedi,149,326.7655557466317,-16.128583016629115,engine
Eris,149,27.087756637839473,-0.07999936251133358,tno-rate
Fomalhaut,149,344.42047443691945,-29.623078840349503,engine
Gonggong,149,337.31174406703235,-10.272973186659613,tno-rate
Haumea,149,220.16924605362163,13.566413187764724,tno-rate
Juno,149,297.63878032392904,-13.140155849074919,engine
Jupiter,149,143.47626126249995,15.1240796906621,engine
Ketu,149,150.66275126502217,11.990802289741563,engine
Makemake,149,201.73178928198908,19.738224242867894,tno-rate
Mars,149,129.56951091364107,19.701806739638894,engine
Mercury,149,218.63257612328326,-18.052842776133424,engine
Midheaven,149,265.9431981790095,-23.383371012567096,engine
Moon,149,193.9159221289508,-11.118919815705508,engine
Neptune,149,2.6035732171986266,-0.4195782640217833,engine
Orcus,149,161.29278985773902,-13.605558591550713,tno-rate
Pallas,149,19.826435580022256,-15.100477335948543,engine
Part_of_Fortune,149,349.9033424023569,-8.030935748319678,engine
Part_of_Spirit,149,353.42813017287597,0.8396782469092878,engine
Pleiades,149,56.87585314498803,24.10545525031756,engine
Pluto,149,306.04728444784706,-23.725103320510726,engine
Polaris,149,38.36611270373404,89.26230844640554,engine
Procyon,149,114.81969522197916,5.218940018808816,engine
Quaoar,149,280.58551913409553,-15.09724546788202,tno-rate
Rahu,149,330.66275126502217,-11.990802289741563,engine
Regulus,149,152.08740128660844,11.968567776005369,engine
Rigel,149,78.63715771365528,-8.198853917472603,engine
Saturn,149,10.661896645073108,1.6363602703627271,engine
Sedna,149,62.2925969445558,8.84590202669901,tno-rate
Sirius,149,101.28375421778348,-16.72166101652853,engine
Spica,149,201.2925907327952,-11.159479322002444,engine
Sun,149,195.67831601421037,-6.683612818091025,engine
Transpluto,149,156.54289765076933,9.789375210069467,engine
Uranus,149,63.03805648630116,20.969028638402985,engine
Vega,149,279.23548517418783,38.79074222631362,engine
Venus,149,212.04729597316614,-21.01024630223943,engine
Vertex,149,176.94303026030758,1.3246166856745567,engine
Vesta,149,23.148090605736314,-3.130232063841211,engine
Aldebaran,150,68.98418630440538,16.50881747035189,engine
Algol,150,47.04839426655634,40.95563754618912,engine
Algorab,150,187.4590544494662,-16.51409938246203,engine
Alkaid,150,206.87579131525152,49.31511686286288,engine
Alphecca,150,233.66811660058323,26.717302681356795,engine
Altair,150,297.7006322445479,8.874115661814484,engine
Antares,150,247.3479249933246,-26.431992079171945,engine
Arcturus,150,213.90131393614914,19.170017269611865,engine
Ascendant,150,352.21227905812253,-3.3619192678037737,engine
Bellatrix,150,81.28515998868579,6.351233998366145,engine
Betelgeuse,150,88.7949712517524,7.408649214711084,engine
Capella,150,79.17690995607533,45.99303363553436,engine
Castor,150,113.64730092612733,31.8862642711104,engine
Ceres,150,109.81814955732577,23.37537611195665,engine
Chiron,150,26.599447293965074,11.157442908604962,engine
Deneb Algedi,150,326.7655559133696,-16.128583070056692,engine
Eris,150,27.087750334249606,-0.08000165372401666,tno-rate
Fomalhaut,150,344.42047466948515,-29.623078900588432,engine
Gonggong,150,337.311738772775,-10.27297484348411,tno-rate
Haumea,150,220.1692594478953,13.566406288448675,tno-rate
Juno,150,297.63889482876056,-13.140202973496459,engine
Jupiter,150,143.47637419319892,15.124044855254725,engine
Ketu,150,150.6626663469279,11.990832993781888,engine
Makemake,150,201.7318031407675,19.73821827033101,tno-rate
Mars,150,129.56991817402493,19.701719036756195,engine
Mercury,150,218.6332831566763,-18.05312448412757,engine
Midheaven,150,266.19384141545834,-23.38964794216567,engine
Moon,150,193.9233872331454,-11.122420105314132,engine
Neptune,150,2.603556477587091,-0.41958555221674626,engine
Orcus,150,161.29280246886242,-13.60556638317663,tno-rate
Pallas,150,19.826301986142276,-15.100654287251732,engine
Part_of_Fortune,150,350.4567141765327,-7.800464370915595,engine
Part_of_Spirit,150,353.96784393971234,1.0766258353080471,engine
Pleiades,150,56.87585332407229,24.10545517740152,engine
Pluto,150,306.0472824156361,-23.725103434509432,engine
Polaris,150,38.36612870210637,89.26230834601162,engine
Procyon,150,114.81969517223527,5.218939989628025,engine
Quaoar,150,280.58552308447554,-15.097247423635583,tno-rate
Rahu,150,330.6626663469279,-11.990832993781888,engine
Regulus,150,152.08740110803706,11.968567737358125,engine
Rigel,150,78.6371578069294,-8.19885389553283,engine
Saturn,150,10.661847222286037,1.6363393507731925,engine
Sedna,150,62.292592800624746,8.84589997268705,tno-rate
Sirius,150,101.28375422199815,-16.721660959754065,engine
Spica,150,201.29259050313723,-11.159479338227916,engine
Sun,150,195.67895211473524,-6.683875002202312,engine
Transpluto,150,156.5429031021418,9.789373108963126,engine
Uranus,150,63.03803939144956,20.969025643293296,engine
Vega,150,279.23548515818743,38.790742363129596,engine
Venus,150,212.04707773812515,-21.010177350881357,engine
Vertex,150,177.1294706771482,1.2439471211813449,engine
Vesta,150,23.147927970543524,-3.1302957052363882,engine
Aldebaran,151,68.98418643699652,16.508817408272574,engine
Algol,151,47.048394517075955,40.95563745518668,engine
Algorab,151,187.45905421087195,-16.514099383931978,engine
Alkaid,151,206.87579097416588,49.31511690030453,engine
Alphecca,151,233.6681164069938,26.717302741753404,engine
Altair,151,297.7006323050173,8.874115687913324,engine
Antares,151,247.3479248453116,-26.431992169727835,engine
Arcturus,151,213.90131370940603,19.17001728819317,engine
Ascendant,151,352.75937911625954,-3.1275534523725117,engine
Bellatrix,151,81.2851600727776,6.351233966729639,engine
Betelgeuse,151,88.79497130718643,7.408649178025376,engine
Capella,151,79.17691008752331,45.993033478474835,engine
Castor,151,113.64730087453574,31.886264145291864,engine
Ceres,151,109.81833157182838,23.37538909353473,engine
Chiron,151,26.599417905479207,11.157430887585983,engine
Deneb Algedi,151,326.76555607956266,-16.128583123738544,engine
Eris,151,27.08774403065974,-0.08000394493669973,tno-rate
Fomalhaut,151,344.4204749017994,-29.62307896133877,engine
Gonggong,151,337.3117334785176,-10.272976500308607,tno-rate
Haumea,151,220.16927284216902,13.566399389132629,tno-rate
Juno,151,297.63900932835134,-13.140250094591005,engine
Jupiter,151,143.47648712803743,15.124010020548553,engine
Ketu,151,150.6625814149396,11.99086370281334,engine
Makemake,151,201.7318169995459,19.73821229779413,tno-rate
Mars,151,129.570325446934,19.701631337593223,engine
Mercury,151,218.6339901952471,-18.053406175181475,engine
Midheaven,151,266.44448711475854,-23.395524866376036,engine
Moon,151,193.93086272115255,-11.125919227568815,engine
Neptune,151,2.6035397371592146,-0.4195928403796858,engine
Orcus,151,161.29281507998584,-13.605574174802546,tno-rate
Pallas,151,19.826168377121196,-15.100831238847057,engine
Part_of_Fortune,151,351.0106535939606,-7.56933549565439,engine
Part_of_Spirit,151,354.50810463855845,1.3142285909093667,engine
Pleiades,151,56.875853504169505,24.105455104700678,engine
Pluto,151,306.04728038219486,-23.725103548466137,engine
Polaris,151,38.36614475571767,89.2623082464057,engine
Procyon,151,114.81969512342802,5.218939960403556,engine
Quaoar,151,280.58552703485555,-15.097249379389144,tno-rate
Rahu,151,330.6625814149396,-11.99086370281334,engine
Regulus,151,152.08740092991067,11.968567698512478,engine
Rigel,151,78.63715790126643,-8.198853873610856,engine
Saturn,151,10.661797796495467,1.6363184313247532,engine
Sedna,151,62.29258865669369,8.84589791867509,tno-rate
Sirius,151,101.28375422728358,-16.72166090289832,engine
Spica,151,201.2925902730221,-11.159479354265098,engine
Sun,151,195.67958824345146,-6.684137184286937,engine
Transpluto,151,156.5429085534573,9.789371007879806,engine
Uranus,151,63.03802229663195,20.969022648786495,engine
Vega,151,279.23548514085957,38.79074250009629,engine
Venus,151,212.04685956994183,-21.0101083673412,engine
Vertex,151,177.31590368165377,1.1632626638877936,engine
Vesta,151,23.147765317574567,-3.130359346238251,engine
Aldebaran,152,68.9841865706433,16.508817346286577,engine
Algol,152,47.048394768680296,40.95563736462864,engine
Algorab,152,187.45905397206803,-16.51409938510326,engine
Alkaid,152,206.87579063225775,49.31511693705294,engine
Alphecca,152,233.66811621240615,26.717302801893098,engine
Altair,152,297.7006323645671,8.874115714099274,engine
Antares,152,247.34792469617886,-26.43199226012618,engine
Arcturus,152,213.90131348198085,19.17001730649967,engine
Ascendant,152,353.30699618267147,-2.892576091691255,engine
Bellatrix,152,81.28516015793303,6.351233935106288,engine
Betelgeuse,152,88.79497136369017,7.408649141336682,engine
Capella,152,79.1769102204867,45.993033321514844,engine
Castor,152,113.6473008240571,31.88626401921987,engine
Ceres,152,109.81851359062851,23.375402079542564,engine
Chiron,152,26.59938851592623,11.157418866861278,engine
Deneb Algedi,152,326.7655562452068,-16.128583177674077,engine
Eris,152,27.087737727065644,-0.08000623615091917,tno-rate
Fomalhaut,152,344.42047513385717,-29.623079022600074,engine
Gonggong,152,337.3117281842567,-10.272978157134215,tno-rate
Haumea,152,220.1692862364517,13.566392489811957,tno-rate
Juno,152,297.6391238229323,-13.14029721238096,engine
Jupiter,152,143.47660006705,15.12397518653571,engine
Ketu,152,150.66249646906067,11.99089441683474,engine
Makemake,152,201.73183085833364,19.738206325253245,tno-rate
Mars,152,129.5707327324096,19.701543642150376,engine
Mercury,152,218.634697239695,-18.053687849653762,engine
Midheaven,152,266.69513545032027,-23.40100177090374,engine
Moon,152,193.9383484495566,-11.129417126428,engine
Neptune,152,2.6035229958932913,-0.4196001285176794,engine
Orcus,152,161.2928276911177,-13.60558196643369,tno-rate
Pallas,152,19.826034752688727,-15.101008190810568,engine
Part_of_Fortune,152,351.5651202313959,-7.337593853584675,engine
Part_of_Spirit,152,355.04887213394704,1.5524416702021653,engine
Pleiades,152,56.87585368527727,24.10545503221663,engine
Pluto,152,306.0472783475243,-23.725103662378682,engine
Polaris,152,38.36616086431071,89.26230814759077,engine
Procyon,152,114.81969507555952,5.21893993113575,engine
Quaoar,152,280.58553098523817,-15.097251335144017,tno-rate
Rahu,152,330.66249646906067,-11.99089441683474,engine
Regulus,152,152.0874007522335,11.968567659468805,engine
Rigel,152,78.63715799666585,-8.198853851707318,engine
Saturn,152,10.661748367676442,1.6362975120097458,engine
Sedna,152,62.29258451275986,8.845895864661754,tno-rate
Sirius,152,101.28375423364098,-16.72166084596255,engine
Spica,152,201.29259004245407,-11.159479370113631,engine
Sun,152,195.68022440083217,-6.68439936453458,engine
Transpluto,152,156.54291400471922,9.78936890681811,engine
Uranus,152,63.03800520181659,20.969019654878974,engine
Vega,152,279.235485122203,38.79074263721102,engine
Venus,152,212.04664147035243,-21.010039352165556,engine
Vertex,152,177.50232984641215,1.0825642395745432,engine
Vesta,152,23.147602646677413,-3.130422986885588,engine
Aldebaran,153,68.98418670534407,16.50881728439523,engine
Algol,153,47.048395021365096,40.95563727451747,engine
Algorab,153,187.4590537330595,-16.514099385975626,engine
Alkaid,153,206.8757902895337,49.315116973106264,engine
Alphecca,153,233.6681160168233,26.717302861774062,engine
Altair,153,297.700632423195,8.874115740371684,engine
Antares,153,247.3479245459283,-26.431992350364926,engine
Arcturus,153,213.90131325387782,19.17001732453043,engine
Ascendant,153,353.855088553447,-2.6570330045534174,engine
Bellatrix,153,81.2851602441516,6.3512339034966505,engine
Betelgeuse,153,88.7949714212637,7.408649104645652,engine
Capella,153,79.17691035496446,45.99303316465797,engine
Castor,153,113.64730077469395,31.886263892896785,engine
Ceres,153,109.81869561343284,23.37541506997238,engine
Chiron,153,26.59935912533768,11.15740684644616,engine
Deneb Algedi,153,326.76555641029773,-16.128583231862553,engine
Eris,153,27.08773142347578,-0.08000852736360224,tno-rate
Fomalhaut,153,344.42047536565286,-29.623079084371795,engine
Gonggong,153,337.3117228899994,-10.272979813958711,tno-rate
Haumea,153,220.1692996307254,13.566385590495909,tno-rate
Juno,153,297.6392383125042,-13.140344326794017,engine
Jupiter,153,143.47671301014245,15.123940353248184,engine
Ketu,153,150.6624115092947,11.990925135844671,engine
Makemake,153,201.73184471711207,19.738200352716362,tno-rate
Mars,153,129.5711400301943,19.701455950484696,engine
Mercury,153,218.63540428902624,-18.053969507050265,engine
Midheaven,153,266.945786086936,-23.406078630921677,engine
Moon,153,193.94584474322698,-11.132913937734426,engine
Neptune,153,2.6035062538120783,-0.41960741661872525,engine
Orcus,153,161.2928403022411,-13.605589758059606,tno-rate
Pallas,153,19.825901113287138,-15.101185142942501,engine
Part_of_Fortune,153,352.1200727106035,-7.1052853996802225,engine
Part_of_Spirit,153,355.5901043962905,1.7912193905733877,engine
Pleiades,153,56.87585386739281,24.105454959951135,engine
Pluto,153,306.04727631162194,-23.72510377624431,engine
Polaris,153,38.36617702759449,89.26230804957011,engine
Procyon,153,114.81969502863211,5.218939901825025,engine
Quaoar,153,280.58553493561817,-15.09725329089758,tno-rate
Rahu,153,330.6624115092947,-11.990925135844671,engine
Regulus,153,152.0874005750101,11.968567620227564,engine
Rigel,153,78.63715809312684,-8.1988538298229,engine
Saturn,153,10.661698935887122,1.6362765928558076,engine
Sedna,153,62.2925803688288,8.845893810649795,tno-rate
Sirius,153,101.28375424107159,-16.721660788948117,engine
Spica,153,201.2925898114376,-11.159479385773102,engine
Sun,153,195.68086058607048,-6.68466154260762,engine
Transpluto,153,156.54291945592053,9.789366805780821,engine
Uranus,153,63.03798810702354,20.96901666157637,engine
Vega,153,279.2354851022163,38.79074277447075,engine
Venus,153,212.0464234366971,-21.009970304631057,engine
Vertex,153,177.68874936576412,1.0018529380635586,engine
Vesta,153,23.147439957850843,-3.1304866271649607,engine
Aldebaran,154,68.98418684109744,16.508817222599767,engine
Algol,154,47.04839527512661,40.95563718485542,engine
Algorab,154,187.45905349385094,-16.514099386548835,engine
Alkaid,154,206.87578994599974,49.3151170084628,engine
Alphecca,154,233.66811582024812,26.717302921394566,engine
Altair,154,297.7006324808984,8.874115766729957,engine
Antares,154,247.34792439456157,-26.431992440442166,engine
Arcturus,154,213.9013130251007,19.17001734228454,engine
Ascendant,154,354.4036153395371,-2.42097005146668,engine
Bellatrix,154,81.28516033143285,6.351233871901216,engine
Betelgeuse,154,88.79497147990722,7.4086490679528545,engine
Capella,154,79.17691049095578,45.993033007907385,engine
Castor,154,113.6473007264487,31.88626376632471,engine
Ceres,154,109.81887764031414,23.375428064842403,engine
Chiron,154,26.599329733686016,11.157394826331746,engine
Deneb Algedi,154,326.7655565748313,-16.128583286303385,engine
Eris,154,27.087725119885913,-0.08001081857628531,tno-rate
Fomalhaut,154,344.42047559718145,-29.623079146653463,engine
Gonggong,154,337.31171759574204,-10.27298147078321,tno-rate
Haumea,154,220.1693130249991,13.566378691179862,tno-rate
Juno,154,297.6393527969789,-13.140391437857714,engine
Jupiter,154,143.4768259573492,15.123905520678088,engine
Ketu,154,150.66232653564492,11.990955859842035,engine
Makemake,154,201.7318585758905,19.738194380179483,tno-rate
Mars,154,129.57154734032895,19.701368262596407,engine
Mercury,154,218.63611134393938,-18.054251147729875,engine
Midheaven,154,267.1964391948423,-23.410755433229845,engine
Moon,154,193.9533512972719,-11.136409539246584,engine
Neptune,154,2.603489510896602,-0.41961470468879447,engine
Orcus,154,161.2928529133645,-13.605597549685523,tno-rate
Pallas,154,19.825767458646585,-15.101362095318796,engine
Part_of_Fortune,154,352.6754698371704,-6.872455872017467,engine
Part_of_Spirit,154,356.1317608419038,2.0305157690841065,engine
Pleiades,154,56.87585405051374,24.105454887905765,engine
Pluto,154,306.0472742744889,-23.725103890060847,engine
Polaris,154,38.36619324530946,89.2623079523467,engine
Procyon,154,114.8196949826479,5.218939872471741,engine
Quaoar,154,280.5855388859982,-15.097255246651141,tno-rate
Rahu,154,330.6623265356449,-11.990955859842035,engine
Regulus,154,152.08740039824465,11.968567580789129,engine
Rigel,154,78.6371581906488,-8.198853807958244,engine
Saturn,154,10.661649501086218,1.636255673848489,engine
Sedna,154,62.29257622489775,8.845891756637835,tno-rate
Sirius,154,101.2837542495766,-16.721660731856282,engine
Spica,154,201.29258957997698,-11.159479401243166,engine
Sun,154,195.6814967996386,-6.6849237186957975,engine
Transpluto,154,156.54292490706476,9.789364704766554,engine
Uranus,154,63.03797101223846,20.969013668878237,engine
Vega,154,279.23548508089823,38.7907429118727,engine
Venus,154,212.046205470709,-21.009901225285166,engine
Vertex,154,177.87516281004932,0.9211296867039993,engine
Vesta,154,23.14727725129675,-3.1305502669635143,engine
Aldebaran,155,68.98418697790189,16.508817160901422,engine
Algol,155,47.048395529960864,40.95563709564484,engine
Algorab,155,187.45905325444716,-16.51409938682266,engine
Alkaid,155,206.87578960166206,49.315117043120765,engine
Alphecca,155,233.66811562268327,26.71730298075289,engine
Altair,155,297.700632537675,8.874115793173479,engine
Antares,155,247.3479242420805,-26.431992530355952,engine
Arcturus,155,213.90131279565347,19.17001735976108,engine
Ascendant,155,354.9525350245443,-2.184433723439725,engine
Bellatrix,155,81.28516041977633,6.3512338403204955,engine
Betelgeuse,155,88.79497153962086,7.408649031258897,engine
Capella,155,79.17691062845974,45.993032851266406,engine
Castor,155,113.64730067932383,31.88626363950585,engine
Ceres,155,109.819059671223,23.375441064162114,engine
Chiron,155,26.599300340963413,11.157382806517228,engine
Deneb Algedi,155,326.76555673880324,-16.128583340995906,engine
Eris,155,27.087718816296046,-0.08001310978896838,tno-rate
Fomalhaut,155,344.4204758284377,-29.62307920944459,engine
Gonggong,155,337.31171230148465,-10.272983127607706,tno-rate
Haumea,155,220.16932641927278,13.566371791863816,tno-rate
Juno,155,297.63946727651125,-13.140438545563008,engine
Jupiter,155,143.4769389086616,15.123870688830817,engine
Ketu,155,150.6622415481147,11.990986588825571,engine
Makemake,155,201.7318724346689,19.738188407642603,tno-rate
Mars,155,129.57195466275454,19.701280578504562,engine
Mercury,155,218.6368184043879,-18.05453277157639,engine
Midheaven,155,267.44709477833754,-23.415032161291776,engine
Moon,155,193.96086844611298,-11.139904071463356,engine
Neptune,155,2.603472767139118,-0.41962199272897543,engine
Orcus,155,161.29286552448792,-13.605605341311442,tno-rate
Pallas,155,19.82563378858716,-15.101539047896727,engine
Part_of_Fortune,155,353.2312704290757,-6.639151902089983,engine
Part_of_Spirit,155,356.6737996200129,2.270284455210533,engine
Pleiades,155,56.875854234637444,24.105454816082187,engine
Pluto,155,306.04727223612747,-23.72510400382606,engine
Polaris,155,38.366209517184394,89.26230785592361,engine
Procyon,155,114.81969493760909,5.21893984307626,engine
Quaoar,155,280.5855428363782,-15.097257202404704,tno-rate
Rahu,155,330.6622415481147,-11.990986588825571,engine
Regulus,155,152.0874002219415,11.968567541153906,engine
Rigel,155,78.63715828923105,-8.198853786114,engine
Saturn,155,10.661600063265707,1.6362347549873624,engine
Sedna,155,62.29257208096669,8.845889702625875,tno-rate
Sirius,155,101.2837542591572,-16.72166067468834,engine
Spica,155,201.29258934807643,-11.15947941652344,engine
Sun,155,195.68213304158158,-6.685185892813098,engine
Transpluto,155,156.54293035815198,9.789362603775285,engine
Uranus,155,63.037953917441065,20.969010676782965,engine
Vega,155,279.2354850582476,38.79074304941403,engine
Venus,155,212.0459875726549,-21.00983211425237,engine
Vertex,155,178.06157062625215,0.8403954664945764,engine
Vesta,155,23.14711452679649,-3.130613906353134,engine
Aldebaran,156,68.98418711575589,16.508817099301467,engine
Algol,156,47.048395785863875,40.95563700688802,engine
Algorab,156,187.4590530148529,-16.514099386796854,engine
Alkaid,156,206.8757892565268,49.31511707707848,engine
Alphecca,156,233.66811542413188,26.717303039847273,engine
Altair,156,297.7006325935225,8.87411581970163,engine
Antares,156,247.34792408848665,-26.431992620104364,engine
Arcturus,156,213.90131256554008,19.170017376959137,engine
Ascendant,156,355.5018058452671,-1.9474709481754886,engine
Bellatrix,156,81.28516050918152,6.351233808755003,engine
Betelgeuse,156,88.79497160040475,7.408648994564369,engine
Capella,156,79.17691076747536,45.99303269473836,engine
Castor,156,113.64730063332175,31.88626351244241,engine
Ceres,156,109.81924170610989,23.375454067940908,engine
Chiron,156,26.599270947162072,11.157370787001776,engine
Deneb Algedi,156,326.7655569022095,-16.128583395939472,engine
Eris,156,27.08771251270618,-0.08001540100165144,tno-rate
Fomalhaut,156,344.42047605941644,-29.623079272744626,engine
Gonggong,156,337.3117070072273,-10.272984784432204,tno-rate
Haumea,156,220.1693398135465,13.56636489254777,tno-rate
Juno,156,297.6395817511493,-13.140485649902569,engine
Jupiter,156,143.47705186403806,15.123835857721824,engine
Ketu,156,150.66215654670742,11.991017322794013,engine
Makemake,156,201.73188629344733,19.73818243510572,tno-rate
Mars,156,129.57236199741186,19.70119289822814,engine
Mercury,156,218.63752547052778,-18.054814378688476,engine
Midheaven,156,267.69775283873565,-23.418908798939686,engine
Moon,156,193.9683958794798,-11.14339740987419,engine
Neptune,156,2.6034560225399983,-0.4196292807370366,engine
Orcus,156,161.29287813561132,-13.605613132937359,tno-rate
Pallas,156,19.82550010337292,-15.10171600071372,engine
Part_of_Fortune,156,353.7874324128029,-6.405420293076139,engine
Part_of_Spirit,156,357.21617927773127,2.510478396725162,engine
Pleiades,156,56.875854419761396,24.105454744482,engine
Pluto,156,306.04727019653257,-23.72510411753736,engine
Polaris,156,38.366225842946825,89.26230776030387,engine
Procyon,156,114.81969489351782,5.218939813638971,engine
Quaoar,156,280.5855467867582,-15.097259158158266,tno-rate
Rahu,156,330.6621565467074,-11.991017322794013,engine
Regulus,156,152.0874000461049,11.96856750132231,engine
Rigel,156,78.63715838887288,-8.198853764290828,engine
Saturn,156,10.661550622434033,1.636213836278791,engine
Sedna,156,62.29256793703564,8.845887648613916,tno-rate
Sirius,156,101.28375426981458,-16.721660617445583,engine
Spica,156,201.29258911574033,-11.159479431613562,engine
Sun,156,195.68276931194399,-6.6854480649735395,engine
Transpluto,156,156.542935809182,9.789360502807044,engine
Uranus,156,63.03793682262849,20.969007685292112,engine
Vega,156,279.2354850342631,38.790743187091905,engine
Venus,156,212.0457697427996,-21.00976297165727,engine
Vertex,156,178.2479732592192,0.7596512595959,engine
Vesta,156,23.146951784308378,-3.1306775453298896,engine
Aldebaran,157,68.98418725465791,16.508817037801144,engine
Algol,157,47.04839604283165,40.95563691858732,engine
Algorab,157,187.45905277507293,-16.5140993864712,engine
Alkaid,157,206.87578891060022,49.315117110334135,engine
Alphecca,157,233.6681152245966,26.717303098676012,engine
Altair,157,297.70063264843844,8.874115846313789,engine
Antares,157,247.34792393378208,-26.431992709685428,engine
Arcturus,157,213.9013123347644,19.170017393877824,engine
Ascendant,157,356.05138582287896,-1.710129045231641,engine
Bellatrix,157,81.28516059964795,6.351233777205246,engine
Betelgeuse,157,88.79497166225899,7.408648957869878,engine
Capella,157,79.17691090800169,45.99303253832651,engine
Castor,157,113.64730058844484,31.886263385136573,engine
Ceres,157,109.81942374492517,23.37546707618809,engine
Chiron,157,26.59924155227418,11.157358767784542,engine
Deneb Algedi,157,326.76555706504587,-16.12858345113341,engine
Eris,157,27.087706209116313,-0.08001769221433451,tno-rate
Fomalhaut,157,344.42047629011245,-29.62307933655308,engine
Gonggong,157,337.31170171297,-10.2729864412567,tno-rate
Haumea,157,220.16935320782017,13.56635799323172,tno-rate
Juno,157,297.63969622104815,-13.140532750867466,engine
Jupiter,157,143.4771648235355,15.12380102733635,engine
Ketu,157,150.66207153148372,11.991048061725426,engine
Makemake,157,201.73190015222576,19.73817646256884,tno-rate
Mars,157,129.5727693442414,19.70110522178605,engine
Mercury,157,218.6382325425147,-18.055095969164853,engine
Midheaven,157,267.94841337716207,-23.422385330426454,engine
Moon,157,193.97593393145888,-11.146889695003285,engine
Neptune,157,2.6034392770888357,-0.4196365687151704,engine
Orcus,157,161.29289074673474,-13.605620924563276,tno-rate
Pallas,157,19.82536640282436,-15.101892953726985,engine
Part_of_Fortune,157,354.3439141435678,-6.1713085050437435,engine
Part_of_Spirit,157,357.7588575021901,2.7510504145804617,engine
Pleiades,157,56.875854605882914,24.10545467310688,engine
Pluto,157,306.0472681557067,-23.725104231192496,engine
Polaris,157,38.36624222232325,89.26230766549052,engine
Procyon,157,114.81969485037622,5.218939784160242,engine
Quaoar,157,280.5855507371382,-15.097261113911827,tno-rate
Rahu,157,330.6620715314837,-11.991048061725426,engine
Regulus,157,152.08739987073912,11.968567461294757,engine
Rigel,157,78.63715848957352,-8.19885374248938,engine
Saturn,157,10.661501178550393,1.6361929177087797,engine
Sedna,157,62.292563793104584,8.845885594601958,tno-rate
Sirius,157,101.28375428154986,-16.721660560129312,engine
Spica,157,201.29258888297304,-11.15947944651317,engine
Sun,157,195.68340561077002,-6.685710235191182,engine
Transpluto,157,156.5429412601551,9.78935840186185,engine
Uranus,157,63.03791972779779,20.969004694407225,engine
Vega,157,279.2354850089436,38.79074332490349,engine
Venus,157,212.04555198301892,-21.009693798095242,engine
Vertex,157,178.43437115374857,0.6788980484037758,engine
Vesta,157,23.146789023790987,-3.13074118388986,engine
Aldebaran,158,68.98418739460634,16.508816976401704,engine
Algol,158,47.048396300860155,40.95563683074501,engine
Algorab,158,187.45905253511208,-16.514099385845476,engine
Alkaid,158,206.87578856388856,49.315117142886116,engine
Alphecca,158,233.6681150240805,26.717303157237357,engine
Altair,158,297.7006327024204,8.874115873009334,engine
Antares,158,247.34792377796845,-26.43199279909724,engine
Arcturus,158,213.9013121033306,19.170017410516238,engine
Ascendant,158,356.60123279445924,-1.4724556802890298,engine
Bellatrix,158,81.28516069117505,6.351233745671739,engine
Betelgeuse,158,88.79497172518363,7.408648921176026,engine
Capella,158,79.17691105003769,45.9930323820342,engine
Castor,158,113.64730054469547,31.88626325759058,engine
Ceres,158,109.81960578761912,23.375480088912852,engine
Chiron,158,26.599212156291973,11.157346748864699,engine
Deneb Algedi,158,326.7655572273083,-16.12858350657704,engine
Eris,158,27.08769990552645,-0.08001998342701759,tno-rate
Fomalhaut,158,344.42047652052054,-29.62307940086939,engine
Gonggong,158,337.3116964187126,-10.272988098081198,tno-rate
Haumea,158,220.16936660209387,13.566351093915674,tno-rate
Juno,158,297.63981068604346,-13.140579848453822,engine
Jupiter,158,143.4772777871123,15.12376619768981,engine
Ketu,158,150.66198650233287,11.991078805659871,engine
Makemake,158,201.7319140110042,19.73817049003196,tno-rate
Mars,158,129.57317670318346,19.701017549197054,engine
Mercury,158,218.63893962030093,-18.055377542889744,engine
Midheaven,158,268.1990763973456,-23.42546174045104,engine
Moon,158,193.9834822913726,-11.150380802388598,engine
Neptune,158,2.603422530786043,-0.41964385666114423,engine
Orcus,158,161.29290335785814,-13.605628716189194,tno-rate
Pallas,158,19.82523268676242,-15.102069906893657,engine
Part_of_Fortune,158,354.9006731477287,-5.936864079197561,engine
Part_of_Spirit,158,358.3017924411898,2.991952718619502,engine
Pleiades,158,56.87585479299945,24.10545460195842,engine
Pluto,158,306.0472661136522,-23.725104344789223,engine
Polaris,158,38.366258655039395,89.26230757148659,engine
Procyon,158,114.8196948081864,5.218939754640451,engine
Quaoar,158,280.5855546875182,-15.09726306966539,tno-rate
Rahu,158,330.66198650233287,-11.991078805659871,engine
Regulus,158,152.0873996958485,11.968567421071665,engine
Rigel,158,78.63715859133224,-8.198853720710314,engine
Saturn,158,10.66145173162336,1.6361719992836796,engine
Sedna,158,62.29255964917353,8.845883540589998,tno-rate
Sirius,158,101.28375429436416,-16.72166050274082,engine
Spica,158,201.29258864977888,-11.159479461221919,engine
Sun,158,195.68404193810315,-6.685972403480067,engine
Transpluto,158,156.54294671107095,9.789356300939636,engine
Uranus,158,63.03790263292867,20.969001704126654,engine
Vega,158,279.2354849822879,38.7907434628459,engine
Venus,158,212.04533429035087,-21.00962459275177,engine
Vertex,158,178.62076475667718,0.5981368146218138,engine
Vesta,158,23.146626245203354,-3.1308048220290714,engine
Aldebaran,159,68.98418753559963,16.50881691510439,engine
Algol,159,47.04839655994535,40.9556367433634,engine
Algorab,159,187.4590522949751,-16.514099384919465,engine
Alkaid,159,206.87578821639806,49.31511717473268,engine
Alphecca,159,233.66811482258655,26.717303215529597,engine
Altair,159,297.7006327554663,8.874115899787647,engine
Antares,159,247.34792362104767,-26.431992888337852,engine
Arcturus,159,213.90131187124248,19.170017426873493,engine
Ascendant,159,357.15130442643897,-1.2344988265892751,engine
Bellatrix,159,81.28516078376225,6.351233714154992,engine
Betelgeuse,159,88.79497178917875,7.408648884483399,engine
Capella,159,79.17691119358233,45.99303222586472,engine
Castor,159,113.64730050207604,31.886263129806625,engine
Ceres,159,109.81978783414182,23.3754931061244,engine
Chiron,159,26.599182759207704,11.157334730241397,engine
Deneb Algedi,159,326.76555738899253,-16.128583562269707,engine
Eris,159,27.087693601936582,-0.08002227463970066,tno-rate
Fomalhaut,159,344.42047675063543,-29.62307946569303,engine
Gonggong,159,337.31169112445525,-10.272989754905694,tno-rate
Haumea,159,220.16937999636755,13.566344194599628,tno-rate
Juno,159,297.63992514629047,-13.14062694265279,engine
Jupiter,159,143.47739075475934,15.123731368787585,engine
Ketu,159,150.6619014593153,11.991109554575441,engine
Makemake,159,201.7319278697826,19.73816451749508,tno-rate
Mars,159,129.57358407417797,19.700929880479915,engine
Mercury,159,218.63964670410886,-18.055659100033683,engine
Midheaven,159,268.4497419000321,-23.428138014076048,engine
Moon,159,193.99104129292257,-11.153870872576777,engine
Neptune,159,2.6034057836212443,-0.41965114457715136,engine
Orcus,159,161.29291596898156,-13.605636507815111,tno-rate
Pallas,159,19.82509895545197,-15.102246860251087,engine
Part_of_Fortune,159,355.4576674253751,-5.702135129311749,engine
Part_of_Spirit,159,358.8449414275028,3.2331374761331992,engine
Pleiades,159,56.87585498110832,24.105454531038248,engine
Pluto,159,306.04726407036424,-23.72510445832496,engine
Polaris,159,38.36627514081968,89.26230747829507,engine
Procyon,159,114.81969476695042,5.21893972507998,engine
Quaoar,159,280.58555863789815,-15.09726502541895,tno-rate
Rahu,159,330.6619014593153,-11.991109554575441,engine
Regulus,159,152.08739952143722,11.968567380653466,engine
Rigel,159,78.63715869414828,-8.198853698954276,engine
Saturn,159,10.661402281645127,1.6361510810030742,engine
Sedna,159,62.292555505242476,8.845881486578039,tno-rate
Sirius,159,101.2837543082586,-16.72166044528143,engine
Spica,159,201.29258841616218,-11.15947947573944,engine
Sun,159,195.68467829398642,-6.686234569854302,engine
Transpluto,159,156.5429521619298,9.789354200040448,engine
Uranus,159,63.037885538024064,20.96899871445298,engine
Vega,159,279.23548495429486,38.79074360091628,engine
Venus,159,212.04511666666752,-21.009555356222787,engine
Vertex,159,178.80715451273835,0.5173685410340773,engine
Vesta,159,23.146463448328106,-3.130868459819379,engine
Aldebaran,160,68.98418767763616,16.508816853910453,engine
Algol,160,47.04839682008319,40.95563665644475,engine
Algorab,160,187.45905205466673,-16.514099383692965,engine
Alkaid,160,206.87578786813498,49.31511720587215,engine
Alphecca,160,233.66811462011768,26.71730327355101,engine
Altair,160,297.70063280757364,8.874115926648098,engine
Antares,160,247.34792346302157,-26.43199297740533,engine
Arcturus,160,213.90131163850413,19.170017442948694,engine
Ascendant,160,357.7015582487104,-0.9963067168803963,engine
Bellatrix,160,81.285160877409,6.351233682655511,engine
Betelgeuse,160,88.79497185424435,7.40864884779261,engine
Capella,160,79.17691133863454,45.99303206982135,engine
Castor,160,113.64730046058887,31.886263001786933,engine
Ceres,160,109.81996988444338,23.375506127831777,engine
Chiron,160,26.599153361013652,11.157322711913785,engine
Deneb Algedi,160,326.7655575500945,-16.128583618210733,engine
Eris,160,27.087687298346715,-0.08002456585238372,tno-rate
Fomalhaut,160,344.420476980452,-29.623079531023453,engine
Gonggong,160,337.3116858301979,-10.272991411730192,tno-rate
Haumea,160,220.16939339064126,13.566337295283581,tno-rate
Juno,160,297.640039601838,-13.140674033457232,engine
Jupiter,160,143.47750372646757,15.123696540635,engine
Ketu,160,150.6618164024345,11.991140308470856,engine
Makemake,160,201.73194172856103,19.738158544958196,tno-rate
Mars,160,129.57399145716468,19.700842215653267,engine
Mercury,160,218.64035379389006,-18.055940640481104,engine
Midheaven,160,268.7004098867079,-23.430414136775877,engine
Moon,160,193.99861078615646,-11.157359847372929,engine
Neptune,160,2.6033890355948843,-0.4196584324609606,engine
Orcus,160,161.29292858010496,-13.605644299441028,tno-rate
Pallas,160,19.82496520871442,-15.102423813756346,engine
Part_of_Fortune,160,356.0148543564046,-5.46716982992537,engine
Part_of_Spirit,160,359.3882621410162,3.4745563961645773,engine
Pleiades,160,56.87585517020689,24.10545446034799,engine
Pluto,160,306.0472620258452,-23.725104571797445,engine
Polaris,160,38.366291679387615,89.26230738591892,engine
Procyon,160,114.8196947266704,5.2189396954792,engine
Quaoar,160,280.58556258827815,-15.097266981172513,tno-rate
Rahu,160,330.6618164024345,-11.991140308470856,engine
Regulus,160,152.0873993475096,11.968567340040574,engine
Rigel,160,78.6371587980208,-8.198853677221921,engine
Saturn,160,10.661352828607956,1.636130162866532,engine
Sedna,160,62.292551361311425,8.845879432566079,tno-rate
Sirius,160,101.28375432323423,-16.72166038775243,engine
Spica,160,201.29258818212733,-11.15947949006539,engine
Sun,160,195.68531467846225,-6.686496734327955,engine
Transpluto,160,156.5429576127316,9.78935209916426,engine
Uranus,160,63.03786844306362,20.968995725384495,engine
Vega,160,279.2354849249633,38.79074373911181,engine
Venus,160,212.0448991122272,-21.009486088634546,engine
Vertex,160,178.99354086734118,0.43659421027811074,engine
Vesta,160,23.146300633478294,-3.130932097105181,engine
Aldebaran,161,68.98418782071428,16.508816792821143,engine
Algol,161,47.048397081269556,40.95563656999139,engine
Algorab,161,187.4590518141918,-16.514099382165764,engine
Alkaid,161,206.8757875191056,49.31511723630288,engine
Alphecca,161,233.6681144166768,26.717303331299888,engine
Altair,161,297.7006328587402,8.87411595359006,engine
Antares,161,247.347923303892,-26.431993066297757,engine
Arcturus,161,213.9013114051196,19.17001745874097,engine
Ascendant,161,358.2519516767046,-0.7579278000729464,engine
Bellatrix,161,81.28516097211468,6.351233651173813,engine
Betelgeuse,161,88.79497192038046,7.40864881110425,engine
Capella,161,79.17691148519322,45.993031913907416,engine
Castor,161,113.64730042023622,31.88626287353373,engine
Ceres,161,109.82015193847363,23.37551915404398,engine
Chiron,161,26.599123961702077,11.157310693881,engine
Deneb Algedi,161,326.7655577106102,-16.12858367439943,engine
Eris,161,27.087680994756848,-0.08002685706506679,tno-rate
Fomalhaut,161,344.4204772099652,-29.623079596860055,engine
Gonggong,161,337.3116805359405,-10.272993068554689,tno-rate
Haumea,161,220.16940678491494,13.566330395967535,tno-rate
Juno,161,297.64015405273517,-13.140721120860068,engine
Jupiter,161,143.47761670219498,15.123661713247461,engine
Ketu,161,150.6617313317508,11.991171067324343,engine
Makemake,161,201.73195558733946,19.738152572421317,tno-rate
Mars,161,129.57439885190948,19.70075455477559,engine
Mercury,161,218.64106088986603,-18.056222164402747,engine
Midheaven,161,268.95108035773836,-23.432290094413204,engine
Moon,161,194.00619062104195,-11.160847668672895,engine
Neptune,161,2.6033722866993223,-0.419665720313656,engine
Orcus,161,161.29294119122838,-13.605652091066945,tno-rate
Pallas,161,19.82483144637153,-15.102600767366473,engine
Part_of_Fortune,161,356.5721912061738,-5.232016571830623,engine
Part_of_Spirit,161,359.93171214723543,3.7161609716847304,engine
Pleiades,161,56.87585536029245,24.10545438988926,engine
Pluto,161,306.04725998009764,-23.725104685204464,engine
Polaris,161,38.36630827046565,89.26230729436115,engine
Procyon,161,114.81969468734842,5.218939665838499,engine
Quaoar,161,280.58556653865816,-15.097268936926076,tno-rate
Rahu,161,330.6617313317508,-11.991171067324343,engine
Regulus,161,152.08739917406987,11.968567299233426,engine
Rigel,161,78.63715890294903,-8.198853655513906,engine
Saturn,161,10.661303372520567,1.6361092448804044,engine
Sedna,161,62.29254721738037,8.84587737855412,tno-rate
Sirius,161,101.28375433929216,-16.72166033015512,engine
Spica,161,201.2925879476787,-11.159479504199421,engine
Sun,161,195.68595109157275,-6.686758896915219,engine
Transpluto,161,156.5429630634763,9.789349998311124,engine
Uranus,161,63.037851348044406,20.968992736922733,engine
Vega,161,279.2354848942922,38.790743877429605,engine
Venus,161,212.0446816272873,-21.009416790113818,engine
Vertex,161,179.17992426519777,0.3558148054174663,engine
Vesta,161,23.14613780043713,-3.130995733958334,engine
Aldebaran,162,68.98418796483237,16.50881673183768,engine
Algol,162,47.048397343500376,40.955636484005545,engine
Algorab,162,187.45905157355512,-16.514099380337676,engine
Alkaid,162,206.8757871693162,49.31511726602319,engine
Alphecca,162,233.66811421226694,26.717303388774532,engine
Altair,162,297.7006329089637,8.874115980612912,engine
Antares,162,247.34792314366095,-26.431993155013185,engine
Arcturus,162,213.90131117109286,19.170017474249434,engine
Ascendant,162,358.80244204590576,-0.5194106921070585,engine
Bellatrix,162,81.28516106787869,6.351233619710401,engine
Betelgeuse,162,88.7949719875871,7.4086487744189204,engine
Capella,162,79.17691163325723,45.993031758126186,engine
Castor,162,113.64730038102047,31.886262745049258,engine
Ceres,162,109.82033399630144,23.37553218477531,engine
Chiron,162,26.59909456126531,11.157298676142178,engine
Deneb Algedi,162,326.7655578705354,-16.128583730835114,engine
Eris,162,27.08767469116698,-0.08002914827774986,tno-rate
Fomalhaut,162,344.42047743916964,-29.623079663202294,engine
Gonggong,162,337.3116752416832,-10.272994725379187,tno-rate
Haumea,162,220.16942017918865,13.566323496651487,tno-rate
Juno,162,297.64026849913745,-13.140768204852595,engine
Jupiter,162,143.47772968199797,15.123626886610161,engine
Ketu,162,150.6616462471535,11.991201831175825,engine
Makemake,162,201.7319694461179,19.738146599884434,tno-rate
Mars,162,129.57480625869874,19.70066689778551,engine
Mercury,162,218.6417679919876,-18.05650367168334,engine
Midheaven,162,269.20175331609255,-23.433765873262153,engine
Moon,162,194.01378113063785,-11.164334477023962,engine
Neptune,162,2.6033555369269505,-0.4196730081363254,engine
Orcus,162,161.29295380235178,-13.605659882692864,tno-rate
Pallas,162,19.824697668689048,-15.102777721118745,engine
Part_of_Fortune,162,357.1296356431844,-4.9967241115008,engine
Part_of_Spirit,162,0.47524844862715554,3.957902727286683,engine
Pleiades,162,56.875855551362314,24.105454319663654,engine
Pluto,162,306.0472579331167,-23.72510479854339,engine
Polaris,162,38.366324913775415,89.26230720362467,engine
Procyon,162,114.81969464898643,5.21893963615825,engine
Quaoar,162,280.58557048903816,-15.097270892679637,tno-rate
Rahu,162,330.6616462471535,-11.991201831175825,engine
Regulus,162,152.08739900112226,11.968567258232456,engine
Rigel,162,78.6371590089321,-8.198853633830874,engine
Saturn,162,10.661253913342508,1.6360883270306943,engine
Sedna,162,62.292543073449316,8.84587532454216,tno-rate
Sirius,162,101.28375435643338,-16.721660272490823,engine
Spica,162,201.29258771282065,-11.159479518141193,engine
Sun,162,195.68658753335924,-6.68702105763022,engine
Transpluto,162,156.54296851416387,9.789347897480988,engine
Uranus,162,63.037834252963506,20.968989749069156,engine
Vega,162,279.23548486228054,38.79074401586677,engine
Venus,162,212.04446421371458,-21.00934746125769,engine
Vertex,162,179.36630515310358,0.2750313087139682,engine
Vesta,162,23.145974949164977,-3.131059370374833,engine
Aldebaran,163,68.98418810998874,16.508816670961327,engine
Algol,163,47.04839760677151,40.95563639848949,engine
Algorab,163,187.45905133276148,-16.514099378208506,engine
Alkaid,163,206.87578681877312,49.31511729503147,engine
Alphecca,163,233.66811400689116,26.71730344597323,engine
Altair,163,297.70063295824195,8.87411600771602,engine
Antares,163,247.34792298233026,-26.431993243549726,engine
Arcturus,163,213.90131093642793,19.170017489473228,engine
Ascendant,163,359.35298662605084,-0.28080413529865655,engine
Bellatrix,163,81.28516116470038,6.351233588265787,engine
Betelgeuse,163,88.79497205586419,7.408648737737223,engine
Capella,163,79.17691178282544,45.99303160248097,engine
Castor,163,113.64730034294382,31.886262616335713,engine
Ceres,163,109.82051605763844,23.375545220023824,engine
Chiron,163,26.599065159695662,11.157286658696437,engine
Deneb Algedi,163,326.7655580298661,-16.1285837875171,engine
Eris,163,27.087668387577118,-0.08003143949043293,tno-rate
Fomalhaut,163,344.42047766806024,-29.623079730049582,engine
Gonggong,163,337.31166994742586,-10.272996382203683,tno-rate
Haumea,163,220.16943357346233,13.56631659733544,tno-rate
Juno,163,297.6403829408816,-13.140815285431183,engine
Jupiter,163,143.47784266583446,15.12359206073846,engine
Ketu,163,150.66156114870336,11.991232600003409,engine
Makemake,163,201.73198330489632,19.738140627347555,tno-rate
Mars,163,129.57521367729785,19.700579244741334,engine
Mercury,163,218.6424751004078,-18.056785162422283,engine
Midheaven,163,269.45242876175524,-23.434841459964584,engine
Moon,163,194.021382003352,-11.167820148113751,engine
Neptune,163,2.6033387862782544,-0.4196802959267369,engine
Orcus,163,161.29296641347517,-13.60566767431878,tno-rate
Pallas,163,19.824563875341347,-15.102954674943359,engine
Part_of_Fortune,163,357.6871446255401,-4.761341066925255,engine
Part_of_Spirit,163,1.0188286265615716,4.199732796327942,engine
Pleiades,163,56.87585574341379,24.10545424967279,engine
Pluto,163,306.0472558849051,-23.725104911812007,engine
Polaris,163,38.36634160903732,89.26230711371247,engine
Procyon,163,114.81969461158654,5.2189396064388385,engine
Quaoar,163,280.58557443941817,-15.0972728484332,tno-rate
Rahu,163,330.66156114870336,-11.991232600003409,engine
Regulus,163,152.087398828671,11.96856721703811,engine
Rigel,163,78.63715911596918,-8.198853612173485,engine
Saturn,163,10.661204451082618,1.636067409323752,engine
Sedna,163,62.29253892951826,8.845873270530202,tno-rate
Sirius,163,101.28375437465895,-16.721660214760817,engine
Spica,163,201.2925874775576,-11.159479531890362,engine
Sun,163,195.6872240038627,-6.6872832164871525,engine
Transpluto,163,156.5429739647944,9.789345796673842,engine
Uranus,163,63.037817157800575,20.96898676182204,engine
Vega,163,279.2354848289271,38.7907441544205,engine
Venus,163,212.04424686853923,-21.00927810125346,engine
Vertex,163,179.55268397579383,0.19424470340109593,engine
Vesta,163,23.145812079622516,-3.1311230063506734,engine
Aldebaran,164,68.9841882561818,16.508816610193257,engine
Algol,164,47.04839787107898,40.9556363134454,engine
Algorab,164,187.45905109181547,-16.514099375778056,engine
Alkaid,164,206.8757864674824,49.31511732332608,engine
Alphecca,164,233.6681138005524,26.71730350289433,engine
Altair,164,297.7006330065727,8.874116034898776,engine
Antares,164,247.34792281990187,-26.431993331905506,engine
Arcturus,164,213.90131070112878,19.170017504411494,engine
Ascendant,164,359.90354302403233,-0.04215678896365203,engine
Bellatrix,164,81.28516126257917,6.3512335568404605,engine
Betelgeuse,164,88.79497212521177,7.408648701059729,engine
Capella,164,79.17691193389673,45.99303144697494,engine
Castor,164,113.64730030600852,31.88626248739529,engine
Ceres,164,109.82069812267535,23.375558259812415,engine
Chiron,164,26.599035756965762,11.157274641534851,engine
Deneb Algedi,164,326.7655581885983,-16.12858384444471,engine
Eris,164,27.087662083983023,-0.08003373070465238,tno-rate
Fomalhaut,164,344.420477896632,-29.623079797401374,engine
Gonggong,164,337.31166465316494,-10.272998039029291,tno-rate
Haumea,164,220.16944696774502,13.566309698014766,tno-rate
Juno,164,297.6404973782,-13.140862362618774,engine
Jupiter,164,143.4779556537706,15.123557235614337,engine
Ketu,164,150.66147603634641,11.991263373826502,engine
Makemake,164,201.731997163684,19.738134654806668,tno-rate
Mars,164,129.57562110791866,19.700491595602614,engine
Mercury,164,218.6431822157534,-18.05706663690781,engine
Midheaven,164,269.7031068630864,-23.43551684187557,engine
Moon,164,194.0289935769743,-11.171304824840197,engine
Neptune,164,2.603322034731729,-0.4196875836919668,engine
Orcus,164,161.29297902460704,-13.605675465949922,tno-rate
Pallas,164,19.824430066504977,-15.103131628996156,engine
Part_of_Fortune,164,358.2446760974563,-4.525916240127844,engine
Part_of_Spirit,164,1.5624099506083553,4.44160266220054,engine
Pleiades,164,56.87585593644423,24.10545417991823,engine
Pluto,164,306.0472538354639,-23.725105025008144,engine
Polaris,164,38.3663583559821,89.26230702462736,engine
Procyon,164,114.81969457515069,5.218939576680626,engine
Quaoar,164,280.58557838980084,-15.097274804188073,tno-rate
Rahu,164,330.6614760363464,-11.991263373826502,engine
Regulus,164,152.0873986567203,11.968567175650787,engine
Rigel,164,78.63715922405945,-8.198853590542374,engine
Saturn,164,10.661154985700225,1.6360464917451167,engine
Sedna,164,62.29253478558443,8.845871216516864,tno-rate
Sirius,164,101.28375439396987,-16.721660156966404,engine
Spica,164,201.29258724189373,-11.159479545446603,engine
Sun,164,195.68786050355033,-6.687545373676005,engine
Transpluto,164,156.5429794153715,9.789343695888379,engine
Uranus,164,63.037800062547035,20.96898377518192,engine
Vega,164,279.235484794231,38.790744293087975,engine
Venus,164,212.04402959347956,-21.009208710652523,engine
Vertex,164,179.73906130335783,0.11345591843073388,engine
Vesta,164,23.145649191484768,-3.1311866420003325,engine
Aldebaran,165,68.98418840340965,16.508816549534817,engine
Algol,165,47.04839813641831,40.955636228875676,engine
Algorab,165,187.45905085072226,-16.514099373046168,engine
Alkaid,165,206.87578611545092,49.31511735090541,engine
Alphecca,165,233.66811359325388,26.717303559536056,engine
Altair,165,297.70063305395365,8.874116062160503,engine
Antares,165,247.34792265637785,-26.431993420078484,engine
Arcturus,165,213.90131046519974,19.170017519063347,engine
Ascendant,165,0.4540677357805101,0.19648217772353269,engine
Bellatrix,165,81.28516136151421,6.351233525434968,engine
Betelgeuse,165,88.79497219562965,7.408648664387086,engine
Capella,165,79.17691208646971,45.9930312916116,engine
Castor,165,113.64730027021683,31.886262358230383,engine
Ceres,165,109.8208801911175,23.375571304132247,engine
Chiron,165,26.59900635310742,11.15726262467265,engine
Deneb Algedi,165,326.76555834672763,-16.128583901617187,engine
Eris,165,27.087655780393156,-0.08003602191733544,tno-rate
Fomalhaut,165,344.4204781248795,-29.623079865256965,engine
Gonggong,165,337.3116593589076,-10.27299969585379,tno-rate
Haumea,165,220.1694603620187,13.56630279869872,tno-rate
Juno,165,297.64061181098884,-13.140909436345337,engine
Jupiter,165,143.47806864564538,15.123522411289786,engine
Ketu,165,150.66139091020023,11.991294152602665,engine
Makemake,165,201.73201102246244,19.73812868226979,tno-rate
Mars,165,129.57602854995324,19.70040395050509,engine
Mercury,165,218.64388933702568,-18.057348094647526,engine
Midheaven,165,269.9537872853539,-23.43579200551628,engine
Moon,165,194.0366155293587,-11.174788378288257,engine
Neptune,165,2.603305282310368,-0.4196948714200112,engine
Orcus,165,161.29299163573046,-13.60568325757584,tno-rate
Pallas,165,19.824296242182335,-15.103308582996746,engine
Part_of_Fortune,165,358.80218623353085,-4.290498671705321,engine
Part_of_Spirit,165,2.105949238030147,4.683463027152386,engine
Pleiades,165,56.87585613045065,24.10545411040163,engine
Pluto,165,306.0472517847911,-23.725105138129038,engine
Polaris,165,38.36637515430584,89.2623069363724,engine
Procyon,165,114.81969453968094,5.218939546884033,engine
Quaoar,165,280.58558234018085,-15.097276759941634,tno-rate
Rahu,165,330.6613909102002,-11.991294152602665,engine
Regulus,165,152.0873984852744,11.968567134071,engine
Rigel,165,78.6371593332019,-8.198853568938214,engine
Saturn,165,10.661105517254247,1.6360255743224177,engine
Sedna,165,62.29253064165337,8.845869162504904,tno-rate
Sirius,165,101.2837544143671,-16.72166009910895,engine
Spica,165,201.2925870058338,-11.159479558809565,engine
Sun,165,195.68849703160834,-6.687807528859404,engine
Transpluto,165,156.54298486588783,9.789341595127272,engine
Uranus,165,63.03778296720544,20.96898078915103,engine
Vega,165,279.2354847581912,38.790744431866145,engine
Venus,165,212.0438123890768,-21.00913928967599,engine
Vertex,165,179.92543733202174,0.03266604484761375,engine
Vesta,165,23.145486285284992,-3.1312502770828172,engine
Aldebaran,166,68.98418855167064,16.50881648898718,engine
Algol,166,47.04839840278542,40.955636144782446,engine
Algorab,166,187.45905060948647,-16.51409937001265,engine
Alkaid,166,206.87578576268473,49.315117377767855,engine
Alphecca,166,233.66811338499858,26.717303615896768,engine
Altair,166,297.70063310038273,8.874116089500593,engine
Antares,166,247.3479224917602,-26.43199350806683,engine
Arcturus,166,213.90131022864475,19.170017533427952,engine
Ascendant,166,1.0045183819406744,0.4350640897870769,engine
Bellatrix,166,81.2851614615049,6.351233494049802,engine
Betelgeuse,166,88.7949722671178,7.408648627719871,engine
Capella,166,79.17691224054323,45.99303113639412,engine
Castor,166,113.64730023557097,31.88626222884314,engine
Ceres,166,109.82106226303631,23.375584353000672,engine
Chiron,166,26.59897694809328,11.157250608100878,engine
Deneb Algedi,166,326.76555850425035,-16.128583959033865,engine
Eris,166,27.087649476803293,-0.08003831313001852,tno-rate
Fomalhaut,166,344.4204783527976,-29.623079933615806,engine
Gonggong,166,337.3116540646502,-10.273001352678286,tno-rate
Haumea,166,220.1694737562924,13.566295899382673,tno-rate
Juno,166,297.64072623948107,-13.140956506633943,engine
Jupiter,166,143.47818164149206,15.123487587756783,engine
Ketu,166,150.66130577026854,11.99132493633046,engine
Makemake,166,201.73202488124087,19.738122709732906,tno-rate
Mars,166,129.576436003613,19.700316309408123,engine
Mercury,166,218.64459646491812,-18.05762953600143,engine
Midheaven,166,270.20447019653517,-23.435666939284033,engine
Moon,166,194.04424819786698,-11.178270951357828,engine
Neptune,166,2.6032885289926946,-0.419702159117948,engine
Orcus,166,161.29300424685385,-13.605691049201758,tno-rate
Pallas,166,19.824162402106786,-15.103485537020651,engine
Part_of_Fortune,166,359.3596329913048,-4.055137179343332,engine
Part_of_Spirit,166,2.6494037725765667,4.925265358917486,engine
Pleiades,166,56.875856325430405,24.105454041124556,engine
Pluto,166,306.0472497328881,-23.725105251172543,engine
Polaris,166,38.366392003737275,89.2623068489504,engine
Procyon,166,114.81969450517917,5.218939517049425,engine
Quaoar,166,280.5855862905608,-15.097278715695197,tno-rate
Rahu,166,330.66130577026854,-11.99132493633046,engine
Regulus,166,152.08739831433752,11.968567092299166,engine
Rigel,166,78.63715944339565,-8.198853547361644,engine
Saturn,166,10.661056045704115,1.6360046570411864,engine
Sedna,166,62.29252649772232,8.845867108492946,tno-rate
Sirius,166,101.28375443585158,-16.721660041189732,engine
Spica,166,201.29258676938207,-11.159479571978938,engine
Sun,166,195.68913358850287,-6.688069682227418,engine
Transpluto,166,156.54299031634707,9.7893394943892,engine
Uranus,166,63.037765871761415,20.968977803728816,engine
Vega,166,279.23548472080677,38.790744570752274,engine
Venus,166,212.0435952570463,-21.009069838876126,engine
Vertex,166,180.1118126319653,-0.048123988389553604,engine
Vesta,166,23.145323360698868,-3.131313911712591,engine
Aldebaran,167,68.98418870096305,16.508816428551572,engine
Algol,167,47.0483986701762,40.95563606116796,engine
Algorab,167,187.4590503681129,-16.514099366677353,engine
Alkaid,167,206.87578540919023,49.315117403911806,engine
Alphecca,167,233.6681131757896,26.7173036719748,engine
Altair,167,297.7006331458577,8.874116116918405,engine
Antares,167,247.3479223260508,-26.43199359586862,engine
Arcturus,167,213.90130999146788,19.170017547504457,engine
Ascendant,167,1.5548522597185004,0.6735401736357838,engine
Bellatrix,167,81.28516156255051,6.351233462685466,engine
Betelgeuse,167,88.79497233967611,7.408648591058684,engine
Capella,167,79.17691239611601,45.99303098132578,engine
Castor,167,113.64730020207307,31.88626209923583,engine
Ceres,167,109.82124433838109,23.375597406426206,engine
Chiron,167,26.59894754191579,11.157238591818642,engine
Deneb Algedi,167,326.7655586611623,-16.128584016694017,engine
Eris,167,27.087643173213426,-0.08004060434270159,tno-rate
Fomalhaut,167,344.4204785803813,-29.623080002477238,engine
Gonggong,167,337.3116487703929,-10.273003009502784,tno-rate
Haumea,167,220.16948715056608,13.566289000066627,tno-rate
Juno,167,297.64084066351364,-13.141003573481132,engine
Jupiter,167,143.47829464136666,15.123452765000481,engine
Ketu,167,150.66122061644035,11.99135572505005,engine
Makemake,167,201.7320387400193,19.738116737196027,tno-rate
Mars,167,129.57684346883585,19.70022867232977,engine
Mercury,167,218.64530359937962,-18.057910960854873,engine
Midheaven,167,270.4551555958528,-23.435141631381754,engine
Moon,167,194.0518914313006,-11.181752486059883,engine
Neptune,167,2.6032717747792815,-0.41970944678354405,engine
Orcus,167,161.29301685797728,-13.605698840827674,tno-rate
Pallas,167,19.824028546545524,-15.103662491104958,engine
Part_of_Fortune,167,359.91697351674634,-3.8198804786297798,engine
Part_of_Spirit,167,3.192731002690663,5.166960825901348,engine
Pleiades,167,56.875856521380676,24.1054539720886,engine
Pluto,167,306.047247679755,-23.725105364136294,engine
Polaris,167,38.36640890399288,89.26230676236425,engine
Procyon,167,114.8196944716474,5.218939487177181,engine
Quaoar,167,280.5855902409408,-15.097280671448758,tno-rate
Rahu,167,330.66122061644035,-11.99135572505005,engine
Regulus,167,152.08739814391384,11.96856705033574,engine
Rigel,167,78.63715955463975,-8.198853525813316,engine
Saturn,167,10.661006571042495,1.6359837399009793,engine
Sedna,167,62.29252235379126,8.845865054480987,tno-rate
Sirius,167,101.28375445842428,-16.72165998321006,engine
Spica,167,201.29258653254294,-11.159479584954385,engine
Sun,167,195.68977017427275,-6.68833183379432,engine
Transpluto,167,156.5429957667492,9.789337393674172,engine
Uranus,167,63.03774877621194,20.968974818916696,engine
Vega,167,279.23548468207673,38.79074470974342,engine
Venus,167,212.04337819441108,-21.00900035744156,engine
Vertex,167,180.29818764810167,-0.12891319803536302,engine
Vesta,167,23.145160417688423,-3.1313775458856314,engine
Aldebaran,168,68.9841888512851,16.508816368229233,engine
Algol,168,47.04839893858636,40.955635978034415,engine
Algorab,168,187.4590501266064,-16.5140993630401,engine
Alkaid,168,206.8757850549738,49.31511742933573,engine
Alphecca,168,233.66811296563012,26.717303727768467,engine
Altair,168,297.7006331903763,8.874116144413307,engine
Antares,168,247.34792215925177,-26.431993683481956,engine
Arcturus,168,213.90130975367325,19.170017561292013,engine
Ascendant,168,2.1050267457481966,0.9118617664785411,engine
Bellatrix,168,81.28516166465032,6.351233431342468,engine
Betelgeuse,168,88.79497241330445,7.408648554404119,engine
Capella,168,79.17691255318675,45.99303082640988,engine
Castor,168,113.64730016972531,31.886261969410697,engine
Ceres,168,109.82142641710104,23.375610464417246,engine
Chiron,168,26.598918134567345,11.157226575825035,engine
Deneb Algedi,168,326.76555881745935,-16.128584074596947,engine
Eris,168,27.08763686962356,-0.08004289555538466,tno-rate
Fomalhaut,168,344.42047880762544,-29.623080071840675,engine
Gonggong,168,337.3116434761355,-10.27300466632728,tno-rate
Haumea,168,220.1695005448398,13.56628210075058,tno-rate
Juno,168,297.64095508324306,-13.141050636878495,engine
Jupiter,168,143.47840764522644,15.12341794303621,engine
Ketu,168,150.6611354487763,11.991386518739471,engine
Makemake,168,201.7320525987977,19.738110764659144,tno-rate
Mars,168,129.57725094555946,19.700141039287985,engine
Mercury,168,218.64601074056097,-18.058192369307765,engine
Midheaven,168,270.70584348513296,-23.434216070396076,engine
Moon,168,194.05954507822977,-11.185232924415613,engine
Neptune,168,2.603255019662614,-0.41971673441788615,engine
Orcus,168,161.29302946910067,-13.605706632453593,tno-rate
Pallas,168,19.82389467532229,-15.103839445206479,engine
Part_of_Fortune,168,0.47416503502178964,-3.5847771743626824,engine
Part_of_Spirit,168,3.7358884564746035,5.408500707319765,engine
Pleiades,168,56.87585671829869,24.105453903295327,engine
Pluto,168,306.0472456253945,-23.72510547701805,engine
Polaris,168,38.366425854788325,89.26230667661677,engine
Procyon,168,114.81969443908753,5.218939457267693,engine
Quaoar,168,280.5855941913208,-15.09728262720232,tno-rate
Rahu,168,330.6611354487763,-11.991386518739471,engine
Regulus,168,152.0873979740075,11.968567008181171,engine
Rigel,168,78.63715966693329,-8.198853504293877,engine
Saturn,168,10.66095709327861,1.6359628229081666,engine
Sedna,168,62.29251820986021,8.845863000469027,tno-rate
Sirius,168,101.28375448208611,-16.721659925171256,engine
Spica,168,201.29258629532083,-11.159479597735595,engine
Sun,168,195.69040678895618,-6.68859398357439,engine
Transpluto,168,156.5430012170943,9.789335292982173,engine
Uranus,168,63.03773168053673,20.96897183471287,engine
Vega,168,279.2354846420002,38.79074484883676,engine
Venus,168,212.04316120302832,-21.00893084597162,engine
Vertex,168,180.48456282749342,-0.20970060181041908,engine
Vesta,168,23.144997456216,-3.1314411795978616,engine
Aldebaran,169,68.98418900263498,16.50881630802139,engine
Algol,169,47.04839920801167,40.95563589538404,engine
Algorab,169,187.45904988497176,-16.514099359100726,engine
Alkaid,169,206.87578470004178,49.315117454038074,engine
Alphecca,169,233.66811275452318,26.71730378327608,engine
Altair,169,297.7006332339367,8.874116171984655,engine
Antares,169,247.34792199136513,-26.431993770904953,engine
Arcturus,169,213.90130951526498,19.170017574789807,engine
Ascendant,169,2.6549993102280007,1.14998035704762,engine
Bellatrix,169,81.28516176780353,6.351233400021316,engine
Betelgeuse,169,88.79497248800264,7.408648517756776,engine
Capella,169,79.17691271175413,45.99303067164966,engine
Castor,169,113.64730013852986,31.88626183937,engine
Ceres,169,109.82160849914516,23.37562352698217,engine
Chiron,169,26.598888726040407,11.157214560119145,engine
Deneb Algedi,169,326.76555897313773,-16.12858413274192,engine
Eris,169,27.087630566033692,-0.08004518676806772,tno-rate
Fomalhaut,169,344.42047903452476,-29.62308014170544,engine
Gonggong,169,337.31163818187815,-10.273006323151778,tno-rate
Haumea,169,220.16951393911347,13.566275201434532,tno-rate
Juno,169,297.64106949871945,-13.141097696819315,engine
Jupiter,169,143.47852065306157,15.1233831218692,engine
Ketu,169,150.66105026727968,11.991417317397527,engine
Makemake,169,201.73206645757614,19.738104792122265,tno-rate
Mars,169,129.5776584337213,19.700053410300637,engine
Mercury,169,218.64671788861259,-18.058473761460142,engine
Midheaven,169,270.9565338632173,-23.432890245311388,engine
Moon,169,194.0672094703137,-11.188712407000663,engine
Neptune,169,2.6032382636352107,-0.4197240220220567,engine
Orcus,169,161.2930420802241,-13.60571442407951,tno-rate
Pallas,169,19.82376078826113,-15.104016399281969,engine
Part_of_Fortune,169,1.0311653479508118,-3.349875918371125,engine
Part_of_Spirit,169,4.27883327250519,5.649836632466365,engine
Pleiades,169,56.8758569161816,24.10545383474633,engine
Pluto,169,306.0472435698021,-23.725105589815232,engine
Polaris,169,38.36644285583819,89.26230659171085,engine
Procyon,169,114.81969440750146,5.218939427321342,engine
Quaoar,169,280.5855981417008,-15.097284582955883,tno-rate
Rahu,169,330.6610502672797,-11.991417317397527,engine
Regulus,169,152.0873978046227,11.968566965835944,engine
Rigel,169,78.63715978027527,-8.198853482803974,engine
Saturn,169,10.66090761237236,1.6359419060487292,engine
Sedna,169,62.292514065929154,8.845860946457067,tno-rate
Sirius,169,101.28375450683795,-16.72165986707462,engine
Spica,169,201.29258605772017,-11.159479610322245,engine
Sun,169,195.6910434325909,-6.688856131581918,engine
Transpluto,169,156.54300666738226,9.789333192313155,engine
Uranus,169,63.03771458473856,20.96896885111981,engine
Vega,169,279.23548460057617,38.79074498802939,engine
Venus,169,212.04294428314162,-21.0088613045959,engine
Vertex,169,180.67093861520902,-0.2904852166276754,engine
Vesta,169,23.144834476244398,-3.1315048128452285,engine
Aldebaran,170,68.98418915501092,16.508816247929264,engine
Algol,170,47.048399478447905,40.95563581321901,engine
Algorab,170,187.45904964321377,-16.514099354859102,engine
Alkaid,170,206.8757843444006,49.315117478017264,engine
Alphecca,170,233.66811254247187,26.717303838496,engine
Altair,170,297.7006332765364,8.874116199631812,engine
Antares,170,247.347921822393,-26.431993858135687,engine
Arcturus,170,213.90130927624716,19.17001758799699,engine
Ascendant,170,3.204727551350052,1.3878476348289548,engine
Bellatrix,170,81.2851618720094,6.351233368722511,engine
Betelgeuse,170,88.79497256377056,7.408648481117253,engine
Capella,170,79.1769128718168,45.99303051704842,engine
Castor,170,113.64730010848879,31.886261709116013,engine
Ceres,170,109.82179058446248,23.37563659412924,engine
Chiron,170,26.59885931632742,11.15720254470005,engine
Deneb Algedi,170,326.7655591281933,-16.128584191128212,engine
Eris,170,27.087624262443825,-0.08004747798075079,tno-rate
Fomalhaut,170,344.4204792610743,-29.6230802120709,engine
Gonggong,170,337.3116328876208,-10.273007979976274,tno-rate
Haumea,170,220.16952733338718,13.566268302118486,tno-rate
Juno,170,297.6411839099932,-13.141144753296974,engine
Jupiter,170,143.47863366486195,15.123348301504706,engine
Ketu,170,150.6609650720112,11.991448121002236,engine
Makemake,170,201.73208031635457,19.73809881958538,tno-rate
Mars,170,129.5780659332585,19.699965785385512,engine
Mercury,170,218.6474250434822,-18.05875513719775,engine
Midheaven,170,271.207226729688,-23.431164145507267,engine
Moon,170,194.07488429474566,-11.192190809750421,engine
Neptune,170,2.60322150669769,-0.4197313095938253,engine
Orcus,170,161.2930546913475,-13.605722215705427,tno-rate
Pallas,170,19.823626885630027,-15.104193353368455,engine
Part_of_Fortune,170,1.5879317408815634,-3.1152248970901857,engine
Part_of_Spirit,170,4.8215233618185405,5.890920166748095,engine
Pleiades,170,56.87585711502653,24.105453766443176,engine
Pluto,170,306.0472415129804,-23.725105702525585,engine
Polaris,170,38.3664599068561,89.26230650764928,engine
Procyon,170,114.81969437689109,5.218939397338514,engine
Quaoar,170,280.5856020920808,-15.097286538709444,tno-rate
Rahu,170,330.6609650720112,-11.991448121002236,engine
Regulus,170,152.0873976357636,11.968566923300491,engine
Rigel,170,78.63715989466468,-8.198853461344262,engine
Saturn,170,10.66085812833303,1.6359209893290005,engine
Sedna,170,62.2925099219981,8.845858892445108,tno-rate
Sirius,170,101.28375453268067,-16.72165980892148,engine
Spica,170,201.2925858197454,-11.159479622714024,engine
Sun,170,195.69168010521415,-6.689118277831281,engine
Transpluto,170,156.54301211761305,9.789331091667169,engine
Uranus,170,63.03769748879709,20.9689658681357,engine
Vega,170,279.23548455780394,38.79074512731843,engine
Venus,170,212.04272743660542,-21.00879173391477,engine
Vertex,170,180.85731545710314,-0.37126605982026584,engine
Vesta,170,23.14467147755987,-3.131568445699487,engine
Aldebaran,171,68.98418930841106,16.508816187954068,engine
Algol,171,47.04839974989072,40.95563573154153,engine
Algorab,171,187.4590494013373,-16.514099350315078,engine
Alkaid,171,206.87578398805675,49.31511750127179,engine
Alphecca,171,233.66811232947956,26.717303893426582,engine
Altair,171,297.7006333181736,8.87411622735414,engine
Antares,171,247.3479216523374,-26.431993945172284,engine
Arcturus,171,213.90130903662399,19.170017600912725,engine
Ascendant,171,3.7541692172695584,1.6254155335225653,engine
Bellatrix,171,81.2851619772671,6.351233337446568,engine
Betelgeuse,171,88.794972640608,7.408648444486153,engine
Capella,171,79.17691303337334,45.99303036260941,engine
Castor,171,113.6473000796042,31.886261578651006,engine
Ceres,171,109.82197267300184,23.375649665866636,engine
Chiron,171,26.5988299054209,11.157190529566838,engine
Deneb Algedi,171,326.76555928262195,-16.128584249755114,engine
Eris,171,27.08761795885396,-0.08004976919343386,tno-rate
Fomalhaut,171,344.42047948726884,-29.623080282936392,engine
Gonggong,171,337.3116275933634,-10.273009636800772,tno-rate
Haumea,171,220.16954072766086,13.56626140280244,tno-rate
Juno,171,297.64129831711455,-13.141191806304846,engine
Jupiter,171,143.47874668061752,15.123313481947958,engine
Ketu,171,150.66087986285993,11.9914789295937,engine
Makemake,171,201.732094175133,19.738092847048502,tno-rate
Mars,171,129.57847344410803,19.69987816456032,engine
Mercury,171,218.6481322053867,-18.059036496692254,engine
Midheaven,171,271.4579220830051,-23.4290377607724,engine
Moon,171,194.0825698827369,-11.195668273216162,engine
Neptune,171,2.6032047488399037,-0.41973859713538253,engine
Orcus,171,161.29306730247092,-13.605730007331344,tno-rate
Pallas,171,19.82349296725364,-15.104370307422627,engine
Part_of_Fortune,171,2.1444222931438994,-2.8808723173567703,engine
Part_of_Spirit,171,5.363916141395217,6.1317033844019,engine
Pleiades,171,56.87585731483066,24.10545369838742,engine
Pluto,171,306.0472394549323,-23.725105815146872,engine
Polaris,171,38.366477007554685,89.26230642443491,engine
Procyon,171,114.81969434725828,5.218939367319594,engine
Quaoar,171,280.5856060424608,-15.097288494463006,tno-rate
Rahu,171,330.66087986285993,-11.9914789295937,engine
Regulus,171,152.08739746743436,11.968566880575295,engine
Rigel,171,78.63716001010053,-8.198853439915377,engine
Saturn,171,10.660808641153587,1.6359000727485615,engine
Sedna,171,62.292505778067046,8.845856838433148,tno-rate
Sirius,171,101.28375455961516,-16.72165975071314,engine
Spica,171,201.29258558140097,-11.159479634910623,engine
Sun,171,195.69231680686255,-6.689380422336827,engine
Transpluto,171,156.54301756778682,9.789328991044247,engine
Uranus,171,63.037680392709355,20.968962885761893,engine
Vega,171,279.23548451368265,38.79074526670102,engine
Venus,171,212.04251066043543,-21.008722133117903,engine
Vertex,171,181.0436937984432,-0.45204214856855285,engine
Vesta,171,23.144508460479205,-3.1316320780049463,engine
Aldebaran,172,68.98418946283357,16.50881612809704,engine
Algol,172,47.048400022335876,40.95563565035376,engine
Algorab,172,187.45904915934707,-16.514099345468495,engine
Alkaid,172,206.8757836310166,49.31511752380014,engine
Alphecca,172,233.66811211554918,26.717303948066142,engine
Altair,172,297.700633358846,8.874116255150993,engine
Antares,172,247.3479214812005,-26.43199403201286,engine
Arcturus,172,213.90130879639955,19.170017613536217,engine
Ascendant,172,4.303282240090365,1.8626362792442992,engine
Bellatrix,172,81.28516208357581,6.351233306193985,engine
Betelgeuse,172,88.7949727185147,7.408648407864066,engine
Capella,172,79.17691319642236,45.993030208335895,engine
Castor,172,113.64730005187818,31.886261447977223,engine
Ceres,172,109.82215476471202,23.37566274220247,engine
Chiron,172,26.598800493313334,11.157178514718568,engine
Deneb Algedi,172,326.76555943641995,-16.128584308621875,engine
Eris,172,27.087611655264094,-0.08005206040611693,tno-rate
Fomalhaut,172,344.42047971310336,-29.62308035430124,engine
Gonggong,172,337.3116222991061,-10.273011293625268,tno-rate
Haumea,172,220.16955412193457,13.566254503486393,tno-rate
Juno,172,297.6414127202405,-13.141238855834713,engine
Jupiter,172,143.47885970028523,15.123278663214226,engine
Ketu,172,150.66079463988643,11.991509743150033,engine
Makemake,172,201.7321080339114,19.73808687451162,tno-rate
Mars,172,129.57888096620658,19.699790547842664,engine
Mercury,172,218.6488393742731,-18.059317839829667,engine
Midheaven,172,271.70861992423283,-23.426511081276423,engine
Moon,172,194.0902660821442,-11.199144739521353,engine
Neptune,172,2.60318799006251,-0.41974588464449597,engine
Orcus,172,161.2930799135943,-13.605737798957263,tno-rate
Pallas,172,19.823359032956834,-15.104547261401166,engine
Part_of_Fortune,172,2.7005947846623393,-2.646865895164142,engine
Part_of_Spirit,172,5.90596969551839,6.37213845365274,engine
Pleiades,172,56.87585751559107,24.10545363058065,engine
Pluto,172,306.0472373956533,-23.7251059276765,engine
Polaris,172,38.36649415764579,89.26230634207049,engine
Procyon,172,114.8196943186049,5.218939337264972,engine
Quaoar,172,280.58560999284083,-15.097290450216569,tno-rate
Rahu,172,330.66079463988643,-11.991509743150033,engine
Regulus,172,152.0873972996391,11.968566837660829,engine
Rigel,172,78.63716012658179,-8.19885341851797,engine
Saturn,172,10.660759150827003,1.6358791563069652,engine
Sedna,172,62.292501634135995,8.84585478442119,tno-rate
Sirius,172,101.28375458764222,-16.721659692450928,engine
Spica,172,201.29258534269132,-11.159479646911734,engine
Sun,172,195.69295353757224,-6.689642565112912,engine
Transpluto,172,156.54302301790338,9.789326890444332,engine
Uranus,172,63.03766329647236,20.968959903999767,engine
Vega,172,279.2354844682113,38.79074540617426,engine
Venus,172,212.0422939564825,-21.00865250280635,engine
Vertex,172,181.23007408668985,-0.5328125011281405,engine
Vesta,172,23.144345424789424,-3.1316957098333207,engine
Aldebaran,173,68.98418961827659,16.508816068359383,engine
Algol,173,47.048400295779,40.95563556965787,engine
Algorab,173,187.45904891724803,-16.51409934031924,engine
Alkaid,173,206.8757832732866,49.315117545600806,engine
Alphecca,173,233.6681119006841,26.717304002413034,engine
Altair,173,297.7006333985517,8.874116283021722,engine
Antares,173,247.3479213089844,-26.431994118655517,engine
Arcturus,173,213.901308555578,19.17001762586664,engine
Ascendant,173,4.852024749163615,2.0994624292460515,engine
Bellatrix,173,81.28516219093473,6.351233274965273,engine
Betelgeuse,173,88.79497279749049,7.4086483712516,engine
Capella,173,79.1769133609624,45.99303005423116,engine
Castor,173,113.64730002531276,31.88626131709697,engine
Ceres,173,109.82233685966077,23.375675823150125,engine
Chiron,173,26.59877107999727,11.157166500154315,engine
Deneb Algedi,173,326.7655595895831,-16.128584367727754,engine
Eris,173,27.087605351674227,-0.08005435161880001,tno-rate
Fomalhaut,173,344.4204799385726,-29.62308042616478,engine
Gonggong,173,337.31161700484876,-10.273012950449765,tno-rate
Haumea,173,220.16956751620825,13.566247604170345,tno-rate
Juno,173,297.64152711920906,-13.141285901883426,engine
Jupiter,173,143.47897272392055,15.123243845288576,engine
Ketu,173,150.6607094030942,11.991540561669911,engine
Makemake,173,201.73212189268983,19.73808090197474,tno-rate
Mars,173,129.57928849949064,19.699702935250045,engine
Mercury,173,218.64954655028995,-18.05959916671038,engine
Midheaven,173,271.9593202514503,-23.42358409762344,engine
Moon,173,194.09797274062757,-11.202620150825132,engine
Neptune,173,2.6031712303554047,-0.4197531721233543,engine
Orcus,173,161.2930925247177,-13.60574559058318,tno-rate
Pallas,173,19.823225083008545,-15.104724215340992,engine
Part_of_Fortune,173,3.2564071924123645,-2.4132530154051417,engine
Part_of_Spirit,173,6.447642305914865,6.612177873897245,engine
Pleiades,173,56.87585771730489,24.10545356302441,engine
Pluto,173,306.0472353351461,-23.725106040112248,engine
Polaris,173,38.36651135684016,89.26230626055882,engine
Procyon,173,114.81969429093279,5.218939307175036,engine
Quaoar,173,280.58561394322084,-15.09729240597013,tno-rate
Rahu,173,330.6607094030942,-11.991540561669911,engine
Regulus,173,152.08739713238197,11.968566794557564,engine
Rigel,173,78.63716024410735,-8.198853397152691,engine
Saturn,173,10.660709657346334,1.6358582400037713,engine
Sedna,173,62.29249749020494,8.84585273040923,tno-rate
Sirius,173,101.28375461676268,-16.721659634136163,engine
Spica,173,201.29258510362092,-11.159479658717064,engine
Sun,173,195.69359029737882,-6.689904706173938,engine
Transpluto,173,156.5430284679629,9.789324789867441,engine
Uranus,173,63.03764620006574,20.968956922847454,engine
Vega,173,279.2354844213894,38.790745545735255,engine
Venus,173,212.04207732659563,-21.008582843581323,engine
Vertex,173,181.41645676735365,-0.613576135056091,engine
Vesta,173,23.144182370454647,-3.131759341180507,engine
Aldebaran,174,68.9841897747382,16.508816008742322,engine
Algol,174,47.0484005702158,40.95563548945603,engine
Algorab,174,187.45904867504493,-16.51409933486719,engine
Alkaid,174,206.87578291487318,49.31511756667228,engine
Alphecca,174,233.66811168488746,26.717304056465643,engine
Altair,174,297.70063343728856,8.874116310965688,engine
Antares,174,247.3479211356913,-26.431994205098377,engine
Arcturus,174,213.9013083141636,19.170017637903175,engine
Ascendant,174,5.400355104488106,2.3358469187135835,engine
Bellatrix,174,81.28516229934294,6.351233243760931,engine
Betelgeuse,174,88.79497287753507,7.408648334649343,engine
Capella,174,79.176913526992,45.993029900298446,engine
Castor,174,113.64729999990999,31.8862611860125,engine
Ceres,174,109.82251895755851,23.375688908706817,engine
Chiron,174,26.598741665465248,11.157154485873125,engine
Deneb Algedi,174,326.76555974210765,-16.128584427072024,engine
Eris,174,27.08759904808436,-0.08005664283148307,tno-rate
Fomalhaut,174,344.42048016367164,-29.623080498526292,engine
Gonggong,174,337.31161171059136,-10.273014607274263,tno-rate
Haumea,174,220.16958091048195,13.566240704854298,tno-rate
Juno,174,297.64164151417725,-13.141332944442857,engine
Jupiter,174,143.4790857514802,15.123209028186292,engine
Ketu,174,150.66062415248666,11.99157138515211,engine
Makemake,174,201.73213575146826,19.738074929437857,tno-rate
Mars,174,129.57969604389635,19.699615326799933,engine
Mercury,174,218.65025373358543,-18.059880477434994,engine
Midheaven,174,272.21002306347776,-23.42025680082823,engine
Moon,174,194.1056901888409,-11.20609464770574,engine
Neptune,174,2.6031544697192803,-0.4197604595697256,engine
Orcus,174,161.29310513584113,-13.605753382209096,tno-rate
Pallas,174,19.823091117234235,-15.104901169198698,engine
Part_of_Fortune,174,3.8118182070116617,-2.1800808834578262,engine
Part_of_Spirit,174,6.988892001964551,6.851774720884993,engine
Pleiades,174,56.87585791996918,24.105453495720244,engine
Pluto,174,306.04723327341117,-23.72510615245175,engine
Polaris,174,38.36652860484763,89.26230617990264,engine
Procyon,174,114.81969426424378,5.218939277050176,engine
Quaoar,174,280.58561789360084,-15.097294361723693,tno-rate
Rahu,174,330.66062415248666,-11.99157138515211,engine
Regulus,174,152.08739696566704,11.96856675126598,engine
Rigel,174,78.6371603626762,-8.198853375820184,engine
Saturn,174,10.6606601607211,1.6358373238453199,engine
Sedna,174,62.292493346273886,8.845850676397271,tno-rate
Sirius,174,101.28375464697731,-16.721659575770147,engine
Spica,174,201.29258486419428,-11.159479670326304,engine
Sun,174,195.69422708631734,-6.69016684553433,engine
Transpluto,174,156.54303391796537,9.78932268931357,engine
Uranus,174,63.03762910349227,20.968953942307355,engine
Vega,174,279.23548437321597,38.79074568538114,engine
Venus,174,212.04186076778583,-21.008513154633683,engine
Vertex,174,181.6028422867754,-0.6943320684387521,engine
Vesta,174,23.144019297439225,-3.1318229720424324,engine
Aldebaran,175,68.98418993221662,16.508815949247026,engine
Algol,175,47.048400845642085,40.955635409750336,engine
Algorab,175,187.4590484327424,-16.514099329112195,engine
Alkaid,175,206.87578255578265,49.31511758701312,engine
Alphecca,175,233.66811146816244,26.71730411022235,engine
Altair,175,297.7006334750546,8.874116338982269,engine
Antares,175,247.3479209613232,-26.431994291339635,engine
Arcturus,175,213.90130807216025,19.170017649645047,engine
Ascendant,175,5.948232285771266,2.5717432598823247,engine
Bellatrix,175,81.28516240879966,6.351233212581446,engine
Betelgeuse,175,88.79497295864826,7.408648298057873,engine
Capella,175,79.17691369450976,45.993029746540905,engine
Castor,175,113.64729997567186,31.886261054726024,engine
Ceres,175,109.8227010585949,23.37570199889454,engine
Chiron,175,26.598712249690124,11.157142471866003,engine
Deneb Algedi,175,326.7655598939896,-16.128584486653963,engine
Eris,175,27.08759274449027,-0.08005893404570252,tno-rate
Fomalhaut,175,344.42048038839545,-29.62308057138514,engine
Gonggong,175,337.3116064163305,-10.273016264099871,tno-rate
Haumea,175,220.16959430476462,13.566233805533624,tno-rate
Juno,175,297.6417559052728,-13.141379983538144,engine
Jupiter,175,143.4791987830295,15.123174211889186,engine
Ketu,175,150.6605388880671,11.99160221359542,engine
Makemake,175,201.732149610256,19.738068956896974,tno-rate
Mars,175,129.58010359963302,19.6995277224509,engine
Mercury,175,218.65096092457952,-18.060161772078434,engine
Midheaven,175,272.460728526598,-23.41652917970451,engine
Moon,175,194.113418118186,-11.209568108566092,engine
Neptune,175,2.6031377081355216,-0.4197677469895817,engine
Orcus,175,161.293117746973,-13.60576117384024,tno-rate
Pallas,175,19.822957135369812,-15.105078123049571,engine
Part_of_Fortune,175,4.366786499107886,-1.9473958652994523,engine
Part_of_Spirit,175,7.529678072434646,7.090882385064102,engine
Pleiades,175,56.87585812358113,24.105453428669673,engine
Pluto,175,306.0472312104501,-23.72510626469285,engine
Polaris,175,38.3665459013887,89.26230610010467,engine
Procyon,175,114.81969423853961,5.218939246890757,engine
Quaoar,175,280.58562184398346,-15.097296317478566,tno-rate
Rahu,175,330.6605388880671,-11.99160221359542,engine
Regulus,175,152.08739679949838,11.968566707786536,engine
Rigel,175,78.63716048228726,-8.198853354521074,engine
Saturn,175,10.660610660878447,1.6358164078035717,engine
Sedna,175,62.29248920234005,8.845848622383935,tno-rate
Sirius,175,101.28375467828691,-16.721659517354173,engine
Spica,175,201.29258462441564,-11.159479681739178,engine
Sun,175,195.69486390484937,-6.690428983384315,engine
Transpluto,175,156.5430393679143,9.789320588781296,engine
Uranus,175,63.03761200672015,20.96895096237559,engine
Vega,175,279.2354843236903,38.790745825109106,engine
Venus,175,212.04164428175363,-21.008443436518668,engine
Vertex,175,181.78923121608844,-0.7750793736132298,engine
Vesta,175,23.143856205598595,-3.131886602457635,engine
Aldebaran,176,68.98419009070972,16.508815889874786,engine
Algol,176,47.0484011220531,40.95563533054302,engine
Algorab,176,187.4590481903457,-16.514099323054175,engine
Alkaid,176,206.87578219602193,49.315117606621854,engine
Alphecca,176,233.66811125051257,26.717304163681458,engine
Altair,176,297.70063351184774,8.874116367070764,engine
Antares,176,247.34792078588254,-26.431994377377286,engine
Arcturus,176,213.90130782957254,19.170017661091432,engine
Ascendant,176,6.495614451719053,2.807104952854541,engine
Bellatrix,176,81.28516251930387,6.3512331814273635,engine
Betelgeuse,176,88.79497304082963,7.4086482614778335,engine
Capella,176,79.17691386351396,45.993029592962,engine
Castor,176,113.64729995260038,31.886260923240005,engine
Ceres,176,109.82288316247413,23.375715093703526,engine
Chiron,176,26.598682832703936,11.157130458148092,engine
Deneb Algedi,176,326.76556004522484,-16.12858454647276,engine
Eris,176,27.087586440900402,-0.08006122525838559,tno-rate
Fomalhaut,176,344.42048061273863,-29.623080644740543,engine
Gonggong,176,337.3116011220731,-10.273017920924367,tno-rate
Haumea,176,220.16960769903832,13.566226906217578,tno-rate
Juno,176,297.64187029239343,-13.141427019099849,engine
Jupiter,176,143.47931181840633,15.123139396449142,engine
Ketu,176,150.66045360983907,11.991633046998505,engine
Makemake,176,201.7321634690344,19.73806298436009,tno-rate
Mars,176,129.5805111659161,19.699440122377617,engine
Mercury,176,218.65166812253835,-18.060443050435623,engine
Midheaven,176,272.71143630394647,-23.412401231111687,engine
Moon,176,194.1211568485764,-11.213040669329155,engine
Neptune,176,2.6031209456192523,-0.4197750343742328,engine
Orcus,176,161.2931303580964,-13.605768965466156,tno-rate
Pallas,176,19.822823137864766,-15.105255076693073,engine
Part_of_Fortune,176,4.921270548140615,-1.715244597087831,engine
Part_of_Spirit,176,8.06995835529749,7.329454502796913,engine
Pleiades,176,56.875858328137525,24.10545336187433,engine
Pluto,176,306.04722914626115,-23.72510637683281,engine
Polaris,176,38.366563246148225,89.26230602116772,engine
Procyon,176,114.81969421382209,5.21893921669721,engine
Quaoar,176,280.58562579436347,-15.097298273232127,tno-rate
Rahu,176,330.66045360983907,-11.991633046998505,engine
Regulus,176,152.08739663388027,11.968566664119763,engine
Rigel,176,78.6371606029393,-8.198853333256038,engine
Saturn,176,10.660561157894426,1.6357954919129247,engine
Sedna,176,62.29248505840899,8.845846568371975,tno-rate
Sirius,176,101.28375471069221,-16.721659458889654,engine
Spica,176,201.29258438428985,-11.159479692955369,engine
Sun,176,195.69550075215483,-6.690691119386783,engine
Transpluto,176,156.54304481780247,9.78931848827346,engine
Uranus,176,63.03759490977509,20.968947983058527,engine
Vega,176,279.2354842728117,38.790745964916084,engine
Venus,176,212.0414278690208,-21.008373689461777,engine
Vertex,176,181.97562375265863,-0.8558169612103496,engine
Vesta,176,23.143693094939927,-3.1319502324124655,engine
Aldebaran,177,68.98419025021563,16.508815830626773,engine
Algol,177,47.048401399444636,40.95563525183616,engine
Algorab,177,187.45904794785935,-16.51409931669299,engine
Alkaid,177,206.87578183559728,49.31511762549703,engine
Alphecca,177,233.66811103194087,26.717304216841388,engine
Altair,177,297.7006335476661,8.87411639523055,engine
Antares,177,247.34792060937153,-26.431994463209517,engine
Arcturus,177,213.90130758640456,19.170017672241553,engine
Ascendant,177,7.042461160387532,3.0418864717423073,engine
Bellatrix,177,81.28516263085466,6.351233150299162,engine
Betelgeuse,177,88.79497312407892,7.4086482249098005,engine
Capella,177,79.1769140340031,45.993029439564886,engine
Castor,177,113.64729993069746,31.886260791556637,engine
Ceres,177,109.82306526926656,23.375728193150234,engine
Chiron,177,26.59865341447959,11.157118444710393,engine
Deneb Algedi,177,326.7655601958097,-16.12858460652768,engine
Eris,177,27.087580137310535,-0.08006351647106866,tno-rate
Fomalhaut,177,344.4204808366963,-29.623080718591794,engine
Gonggong,177,337.3115958278158,-10.273019577748865,tno-rate
Haumea,177,220.169621093312,13.566220006901531,tno-rate
Juno,177,297.641984675667,-13.141474051153207,engine
Jupiter,177,143.47942485767584,15.123104581847942,engine
Ketu,177,150.66036831780616,11.991663885360117,engine
Makemake,177,201.73217732781282,19.738057011823212,tno-rate
Mars,177,129.58091874330165,19.6993525264587,engine
Mercury,177,218.652375327881,-18.060724312581748,engine
Midheaven,177,272.96214656049244,-23.407872945025222,engine
Moon,177,194.12890623203467,-11.216512274534372,engine
Neptune,177,2.6031041821599903,-0.4197823217263327,engine
Orcus,177,161.29314296921982,-13.605776757092073,tno-rate
Pallas,177,19.822689124455643,-15.10543203020439,engine
Part_of_Fortune,177,5.475229763728052,-1.4836725490601088,engine
Part_of_Spirit,177,8.609692557047012,7.567445492544723,engine
Pleiades,177,56.87585853363551,24.105453295335693,engine
Pluto,177,306.0472270808459,-23.72510648886946,engine
Polaris,177,38.366580638844745,89.26230594309446,engine
Procyon,177,114.81969419009302,5.218939186469911,engine
Quaoar,177,280.58562974474347,-15.09730022898569,tno-rate
Rahu,177,330.66036831780616,-11.991663885360117,engine
Regulus,177,152.0873964688167,11.968566620266126,engine
Rigel,177,78.63716072463124,-8.198853312025703,engine
Saturn,177,10.660511651729152,1.6357745761589113,engine
Sedna,177,62.29248091447794,8.845844514360016,tno-rate
Sirius,177,101.28375474419391,-16.721659400377856,engine
Spica,177,201.2925841438212,-11.1594797039746,engine
Sun,177,195.69613762869415,-6.690953253731956,engine
Transpluto,177,156.54305026763348,9.789316387788684,engine
Uranus,177,63.03757781262523,20.968945004352257,engine
Vega,177,279.23548422057956,38.79074610479927,engine
Venus,177,212.04121153128483,-21.008303914019034,engine
Vertex,177,182.16202046725567,-0.9365439038676,engine
Vesta,177,23.143529965672645,-3.132013861793839,engine
Aldebaran,178,68.98419041073244,16.508815771504192,engine
Algol,178,47.0484016778123,40.95563517363189,engine
Algorab,178,187.4590477052883,-16.51409931002856,engine
Alkaid,178,206.87578147451524,49.31511764363723,engine
Alphecca,178,233.66811081245064,26.71730426970051,engine
Altair,178,297.7006335825075,8.874116423460976,engine
Antares,178,247.34792043179226,-26.431994548834474,engine
Arcturus,178,213.9013073426604,19.170017683094603,engine
Ascendant,178,7.588731935085669,3.276042676171329,engine
Bellatrix,178,81.28516274345114,6.351233119197352,engine
Betelgeuse,178,88.79497320839582,7.408648188354369,engine
Capella,178,79.17691420597563,45.99302928635279,engine
Castor,178,113.64729990996507,31.886260659678225,engine
Ceres,178,109.82324737892043,23.3757412972423,engine
Chiron,178,26.598623995009692,11.157106431551933,engine
Deneb Algedi,178,326.76556034574014,-16.128584666817964,engine
Eris,178,27.08757383372067,-0.08006580768375172,tno-rate
Fomalhaut,178,344.4204810602633,-29.623080792938197,engine
Gonggong,178,337.31159053355844,-10.273021234573362,tno-rate
Haumea,178,220.1696344875857,13.566213107585485,tno-rate
Juno,178,297.6420990551447,-13.14152107969196,engine
Jupiter,178,143.47953790082732,15.123069768090762,engine
Ketu,178,150.66028301197156,11.991694728679017,engine
Makemake,178,201.73219118659125,19.73805103928633,tno-rate
Mars,178,129.58132633155128,19.69926493475109,engine
Mercury,178,218.65308254075393,-18.061005558617786,engine
Midheaven,178,273.2128592961584,-23.402944314180754,engine
Moon,178,194.13666611533273,-11.219982866479102,engine
Neptune,178,2.6030874177477203,-0.419789609048071,engine
Orcus,178,161.2931555803432,-13.605784548717992,tno-rate
Pallas,178,19.822555094969065,-15.10560898354005,engine
Part_of_Fortune,178,6.0286235159181345,-1.2527248038734058,engine
Part_of_Spirit,178,9.148840354253203,7.804810156216064,engine
Pleiades,178,56.875858740072104,24.1054532290553,engine
Pluto,178,306.04722501420497,-23.725106600800466,engine
Polaris,178,38.36659807918453,89.26230586588758,engine
Procyon,178,114.81969416735409,5.218939156209245,engine
Quaoar,178,280.5856336951235,-15.09730218473925,tno-rate
Rahu,178,330.66028301197156,-11.991694728679017,engine
Regulus,178,152.08739630431177,11.968566576226124,engine
Rigel,178,78.63716084736194,-8.198853290830714,engine
Saturn,178,10.660462142375975,1.6357536605410772,engine
Sedna,178,62.292476770546884,8.845842460348056,tno-rate
Sirius,178,101.28375477879277,-16.721659341820107,engine
Spica,178,201.2925839030142,-11.159479714796595,engine
Sun,178,195.69677453450026,-6.691215386434367,engine
Transpluto,178,156.5430557174074,9.789314287326896,engine
Uranus,178,63.03756071526757,20.968942026258066,engine
Vega,178,279.2354841669931,38.790746244755766,engine
Venus,178,212.0409952655495,-21.008234109382453,engine
Vertex,178,182.3484218082678,-1.017259221459378,engine
Vesta,178,23.143366817585886,-3.132077490673457,engine
Aldebaran,179,68.98419057225811,16.50881571250824,engine
Algol,179,47.048401957151626,40.95563509593231,engine
Algorab,179,187.45904746263733,-16.51409930306076,engine
Alkaid,179,206.87578111278228,49.31511766104102,engine
Alphecca,179,233.6681105920453,26.717304322257213,engine
Altair,179,297.7006336163703,8.874116451761388,engine
Antares,179,247.34792025314707,-26.431994634250294,engine
Arcturus,179,213.90130709834435,19.170017693649825,engine
Ascendant,179,8.134386641854586,3.509529002165413,engine
Bellatrix,179,81.28516285709233,6.351233088122428,engine
Betelgeuse,179,88.79497329377993,7.408648151812135,engine
Capella,179,79.17691437942993,45.99302913332895,engine
Castor,179,113.64729989040512,31.886260527607046,engine
Ceres,179,109.82342949138382,23.375754405987244,engine
Chiron,179,26.59859457428693,11.157094418671731,engine
Deneb Algedi,179,326.7655604950122,-16.128584727342854,engine
Eris,179,27.0875675301308,-0.08006809889643479,tno-rate
Fomalhaut,179,344.4204812834347,-29.623080867778988,engine
Gonggong,179,337.31158523930105,-10.27302289139786,tno-rate
Haumea,179,220.1696478818594,13.566206208269438,tno-rate
Juno,179,297.64221343098455,-13.141568104708231,engine
Jupiter,179,143.47965094784988,15.123034955182723,engine
Ketu,179,150.6601976923389,11.991725576953932,engine
Makemake,179,201.73220504536968,19.73804506674945,tno-rate
Mars,179,129.5817339306,19.699177347271807,engine
Mercury,179,218.65378976130296,-18.06128678864477,engine
Midheaven,179,273.4635745078823,-23.397615331826966,engine
Moon,179,194.14443682808593,-11.223452585733483,engine
Neptune,179,2.603070652383237,-0.41979689633721423,engine
Orcus,179,161.29316819146663,-13.605792340343909,tno-rate
Pallas,179,19.822421049675654,-15.105785936736766,engine
Part_of_Fortune,179,6.581412000334961,-1.0224460660595427,engine
Part_of_Spirit,179,9.687361283374212,8.041504070390369,engine
Pleiades,179,56.8758589474443,24.105453163034696,engine
Pluto,179,306.04722294633876,-23.72510671262346,engine
Polaris,179,38.36661556687273,89.26230578954977,engine
Procyon,179,114.81969414560703,5.218939125915611,engine
Quaoar,179,280.5856376455035,-15.097304140492813,tno-rate
Rahu,179,330.6601976923389,-11.991725576953932,engine
Regulus,179,152.0873961403695,11.96856653200025,engine
Rigel,179,78.63716097113021,-8.198853269671716,engine
Saturn,179,10.660412629828315,1.635732745058971,engine
Sedna,179,62.29247262661583,8.845840406336096,tno-rate
Sirius,179,101.28375481448944,-16.721659283217726,engine
Spica,179,201.29258366187335,-11.15947972542107,engine
Sun,179,195.69741146960556,-6.6914775175085275,engine
Transpluto,179,156.5430611671242,9.789312186888129,engine
Uranus,179,63.03754361769913,20.96893904877721,engine
Vega,179,279.2354841120518,38.790746384782686,engine
Venus,179,212.04077907365362,-21.00816427615548,engine
Vertex,179,182.53482822219866,-1.0979619333249862,engine
Vesta,179,23.14320365064583,-3.132141119047153,engine
Aldebaran,180,68.98419073479067,16.50881565364013,engine
Algol,180,47.04840223745818,40.95563501873952,engine
Algorab,180,187.4590472199113,-16.514099295789528,engine
Alkaid,180,206.87578075040497,49.31511767770699,engine
Alphecca,180,233.6681103707282,26.7173043745099,engine
Altair,180,297.7006336492523,8.87411648013113,engine
Antares,180,247.3479200734382,-26.431994719455126,engine
Arcturus,180,213.90130685346068,19.170017703906424,engine
Ascendant,180,8.679385520211083,3.742301502590384,engine
Bellatrix,180,81.28516297177725,6.351233057074894,engine
Betelgeuse,180,88.79497338023091,7.408648115283697,engine
Capella,180,79.17691455436434,45.99302898049666,engine
Castor,180,113.6472998720195,31.88626039534544,engine
Ceres,180,109.82361160672379,23.375767519397847,engine
Chiron,180,26.598565152303983,11.157082406068808,engine
Deneb Algedi,180,326.76556064362217,-16.128584788101577,engine
Eris,180,27.087561226540938,-0.08007039010911786,tno-rate
Fomalhaut,180,344.42048150620536,-29.623080943113436,engine
Gonggong,180,337.3115799450437,-10.273024548222356,tno-rate
Haumea,180,220.1696612761331,13.56619930895339,tno-rate
Juno,180,297.6423278030253,-13.141615126199222,engine
Jupiter,180,143.47976399869978,15.123000143139011,engine
Ketu,180,150.66011235896877,11.991756430162905,engine
Makemake,180,201.7322189041481,19.738039094212567,tno-rate
Mars,180,129.58214154038254,19.69908976403773,engine
Mercury,180,218.65449698947182,-18.061568002549613,engine
Midheaven,180,273.7142921933439,-23.39188599167129,engine
Moon,180,194.15221805558676,-11.226921308514749,engine
Neptune,180,2.6030538860565633,-0.4198041835959529,engine
Orcus,180,161.29318080259003,-13.605800131969826,tno-rate
Pallas,180,19.82228698825486,-15.105962889724243,engine
Part_of_Fortune,180,7.133555141756075,-0.7928801589554144,engine
Part_of_Spirit,180,10.225215898666091,8.277483164136182,engine
Pleiades,180,56.87585915574906,24.10545309727538,engine
Pluto,180,306.0472208772504,-23.725106824336233,engine
Polaris,180,38.36663310161369,89.26230571408368,engine
Procyon,180,114.81969412485358,5.218939095589395,engine
Quaoar,180,280.5856415958835,-15.097306096246376,tno-rate
Rahu,180,330.6601123589688,-11.991756430162905,engine
Regulus,180,152.087395976994,11.968566487589,engine
Rigel,180,78.63716109593486,-8.198853248549346,engine
Saturn,180,10.660363114096125,1.635711829718956,engine
Sedna,180,62.292468482684775,8.845838352324137,tno-rate
Sirius,180,101.28375485128458,-16.721659224572047,engine
Spica,180,201.2925834204032,-11.159479735847748,engine
Sun,180,195.69804843404177,-6.6917396469689505,engine
Transpluto,180,156.54306661678393,9.78931008647242,engine
Uranus,180,63.03752651989947,20.968936071907752,engine
Vega,180,279.235484055755,38.79074652487713,engine
Venus,180,212.04056295743447,-21.008094414941855,engine
Vertex,180,182.72124015644883,-1.1786510594953357,engine
Vesta,180,23.14304046481895,-3.132204746910779,engine
