body,minute,ra,dec,source
Aldebaran,-30,68.98077975941561,16.508750907614594,engine
Aldebaran,-20,68.98077809958113,16.508750773254516,engine
Aldebaran,-15,68.98077728364088,16.50875069560449,engine
Aldebaran,-10,68.98077647776223,16.50875061105266,engine
Aldebaran,-5,68.98077568249664,16.508750519661767,engine
Aldebaran,-2,68.98077521065923,16.508750461571825,engine
Aldebaran,-1,68.98077505429319,16.508750441669207,engine
Aldebaran,0,68.98077489839086,16.508750421497865,engine
Aldebaran,1,68.98077474295661,16.508750401058354,engine
Aldebaran,2,68.9807745879947,16.508750380351263,engine
Aldebaran,3,68.98077443350945,16.50875035937716,engine
Aldebaran,4,68.98077427950516,16.50875033813661,engine
Aldebaran,5,68.98077412598606,16.50875031663021,engine
Aldebaran,6,68.98077397295634,16.508750294858544,engine
Aldebaran,7,68.98077382042048,16.508750272822223,engine
Aldebaran,8,68.9807736683826,16.508750250521825,engine
Aldebaran,9,68.98077351684694,16.508750227957975,engine
Aldebaran,10,68.98077336581774,16.50875020513128,engine
Aldebaran,11,68.98077321529922,16.508750182042345,engine
Aldebaran,12,68.98077306529558,16.508750158691793,engine
Aldebaran,13,68.98077291581102,16.508750135080255,engine
Aldebaran,14,68.98077276684973,16.508750111208364,engine
Aldebaran,15,68.9807726184159,16.508750087076745,engine
Aldebaran,16,68.9807724705137,16.508750062686044,engine
Aldebaran,17,68.98077232314716,16.5087500380369,engine
Aldebaran,18,68.98077217632066,16.50875001312997,engine
Aldebaran,19,68.98077203003824,16.508749987965903,engine
Aldebaran,20,68.980771884304,16.508749962545377,engine
Aldebaran,21,68.98077173912209,16.50874993686904,engine
Aldebaran,22,68.98077159449659,16.508749910937567,engine
Aldebaran,23,68.98077145043162,16.50874988475163,engine
Aldebaran,24,68.98077130693125,16.50874985831191,engine
Aldebaran,25,68.98077116399956,16.508749831619088,engine
Aldebaran,26,68.9807710216406,16.508749804673858,engine
Aldebaran,27,68.98077087985845,16.508749777476915,engine
Aldebaran,28,68.98077073865714,16.508749750028965,engine
Aldebaran,29,68.9807705980406,16.508749722330666,engine
Aldebaran,30,68.98077045801294,16.508749694382775,engine
Antares,-30,247.35145491970388,-26.432515305637747,engine
Antares,-20,247.35145667356412,-26.43251558235111,engine
Antares,-15,247.35145753436515,-26.43251573692698,engine
Antares,-10,247.35145838362618,-26.432515902185145,engine
Antares,-5,247.35145922076376,-26.43251607802138,engine
Antares,-2,247.3514597169863,-26.43251618855532,engine
Antares,-1,247.35145988135625,-26.432516226233275,engine
Antares,0,247.35146004519987,-26.43251626432635,engine
Antares,1,247.3514602085125,-26.432516302833626,engine
Antares,2,247.35146037128968,-26.43251634175414,engine
Antares,3,247.35146053352682,-26.43251638108698,engine
Antares,4,247.3514606952194,-26.43251642083116,engine
Antares,5,247.35146085636293,-26.43251646098574,engine
Antares,6,247.351461016953,-26.432516501549763,engine
Antares,7,247.3514611769849,-26.43251654252221,engine
Antares,8,247.35146133645432,-26.432516583902117,engine
Antares,9,247.35146149535672,-26.432516625688482,engine
Antares,10,247.35146165368764,-26.432516667880307,engine
Antares,11,247.35146181144268,-26.432516710476587,engine
Antares,12,247.35146196861734,-26.432516753476307,engine
Antares,13,247.35146212520726,-26.432516796878442,engine
Antares,14,247.35146228120803,-26.432516840681945,engine
Antares,15,247.35146243661512,-26.432516884885803,engine
Antares,16,247.35146259142425,-26.432516929488948,engine
Antares,17,247.35146274563112,-26.432516974490365,engine
Antares,18,247.35146289923122,-26.432517019888927,engine
Antares,19,247.35146305222017,-26.432517065683584,engine
Antares,20,247.35146320459367,-26.43251711187328,engine
Antares,21,247.3514633563474,-26.432517158456907,engine
Antares,22,247.3514635074771,-26.43251720543339,engine
Antares,23,247.35146365797834,-26.432517252801613,engine
Antares,24,247.35146380784684,-26.432517300560477,engine
Antares,25,247.3514639570784,-26.432517348708867,engine
Antares,26,247.3514641056687,-26.43251739724566,engine
Antares,27,247.35146425361347,-26.432517446169708,engine
Antares,28,247.35146440090844,-26.432517495479907,engine
Antares,29,247.3514645475495,-26.43251754517511,engine
Antares,30,247.3514646935324,-26.432517595254154,engine
Ceres,-30,67.69241382338613,15.413707511957272,engine
Ceres,-20,67.69373514308128,15.413907121310343,engine
Ceres,-15,67.6943961464578,15.414006943932641,engine
Ceres,-10,67.6950573763153,15.414106780589957,engine
Ceres,-5,67.69571883094855,15.414206632897614,engine
Ceres,-2,67.69611581054465,15.414266552383706,engine
Ceres,-1,67.69624815479288,15.414286526974498,engine
Ceres,0,67.69638050786915,15.414306502300036,engine
Ceres,1,67.69651286975504,15.414326478372521,engine
Ceres,2,67.69664524043199,15.41434645520413,engine
Ceres,3,67.69677761988119,15.414366432807007,engine
Ceres,4,67.69691000808366,15.414386411193293,engine
Ceres,5,67.69704240502024,15.414406390375074,engine
Ceres,6,67.69717481076025,15.41442637037786,engine
Ceres,7,67.69730722510651,15.414446351186886,engine
Ceres,8,67.69743964822683,15.414466332862874,engine
Ceres,9,67.69757207990354,15.414486315347348,engine
Ceres,10,67.69770452021523,15.414506298687513,engine
Ceres,11,67.69783696914143,15.414526282895372,engine
Ceres,12,67.69796942666159,15.414546267982873,engine
Ceres,13,67.69810189275476,15.414566253961945,engine
Ceres,14,67.69823436739996,15.414586240844471,engine
Ceres,15,67.69836685057591,15.414606228642336,engine
Ceres,16,67.6984993422612,15.414626217367397,engine
Ceres,17,67.6986318426218,15.414646207080144,engine
Ceres,18,67.69876435126054,15.414666197695084,engine
Ceres,19,67.69889686834303,15.414686189272615,engine
Ceres,20,67.69902939384701,15.414706181824526,engine
Ceres,21,67.69916192775001,15.414726175362551,engine
Ceres,22,67.69929447002943,15.414746169898358,engine
Ceres,23,67.69942702066234,15.414766165443647,engine
Ceres,24,67.69955957972452,15.41478616204531,engine
Ceres,25,67.69969214699512,15.41480615964448,engine
Ceres,26,67.69982472254945,15.414826158288008,engine
Ceres,27,67.69995730636388,15.414846157987464,engine
Ceres,28,67.70008989841462,15.4148661587544,engine
Ceres,29,67.70022249876641,15.41488616061374,engine
Ceres,30,67.70035510721814,15.414906163549746,engine
Chiron,-30,9.716189552178477,6.795254442897898,engine
Chiron,-20,9.715950442930147,6.795151160351826,engine
Chiron,-15,9.715830930262014,6.795099521144753,engine
Chiron,-10,9.715711444563437,6.795047883438341,engine
Chiron,-5,9.715591985017225,6.7949962473021515,engine
Chiron,-2,9.715520321529409,6.794965266416055,engine
Chiron,-1,9.71549643569789,6.794954939589246,engine
Chiron,0,9.715472550855106,6.794944612831329,engine
Chiron,1,9.715448666998963,6.7949342861442315,engine
Chiron,2,9.715424784113928,6.794923959525961,engine
Chiron,3,9.715400902197862,6.79491363297844,engine
Chiron,4,9.715377021248596,6.79490330650361,engine
Chiron,5,9.71535314125054,6.794892980099449,engine
Chiron,6,9.71532926218546,6.7948826537609515,engine
Chiron,7,9.71530538407869,6.794872327502586,engine
Chiron,8,9.71528150691195,6.794862001319329,engine
Chiron,9,9.715257630669567,6.794851675209163,engine
Chiron,10,9.715233755349235,6.794841349173989,engine
Chiron,11,9.71520988094864,6.794831023215714,engine
Chiron,12,9.715186007452013,6.794820697332302,engine
Chiron,13,9.715162134857012,6.794810371525651,engine
Chiron,14,9.715138263161245,6.794800045797651,engine
Chiron,15,9.715114392348886,6.794789720146254,engine
Chiron,16,9.715090522417526,6.794779394573355,engine
Chiron,17,9.715066653348696,6.794769069073901,engine
Chiron,18,9.715042785158536,6.794758743659684,engine
Chiron,19,9.715018917828548,6.794748418325658,engine
Chiron,20,9.714995051356215,6.794738093073695,engine
Chiron,21,9.714971185725616,6.7947277679017235,engine
Chiron,22,9.714947320934185,6.794717442811607,engine
Chiron,23,9.714923456979344,6.794707117805209,engine
Chiron,24,9.714899593845105,6.794696792880448,engine
Chiron,25,9.714875731528847,6.7946864680391705,engine
Chiron,26,9.71485187002795,6.7946761432832385,engine
Chiron,27,9.714828009326347,6.79466581861055,engine
Chiron,28,9.71480414942584,6.794655494024266,engine
Chiron,29,9.714780290294327,6.794645169515358,engine
Chiron,30,9.71475643196135,6.794634845099491,engine
Eris,-30,26.72454982841163,-1.2833540066575355,tno-rate
Eris,-20,26.724506617104144,-1.283377127920518,tno-rate
Eris,-15,26.724485011450398,-1.2833886885520092,tno-rate
Eris,-10,26.724463405796655,-1.2834002491835006,tno-rate
Eris,-5,26.724441800142912,-1.2834118098149918,tno-rate
Eris,-2,26.72442883675067,-1.2834187461938866,tno-rate
Eris,-1,26.72442451561992,-1.2834210583201848,tno-rate
Eris,0,26.72442019448917,-1.283423370446483,tno-rate
Eris,1,26.72441587335842,-1.2834256825727812,tno-rate
Eris,2,26.72441155222767,-1.2834279946990794,tno-rate
Eris,3,26.724407231096926,-1.2834303068253778,tno-rate
Eris,4,26.724402909966177,-1.283432618951676,tno-rate
Eris,5,26.724398588835427,-1.2834349310779742,tno-rate
Eris,6,26.724394267704678,-1.2834372432042724,tno-rate
Eris,7,26.72438994657393,-1.2834395553305709,tno-rate
Eris,8,26.72438562544318,-1.283441867456869,tno-rate
Eris,9,26.724381304312434,-1.2834441795831673,tno-rate
Eris,10,26.724376983181685,-1.2834464917094655,tno-rate
Eris,11,26.724372662050936,-1.2834488038357639,tno-rate
Eris,12,26.724368340920186,-1.283451115962062,tno-rate
Eris,13,26.724364019789437,-1.2834534280883603,tno-rate
Eris,14,26.724359698658688,-1.2834557402146585,tno-rate
Eris,15,26.724355377527942,-1.283458052340957,tno-rate
Eris,16,26.724351056397193,-1.283460364467255,tno-rate
Eris,17,26.724346735266444,-1.2834626765935533,tno-rate
Eris,18,26.724342414135695,-1.2834649887198515,tno-rate
Eris,19,26.724338093004945,-1.28346730084615,tno-rate
Eris,20,26.724333771874196,-1.283469612972448,tno-rate
Eris,21,26.72432945074345,-1.2834719250987463,tno-rate
Eris,22,26.7243251296127,-1.2834742372250445,tno-rate
Eris,23,26.724320808481952,-1.283476549351343,tno-rate
Eris,24,26.724316487351203,-1.2834788614776411,tno-rate
Eris,25,26.724312166220454,-1.2834811736039393,tno-rate
Eris,26,26.724307845089708,-1.2834834857302375,tno-rate
Eris,27,26.72430352395896,-1.2834857978565357,tno-rate
Eris,28,26.72429920282821,-1.2834881099828341,tno-rate
Eris,29,26.72429488169746,-1.2834904221091323,tno-rate
Eris,30,26.72429056056671,-1.2834927342354305,tno-rate
Fomalhaut,-30,344.4209097393009,-29.62123618163722,engine
Fomalhaut,-20,344.42091040499577,-29.621235297701972,engine
Fomalhaut,-15,344.42091078145125,-29.621234860615143,engine
Fomalhaut,-10,344.42091118674773,-29.62123442714425,engine
Fomalhaut,-5,344.42091162069454,-29.62123399755856,engine
Fomalhaut,-2,344.4209118947303,-29.62123374178349,engine
Fomalhaut,-1,344.4209119883433,-29.621233656867293,engine
Fomalhaut,0,344.4209120830872,-29.621233572125732,engine
Fomalhaut,1,344.42091217896035,-29.621233487560904,engine
Fomalhaut,2,344.4209122759608,-29.621233403174923,engine
Fomalhaut,3,344.42091237408675,-29.621233318969928,engine
Fomalhaut,4,344.4209124733364,-29.621233234947987,engine
Fomalhaut,5,344.4209125737078,-29.62123315111123,engine
Fomalhaut,6,344.4209126751993,-29.621233067461702,engine
Fomalhaut,7,344.4209127778086,-29.621232984001594,engine
Fomalhaut,8,344.420912881534,-29.621232900732945,engine
Fomalhaut,9,344.4209129863735,-29.62123281765787,engine
Fomalhaut,10,344.420913092325,-29.62123273477844,engine
Fomalhaut,11,344.4209131993867,-29.621232652096722,engine
Fomalhaut,12,344.4209133075565,-29.621232569614826,engine
Fomalhaut,13,344.4209134168322,-29.621232487334797,engine
Fomalhaut,14,344.42091352721195,-29.62123240525872,engine
Fomalhaut,15,344.4209136386936,-29.62123232338866,engine
Fomalhaut,16,344.420913751275,-29.621232241726688,engine
Fomalhaut,17,344.42091386495423,-29.621232160274793,engine
Fomalhaut,18,344.4209139797287,-29.62123207903514,engine
Fomalhaut,19,344.42091409559663,-29.62123199800973,engine
Fomalhaut,20,344.42091421255566,-29.621231917200614,engine
Fomalhaut,21,344.4209143306036,-29.621231836609844,engine
Fomalhaut,22,344.42091444973823,-29.62123175623944,engine
Fomalhaut,23,344.4209145699573,-29.62123167609144,engine
Fomalhaut,24,344.4209146912585,-29.62123159616786,engine
Fomalhaut,25,344.42091481363957,-29.62123151647077,engine
Fomalhaut,26,344.4209149370982,-29.621231437002148,engine
Fomalhaut,27,344.420915061632,-29.621231357764028,engine
Fomalhaut,28,344.4209151872387,-29.621231278758433,engine
Fomalhaut,29,344.4209153139159,-29.62123119998729,engine
Fomalhaut,30,344.4209154416612,-29.62123112145267,engine
Juno,-30,251.07447390229086,-8.761325360002791,engine
Juno,-20,251.07547873094657,-8.761942345699413,engine
Juno,-15,251.07598086940044,-8.762250825380084,engine
Juno,-10,251.0764828252805,-8.762559295189195,engine
Juno,-5,251.07698460011937,-8.762867754452934,engine
Juno,-2,251.07728557859875,-8.763052824584845,engine
Juno,-1,251.07738589038343,-8.763114513687722,engine
Juno,0,251.07748619509007,-8.763176202318098,engine
Juno,1,251.07758649266373,-8.7632378904638,engine
Juno,2,251.07768678304961,-8.76329957811263,engine
Juno,3,251.0777870663947,-8.763361265270822,engine
Juno,4,251.07788734257736,-8.76342295192006,engine
Juno,5,251.0779876117449,-8.763484638066595,engine
Juno,6,251.07808787384326,-8.763546323733499,engine
Juno,7,251.0781881288856,-8.76360800884432,engine
Juno,8,251.0782883768184,-8.763669693422143,engine
Juno,9,251.07838861778941,-8.763731377473242,engine
Juno,10,251.0784888516783,-8.763793060979378,engine
Juno,11,251.07858907863317,-8.763854743946847,engine
Juno,12,251.07868929853402,-8.763916426357413,engine
Juno,13,251.0787895115294,-8.763978108217398,engine
Juno,14,251.07888971749952,-8.76403978950859,engine
Juno,15,251.07898991659332,-8.764101470237335,engine
Juno,16,251.07909010869133,-8.764163150385416,engine
Juno,17,251.07919029401012,-8.76422483000057,engine
Juno,18,251.07929047229604,-8.764286508981899,engine
Juno,19,251.07939064376603,-8.764348187377154,engine
Juno,20,251.0794908083013,-8.764409865168155,engine
Juno,21,251.07959096605182,-8.764471542361328,engine
Juno,22,251.07969111689914,-8.764533218938531,engine
Juno,23,251.07979126099363,-8.764594894906185,engine
Juno,24,251.07989139821717,-8.76465657024618,engine
Juno,25,251.0799915287204,-8.764718244964962,engine
Juno,26,251.08009165238553,-8.76477991904445,engine
Juno,27,251.08019176936364,-8.764841592491093,engine
Juno,28,251.0802918795372,-8.764903265286835,engine
Juno,29,251.08039198312483,-8.764964937479526,engine
Juno,30,251.08049207987432,-8.765026608968597,engine
Jupiter,-30,327.648929134461,-14.333713229651327,engine
Jupiter,-20,327.64813615296464,-14.3339964578526,engine
Jupiter,-15,327.6477395781322,-14.33413812154586,engine
Jupiter,-10,327.647342942272,-14.33427981778563,engine
Jupiter,-5,327.64694624166685,-14.334421546177438,engine
Jupiter,-2,327.6467081887752,-14.334506598444781,engine
Jupiter,-1,327.64662883221183,-14.334534951719755,engine
Jupiter,0,327.64654947280104,-14.33456330624823,engine
Jupiter,1,327.6464701105143,-14.334591662026554,engine
Jupiter,2,327.6463907453232,-14.334620019050966,engine
Jupiter,3,327.64631137719925,-14.334648377317745,engine
Jupiter,4,327.64623200611413,-14.334676736823095,engine
Jupiter,5,327.6461526320397,-14.334705097563221,engine
Jupiter,6,327.6460732549446,-14.334733459536896,engine
Jupiter,7,327.645993874807,-14.334761822735016,engine
Jupiter,8,327.6459144915957,-14.334790187156313,engine
Jupiter,9,327.64583510528274,-14.334818552796841,engine
Jupiter,10,327.6457557158402,-14.334846919652668,engine
Jupiter,11,327.64567632324037,-14.33487528771979,engine
Jupiter,12,327.6455969274553,-14.33490365699422,engine
Jupiter,13,327.64551752845756,-14.334932027471863,engine
Jupiter,14,327.64543812621935,-14.334960399148729,engine
Jupiter,15,327.6453587207132,-14.334988772020642,engine
Jupiter,16,327.6452793119618,-14.335017146067116,engine
Jupiter,17,327.64519989978436,-14.335045521335811,engine
Jupiter,18,327.64512048431004,-14.33507389776809,engine
Jupiter,19,327.64504106545843,-14.335102275378775,engine
Jupiter,20,327.6449616432024,-14.335130654163619,engine
Jupiter,21,327.644882217515,-14.335159034118327,engine
Jupiter,22,327.64480278836896,-14.33518741523864,engine
Jupiter,23,327.6447233557376,-14.33521579752021,engine
Jupiter,24,327.644643919594,-14.335244180958693,engine
Jupiter,25,327.6445644799615,-14.335272565533279,engine
Jupiter,26,327.64448503671326,-14.335300951272401,engine
Jupiter,27,327.64440558987275,-14.335329338155185,engine
Jupiter,28,327.64432613941347,-14.335357726177204,engine
Jupiter,29,327.6442466852558,-14.335386115352973,engine
Jupiter,30,327.6441672274807,-14.335414505640049,engine
Ketu,-30,243.58847071035788,-21.218456519752404,engine
Ketu,-20,243.58721962731872,-21.218246867610404,engine
Ketu,-15,243.58659342909735,-21.21814192780804,engine
Ketu,-10,243.58596679384453,-21.21803691230692,engine
Ketu,-5,243.58533972213817,-21.217931821198725,engine
Ketu,-2,243.58496326987483,-21.217868730283538,engine
Ketu,-1,243.58483775096678,-21.2178476939454,engine
Ketu,0,243.5847122146423,-21.2178266545896,engine
Ketu,1,243.58458666082203,-21.217805612202792,engine
Ketu,2,243.584461089679,-21.217784566813947,engine
Ketu,3,243.58433550113347,-21.21776351840965,engine
Ketu,4,243.58420989510583,-21.21774246697651,engine
Ketu,5,243.58408427176948,-21.217721412543565,engine
Ketu,6,243.58395863096035,-21.21770035508327,engine
Ketu,7,243.58383297285155,-21.217679294624574,engine
Ketu,8,243.58370729727957,-21.21765823114006,engine
Ketu,9,243.5835816044173,-21.217637164658665,engine
Ketu,10,243.58345589418502,-21.217616095166964,engine
Ketu,11,243.58333016658784,-21.2175950226658,engine
Ketu,12,243.58320442154587,-21.21757394714172,engine
Ketu,13,243.58307865923246,-21.217552868623752,engine
Ketu,14,243.58295287956764,-21.217531787098423,engine
Ketu,15,243.58282708247233,-21.217510702552463,engine
Ketu,16,243.58270126811954,-21.21748961501484,engine
Ketu,17,243.58257543634522,-21.21746852445801,engine
Ketu,18,243.58244958732297,-21.21744743091099,engine
Ketu,19,243.58232372088838,-21.217426334346218,engine
Ketu,20,243.5821978372152,-21.217405234792793,engine
Ketu,21,243.5820719362237,-21.21738413223729,engine
Ketu,22,243.5819460179185,-21.2173630266804,engine
Ketu,23,243.58182008221974,-21.21734191810877,engine
Ketu,24,243.58169412930147,-21.21732080655148,engine
Ketu,25,243.5815681590834,-21.21729969199506,engine
Ketu,26,243.5814421714858,-21.2172785744261,engine
Ketu,27,243.58131616668248,-21.217257453873675,engine
Ketu,28,243.58119014459385,-21.217236330324422,engine
Ketu,29,243.5810641051396,-21.21721520376483,engine
Ketu,30,243.58093804840934,-21.217194074209885,engine
Mars,-30,173.88852601308866,3.6072003065664466,engine
Mars,-20,173.89258197551274,3.60539770986843,engine
Mars,-15,173.89460995624108,3.604496377702508,engine
Mars,-10,173.89663794434082,3.6035950231410854,engine
Mars,-5,173.89866594633665,3.6026936459698207,engine
Mars,-2,173.89988275639647,3.6021528089592416,engine
Mars,-1,173.90028836154056,3.6019725281609087,engine
Mars,0,173.9006939676596,3.6017922464657675,engine
Mars,1,173.9010995748013,3.6016119638741797,engine
Mars,2,173.9015051830133,3.601431680386523,engine
Mars,3,173.90191079234336,3.6012513960031987,engine
Mars,4,173.902316402839,3.6010711107246265,engine
Mars,5,173.9027220145479,3.6008908245512132,engine
Mars,6,173.90312762778964,3.600710537362498,engine
Mars,7,173.90353324206782,3.6005302494007174,engine
Mars,8,173.90393885770197,3.600349960545432,engine
Mars,9,173.90434447473964,3.6001696707971336,engine
Mars,10,173.9047500932283,3.5999893801562726,engine
Mars,11,173.90515571321544,3.5998090886233625,engine
Mars,12,173.9055613347485,3.5996287961989073,engine
Mars,13,173.90596695775776,3.5994485029365433,engine
Mars,14,173.90637258252488,3.5992682087305763,engine
Mars,15,173.9067782089801,3.5990879136346656,engine
Mars,16,173.90718383717072,3.5989076176493815,engine
Mars,17,173.90758946741605,3.5987273206543775,engine
Mars,18,173.90799509921936,3.5985470228920353,engine
Mars,19,173.90840073289988,3.5983667242420534,engine
Mars,20,173.9088063685048,3.598186424705038,engine
Mars,21,173.9092120059641,3.5980061243347277,engine
Mars,22,173.9096176455592,3.597825823025524,engine
Mars,23,173.9100232872201,3.5976455208311893,engine
Mars,24,173.9104289309938,3.597465217752384,engine
Mars,25,173.91083457692727,3.597284913789769,engine
Mars,26,173.91124022506753,3.597104608944018,engine
Mars,27,173.91164587546152,3.596924303215836,engine
Mars,28,173.91205152803892,3.5967439966590335,engine
Mars,29,173.9124571833529,3.5965636890472115,engine
Mars,30,173.91286284078743,3.5963833806759955,engine
Mercury,-30,185.8734149732301,-3.9102930314804185,engine
Mercury,-20,185.88120106033136,-3.9147654241629857,engine
Mercury,-15,185.8850935174755,-3.917001344333688,engine
Mercury,-10,185.8889856018771,-3.9192370798563374,engine
Mercury,-5,185.89287732827148,-3.9214726307940566,engine
Mercury,-2,185.89521219760786,-3.9228138723882524,engine
Mercury,-1,185.89599046031248,-3.9232609380660444,engine
Mercury,0,185.89676870987512,-3.9237079964942354,engine
Mercury,1,185.8975469460541,-3.9241550473634224,engine
Mercury,2,185.89832516931708,-3.924602090980226,engine
Mercury,3,185.89910337942257,-3.9250491270353236,engine
Mercury,4,185.89988157666085,-3.9254961556813774,engine
Mercury,5,185.90065976132237,-3.9259431770710695,engine
Mercury,6,185.90143793368756,-3.926390191194976,engine
Mercury,7,185.9022160930032,-3.926837197606381,engine
Mercury,8,185.90299424008163,-3.927284196757786,engine
Mercury,9,185.90377237468144,-3.9277311883401484,engine
Mercury,10,185.90455049709328,-3.9281781725063447,engine
Mercury,11,185.90532860760752,-3.92862514940922,engine
Mercury,12,185.90610670598303,-3.9290721187398705,engine
Mercury,13,185.90688479251025,-3.929519080651214,engine
Mercury,14,185.90766286747976,-3.9299660352962467,engine
Mercury,15,185.90844093065044,-3.930412982366168,engine
Mercury,16,185.9092189823128,-3.9308599220140086,engine
Mercury,17,185.90999702327898,-3.9313068546924885,engine
Mercury,18,185.91077505226463,-3.9317537794936217,engine
Mercury,19,185.9115530700819,-3.932200696870203,engine
Mercury,20,185.91233107702124,-3.932647606975374,engine
Mercury,21,185.91310907284168,-3.9330945095006005,engine
Mercury,22,185.91388705783373,-3.9335414045991284,engine
Mercury,23,185.91466503228773,-3.9339882924241736,engine
Mercury,24,185.91544299596276,-3.9344351726673508,engine
Mercury,25,185.9162209491492,-3.934882045481953,engine
Mercury,26,185.91699889196033,-3.935328910867472,engine
Mercury,27,185.91777682468643,-3.9357757689772317,engine
Mercury,28,185.9185547470866,-3.9362226195030403,engine
Mercury,29,185.91933265997278,-3.936669462897929,engine
Mercury,30,185.92011056241077,-3.9371162985622323,engine
Moon,-30,134.30416953035086,21.340113889571715,engine
Moon,-20,134.37890931400477,21.311515099619385,engine
Moon,-15,134.41657350315967,21.29709898551895,engine
Moon,-10,134.45443949706822,21.282607166144516,engine
Moon,-5,134.49251097753353,21.26804134318506,engine
Moon,-2,134.51545421149035,21.259266996661328,engine
Moon,-1,134.5231189091023,21.256336475606812,engine
Moon,0,134.53079210818115,21.253403113360076,engine
Moon,1,134.5384736877339,21.250466957987744,engine
Moon,2,134.54616397906466,21.24752795408139,engine
Moon,3,134.5538628608416,21.2445861497693,engine
Moon,4,134.56157021156835,21.241641593257828,engine
Moon,5,134.5692863620216,21.238694229193555,engine
Moon,6,134.57701119559684,21.235744103851275,engine
Moon,7,134.5847447307081,21.232791234974236,engine
Moon,8,134.5924868503867,21.2298356689678,engine
Moon,9,134.6002378847409,21.226877350530632,engine
Moon,10,134.6079977112566,21.223916328111475,engine
Moon,11,134.6157663580752,21.220952615622625,engine
Moon,12,134.6235437023286,21.217986261625054,engine
Moon,13,134.63133007344976,21.215017210883257,engine
Moon,14,134.63912534825425,21.212045512004806,engine
Moon,15,134.64692955419844,21.209071179039526,engine
Moon,16,134.65474256766848,21.206094260729774,engine
Moon,17,134.662564722705,21.203114699880487,engine
Moon,18,134.67039588493944,21.20013254927179,engine
Moon,19,134.6782360863532,21.197147821076406,engine
Moon,20,134.68608535349574,21.194160529508974,engine
Moon,21,134.69394356188866,21.19117072351687,engine
Moon,22,134.70181103953988,21.188178347943392,engine
Moon,23,134.70968766158697,21.185183451799407,engine
Moon,24,134.717573453905,21.182186049404503,engine
Moon,25,134.725468291316,21.17918618986918,engine
Moon,26,134.73337250109134,21.17618381808124,engine
Moon,27,134.74128595767698,21.173178983200536,engine
Moon,28,134.74920868625247,21.170171699668863,engine
Moon,29,134.7571407170895,21.16716197994444,engine
Moon,30,134.76508191245514,21.164149876848736,engine
Neptune,-30,352.890986593407,-4.343064900965628,engine
Neptune,-20,352.89081638590153,-4.34314067130041,engine
Neptune,-15,352.8907313153981,-4.343178560073264,engine
Neptune,-10,352.89064626626384,-4.343216451292409,engine
Neptune,-5,352.890561237854,-4.34325434500356,engine
Neptune,-2,352.8905102305064,-4.343277082434907,engine
Neptune,-1,352.89049322964064,-4.343284661782037,engine
Neptune,0,352.8904762295586,-4.343292241231105,engine
Neptune,1,352.89045923025765,-4.34329982078129,engine
Neptune,2,352.89044223172726,-4.343307400435027,engine
Neptune,3,352.89042523396495,-4.343314980191491,engine
Neptune,4,352.89040823696814,-4.343322560049857,engine
Neptune,5,352.89039124072616,-4.343330140012555,engine
Neptune,6,352.8903742452252,-4.34333772008384,engine
Neptune,7,352.8903572504827,-4.343345300253795,engine
Neptune,8,352.8903402564846,-4.343352880526677,engine
Neptune,9,352.89032326322035,-4.343360460904905,engine
Neptune,10,352.8903062706873,-4.343368041387643,engine
Neptune,11,352.89028927888273,-4.343375621974057,engine
Neptune,12,352.89027228779594,-4.343383202666559,engine
Neptune,13,352.89025529742435,-4.343390783464313,engine
Neptune,14,352.8902383077625,-4.343398364367556,engine
Neptune,15,352.89022131880773,-4.343405945375449,engine
Neptune,16,352.89020433054924,-4.3434135264904015,engine
Neptune,17,352.89018734297287,-4.343421107716646,engine
Neptune,18,352.89017035609874,-4.343428689043165,engine
Neptune,19,352.8901533699046,-4.343436270477453,engine
Neptune,20,352.8901363843877,-4.343443852018651,engine
Neptune,21,352.8901193995452,-4.343451433665912,engine
Neptune,22,352.8901024153663,-4.343459015421623,engine
Neptune,23,352.89008543184815,-4.343466597284937,engine
Neptune,24,352.890068448988,-4.343474179254984,engine
Neptune,25,352.8900514667748,-4.343481761334171,engine
Neptune,26,352.8900344852085,-4.34348934352054,engine
Neptune,27,352.89001750427815,-4.34349692581648,engine
Neptune,28,352.89000052398086,-4.343504508221128,engine
Neptune,29,352.8899835443023,-4.343512090738699,engine
Neptune,30,352.8899665652546,-4.3435196733614,engine
Pallas,-30,348.5742557378181,1.193569945296514,engine
Pallas,-20,348.57300122305423,1.192064018538424,engine
Pallas,-15,348.5723738911195,1.1913110332919166,engine
Pallas,-10,348.5717464997535,1.1905580336061037,engine
Pallas,-5,348.5711190417799,1.189805019207784,engine
Pallas,-2,348.57074253198266,1.1893532036304062,engine
Pallas,-1,348.5706170226139,1.1892025972525833,engine
Pallas,0,348.5704915099553,1.1890519903103463,engine
Pallas,1,348.57036599416375,1.1889013827602974,engine
Pallas,2,348.5702404749679,1.1887507746452268,engine
Pallas,3,348.5701149525247,1.188600165921743,engine
Pallas,4,348.56998942656287,1.188449556632634,engine
Pallas,5,348.56986389723966,1.1882989467344882,engine
Pallas,6,348.56973836419957,1.1881483361690828,engine
Pallas,7,348.56961282776814,1.1879977250949763,engine
Pallas,8,348.5694872876973,1.1878471134323967,engine
Pallas,9,348.5693617438232,1.1876965012025746,engine
Pallas,10,348.56923619630317,1.1875458883620316,engine
Pallas,11,348.56911064486627,1.1873952749535441,engine
Pallas,12,348.56898508967,1.187244660933651,engine
Pallas,13,348.5688595304437,1.1870940463450976,engine
Pallas,14,348.568733967345,1.1869434311444078,engine
Pallas,15,348.5686084002103,1.1867928153527634,engine
Pallas,16,348.5684828288761,1.1866421989913456,engine
Pallas,17,348.568357253416,1.1864915819156767,engine
Pallas,18,348.5682316737281,1.18634096437045,engine
Pallas,19,348.5681060898861,1.1861903462111867,engine
Pallas,20,348.56798050172677,1.1860397274590253,engine
Pallas,21,348.56785490908703,1.185889108135137,engine
Pallas,22,348.567729312125,1.185738488195992,engine
Pallas,23,348.5676037105706,1.1855878676842806,engine
Pallas,24,348.5674781045821,1.1854372465564826,engine
Pallas,25,348.56735249399685,1.1852866248337328,engine
Pallas,26,348.5672268786519,1.1851360025371391,engine
Pallas,27,348.56710125870586,1.1849853796231598,engine
Pallas,28,348.56697563399615,1.184834756112912,engine
Pallas,29,348.5668500042759,1.1846841319265036,engine
Pallas,30,348.56672436987446,1.1845335072223957,engine
Pluto,-30,296.4655062665915,-22.86759309317584,engine
Pluto,-20,296.46540453826213,-22.8676171697443,engine
Pluto,-15,296.4653536701576,-22.867629225806287,engine
Pluto,-10,296.4653027983932,-22.86764129363391,engine
Pluto,-5,296.4652519221787,-22.867653373159776,engine
Pluto,-2,296.46522139399985,-22.867660626457056,engine
Pluto,-1,296.46521121749424,-22.867663045149403,engine
Pluto,0,296.46520104075546,-22.867665464303954,engine
Pluto,1,296.46519086377725,-22.86766788392001,engine
Pluto,2,296.46518068655365,-22.867670303996878,engine
Pluto,3,296.46517050907846,-22.86767272453387,engine
Pluto,4,296.46516033134566,-22.86767514553027,engine
Pluto,5,296.46515015334904,-22.867677566985353,engine
Pluto,6,296.4651399750758,-22.867679988900026,engine
Pluto,7,296.46512979653346,-22.8676824112703,engine
Pluto,8,296.46511961770915,-22.867684834097048,engine
Pluto,9,296.46510943859687,-22.86768725737951,engine
Pluto,10,296.4650992591905,-22.867689681116932,engine
Pluto,11,296.46508907948396,-22.86769210530853,engine
Pluto,12,296.46507889947134,-22.867694529953518,engine
Pluto,13,296.4650687191466,-22.8676969550511,engine
Pluto,14,296.4650585385036,-22.86769938060048,engine
Pluto,15,296.4650483575366,-22.86770180660083,engine
Pluto,16,296.4650381762394,-22.867704233051352,engine
Pluto,17,296.46502799459915,-22.867706659952823,engine
Pluto,18,296.4650178126237,-22.867709087301144,engine
Pluto,19,296.46500763030025,-22.8677115150971,engine
Pluto,20,296.4649974476228,-22.867713943339826,engine
Pluto,21,296.46498726458543,-22.86771637202846,engine
Pluto,22,296.4649770811822,-22.867718801162123,engine
Pluto,23,296.4649668974072,-22.867721230739917,engine
Pluto,24,296.4649567132545,-22.867723660760955,engine
Pluto,25,296.46494652871826,-22.86772609122432,engine
Pluto,26,296.4649363437926,-22.867728522129116,engine
Pluto,27,296.46492615847154,-22.867730953474407,engine
Pluto,28,296.46491597274934,-22.86773338525925,engine
Pluto,29,296.4649057866133,-22.867735817484338,engine
Pluto,30,296.4648956000715,-22.867738250145507,engine
Rahu,-30,63.588470710357875,21.218456519752404,engine
Rahu,-20,63.58721962731871,21.218246867610404,engine
Rahu,-15,63.58659342909735,21.21814192780804,engine
Rahu,-10,63.58596679384455,21.21803691230692,engine
Rahu,-5,63.585339722138166,21.217931821198725,engine
Rahu,-2,63.584963269874834,21.217868730283538,engine
Rahu,-1,63.58483775096679,21.2178476939454,engine
Rahu,0,63.58471221464232,21.2178266545896,engine
Rahu,1,63.58458666082203,21.217805612202792,engine
Rahu,2,63.58446108967899,21.217784566813947,engine
Rahu,3,63.58433550113348,21.21776351840965,engine
Rahu,4,63.58420989510582,21.21774246697651,engine
Rahu,5,63.58408427176947,21.217721412543565,engine
Rahu,6,63.58395863096036,21.21770035508327,engine
Rahu,7,63.58383297285154,21.217679294624574,engine
Rahu,8,63.58370729727957,21.21765823114006,engine
Rahu,9,63.58358160441732,21.217637164658665,engine
Rahu,10,63.58345589418501,21.217616095166964,engine
Rahu,11,63.58333016658785,21.2175950226658,engine
Rahu,12,63.58320442154586,21.21757394714172,engine
Rahu,13,63.58307865923247,21.217552868623752,engine
Rahu,14,63.58295287956766,21.217531787098423,engine
Rahu,15,63.58282708247233,21.217510702552463,engine
Rahu,16,63.58270126811954,21.21748961501484,engine
Rahu,17,63.58257543634524,21.21746852445801,engine
Rahu,18,63.58244958732296,21.21744743091099,engine
Rahu,19,63.58232372088837,21.217426334346218,engine
Rahu,20,63.582197837215205,21.217405234792793,engine
Rahu,21,63.58207193622372,21.21738413223729,engine
Rahu,22,63.58194601791852,21.2173630266804,engine
Rahu,23,63.58182008221975,21.21734191810877,engine
Rahu,24,63.581694129301454,21.21732080655148,engine
Rahu,25,63.58156815908339,21.21729969199506,engine
Rahu,26,63.581442171485804,21.2172785744261,engine
Rahu,27,63.58131616668249,21.217257453873675,engine
Rahu,28,63.58119014459383,21.217236330324422,engine
Rahu,29,63.581064105139596,21.21721520376483,engine
Rahu,30,63.58093804840935,21.217194074209885,engine
Regulus,-30,152.0862096546176,11.969177392805683,engine
Regulus,-20,152.08620871886933,11.969177776451419,engine
Regulus,-15,152.08620821528658,11.969177964587866,engine
Regulus,-10,152.08620768825932,11.9691781501282,engine
Regulus,-5,152.08620713807235,11.969178332970149,engine
Regulus,-2,152.08620679696622,11.969178441337977,engine
Regulus,-1,152.0862066814464,11.969178477232894,engine
Regulus,0,152.08620656502177,11.969178513012631,engine
Regulus,1,152.08620644769485,11.969178548676394,engine
Regulus,2,152.0862063294681,11.969178584223402,engine
Regulus,3,152.08620621034413,11.969178619652856,engine
Regulus,4,152.0862060903254,11.969178654963978,engine
Regulus,5,152.0862059694145,11.969178690155982,engine
Regulus,6,152.08620584761394,11.969178725228101,engine
Regulus,7,152.08620572492646,11.969178760179517,engine
Regulus,8,152.0862056013546,11.969178795009467,engine
Regulus,9,152.08620547690097,11.969178829717197,engine
Regulus,10,152.08620535156822,11.969178864301915,engine
Regulus,11,152.08620522535907,11.969178898762852,engine
Regulus,12,152.08620509827608,11.96917893309924,engine
Regulus,13,152.08620497032203,11.969178967310322,engine
Regulus,14,152.08620484149958,11.969179001395332,engine
Regulus,15,152.08620471181152,11.969179035353502,engine
Regulus,16,152.08620458126055,11.969179069184085,engine
Regulus,17,152.08620444984936,11.969179102886338,engine
Regulus,18,152.08620431758092,11.969179136459463,engine
Regulus,19,152.08620418445787,11.969179169902734,engine
Regulus,20,152.08620405048313,11.969179203215399,engine
Regulus,21,152.0862039156594,11.96917923639672,engine
Regulus,22,152.0862037799896,11.969179269445952,engine
Regulus,23,152.0862036434766,11.969179302362349,engine
Regulus,24,152.0862035061232,11.969179335145165,engine
Regulus,25,152.08620336793243,11.969179367793679,engine
Regulus,26,152.086203228907,11.969179400307164,engine
Regulus,27,152.08620308905003,11.969179432684863,engine
Regulus,28,152.08620294836436,11.969179464926057,engine
Regulus,29,152.08620280685284,11.96917949703006,engine
Regulus,30,152.08620266451854,11.969179528996115,engine
Saturn,-30,310.26454030248914,-19.143617795054958,engine
Saturn,-20,310.26416143104257,-19.143719935019888,engine
Saturn,-15,310.2639719492874,-19.143771034072632,engine
Saturn,-10,310.2637824346762,-19.143822152084176,engine
Saturn,-5,310.26359288553846,-19.14387328874442,engine
Saturn,-2,310.26347913883893,-19.143903979547105,engine
Saturn,-1,310.2634412203309,-19.143914211265393,engine
Saturn,0,310.2634033003285,-19.143924443704986,engine
Saturn,1,310.2633653788192,-19.143934676863093,engine
Saturn,2,310.26332745579055,-19.143944910736888,engine
Saturn,3,310.26328953121396,-19.14395514532691,engine
Saturn,4,310.26325160510936,-19.143965380623577,engine
Saturn,5,310.2632136774483,-19.14397561662742,engine
Saturn,6,310.26317574819296,-19.143985853342393,engine
Saturn,7,310.263137817382,-19.143996090751873,engine
Saturn,8,310.2630998849778,-19.144006328859817,engine
Saturn,9,310.2630619509519,-19.14401656766667,engine
Saturn,10,310.2630240153246,-19.144026807162742,engine
Saturn,11,310.26298607806757,-19.144037047348444,engine
Saturn,12,310.26294813916877,-19.144047288220797,engine
Saturn,13,310.2629101986162,-19.1440575297768,engine
Saturn,14,310.2628722563979,-19.144067772013432,engine
Saturn,15,310.2628343124858,-19.144078014931058,engine
Saturn,16,310.26279636690026,-19.144088258519893,engine
Saturn,17,310.2627584195879,-19.14409850278711,engine
Saturn,18,310.26272047058774,-19.144108747715897,engine
Saturn,19,310.26268251986266,-19.14411899331002,engine
Saturn,20,310.2626445674009,-19.144129239566396,engine
Saturn,21,310.2626066131908,-19.144139486481887,engine
Saturn,22,310.2625686572046,-19.14414973405672,engine
Saturn,23,310.26253069946307,-19.14415998228102,engine
Saturn,24,310.2624927399384,-19.144170231154977,engine
Saturn,25,310.26245477861914,-19.144180480675402,engine
Saturn,26,310.26241681549396,-19.144190730839107,engine
Saturn,27,310.2623788505513,-19.14420098164287,engine
Saturn,28,310.26234088377987,-19.14421123308345,engine
Saturn,29,310.26230291512684,-19.144221485167872,engine
Saturn,30,310.26226494466437,-19.144231737872463,engine
Sun,-30,163.32225078080268,7.090182762344962,engine
Sun,-20,163.32845932128896,7.087615967876628,engine
Sun,-15,163.33156382523725,7.0863324105371,engine
Sun,-10,163.33466850458467,7.085048747385316,engine
Sun,-5,163.33777337516702,7.0837649786472765,engine
Sun,-2,163.33963639506436,7.082994667160975,engine
Sun,-1,163.34025741870926,7.08273788830468,engine
Sun,0,163.34087845105748,7.082481105276679,engine
Sun,1,163.34149949222697,7.082224318082376,engine
Sun,2,163.34212054233603,7.081967526726933,engine
Sun,3,163.34274160150196,7.081710731215961,engine
Sun,4,163.34336266984275,7.08145393155478,engine
Sun,5,163.34398374747528,7.08119712774913,engine
Sun,6,163.3446048349337,7.080940319632203,engine
Sun,7,163.34522593150177,7.080683507554191,engine
Sun,8,163.34584703771262,7.080426691348693,engine
Sun,9,163.34646815368316,7.080169871021351,engine
Sun,10,163.34708927952946,7.0799130465781595,engine
Sun,11,163.3477104153682,7.079656218024868,engine
Sun,12,163.34833156131484,7.079399385367625,engine
Sun,13,163.3489527174857,7.079142548612306,engine
Sun,14,163.34957388399593,7.078885707765133,engine
Sun,15,163.35019506096137,7.078628862832106,engine
Sun,16,163.35081624849676,7.078372013819613,engine
Sun,17,163.35143744713406,7.078115160561527,engine
Sun,18,163.35205865615458,7.077858303408792,engine
Sun,19,163.35267987608975,7.077601442195396,engine
Sun,20,163.35330110705357,7.07734457692796,engine
Sun,21,163.3539223491605,7.07708770761284,engine
Sun,22,163.35454360252407,7.076830834256747,engine
Sun,23,163.3551648672584,7.076573956866136,engine
Sun,24,163.35578614347642,7.076317075447864,engine
Sun,25,163.35640743129156,7.0760601900086115,engine
Sun,26,163.35702873081718,7.075803300555042,engine
Sun,27,163.35765004216543,7.075546407094216,engine
Sun,28,163.35827136544938,7.075289509632868,engine
Sun,29,163.35889270119748,7.075032608005881,engine
Sun,30,163.35951404868496,7.074775702564421,engine
Uranus,-30,42.06409568240903,15.754862912828624,engine
Uranus,-20,42.06400968369402,15.754834560302086,engine
Uranus,-15,42.063966739559575,15.75482038376278,engine
Uranus,-10,42.063923831940016,15.75480620739348,engine
Uranus,-5,42.06388096058091,15.754792031457086,engine
Uranus,-2,42.06385525506259,15.754783526214032,engine
Uranus,-1,42.06384668942283,15.754780691197821,engine
Uranus,0,42.063838125213124,15.754777856217752,engine
Uranus,1,42.06382956243104,15.754775021275904,engine
Uranus,2,42.063821001074075,15.75477218637436,engine
Uranus,3,42.06381244114495,15.754769351516812,engine
Uranus,4,42.063803882630665,15.754766516702064,engine
Uranus,5,42.063795325533846,15.754763681933811,engine
Uranus,6,42.06378676984616,15.754760847212227,engine
Uranus,7,42.063778215576406,15.75475801254316,engine
Uranus,8,42.06376966272143,15.754755177928388,engine
Uranus,9,42.06376111126797,15.754752343366729,engine
Uranus,10,42.063752561218585,15.754749508861844,engine
Uranus,11,42.063744012570446,15.754746674415776,engine
Uranus,12,42.06373546532075,15.754743840030581,engine
Uranus,13,42.063726919471826,15.754741005709903,engine
Uranus,14,42.06371837501035,15.75473817145255,engine
Uranus,15,42.06370983193862,15.754735337262172,engine
Uranus,16,42.06370129025369,15.75473250314079,engine
Uranus,17,42.06369274995206,15.754729669090166,engine
Uranus,18,42.063684211031685,15.754726835112862,engine
Uranus,19,42.063675673489016,15.754724001210636,engine
Uranus,20,42.063667137320955,15.75472116738549,engine
Uranus,21,42.06365860252963,15.754718333641067,engine
Uranus,22,42.06365006910137,15.754715499976124,engine
Uranus,23,42.06364153703825,15.754712666394285,engine
Uranus,24,42.06363300634225,15.754709832899186,engine
Uranus,25,42.06362447699965,15.754706999489562,engine
Uranus,26,42.06361594901239,15.75470416616904,engine
Uranus,27,42.063607422377125,15.754701332939606,engine
Uranus,28,42.063598897095765,15.754698499804855,engine
Uranus,29,42.063590373148685,15.754695666761648,engine
Uranus,30,42.06358185054928,15.754692833817295,engine
Venus,-30,200.55645628869127,-9.085778229614231,engine
Venus,-20,200.56380934416853,-9.08920276987729,engine
Venus,-15,200.56748549106663,-9.090914843899798,engine
Venus,-10,200.57116140133,-9.092626785630598,engine
Venus,-5,200.57483708929513,-9.094338594513145,engine
Venus,-2,200.5770424007999,-9.095365615632076,engine
Venus,-1,200.57777748836787,-9.095707945231062,engine
Venus,0,200.57851256801803,-9.096050269450725,engine
Venus,1,200.57924763986082,-9.09639258828471,engine
Venus,2,200.579982704007,-9.09673490172677,engine
Venus,3,200.58071776056727,-9.097077209770685,engine
Venus,4,200.5814528096526,-9.097419512410353,engine
Venus,5,200.5821878513741,-9.097761809639712,engine
Venus,6,200.5829228865279,-9.09810410179293,engine
Venus,7,200.5836579138557,-9.098446388183868,engine
Venus,8,200.58439293415398,-9.098788669146836,engine
Venus,9,200.58512794753437,-9.099130944676082,engine
Venus,10,200.58586295410882,-9.099473214765972,engine
Venus,11,200.58659795398927,-9.099815479410896,engine
Venus,12,200.58733294728796,-9.100157738605368,engine
Venus,13,200.58806793411705,-9.100499992343908,engine
Venus,14,200.5888029145891,-9.100842240621214,engine
Venus,15,200.58953788881664,-9.101184483431988,engine
Venus,16,200.59027285691235,-9.101526720771023,engine
Venus,17,200.59100781948183,-9.101868952862667,engine
Venus,18,200.59174277565248,-9.102211179242927,engine
Venus,19,200.5924777260302,-9.10255340013632,engine
Venus,20,200.5932126707282,-9.102895615537939,engine
Venus,21,200.59394760985978,-9.103237825442964,engine
Venus,22,200.59468254353843,-9.103580029846682,engine
Venus,23,200.59541747187774,-9.103922228744416,engine
Venus,24,200.59615239499138,-9.104264422131601,engine
Venus,25,200.59688731299312,-9.104606610003705,engine
Venus,26,200.59762222599693,-9.104948792356339,engine
Venus,27,200.59835713411684,-9.105290969185132,engine
Venus,28,200.59909203746696,-9.105633140485821,engine
Venus,29,200.59982693665435,-9.105975306483653,engine
Venus,30,200.60056183080366,-9.106317466715746,engine
Vesta,-30,201.79528819484733,-3.8227789036752875,engine
Vesta,-20,201.79838791888747,-3.824211493568191,engine
Vesta,-15,201.79993762505845,-3.824927761403162,engine
Vesta,-10,201.8014872334411,-3.825644010750319,engine
Vesta,-5,201.80303674957844,-3.826360241712663,engine
Vesta,-2,201.8039664166866,-3.8267899712298634,engine
Vesta,-1,201.80427629893708,-3.826933212915162,engine
Vesta,0,201.80458617784578,-3.827076453847761,engine
Vesta,1,201.80489605345312,-3.827219694026432,engine
Vesta,2,201.8052059257997,-3.8273629334499444,engine
Vesta,3,201.80551579492598,-3.827506172117068,engine
Vesta,4,201.80582566087273,-3.827649410026605,engine
Vesta,5,201.80613552358344,-3.8277926471351935,engine
Vesta,6,201.80644538350114,-3.827935883622013,engine
Vesta,7,201.8067552401539,-3.8280791192516497,engine
Vesta,8,201.8070650937905,-3.8282223541189633,engine
Vesta,9,201.80737494445188,-3.828365588222811,engine
Vesta,10,201.8076847920821,-3.828508821519937,engine
Vesta,11,201.80799463691662,-3.8286520540934945,engine
Vesta,12,201.80830447889946,-3.8287952859002274,engine
Vesta,13,201.8086143180719,-3.8289385169390218,engine
Vesta,14,201.80892415447542,-3.829081747208814,engine
Vesta,15,201.80923398805422,-3.8292249766663673,engine
Vesta,16,201.8095438190441,-3.829368205394928,engine
Vesta,17,201.8098536475973,-3.8295114334473244,engine
Vesta,18,201.8101634733398,-3.829654660630444,engine
Vesta,19,201.81047329642405,-3.82979788699716,engine
Vesta,20,201.81078311708598,-3.8299411126307445,engine
Vesta,21,201.8110929352703,-3.8300843374880507,engine
Vesta,22,201.81140275092176,-3.8302275615259505,engine
Vesta,23,201.81171256427658,-3.830370784827767,engine
Vesta,24,201.81202237527958,-3.8305140073503705,engine
Vesta,25,201.8123321839728,-3.830657229092828,engine
Vesta,26,201.81264199030124,-3.830800450012056,engine
Vesta,27,201.81295179450137,-3.8309436701914237,engine
Vesta,28,201.81326159651815,-3.8310868895878487,engine
Vesta,29,201.8135713965046,-3.8312301082543545,engine
Vesta,30,201.81388119428027,-3.8313733260822778,engine
Gonggong,-30,336.61729601406256,-11.449623236059198,tno-rate
Gonggong,-20,336.61722896883833,-11.4496458717522,tno-rate
Gonggong,-15,336.6171954462262,-11.4496571895987,tno-rate
Gonggong,-10,336.61716192361405,-11.4496685074452,tno-rate
Gonggong,-5,336.61712840100193,-11.4496798252917,tno-rate
Gonggong,-2,336.6171082874347,-11.4496866159996,tno-rate
Gonggong,-1,336.61710158291226,-11.4496888795689,tno-rate
Gonggong,0,336.6170948783898,-11.4496911431382,tno-rate
Gonggong,1,336.6170881738674,-11.4496934067075,tno-rate
Gonggong,2,336.61708146934495,-11.4496956702768,tno-rate
Gonggong,3,336.6170747648225,-11.4496979338461,tno-rate
Gonggong,4,336.61706806030014,-11.4497001974154,tno-rate
Gonggong,5,336.6170613557777,-11.4497024609847,tno-rate
Gonggong,6,336.6170546512553,-11.449704724554,tno-rate
Gonggong,7,336.61704794673284,-11.4497069881233,tno-rate
Gonggong,8,336.6170412422104,-11.4497092516926,tno-rate
Gonggong,9,336.61703453768797,-11.4497115152619,tno-rate
Gonggong,10,336.6170278331656,-11.4497137788312,tno-rate
Gonggong,11,336.61702112864316,-11.4497160424005,tno-rate
Gonggong,12,336.6170144241207,-11.4497183059698,tno-rate
Gonggong,13,336.6170077195983,-11.4497205695391,tno-rate
Gonggong,14,336.61700101507586,-11.4497228331084,tno-rate
Gonggong,15,336.6169943105534,-11.4497250966777,tno-rate
Gonggong,16,336.61698760603105,-11.449727360247,tno-rate
Gonggong,17,336.6169809015086,-11.4497296238163,tno-rate
Gonggong,18,336.6169741969862,-11.4497318873856,tno-rate
Gonggong,19,336.61696749246374,-11.4497341509549,tno-rate
Gonggong,20,336.6169607879413,-11.4497364145242,tno-rate
Gonggong,21,336.6169540834189,-11.4497386780935,tno-rate
Gonggong,22,336.6169473788965,-11.4497409416628,tno-rate
Gonggong,23,336.61694067437406,-11.4497432052321,tno-rate
Gonggong,24,336.61693396985163,-11.4497454688014,tno-rate
Gonggong,25,336.6169272653292,-11.4497477323707,tno-rate
Gonggong,26,336.61692056080676,-11.449749995940001,tno-rate
Gonggong,27,336.6169138562843,-11.449752259509301,tno-rate
Gonggong,28,336.6169071517619,-11.449754523078601,tno-rate
Gonggong,29,336.6169004472395,-11.449756786647901,tno-rate
Gonggong,30,336.6168937427171,-11.449759050217201,tno-rate
Haumea,-30,215.14558670061925,15.513260251506447,tno-rate
Haumea,-20,215.14567825229403,15.513179443731032,tno-rate
Haumea,-15,215.14572402813144,15.513139039843324,tno-rate
Haumea,-10,215.14576980396882,15.513098635955615,tno-rate
Haumea,-5,215.14581557980623,15.513058232067907,tno-rate
Haumea,-2,215.14584304530865,15.513033989735282,tno-rate
Haumea,-1,215.14585220047613,15.513025908957742,tno-rate
Haumea,0,215.1458613556436,15.5130178281802,tno-rate
Haumea,1,215.14587051081108,15.513009747402657,tno-rate
Haumea,2,215.14587966597855,15.513001666625117,tno-rate
Haumea,3,215.14588882114603,15.512993585847575,tno-rate
Haumea,4,215.1458979763135,15.512985505070032,tno-rate
Haumea,5,215.14590713148098,15.512977424292492,tno-rate
Haumea,6,215.1459162866485,15.51296934351495,tno-rate
Haumea,7,215.14592544181596,15.51296126273741,tno-rate
Haumea,8,215.14593459698344,15.512953181959867,tno-rate
Haumea,9,215.1459437521509,15.512945101182325,tno-rate
Haumea,10,215.1459529073184,15.512937020404785,tno-rate
Haumea,11,215.14596206248586,15.512928939627242,tno-rate
Haumea,12,215.14597121765334,15.5129208588497,tno-rate
Haumea,13,215.14598037282082,15.51291277807216,tno-rate
Haumea,14,215.1459895279883,15.512904697294617,tno-rate
Haumea,15,215.14599868315577,15.512896616517075,tno-rate
Haumea,16,215.14600783832324,15.512888535739535,tno-rate
Haumea,17,215.14601699349075,15.512880454961993,tno-rate
Haumea,18,215.14602614865822,15.512872374184452,tno-rate
Haumea,19,215.1460353038257,15.51286429340691,tno-rate
Haumea,20,215.14604445899317,15.512856212629368,tno-rate
Haumea,21,215.14605361416065,15.512848131851827,tno-rate
Haumea,22,215.14606276932813,15.512840051074285,tno-rate
Haumea,23,215.1460719244956,15.512831970296743,tno-rate
Haumea,24,215.14608107966308,15.512823889519202,tno-rate
Haumea,25,215.14609023483055,15.51281580874166,tno-rate
Haumea,26,215.14609938999803,15.512807727964118,tno-rate
Haumea,27,215.1461085451655,15.512799647186577,tno-rate
Haumea,28,215.146117700333,15.512791566409035,tno-rate
Haumea,29,215.14612685550048,15.512783485631495,tno-rate
Haumea,30,215.14613601066796,15.512775404853953,tno-rate
Makemake,-30,197.3028823985788,22.492144803329083,tno-rate
Makemake,-20,197.30299841030958,22.492065360793735,tno-rate
Makemake,-15,197.303056416175,22.492025639526062,tno-rate
Makemake,-10,197.3031144220404,22.49198591825839,tno-rate
Makemake,-5,197.3031724279058,22.491946196990714,tno-rate
Makemake,-2,197.30320723142503,22.49192236423011,tno-rate
Makemake,-1,197.30321883259813,22.491914419976577,tno-rate
Makemake,0,197.3032304337712,22.49190647572304,tno-rate
Makemake,1,197.30324203494428,22.491898531469506,tno-rate
Makemake,2,197.30325363611738,22.491890587215973,tno-rate
Makemake,3,197.30326523729045,22.491882642962437,tno-rate
Makemake,4,197.30327683846352,22.4918746987089,tno-rate
Makemake,5,197.30328843963662,22.49186675445537,tno-rate
Makemake,6,197.3033000408097,22.491858810201833,tno-rate
Makemake,7,197.30331164198276,22.491850865948297,tno-rate
Makemake,8,197.30332324315586,22.491842921694765,tno-rate
Makemake,9,197.30333484432893,22.49183497744123,tno-rate
Makemake,10,197.303346445502,22.491827033187693,tno-rate
Makemake,11,197.3033580466751,22.49181908893416,tno-rate
Makemake,12,197.30336964784817,22.491811144680625,tno-rate
Makemake,13,197.30338124902124,22.49180320042709,tno-rate
Makemake,14,197.30339285019434,22.491795256173557,tno-rate
Makemake,15,197.3034044513674,22.49178731192002,tno-rate
Makemake,16,197.30341605254048,22.491779367666485,tno-rate
Makemake,17,197.30342765371358,22.491771423412953,tno-rate
Makemake,18,197.30343925488665,22.491763479159417,tno-rate
Makemake,19,197.30345085605973,22.49175553490588,tno-rate
Makemake,20,197.30346245723283,22.49174759065235,tno-rate
Makemake,21,197.3034740584059,22.491739646398813,tno-rate
Makemake,22,197.30348565957897,22.491731702145277,tno-rate
Makemake,23,197.30349726075207,22.491723757891744,tno-rate
Makemake,24,197.30350886192514,22.49171581363821,tno-rate
Makemake,25,197.3035204630982,22.491707869384673,tno-rate
Makemake,26,197.3035320642713,22.49169992513114,tno-rate
Makemake,27,197.30354366544438,22.491691980877604,tno-rate
Makemake,28,197.30355526661745,22.49168403662407,tno-rate
Makemake,29,197.30356686779055,22.491676092370536,tno-rate
Makemake,30,197.30357846896362,22.491668148117,tno-rate
Orcus,-30,156.35384811746158,-11.05833309173314,tno-rate
Orcus,-20,156.35399188138535,-11.058395421821956,tno-rate
Orcus,-15,156.35406376334726,-11.058426586866364,tno-rate
Orcus,-10,156.35413564530913,-11.058457751910774,tno-rate
Orcus,-5,156.35420752727103,-11.058488916955183,tno-rate
Orcus,-2,156.35425065644816,-11.058507615981828,tno-rate
Orcus,-1,156.35426503284052,-11.058513848990708,tno-rate
Orcus,0,156.3542794092329,-11.05852008199959,tno-rate
Orcus,1,156.3542937856253,-11.058526315008473,tno-rate
Orcus,2,156.35430816201765,-11.058532548017354,tno-rate
Orcus,3,156.35432253841003,-11.058538781026236,tno-rate
Orcus,4,156.35433691480242,-11.058545014035118,tno-rate
Orcus,5,156.35435129119477,-11.058551247043999,tno-rate
Orcus,6,156.35436566758716,-11.058557480052881,tno-rate
Orcus,7,156.35438004397955,-11.058563713061764,tno-rate
Orcus,8,156.35439442037193,-11.058569946070644,tno-rate
Orcus,9,156.3544087967643,-11.058576179079527,tno-rate
Orcus,10,156.35442317315668,-11.058582412088407,tno-rate
Orcus,11,156.35443754954906,-11.05858864509729,tno-rate
Orcus,12,156.35445192594142,-11.058594878106172,tno-rate
Orcus,13,156.3544663023338,-11.058601111115053,tno-rate
Orcus,14,156.3544806787262,-11.058607344123935,tno-rate
Orcus,15,156.35449505511855,-11.058613577132817,tno-rate
Orcus,16,156.35450943151093,-11.058619810141698,tno-rate
Orcus,17,156.35452380790332,-11.05862604315058,tno-rate
Orcus,18,156.3545381842957,-11.058632276159463,tno-rate
Orcus,19,156.35455256068806,-11.058638509168343,tno-rate
Orcus,20,156.35456693708045,-11.058644742177226,tno-rate
Orcus,21,156.35458131347283,-11.058650975186108,tno-rate
Orcus,22,156.3545956898652,-11.058657208194989,tno-rate
Orcus,23,156.35461006625758,-11.058663441203871,tno-rate
Orcus,24,156.35462444264996,-11.058669674212753,tno-rate
Orcus,25,156.35463881904232,-11.058675907221634,tno-rate
Orcus,26,156.3546531954347,-11.058682140230516,tno-rate
Orcus,27,156.3546675718271,-11.058688373239397,tno-rate
Orcus,28,156.35468194821948,-11.05869460624828,tno-rate
Orcus,29,156.35469632461184,-11.058700839257162,tno-rate
Orcus,30,156.35471070100422,-11.058707072266042,tno-rate
Quaoar,-30,273.81267210258983,-15.346380887622448,tno-rate
Quaoar,-20,273.81264022054336,-15.346403015170926,tno-rate
Quaoar,-15,273.8126242795201,-15.346414078945164,tno-rate
Quaoar,-10,273.8126083384969,-15.346425142719403,tno-rate
Quaoar,-5,273.8125923974736,-15.346436206493642,tno-rate
Quaoar,-2,273.81258283285973,-15.346442844758185,tno-rate
Quaoar,-1,273.81257964465505,-15.346445057513034,tno-rate
Quaoar,0,273.8125764564504,-15.34644727026788,tno-rate
Quaoar,1,273.8125732682458,-15.346449483022727,tno-rate
Quaoar,2,273.8125700800411,-15.346451695777576,tno-rate
Quaoar,3,273.81256689183647,-15.346453908532423,tno-rate
Quaoar,4,273.81256370363184,-15.346456121287272,tno-rate
Quaoar,5,273.8125605154272,-15.346458334042119,tno-rate
Quaoar,6,273.8125573272225,-15.346460546796967,tno-rate
Quaoar,7,273.8125541390179,-15.346462759551814,tno-rate
Quaoar,8,273.81255095081326,-15.346464972306663,tno-rate
Quaoar,9,273.8125477626086,-15.34646718506151,tno-rate
Quaoar,10,273.81254457440394,-15.346469397816358,tno-rate
Quaoar,11,273.8125413861993,-15.346471610571205,tno-rate
Quaoar,12,273.8125381979947,-15.346473823326052,tno-rate
Quaoar,13,273.81253500979,-15.346476036080901,tno-rate
Quaoar,14,273.81253182158537,-15.346478248835748,tno-rate
Quaoar,15,273.81252863338074,-15.346480461590597,tno-rate
Quaoar,16,273.81252544517605,-15.346482674345443,tno-rate
Quaoar,17,273.8125222569714,-15.346484887100292,tno-rate
Quaoar,18,273.8125190687668,-15.346487099855139,tno-rate
Quaoar,19,273.81251588056216,-15.346489312609988,tno-rate
Quaoar,20,273.8125126923575,-15.346491525364835,tno-rate
Quaoar,21,273.81250950415284,-15.346493738119683,tno-rate
Quaoar,22,273.8125063159482,-15.34649595087453,tno-rate
Quaoar,23,273.8125031277435,-15.346498163629379,tno-rate
Quaoar,24,273.8124999395389,-15.346500376384226,tno-rate
Quaoar,25,273.81249675133427,-15.346502589139073,tno-rate
Quaoar,26,273.81249356312964,-15.346504801893921,tno-rate
Quaoar,27,273.81249037492495,-15.346507014648768,tno-rate
Quaoar,28,273.8124871867203,-15.346509227403617,tno-rate
Quaoar,29,273.8124839985157,-15.346511440158464,tno-rate
Quaoar,30,273.812480810311,-15.346513652913313,tno-rate
Sedna,-30,59.36157804084477,8.266764004074664,tno-rate
Sedna,-20,59.3615734959627,8.266746410717673,tno-rate
Sedna,-15,59.36157122352167,8.266737614039176,tno-rate
Sedna,-10,59.361568951080635,8.26672881736068,tno-rate
Sedna,-5,59.361566678639605,8.266720020682184,tno-rate
Sedna,-2,59.36156531517498,8.266714742675086,tno-rate
Sedna,-1,59.36156486068678,8.266712983339387,tno-rate
Sedna,0,59.36156440619857,8.266711224003688,tno-rate
Sedna,1,59.36156395171036,8.266709464667988,tno-rate
Sedna,2,59.36156349722216,8.266707705332289,tno-rate
Sedna,3,59.36156304273395,8.26670594599659,tno-rate
Sedna,4,59.36156258824574,8.26670418666089,tno-rate
Sedna,5,59.36156213375753,8.26670242732519,tno-rate
Sedna,6,59.36156167926933,8.266700667989491,tno-rate
Sedna,7,59.36156122478112,8.266698908653792,tno-rate
Sedna,8,59.36156077029291,8.266697149318093,tno-rate
Sedna,9,59.36156031580471,8.266695389982393,tno-rate
Sedna,10,59.3615598613165,8.266693630646696,tno-rate
Sedna,11,59.36155940682829,8.266691871310996,tno-rate
Sedna,12,59.36155895234008,8.266690111975297,tno-rate
Sedna,13,59.36155849785188,8.266688352639598,tno-rate
Sedna,14,59.36155804336367,8.266686593303898,tno-rate
Sedna,15,59.36155758887546,8.266684833968199,tno-rate
Sedna,16,59.36155713438726,8.2666830746325,tno-rate
Sedna,17,59.36155667989905,8.2666813152968,tno-rate
Sedna,18,59.361556225410844,8.266679555961101,tno-rate
Sedna,19,59.361555770922635,8.266677796625402,tno-rate
Sedna,20,59.36155531643443,8.266676037289702,tno-rate
Sedna,21,59.361554861946225,8.266674277954003,tno-rate
Sedna,22,59.361554407458016,8.266672518618304,tno-rate
Sedna,23,59.361553952969814,8.266670759282604,tno-rate
Sedna,24,59.361553498481605,8.266668999946905,tno-rate
Sedna,25,59.361553043993396,8.266667240611206,tno-rate
Sedna,26,59.36155258950519,8.266665481275506,tno-rate
Sedna,27,59.361552135016986,8.266663721939807,tno-rate
Sedna,28,59.36155168052878,8.266661962604108,tno-rate
Sedna,29,59.36155122604057,8.266660203268408,tno-rate
Sedna,30,59.361550771552366,8.26665844393271,tno-rate
Transpluto,-30,154.6846212209847,10.500968164124068,engine
Transpluto,-20,154.68469250556595,10.500941098219961,engine
Transpluto,-15,154.6847281476001,10.500927565336589,engine
Transpluto,-10,154.68476378945704,10.500914032501456,engine
Transpluto,-5,154.68479943114627,10.500900499710989,engine
Transpluto,-2,154.6848208160741,10.500892380060112,engine
Transpluto,-1,154.68482794436957,10.500889673513527,engine
Transpluto,0,154.68483507265816,10.500886966968839,engine
Transpluto,1,154.68484220093984,10.50088426042602,engine
Transpluto,2,154.68484932921461,10.500881553885032,engine
Transpluto,3,154.68485645748257,10.500878847345936,engine
Transpluto,4,154.68486358574353,10.500876140808664,engine
Transpluto,5,154.68487071399764,10.50087343427328,engine
Transpluto,6,154.6848778422496,10.500870727737954,engine
Transpluto,7,154.6848849704899,10.500868021206296,engine
Transpluto,8,154.6848920987233,10.500865314676501,engine
Transpluto,9,154.68489922694982,10.50086260814857,engine
Transpluto,10,154.68490635516943,10.500859901622508,engine
Transpluto,11,154.68491348338208,10.500857195098321,engine
Transpluto,12,154.6849206115879,10.500854488575996,engine
Transpluto,13,154.68492773978681,10.500851782055557,engine
Transpluto,14,154.68493486797882,10.50084907553694,engine
Transpluto,15,154.68494199616393,10.500846369020216,engine
Transpluto,16,154.68494912434215,10.500843662505362,engine
Transpluto,17,154.68495625251828,10.500840955990592,engine
Transpluto,18,154.68496338068272,10.50083824947944,engine
Transpluto,19,154.68497050884022,10.500835542970181,engine
Transpluto,20,154.68497763699082,10.50083283646282,engine
Transpluto,21,154.68498476513454,10.500830129957333,engine
Transpluto,22,154.68499189327136,10.500827423453675,engine
Transpluto,23,154.68499902140135,10.500824716951884,engine
Transpluto,24,154.68500614952433,10.500822010451992,engine
Transpluto,25,154.6850132776405,10.500819303953962,engine
Transpluto,26,154.68502040574973,10.500816597457831,engine
Transpluto,27,154.68502753385206,10.500813890963526,engine
Transpluto,28,154.6850346619475,10.500811184471107,engine
Transpluto,29,154.68504179004088,10.500808477978737,engine
Transpluto,30,154.68504891812248,10.500805771490107,engine
Part_of_Fortune,-30,209.3258569428416,-6.003820718720899,engine
Part_of_Fortune,-20,211.2882397211595,-6.397974678423433,engine
Part_of_Fortune,-15,212.27871912825032,-6.588452186079202,engine
Part_of_Fortune,-10,213.27570115621484,-6.77441998570016,engine
Part_of_Fortune,-5,214.2794312809839,-6.955790712004674,engine
Part_of_Fortune,-2,214.88501451216598,-7.0623686320440875,engine
Part_of_Fortune,-1,215.08744578997053,-7.097516005924682,engine
Part_of_Fortune,0,215.29016572307063,-7.132472785374988,engine
Part_of_Fortune,1,215.49317633777173,-7.167238150902598,engine
Part_of_Fortune,2,215.6964801303821,-7.2018113782500155,engine
Part_of_Fortune,3,215.90007916503166,-7.2361916316671575,engine
Part_of_Fortune,4,216.10397552525833,-7.2703780670523415,engine
Part_of_Fortune,5,216.30817176592376,-7.304369935336522,engine
Part_of_Fortune,6,216.5126701465482,-7.338166397890971,engine
Part_of_Fortune,7,216.7174726870218,-7.371766574110058,engine
Part_of_Fortune,8,216.92258168656167,-7.405169607779223,engine
Part_of_Fortune,9,217.1279997817173,-7.438374714882745,engine
Part_of_Fortune,10,217.33372917580368,-7.4713809982933235,engine
Part_of_Fortune,11,217.53977224497868,-7.50418758630444,engine
Part_of_Fortune,12,217.7461312357025,-7.536793563120366,engine
Part_of_Fortune,13,217.9528088671628,-7.569198106979766,engine
Part_of_Fortune,14,218.15980742917915,-7.601400282746253,engine
Part_of_Fortune,15,218.36712938272916,-7.6333991797066165,engine
Part_of_Fortune,16,218.57477706144408,-7.665193842596157,engine
Part_of_Fortune,17,218.78275341229687,-7.696783430796103,engine
Part_of_Fortune,18,218.99106053380274,-7.728166925816286,engine
Part_of_Fortune,19,219.19970111745704,-7.759343396977185,engine
Part_of_Fortune,20,219.40867773692415,-7.790311881334855,engine
Part_of_Fortune,21,219.6179928394193,-7.8210713704394905,engine
Part_of_Fortune,22,219.82764934835603,-7.8516209488337765,engine
Part_of_Fortune,23,220.0376497571131,-7.881959585446088,engine
Part_of_Fortune,24,220.2479967355338,-7.912086272626237,engine
Part_of_Fortune,25,220.4586928253828,-7.941999956065544,engine
Part_of_Fortune,26,220.66974104712983,-7.9716996740277395,engine
Part_of_Fortune,27,220.8811439919189,-8.001184348257748,engine
Part_of_Fortune,28,221.09290442842322,-8.030452923175943,engine
Part_of_Fortune,29,221.3050252914869,-8.059504349937136,engine
Part_of_Fortune,30,221.51750896441112,-8.088337474570174,engine
Part_of_Spirit,-30,267.3620194437452,-34.503682973174406,engine
Part_of_Spirit,-20,269.18733973572785,-34.84577294190895,engine
Part_of_Spirit,-15,270.1086997724055,-35.0099853360429,engine
Part_of_Spirit,-10,271.03615917124773,-35.169536823218564,engine
Part_of_Spirit,-5,271.9699560762509,-35.324343441080245,engine
Part_of_Spirit,-2,272.533378879314,-35.4149132910448,engine
Part_of_Spirit,-1,272.7217228091845,-35.44471318052894,engine
Part_of_Spirit,0,272.9103384088233,-35.47431680154178,engine
Part_of_Spirit,1,273.0992279467579,-35.503723430713336,engine
Part_of_Spirit,2,273.28839325692485,-35.532932232958935,engine
Part_of_Spirit,3,273.47783664635233,-35.561942468773836,engine
Part_of_Spirit,4,273.66756044180715,-35.59075339045844,engine
Part_of_Spirit,5,273.85756653683114,-35.61936413822537,engine
Part_of_Spirit,6,274.04785742522193,-35.64777396632911,engine
Part_of_Spirit,7,274.2384350886091,-35.675982028950145,engine
Part_of_Spirit,8,274.4293020612135,-35.70398756301744,engine
Part_of_Spirit,9,274.6204603196019,-35.731789673901304,engine
Part_of_Spirit,10,274.8119123123494,-35.75938756135996,engine
Part_of_Spirit,11,275.00366035956466,-35.78678038149995,engine
Part_of_Spirit,12,275.19570695367497,-35.813967315635225,engine
Part_of_Spirit,13,275.38805415523467,-35.84094743152167,engine
Part_of_Spirit,14,275.5807045006625,-35.8677198912256,engine
Part_of_Spirit,15,275.773660396255,-35.89428381212146,engine
Part_of_Spirit,16,275.96692442310064,-35.920638336416474,engine
Part_of_Spirit,17,276.16049886115496,-35.94678250943402,engine
Part_of_Spirit,18,276.354386076233,-35.972715417542275,engine
Part_of_Spirit,19,276.54858869693015,-35.9984361547392,engine
Part_of_Spirit,20,276.74310924403983,-36.023943786496886,engine
Part_of_Spirit,21,276.937950413963,-36.04923740224755,engine
Part_of_Spirit,22,277.13311447432443,-36.07431597620707,engine
Part_of_Spirit,23,277.32860416845597,-36.09917857531263,engine
Part_of_Spirit,24,277.52442211467667,-36.12382422053952,engine
Part_of_Spirit,25,277.72057110533393,-36.148251955786684,engine
Part_of_Spirit,26,277.9170535065815,-36.172460709080134,engine
Part_of_Spirit,27,278.11387216089577,-36.19644950047039,engine
Part_of_Spirit,28,278.311029786817,-36.220217303247935,engine
Part_of_Spirit,29,278.50852925970287,-36.24376309381425,engine
Part_of_Spirit,30,278.7063732368707,-36.26708582313881,engine
Ascendant,-30,238.3439381932934,-20.25375184594765,engine
Ascendant,-20,240.2377897284437,-20.62187381016619,engine
Ascendant,-15,241.1937094503279,-20.799218761061052,engine
Ascendant,-10,242.15593016373128,-20.97197840445936,engine
Ascendant,-5,243.1246936786174,-21.140067076542458,engine
Ascendant,-2,243.70919669574,-21.23864096154444,engine
Ascendant,-1,243.9045842995775,-21.271114593226812,engine
Ascendant,0,244.10025206594696,-21.303394793458384,engine
Ascendant,1,244.2962021422648,-21.335480790807967,engine
Ascendant,2,244.49243669365347,-21.367371805604474,engine
Ascendant,3,244.688957905692,-21.3990670502205,engine
Ascendant,4,244.88576798353273,-21.43056572875539,engine
Ascendant,5,245.08286915137745,-21.461867036780948,engine
Ascendant,6,245.28026378588507,-21.492970182110042,engine
Ascendant,7,245.47795388781546,-21.523874301530103,engine
Ascendant,8,245.67594187388758,-21.554578585398332,engine
Ascendant,9,245.87423005065958,-21.585082194392026,engine
Ascendant,10,246.07282074407655,-21.61538427982664,engine
Ascendant,11,246.27171630227167,-21.645483983902196,engine
Ascendant,12,246.47091909468875,-21.675380439377793,engine
Ascendant,13,246.67043151119873,-21.705072769250716,engine
Ascendant,14,246.87025596492083,-21.734560086985926,engine
Ascendant,15,247.0703948894921,-21.763841495914036,engine
Ascendant,16,247.27085074227236,-21.792916089506317,engine
Ascendant,17,247.47162613672592,-21.821782970115063,engine
Ascendant,18,247.67272330501788,-21.850441171679282,engine
Ascendant,19,247.8741449071936,-21.878889775858195,engine
Ascendant,20,248.07589349048197,-21.90712783391587,engine
Ascendant,21,248.27797162669114,-21.93515438634352,engine
Ascendant,22,248.48038191134023,-21.962968462520422,engine
Ascendant,23,248.6831269627845,-21.99056908037936,engine
Ascendant,24,248.88620942510522,-22.017955246582876,engine
Ascendant,25,249.08963196535836,-22.045125955926114,engine
Ascendant,26,249.29339727685567,-22.072080191553937,engine
Ascendant,27,249.49750807640734,-22.09881692436407,engine
Ascendant,28,249.70196710762013,-22.12533511321194,engine
Ascendant,29,249.9067772755949,-22.151633721875694,engine
Ascendant,30,250.11194110064093,-22.17771164885449,engine
Midheaven,-30,176.88263641618855,1.3507206395297686,engine
Midheaven,-20,179.3896393394032,0.26485933945273504,engine
Midheaven,-15,180.6430668797086,-0.2784795391608109,engine
Midheaven,-10,181.89644487346894,-0.8216136324300795,engine
Midheaven,-5,183.14977374524426,-1.3641858850416495,engine
Midheaven,-2,183.901747379313,-1.6893112982194691,engine
Midheaven,-1,184.15240133778525,-1.797599745027757,engine
Midheaven,0,184.40305333966285,-1.9058401259296043,engine
Midheaven,1,184.6537033883825,-2.0140296148660046,engine
Midheaven,2,184.9043514856679,-2.1221653890391976,engine
Midheaven,3,185.15499763478903,-2.230244630533291,engine
Midheaven,4,185.40564183916447,-2.338264525923579,engine
Midheaven,5,185.656284101431,-2.4462222660871054,engine
Midheaven,6,185.9069245924469,-2.5541151191432596,engine
Midheaven,7,186.1575629803941,-2.66194014190458,engine
Midheaven,8,186.4081994359632,-2.7696946127888893,engine
Midheaven,9,186.65883396378015,-2.8773757441801457,engine
Midheaven,10,186.90946656675584,-2.9849807534054293,engine
Midheaven,11,187.16009724934526,-3.092506864339775,engine
Midheaven,12,187.41072601615028,-3.1999513070082535,engine
Midheaven,13,187.6613528705225,-3.3073113171892254,engine
Midheaven,14,187.91197781782196,-3.4145841380110493,engine
Midheaven,15,188.16260086169234,-3.5217670185549474,engine
Midheaven,16,188.41322200778512,-3.6288572156461485,engine
Midheaven,17,188.6638414285596,-3.735852064370696,engine
Midheaven,18,188.91445879244029,-3.8427486919371363,engine
Midheaven,19,189.1650742735737,-3.9495444489567193,engine
Midheaven,20,189.415687876327,-4.056236621184032,engine
Midheaven,21,189.66629960660805,-4.162822502875622,engine
Midheaven,22,189.9169094704674,-4.269299396380276,engine
Midheaven,23,190.16751747270214,-4.375664611731462,engine
Midheaven,24,190.41812362011322,-4.48191546821416,engine
Midheaven,25,190.66872791778164,-4.588049292965149,engine
Midheaven,26,190.91933037279173,-4.694063422731247,engine
Midheaven,27,191.16993099050666,-4.799955202468907,engine
Midheaven,28,191.42052977829184,-4.905721987094645,engine
Midheaven,29,191.6711269098352,-5.011361210880595,engine
Midheaven,30,191.92172205669118,-5.11687010592479,engine
Vertex,-30,105.69791435315412,22.652097859959426,engine
Vertex,-20,107.96816941867678,22.408975021235953,engine
Vertex,-15,109.09327941281113,22.2763750909705,engine
Vertex,-10,110.21194182523273,22.13658696850598,engine
Vertex,-5,111.32432551616633,21.989733185488696,engine
Vertex,-2,111.9888105201066,21.898278862401394,engine
Vertex,-1,112.20982247654658,21.867242649766524,engine
Vertex,0,112.4305950547689,21.835932240747304,engine
Vertex,1,112.65112953379719,21.804348539996326,engine
Vertex,2,112.87142718526906,21.772492446617814,engine
Vertex,3,113.09148927632255,21.740364853835352,engine
Vertex,4,113.31131706838293,21.70796664924212,engine
Vertex,5,113.53091181636564,21.675298714999265,engine
Vertex,6,113.75027491653661,21.64236190561692,engine
Vertex,7,113.96940731950609,21.609157136371348,engine
Vertex,8,114.18831040999616,21.575685251288284,engine
Vertex,9,114.40698542156139,21.54194711089135,engine
Vertex,10,114.62543358053266,21.507943570777087,engine
Vertex,11,114.84365610888162,21.473675481251327,engine
Vertex,12,115.06165422301977,21.439143687588444,engine
Vertex,13,115.27942913260578,21.404349030299013,engine
Vertex,14,115.49698204339909,21.36929234475224,engine
Vertex,15,115.7143141540442,21.33397446176527,engine
Vertex,16,115.93142665932407,21.29839620715407,engine
Vertex,17,116.14832089272602,21.26255837814387,engine
Vertex,18,116.36499774604304,21.226461839548,engine
Vertex,19,116.58145854326771,21.190107379442157,engine
Vertex,20,116.79770445587235,21.153495805659798,engine
Vertex,21,117.01373665116479,21.11662792144534,engine
Vertex,22,117.22955629110048,21.079504525724158,engine
Vertex,23,117.44516453110465,21.042126413380583,engine
Vertex,24,117.6605625228984,21.004494374842615,engine
Vertex,25,117.87575141131703,20.966609196705583,engine
Vertex,26,118.09073233753321,20.928471661240753,engine
Vertex,27,118.30550643588096,20.890082547025767,engine
Vertex,28,118.52007483707283,20.851442628444968,engine
Vertex,29,118.73443880871021,20.812552650163997,engine
Vertex,30,118.94859918364003,20.773413431104824,engine
Algol,-30,47.04504887948127,40.95416205049183,engine
Algol,-20,47.04504728747142,40.95416127373299,engine
Algol,-15,47.04504652613042,40.954160866248635,engine
Algol,-10,47.04504578864094,40.95416044636743,engine
Algol,-5,47.04504507554518,40.95416001435151,engine
Algol,-2,47.04504465961807,40.95415974942863,engine
Algol,-1,47.04504452298922,40.954159660181816,engine
Algol,0,47.04504438737402,40.95415957046906,engine
Algol,1,47.04504425277659,40.95415948029256,engine
Algol,2,47.04504411920104,40.95415938965455,engine
Algol,3,47.045043986651415,40.95415929855725,engine
Algol,4,47.045043855131766,40.95415920700291,engine
Algol,5,47.04504372464615,40.95415911499374,engine
Algol,6,47.045043595198464,40.95415902253194,engine
Algol,7,47.04504346679291,40.954158929619915,engine
Algol,8,47.04504333943337,40.95415883625986,engine
Algol,9,47.04504321312375,40.95415874245405,engine
Algol,10,47.04504308786805,40.95415864820477,engine
Algol,11,47.045042963670134,40.95415855351431,engine
Algol,12,47.045042840533924,40.954158458384995,engine
Algol,13,47.04504271846327,40.95415836281912,engine
Algol,14,47.04504259746204,40.95415826681901,engine
Algol,15,47.045042477534075,40.95415817038699,engine
Algol,16,47.04504235868316,40.95415807352538,engine
Algol,17,47.04504224091303,40.954157976236495,engine
Algol,18,47.04504212422758,40.95415787852281,engine
Algol,19,47.04504200863054,40.95415778038659,engine
Algol,20,47.04504189412558,40.95415768183024,engine
Algol,21,47.045041780716424,40.954157582856105,engine
Algol,22,47.04504166840676,40.95415748346661,engine
Algol,23,47.04504155720026,40.95415738366411,engine
Algol,24,47.04504144710055,40.954157283451046,engine
Algol,25,47.04504133811131,40.95415718282976,engine
Algol,26,47.04504123023607,40.95415708180275,engine
Algol,27,47.04504112347845,40.9541569803724,engine
Algol,28,47.045041017841996,40.95415687854115,engine
Algol,29,47.04504091333019,40.954156776311336,engine
Algol,30,47.04504080994652,40.95415667368552,engine
Pleiades,-30,56.87267902130555,24.10477995906751,engine
Pleiades,-20,56.87267748527765,24.104779601005454,engine
Pleiades,-15,56.872676740075384,24.104779408414572,engine
Pleiades,-10,56.87267601078259,24.104779206954063,engine
Pleiades,-5,56.872675297915826,24.104778996756842,engine
Pleiades,-2,56.87267487829238,24.104778866501814,engine
Pleiades,-1,56.87267473979152,24.104778822400714,engine
Pleiades,0,56.87267460198412,24.10477877796015,engine
Pleiades,1,56.87267446487421,24.10477873318121,engine
Pleiades,2,56.87267432846569,24.104778688065107,engine
Pleiades,3,56.87267419276255,24.104778642612956,engine
Pleiades,4,56.87267405776874,24.10477859682593,engine
Pleiades,5,56.87267392348817,24.104778550705184,engine
Pleiades,6,56.87267378992464,24.104778504251914,engine
Pleiades,7,56.87267365708229,24.104778457467305,engine
Pleiades,8,56.87267352496485,24.10477841035254,engine
Pleiades,9,56.87267339357623,24.10477836290881,engine
Pleiades,10,56.872673262920266,24.10477831513732,engine
Pleiades,11,56.87267313300081,24.104778267039272,engine
Pleiades,12,56.87267300382168,24.104778218615873,engine
Pleiades,13,56.87267287538672,24.10477816986835,engine
Pleiades,14,56.8726727476997,24.104778120797953,engine
Pleiades,15,56.87267262076442,24.104778071405857,engine
Pleiades,16,56.872672494584656,24.10477802169335,engine
Pleiades,17,56.87267236916406,24.104777971661637,engine
Pleiades,18,56.87267224450657,24.10477792131201,engine
Pleiades,19,56.87267212061579,24.104777870645712,engine
Pleiades,20,56.87267199749548,24.104777819664005,engine
Pleiades,21,56.872671875149315,24.104777768368148,engine
Pleiades,22,56.87267175358099,24.10477771675941,engine
Pleiades,23,56.87267163279415,24.104777664839105,engine
Pleiades,24,56.87267151279248,24.10477761260847,engine
Pleiades,25,56.872671393579594,24.10477756006883,engine
Pleiades,26,56.87267127515913,24.10477750722149,engine
Pleiades,27,56.8726711575347,24.104777454067737,engine
Pleiades,28,56.872671040709875,24.104777400608874,engine
Pleiades,29,56.872670924688165,24.104777346846205,engine
Pleiades,30,56.87267080947318,24.104777292781055,engine
Capella,-30,79.17196784520618,45.99322720773629,engine
Capella,-20,79.17196540419022,45.99322694348861,engine
Capella,-15,79.17196419329389,45.99322678359687,engine
Capella,-10,79.1719629898841,45.993226605294524,engine
Capella,-5,79.171961794765,45.99322640866855,engine
Capella,-2,79.17196108200645,45.993226281937126,engine
Capella,-1,79.17196084517738,45.993226238238854,engine
Capella,0,79.17196060873746,45.99322619381476,engine
Capella,1,79.17196037269309,45.993226148665705,engine
Capella,2,79.17196013705056,45.99322610279258,engine
Capella,3,79.17195990181625,45.993226056196264,engine
Capella,4,79.17195966699649,45.993226008877656,engine
Capella,5,79.17195943259757,45.993225960837684,engine
Capella,6,79.17195919862569,45.993225912077236,engine
Capella,7,79.17195896508744,45.99322586259734,engine
Capella,8,79.17195873198898,45.99322581239894,engine
Capella,9,79.17195849933661,45.99322576148297,engine
Capella,10,79.1719582671366,45.99322570985043,engine
Capella,11,79.17195803539522,45.99322565750235,engine
Capella,12,79.17195780411873,45.99322560443971,engine
Capella,13,79.17195757331342,45.993225550663574,engine
Capella,14,79.17195734298551,45.99322549617495,engine
Capella,15,79.17195711314123,45.99322544097492,engine
Capella,16,79.17195688378683,45.99322538506454,engine
Capella,17,79.17195665492838,45.993225328444865,engine
Capella,18,79.17195642657236,45.993225271117055,engine
Capella,19,79.17195619872487,45.9932252130822,engine
Capella,20,79.17195597139205,45.99322515434142,engine
Capella,21,79.17195574458012,45.993225094895855,engine
Capella,22,79.17195551829523,45.99322503474664,engine
Capella,23,79.17195529254354,45.99322497389496,engine
Capella,24,79.17195506733121,45.99322491234198,engine
Capella,25,79.17195484266439,45.99322485008891,engine
Capella,26,79.1719546185492,45.99322478713693,engine
Capella,27,79.17195439499173,45.99322472348728,engine
Capella,28,79.17195417199812,45.99322465914119,engine
Capella,29,79.17195394957433,45.99322459409984,engine
Capella,30,79.1719537277265,45.99322452836455,engine
Sirius,-30,101.28111238629918,-16.720116326268634,engine
Sirius,-20,101.28111057442825,-16.720116330390848,engine
Sirius,-15,101.28110965978625,-16.72011632145316,engine
Sirius,-10,101.28110874011966,-16.720116305137402,engine
Sirius,-5,101.28110781601599,-16.720116281413848,engine
Sirius,-2,101.28110725966947,-16.720116263612937,engine
Sirius,-1,101.28110707393493,-16.720116257083678,engine
Sirius,0,101.28110688806544,-16.720116250256318,engine
Sirius,1,101.28110670206573,-16.720116243130676,engine
Sirius,2,101.28110651594054,-16.7201162357066,engine
Sirius,3,101.28110632969462,-16.72011622798392,engine
Sirius,4,101.28110614333274,-16.72011621996249,engine
Sirius,5,101.2811059568596,-16.72011621164217,engine
Sirius,6,101.28110577027986,-16.720116203022805,engine
Sirius,7,101.28110558359853,-16.720116194104275,engine
Sirius,8,101.28110539682021,-16.720116184886432,engine
Sirius,9,101.28110520994969,-16.72011617536917,engine
Sirius,10,101.28110502299171,-16.720116165552366,engine
Sirius,11,101.28110483595103,-16.720116155435907,engine
Sirius,12,101.2811046488324,-16.720116145019677,engine
Sirius,13,101.28110446164061,-16.720116134303588,engine
Sirius,14,101.28110427438043,-16.720116123287546,engine
Sirius,15,101.28110408705659,-16.72011611197145,engine
Sirius,16,101.28110389967388,-16.720116100355224,engine
Sirius,17,101.28110371223694,-16.72011608843877,engine
Sirius,18,101.2811035247508,-16.720116076222062,engine
Sirius,19,101.2811033372201,-16.720116063705,engine
Sirius,20,101.2811031496496,-16.72011605088753,engine
Sirius,21,101.28110296204409,-16.7201160377696,engine
Sirius,22,101.28110277440831,-16.720116024351142,engine
Sirius,23,101.2811025867471,-16.720116010632147,engine
Sirius,24,101.28110239906515,-16.72011599661256,engine
Sirius,25,101.28110221136728,-16.720115982292345,engine
Sirius,26,101.28110202365828,-16.720115967671482,engine
Sirius,27,101.28110183594289,-16.720115952749943,engine
Sirius,28,101.28110164822593,-16.720115937527723,engine
Sirius,29,101.28110146051199,-16.72011592200481,engine
Sirius,30,101.28110127280597,-16.7201159061812,engine
Procyon,-30,114.81765293223403,5.220544575538577,engine
Procyon,-20,114.81765129169293,5.220544703100487,engine
Procyon,-15,114.81765045428628,5.220544763661427,engine
Procyon,-10,114.81764960614873,5.220544822047858,engine
Procyon,-5,114.81764874780626,5.220544878240208,engine
Procyon,-2,114.81764822812325,5.220544910894702,engine
Procyon,-1,114.81764805414161,5.220544921601858,engine
Procyon,0,114.81764787979014,5.220544932219945,engine
Procyon,1,114.81764770507314,5.22054494274882,engine
Procyon,2,114.81764752999493,5.220544953188355,engine
Procyon,3,114.81764735455978,5.2205449635384165,engine
Procyon,4,114.81764717877208,5.220544973798872,engine
Procyon,5,114.81764700263608,5.220544983969593,engine
Procyon,6,114.81764682615606,5.220544994050455,engine
Procyon,7,114.81764664933654,5.2205450040413215,engine
Procyon,8,114.8176464721818,5.220545013942076,engine
Procyon,9,114.81764629469619,5.220545023752594,engine
Procyon,10,114.81764611688405,5.220545033472752,engine
Procyon,11,114.81764593874973,5.220545043102434,engine
Procyon,12,114.81764576029764,5.2205450526415245,engine
Procyon,13,114.81764558153215,5.220545062089903,engine
Procyon,14,114.81764540245766,5.220545071447457,engine
Procyon,15,114.81764522307851,5.220545080714074,engine
Procyon,16,114.81764504339914,5.2205450898896455,engine
Procyon,17,114.81764486342381,5.220545098974064,engine
Procyon,18,114.8176446831572,5.220545107967218,engine
Procyon,19,114.81764450260357,5.220545116868999,engine
Procyon,20,114.81764432176736,5.220545125679309,engine
Procyon,21,114.81764414065296,5.220545134398047,engine
Procyon,22,114.81764395926486,5.220545143025109,engine
Procyon,23,114.81764377760746,5.2205451515604,engine
Procyon,24,114.8176435956852,5.22054516000382,engine
Procyon,25,114.81764341350251,5.220545168355278,engine
Procyon,26,114.81764323106387,5.220545176614675,engine
Procyon,27,114.81764304837372,5.220545184781927,engine
Procyon,28,114.81764286543654,5.220545192856942,engine
Procyon,29,114.81764268225666,5.2205452008396325,engine
Procyon,30,114.81764249883862,5.2205452087299085,engine
Alkaid,-30,206.87850372026398,49.31738368031375,engine
Alkaid,-20,206.87850477611843,49.31738495401091,engine
Alkaid,-15,206.8785052509386,49.3173856047451,engine
Alkaid,-10,206.8785056898199,49.31738626422314,engine
Alkaid,-5,206.87850609238342,49.31738693205507,engine
Alkaid,-2,206.87850631633776,49.317387336600206,engine
Alkaid,-1,206.87850638804176,49.317387472070564,engine
Alkaid,0,206.8785064582674,49.31738760784659,engine
Alkaid,1,206.8785065270121,49.3173877439251,engine
Alkaid,2,206.8785065942731,49.317387880302896,engine
Alkaid,3,206.87850666004778,49.31738801697677,engine
Alkaid,4,206.87850672433353,49.317388153943476,engine
Alkaid,5,206.87850678712783,49.317388291199826,engine
Alkaid,6,206.87850684842812,49.31738842874272,engine
Alkaid,7,206.8785069082317,49.317388566568695,engine
Alkaid,8,206.8785069665363,49.31738870467461,engine
Alkaid,9,206.87850702333932,49.317388843057245,engine
Alkaid,10,206.87850707863834,49.317388981713336,engine
Alkaid,11,206.87850713243097,49.317389120639675,engine
Alkaid,12,206.87850718471483,49.31738925983296,engine
Alkaid,13,206.87850723548758,49.317389399289915,engine
Alkaid,14,206.87850728474683,49.31738953900734,engine
Alkaid,15,206.8785073324904,49.31738967898191,engine
Alkaid,16,206.87850737871588,49.31738981921037,engine
Alkaid,17,206.87850742342118,49.317389959689514,engine
Alkaid,18,206.87850746660396,49.31739010041592,engine
Alkaid,19,206.87850750826215,49.31739024138634,engine
Alkaid,20,206.87850754839351,49.317390382597466,engine
Alkaid,21,206.878507586996,49.317390524046054,engine
Alkaid,22,206.87850762406748,49.31739066572875,engine
Alkaid,23,206.8785076596059,49.31739080764229,engine
Alkaid,24,206.87850769360924,49.317390949783324,engine
Alkaid,25,206.87850772607544,49.317391092148554,engine
Alkaid,26,206.87850775700264,49.31739123473463,engine
Alkaid,27,206.87850778638878,49.31739137753827,engine
Alkaid,28,206.87850781423202,49.317391520556114,engine
Alkaid,29,206.8785078405305,49.317391663784925,engine
Alkaid,30,206.8785078652823,49.31739180722129,engine
Algorab,-30,187.4599125926107,-16.51485670465511,engine
Algorab,-20,187.45991271084532,-16.514857128217308,engine
Algorab,-15,187.45991272955374,-16.514857341651105,engine
Algorab,-10,187.45991272121552,-16.51485755597044,engine
Algorab,-5,187.45991268576637,-16.514857771012647,engine
Algorab,-2,187.45991265146176,-16.514857900317107,engine
Algorab,-1,187.45991263785228,-16.51485794345728,engine
Algorab,0,187.45991262315502,-16.514857986614615,engine
Algorab,1,187.45991260736966,-16.514858029787806,engine
Algorab,2,187.459912590496,-16.514858072975567,engine
Algorab,3,187.45991257253382,-16.51485811617656,engine
Algorab,4,187.4599125534829,-16.51485815938949,engine
Algorab,5,187.45991253334307,-16.51485820261304,engine
Algorab,6,187.45991251211413,-16.51485824584594,engine
Algorab,7,187.459912489796,-16.514858289086835,engine
Algorab,8,187.45991246638854,-16.51485833233442,engine
Algorab,9,187.45991244189165,-16.51485837558739,engine
Algorab,10,187.45991241630526,-16.514858418844447,engine
Algorab,11,187.45991238962924,-16.51485846210428,engine
Algorab,12,187.45991236186367,-16.514858505365574,engine
Algorab,13,187.45991233300848,-16.51485854862703,engine
Algorab,14,187.45991230306367,-16.514858591887315,engine
Algorab,15,187.45991227202927,-16.514858635145153,engine
Algorab,16,187.45991223990538,-16.514858678399214,engine
Algorab,17,187.45991220669197,-16.51485872164821,engine
Algorab,18,187.45991217238918,-16.514858764890796,engine
Algorab,19,187.45991213699716,-16.514858808125677,engine
Algorab,20,187.459912100516,-16.514858851351555,engine
Algorab,21,187.45991206294582,-16.514858894567105,engine
Algorab,22,187.45991202428687,-16.514858937771038,engine
Algorab,23,187.45991198453927,-16.51485898096204,engine
Algorab,24,187.4599119437033,-16.514859024138786,engine
Algorab,25,187.45991190177915,-16.51485906729999,engine
Algorab,26,187.45991185876713,-16.514859110444334,engine
Algorab,27,187.45991181466744,-16.51485915357052,engine
Algorab,28,187.4599117694804,-16.514859196677225,engine
Algorab,29,187.45991172320635,-16.51485923976319,engine
Algorab,30,187.45991167584563,-16.514859282827086,engine
Spica,-30,201.29396603162198,-11.160041363901277,engine
Spica,-20,201.29396657057094,-11.160041610667959,engine
Spica,-15,201.29396680310876,-11.160041736941476,engine
Spica,-10,201.29396701073614,-11.160041865003011,engine
Spica,-5,201.29396719325365,-11.16004199474745,engine
Spica,-2,201.29396729063285,-11.160042073357843,engine
Spica,-1,201.29396732106207,-11.160042099683494,engine
Spica,0,201.29396735047368,-11.160042126068808,engine
Spica,1,201.29396737886634,-11.160042152512936,engine
Spica,2,201.2939674062387,-11.160042179015017,engine
Spica,3,201.29396743258945,-11.160042205574197,engine
Spica,4,201.29396745791726,-11.160042232189609,engine
Spica,5,201.29396748222086,-11.160042258860402,engine
Spica,6,201.293967505499,-11.16004228558573,engine
Spica,7,201.29396752775043,-11.160042312364693,engine
Spica,8,201.29396754897385,-11.160042339196437,engine
Spica,9,201.29396756916813,-11.16004236608012,engine
Spica,10,201.29396758833204,-11.160042393014852,engine
Spica,11,201.29396760646446,-11.160042419999781,engine
Spica,12,201.29396762356419,-11.160042447034032,engine
Spica,13,201.29396763963015,-11.160042474116745,engine
Spica,14,201.29396765466117,-11.160042501247046,engine
Spica,15,201.29396766865625,-11.160042528424068,engine
Spica,16,201.29396768161422,-11.16004255564693,engine
Spica,17,201.2939676935341,-11.160042582914793,engine
Spica,18,201.29396770441483,-11.160042610226732,engine
Spica,19,201.29396771425544,-11.16004263758191,engine
Spica,20,201.29396772305486,-11.160042664979429,engine
Spica,21,201.29396773081223,-11.160042692418436,engine
Spica,22,201.2939677375265,-11.160042719898046,engine
Spica,23,201.2939677431968,-11.16004274741738,engine
Spica,24,201.29396774782217,-11.160042774975564,engine
Spica,25,201.29396775140177,-11.16004280257172,engine
Spica,26,201.29396775393474,-11.160042830204961,engine
Spica,27,201.29396775542017,-11.160042857874418,engine
Spica,28,201.29396775585727,-11.160042885579207,engine
Spica,29,201.29396775524523,-11.160042913318467,engine
Spica,30,201.2939677535833,-11.160042941091302,engine
Arcturus,-30,213.90500687292027,19.173745697686993,engine
Arcturus,-20,213.9050078009936,19.173746258108242,engine
Arcturus,-15,213.90500823102585,19.173746545669676,engine
Arcturus,-10,213.90500863793488,19.17374683792609,engine
Arcturus,-5,213.9050090213943,19.173747134720603,engine
Arcturus,-2,213.90500924008253,19.173747314909438,engine
Arcturus,-1,213.9050093110659,19.173747375316704,engine
Arcturus,0,213.9050093810889,19.17374743589399,engine
Arcturus,1,213.9050094501491,19.173747496639983,engine
Arcturus,2,213.90500951824413,19.17374755755339,engine
Arcturus,3,213.90500958537166,19.1737476186329,engine
Arcturus,4,213.90500965152933,19.173747679877224,engine
Arcturus,5,213.90500971671486,19.17374774128504,engine
Arcturus,6,213.90500978092592,19.17374780285509,engine
Arcturus,7,213.90500984416022,19.173747864585955,engine
Arcturus,8,213.90500990641547,19.173747926476366,engine
Arcturus,9,213.90500996768947,19.173747988525008,engine
Arcturus,10,213.90501002797998,19.17374805073055,engine
Arcturus,11,213.9050100872848,19.173748113091655,engine
Arcturus,12,213.90501014560175,19.17374817560702,engine
Arcturus,13,213.9050102029286,19.173748238275284,engine
Arcturus,14,213.90501025926326,19.173748301095127,engine
Arcturus,15,213.90501031460363,19.173748364065194,engine
Arcturus,16,213.90501036894747,19.17374842718416,engine
Arcturus,17,213.90501042229283,19.17374849045071,engine
Arcturus,18,213.90501047463755,19.173748553863405,engine
Arcturus,19,213.90501052597958,19.173748617420955,engine
Arcturus,20,213.90501057631693,19.173748681122007,engine
Arcturus,21,213.90501062564752,19.173748744965184,engine
Arcturus,22,213.9050106739694,19.17374880894913,engine
Arcturus,23,213.9050107212806,19.173748873072494,engine
Arcturus,24,213.9050107675791,19.173748937333908,engine
Arcturus,25,213.90501081286303,19.173749001732013,engine
Arcturus,26,213.9050108571304,19.173749066265415,engine
Arcturus,27,213.90501090037938,19.173749130932762,engine
Arcturus,28,213.90501094260804,19.173749195732675,engine
Arcturus,29,213.90501098381458,19.173749260663815,engine
Arcturus,30,213.90501102399716,19.173749325724767,engine
Alphecca,-30,233.6710188851323,26.718288568386132,engine
Alphecca,-20,233.67102038816753,26.71828914514452,engine
Alphecca,-15,233.6710211143346,26.718289447881098,engine
Alphecca,-10,233.67102182291103,26.71828975998908,engine
Alphecca,-5,233.67102251339006,26.71829008131282,engine
Alphecca,-2,233.67102291878285,26.718290278464128,engine
Alphecca,-1,233.67102305240766,26.718290344899604,engine
Alphecca,0,233.67102318527293,26.718290411692063,engine
Alphecca,1,233.67102331737473,26.71829047884017,engine
Alphecca,2,233.67102344870926,26.718290546342608,engine
Alphecca,3,233.6710235792726,26.718290614198025,engine
Alphecca,4,233.67102370906093,26.71829068240506,engine
Alphecca,5,233.67102383807037,26.718290750962367,engine
Alphecca,6,233.67102396629727,26.718290819868635,engine
Alphecca,7,233.6710240937376,26.71829088912238,engine
Alphecca,8,233.67102422038766,26.71829095872228,engine
Alphecca,9,233.67102434624377,26.718291028666968,engine
Alphecca,10,233.67102447130208,26.718291098955042,engine
Alphecca,11,233.67102459555886,26.718291169585093,engine
Alphecca,12,233.67102471901043,26.718291240555736,engine
Alphecca,13,233.6710248416531,26.718291311865553,engine
Alphecca,14,233.6710249634831,26.718291383513133,engine
Alphecca,15,233.6710250844968,26.718291455497035,engine
Alphecca,16,233.6710252046905,26.71829152781585,engine
Alphecca,17,233.67102532406068,26.718291600468195,engine
Alphecca,18,233.67102544260362,26.71829167345251,engine
Alphecca,19,233.67102556031566,26.718291746767402,engine
Alphecca,20,233.67102567719326,26.718291820411427,engine
Alphecca,21,233.67102579323287,26.718291894383114,engine
Alphecca,22,233.6710259084308,26.718291968681005,engine
Alphecca,23,233.67102602278368,26.718292043303617,engine
Alphecca,24,233.67102613628785,26.718292118249458,engine
Alphecca,25,233.67102624893982,26.718292193517073,engine
Alphecca,26,233.67102636073608,26.71829226910494,engine
Alphecca,27,233.6710264716732,26.71829234501158,engine
Alphecca,28,233.67102658174764,26.71829242123548,engine
Alphecca,29,233.67102669095607,26.718292497775177,engine
Alphecca,30,233.67102679929502,26.718292574629125,engine
Vega,-30,279.2393778903553,38.78995339747382,engine
Vega,-20,279.23938012872065,38.789953352273116,engine
Vega,-15,279.2393812568449,38.78995335380823,engine
Vega,-10,279.2393823899658,38.78995337151399,engine
Vega,-5,279.2393835273572,38.789953405440976,engine
Vega,-2,279.2393842115387,38.78995343360149,engine
Vega,-1,279.23938443985537,38.78995344429088,engine
Vega,0,279.23938466829037,38.789953455632,engine
Vega,1,279.23938489683786,38.78995346762511,engine
Vega,2,279.2393851254919,38.78995348027045,engine
Vega,3,279.2393853542468,38.78995349356824,engine
Vega,4,279.2393855830966,38.78995350751872,engine
Vega,5,279.2393858120355,38.78995352212208,engine
Vega,6,279.23938604105774,38.78995353737853,engine
Vega,7,279.2393862701572,38.78995355328823,engine
Vega,8,279.23938649932813,38.78995356985135,engine
Vega,9,279.2393867285648,38.789953587068034,engine
Vega,10,279.2393869578612,38.789953604938454,engine
Vega,11,279.2393871872115,38.78995362346272,engine
Vega,12,279.2393874166099,38.78995364264096,engine
Vega,13,279.2393876460505,38.78995366247328,engine
Vega,14,279.23938787552737,38.789953682959755,engine
Vega,15,279.2393881050347,38.789953704100476,engine
Vega,16,279.23938833456674,38.78995372589551,engine
Vega,17,279.2393885641176,38.789953748344935,engine
Vega,18,279.23938879368114,38.789953771448765,engine
Vega,19,279.23938902325165,38.78995379520701,engine
Vega,20,279.2393892528234,38.78995381961973,engine
Vega,21,279.2393894823903,38.78995384468692,engine
Vega,22,279.23938971194667,38.78995387040856,engine
Vega,23,279.23938994148654,38.789953896784624,engine
Vega,24,279.23939017100406,38.7899539238151,engine
Vega,25,279.2393904004934,38.789953951499946,engine
Vega,26,279.2393906299486,38.78995397983907,engine
Vega,27,279.2393908593639,38.78995400883243,engine
Vega,28,279.2393910887334,38.78995403847993,engine
Vega,29,279.2393913180514,38.7899540687815,engine
Vega,30,279.23939154731187,38.789954099737,engine
Deneb Algedi,-30,326.7670324728481,-16.127376667294143,engine
Deneb Algedi,-20,326.7670335702014,-16.127376204901044,engine
Deneb Algedi,-15,326.7670341533714,-16.1273759795183,engine
Deneb Algedi,-10,326.7670347591054,-16.127375758187622,engine
Deneb Algedi,-5,326.7670353870664,-16.127375541038653,engine
Deneb Algedi,-2,326.7670357743677,-16.127375412809744,engine
Deneb Algedi,-1,326.76703590520526,-16.127375370416253,engine
Deneb Algedi,0,326.76703603690663,-16.127375328199175,engine
Deneb Algedi,1,326.7670361694688,-16.127375286159502,engine
Deneb Algedi,2,326.767036302889,-16.12737524429824,engine
Deneb Algedi,3,326.76703643716417,-16.127375202616378,engine
Deneb Algedi,4,326.76703657229143,-16.1273751611149,engine
Deneb Algedi,5,326.76703670826777,-16.127375119794802,engine
Deneb Algedi,6,326.7670368450904,-16.12737507865702,engine
Deneb Algedi,7,326.76703698275605,-16.127375037702596,engine
Deneb Algedi,8,326.76703712126175,-16.12737499693248,engine
Deneb Algedi,9,326.76703726060464,-16.127374956347627,engine
Deneb Algedi,10,326.76703740078153,-16.127374915949037,engine
Deneb Algedi,11,326.7670375417894,-16.127374875737644,engine
Deneb Algedi,12,326.76703768362523,-16.12737483571442,engine
Deneb Algedi,13,326.7670378262858,-16.127374795880325,engine
Deneb Algedi,14,326.76703796976807,-16.127374756236293,engine
Deneb Algedi,15,326.76703811406895,-16.127374716783297,engine
Deneb Algedi,16,326.76703825918526,-16.127374677522276,engine
Deneb Algedi,17,326.76703840511396,-16.127374638454132,engine
Deneb Algedi,18,326.76703855185167,-16.12737459957987,engine
Deneb Algedi,19,326.7670386993953,-16.127374560900396,engine
Deneb Algedi,20,326.7670388477417,-16.127374522416645,engine
Deneb Algedi,21,326.7670389968875,-16.12737448412954,engine
Deneb Algedi,22,326.7670391468296,-16.127374446039994,engine
Deneb Algedi,23,326.7670392975647,-16.12737440814894,engine
Deneb Algedi,24,326.76703944908957,-16.127374370457293,engine
Deneb Algedi,25,326.76703960140094,-16.12737433296596,engine
Deneb Algedi,26,326.76703975449556,-16.127374295675843,engine
Deneb Algedi,27,326.76703990836995,-16.12737425858787,engine
Deneb Algedi,28,326.76704006302094,-16.127374221702915,engine
Deneb Algedi,29,326.76704021844523,-16.127374185021868,engine
Deneb Algedi,30,326.76704037463935,-16.127374148545627,engine
Rigel,-30,78.633798061453,-8.198785462854445,engine
Rigel,-20,78.63379635158441,-8.198785319499686,engine
Rigel,-15,78.63379550376234,-8.198785242339413,engine
Rigel,-10,78.6337946614376,-8.198785161543176,engine
Rigel,-5,78.6337938251735,-8.198785077127598,engine
Rigel,-2,78.63379332655761,-8.198785024748554,engine
Rigel,-1,78.63379316090288,-8.198785007001524,engine
Rigel,0,78.63379299553088,-8.198784989111084,engine
Rigel,1,78.63379283044604,-8.19878497107741,engine
Rigel,2,78.63379266565282,-8.198784952900663,engine
Rigel,3,78.63379250115563,-8.198784934581017,engine
Rigel,4,78.63379233695893,-8.198784916118647,engine
Rigel,5,78.63379217306714,-8.198784897513738,engine
Rigel,6,78.63379200948457,-8.198784878766444,engine
Rigel,7,78.63379184621584,-8.198784859876982,engine
Rigel,8,78.63379168326527,-8.198784840845523,engine
Rigel,9,78.63379152063727,-8.198784821672252,engine
Rigel,10,78.63379135833621,-8.198784802357372,engine
Rigel,11,78.6337911963665,-8.198784782901056,engine
Rigel,12,78.63379103473251,-8.198784763303523,engine
Rigel,13,78.63379087343861,-8.198784743564957,engine
Rigel,14,78.63379071248922,-8.198784723685565,engine
Rigel,15,78.63379055188865,-8.198784703665543,engine
Rigel,16,78.63379039164128,-8.198784683505114,engine
Rigel,17,78.63379023175136,-8.198784663204467,engine
Rigel,18,78.63379007222343,-8.198784642763842,engine
Rigel,19,78.63378991306175,-8.198784622183439,engine
Rigel,20,78.63378975427062,-8.198784601463474,engine
Rigel,21,78.63378959585438,-8.198784580604174,engine
Rigel,22,78.63378943781734,-8.198784559605755,engine
Rigel,23,78.63378928016381,-8.198784538468455,engine
Rigel,24,78.63378912289811,-8.19878451719249,engine
Rigel,25,78.6337889660245,-8.1987844957781,engine
Rigel,26,78.63378880954731,-8.198784474225514,engine
Rigel,27,78.63378865347076,-8.19878445253497,engine
Rigel,28,78.63378849779917,-8.198784430706707,engine
Rigel,29,78.63378834253668,-8.198784408740954,engine
Rigel,30,78.63378818768763,-8.198784386637973,engine
Betelgeuse,-30,88.79152906570195,7.408620930196272,engine
Betelgeuse,-20,88.79152730468168,7.408620988880126,engine
Betelgeuse,-15,88.79152642430662,7.4086210131596,engine
Betelgeuse,-10,88.79152554479022,7.408621034067253,engine
Betelgeuse,-5,88.79152466670817,7.408621051607474,engine
Betelgeuse,-2,88.79152414078686,7.408621060517663,engine
Betelgeuse,-1,88.791523965662,7.408621063219067,engine
Betelgeuse,0,88.79152379063589,7.408621065786246,engine
Betelgeuse,1,88.79152361571315,7.408621068219265,engine
Betelgeuse,2,88.79152344089836,7.408621070518197,engine
Betelgeuse,3,88.79152326619611,7.408621072683107,engine
Betelgeuse,4,88.79152309161097,7.408621074714075,engine
Betelgeuse,5,88.79152291714753,7.408621076611163,engine
Betelgeuse,6,88.79152274281027,7.408621078374471,engine
Betelgeuse,7,88.79152256860398,7.408621080004063,engine
Betelgeuse,8,88.79152239453313,7.408621081500027,engine
Betelgeuse,9,88.79152222060227,7.408621082862456,engine
Betelgeuse,10,88.79152204681601,7.408621084091432,engine
Betelgeuse,11,88.7915218731789,7.408621085187047,engine
Betelgeuse,12,88.79152169969548,7.408621086149397,engine
Betelgeuse,13,88.79152152637032,7.408621086978579,engine
Betelgeuse,14,88.79152135320801,7.408621087674697,engine
Betelgeuse,15,88.79152118021307,7.4086210882378385,engine
Betelgeuse,16,88.79152100739006,7.4086210886681165,engine
Betelgeuse,17,88.79152083474344,7.408621088965639,engine
Betelgeuse,18,88.79152066227795,7.408621089130518,engine
Betelgeuse,19,88.79152048999802,7.408621089162853,engine
Betelgeuse,20,88.79152031790821,7.408621089062771,engine
Betelgeuse,21,88.79152014601304,7.408621088830387,engine
Betelgeuse,22,88.79151997431705,7.408621088465811,engine
Betelgeuse,23,88.79151980282477,7.408621087969175,engine
Betelgeuse,24,88.7915196315407,7.408621087340601,engine
Betelgeuse,25,88.79151946046936,7.408621086580216,engine
Betelgeuse,26,88.7915192896153,7.408621085688144,engine
Betelgeuse,27,88.791519118983,7.40862108466452,engine
Betelgeuse,28,88.79151894857696,7.4086210835094874,engine
Betelgeuse,29,88.79151877840161,7.408621082223172,engine
Betelgeuse,30,88.79151860846149,7.408621080805711,engine
Polaris,-30,38.19416660427219,89.25972914988766,engine
Polaris,-20,38.19408989141009,89.25972770490787,engine
Polaris,-15,38.19405388422043,89.25972695766113,engine
Polaris,-10,38.19401947991019,89.25972619450653,engine
Polaris,-5,38.193986705047784,89.25972541590086,engine
Polaris,-2,38.19396783303455,89.25972494151395,engine
Polaris,-1,38.19396167572926,89.25972478220356,engine
Polaris,0,38.19395558543925,89.25972462230874,engine
Polaris,1,38.193949562361915,89.2597244618333,engine
Polaris,2,38.19394360669352,89.25972430078106,engine
Polaris,3,38.193937718628945,89.25972413915581,engine
Polaris,4,38.19393189836179,89.2597239769614,engine
Polaris,5,38.19392614608437,89.25972381420165,engine
Polaris,6,38.19392046198392,89.25972365088032,engine
Polaris,7,38.19391484625774,89.25972348700148,engine
Polaris,8,38.19390929909039,89.25972332256889,engine
Polaris,9,38.193903820668964,89.25972315758642,engine
Polaris,10,38.19389841117921,89.259722992058,engine
Polaris,11,38.193893070805565,89.25972282598752,engine
Polaris,12,38.19388779973113,89.25972265937887,engine
Polaris,13,38.1938825981377,89.259722492236,engine
Polaris,14,38.193877466205755,89.25972232456282,engine
Polaris,15,38.193872404114394,89.2597221563633,engine
Polaris,16,38.1938674120414,89.25972198764138,engine
Polaris,17,38.19386249015992,89.25972181840092,engine
Polaris,18,38.19385763865171,89.25972164864609,engine
Polaris,19,38.193852857687126,89.25972147838081,engine
Polaris,20,38.19384814743863,89.25972130760906,engine
Polaris,21,38.19384350807723,89.25972113633482,engine
Polaris,22,38.19383893977259,89.2597209645621,engine
Polaris,23,38.19383444269308,89.25972079229497,engine
Polaris,24,38.19383001700561,89.25972061953742,engine
Polaris,25,38.19382566287584,89.2597204462935,engine
Polaris,26,38.193821380467895,89.25972027256726,engine
Polaris,27,38.193817169944715,89.25972009836278,engine
Polaris,28,38.1938130314677,89.25971992368413,engine
Polaris,29,38.19380896519428,89.25971974853523,engine
Polaris,30,38.19380497128309,89.25971957292029,engine
Castor,-30,113.64401516985244,31.887212311798713,engine
Castor,-20,113.64401322870698,31.887212692857975,engine
Castor,-15,113.64401223889026,31.887212864573048,engine
Castor,-10,113.64401123706476,31.887213023583037,engine
Castor,-5,113.64401022385275,31.887213169774082,engine
Castor,-2,113.64400961072118,31.887213251290497,engine
Castor,-1,113.64400940550689,31.887213277424607,engine
Castor,0,113.64400919988249,31.887213303038358,engine
Castor,1,113.64400899385308,31.887213328130947,engine
Castor,2,113.64400878742372,31.887213352701593,engine
Castor,3,113.64400858059952,31.887213376749532,engine
Castor,4,113.64400837338557,31.88721340027402,engine
Castor,5,113.64400816578703,31.887213423274257,engine
Castor,6,113.64400795780884,31.887213445749552,engine
Castor,7,113.64400774945639,31.887213467699127,engine
Castor,8,113.64400754073472,31.88721348912229,engine
Castor,9,113.64400733164895,31.887213510018285,engine
Castor,10,113.6440071222042,31.887213530386468,engine
Castor,11,113.64400691240567,31.8872135502261,engine
Castor,12,113.64400670225851,31.88721356953653,engine
Castor,13,113.64400649176785,31.887213588317064,engine
Castor,14,113.64400628093892,31.887213606567062,engine
Castor,15,113.64400606977688,31.887213624285835,engine
Castor,16,113.64400585828689,31.887213641472798,engine
Castor,17,113.64400564647406,31.887213658127276,engine
Castor,18,113.64400543434378,31.887213674248656,engine
Castor,19,113.64400522190122,31.887213689836322,engine
Castor,20,113.64400500915153,31.887213704889685,engine
Castor,21,113.64400479609995,31.887213719408155,engine
Castor,22,113.64400458275169,31.887213733391125,engine
Castor,23,113.64400436911201,31.887213746838064,engine
Castor,24,113.64400415518608,31.887213759748384,engine
Castor,25,113.6440039409792,31.88721377212154,engine
Castor,26,113.6440037264966,31.88721378395701,engine
Castor,27,113.64400351174353,31.887213795254244,engine
Castor,28,113.64400329672524,31.887213806012745,engine
Castor,29,113.64400308144687,31.88721381623198,engine
Castor,30,113.64400286591376,31.887213825911484,engine
Altair,-30,297.70286032296815,8.873319107369813,engine
Altair,-20,297.70286194359994,8.87331907459857,engine
Altair,-15,297.7028627729609,8.873319063498498,engine
Altair,-10,297.7028636143372,8.873319055978898,engine
Altair,-5,297.70286446721116,8.873319052080202,engine
Altair,-2,297.70286498423656,8.873319051495187,engine
Altair,-1,297.7028651574366,8.873319051594361,engine
Altair,0,297.7028653310587,8.873319051841108,engine
Altair,1,297.7028655050986,8.87331905223572,engine
Altair,2,297.7028656795521,8.873319052778493,engine
Altair,3,297.7028658544149,8.873319053469698,engine
Altair,4,297.70286602968264,8.873319054309624,engine
Altair,5,297.70286620535114,8.873319055298552,engine
Altair,6,297.7028663814163,8.873319056436754,engine
Altair,7,297.7028665578734,8.873319057724498,engine
Altair,8,297.7028667347184,8.873319059162062,engine
Altair,9,297.70286691194696,8.873319060749711,engine
Altair,10,297.7028670895548,8.873319062487703,engine
Altair,11,297.70286726753744,8.87331906437631,engine
Altair,12,297.7028674458907,8.873319066415778,engine
Altair,13,297.70286762461023,8.873319068606376,engine
Altair,14,297.7028678036916,8.873319070948344,engine
Altair,15,297.7028679831306,8.87331907344194,engine
Altair,16,297.7028681629227,8.87331907608741,engine
Altair,17,297.7028683430638,8.873319078884997,engine
Altair,18,297.70286852354917,8.873319081834934,engine
Altair,19,297.7028687043746,8.87331908493747,engine
Altair,20,297.7028688855358,8.873319088192835,engine
Altair,21,297.7028690670282,8.873319091601264,engine
Altair,22,297.7028692488475,8.873319095162978,engine
Altair,23,297.7028694309893,8.873319098878214,engine
Altair,24,297.7028696134492,8.87331910274719,engine
Altair,25,297.70286979622267,8.873319106770133,engine
Altair,26,297.70286997930543,8.873319110947248,engine
Altair,27,297.702870162693,8.873319115278756,engine
Altair,28,297.70287034638096,8.873319119764872,engine
Altair,29,297.7028705303649,8.873319124405798,engine
Altair,30,297.7028707146404,8.87331912920174,engine
Bellatrix,-30,81.28180406871776,6.351191246095056,engine
Bellatrix,-20,81.28180234646393,6.351191282435464,engine
Bellatrix,-15,81.28180149062136,6.351191296299948,engine
Bellatrix,-10,81.2818006390604,6.351191307307894,engine
Bellatrix,-5,81.28179979234727,6.351191315471464,engine
Bellatrix,-2,81.28179928688124,6.351191319009873,engine
Bellatrix,-1,81.28179911884655,6.351191319963405,engine
Bellatrix,0,81.28179895104633,6.351191320804175,engine
Bellatrix,1,81.28179878348503,6.351191321532299,engine
Bellatrix,2,81.28179861616718,6.351191322147906,engine
Bellatrix,3,81.28179844909724,6.351191322651121,engine
Bellatrix,4,81.28179828227968,6.351191323042078,engine
Bellatrix,5,81.28179811571896,6.351191323320903,engine
Bellatrix,6,81.28179794941941,6.351191323487734,engine
Bellatrix,7,81.28179778338574,6.351191323542708,engine
Bellatrix,8,81.28179761762229,6.35119132348596,engine
Bellatrix,9,81.28179745213346,6.35119132331763,engine
Bellatrix,10,81.28179728692375,6.351191323037866,engine
Bellatrix,11,81.28179712199754,6.351191322646806,engine
Bellatrix,12,81.28179695735929,6.351191322144603,engine
Bellatrix,13,81.28179679301343,6.351191321531402,engine
Bellatrix,14,81.28179662896434,6.351191320807352,engine
Bellatrix,15,81.28179646521646,6.351191319972614,engine
Bellatrix,16,81.2817963017742,6.3511913190273415,engine
Bellatrix,17,81.28179613864184,6.35119131797168,engine
Bellatrix,18,81.281795975824,6.351191316805803,engine
Bellatrix,19,81.28179581332493,6.351191315529868,engine
Bellatrix,20,81.28179565114907,6.351191314144037,engine
Bellatrix,21,81.28179548930073,6.351191312648477,engine
Bellatrix,22,81.28179532778435,6.351191311043355,engine
Bellatrix,23,81.28179516660423,6.3511913093288435,engine
Bellatrix,24,81.28179500576475,6.351191307505112,engine
Bellatrix,25,81.28179484527027,6.351191305572334,engine
Bellatrix,26,81.28179468512513,6.351191303530689,engine
Bellatrix,27,81.28179452533365,6.351191301380353,engine
Bellatrix,28,81.2817943659002,6.351191299121507,engine
Bellatrix,29,81.28179420682895,6.351191296754334,engine
Bellatrix,30,81.28179404812431,6.351191294279012,engine
