body,minute,ra,dec,source
Aldebaran,-30,68.98077412598596,16.508750316630195,engine
Aldebaran,-20,68.9807726184158,16.508750087076738,engine
Aldebaran,-15,68.9807718843039,16.508749962545355,engine
Aldebaran,-10,68.98077116399946,16.508749831619074,engine
Aldebaran,-5,68.98077045801284,16.508749694382757,engine
Aldebaran,-2,68.98077004150366,16.50874960904868,engine
Aldebaran,-1,68.98076990387165,16.508749580109583,engine
Aldebaran,0,68.98076976684845,16.50874955092448,engine
Aldebaran,1,68.98076963043803,16.508749521494128,engine
Aldebaran,2,68.9807694946443,16.50874949181927,engine
Aldebaran,3,68.98076935947122,16.508749461900642,engine
Aldebaran,4,68.98076922492271,16.508749431739002,engine
Aldebaran,5,68.98076909100264,16.508749401335105,engine
Aldebaran,6,68.98076895771482,16.508749370689692,engine
Aldebaran,7,68.98076882506334,16.50874933980357,engine
Aldebaran,8,68.98076869305193,16.50874930867749,engine
Aldebaran,9,68.98076856168447,16.508749277312205,engine
Aldebaran,10,68.98076843096482,16.508749245708515,engine
Aldebaran,11,68.98076830089677,16.508749213867215,engine
Aldebaran,12,68.98076817148419,16.508749181789057,engine
Aldebaran,13,68.98076804273084,16.508749149474863,engine
Aldebaran,14,68.98076791464054,16.50874911692541,engine
Aldebaran,15,68.98076778721706,16.508749084141517,engine
Aldebaran,16,68.98076766046415,16.50874905112398,engine
Aldebaran,17,68.98076753438552,16.508749017873594,engine
Aldebaran,18,68.98076740898503,16.5087489843912,engine
Aldebaran,19,68.98076728426636,16.508748950677624,engine
Aldebaran,20,68.98076716023323,16.50874891673367,engine
Aldebaran,21,68.98076703688932,16.508748882560166,engine
Aldebaran,22,68.98076691423833,16.50874884815795,engine
Aldebaran,23,68.98076679228393,16.508748813527852,engine
Aldebaran,24,68.98076667102978,16.508748778670732,engine
Aldebaran,25,68.98076655047956,16.508748743587407,engine
Aldebaran,26,68.98076643063686,16.50874870827876,engine
Aldebaran,27,68.98076631150533,16.508748672745607,engine
Aldebaran,28,68.98076619308858,16.508748636988845,engine
Aldebaran,29,68.98076607539012,16.508748601009284,engine
Aldebaran,30,68.98076595841368,16.508748564807856,engine
Antares,-30,247.35146085636302,-26.432516460985774,engine
Antares,-20,247.3514624366152,-26.432516884885835,engine
Antares,-15,247.35146320459378,-26.43251711187331,engine
Antares,-10,247.35146395707852,-26.4325173487089,engine
Antares,-5,247.35146469353248,-26.432517595254197,engine
Antares,-2,247.3514651274891,-26.432517747782555,engine
Antares,-1,247.3514652707969,-26.432517799385234,engine
Antares,0,247.3514654134255,-26.432517851365873,engine
Antares,1,247.35146555537085,-26.432517903723255,engine
Antares,2,247.3514656966287,-26.43251795645622,engine
Antares,3,247.35146583719498,-26.432518009563523,engine
Antares,4,247.35146597706554,-26.432518063043954,engine
Antares,5,247.35146611623637,-26.4325181168963,engine
Antares,6,247.35146625470344,-26.43251817111936,engine
Antares,7,247.3514663924624,-26.43251822571181,engine
Antares,8,247.3514665295095,-26.43251828067245,engine
Antares,9,247.3514666658405,-26.43251833600002,engine
Antares,10,247.35146680145152,-26.432518391693275,engine
Antares,11,247.35146693633837,-26.432518447750926,engine
Antares,12,247.35146707049722,-26.432518504171718,engine
Antares,13,247.35146720392405,-26.432518560954346,engine
Antares,14,247.3514673366148,-26.43251861809755,engine
Antares,15,247.35146746856563,-26.432518675600004,engine
Antares,16,247.35146759977252,-26.43251873346044,engine
Antares,17,247.3514677302316,-26.43251879167757,engine
Antares,18,247.35146785993888,-26.43251885025,engine
Antares,19,247.35146798889048,-26.432518909176434,engine
Antares,20,247.3514681170825,-26.432518968455565,engine
Antares,21,247.35146824451115,-26.432519028086045,engine
Antares,22,247.3514683711725,-26.432519088066535,engine
Antares,23,247.3514684970627,-26.432519148395688,engine
Antares,24,247.351468622178,-26.43251920907214,engine
Antares,25,247.35146874651448,-26.432519270094524,engine
Antares,26,247.3514688700684,-26.43251933146149,engine
Antares,27,247.35146899283603,-26.43251939317165,engine
Antares,28,247.3514691148135,-26.432519455223606,engine
Antares,29,247.35146923599723,-26.432519517616033,engine
Antares,30,247.35146935638326,-26.432519580347442,engine
Ceres,-30,67.69704240510902,15.414406390388473,engine
Ceres,-20,67.69836685066473,15.414606228655746,engine
Ceres,-15,67.69902939393589,15.414706181837948,engine
Ceres,-10,67.69969214708402,15.41480615965789,engine
Ceres,-5,67.70035510730709,15.414906163563156,engine
Ceres,-2,67.70075298155209,15.414966179051635,engine
Ceres,-1,67.70088562250848,15.414986186464354,engine
Ceres,0,67.70101827152874,15.415006195024581,engine
Ceres,1,67.7011509286862,15.415026204778897,engine
Ceres,2,67.70128359375765,15.415046215668125,engine
Ceres,3,67.70141626681617,15.415066227738745,engine
Ceres,4,67.70154894783565,15.415086241002003,engine
Ceres,5,67.70168163679,15.415106255469087,engine
Ceres,6,67.7018143337418,15.41512627116462,engine
Ceres,7,67.70194703858535,15.415146288108163,engine
Ceres,8,67.70207975118524,15.415166306253724,engine
Ceres,9,67.70221247161332,15.415186325647655,engine
Ceres,10,67.70234519984251,15.415206346301023,engine
Ceres,11,67.70247793594427,15.415226368260049,engine
Ceres,12,67.70261067969349,15.415246391465308,engine
Ceres,13,67.70274343116124,15.415266415962929,engine
Ceres,14,67.70287619031966,15.415286441763904,engine
Ceres,15,67.7030089571407,15.415306468879102,engine
Ceres,16,67.7031417316949,15.41532649735462,engine
Ceres,17,67.70327451384522,15.415346527144276,engine
Ceres,18,67.70340730348379,15.415366558267234,engine
Ceres,19,67.70354010067084,15.415386590747685,engine
Ceres,20,67.70367290547617,15.415406624631618,engine
Ceres,21,67.70380571767298,15.415426659859241,engine
Ceres,22,67.70393853733076,15.41544669647651,engine
Ceres,23,67.70407136441992,15.415466734494013,engine
Ceres,24,67.70420419900955,15.41548677395761,engine
Ceres,25,67.70433704087216,15.41550681480739,engine
Ceres,26,67.70446989007644,15.415526857089144,engine
Ceres,27,67.70460274669097,15.415546900848607,engine
Ceres,28,67.70473561048765,15.415566946025754,engine
Ceres,29,67.70486848162373,15.415586992679716,engine
Ceres,30,67.70500135989032,15.415607040793988,engine
Chiron,-30,9.715353141234527,6.794892980092524,engine
Chiron,-20,9.715114392332884,6.79478972013933,engine
Chiron,-15,9.714995051340214,6.794738093066769,engine
Chiron,-10,9.714875731512844,6.794686468032247,engine
Chiron,-5,9.714756431945355,6.794634845092569,engine
Chiron,-2,9.714684861592254,6.794603872376551,engine
Chiron,-1,9.714661006315998,6.794593548310391,engine
Chiron,0,9.714637151785857,6.794583224332925,engine
Chiron,1,9.714613297998996,6.794572900445951,engine
Chiron,2,9.714589444939179,6.794562576647357,engine
Chiron,3,9.714565592608007,6.794552252940244,engine
Chiron,4,9.7145417409892,6.794541929322479,engine
Chiron,5,9.71451789008433,6.794531605797185,engine
Chiron,6,9.714494039861087,6.794521282355271,engine
Chiron,7,9.714470190353003,6.794510959013699,engine
Chiron,8,9.714446341527717,6.79450063576339,engine
Chiron,9,9.71442249338228,6.794490312606124,engine
Chiron,10,9.714398645913692,6.794479989543678,engine
Chiron,11,9.714374799105562,6.7944696665738835,engine
Chiron,12,9.71435095295934,6.794459343699831,engine
Chiron,13,9.714327107458578,6.7944490209193384,engine
Chiron,14,9.714303262604703,6.794438698235484,engine
Chiron,15,9.714279418381247,6.794428375646089,engine
Chiron,16,9.714255574789593,6.794418053154214,engine
Chiron,17,9.714231731797247,6.794407730750756,engine
Chiron,18,9.714207889437546,6.794397408452614,engine
Chiron,19,9.714184047677957,6.794387086250665,engine
Chiron,20,9.714160206519818,6.794376764147964,engine
Chiron,21,9.714136365946546,6.794366442142306,engine
Chiron,22,9.714112525959436,6.794356120236733,engine
Chiron,23,9.714088686541901,6.794345798429031,engine
Chiron,24,9.714064847695195,6.794335476722238,engine
Chiron,25,9.714041009402688,6.794325155114128,engine
Chiron,26,9.71401717166561,6.7943148336077295,engine
Chiron,27,9.713993334471784,6.79430451220213,engine
Chiron,28,9.713969497809005,6.7942941908964025,engine
Chiron,29,9.713945661662459,6.7942838696866446,engine
Chiron,30,9.713921826047436,6.794273548584463,engine
Eris,-30,26.724395801081055,-1.2834344049483488,tno-rate
Eris,-20,26.724353148719292,-1.2834575767905523,tno-rate
Eris,-15,26.72433182253841,-1.283469162711654,tno-rate
Eris,-10,26.724310496357532,-1.2834807486327555,tno-rate
Eris,-5,26.72428917017665,-1.2834923345538574,tno-rate
Eris,-2,26.724276374468122,-1.2834992861065182,tno-rate
Eris,-1,26.724272109231944,-1.2835016032907387,tno-rate
Eris,0,26.72426784399577,-1.283503920474959,tno-rate
Eris,1,26.724263578759594,-1.2835062376591793,tno-rate
Eris,2,26.724259313523415,-1.2835085548433998,tno-rate
Eris,3,26.72425504828724,-1.28351087202762,tno-rate
Eris,4,26.724250783051065,-1.2835131892118403,tno-rate
Eris,5,26.724246517814887,-1.2835155063960606,tno-rate
Eris,6,26.724242252578712,-1.283517823580281,tno-rate
Eris,7,26.724237987342537,-1.2835201407645014,tno-rate
Eris,8,26.72423372210636,-1.2835224579487217,tno-rate
Eris,9,26.724229456870184,-1.283524775132942,tno-rate
Eris,10,26.724225191634005,-1.2835270923171624,tno-rate
Eris,11,26.72422092639783,-1.2835294095013827,tno-rate
Eris,12,26.724216661161655,-1.283531726685603,tno-rate
Eris,13,26.724212395925477,-1.2835340438698235,tno-rate
Eris,14,26.724208130689302,-1.2835363610540438,tno-rate
Eris,15,26.724203865453127,-1.283538678238264,tno-rate
Eris,16,26.72419960021695,-1.2835409954224843,tno-rate
Eris,17,26.724195334980774,-1.2835433126067048,tno-rate
Eris,18,26.7241910697446,-1.2835456297909251,tno-rate
Eris,19,26.72418680450842,-1.2835479469751454,tno-rate
Eris,20,26.724182539272245,-1.2835502641593657,tno-rate
Eris,21,26.72417827403607,-1.2835525813435862,tno-rate
Eris,22,26.724174008799892,-1.2835548985278065,tno-rate
Eris,23,26.724169743563717,-1.2835572157120267,tno-rate
Eris,24,26.72416547832754,-1.2835595328962472,tno-rate
Eris,25,26.724161213091364,-1.2835618500804675,tno-rate
Eris,26,26.72415694785519,-1.2835641672646878,tno-rate
Eris,27,26.72415268261901,-1.283566484448908,tno-rate
Eris,28,26.724148417382835,-1.2835688016331286,tno-rate
Eris,29,26.72414415214666,-1.2835711188173489,tno-rate
Eris,30,26.724139886910482,-1.2835734360015691,tno-rate
Fomalhaut,-30,344.42091257370794,-29.621233151111173,engine
Fomalhaut,-20,344.4209136386937,-29.62123232338861,engine
Fomalhaut,-15,344.4209142125558,-29.621231917200564,engine
Fomalhaut,-10,344.4209148136396,-29.62123151647072,engine
Fomalhaut,-5,344.4209154416613,-29.621231121452613,engine
Fomalhaut,-2,344.4209158312809,-29.621230887288117,engine
Fomalhaut,-1,344.420915963274,-29.621230809719613,engine
Fomalhaut,0,344.42091609632286,-29.62123073239757,engine
Fomalhaut,1,344.420916230425,-29.62123065532398,engine
Fomalhaut,2,344.4209163655778,-29.621230578500818,engine
Fomalhaut,3,344.4209165017788,-29.62123050193005,engine
Fomalhaut,4,344.4209166390253,-29.62123042561362,engine
Fomalhaut,5,344.42091677731474,-29.62123034955351,engine
Fomalhaut,6,344.42091691664467,-29.621230273751607,engine
Fomalhaut,7,344.42091705701216,-29.62123019820996,engine
Fomalhaut,8,344.42091719841477,-29.62123012293046,engine
Fomalhaut,9,344.42091734084966,-29.62123004791503,engine
Fomalhaut,10,344.4209174843142,-29.621229973165633,engine
Fomalhaut,11,344.4209176288057,-29.621229898684174,engine
Fomalhaut,12,344.42091777432137,-29.62122982447258,engine
Fomalhaut,13,344.4209179208585,-29.62122975053278,engine
Fomalhaut,14,344.42091806841427,-29.621229676866655,engine
Fomalhaut,15,344.4209182169859,-29.621229603476145,engine
Fomalhaut,16,344.42091836657056,-29.62122953036313,engine
Fomalhaut,17,344.42091851716555,-29.621229457529466,engine
Fomalhaut,18,344.42091866876774,-29.621229384977127,engine
Fomalhaut,19,344.4209188213744,-29.621229312707964,engine
Fomalhaut,20,344.4209189749826,-29.62122924072384,engine
Fomalhaut,21,344.4209191295895,-29.621229169026655,engine
Fomalhaut,22,344.4209192851921,-29.621229097618254,engine
Fomalhaut,23,344.4209194417874,-29.62122902650052,engine
Fomalhaut,24,344.4209195993726,-29.62122895567528,engine
Fomalhaut,25,344.42091975794455,-29.62122888514443,engine
Fomalhaut,26,344.4209199175003,-29.62122881490976,engine
Fomalhaut,27,344.42092007803683,-29.621228744973152,engine
Fomalhaut,28,344.42092023955104,-29.621228675336443,engine
Fomalhaut,29,344.42092040204005,-29.621228606001388,engine
Fomalhaut,30,344.42092056550047,-29.621228536969923,engine
Juno,-30,251.07798761181212,-8.763484638107954,engine
Juno,-20,251.0789899166605,-8.764101470278687,engine
Juno,-15,251.0794908083685,-8.764409865209513,engine
Juno,-10,251.0799915287875,-8.764718245006325,engine
Juno,-5,251.0804920799415,-8.76502660900995,engine
Juno,-2,251.0807923302151,-8.76521161945203,engine
Juno,-1,251.08089240032825,-8.765273288258145,engine
Juno,0,251.08099246389398,-8.765334956385397,engine
Juno,1,251.08109252079618,-8.765396623815809,engine
Juno,2,251.0811925711204,-8.765458290549828,engine
Juno,3,251.0812926149522,-8.765519956587932,engine
Juno,4,251.0813926521761,-8.765581621912172,engine
Juno,5,251.08149268294525,-8.765643286529173,engine
Juno,6,251.0815927072114,-8.76570495046237,engine
Juno,7,251.08169272499393,-8.765766613635721,engine
Juno,8,251.0817927362449,-8.76582827607268,engine
Juno,9,251.08189274105104,-8.765889937773798,engine
Juno,10,251.08199273949916,-8.765951598739619,engine
Juno,11,251.08209273147477,-8.76601325895229,engine
Juno,12,251.08219271713216,-8.766074918418544,engine
Juno,13,251.08229269635723,-8.766136577120553,engine
Juno,14,251.08239266930454,-8.766198235065058,engine
Juno,15,251.08249263586035,-8.766259892234258,engine
Juno,16,251.08259259611236,-8.766321548628802,engine
Juno,17,251.08269255021557,-8.766383204290676,engine
Juno,18,251.0827924979226,-8.766444859119431,engine
Juno,19,251.0828924393888,-8.766506513157097,engine
Juno,20,251.08299237470246,-8.766568166404364,engine
Juno,21,251.0830923037508,-8.766629818843525,engine
Juno,22,251.08319222668965,-8.766691470481419,engine
Juno,23,251.08329214340648,-8.766753121300376,engine
Juno,24,251.0833920539904,-8.766814771301158,engine
Juno,25,251.08349195853052,-8.766876420484504,engine
Juno,26,251.08359185691484,-8.766938068832792,engine
Juno,27,251.08369174923286,-8.766999716346806,engine
Juno,28,251.08379163557416,-8.767061363027361,engine
Juno,29,251.0838915158942,-8.767123008898201,engine
Juno,30,251.08399139014895,-8.767184653877486,engine
Jupiter,-30,327.6461526319865,-14.334705097582239,engine
Jupiter,-20,327.64535872066,-14.334988772039669,engine
Jupiter,-15,327.6449616431492,-14.335130654182645,engine
Jupiter,-10,327.6445644799082,-14.335272565552314,engine
Jupiter,-5,327.6441672274275,-14.335414505659092,engine
Jupiter,-2,327.6439288319114,-14.335499683219998,engine
Jupiter,-1,327.64384935918747,-14.335528077981982,engine
Jupiter,0,327.6437698826615,-14.335556473851144,engine
Jupiter,1,327.64369040230764,-14.335584870822814,engine
Jupiter,2,327.64361091810025,-14.335613268892269,engine
Jupiter,3,327.6435314300636,-14.335641668038376,engine
Jupiter,4,327.643451938072,-14.335670068289186,engine
Jupiter,5,327.64337244215,-14.335698469623496,engine
Jupiter,6,327.64329294221886,-14.335726872055554,engine
Jupiter,7,327.6432134383601,-14.335755275542384,engine
Jupiter,8,327.64313393054493,-14.335783680081796,engine
Jupiter,9,327.64305441864826,-14.335812085701694,engine
Jupiter,10,327.642974902695,-14.335840492380731,engine
Jupiter,11,327.6428953826603,-14.335868900113987,engine
Jupiter,12,327.64281585851927,-14.335897308896477,engine
Jupiter,13,327.64273633024703,-14.335925718723212,engine
Jupiter,14,327.64265679786905,-14.335954129572714,engine
Jupiter,15,327.64257726126056,-14.335982541472802,engine
Jupiter,16,327.6424977204471,-14.33601095440196,engine
Jupiter,17,327.642418175351,-14.336039368374147,engine
Jupiter,18,327.6423386260545,-14.33606778334615,engine
Jupiter,19,327.64225907253024,-14.336096199315413,engine
Jupiter,20,327.6421795146539,-14.336124616309604,engine
Jupiter,21,327.6420999524514,-14.336153034307113,engine
Jupiter,22,327.6420203858989,-14.336181453302723,engine
Jupiter,23,327.6419408149726,-14.336209873291153,engine
Jupiter,24,327.6418612396988,-14.336238294250743,engine
Jupiter,25,327.6417816599536,-14.336266716208971,engine
Jupiter,26,327.64170207576365,-14.33629513914414,engine
Jupiter,27,327.64162248710545,-14.336323563050861,engine
Jupiter,28,327.6415428940057,-14.336351987907392,engine
Jupiter,29,327.6414632962876,-14.33638041376019,engine
Jupiter,30,327.6413836940848,-14.336408840549275,engine
Ketu,-30,243.58408427168524,-21.217721412529453,engine
Ketu,-20,243.5828270823879,-21.217510702538313,engine
Ketu,-15,243.58219783713082,-21.21740523477865,engine
Ketu,-10,243.58156815899886,-21.2172996919809,engine
Ketu,-5,243.58093804832475,-21.217194074195707,engine
Ketu,-2,243.5805597748624,-21.21713066762275,engine
Ketu,-1,243.5804336490745,-21.21710952609374,engine
Ketu,0,243.5803075061188,-21.21708838158731,engine
Ketu,1,243.58018134591507,-21.217067234089967,engine
Ketu,2,243.58005516838355,-21.217046083588286,engine
Ketu,3,243.57992897369823,-21.217024930111418,engine
Ketu,4,243.5798027617791,-21.21700377364589,engine
Ketu,5,243.57967653263108,-21.216982614192506,engine
Ketu,6,243.5795502860894,-21.21696145172357,engine
Ketu,7,243.5794240224974,-21.216940286296644,engine
Ketu,8,243.5792977416905,-21.21691911788406,engine
Ketu,9,243.57917144367346,-21.216897946486586,engine
Ketu,10,243.57904512836626,-21.21687677209078,engine
Ketu,11,243.57891879594314,-21.21685559472579,engine
Ketu,12,243.57879244632403,-21.21683441437815,engine
Ketu,13,243.578666079429,-21.216813231034454,engine
Ketu,14,243.57853969543237,-21.216792044723835,engine
Ketu,15,243.57841329425392,-21.216770855432856,engine
Ketu,16,243.5782868758984,-21.216749663162226,engine
Ketu,17,243.57816044020095,-21.216728467884284,engine
Ketu,18,243.5780339875057,-21.216707269656695,engine
Ketu,19,243.57790751764753,-21.216686068451725,engine
Ketu,20,243.5777810306314,-21.216664864270165,engine
Ketu,21,243.5776545263771,-21.216643657098516,engine
Ketu,22,243.57752800505915,-21.216622446966017,engine
Ketu,23,243.5774014665973,-21.21660123385915,engine
Ketu,24,243.57727491091154,-21.216580017764464,engine
Ketu,25,243.5771483381764,-21.216558798711212,engine
Ketu,26,243.57702174831178,-21.216537576685894,engine
Ketu,27,243.5768951413222,-21.21651635168922,engine
Ketu,28,243.5767685171279,-21.2164951237078,engine
Ketu,29,243.5766418758183,-21.216473892756575,engine
Ketu,30,243.57651521748306,-21.216452658850528,engine
Mars,-30,173.9027220148199,3.6008908244303237,engine
Mars,-20,173.9067782092521,3.599087913513773,engine
Mars,-15,173.9088063687768,3.5981864245841404,engine
Mars,-10,173.91083457719927,3.5972849136688616,engine
Mars,-5,173.91286284105942,3.596383380555093,engine
Mars,-2,173.9140798278115,3.595842450341329,engine
Mars,-1,173.91448549529164,3.5956621384565612,engine
Mars,0,173.91489116539927,3.5954818256953627,engine
Mars,1,173.91529683818098,3.5953015120585103,engine
Mars,2,173.9157025136832,3.5951211975468413,engine
Mars,3,173.91610819183512,3.594940882214277,engine
Mars,4,173.91651387291753,3.594760565955445,engine
Mars,5,173.9169195568595,3.5945802488243106,engine
Mars,6,173.91732524397935,3.5943999307008214,engine
Mars,7,173.91773093366209,3.5942196118807903,engine
Mars,8,173.91813662646018,3.5940392921379676,engine
Mars,9,173.91854232230253,3.5938589715263665,engine
Mars,10,173.91894802123522,3.5936786500469102,engine
Mars,11,173.91935372318704,3.5934983277536063,engine
Mars,12,173.91975942843825,3.593318004541189,engine
Mars,13,173.92016513691752,3.593137680463723,engine
Mars,14,173.92057084855355,3.5929573555752508,engine
Mars,15,173.9209765636263,3.5927770297705552,engine
Mars,16,173.92138228206437,3.592596703103718,engine
Mars,17,173.92178800406822,3.5924163755079075,engine
Mars,18,173.92219372937365,3.5922360471197723,engine
Mars,19,173.92259945818097,3.592055717872518,engine
Mars,20,173.92300519053563,3.591875387767175,engine
Mars,21,173.92341092636585,3.5916950568578776,engine
Mars,22,173.9238166659512,3.5915147250394797,engine
Mars,23,173.9242224092197,3.591334392366167,engine
Mars,24,173.92462815609943,3.5911540588920894,engine
Mars,25,173.92503390686971,3.5909737245121467,engine
Mars,26,173.92543966134127,3.5907933893336526,engine
Mars,27,173.92584541979326,3.5906130532515084,engine
Mars,28,173.92625118215352,3.59043271631993,engine
Mars,29,173.92665694862168,3.590252378472249,engine
Mars,30,173.92706271893263,3.59007203984524,engine
Mercury,-30,185.90065976184417,-3.925943177370805,engine
Mercury,-20,185.90844093117215,-3.9304129826658523,engine
Mercury,-15,185.91233107754294,-3.9326476072750363,engine
Mercury,-10,185.91622094967084,-3.9348820457816065,engine
Mercury,-5,185.92011056293236,-3.937116298861838,engine
Mercury,-2,185.9224442115103,-3.938456761119929,engine
Mercury,-1,185.92322207539362,-3.938903567057177,engine
Mercury,0,185.92399993009687,-3.939350365715822,engine
Mercury,1,185.9247777753791,-3.9397971567880115,engine
Mercury,2,185.92555561153023,-3.9402439404273943,engine
Mercury,3,185.9263334386632,-3.9406907166338883,engine
Mercury,4,185.92711125689084,-3.941137485407387,engine
Mercury,5,185.92788906650293,-3.94158424690165,engine
Mercury,6,185.92866686777987,-3.9420310011085866,engine
Mercury,7,185.92944465996828,-3.9424777475829025,engine
Mercury,8,185.93022244370238,-3.9429244866242237,engine
Mercury,9,185.93100021909478,-3.943371218232648,engine
Mercury,10,185.9317779864349,-3.9438179425620734,engine
Mercury,11,185.93255574548147,-3.9442646593050594,engine
Mercury,12,185.93333349652391,-3.944711368615628,engine
Mercury,13,185.93411123967454,-3.9451580704939953,engine
Mercury,14,185.93488897504565,-3.9456047649404087,engine
Mercury,15,185.93566670292628,-3.946051452108946,engine
Mercury,16,185.9364444230751,-3.9464981316924104,engine
Mercury,17,185.93722213630247,-3.9469448041444393,engine
Mercury,18,185.93799984167742,-3.947391468866424,engine
Mercury,19,185.93877753983338,-3.947838126158301,engine
Mercury,20,185.93955523088232,-3.9482847760205804,engine
Mercury,21,185.94033291493602,-3.9487314184537428,engine
Mercury,22,185.94111059228288,-3.9491780536120835,engine
Mercury,23,185.94188826268112,-3.94962468118868,engine
Mercury,24,185.94266592641904,-3.9500713013379256,engine
Mercury,25,185.9434435836081,-3.95051791406046,engine
Mercury,26,185.94422123435965,-3.950964519356957,engine
Mercury,27,185.94499887878496,-3.951411117228136,engine
Mercury,28,185.94577651699527,-3.9518577076747756,engine
Mercury,29,185.9465541496231,-3.9523042909970925,engine
Mercury,30,185.94733177573653,-3.9527508665970315,engine
Moon,-30,134.56928636719405,21.238694227216758,engine
Moon,-20,134.64692955941752,21.20907117704636,engine
Moon,-15,134.68608535875856,21.19416052750546,engine
Moon,-10,134.72546829661223,21.17918618785399,engine
Moon,-5,134.76508191778467,21.164149874830574,engine
Moon,-2,134.78896213009557,21.155099092072973,engine
Moon,-1,134.79694100876668,21.152077421543417,engine
Moon,0,134.80492933050044,21.149053404242323,engine
Moon,1,134.81292696806216,21.146027089713467,engine
Moon,2,134.82093424681202,21.14299842291512,engine
Moon,3,134.8289510392293,21.139967453402853,engine
Moon,4,134.83697736843482,21.13693419593987,engine
Moon,5,134.8450132574334,21.133898665273623,engine
Moon,6,134.85305873442334,21.130860874163094,engine
Moon,7,134.861113660306,21.127820876428583,engine
Moon,8,134.8691783647502,21.12477861501304,engine
Moon,9,134.87725271909162,21.12173413969874,engine
Moon,10,134.88533674540645,21.1186874653714,engine
Moon,11,134.89343046551792,21.11563860694445,engine
Moon,12,134.9015339011804,21.112587579340648,engine
Moon,13,134.90964707387866,21.10953439751246,engine
Moon,14,134.9177698539785,21.106479111453574,engine
Moon,15,134.92590256449796,21.103421666151043,engine
Moon,16,134.934045075489,21.100362111609346,engine
Moon,17,134.94219741313557,21.09730046082942,engine
Moon,18,134.95035958709175,21.09423673297216,engine
Moon,19,134.95853162320847,21.09117094106516,engine
Moon,20,134.96671354168728,21.088103100213786,engine
Moon,21,134.97490536253002,21.085033225541384,engine
Moon,22,134.9831069545964,21.08196136727989,engine
Moon,23,134.99131863945644,21.078887470411036,engine
Moon,24,134.9995402855846,21.075811585200565,engine
Moon,25,135.00777191223642,21.072733726843538,engine
Moon,26,135.016013538495,21.069653910560387,engine
Moon,27,135.02426518318282,21.066572151592478,engine
Moon,28,135.03252686503924,21.06348846517919,engine
Moon,29,135.0407986081006,21.06040286452781,engine
Moon,30,135.04908041955386,21.057315369065943,engine
Neptune,-30,352.8903912407148,-4.343330140017639,engine
Neptune,-20,352.8902213187963,-4.343405945380533,engine
Neptune,-15,352.8901363843763,-4.3434438520237375,engine
Neptune,-10,352.8900514667634,-4.3434817613392545,engine
Neptune,-5,352.8899665652432,-4.343519673366485,engine
Neptune,-2,352.8899156317886,-4.343542421885388,engine
Neptune,-1,352.8898986551747,-4.343550004945671,engine
Neptune,0,352.8898816791518,-4.343557588117225,engine
Neptune,1,352.889864703717,-4.343565171399164,engine
Neptune,2,352.88984772886727,-4.343572754790605,engine
Neptune,3,352.8898307545915,-4.343580338293919,engine
Neptune,4,352.8898137808895,-4.343587921907137,engine
Neptune,5,352.8897968077499,-4.343595505632621,engine
Neptune,6,352.8897798351612,-4.343603089473486,engine
Neptune,7,352.88976286313505,-4.343610673421917,engine
Neptune,8,352.88974589165684,-4.3436182574821105,engine
Neptune,9,352.8897289207237,-4.343625841653169,engine
Neptune,10,352.88971195032434,-4.343633425937446,engine
Neptune,11,352.88969498045833,-4.343641010332962,engine
Neptune,12,352.8896780111146,-4.343648594842069,engine
Neptune,13,352.88966104229263,-4.343656179462777,engine
Neptune,14,352.8896440739813,-4.3436637641974345,engine
Neptune,15,352.88962710618006,-4.34367134904405,engine
Neptune,16,352.8896101388778,-4.343678934004972,engine
Neptune,17,352.8895931720599,-4.343686519084372,engine
Neptune,18,352.889576205746,-4.34369410427117,engine
Neptune,19,352.8895592399134,-4.343701689572784,engine
Neptune,20,352.8895422745617,-4.343709274987221,engine
Neptune,21,352.88952530967947,-4.343716860516813,engine
Neptune,22,352.8895083452664,-4.343724446159552,engine
Neptune,23,352.88949138131096,-4.343732031917774,engine
Neptune,24,352.8894744178129,-4.343739617789469,engine
Neptune,25,352.8894574547606,-4.343747203776965,engine
Neptune,26,352.88944049215365,-4.343754789878251,engine
Neptune,27,352.8894235299807,-4.3437623760956505,engine
Neptune,28,352.88940656824127,-4.343769962427149,engine
Neptune,29,352.88938960691246,-4.3437775488801496,engine
Neptune,30,352.88937264601657,-4.343785135442459,engine
Pallas,-30,348.56986389715547,1.1882989466334974,engine
Pallas,-20,348.56860840012604,1.1867928152517673,engine
Pallas,-15,348.5679805016425,1.1860397273580314,engine
Pallas,-10,348.56735249391255,1.1852866247327258,engine
Pallas,-5,348.5667243697902,1.1845335071213956,engine
Pallas,-2,348.5663474367575,1.1840816295439596,engine
Pallas,-1,348.5662217821968,1.183931002468085,engine
Pallas,0,348.5660961225931,1.1837803747711453,engine
Pallas,1,348.5659704577843,1.1836297464742187,engine
Pallas,2,348.5658447876087,1.1834791175983617,engine
Pallas,3,348.5657191122256,1.1833284880999753,engine
Pallas,4,348.5655934314735,1.1831778580001078,engine
Pallas,5,348.5654677452977,1.1830272272982616,engine
Pallas,6,348.5653420534526,1.1828765959144687,engine
Pallas,7,348.56521635626643,1.182725964007127,engine
Pallas,8,348.56509065349377,1.1825753314962524,engine
Pallas,9,348.5649649449733,1.1824246984028732,engine
Pallas,10,348.5648392308651,1.182274064683356,engine
Pallas,11,348.5647135110083,1.1821234303587262,engine
Pallas,12,348.56458778524177,1.1819727954499757,engine
Pallas,13,348.56446205372606,1.1818221599134664,engine
Pallas,14,348.5643363163004,1.181671523770189,engine
Pallas,15,348.5642105729113,1.181520887019605,engine
Pallas,16,348.56408482339816,1.181370249682688,engine
Pallas,17,348.56395906783746,1.1812196116147595,engine
Pallas,18,348.56383330623765,1.1810689730388184,engine
Pallas,19,348.5637075384612,1.1809183338532883,engine
Pallas,20,348.563581764348,1.1807676940791254,engine
Pallas,21,348.56345598405926,1.180617053672647,engine
Pallas,22,348.5633301974352,1.180466412654804,engine
Pallas,23,348.563204404316,1.1803157710465662,engine
Pallas,24,348.5630786048632,1.1801651288042103,engine
Pallas,25,348.56295279891737,1.1800144859486885,engine
Pallas,26,348.5628269864259,1.1798638424793915,engine
Pallas,27,348.5627011673367,1.179713198395703,engine
Pallas,28,348.5625753414905,1.1795625537185443,engine
Pallas,29,348.5624495089652,1.1794119083031687,engine
Pallas,30,348.56232366977036,1.1792612623725394,engine
Pluto,-30,296.4651501533422,-22.86767756698698,engine
Pluto,-20,296.4650483575298,-22.86770180660246,engine
Pluto,-15,296.464997447616,-22.867713943341457,engine
Pluto,-10,296.46494652871144,-22.86772609122595,engine
Pluto,-5,296.4648956000646,-22.867738250147134,engine
Pluto,-2,296.4648650379098,-22.86774555074525,engine
Pluto,-1,296.46485484965814,-22.86774798514734,engine
Pluto,0,296.4648446609646,-22.867750419982197,engine
Pluto,1,296.4648344718234,-22.86775285524884,engine
Pluto,2,296.4648242822288,-22.867755290946214,engine
Pluto,3,296.4648140921751,-22.867757727073318,engine
Pluto,4,296.4648039016565,-22.867760163629107,engine
Pluto,5,296.4647937106674,-22.867762600612554,engine
Pluto,6,296.4647835191951,-22.867765038024228,engine
Pluto,7,296.4647733272477,-22.867767475859807,engine
Pluto,8,296.46476313481264,-22.867769914119858,engine
Pluto,9,296.4647529418843,-22.86777235280331,engine
Pluto,10,296.46474274845696,-22.867774791909063,engine
Pluto,11,296.46473255452497,-22.86777723143602,engine
Pluto,12,296.4647223600828,-22.867779671383087,engine
Pluto,13,296.4647121651248,-22.867782111749143,engine
Pluto,14,296.4647019696453,-22.867784552533077,engine
Pluto,15,296.4646917736389,-22.86778699373375,engine
Pluto,16,296.4646815770998,-22.867789435350034,engine
Pluto,17,296.4646713800158,-22.8677918773824,engine
Pluto,18,296.4646611823949,-22.86779431982643,engine
Pluto,19,296.4646509842247,-22.867796762682598,engine
Pluto,20,296.46464078549985,-22.867799205949723,engine
Pluto,21,296.4646305862147,-22.867801649626628,engine
Pluto,22,296.46462038636395,-22.867804093712127,engine
Pluto,23,296.46461018594186,-22.867806538205,engine
Pluto,24,296.4645999849433,-22.867808983104073,engine
Pluto,25,296.4645897833625,-22.867811428408093,engine
Pluto,26,296.46457958119424,-22.867813874115868,engine
Pluto,27,296.4645693784331,-22.86781632022614,engine
Pluto,28,296.46455917507353,-22.86781876673768,engine
Pluto,29,296.4645489711035,-22.867821213650874,engine
Pluto,30,296.4645387665312,-22.86782366096119,engine
Rahu,-30,63.58408427168523,21.217721412529453,engine
Rahu,-20,63.58282708238789,21.217510702538313,engine
Rahu,-15,63.582197837130835,21.21740523477865,engine
Rahu,-10,63.58156815899887,21.2172996919809,engine
Rahu,-5,63.58093804832477,21.217194074195707,engine
Rahu,-2,63.580559774862394,21.21713066762275,engine
Rahu,-1,63.58043364907451,21.21710952609374,engine
Rahu,0,63.580307506118785,21.21708838158731,engine
Rahu,1,63.58018134591506,21.217067234089967,engine
Rahu,2,63.580055168383545,21.217046083588286,engine
Rahu,3,63.57992897369822,21.217024930111418,engine
Rahu,4,63.5798027617791,21.21700377364589,engine
Rahu,5,63.579676532631076,21.216982614192506,engine
Rahu,6,63.57955028608937,21.21696145172357,engine
Rahu,7,63.57942402249738,21.216940286296644,engine
Rahu,8,63.5792977416905,21.21691911788406,engine
Rahu,9,63.57917144367345,21.216897946486586,engine
Rahu,10,63.579045128366275,21.21687677209078,engine
Rahu,11,63.578918795943146,21.21685559472579,engine
Rahu,12,63.57879244632403,21.21683441437815,engine
Rahu,13,63.57866607942903,21.216813231034454,engine
Rahu,14,63.578539695432376,21.216792044723835,engine
Rahu,15,63.57841329425393,21.216770855432856,engine
Rahu,16,63.57828687589841,21.216749663162226,engine
Rahu,17,63.578160440200946,21.216728467884284,engine
Rahu,18,63.57803398750569,21.216707269656695,engine
Rahu,19,63.577907517647525,21.216686068451725,engine
Rahu,20,63.57778103063139,21.216664864270165,engine
Rahu,21,63.57765452637712,21.216643657098516,engine
Rahu,22,63.57752800505915,21.216622446966017,engine
Rahu,23,63.5774014665973,21.21660123385915,engine
Rahu,24,63.577274910911534,21.216580017764464,engine
Rahu,25,63.57714833817643,21.216558798711212,engine
Rahu,26,63.577021748311786,21.216537576685894,engine
Rahu,27,63.576895141322225,21.21651635168922,engine
Rahu,28,63.57676851712791,21.2164951237078,engine
Rahu,29,63.576641875818304,21.216473892756575,engine
Rahu,30,63.57651521748305,21.216452658850528,engine
Regulus,-30,152.08620596941444,11.969178690156003,engine
Regulus,-20,152.08620471181143,11.969179035353527,engine
Regulus,-15,152.08620405048302,11.969179203215422,engine
Regulus,-10,152.0862033679323,11.969179367793702,engine
Regulus,-5,152.08620266451845,11.969179528996134,engine
Regulus,-2,152.0862022326094,11.96917962405931,engine
Regulus,-1,152.0862020870142,11.96917965546636,engine
Regulus,0,152.08620194061132,11.969179686731895,engine
Regulus,1,152.08620179340383,11.969179717855196,engine
Regulus,2,152.08620164539485,11.969179748835558,engine
Regulus,3,152.0862014965874,11.96917977967229,engine
Regulus,4,152.08620134698467,11.96917981036468,engine
Regulus,5,152.0862011965897,11.969179840912043,engine
Regulus,6,152.08620104540566,11.9691798713137,engine
Regulus,7,152.08620089343574,11.969179901568925,engine
Regulus,8,152.08620074068313,11.969179931677044,engine
Regulus,9,152.08620058715098,11.969179961637378,engine
Regulus,10,152.08620043284253,11.969179991449238,engine
Regulus,11,152.08620027776092,11.969180021111944,engine
Regulus,12,152.08620012190946,11.969180050624836,engine
Regulus,13,152.08619996529134,11.969180079987229,engine
Regulus,14,152.08619980790982,11.969180109198447,engine
Regulus,15,152.08619964976822,11.969180138257835,engine
Regulus,16,152.0861994908698,11.969180167164717,engine
Regulus,17,152.08619933121776,11.969180195918451,engine
Regulus,18,152.08619917081563,11.96918022451835,engine
Regulus,19,152.08619900966667,11.969180252963763,engine
Regulus,20,152.08619884777417,11.969180281254049,engine
Regulus,21,152.08619868514154,11.96918030938855,engine
Regulus,22,152.0861985217721,11.96918033736663,engine
Regulus,23,152.0861983576693,11.969180365187627,engine
Regulus,24,152.08619819283652,11.969180392850916,engine
Regulus,25,152.0861980272772,11.969180420355853,engine
Regulus,26,152.0861978609947,11.969180447701811,engine
Regulus,27,152.08619769399255,11.969180474888137,engine
Regulus,28,152.08619752627416,11.969180501914215,engine
Regulus,29,152.0861973578429,11.96918052877944,engine
Regulus,30,152.08619718870253,11.969180555483145,engine
Saturn,-30,310.26321367742287,-19.14397561663428,engine
Saturn,-20,310.2628343124603,-19.144078014937932,engine
Saturn,-15,310.26264456737545,-19.14412923957326,engine
Saturn,-10,310.2624547785937,-19.144180480682284,engine
Saturn,-5,310.2622649446389,-19.14423173787935,engine
Saturn,-2,310.26215102205595,-19.144262499735007,engine
Saturn,-1,310.2621130440761,-19.144272754927854,engine
Saturn,0,310.2620750641893,-19.144283010734483,engine
Saturn,1,310.2620370823684,-19.144293267154936,engine
Saturn,2,310.26199909863476,-19.144303524179083,engine
Saturn,3,310.26196111296133,-19.144313781806908,engine
Saturn,4,310.2619231253374,-19.144324040035038,engine
Saturn,5,310.26188513575204,-19.14433429886005,engine
Saturn,6,310.261847144169,-19.144344558285407,engine
Saturn,7,310.2618091506286,-19.144354818293895,engine
Saturn,8,310.2617711550948,-19.144365078888956,engine
Saturn,9,310.26173315754073,-19.144375340070496,engine
Saturn,10,310.2616951579882,-19.144385601828272,engine
Saturn,11,310.26165715641054,-19.144395864162178,engine
Saturn,12,310.26161915279727,-19.144406127068706,engine
Saturn,13,310.2615811471381,-19.14441639054432,engine
Saturn,14,310.2615431394225,-19.144426654585484,engine
Saturn,15,310.2615051296403,-19.144436919188657,engine
Saturn,16,310.26146711778125,-19.144447184350252,engine
Saturn,17,310.26142910380963,-19.144457450073595,engine
Saturn,18,310.2613910877501,-19.144467716344682,engine
Saturn,19,310.2613530695994,-19.144477983160066,engine
Saturn,20,310.2613150493313,-19.144488250519483,engine
Saturn,21,310.2612770269359,-19.144498518419297,engine
Saturn,22,310.2612390024031,-19.144508786855873,engine
Saturn,23,310.26120097572306,-19.144519055825544,engine
Saturn,24,310.26116294688603,-19.14452932532464,engine
Saturn,25,310.2611249158822,-19.144539595349467,engine
Saturn,26,310.26108688270176,-19.14454986589634,engine
Saturn,27,310.2610488473189,-19.144560136964884,engine
Saturn,28,310.2610108097562,-19.14457040854467,engine
Saturn,29,310.2609727699626,-19.144580680642203,engine
Saturn,30,310.26093472797953,-19.144590953239945,engine
Sun,-30,163.3439837478917,7.0811971275769325,engine
Sun,-20,163.3501950613779,7.078628862659881,engine
Sun,-15,163.35330110747014,7.077344576755717,engine
Sun,-10,163.35640743170822,7.076060189836337,engine
Sun,-5,163.35951404910162,7.074775702392156,engine
Sun,-2,163.36137816523433,7.074004962393484,engine
Sun,-1,163.36199956248035,7.073748041078067,engine
Sun,0,163.3626209724429,7.073491115812156,engine
Sun,1,163.36324239523213,7.073234186603284,engine
Sun,2,163.36386383095865,7.072977253458824,engine
Sun,3,163.3644852797327,7.072720316386137,engine
Sun,4,163.36510674166365,7.072463375392967,engine
Sun,5,163.36572821686147,7.072206430486721,engine
Sun,6,163.3663497058518,7.071949481502948,engine
Sun,7,163.36697120791032,7.0716925287938786,engine
Sun,8,163.36759272356278,7.071435572194873,engine
Sun,9,163.36821425291728,7.071178611713928,engine
Sun,10,163.3688357960822,7.070921647358855,engine
Sun,11,163.36945735316567,7.070664679137508,engine
Sun,12,163.370078924275,7.070407707058017,engine
Sun,13,163.37070050951775,7.070150731128366,engine
Sun,14,163.3713221090013,7.069893751356562,engine
Sun,15,163.37194372283196,7.069636767750954,engine
Sun,16,163.37256535111658,7.0693797803196325,engine
Sun,17,163.37318699437847,7.069122788898459,engine
Sun,18,163.37380865188953,7.068865793840581,engine
Sun,19,163.3744303241724,7.068608794981972,engine
Sun,20,163.37505201133263,7.068351792331024,engine
Sun,21,163.37567371347544,7.068094785896168,engine
Sun,22,163.37629543070528,7.06783777568609,engine
Sun,23,163.3769171631268,7.0675807617093085,engine
Sun,24,163.37753891084452,7.06732374397436,engine
Sun,25,163.37816067396193,7.067066722490111,engine
Sun,26,163.3787824525828,7.066809697265229,engine
Sun,27,163.37940424681045,7.066552668308535,engine
Sun,28,163.3800260567482,7.066295635628752,engine
Sun,29,163.38064788291516,7.066038599062626,engine
Sun,30,163.3812697245801,7.065781558963739,engine
Uranus,-30,42.06379532552811,15.75476368193191,engine
Uranus,-20,42.06370983193289,15.754735337260266,engine
Uranus,-15,42.06366713731524,15.754721167383591,engine
Uranus,-10,42.06362447699393,15.754706999487663,engine
Uranus,-5,42.063581850543564,15.754692833815392,engine
Uranus,-2,42.06355629077207,15.75468433558796,engine
Uranus,-1,42.063547773510116,15.754681503053119,engine
Uranus,0,42.06353925756713,15.754678670623504,engine
Uranus,1,42.0635307429447,15.754675838302695,engine
Uranus,2,42.06352222964442,15.754673006094269,engine
Uranus,3,42.06351371765211,15.754670173996915,engine
Uranus,4,42.063505206969296,15.75466734201421,engine
Uranus,5,42.06349669759746,15.754664510149697,engine
Uranus,6,42.06348818951663,15.754661678400172,engine
Uranus,7,42.06347968273964,15.754658846772978,engine
Uranus,8,42.06347117726216,15.754656015269758,engine
Uranus,9,42.06346267306986,15.754653183889188,engine
Uranus,10,42.06345417016402,15.754650352634808,engine
Uranus,11,42.06344566854598,15.754647521510138,engine
Uranus,12,42.06343716820124,15.754644690513858,engine
Uranus,13,42.06342866913105,15.754641859649466,engine
Uranus,14,42.063420171336595,15.754639028920488,engine
Uranus,15,42.063411674803355,15.754636198325574,engine
Uranus,16,42.06340317953765,15.754633367869848,engine
Uranus,17,42.06339468551919,15.754630537550062,engine
Uranus,18,42.06338619276046,15.754627707373485,engine
Uranus,19,42.06337770125678,15.754624877341723,engine
Uranus,20,42.06336921099346,15.754622047453404,engine
Uranus,21,42.063360721976686,15.754619217713632,engine
Uranus,22,42.063352234191726,15.754616388121006,engine
Uranus,23,42.06334374764468,15.754613558680648,engine
Uranus,24,42.063335262320784,15.754610729391125,engine
Uranus,25,42.06332677822083,15.754607900255925,engine
Uranus,26,42.06331829534568,15.754605071278494,engine
Uranus,27,42.06330981368038,15.754602242457427,engine
Uranus,28,42.063301333230946,15.754599413797786,engine
Uranus,29,42.063292853976726,15.754596585296254,engine
Uranus,30,42.06328437593499,15.754593756961686,engine
Venus,-30,200.58218785186696,-9.097761809869235,engine
Venus,-20,200.58953788930944,-9.10118448366147,engine
Venus,-15,200.593212671221,-9.102895615767402,engine
Venus,-10,200.59688731348592,-9.104606610233168,engine
Venus,-5,200.60056183129643,-9.106317466945175,engine
Venus,-2,200.60276648696967,-9.107343914042717,engine
Venus,-1,200.60350136410375,-9.107686052089532,engine
Venus,0,200.60423623726984,-9.108028184580554,engine
Venus,1,200.60497110658287,-9.108370311512147,engine
Venus,2,200.60570597215778,-9.10871243288074,engine
Venus,3,200.60644083410978,-9.109054548682877,engine
Venus,4,200.60717569255402,-9.109396658915136,engine
Venus,5,200.60791054741372,-9.109738763463636,engine
Venus,6,200.608645399681,-9.110080862775646,engine
Venus,7,200.6093802482937,-9.110422956278647,engine
Venus,8,200.61011509386014,-9.11076504419897,engine
Venus,9,200.6108499364959,-9.111107126533604,engine
Venus,10,200.61158477631656,-9.111449203279607,engine
Venus,11,200.6123196134378,-9.111791274434129,engine
Venus,12,200.6130544477836,-9.112133339883854,engine
Venus,13,200.6137892798535,-9.112475399847218,engine
Venus,14,200.61452410957156,-9.112817454211054,engine
Venus,15,200.61525893705365,-9.113159502972811,engine
Venus,16,200.6159937624159,-9.113501546130072,engine
Venus,17,200.6167285860751,-9.113843583799223,engine
Venus,18,200.6174634075458,-9.114185615740437,engine
Venus,19,200.6181982272449,-9.114527642070257,engine
Venus,20,200.61893304528874,-9.114869662786584,engine
Venus,21,200.6196678617935,-9.115211677887347,engine
Venus,22,200.62040267668365,-9.115553687260029,engine
Venus,23,200.62113749045926,-9.11589569112386,engine
Venus,24,200.62187230304488,-9.116237689366471,engine
Venus,25,200.62260711455698,-9.116579681986154,engine
Venus,26,200.62334192492006,-9.116921668870667,engine
Venus,27,200.62407673463443,-9.117263650239572,engine
Venus,28,200.62481154362473,-9.117605625980852,engine
Venus,29,200.62554635250027,-9.117947596322379,engine
Venus,30,200.62628116020022,-9.118289560693652,engine
Vesta,-30,201.80613552379126,-3.827792647231257,engine
Vesta,-20,201.80923398826195,-3.829224976762413,engine
Vesta,-15,201.81078311729374,-3.8299411127267864,engine
Vesta,-10,201.81233218418055,-3.830657229188871,engine
Vesta,-5,201.81388119448798,-3.831373326178307,engine
Vesta,-2,201.81481057534663,-3.8318029748068496,engine
Vesta,-1,201.81512036515343,-3.831946189487276,engine
Vesta,0,201.81543015297683,-3.8320894033365893,engine
Vesta,1,201.81573993905377,-3.832232616438287,engine
Vesta,2,201.81604972332974,-3.832375828749401,engine
Vesta,3,201.8163595057504,-3.832519040227028,engine
Vesta,4,201.81666928655275,-3.8326622509546624,engine
Vesta,5,201.81697906568255,-3.8328054608894173,engine
Vesta,6,201.8172888432931,-3.832948670084413,engine
Vesta,7,201.81759861920634,-3.833091878431147,engine
Vesta,8,201.81790839347846,-3.833235085940651,engine
Vesta,9,201.81821816634692,-3.833378292696504,engine
Vesta,10,201.81852793775755,-3.833521498655857,engine
Vesta,11,201.81883770765623,-3.8336647037758738,engine
Vesta,12,201.81914747628045,-3.8338079081401886,engine
Vesta,13,201.81945724347904,-3.8339511116638563,engine
Vesta,14,201.8197670094895,-3.834094314430503,engine
Vesta,15,201.82007677425793,-3.8342375163973705,engine
Vesta,16,201.82038653773043,-3.8343807175216877,engine
Vesta,17,201.82069630035235,-3.8345239179831667,engine
Vesta,18,201.82100606155726,-3.8346671175048748,engine
Vesta,19,201.8213158217906,-3.8348103162665272,engine
Vesta,20,201.82162558090138,-3.8349535141833067,engine
Vesta,21,201.82193533912755,-3.8350967113389194,engine
Vesta,22,201.82224509631808,-3.83523990764854,engine
Vesta,23,201.82255485271088,-3.8353831031959333,engine
Vesta,24,201.82286460815513,-3.835526297896294,engine
Vesta,25,201.82317436288878,-3.8356694918334155,engine
Vesta,26,201.82348411676105,-3.8358126849225096,engine
Vesta,27,201.82379387000987,-3.8359558772473905,engine
Vesta,28,201.82410362248459,-3.8360990687233176,engine
Vesta,29,201.82441337463092,-3.8362422595301355,engine
Vesta,30,201.82472312588283,-3.8363854493910963,engine
Gonggong,-30,336.61706018733713,-11.44970138907822,tno-rate
Gonggong,-20,336.6169936181739,-11.449724150347857,tno-rate
Gonggong,-15,336.61696033359226,-11.449735530982675,tno-rate
Gonggong,-10,336.61692704901066,-11.449746911617494,tno-rate
Gonggong,-5,336.616893764429,-11.449758292252312,tno-rate
Gonggong,-2,336.61687379368004,-11.449765120633204,tno-rate
Gonggong,-1,336.6168671367637,-11.449767396760167,tno-rate
Gonggong,0,336.6168604798474,-11.44976967288713,tno-rate
Gonggong,1,336.6168538229311,-11.449771949014094,tno-rate
Gonggong,2,336.61684716601474,-11.449774225141057,tno-rate
Gonggong,3,336.61684050909844,-11.449776501268023,tno-rate
Gonggong,4,336.6168338521821,-11.449778777394986,tno-rate
Gonggong,5,336.6168271952658,-11.44978105352195,tno-rate
Gonggong,6,336.61682053834943,-11.449783329648913,tno-rate
Gonggong,7,336.61681388143313,-11.449785605775876,tno-rate
Gonggong,8,336.6168072245168,-11.449787881902841,tno-rate
Gonggong,9,336.6168005676005,-11.449790158029804,tno-rate
Gonggong,10,336.6167939106841,-11.449792434156768,tno-rate
Gonggong,11,336.6167872537678,-11.449794710283731,tno-rate
Gonggong,12,336.61678059685147,-11.449796986410696,tno-rate
Gonggong,13,336.6167739399352,-11.44979926253766,tno-rate
Gonggong,14,336.6167672830188,-11.449801538664623,tno-rate
Gonggong,15,336.6167606261025,-11.449803814791586,tno-rate
Gonggong,16,336.61675396918616,-11.44980609091855,tno-rate
Gonggong,17,336.61674731226987,-11.449808367045515,tno-rate
Gonggong,18,336.6167406553535,-11.449810643172478,tno-rate
Gonggong,19,336.6167339984372,-11.449812919299442,tno-rate
Gonggong,20,336.61672734152086,-11.449815195426405,tno-rate
Gonggong,21,336.61672068460456,-11.449817471553368,tno-rate
Gonggong,22,336.61671402768826,-11.449819747680333,tno-rate
Gonggong,23,336.6167073707719,-11.449822023807297,tno-rate
Gonggong,24,336.6167007138556,-11.44982429993426,tno-rate
Gonggong,25,336.61669405693925,-11.449826576061223,tno-rate
Gonggong,26,336.61668740002295,-11.449828852188187,tno-rate
Gonggong,27,336.6166807431066,-11.449831128315152,tno-rate
Gonggong,28,336.6166740861903,-11.449833404442115,tno-rate
Gonggong,29,336.61666742927395,-11.449835680569079,tno-rate
Gonggong,30,336.61666077235765,-11.449837956696042,tno-rate
Haumea,-30,215.14591020787347,15.512978621102045,tno-rate
Haumea,-20,215.14600113700942,15.51289775118687,tno-rate
Haumea,-15,215.14604660157738,15.512857316229283,tno-rate
Haumea,-10,215.14609206614534,15.512816881271695,tno-rate
Haumea,-5,215.14613753071333,15.512776446314108,tno-rate
Haumea,-2,215.1461648094541,15.512752185339554,tno-rate
Haumea,-1,215.1461739023677,15.512744098348037,tno-rate
Haumea,0,215.1461829952813,15.51273601135652,tno-rate
Haumea,1,215.14619208819488,15.512727924365002,tno-rate
Haumea,2,215.1462011811085,15.512719837373485,tno-rate
Haumea,3,215.14621027402208,15.512711750381968,tno-rate
Haumea,4,215.14621936693567,15.51270366339045,tno-rate
Haumea,5,215.14622845984925,15.512695576398931,tno-rate
Haumea,6,215.14623755276287,15.512687489407414,tno-rate
Haumea,7,215.14624664567646,15.512679402415896,tno-rate
Haumea,8,215.14625573859004,15.51267131542438,tno-rate
Haumea,9,215.14626483150363,15.512663228432862,tno-rate
Haumea,10,215.14627392441724,15.512655141441344,tno-rate
Haumea,11,215.14628301733083,15.512647054449827,tno-rate
Haumea,12,215.14629211024442,15.51263896745831,tno-rate
Haumea,13,215.146301203158,15.512630880466793,tno-rate
Haumea,14,215.14631029607162,15.512622793475275,tno-rate
Haumea,15,215.1463193889852,15.512614706483756,tno-rate
Haumea,16,215.1463284818988,15.512606619492239,tno-rate
Haumea,17,215.1463375748124,15.512598532500721,tno-rate
Haumea,18,215.146346667726,15.512590445509204,tno-rate
Haumea,19,215.14635576063958,15.512582358517687,tno-rate
Haumea,20,215.14636485355317,15.51257427152617,tno-rate
Haumea,21,215.14637394646678,15.512566184534652,tno-rate
Haumea,22,215.14638303938037,15.512558097543135,tno-rate
Haumea,23,215.14639213229395,15.512550010551617,tno-rate
Haumea,24,215.14640122520754,15.512541923560098,tno-rate
Haumea,25,215.14641031812116,15.512533836568581,tno-rate
Haumea,26,215.14641941103474,15.512525749577064,tno-rate
Haumea,27,215.14642850394833,15.512517662585546,tno-rate
Haumea,28,215.14643759686192,15.512509575594029,tno-rate
Haumea,29,215.14644668977553,15.512501488602512,tno-rate
Haumea,30,215.14645578268912,15.512493401610994,tno-rate
Makemake,-30,197.30329116323117,22.49186829163218,tno-rate
Makemake,-20,197.30340651843167,22.491788741706287,tno-rate
Makemake,-15,197.30346419603194,22.49174896674334,tno-rate
Makemake,-10,197.3035218736322,22.491709191780394,tno-rate
Makemake,-5,197.30357955123245,22.491669416817448,tno-rate
Makemake,-2,197.30361415779262,22.49164555183968,tno-rate
Makemake,-1,197.30362569331265,22.49163759684709,tno-rate
Makemake,0,197.3036372288327,22.4916296418545,tno-rate
Makemake,1,197.30364876435277,22.49162168686191,tno-rate
Makemake,2,197.3036602998728,22.49161373186932,tno-rate
Makemake,3,197.30367183539286,22.491605776876735,tno-rate
Makemake,4,197.30368337091292,22.491597821884145,tno-rate
Makemake,5,197.30369490643298,22.491589866891555,tno-rate
Makemake,6,197.303706441953,22.491581911898965,tno-rate
Makemake,7,197.30371797747307,22.491573956906375,tno-rate
Makemake,8,197.30372951299313,22.49156600191379,tno-rate
Makemake,9,197.3037410485132,22.4915580469212,tno-rate
Makemake,10,197.30375258403322,22.49155009192861,tno-rate
Makemake,11,197.30376411955328,22.49154213693602,tno-rate
Makemake,12,197.30377565507334,22.491534181943432,tno-rate
Makemake,13,197.3037871905934,22.491526226950842,tno-rate
Makemake,14,197.30379872611343,22.491518271958252,tno-rate
Makemake,15,197.3038102616335,22.491510316965662,tno-rate
Makemake,16,197.30382179715355,22.491502361973073,tno-rate
Makemake,17,197.30383333267358,22.491494406980486,tno-rate
Makemake,18,197.30384486819364,22.491486451987896,tno-rate
Makemake,19,197.3038564037137,22.491478496995306,tno-rate
Makemake,20,197.30386793923375,22.491470542002716,tno-rate
Makemake,21,197.30387947475378,22.491462587010126,tno-rate
Makemake,22,197.30389101027384,22.49145463201754,tno-rate
Makemake,23,197.3039025457939,22.49144667702495,tno-rate
Makemake,24,197.30391408131396,22.49143872203236,tno-rate
Makemake,25,197.303925616834,22.49143076703977,tno-rate
Makemake,26,197.30393715235405,22.491422812047183,tno-rate
Makemake,27,197.3039486878741,22.491414857054593,tno-rate
Makemake,28,197.30396022339417,22.491406902062003,tno-rate
Makemake,29,197.3039717589142,22.491398947069413,tno-rate
Makemake,30,197.30398329443426,22.491390992076823,tno-rate
Orcus,-30,156.35435190776462,-11.058550871140445,tno-rate
Orcus,-20,156.3544952486625,-11.058613216094667,tno-rate
Orcus,-15,156.35456691911142,-11.058644388571777,tno-rate
Orcus,-10,156.35463858956032,-11.058675561048888,tno-rate
Orcus,-5,156.35471026000926,-11.058706733525998,tno-rate
Orcus,-2,156.35475326227862,-11.058725437012265,tno-rate
Orcus,-1,156.3547675963684,-11.058731671507687,tno-rate
Orcus,0,156.3547819304582,-11.05873790600311,tno-rate
Orcus,1,156.35479626454799,-11.058744140498533,tno-rate
Orcus,2,156.35481059863775,-11.058750374993954,tno-rate
Orcus,3,156.35482493272755,-11.058756609489377,tno-rate
Orcus,4,156.35483926681732,-11.058762843984798,tno-rate
Orcus,5,156.35485360090712,-11.058769078480221,tno-rate
Orcus,6,156.3548679349969,-11.058775312975643,tno-rate
Orcus,7,156.3548822690867,-11.058781547471066,tno-rate
Orcus,8,156.35489660317646,-11.058787781966487,tno-rate
Orcus,9,156.35491093726625,-11.05879401646191,tno-rate
Orcus,10,156.35492527135605,-11.058800250957331,tno-rate
Orcus,11,156.35493960544582,-11.058806485452754,tno-rate
Orcus,12,156.35495393953562,-11.058812719948175,tno-rate
Orcus,13,156.3549682736254,-11.058818954443598,tno-rate
Orcus,14,156.3549826077152,-11.05882518893902,tno-rate
Orcus,15,156.35499694180496,-11.058831423434443,tno-rate
Orcus,16,156.35501127589475,-11.058837657929864,tno-rate
Orcus,17,156.35502560998452,-11.058843892425287,tno-rate
Orcus,18,156.35503994407432,-11.058850126920708,tno-rate
Orcus,19,156.35505427816412,-11.058856361416131,tno-rate
Orcus,20,156.3550686122539,-11.058862595911553,tno-rate
Orcus,21,156.35508294634369,-11.058868830406976,tno-rate
Orcus,22,156.35509728043345,-11.058875064902397,tno-rate
Orcus,23,156.35511161452325,-11.05888129939782,tno-rate
Orcus,24,156.35512594861302,-11.058887533893241,tno-rate
Orcus,25,156.35514028270282,-11.058893768388664,tno-rate
Orcus,26,156.35515461679262,-11.058900002884085,tno-rate
Orcus,27,156.3551689508824,-11.058906237379508,tno-rate
Orcus,28,156.35518328497218,-11.05891247187493,tno-rate
Orcus,29,156.35519761906195,-11.058918706370353,tno-rate
Orcus,30,156.35521195315175,-11.058924940865774,tno-rate
Quaoar,-30,273.81256331253394,-15.346456733906146,tno-rate
Quaoar,-20,273.81253116775014,-15.34647913088626,tno-rate
Quaoar,-15,273.8125150953582,-15.346490329376318,tno-rate
Quaoar,-10,273.8124990229663,-15.346501527866376,tno-rate
Quaoar,-5,273.81248295057435,-15.346512726356433,tno-rate
Quaoar,-2,273.8124733071392,-15.346519445450468,tno-rate
Quaoar,-1,273.8124700926608,-15.34652168514848,tno-rate
Quaoar,0,273.8124668781824,-15.34652392484649,tno-rate
Quaoar,1,273.812463663704,-15.346526164544501,tno-rate
Quaoar,2,273.8124604492256,-15.346528404242513,tno-rate
Quaoar,3,273.8124572347473,-15.346530643940525,tno-rate
Quaoar,4,273.8124540202689,-15.346532883638536,tno-rate
Quaoar,5,273.8124508057905,-15.346535123336547,tno-rate
Quaoar,6,273.8124475913121,-15.346537363034559,tno-rate
Quaoar,7,273.81244437683375,-15.346539602732571,tno-rate
Quaoar,8,273.81244116235536,-15.346541842430582,tno-rate
Quaoar,9,273.81243794787696,-15.346544082128593,tno-rate
Quaoar,10,273.81243473339856,-15.346546321826604,tno-rate
Quaoar,11,273.81243151892016,-15.346548561524617,tno-rate
Quaoar,12,273.8124283044418,-15.346550801222628,tno-rate
Quaoar,13,273.8124250899634,-15.34655304092064,tno-rate
Quaoar,14,273.81242187548503,-15.34655528061865,tno-rate
Quaoar,15,273.81241866100663,-15.346557520316663,tno-rate
Quaoar,16,273.8124154465283,-15.346559760014674,tno-rate
Quaoar,17,273.8124122320499,-15.346561999712685,tno-rate
Quaoar,18,273.8124090175715,-15.346564239410696,tno-rate
Quaoar,19,273.8124058030931,-15.34656647910871,tno-rate
Quaoar,20,273.8124025886147,-15.34656871880672,tno-rate
Quaoar,21,273.81239937413636,-15.346570958504731,tno-rate
Quaoar,22,273.81239615965796,-15.346573198202742,tno-rate
Quaoar,23,273.81239294517957,-15.346575437900754,tno-rate
Quaoar,24,273.81238973070117,-15.346577677598766,tno-rate
Quaoar,25,273.8123865162228,-15.346579917296777,tno-rate
Quaoar,26,273.81238330174443,-15.346582156994788,tno-rate
Quaoar,27,273.81238008726604,-15.3465843966928,tno-rate
Quaoar,28,273.81237687278764,-15.346586636390812,tno-rate
Quaoar,29,273.81237365830924,-15.346588876088823,tno-rate
Quaoar,30,273.8123704438309,-15.346591115786834,tno-rate
Sedna,-30,59.361559285790335,8.266703108617813,tno-rate
Sedna,-20,59.361555152293,8.266685395060561,tno-rate
Sedna,-15,59.36155308554434,8.266676538281933,tno-rate
Sedna,-10,59.36155101879567,8.266667681503307,tno-rate
Sedna,-5,59.361548952047,8.26665882472468,tno-rate
Sedna,-2,59.36154771199781,8.266653510657504,tno-rate
Sedna,-1,59.36154729864807,8.266651739301778,tno-rate
Sedna,0,59.36154688529834,8.266649967946053,tno-rate
Sedna,1,59.36154647194861,8.266648196590328,tno-rate
Sedna,2,59.36154605859887,8.266646425234603,tno-rate
Sedna,3,59.36154564524914,8.266644653878878,tno-rate
Sedna,4,59.361545231899406,8.266642882523152,tno-rate
Sedna,5,59.361544818549675,8.266641111167427,tno-rate
Sedna,6,59.361544405199936,8.266639339811702,tno-rate
Sedna,7,59.361543991850205,8.266637568455975,tno-rate
Sedna,8,59.36154357850047,8.26663579710025,tno-rate
Sedna,9,59.36154316515074,8.266634025744525,tno-rate
Sedna,10,59.361542751801004,8.2666322543888,tno-rate
Sedna,11,59.36154233845127,8.266630483033074,tno-rate
Sedna,12,59.36154192510154,8.266628711677349,tno-rate
Sedna,13,59.36154151175181,8.266626940321624,tno-rate
Sedna,14,59.36154109840207,8.266625168965898,tno-rate
Sedna,15,59.36154068505234,8.266623397610173,tno-rate
Sedna,16,59.36154027170261,8.266621626254448,tno-rate
Sedna,17,59.36153985835287,8.266619854898723,tno-rate
Sedna,18,59.36153944500314,8.266618083542998,tno-rate
Sedna,19,59.36153903165341,8.266616312187272,tno-rate
Sedna,20,59.361538618303676,8.266614540831545,tno-rate
Sedna,21,59.36153820495394,8.26661276947582,tno-rate
Sedna,22,59.361537791604206,8.266610998120095,tno-rate
Sedna,23,59.361537378254475,8.26660922676437,tno-rate
Sedna,24,59.361536964904744,8.266607455408645,tno-rate
Sedna,25,59.361536551555005,8.26660568405292,tno-rate
Sedna,26,59.361536138205274,8.266603912697194,tno-rate
Sedna,27,59.36153572485554,8.266602141341469,tno-rate
Sedna,28,59.36153531150581,8.266600369985744,tno-rate
Sedna,29,59.36153489815607,8.266598598630019,tno-rate
Sedna,30,59.36153448480634,8.266596827274293,tno-rate
Transpluto,-30,154.68487071400244,10.500873434271476,engine
Transpluto,-20,154.68494199616873,10.500846369018426,engine
Transpluto,-15,154.6849776369956,10.50083283646104,engine
Transpluto,-10,154.68501327764528,10.500819303952165,engine
Transpluto,-5,154.6850489181273,10.50080577148828,engine
Transpluto,-2,154.68507030232652,10.50079765203516,engine
Transpluto,-1,154.68507743038063,10.500794945553993,engine
Transpluto,0,154.68508455842775,10.500792239074746,engine
Transpluto,1,154.68509168646804,10.500789532597294,engine
Transpluto,2,154.6850988145014,10.500786826121734,engine
Transpluto,3,154.68510594252788,10.500784119648076,engine
Transpluto,4,154.68511307054754,10.50078141317627,engine
Transpluto,5,154.68512019856018,10.500778706706363,engine
Transpluto,6,154.6851273265708,10.500776000236488,engine
Transpluto,7,154.68513445456966,10.500773293770344,engine
Transpluto,8,154.68514158256173,10.50077058730604,engine
Transpluto,9,154.68514871054677,10.50076788084363,engine
Transpluto,10,154.685155838525,10.500765174383094,engine
Transpluto,11,154.68516296649634,10.500762467924492,engine
Transpluto,12,154.6851700944608,10.500759761467672,engine
Transpluto,13,154.68517722241825,10.500757055012807,engine
Transpluto,14,154.6851843503689,10.500754348559784,engine
Transpluto,15,154.68519147831267,10.500751642108664,engine
Transpluto,16,154.68519860624951,10.500748935659397,engine
Transpluto,17,154.68520573418425,10.500746229210199,engine
Transpluto,18,154.6852128621073,10.500743522764713,engine
Transpluto,19,154.68521999002346,10.500740816321084,engine
Transpluto,20,154.68522711793273,10.500738109879373,engine
Transpluto,21,154.68523424583512,10.500735403439517,engine
Transpluto,22,154.68524137373058,10.500732697001558,engine
Transpluto,23,154.68524850161918,10.500729990565484,engine
Transpluto,24,154.6852556295009,10.500727284131274,engine
Transpluto,25,154.68526275737565,10.500724577698985,engine
Transpluto,26,154.68526988524357,10.500721871268558,engine
Transpluto,27,154.68527701310455,10.500719164839996,engine
Transpluto,28,154.68528414095866,10.500716458413335,engine
Transpluto,29,154.6852912688107,10.500713751986734,engine
Transpluto,30,154.685298396651,10.500711045563873,engine
Part_of_Fortune,-30,216.30817190295,-7.304369958064772,engine
Part_of_Fortune,-20,218.36712952221868,-7.633399201148009,engine
Part_of_Fortune,-15,219.40867787716903,-7.790311902031181,engine
Part_of_Fortune,-10,220.45869296716617,-7.941999976106366,engine
Part_of_Fortune,-5,221.5175091070218,-8.088337493829151,engine
Part_of_Fortune,-2,222.1571677777374,-8.17351647563143,engine
Part_of_Fortune,-1,222.37113272837271,-8.201465572149575,engine
Part_of_Fortune,0,222.58547527205624,-8.229190818938406,engine
Part_of_Fortune,1,222.80019823581642,-8.256691019763341,engine
Part_of_Fortune,2,223.0153049282672,-8.283965068966712,engine
Part_of_Fortune,3,223.23079823328263,-8.311011741915495,engine
Part_of_Fortune,4,223.44668121265997,-8.33782983402575,engine
Part_of_Fortune,5,223.66295695837402,-8.364418126063926,engine
Part_of_Fortune,6,223.87962873551956,-8.390775401126199,engine
Part_of_Fortune,7,224.0966992514298,-8.416900339086549,engine
Part_of_Fortune,8,224.31417213262796,-8.442791762243235,engine
Part_of_Fortune,9,224.53205043597836,-8.468448354341202,engine
Part_of_Fortune,10,224.75033740058117,-8.493868818069895,engine
Part_of_Fortune,11,224.9690362959383,-8.519051839749284,engine
Part_of_Fortune,12,225.18815042128588,-8.543996088962388,engine
Part_of_Fortune,13,225.40768310847395,-8.568700218557336,engine
Part_of_Fortune,14,225.62763756830824,-8.593162829034924,engine
Part_of_Fortune,15,225.84801749781226,-8.617382608646722,engine
Part_of_Fortune,16,226.0688261717932,-8.641358122767887,engine
Part_of_Fortune,17,226.29006719848527,-8.665087969728415,engine
Part_of_Fortune,18,226.51174377221437,-8.688570681773207,engine
Part_of_Fortune,19,226.73385956700596,-8.711804820531231,engine
Part_of_Fortune,20,226.95641814062827,-8.734788912592991,engine
Part_of_Fortune,21,227.17942308634136,-8.757521465513346,engine
Part_of_Fortune,22,227.40287787912405,-8.7800009321132,engine
Part_of_Fortune,23,227.62678648309372,-8.802225850820655,engine
Part_of_Fortune,24,227.85115244286277,-8.824194634526688,engine
Part_of_Fortune,25,228.0759794910066,-8.845905710905559,engine
Part_of_Fortune,26,228.30127139426307,-8.867357486705082,engine
Part_of_Fortune,27,228.5270319570564,-8.888548347698613,engine
Part_of_Fortune,28,228.75326501882296,-8.909476658092117,engine
Part_of_Fortune,29,228.97997460966016,-8.930140774181329,engine
Part_of_Fortune,30,229.20716433909035,-8.950538988507233,engine
Part_of_Spirit,-30,273.8575666643453,-35.61936415734442,engine
Part_of_Spirit,-20,275.77366052613945,-35.89428382992097,engine
Part_of_Spirit,-15,276.7431093745922,-36.02394380353067,engine
Part_of_Spirit,-10,277.7205712373582,-36.14825197214167,engine
Part_of_Spirit,-5,278.7063733696557,-36.26708583870599,engine
Part_of_Spirit,-2,279.30199984801493,-36.33570473499041,engine
Part_of_Spirit,-1,279.5012498358001,-36.358124333080276,engine
Part_of_Spirit,0,279.7008585559412,-36.38031539579874,engine
Part_of_Spirit,1,279.9008290901564,-36.402276825983705,engine
Part_of_Spirit,2,280.10116409656047,-36.4240074078793,engine
Part_of_Spirit,3,280.3018667142894,-36.44550601594893,engine
Part_of_Spirit,4,280.5029399591176,-36.46677147511956,engine
Part_of_Spirit,5,280.70438687723015,-36.48780259563773,engine
Part_of_Spirit,6,280.9062106783765,-36.50859818644649,engine
Part_of_Spirit,7,281.1084143466385,-36.52915703435596,engine
Part_of_Spirit,8,281.3110008502531,-36.54947784787957,engine
Part_of_Spirit,9,281.5139735036297,-36.56955941031083,engine
Part_of_Spirit,10,281.71733550193267,-36.589400454094985,engine
Part_of_Spirit,11,281.92109007123383,-36.60899969536317,engine
Part_of_Spirit,12,282.1252404674751,-36.62835583352765,engine
Part_of_Spirit,13,282.32978997975215,-36.64746755132552,engine
Part_of_Spirit,14,282.5347420783538,-36.666333549228945,engine
Part_of_Spirit,15,282.74009981448023,-36.6849524054469,engine
Part_of_Spirit,16,282.94586672304837,-36.70332278534731,engine
Part_of_Spirit,17,283.1520463609711,-36.72144331359034,engine
Part_of_Spirit,18,283.35864190180996,-36.73931256003637,engine
Part_of_Spirit,19,283.5656569689338,-36.756929112697605,engine
Part_of_Spirit,20,283.77309507991896,-36.77429152835852,engine
Part_of_Spirit,21,283.9809597882322,-36.79139834480378,engine
Part_of_Spirit,22,284.1892548313418,-36.8082481153008,engine
Part_of_Spirit,23,284.39798353043443,-36.82483926822411,engine
Part_of_Spirit,24,284.6071496933826,-36.8411703169791,engine
Part_of_Spirit,25,284.8167570144576,-36.85723971961241,engine
Part_of_Spirit,26,285.0268092224387,-36.8730459132954,engine
Part_of_Spirit,27,285.2373100843117,-36.8885873142665,engine
Part_of_Spirit,28,285.44826340224085,-36.903862317192996,engine
Part_of_Spirit,29,285.65967315928924,-36.9188693051117,engine
Part_of_Spirit,30,285.87154294914285,-36.93360660871164,engine
Ascendant,-30,245.08286928364765,-21.4618670577046,engine
Ascendant,-20,247.07039502417905,-21.76384151553449,engine
Ascendant,-15,248.0758936258806,-21.907127852780924,engine
Ascendant,-10,249.08963210226216,-22.04512597412402,engine
Ascendant,-5,250.11194123833874,-22.17771166626757,engine
Ascendant,-2,250.72958381287617,-22.25461060531092,engine
Ascendant,-1,250.93619128208638,-22.279794952614925,engine
Ascendant,0,251.1431669139987,-22.304753107368573,engine
Ascendant,1,251.3505136629864,-22.329483922873525,engine
Ascendant,2,251.55823451241383,-22.35398623842301,engine
Ascendant,3,251.766332473786,-22.37825887893221,engine
Ascendant,4,251.9748105858888,-22.402300654572652,engine
Ascendant,5,252.1836719178021,-22.426110360850828,engine
Ascendant,6,252.39291970694802,-22.449686793786345,engine
Ascendant,7,252.60255679903415,-22.473028686721253,engine
Ascendant,8,252.81258649144053,-22.496134805061402,engine
Ascendant,9,253.02301196980403,-22.519003882326015,engine
Ascendant,10,253.23383645125693,-22.541634636082442,engine
Ascendant,11,253.44506318358606,-22.564025767556227,engine
Ascendant,12,253.6566954443805,-22.58617596124502,engine
Ascendant,13,253.86873654411303,-22.60808388494143,engine
Ascendant,14,254.08118982333104,-22.629748189131934,engine
Ascendant,15,254.29405865614626,-22.65116750704681,engine
Ascendant,16,254.5073464474208,-22.6723404540576,engine
Ascendant,17,254.72105677972817,-22.693265641659377,engine
Ascendant,18,254.93519283701215,-22.713941620904787,engine
Ascendant,19,255.1497582679699,-22.73436696661442,engine
Ascendant,20,255.36475661027362,-22.754540220475754,engine
Ascendant,21,255.58019143728677,-22.77445990515856,engine
Ascendant,22,255.79606635523294,-22.794124523707,engine
Ascendant,23,256.0123850067641,-22.813532559522383,engine
Ascendant,24,256.2291510681227,-22.832682475752893,engine
Ascendant,25,256.4463682527321,-22.851572715258985,engine
Ascendant,26,256.6640403083509,-22.87020170000024,engine
Ascendant,27,256.88217102068404,-22.888567830982556,engine
Ascendant,28,257.1007642105319,-22.906669487642557,engine
Ascendant,29,257.3198238844747,-22.92450503964651,engine
Ascendant,30,257.5393536441166,-22.942072798609438,engine
Midheaven,-30,185.65628426950576,-2.446222338459813,engine
Midheaven,-20,188.16260103021975,-3.5217670905977485,engine
Midheaven,-15,189.4156880443826,-4.056236692694201,engine
Midheaven,-10,190.66872808629654,-4.588049364293479,engine
Midheaven,-5,191.92172222473448,-5.116870176632592,engine
Midheaven,-2,192.67349683140768,-5.432589193100498,engine
Midheaven,-1,192.9240847792749,-5.537550985688276,engine
Midheaven,0,193.17467094614096,-5.6423695359261306,engine
Midheaven,1,193.42525533861365,-5.747042277379531,engine
Midheaven,2,193.67583796483268,-5.85156665485025,engine
Midheaven,3,193.92641883307243,-5.955940123944368,engine
Midheaven,4,194.17699795034537,-6.060160150642651,engine
Midheaven,5,194.42757532565955,-6.164224212805527,engine
Midheaven,6,194.6781511347898,-6.268129868586496,engine
Midheaven,7,194.9287250495517,-6.371874478556244,engine
Midheaven,8,195.179297247382,-6.475455624484805,engine
Midheaven,9,195.42986773595527,-6.578870829316162,engine
Midheaven,10,195.68043652447307,-6.682117628382743,engine
Midheaven,11,195.93100362226673,-6.785193568960446,engine
Midheaven,12,196.1815690374003,-6.888096209827279,engine
Midheaven,13,196.43213277992805,-6.990823122731411,engine
Midheaven,14,196.68269485817024,-7.093371890988572,engine
Midheaven,15,196.93325528243616,-7.195740111132479,engine
Midheaven,16,197.1838140612993,-7.297925391511861,engine
Midheaven,17,197.43437137333842,-7.39992542226699,engine
Midheaven,18,197.68492689134098,-7.501737700454967,engine
Midheaven,19,197.9354807941356,-7.6033599420756905,engine
Midheaven,20,198.18603309079398,-7.704789806947374,engine
Midheaven,21,198.43658379237175,-7.8060249687864784,engine
Midheaven,22,198.6871329081847,-7.907063113806028,engine
Midheaven,23,198.9376804495314,-8.00790194232305,engine
Midheaven,24,199.18822642596896,-8.108539167357492,engine
Midheaven,25,199.4387708490355,-8.208972516228428,engine
Midheaven,26,199.68931372852603,-8.309199729153688,engine
Midheaven,27,199.939855076215,-8.409218560834725,engine
Midheaven,28,200.19039490213206,-8.509026779056995,engine
Midheaven,29,200.44093338629,-8.608622232978163,engine
Midheaven,30,200.6914702029384,-8.708002584725532,engine
Vertex,-30,113.53091196354345,21.67529869300259,engine
Vertex,-20,115.71431430011226,21.33397443792863,engine
Vertex,-15,116.79770460081059,21.153495781022833,engine
Vertex,-10,117.8757515559479,20.966609171145265,engine
Vertex,-5,118.94859932718352,20.773413404775482,engine
Vertex,-2,119.5898708497715,20.654507760788913,engine
Vertex,-1,119.80322850380173,20.61437907069263,engine
Vertex,0,120.01638822586492,20.574004894012116,engine
Vertex,1,120.22935110415338,20.533385976517913,engine
Vertex,2,120.44211822303426,20.4925230604325,engine
Vertex,3,120.65469066188297,20.451416884716167,engine
Vertex,4,120.86706949392371,20.410068185360913,engine
Vertex,5,121.07925578901552,20.368477694917154,engine
Vertex,6,121.29125075300897,20.326646114960166,engine
Vertex,7,121.5030551604456,20.284574228290484,engine
Vertex,8,121.71467020871467,20.242262730449657,engine
Vertex,9,121.92609694655903,20.199712342373584,engine
Vertex,10,122.13733641907424,20.156923781933358,engine
Vertex,11,122.34838966655127,20.11389776422903,engine
Vertex,12,122.55925772332553,20.07063500189087,engine
Vertex,13,122.76994162054362,20.02713620457855,engine
Vertex,14,122.9804423830539,19.983402079682424,engine
Vertex,15,123.19076103256064,19.939433331736016,engine
Vertex,16,123.40089858451925,19.895230663123897,engine
Vertex,17,123.61085619201889,19.850794743610336,engine
Vertex,18,123.8206345796314,19.806126330401202,engine
Vertex,19,124.03023489131306,19.76122608875312,engine
Vertex,20,124.23965812401802,19.716094711729426,engine
Vertex,21,124.44890527169045,19.67073288986937,engine
Vertex,22,124.65797732217604,19.625141311914852,engine
Vertex,23,124.86687526035524,19.579320664191783,engine
Vertex,24,125.07560006505999,19.533271631342817,engine
Vertex,25,125.28415271220172,19.48699489570137,engine
Vertex,26,125.49253417169324,19.440491138030193,engine
Vertex,27,125.70074541057178,19.393761036887852,engine
Vertex,28,125.90878738992592,19.34680526937365,engine
Vertex,29,126.11666120735269,19.29962447877264,engine
Vertex,30,126.32436753641989,19.252219402011274,engine
Algol,-30,47.045043724646064,40.95415911499367,engine
Algol,-20,47.045042477534,40.95415817038691,engine
Algol,-15,47.0450418941255,40.954157681830175,engine
Algol,-10,47.04504133811124,40.954157182829704,engine
Algol,-5,47.045040809946464,40.954156673685446,engine
Algol,-2,47.045040506600124,40.95415636345678,engine
Algol,-1,47.04504040776423,40.95415625927159,engine
Algol,0,47.04504031007379,40.95415615470275,engine
Algol,1,47.04504021353224,40.954156049752726,engine
Algol,2,47.045040118142886,40.95415594442403,engine
Algol,3,47.04504002390911,40.95415583871916,engine
Algol,4,47.045039930834236,40.95415573264064,engine
Algol,5,47.045039838921525,40.95415562619101,engine
Algol,6,47.04503974817422,40.95415551937268,engine
Algol,7,47.045039658595684,40.95415541218836,engine
Algol,8,47.0450395701891,40.954155304640516,engine
Algol,9,47.045039482957655,40.954155196731705,engine
Algol,10,47.04503939690456,40.954155088464475,engine
Algol,11,47.04503931203294,40.954154979841384,engine
Algol,12,47.04503922834597,40.954154870865004,engine
Algol,13,47.04503914584677,40.954154761537914,engine
Algol,14,47.0450390645384,40.95415465186272,engine
Algol,15,47.04503898442395,40.95415454184197,engine
Algol,16,47.045038905506445,40.95415443147828,engine
Algol,17,47.04503882778892,40.9541543207742,engine
Algol,18,47.04503875127443,40.95415420973246,engine
Algol,19,47.04503867596592,40.95415409835561,engine
Algol,20,47.04503860186636,40.95415398664628,engine
Algol,21,47.04503852897865,40.95415387460709,engine
Algol,22,47.045038457305736,40.954153762240686,engine
Algol,23,47.04503838685048,40.95415364954969,engine
Algol,24,47.045038317615735,40.954153536536765,engine
Algol,25,47.04503824960439,40.95415342320456,engine
Algol,26,47.04503818281921,40.954153309555764,engine
Algol,27,47.045038117263026,40.954153195593,engine
Algol,28,47.0450380529386,40.954153081318964,engine
Algol,29,47.045037989848616,40.95415296673626,engine
Algol,30,47.04503792799591,40.95415285184769,engine
Pleiades,-30,56.87267392348807,24.10477855070516,engine
Pleiades,-20,56.87267262076434,24.10477807140583,engine
Pleiades,-15,56.872671997495395,24.10477781966397,engine
Pleiades,-10,56.87267139357951,24.104777560068797,engine
Pleiades,-5,56.87267080947311,24.104777292781016,engine
Pleiades,-2,56.87267046870455,24.10477712878431,engine
Pleiades,-1,56.87267035675205,24.1047770735227,engine
Pleiades,0,56.87267024562389,24.10477701796533,engine
Pleiades,1,56.87267013532354,24.104776962113547,engine
Pleiades,2,56.872670025854454,24.10477690596872,engine
Pleiades,3,56.87266991722006,24.10477684953221,engine
Pleiades,4,56.87266980942379,24.1047767928054,engine
Pleiades,5,56.87266970246904,24.104776735789653,engine
Pleiades,6,56.87266959635915,24.10477667848633,engine
Pleiades,7,56.87266949109762,24.104776620896878,engine
Pleiades,8,56.872669386687704,24.104776563022686,engine
Pleiades,9,56.8726692831328,24.104776504865125,engine
Pleiades,10,56.8726691804362,24.10477644642561,engine
Pleiades,11,56.87266907860121,24.104776387705556,engine
Pleiades,12,56.87266897763115,24.104776328706368,engine
Pleiades,13,56.87266887752926,24.104776269429482,engine
Pleiades,14,56.872668778298795,24.10477620987633,engine
Pleiades,15,56.872668679943025,24.10477615004833,engine
Pleiades,16,56.87266858246517,24.10477608994692,engine
Pleiades,17,56.87266848586834,24.104776029573515,engine
Pleiades,18,56.872668390155894,24.104775968929637,engine
Pleiades,19,56.87266829533093,24.104775908016688,engine
Pleiades,20,56.8726682013966,24.10477584683615,engine
Pleiades,21,56.872668108356045,24.104775785389457,engine
Pleiades,22,56.87266801621238,24.104775723678113,engine
Pleiades,23,56.87266792496872,24.104775661703563,engine
Pleiades,24,56.872667834628146,24.10477559946731,engine
Pleiades,25,56.87266774519376,24.104775536970816,engine
Pleiades,26,56.87266765666856,24.104775474215582,engine
Pleiades,27,56.87266756905563,24.104775411203093,engine
Pleiades,28,56.87266748235797,24.104775347934865,engine
Pleiades,29,56.87266739657851,24.104775284412337,engine
Pleiades,30,56.87266731172038,24.104775220637134,engine
Capella,-30,79.17195943259742,45.99322596083765,engine
Capella,-20,79.17195711314109,45.99322544097489,engine
Capella,-15,79.1719559713919,45.993225154341374,engine
Capella,-10,79.17195484266423,45.993224850088865,engine
Capella,-5,79.17195372772636,45.99322452836452,engine
Capella,-2,79.17195306570063,45.99322432700798,engine
Capella,-1,79.17195284621783,45.993224258509834,engine
Capella,0,79.17195262734134,45.99322418932424,engine
Capella,1,79.17195240907718,45.993224119452535,engine
Capella,2,79.17195219143136,45.99322404889606,engine
Capella,3,79.17195197440985,45.9932239776562,engine
Capella,4,79.17195175801866,45.993223905734325,engine
Capella,5,79.17195154226377,45.99322383313181,engine
Capella,6,79.17195132715096,45.99322375985003,engine
Capella,7,79.1719511126865,45.993223685890506,engine
Capella,8,79.17195089887615,45.99322361125458,engine
Capella,9,79.17195068572588,45.99322353594374,engine
Capella,10,79.17195047324154,45.993223459959424,engine
Capella,11,79.17195026142906,45.9932233833031,engine
Capella,12,79.17195005029433,45.99322330597622,engine
Capella,13,79.1719498398432,45.99322322798034,engine
Capella,14,79.17194963008154,45.99322314931691,engine
Capella,15,79.1719494210152,45.993223069987486,engine
Capella,16,79.17194921264999,45.99322298999358,engine
Capella,17,79.1719490049916,45.99322290933669,engine
Capella,18,79.17194879804613,45.99322282801848,engine
Capella,19,79.17194859181922,45.99322274604046,engine
Capella,20,79.17194838631664,45.99322266340423,engine
Capella,21,79.17194818154415,45.99322258011139,engine
Capella,22,79.17194797750751,45.99322249616352,engine
Capella,23,79.17194777421246,45.99322241156227,engine
Capella,24,79.1719475716647,45.99322232630925,engine
Capella,25,79.17194736986995,45.99322224040612,engine
Capella,26,79.17194716883392,45.99322215385453,engine
Capella,27,79.17194696856227,45.993222066656145,engine
Capella,28,79.17194676906065,45.99322197881268,engine
Capella,29,79.17194657033458,45.99322189032574,engine
Capella,30,79.17194637238998,45.99322180119715,engine
Sirius,-30,101.28110595685948,-16.720116211642164,engine
Sirius,-20,101.28110408705646,-16.720116111971443,engine
Sirius,-15,101.28110314964947,-16.72011605088752,engine
Sirius,-10,101.28110221136716,-16.720115982292338,engine
Sirius,-5,101.28110127280584,-16.720115906181192,engine
Sirius,-2,101.28110070978387,-16.72011585690627,engine
Sirius,-1,101.28110052215759,-16.72011583987997,engine
Sirius,0,101.2811003345631,-16.720115822553048,engine
Sirius,1,101.28110014700523,-16.720115804925538,engine
Sirius,2,101.28109995948873,-16.720115786997464,engine
Sirius,3,101.28109977201835,-16.72011576876888,engine
Sirius,4,101.28109958459889,-16.720115750239845,engine
Sirius,5,101.28109939723511,-16.72011573141041,engine
Sirius,6,101.28109920993167,-16.7201157122806,engine
Sirius,7,101.28109902269355,-16.72011569285052,engine
Sirius,8,101.28109883552541,-16.720115673120244,engine
Sirius,9,101.28109864843204,-16.720115653089834,engine
Sirius,10,101.28109846141817,-16.72011563275938,engine
Sirius,11,101.28109827448856,-16.720115612128968,engine
Sirius,12,101.28109808764799,-16.720115591198695,engine
Sirius,13,101.28109790090122,-16.720115569968662,engine
Sirius,14,101.28109771425301,-16.72011554843896,engine
Sirius,15,101.28109752770807,-16.72011552660974,engine
Sirius,16,101.2810973412712,-16.72011550448108,engine
Sirius,17,101.28109715494702,-16.720115482053107,engine
Sirius,18,101.28109696874053,-16.720115459325985,engine
Sirius,19,101.28109678265632,-16.720115436299825,engine
Sirius,20,101.28109659669916,-16.720115412974764,engine
Sirius,21,101.2810964108738,-16.720115389350966,engine
Sirius,22,101.28109622518495,-16.72011536542857,engine
Sirius,23,101.28109603963739,-16.720115341207734,engine
Sirius,24,101.28109585423582,-16.72011531668862,engine
Sirius,25,101.28109566898496,-16.720115291871416,engine
Sirius,26,101.28109548388957,-16.720115266756274,engine
Sirius,27,101.28109529895437,-16.72011524134339,engine
Sirius,28,101.28109511418408,-16.72011521563295,engine
Sirius,29,101.28109492958328,-16.720115189625123,engine
Sirius,30,101.28109474515693,-16.72011516332013,engine
Procyon,-30,114.81764700263598,5.2205449839696,engine
Procyon,-20,114.81764522307839,5.2205450807140785,engine
Procyon,-15,114.81764432176723,5.220545125679316,engine
Procyon,-10,114.8176434135024,5.220545168355284,engine
Procyon,-5,114.8176424988385,5.220545208729915,engine
Procyon,-2,114.81764194720111,5.220545231845423,engine
Procyon,-1,114.81764176287558,5.220545239365226,engine
Procyon,0,114.81764157833435,5.220545246792207,engine
Procyon,1,114.81764139358195,5.2205452541263,engine
Procyon,2,114.81764120862283,5.220545261367424,engine
Procyon,3,114.81764102346152,5.220545268515516,engine
Procyon,4,114.8176408381025,5.220545275570495,engine
Procyon,5,114.81764065255035,5.220545282532305,engine
Procyon,6,114.8176404668094,5.220545289400871,engine
Procyon,7,114.81764028088442,5.220545296176129,engine
Procyon,8,114.81764009477983,5.220545302858015,engine
Procyon,9,114.81763990850014,5.220545309446469,engine
Procyon,10,114.81763972204989,5.220545315941433,engine
Procyon,11,114.81763953543361,5.220545322342845,engine
Procyon,12,114.81763934865585,5.2205453286506565,engine
Procyon,13,114.81763916172112,5.2205453348648065,engine
Procyon,14,114.817638974634,5.220545340985245,engine
Procyon,15,114.81763878739896,5.220545347011924,engine
Procyon,16,114.81763860002066,5.220545352944791,engine
Procyon,17,114.81763841250341,5.220545358783807,engine
Procyon,18,114.81763822485209,5.220545364528913,engine
Procyon,19,114.8176380370711,5.220545370180075,engine
Procyon,20,114.81763784916502,5.220545375737247,engine
Procyon,21,114.81763766113839,5.220545381200395,engine
Procyon,22,114.81763747299578,5.2205453865694755,engine
Procyon,23,114.81763728474175,5.220545391844457,engine
Procyon,24,114.81763709638086,5.220545397025299,engine
Procyon,25,114.8176369079177,5.220545402111975,engine
Procyon,26,114.81763671935684,5.220545407104451,engine
Procyon,27,114.81763653070287,5.2205454120027,engine
Procyon,28,114.81763634196028,5.220545416806689,engine
Procyon,29,114.81763615313363,5.2205454215164036,engine
Procyon,30,114.81763596422766,5.220545426131811,engine
Alkaid,-30,206.87850678712786,49.317388291199926,engine
Alkaid,-20,206.87850733249041,49.317389678982,engine
Alkaid,-15,206.87850754839354,49.31739038259757,engine
Alkaid,-10,206.87850772607547,49.31739109214865,engine
Alkaid,-5,206.87850786528233,49.31739180722139,engine
Alkaid,-2,206.8785079302395,49.31739223874187,engine
Alkaid,-1,206.87850794878668,49.317392382974795,engine
Alkaid,0,206.87850796577834,49.31739252739851,engine
Alkaid,1,206.8785079812128,49.31739267200968,engine
Alkaid,2,206.87850799508848,49.31739281680489,engine
Alkaid,3,206.8785080074037,49.317392961780776,engine
Alkaid,4,206.87850801815694,49.31739310693401,engine
Alkaid,5,206.87850802734658,49.317393252261176,engine
Alkaid,6,206.8785080349711,49.317393397759,engine
Alkaid,7,206.87850804102902,49.31739354342392,engine
Alkaid,8,206.87850804551886,49.31739368925261,engine
Alkaid,9,206.87850804843922,49.317393835241724,engine
Alkaid,10,206.87850804978865,49.31739398138787,engine
Alkaid,11,206.87850804956577,49.317394127687635,engine
Alkaid,12,206.87850804776923,49.317394274137605,engine
Alkaid,13,206.8785080443978,49.317394420734395,engine
Alkaid,14,206.87850803945008,49.317394567474636,engine
Alkaid,15,206.87850803292488,49.317394714354855,engine
Alkaid,16,206.87850802482095,49.31739486137172,engine
Alkaid,17,206.87850801513707,49.317395008521856,engine
Alkaid,18,206.87850800387213,49.31739515580167,engine
Alkaid,19,206.87850799102495,49.31739530320785,engine
Alkaid,20,206.87850797659445,49.31739545073699,engine
Alkaid,21,206.87850796057953,49.31739559838562,engine
Alkaid,22,206.87850794297916,49.31739574615038,engine
Alkaid,23,206.8785079237923,49.317395894027804,engine
Alkaid,24,206.87850790301806,49.317396042014465,engine
Alkaid,25,206.87850788065538,49.31739619010695,engine
Alkaid,26,206.87850785670335,49.31739633830183,engine
Alkaid,27,206.87850783116116,49.31739648659567,engine
Alkaid,28,206.87850780402783,49.31739663498501,engine
Alkaid,29,206.8785077753026,49.31739678346653,engine
Alkaid,30,206.8785077449847,49.317396932036566,engine
Algorab,-30,187.45991253334304,-16.51485820261307,engine
Algorab,-20,187.45991227202927,-16.51485863514518,engine
Algorab,-15,187.45991210051594,-16.51485885135158,engine
Algorab,-10,187.45991190177912,-16.514859067300016,engine
Algorab,-5,187.4599116758456,-16.514859282827118,engine
Algorab,-2,187.45991152724721,-16.514859411873083,engine
Algorab,-1,187.45991147554363,-16.514859454835552,engine
Algorab,0,187.45991142275537,-16.514859497769407,engine
Algorab,1,187.45991136888296,-16.514859540673374,engine
Algorab,2,187.45991131392677,-16.514859583546112,engine
Algorab,3,187.45991125788743,-16.51485962638634,engine
Algorab,4,187.4599112007654,-16.51485966919275,engine
Algorab,5,187.45991114256123,-16.514859711964046,engine
Algorab,6,187.45991108327547,-16.514859754698968,engine
Algorab,7,187.45991102290876,-16.514859797396145,engine
Algorab,8,187.4599109614617,-16.514859840054303,engine
Algorab,9,187.4599108989349,-16.51485988267215,engine
Algorab,10,187.45991083532903,-16.514859925248395,engine
Algorab,11,187.45991077064474,-16.514859967781742,engine
Algorab,12,187.45991070488273,-16.514860010270887,engine
Algorab,13,187.4599106380437,-16.51486005271454,engine
Algorab,14,187.45991057012844,-16.514860095111413,engine
Algorab,15,187.45991050113764,-16.514860137460193,engine
Algorab,16,187.45991043107213,-16.51486017975961,engine
Algorab,17,187.4599103599326,-16.514860222008405,engine
Algorab,18,187.45991028772,-16.514860264205204,engine
Algorab,19,187.45991021443507,-16.514860306348773,engine
Algorab,20,187.45991014007873,-16.514860348437818,engine
Algorab,21,187.45991006465187,-16.514860390471043,engine
Algorab,22,187.45990998815532,-16.514860432447172,engine
Algorab,23,187.45990991059003,-16.51486047436492,engine
Algorab,24,187.45990983195694,-16.51486051622299,engine
Algorab,25,187.45990975225703,-16.51486055802012,engine
Algorab,26,187.45990967149123,-16.514860599755014,engine
Algorab,27,187.45990958966058,-16.514860641426402,engine
Algorab,28,187.45990950676608,-16.514860683032996,engine
Algorab,29,187.45990942280875,-16.514860724573545,engine
Algorab,30,187.45990933778972,-16.51486076604674,engine
Spica,-30,201.2939674822209,-11.160042258860424,engine
Spica,-20,201.29396766865625,-11.160042528424084,engine
Spica,-15,201.2939677230549,-11.160042664979448,engine
Spica,-10,201.29396775140177,-11.16004280257174,engine
Spica,-5,201.2939677535833,-11.160042941091321,engine
Spica,-2,201.29396774229016,-11.160043024602308,engine
Spica,-1,201.293967736421,-11.160043052500559,engine
Spica,0,201.29396772949818,-11.160043080427956,engine
Spica,1,201.29396772152114,-11.160043108383622,engine
Spica,2,201.29396771248923,-11.160043136366665,engine
Spica,3,201.2939677024018,-11.160043164376201,engine
Spica,4,201.2939676912582,-11.160043192411347,engine
Spica,5,201.29396767905789,-11.160043220471207,engine
Spica,6,201.2939676658003,-11.16004324855492,engine
Spica,7,201.29396765148488,-11.160043276661552,engine
Spica,8,201.2939676361111,-11.16004330479024,engine
Spica,9,201.29396761967845,-11.160043332940093,engine
Spica,10,201.29396760218646,-11.160043361110215,engine
Spica,11,201.29396758363464,-11.160043389299734,engine
Spica,12,201.29396756402255,-11.16004341750774,engine
Spica,13,201.29396754334977,-11.160043445733352,engine
Spica,14,201.2939675216159,-11.160043473975675,engine
Spica,15,201.29396749882054,-11.160043502233819,engine
Spica,16,201.29396747496335,-11.16004353050689,engine
Spica,17,201.29396745004394,-11.160043558794026,engine
Spica,18,201.29396742406203,-11.160043587094286,engine
Spica,19,201.29396739701733,-11.160043615406797,engine
Spica,20,201.2939673689095,-11.16004364373067,engine
Spica,21,201.29396733973837,-11.160043672065013,engine
Spica,22,201.29396730950359,-11.160043700408927,engine
Spica,23,201.29396727820497,-11.160043728761524,engine
Spica,24,201.29396724584234,-11.160043757121915,engine
Spica,25,201.29396721241548,-11.160043785489194,engine
Spica,26,201.2939671779243,-11.16004381386248,engine
Spica,27,201.29396714236856,-11.160043842240869,engine
Spica,28,201.2939671057482,-11.160043870623472,engine
Spica,29,201.29396706806313,-11.160043899009413,engine
Spica,30,201.29396702931322,-11.160043927397766,engine
Arcturus,-30,213.9050097167149,19.173747741285077,engine
Arcturus,-20,213.90501031460363,19.17374836406523,engine
Arcturus,-15,213.90501057631695,19.17374868112205,engine
Arcturus,-10,213.90501081286305,19.17374900173205,engine
Arcturus,-5,213.9050110239972,19.173749325724817,engine
Arcturus,-2,213.90501113838252,19.173749521672477,engine
Arcturus,-1,213.90501117445098,19.17374958723876,engine
Arcturus,0,213.9050112094865,19.1737496529279,engine
Arcturus,1,213.9050112434874,19.173749718738527,engine
Arcturus,2,213.90501127645192,19.173749784669226,engine
Arcturus,3,213.90501130837842,19.173749850718597,engine
Arcturus,4,213.90501133926523,19.17374991688524,engine
Arcturus,5,213.90501136911072,19.173749983167763,engine
Arcturus,6,213.90501139791323,19.173750049564802,engine
Arcturus,7,213.90501142567118,19.17375011607485,engine
Arcturus,8,213.90501145238295,19.17375018269653,engine
Arcturus,9,213.90501147804702,19.173750249428455,engine
Arcturus,10,213.90501150266184,19.173750316269196,engine
Arcturus,11,213.90501152622585,19.17375038321734,engine
Arcturus,12,213.90501154873755,19.17375045027147,engine
Arcturus,13,213.90501157019554,19.173750517430157,engine
Arcturus,14,213.9050115905982,19.173750584691994,engine
Arcturus,15,213.90501160994427,19.17375065205553,engine
Arcturus,16,213.9050116282322,19.173750719519365,engine
Arcturus,17,213.9050116454606,19.173750787082096,engine
Arcturus,18,213.90501166162815,19.17375085474221,engine
Arcturus,19,213.9050116767334,19.17375092249832,engine
Arcturus,20,213.9050116907751,19.173750990348992,engine
Arcturus,21,213.90501170375185,19.173751058292783,engine
Arcturus,22,213.9050117156624,19.173751126328266,engine
Arcturus,23,213.90501172650542,19.173751194453995,engine
Arcturus,24,213.90501173627973,19.17375126266852,engine
Arcturus,25,213.90501174498402,19.17375133097041,engine
Arcturus,26,213.90501175261707,19.173751399358224,engine
Arcturus,27,213.90501175917774,19.1737514678305,engine
Arcturus,28,213.90501176466478,19.17375153638579,engine
Arcturus,29,213.90501176907708,19.173751605022705,engine
Arcturus,30,213.90501177241347,19.17375167373969,engine
Alphecca,-30,233.67102383807048,26.718290750962417,engine
Alphecca,-20,233.67102508449682,26.718291455497084,engine
Alphecca,-15,233.67102567719334,26.71829182041148,engine
Alphecca,-10,233.67102624893988,26.718292193517122,engine
Alphecca,-5,233.67102679929508,26.718292574629178,engine
Alphecca,-2,233.67102711906026,26.71829280706094,engine
Alphecca,-1,233.67102722388697,26.718292885156483,engine
Alphecca,0,233.67102732782723,26.718292963558593,engine
Alphecca,1,233.67102743087773,26.718293042265696,engine
Alphecca,2,233.6710275330351,26.718293121276265,engine
Alphecca,3,233.6710276342961,26.718293200588707,engine
Alphecca,4,233.67102773465737,26.71829328020148,engine
Alphecca,5,233.67102783411576,26.718293360112995,engine
Alphecca,6,233.67102793266798,26.718293440321723,engine
Alphecca,7,233.6710280303107,26.718293520825952,engine
Alphecca,8,233.67102812704078,26.718293601624175,engine
Alphecca,9,233.67102822285506,26.718293682714783,engine
Alphecca,10,233.6710283177503,26.71829376409617,engine
Alphecca,11,233.67102841172343,26.718293845766723,engine
Alphecca,12,233.6710285047712,26.718293927724833,engine
Alphecca,13,233.67102859689055,26.718294009968865,engine
Alphecca,14,233.6710286880783,26.71829409249722,engine
Alphecca,15,233.67102877833148,26.718294175308245,engine
Alphecca,16,233.67102886764692,26.718294258400302,engine
Alphecca,17,233.67102895602167,26.718294341771827,engine
Alphecca,18,233.67102904345262,26.71829442542102,engine
Alphecca,19,233.6710291299367,26.718294509346332,engine
Alphecca,20,233.67102921547098,26.718294593546062,engine
Alphecca,21,233.67102930005245,26.718294678018573,engine
Alphecca,22,233.67102938367813,26.718294762762195,engine
Alphecca,23,233.67102946634517,26.718294847775244,engine
Alphecca,24,233.67102954805063,26.718294933056033,engine
Alphecca,25,233.67102962879147,26.718295018602902,engine
Alphecca,26,233.67102970856493,26.718295104414153,engine
Alphecca,27,233.67102978736807,26.718295190488075,engine
Alphecca,28,233.67102986519808,26.718295276822985,engine
Alphecca,29,233.67102994205214,26.718295363417237,engine
Alphecca,30,233.67103001792736,26.718295450268997,engine
Vega,-30,279.2393858120356,38.7899535221221,engine
Vega,-20,279.2393881050349,38.78995370410049,engine
Vega,-15,279.23938925282357,38.789953819619754,engine
Vega,-10,279.2393904004935,38.78995395149996,engine
Vega,-5,279.2393915473121,38.789954099737024,engine
Vega,-2,279.239392234689,38.789954196525876,engine
Vega,-1,279.2393924636606,38.789954230095795,engine
Vega,0,279.2393926925453,38.78995426431895,engine
Vega,1,279.23939292133736,38.78995429919511,engine
Vega,2,279.2393931500309,38.78995433472413,engine
Vega,3,279.23939337862,38.789954370905754,engine
Vega,4,279.2393936070989,38.789954407739785,engine
Vega,5,279.2393938354617,38.789954445226,engine
Vega,6,279.2393940637028,38.789954483364156,engine
Vega,7,279.2393942918159,38.78995452215397,engine
Vega,8,279.23939451979544,38.78995456159516,engine
Vega,9,279.23939474763546,38.78995460168747,engine
Vega,10,279.2393949753303,38.78995464243061,engine
Vega,11,279.23939520287394,38.78995468382423,engine
Vega,12,279.2393954302607,38.789954725868064,engine
Vega,13,279.23939565748464,38.789954768561756,engine
Vega,14,279.23939588454,38.78995481190494,engine
Vega,15,279.239396111421,38.78995485589729,engine
Vega,16,279.2393963381217,38.78995490053843,engine
Vega,17,279.23939656463654,38.789954945827986,engine
Vega,18,279.23939679095935,38.78995499176552,engine
Vega,19,279.23939701708457,38.78995503835065,engine
Vega,20,279.23939724300624,38.78995508558294,engine
Vega,21,279.2393974687188,38.78995513346199,engine
Vega,22,279.23939769421617,38.78995518198734,engine
Vega,23,279.2393979194927,38.789955231158515,engine
Vega,24,279.2393981445427,38.78995528097509,engine
Vega,25,279.23939836936023,38.78995533143653,engine
Vega,26,279.2393985939396,38.789955382542374,engine
Vega,27,279.239398818275,38.789955434292104,engine
Vega,28,279.2393990423606,38.78995548668521,engine
Vega,29,279.23939926619096,38.78995553972116,engine
Vega,30,279.23939948975993,38.7899555933994,engine
Deneb Algedi,-30,326.7670367082679,-16.127375119794774,engine
Deneb Algedi,-20,326.76703811406907,-16.127374716783276,engine
Deneb Algedi,-15,326.76703884774173,-16.12737452241662,engine
Deneb Algedi,-10,326.76703960140105,-16.127374332965932,engine
Deneb Algedi,-5,326.76704037463946,-16.1273741485456,engine
Deneb Algedi,-2,326.76704084780687,-16.127374040354788,engine
Deneb Algedi,-1,326.7670410070465,-16.127374004706695,engine
Deneb Algedi,0,326.767041167039,-16.127373969267833,engine
Deneb Algedi,1,326.7670413277809,-16.127373934039063,engine
Deneb Algedi,2,326.7670414892688,-16.127373899021254,engine
Deneb Algedi,3,326.7670416514992,-16.12737386421526,engine
Deneb Algedi,4,326.76704181446854,-16.127373829621938,engine
Deneb Algedi,5,326.7670419781735,-16.12737379524214,engine
Deneb Algedi,6,326.7670421426106,-16.127373761076704,engine
Deneb Algedi,7,326.76704230777597,-16.127373727126496,engine
Deneb Algedi,8,326.7670424736663,-16.127373693392368,engine
Deneb Algedi,9,326.7670426402781,-16.127373659875133,engine
Deneb Algedi,10,326.7670428076076,-16.127373626575626,engine
Deneb Algedi,11,326.7670429756514,-16.127373593494674,engine
Deneb Algedi,12,326.7670431444058,-16.127373560633107,engine
Deneb Algedi,13,326.7670433138673,-16.127373527991747,engine
Deneb Algedi,14,326.7670434840322,-16.127373495571394,engine
Deneb Algedi,15,326.7670436548968,-16.12737346337287,engine
Deneb Algedi,16,326.76704382645755,-16.12737343139699,engine
Deneb Algedi,17,326.76704399871085,-16.12737339964452,engine
Deneb Algedi,18,326.76704417165286,-16.127373368116306,engine
Deneb Algedi,19,326.76704434527994,-16.127373336813115,engine
Deneb Algedi,20,326.7670445195884,-16.127373305735766,engine
Deneb Algedi,21,326.76704469457457,-16.127373274885016,engine
Deneb Algedi,22,326.76704487023466,-16.12737324426165,engine
Deneb Algedi,23,326.76704504656493,-16.12737321386645,engine
Deneb Algedi,24,326.7670452235617,-16.127373183700183,engine
Deneb Algedi,25,326.7670454012211,-16.12737315376363,engine
Deneb Algedi,26,326.7670455795394,-16.12737312405753,engine
Deneb Algedi,27,326.7670457585129,-16.12737309458267,engine
Deneb Algedi,28,326.76704593813764,-16.127373065339793,engine
Deneb Algedi,29,326.76704611840995,-16.127373036329626,engine
Deneb Algedi,30,326.7670462993259,-16.127373007552965,engine
Rigel,-30,78.63379217306704,-8.198784897513724,engine
Rigel,-20,78.63379055188854,-8.198784703665533,engine
Rigel,-15,78.63378975427052,-8.198784601463462,engine
Rigel,-10,78.6337889660244,-8.198784495778085,engine
Rigel,-5,78.63378818768751,-8.198784386637959,engine
Rigel,-2,78.6337877256641,-8.198784319508162,engine
Rigel,-1,78.63378757251144,-8.198784296858763,engine
Rigel,0,78.6337874197934,-8.198784274073398,engine
Rigel,1,78.63378726751421,-8.198784251152322,engine
Rigel,2,78.63378711567805,-8.1987842280958,engine
Rigel,3,78.63378696428909,-8.198784204904106,engine
Rigel,4,78.63378681335153,-8.19878418157749,engine
Rigel,5,78.63378666286955,-8.198784158116235,engine
Rigel,6,78.63378651284722,-8.1987841345206,engine
Rigel,7,78.63378636328889,-8.198784110790887,engine
Rigel,8,78.63378621419858,-8.198784086927363,engine
Rigel,9,78.63378606558047,-8.198784062930304,engine
Rigel,10,78.63378591743866,-8.198784038799996,engine
Rigel,11,78.63378576977728,-8.198784014536729,engine
Rigel,12,78.63378562260044,-8.198783990140788,engine
Rigel,13,78.63378547591223,-8.198783965612465,engine
Rigel,14,78.63378532971676,-8.198783940952051,engine
Rigel,15,78.63378518401811,-8.198783916159847,engine
Rigel,16,78.63378503882033,-8.198783891236152,engine
Rigel,17,78.63378489412743,-8.198783866181245,engine
Rigel,18,78.6337847499436,-8.19878384099547,engine
Rigel,19,78.63378460627284,-8.198783815679109,engine
Rigel,20,78.63378446311916,-8.198783790232483,engine
Rigel,21,78.63378432048658,-8.19878376465589,engine
Rigel,22,78.63378417837913,-8.19878373894965,engine
Rigel,23,78.63378403680079,-8.198783713114086,engine
Rigel,24,78.63378389575557,-8.198783687149508,engine
Rigel,25,78.63378375524746,-8.198783661056238,engine
Rigel,26,78.63378361528044,-8.198783634834603,engine
Rigel,27,78.63378347585844,-8.198783608484929,engine
Rigel,28,78.63378333698542,-8.198783582007545,engine
Rigel,29,78.63378319866526,-8.198783555402764,engine
Rigel,30,78.63378306090205,-8.198783528670953,engine
Betelgeuse,-30,88.79152291714742,7.408621076611166,engine
Betelgeuse,-20,88.79152118021295,7.4086210882378385,engine
Betelgeuse,-15,88.7915203179081,7.408621089062772,engine
Betelgeuse,-10,88.79151946046925,7.4086210865802125,engine
Betelgeuse,-5,88.79151860846137,7.408621080805711,engine
Betelgeuse,-2,88.79151810009814,7.40862107576794,engine
Betelgeuse,-1,88.79151793114417,7.408621073827372,engine
Betelgeuse,0,88.7915177624479,7.408621071756401,engine
Betelgeuse,1,88.79151759401378,7.408621069555179,engine
Betelgeuse,2,88.7915174258463,7.408621067223864,engine
Betelgeuse,3,88.79151725794989,7.408621064762616,engine
Betelgeuse,4,88.79151709032905,7.4086210621715995,engine
Betelgeuse,5,88.79151692298821,7.408621059450975,engine
Betelgeuse,6,88.79151675593168,7.408621056600907,engine
Betelgeuse,7,88.79151658916413,7.40862105362157,engine
Betelgeuse,8,88.79151642268991,7.40862105051314,engine
Betelgeuse,9,88.79151625651342,7.408621047275782,engine
Betelgeuse,10,88.79151609063908,7.408621043909678,engine
Betelgeuse,11,88.79151592507131,7.408621040415008,engine
Betelgeuse,12,88.79151575981453,7.40862103679195,engine
Betelgeuse,13,88.79151559487313,7.4086210330406885,engine
Betelgeuse,14,88.79151543025152,7.408621029161412,engine
Betelgeuse,15,88.7915152659541,7.408621025154314,engine
Betelgeuse,16,88.79151510198524,7.408621021019579,engine
Betelgeuse,17,88.7915149383492,7.408621016757399,engine
Betelgeuse,18,88.79151477505059,7.4086210123679805,engine
Betelgeuse,19,88.79151461209365,7.408621007851512,engine
Betelgeuse,20,88.79151444948276,7.408621003208201,engine
Betelgeuse,21,88.79151428722226,7.408620998438251,engine
Betelgeuse,22,88.79151412531651,7.40862099354187,engine
Betelgeuse,23,88.79151396376983,7.408620988519256,engine
Betelgeuse,24,88.79151380258656,7.408620983370635,engine
Betelgeuse,25,88.79151364177105,7.408620978096211,engine
Betelgeuse,26,88.79151348132758,7.4086209726961965,engine
Betelgeuse,27,88.79151332126048,7.408620967170818,engine
Betelgeuse,28,88.79151316157406,7.408620961520292,engine
Betelgeuse,29,88.7915130022725,7.408620955744841,engine
Betelgeuse,30,88.79151284336032,7.408620949844691,engine
Polaris,-30,38.19392614608054,89.25972381420154,engine
Polaris,-20,38.193872404111005,89.25972215636318,engine
Polaris,-15,38.1938481474355,89.25972130760894,engine
Polaris,-10,38.193825662872925,89.25972044629339,engine
Polaris,-5,38.193804971280436,89.25971957292018,engine
Polaris,-2,38.19379342532233,89.25971904332083,engine
Polaris,-1,38.19378972243594,89.25971886588302,engine
Polaris,0,38.19378609268719,89.25971868799975,engine
Polaris,1,38.193782536226465,89.25971850967518,engine
Polaris,2,38.19377905320267,89.25971833091347,engine
Polaris,3,38.19377564376335,89.25971815171874,engine
Polaris,4,38.19377230805463,89.25971797209517,engine
Polaris,5,38.193769046221234,89.25971779204696,engine
Polaris,6,38.19376585840431,89.25971761157813,engine
Polaris,7,38.193762744750025,89.25971743069313,engine
Polaris,8,38.19375970539669,89.25971724939605,engine
Polaris,9,38.19375674048336,89.25971706769106,engine
Polaris,10,38.193753850147594,89.2597168855824,engine
Polaris,11,38.193751034525555,89.25971670307429,engine
Polaris,12,38.19374829375207,89.25971652017094,engine
Polaris,13,38.19374562796037,89.25971633687662,engine
Polaris,14,38.1937430372824,89.25971615319555,engine
Polaris,15,38.193740521848554,89.25971596913199,engine
Polaris,16,38.19373808178785,89.25971578469019,engine
Polaris,17,38.19373571722627,89.25971559987428,engine
Polaris,18,38.19373342829309,89.25971541468881,engine
Polaris,19,38.193731215111384,89.25971522913792,engine
Polaris,20,38.193729077804335,89.2597150432259,engine
Polaris,21,38.193727016493696,89.25971485695705,engine
Polaris,22,38.1937250312998,89.25971467033565,engine
Polaris,23,38.193723122341424,89.25971448336604,engine
Polaris,24,38.193721289736004,89.25971429605251,engine
Polaris,25,38.193719533599456,89.25971410839938,engine
Polaris,26,38.19371785404619,89.25971392041097,engine
Polaris,27,38.19371625118923,89.25971373209165,engine
Polaris,28,38.19371472514011,89.25971354344574,engine
Polaris,29,38.19371327600787,89.25971335447746,engine
Polaris,30,38.19371190390308,89.2597131651914,engine
Castor,-30,113.64400816578689,31.88721342327428,engine
Castor,-20,113.64400606977674,31.88721362428585,engine
Castor,-15,113.64400500915139,31.887213704889685,engine
Castor,-10,113.64400394097906,31.887213772121555,engine
Castor,-5,113.6440028659136,31.887213825911484,engine
Castor,-2,113.64400221783961,31.887213851706584,engine
Castor,-1,113.64400200134071,31.88721385922227,engine
Castor,0,113.64400178461351,31.88721386619586,engine
Castor,1,113.64400156766335,31.887213872626955,engine
Castor,2,113.64400135049549,31.887213878515077,engine
Castor,3,113.64400113311522,31.88721388385983,engine
Castor,4,113.64400091552787,31.887213888660817,engine
Castor,5,113.64400069773879,31.88721389291764,engine
Castor,6,113.64400047975309,31.88721389662992,engine
Castor,7,113.64400026157641,31.88721389979727,engine
Castor,8,113.6440000432139,31.887213902419337,engine
Castor,9,113.64399982467091,31.887213904495752,engine
Castor,10,113.64399960595276,31.88721390602619,engine
Castor,11,113.64399938706478,31.887213907010302,engine
Castor,12,113.64399916801231,31.88721390744781,engine
Castor,13,113.6439989488007,31.887213907338353,engine
Castor,14,113.64399872943527,31.88721390668165,engine
Castor,15,113.6439985099214,31.88721390547741,engine
Castor,16,113.64399829026438,31.887213903725357,engine
Castor,17,113.64399807046946,31.887213901425216,engine
Castor,18,113.64399785054228,31.887213898576725,engine
Castor,19,113.64399763048804,31.887213895179652,engine
Castor,20,113.6439974103121,31.887213891233742,engine
Castor,21,113.64399719001982,31.88721388673877,engine
Castor,22,113.6439969696166,31.887213881694546,engine
Castor,23,113.64399674910773,31.88721387610082,engine
Castor,24,113.64399652849863,31.88721386995744,engine
Castor,25,113.64399630779465,31.887213863264186,engine
Castor,26,113.64399608700117,31.887213856020903,engine
Castor,27,113.64399586612357,31.88721384822741,engine
Castor,28,113.64399564516721,31.887213839883596,engine
Castor,29,113.64399542413732,31.887213830989257,engine
Castor,30,113.64399520303958,31.887213821544307,engine
Altair,-30,297.70286620535126,8.873319055298554,engine
Altair,-20,297.7028679831307,8.873319073441943,engine
Altair,-15,297.7028688855359,8.873319088192837,engine
Altair,-10,297.70286979622284,8.873319106770133,engine
Altair,-5,297.70287071464054,8.873319129201743,engine
Altair,-2,297.70287126917077,8.8733191445217,engine
Altair,-1,297.70287145456746,8.873319149939714,engine
Altair,0,297.70287164023335,8.873319155513732,engine
Altair,1,297.70287182616386,8.873319161243941,engine
Altair,2,297.70287201235465,8.873319167130523,engine
Altair,3,297.7028721988011,8.873319173173659,engine
Altair,4,297.70287238549884,8.873319179373532,engine
Altair,5,297.70287257244325,8.873319185730313,engine
Altair,6,297.70287275963,8.873319192244187,engine
Altair,7,297.7028729470544,8.873319198915299,engine
Altair,8,297.702873134712,8.873319205743833,engine
Altair,9,297.70287332259824,8.873319212729955,engine
Altair,10,297.7028735107086,8.873319219873812,engine
Altair,11,297.70287369903866,8.873319227175575,engine
Altair,12,297.70287388758385,8.873319234635385,engine
Altair,13,297.7028740763396,8.87331924225341,engine
Altair,14,297.7028742653014,8.873319250029791,engine
Altair,15,297.7028744544646,8.87331925796467,engine
Altair,16,297.7028746438249,8.873319266058186,engine
Altair,17,297.7028748333776,8.873319274310495,engine
Altair,18,297.7028750231181,8.873319282721713,engine
Altair,19,297.7028752130419,8.873319291291988,engine
Altair,20,297.7028754031444,8.873319300021443,engine
Altair,21,297.7028755934211,8.873319308910203,engine
Altair,22,297.7028757838673,8.873319317958392,engine
Altair,23,297.7028759744786,8.873319327166142,engine
Altair,24,297.70287616525036,8.873319336533562,engine
Altair,25,297.70287635617797,8.873319346060768,engine
Altair,26,297.7028765472569,8.873319355747872,engine
Altair,27,297.70287673848253,8.873319365594988,engine
Altair,28,297.70287692985033,8.873319375602208,engine
Altair,29,297.70287712135575,8.873319385769655,engine
Altair,30,297.7028773129941,8.873319396097408,engine
Bellatrix,-30,81.28179811571884,6.351191323320904,engine
Bellatrix,-20,81.28179646521636,6.351191319972614,engine
Bellatrix,-15,81.28179565114895,6.351191314144035,engine
Bellatrix,-10,81.28179484527016,6.351191305572332,engine
Bellatrix,-5,81.2817940481242,6.35119129427901,engine
Bellatrix,-2,81.28179357425377,6.3511912862060855,engine
Bellatrix,-1,81.28179341705888,6.351191283300089,engine
Bellatrix,0,81.28179326025212,6.351191280286901,engine
Bellatrix,1,81.28179310383776,6.351191277166721,engine
Bellatrix,2,81.28179294782004,6.35119127393975,engine
Bellatrix,3,81.28179279220325,6.351191270606183,engine
Bellatrix,4,81.28179263699163,6.3511912671662305,engine
Bellatrix,5,81.28179248218942,6.351191263620093,engine
Bellatrix,6,81.28179232780074,6.351191259967977,engine
Bellatrix,7,81.28179217383006,6.351191256210096,engine
Bellatrix,8,81.28179202028146,6.351191252346658,engine
Bellatrix,9,81.28179186715919,6.351191248377876,engine
Bellatrix,10,81.28179171446739,6.351191244303967,engine
Bellatrix,11,81.2817915622103,6.351191240125145,engine
Bellatrix,12,81.28179141039212,6.351191235841637,engine
Bellatrix,13,81.28179125901698,6.3511912314536545,engine
Bellatrix,14,81.28179110808908,6.351191226961423,engine
Bellatrix,15,81.28179095761259,6.351191222365172,engine
Bellatrix,16,81.28179080759163,6.351191217665127,engine
Bellatrix,17,81.28179065803027,6.351191212861512,engine
Bellatrix,18,81.28179050893284,6.351191207954564,engine
Bellatrix,19,81.28179036030336,6.351191202944513,engine
Bellatrix,20,81.28179021214595,6.351191197831597,engine
Bellatrix,21,81.28179006446472,6.351191192616056,engine
Bellatrix,22,81.28178991726377,6.351191187298119,engine
Bellatrix,23,81.28178977054716,6.351191181878036,engine
Bellatrix,24,81.28178962431902,6.351191176356044,engine
Bellatrix,25,81.28178947858338,6.351191170732392,engine
Bellatrix,26,81.28178933334432,6.351191165007323,engine
Bellatrix,27,81.2817891886059,6.351191159181088,engine
Bellatrix,28,81.28178904437215,6.3511911532539385,engine
Bellatrix,29,81.281788900647,6.351191147226123,engine
Bellatrix,30,81.28178875743467,6.3511911410979,engine
