body,minute,ra,dec,source
Aldebaran,-30,68.97636636873263,16.507169997055268,engine
Aldebaran,-20,68.97636566284434,16.50717067564657,engine
Aldebaran,-15,68.97636526814479,16.507171013624077,engine
Aldebaran,-10,68.9763648457073,16.5071713505014,engine
Aldebaran,-5,68.9763643956226,16.507171686113217,engine
Aldebaran,-2,68.97636411234392,16.507171886804226,engine
Aldebaran,-1,68.97636401571843,16.50717195358067,engine
Aldebaran,0,68.97636391799486,16.50717202029465,engine
Aldebaran,1,68.97636381917424,16.507172086944845,engine
Aldebaran,2,68.97636371925753,16.507172153529943,engine
Aldebaran,3,68.97636361824577,16.50717222004866,engine
Aldebaran,4,68.97636351614,16.507172286499664,engine
Aldebaran,5,68.97636341294131,16.507172352881653,engine
Aldebaran,6,68.97636330865065,16.507172419193385,engine
Aldebaran,7,68.97636320326932,16.507172485433447,engine
Aldebaran,8,68.97636309679837,16.50717255160059,engine
Aldebaran,9,68.97636298923892,16.507172617693524,engine
Aldebaran,10,68.97636288059219,16.507172683710937,engine
Aldebaran,11,68.97636277085932,16.507172749651534,engine
Aldebaran,12,68.97636266004154,16.50717281551403,engine
Aldebaran,13,68.97636254814007,16.50717288129712,engine
Aldebaran,14,68.9763624351562,16.507172946999503,engine
Aldebaran,15,68.97636232109116,16.50717301261991,engine
Aldebaran,16,68.97636220594624,16.50717307815703,engine
Aldebaran,17,68.97636208972271,16.50717314360964,engine
Aldebaran,18,68.97636197242204,16.50717320897635,engine
Aldebaran,19,68.9763618540455,16.507173274255926,engine
Aldebaran,20,68.97636173459449,16.507173339447085,engine
Aldebaran,21,68.97636161407037,16.507173404548535,engine
Aldebaran,22,68.9763614924746,16.507173469559024,engine
Aldebaran,23,68.97636136980859,16.507173534477243,engine
Aldebaran,24,68.97636124607381,16.50717359930193,engine
Aldebaran,25,68.97636112127171,16.507173664031807,engine
Aldebaran,26,68.97636099540382,16.507173728665613,engine
Aldebaran,27,68.97636086847166,16.50717379320206,engine
Aldebaran,28,68.97636074047676,16.507173857639895,engine
Aldebaran,29,68.97636061142059,16.507173921977873,engine
Aldebaran,30,68.9763604813049,16.507173986214667,engine
Antares,-30,247.35643992731755,-26.432481724095187,engine
Antares,-20,247.35644074693536,-26.432480745977063,engine
Antares,-15,247.35644120129297,-26.432480259440204,engine
Antares,-10,247.35644168521915,-26.43247977493011,engine
Antares,-5,247.35644219859842,-26.432479292704397,engine
Antares,-2,247.35644252071003,-26.43247900457233,engine
Antares,-1,247.35644263042127,-26.43247890874115,engine
Antares,0,247.356442741301,-26.432478813019788,engine
Antares,1,247.35644285334786,-26.4324787174103,engine
Antares,2,247.35644296656082,-26.432478621914708,engine
Antares,3,247.35644308093848,-26.432478526535043,engine
Antares,4,247.3564431964797,-26.432478431273353,engine
Antares,5,247.35644331318315,-26.432478336131652,engine
Antares,6,247.35644343104758,-26.432478241111923,engine
Antares,7,247.35644355007153,-26.432478146216315,engine
Antares,8,247.3564436702537,-26.43247805144677,engine
Antares,9,247.35644379159277,-26.432477956805332,engine
Antares,10,247.3564439140873,-26.43247786229401,engine
Antares,11,247.3564440377359,-26.432477767914815,engine
Antares,12,247.3564441625371,-26.43247767366977,engine
Antares,13,247.3564442884894,-26.432477579560878,engine
Antares,14,247.35644441559148,-26.432477485590148,engine
Antares,15,247.3564445438417,-26.43247739175959,engine
Antares,16,247.3564446732385,-26.432477298071202,engine
Antares,17,247.35644480378053,-26.432477204526922,engine
Antares,18,247.356444935466,-26.43247711112889,engine
Antares,19,247.3564450682933,-26.432477017879012,engine
Antares,20,247.35644520226103,-26.432476924779298,engine
Antares,21,247.35644533736738,-26.432476831831732,engine
Antares,22,247.3564454736108,-26.432476739038286,engine
Antares,23,247.35644561098948,-26.432476646400964,engine
Antares,24,247.35644574950183,-26.43247655392174,engine
Antares,25,247.35644588914604,-26.432476461602594,engine
Antares,26,247.3564460299205,-26.432476369445492,engine
Antares,27,247.3564461718233,-26.432476277452402,engine
Antares,28,247.3564463148527,-26.43247618562531,engine
Antares,29,247.356446459007,-26.4324760939661,engine
Antares,30,247.3564466042842,-26.43247600247686,engine
Ceres,-30,78.06717304787419,25.491876863253466,engine
Ceres,-20,78.06999143271403,25.492274081785705,engine
Ceres,-15,78.07140060105034,25.49247252238394,engine
Ceres,-10,78.07280976055637,25.492670850061444,engine
Ceres,-5,78.07421891717101,25.49286906458319,engine
Ceres,-2,78.07506441200316,25.492987938887012,engine
Ceres,-1,78.07534624394847,25.493027554553883,engine
Ceres,0,78.07562807627387,25.493067165704236,engine
Ceres,1,78.0759099089334,25.493106772312785,engine
Ceres,2,78.07619174197258,25.49314637437839,engine
Ceres,3,78.07647357543681,25.493185971900026,engine
Ceres,4,78.07675540937164,25.493225564876752,engine
Ceres,5,78.0770372437312,25.493265153283517,engine
Ceres,6,78.07731907893269,25.493304737194368,engine
Ceres,7,78.07760091455232,25.493344316531356,engine
Ceres,8,78.07788275082457,25.493383891320367,engine
Ceres,9,78.078164587795,25.493423461560837,engine
Ceres,10,78.07844642541778,25.493463027228145,engine
Ceres,11,78.0787282639212,25.49350258837014,engine
Ceres,12,78.0790101032594,25.49354214496237,engine
Ceres,13,78.07929194347801,25.493581697004533,engine
Ceres,14,78.07957378462253,25.493621244496502,engine
Ceres,15,78.07985562664716,25.493660787414,engine
Ceres,16,78.08013746978024,25.49370032580529,engine
Ceres,17,78.08041931416489,25.49373985967279,engine
Ceres,18,78.08070115946873,25.493779388963617,engine
Ceres,19,78.08098300583495,25.493818913680343,engine
Ceres,20,78.08126485349183,25.493858433871505,engine
Ceres,21,78.08154670239355,25.49389794951336,engine
Ceres,22,78.08182855258569,25.49393746060634,engine
Ceres,23,78.0821104040224,25.493976967126812,engine
Ceres,24,78.08239225693198,25.49401646912365,engine
Ceres,25,78.08267411126859,25.494055966573384,engine
Ceres,26,78.0829559669864,25.494095459452645,engine
Ceres,27,78.08323782431364,25.4941349478105,engine
Ceres,28,78.08351968320447,25.494174431623733,engine
Ceres,29,78.08380154389339,25.49421391091979,engine
Ceres,30,78.08408340595652,25.49425338562265,engine
Chiron,-30,11.203713644487346,6.925690778138994,engine
Chiron,-20,11.204078659776277,6.925840962179064,engine
Chiron,-15,11.204261196850222,6.925916045747342,engine
Chiron,-10,11.20444375468576,6.925991123745657,engine
Chiron,-5,11.204626334207264,6.926066196257925,engine
Chiron,-2,11.204735892662006,6.926111237148249,engine
Chiron,-1,11.204772413981836,6.9261262503467265,engine
Chiron,0,11.204808936229735,6.92614126333009,engine
Chiron,1,11.204845459408384,6.926156276097704,engine
Chiron,2,11.204881983532637,6.926171288652472,engine
Chiron,3,11.204918508605154,6.92618630099378,engine
Chiron,4,11.204955034628528,6.926201313120985,engine
Chiron,5,11.204991561617575,6.926216325037022,engine
Chiron,6,11.205028089599367,6.92623133675133,engine
Chiron,7,11.205064618527482,6.926246348243161,engine
Chiron,8,11.205101148441145,6.926261359525525,engine
Chiron,9,11.20513767934287,6.926276370597798,engine
Chiron,10,11.20517421123517,6.926291381459387,engine
Chiron,11,11.205210744132707,6.926306392113226,engine
Chiron,12,11.20524727803388,6.926321402557542,engine
Chiron,13,11.20528381295333,6.926336412795277,engine
Chiron,14,11.205320348893457,6.926351422825852,engine
Chiron,15,11.205356885856663,6.926366432648669,engine
Chiron,16,11.205393423857524,6.926381442266693,engine
Chiron,17,11.205429962922883,6.9263964516894045,engine
Chiron,18,11.205466503006072,6.9264114608961025,engine
Chiron,19,11.205503044146095,6.926426469899818,engine
Chiron,20,11.205539586345244,6.926441478699979,engine
Chiron,21,11.205576129605772,6.92645648729602,engine
Chiron,22,11.205612673942133,6.926471495690927,engine
Chiron,23,11.20564921935653,6.926486503884132,engine
Chiron,24,11.20568576585118,6.92650151187508,engine
Chiron,25,11.205722313440438,6.926516519666765,engine
Chiron,26,11.205758862126466,6.926531527258632,engine
Chiron,27,11.205795411911389,6.926546534650133,engine
Chiron,28,11.205831962809514,6.926561541844272,engine
Chiron,29,11.205868514847436,6.926576548850574,engine
Chiron,30,11.205905067978192,6.92659155564837,engine
Eris,-30,26.382544702948074,-1.0661293197947632,tno-rate
Eris,-20,26.382609761178767,-1.0660995309190724,tno-rate
Eris,-15,26.38264229029411,-1.066084636481227,tno-rate
Eris,-10,26.38267481940946,-1.0660697420433818,tno-rate
Eris,-5,26.382707348524804,-1.0660548476055363,tno-rate
Eris,-2,26.382726865994012,-1.066045910942829,tno-rate
Eris,-1,26.382733371817082,-1.06604293205526,tno-rate
Eris,0,26.38273987764015,-1.066039953167691,tno-rate
Eris,1,26.38274638346322,-1.066036974280122,tno-rate
Eris,2,26.38275288928629,-1.0660339953925528,tno-rate
Eris,3,26.38275939510936,-1.0660310165049838,tno-rate
Eris,4,26.38276590093243,-1.0660280376174147,tno-rate
Eris,5,26.3827724067555,-1.0660250587298457,tno-rate
Eris,6,26.382778912578566,-1.0660220798422766,tno-rate
Eris,7,26.382785418401635,-1.0660191009547075,tno-rate
Eris,8,26.382791924224705,-1.0660161220671382,tno-rate
Eris,9,26.382798430047774,-1.0660131431795692,tno-rate
Eris,10,26.382804935870844,-1.0660101642920001,tno-rate
Eris,11,26.382811441693914,-1.066007185404431,tno-rate
Eris,12,26.382817947516983,-1.066004206516862,tno-rate
Eris,13,26.382824453340053,-1.066001227629293,tno-rate
Eris,14,26.382830959163122,-1.0659982487417239,tno-rate
Eris,15,26.382837464986192,-1.0659952698541548,tno-rate
Eris,16,26.38284397080926,-1.0659922909665858,tno-rate
Eris,17,26.382850476632328,-1.0659893120790167,tno-rate
Eris,18,26.382856982455397,-1.0659863331914476,tno-rate
Eris,19,26.382863488278467,-1.0659833543038786,tno-rate
Eris,20,26.382869994101537,-1.0659803754163095,tno-rate
Eris,21,26.382876499924606,-1.0659773965287405,tno-rate
Eris,22,26.382883005747676,-1.0659744176411714,tno-rate
Eris,23,26.382889511570745,-1.0659714387536021,tno-rate
Eris,24,26.382896017393815,-1.065968459866033,tno-rate
Eris,25,26.382902523216885,-1.065965480978464,tno-rate
Eris,26,26.382909029039954,-1.065962502090895,tno-rate
Eris,27,26.382915534863024,-1.0659595232033259,tno-rate
Eris,28,26.382922040686093,-1.0659565443157568,tno-rate
Eris,29,26.38292854650916,-1.0659535654281878,tno-rate
Eris,30,26.38293505233223,-1.0659505865406187,tno-rate
Fomalhaut,-30,344.41074764017105,-29.623160009211528,engine
Fomalhaut,-20,344.4107453249324,-29.623159657191813,engine
Fomalhaut,-15,344.41074416797306,-29.623159461343565,engine
Fomalhaut,-10,344.41074301235477,-29.623159252280434,engine
Fomalhaut,-5,344.4107418587522,-29.623159030018233,engine
Fomalhaut,-2,344.41074116783886,-29.623158890334373,engine
Fomalhaut,-1,344.41074093777473,-29.62315884271991,engine
Fomalhaut,0,344.4107407078397,-29.623158794579243,engine
Fomalhaut,1,344.4107404780392,-29.623158745912622,engine
Fomalhaut,2,344.41074024837866,-29.623158696720306,engine
Fomalhaut,3,344.4107400188633,-29.62315864700257,engine
Fomalhaut,4,344.4107397894986,-29.623158596759698,engine
Fomalhaut,5,344.41073956028987,-29.623158545991956,engine
Fomalhaut,6,344.4107393312424,-29.623158494699616,engine
Fomalhaut,7,344.41073910236173,-29.623158442883057,engine
Fomalhaut,8,344.4107388736532,-29.623158390542574,engine
Fomalhaut,9,344.410738645122,-29.623158337678486,engine
Fomalhaut,10,344.4107384167737,-29.62315828429113,engine
Fomalhaut,11,344.4107381886135,-29.62315823038086,engine
Fomalhaut,12,344.4107379606467,-29.62315817594803,engine
Fomalhaut,13,344.41073773287883,-29.623158120993015,engine
Fomalhaut,14,344.410737505315,-29.623158065516197,engine
Fomalhaut,15,344.41073727796066,-29.62315800951794,engine
Fomalhaut,16,344.4107370508212,-29.623157952998675,engine
Fomalhaut,17,344.4107368239017,-29.623157895958748,engine
Fomalhaut,18,344.41073659720774,-29.623157838398672,engine
Fomalhaut,19,344.4107363707446,-29.62315778031881,engine
Fomalhaut,20,344.4107361445175,-29.623157721719647,engine
Fomalhaut,21,344.4107359185318,-29.623157662601596,engine
Fomalhaut,22,344.41073569279285,-29.623157602965115,engine
Fomalhaut,23,344.4107354673058,-29.62315754281069,engine
Fomalhaut,24,344.41073524207604,-29.623157482138794,engine
Fomalhaut,25,344.4107350171089,-29.623157420949894,engine
Fomalhaut,26,344.4107347924095,-29.62315735924452,engine
Fomalhaut,27,344.4107345679833,-29.623157297023184,engine
Fomalhaut,28,344.4107343438355,-29.623157234286353,engine
Fomalhaut,29,344.4107341199712,-29.62315717103455,engine
Fomalhaut,30,344.4107338963959,-29.623157107268405,engine
Juno,-30,328.5316768642033,-4.915398399544229,engine
Juno,-20,328.5340230988033,-4.914592963497867,engine
Juno,-15,328.5351965481865,-4.914190251191555,engine
Juno,-10,328.5363702173867,-4.913787543348412,engine
Juno,-5,328.53754410557826,-4.913384840289621,engine
Juno,-2,328.5382485429402,-4.913143220984396,engine
Juno,-1,328.538483372692,-4.913062681661071,engine
Juno,0,328.5387182111932,-4.9129821425499385,engine
Juno,1,328.53895305825426,-4.91290160367838,engine
Juno,2,328.5391879140419,-4.912821065025785,engine
Juno,3,328.5394227784555,-4.912740526607525,engine
Juno,4,328.5396576513941,-4.912659988438956,engine
Juno,5,328.5398925330239,-4.912579450499462,engine
Juno,6,328.54012742340103,-4.912498912750393,engine
Juno,7,328.5403623221093,-4.912418375315103,engine
Juno,8,328.5405972294716,-4.912337838118956,engine
Juno,9,328.54083214538633,-4.912257301177288,engine
Juno,10,328.5410670697514,-4.912176764505433,engine
Juno,11,328.54130200273215,-4.912096228082745,engine
Juno,12,328.54153694413696,-4.91201569193653,engine
Juno,13,328.5417718941307,-4.91193515604614,engine
Juno,14,328.54200685261077,-4.911854620426878,engine
Juno,15,328.54224181947416,-4.911774085094059,engine
Juno,16,328.5424767948852,-4.911693550026999,engine
Juno,17,328.5427117788983,-4.9116130151869966,engine
Juno,18,328.542946771095,-4.911532480697342,engine
Juno,19,328.5431817717966,-4.911451946483346,engine
Juno,20,328.5434167808993,-4.911371412560288,engine
Juno,21,328.5436517982992,-4.911290878943435,engine
Juno,22,328.54388682415964,-4.911210345612077,engine
Juno,23,328.5441218583763,-4.911129812581483,engine
Juno,24,328.54435690093396,-4.911049279854909,engine
Juno,25,328.54459195172785,-4.910968747447614,engine
Juno,26,328.5448270109207,-4.910888215338845,engine
Juno,27,328.54506207840745,-4.910807683543859,engine
Juno,28,328.5452971540832,-4.910727152077878,engine
Juno,29,328.54553223826736,-4.910646620866153,engine
Juno,30,328.5457673305394,-4.910566090031895,engine
Jupiter,-30,355.8419629811622,-2.934721651958726,engine
Jupiter,-20,355.8433767114887,-2.9341250811185593,engine
Jupiter,-15,355.8440837419721,-2.933826798873442,engine
Jupiter,-10,355.8447908839562,-2.9335285189727953,engine
Jupiter,-5,355.8454981386184,-2.933230241468789,engine
Jupiter,-2,355.8459225458009,-2.9330512762096546,engine
Jupiter,-1,355.84606402396497,-2.9329916213385645,engine
Jupiter,0,355.84620550669774,-2.9329319665745452,engine
Jupiter,1,355.846346994006,-2.9328723119186826,engine
Jupiter,2,355.8464884858964,-2.9328126573720392,engine
Jupiter,3,355.8466299824088,-2.9327530029215536,engine
Jupiter,4,355.846771483483,-2.9326933485966005,engine
Jupiter,5,355.84691298915885,-2.932633694384099,engine
Jupiter,6,355.8470544995375,-2.932574040245154,engine
Jupiter,7,355.84719601443527,-2.932514386260832,engine
Jupiter,8,355.8473375339865,-2.9324547323780723,engine
Jupiter,9,355.8474790581306,-2.9323950786262536,engine
Jupiter,10,355.84762058690677,-2.9323354249923206,engine
Jupiter,11,355.84776212032074,-2.932275771477359,engine
Jupiter,12,355.8479036583783,-2.932216118082454,engine
Jupiter,13,355.84804520111845,-2.9321564647945415,engine
Jupiter,14,355.8481867484799,-2.932096811643019,engine
Jupiter,15,355.8483283005016,-2.932037158614837,engine
Jupiter,16,355.8484698571886,-2.9319775057110626,engine
Jupiter,17,355.84861141867464,-2.9319178528786654,engine
Jupiter,18,355.84875298470826,-2.931858200227031,engine
Jupiter,19,355.84889455542265,-2.9317985477030963,engine
Jupiter,20,355.8490361308228,-2.931738895307969,engine
Jupiter,21,355.84917771091364,-2.9316792430427503,engine
Jupiter,22,355.8493192957332,-2.9316195908943747,engine
Jupiter,23,355.84946088521934,-2.9315599388922537,engine
Jupiter,24,355.8496024794101,-2.9315002870233364,engine
Jupiter,25,355.8497440783098,-2.9314406352887183,engine
Jupiter,26,355.84988568192284,-2.931380983689504,engine
Jupiter,27,355.85002729028685,-2.9313213322126486,engine
Jupiter,28,355.85016890333924,-2.931261680887548,engine
Jupiter,29,355.85031052121235,-2.931202029661171,engine
Jupiter,30,355.85045214372025,-2.931142378614617,engine
Ketu,-30,229.86219528967555,-18.335213677105752,engine
Ketu,-20,229.86220172940082,-18.335215296412226,engine
Ketu,-15,229.86220528672007,-18.335216191034256,engine
Ketu,-10,229.8622090686864,-18.335217142220564,engine
Ketu,-5,229.86221307505897,-18.335218149910457,engine
Ketu,-2,229.86221558649504,-18.335218781620313,engine
Ketu,-1,229.8622164415644,-18.33521899670338,engine
Ketu,0,229.86221730559248,-18.335219214042183,engine
Ketu,1,229.86221817857714,-18.33521943363617,engine
Ketu,2,229.86221906051665,-18.335219655484913,engine
Ketu,3,229.86221995140906,-18.33521987958791,engine
Ketu,4,229.86222085125212,-18.33522010594461,engine
Ketu,5,229.86222176004432,-18.33522033455463,engine
Ketu,6,229.86222267778402,-18.335220565417565,engine
Ketu,7,229.86222360446823,-18.335220798532635,engine
Ketu,8,229.8622245400953,-18.335221033899433,engine
Ketu,9,229.86222548466435,-18.335221271517767,engine
Ketu,10,229.8622264381716,-18.33522151138664,engine
Ketu,11,229.86222740061623,-18.33522175350589,engine
Ketu,12,229.86222837199605,-18.335221997874903,engine
Ketu,13,229.86222935230927,-18.335222244493306,engine
Ketu,14,229.86223034155353,-18.335222493360448,engine
Ketu,15,229.86223133972723,-18.33522274447596,engine
Ketu,16,229.86223234682842,-18.33522299783931,engine
Ketu,17,229.86223336285553,-18.335223253450152,engine
Ketu,18,229.8622343878054,-18.335223511307657,engine
Ketu,19,229.86223542167687,-18.335223771411545,engine
Ketu,20,229.86223646446786,-18.335224033761293,engine
Ketu,21,229.8622375161763,-18.335224298356362,engine
Ketu,22,229.86223857680042,-18.33522456519633,engine
Ketu,23,229.8622396463387,-18.335224834280798,engine
Ketu,24,229.86224072478797,-18.335225105608988,engine
Ketu,25,229.86224181214692,-18.335225379180535,engine
Ketu,26,229.8622429084137,-18.335225654995018,engine
Ketu,27,229.8622440135861,-18.335225933051838,engine
Ketu,28,229.8622451276622,-18.335226213350523,engine
Ketu,29,229.86224625064085,-18.335226495890804,engine
Ketu,30,229.8622473825186,-18.33522678067179,engine
Mars,-30,334.8327594242805,-11.955904058604528,engine
Mars,-20,334.8377961222316,-11.95407356538401,engine
Mars,-15,334.84031510709974,-11.953158304801024,engine
Mars,-10,334.84283451376723,-11.952243037629575,engine
Mars,-5,334.84535434138985,-11.95132776553804,engine
Mars,-2,334.84686643894656,-11.950778600847261,engine
Mars,-1,334.8473705049076,-11.95059554579,engine
Mars,0,334.84787458756347,-11.950412490677861,engine
Mars,1,334.8483786868983,-11.950229435525971,engine
Mars,2,334.8488828028953,-11.950046380349498,engine
Mars,3,334.8493869355379,-11.949863325163532,engine
Mars,4,334.84989108480886,-11.949680269983185,engine
Mars,5,334.8503952506907,-11.949497214823545,engine
Mars,6,334.85089943350386,-11.949314159576922,engine
Mars,7,334.85140363255385,-11.949131104503866,engine
Mars,8,334.85190784816047,-11.948948049496678,engine
Mars,9,334.8524120803048,-11.94876499457036,engine
Mars,10,334.85291632896786,-11.948581939739913,engine
Mars,11,334.85342059413017,-11.948398885020314,engine
Mars,12,334.85392487577195,-11.94821583042654,engine
Mars,13,334.85442917387314,-11.94803277597353,engine
Mars,14,334.85493348860155,-11.947849721604516,engine
Mars,15,334.85543781956,-11.947666667477765,engine
Mars,16,334.8559421669156,-11.947483613536516,engine
Mars,17,334.85644653098524,-11.947300559672872,engine
Mars,18,334.8569509110708,-11.947117506147165,engine
Mars,19,334.8574553074883,-11.946934452851467,engine
Mars,20,334.8579597202156,-11.946751399800602,engine
Mars,21,334.85846414922986,-11.946568347009354,engine
Mars,22,334.8589685945082,-11.946385294492483,engine
Mars,23,334.8594730560271,-11.946202242264734,engine
Mars,24,334.8599775337632,-11.946019190340804,engine
Mars,25,334.8604820276923,-11.945836138735435,engine
Mars,26,334.8609865377901,-11.945653087463276,engine
Mars,27,334.8614910640321,-11.945470036538989,engine
Mars,28,334.8619956063933,-11.945286985977202,engine
Mars,29,334.8625001651869,-11.945103935669772,engine
Mars,30,334.8630047397105,-11.9449208858768,engine
Mercury,-30,41.28117439460575,17.726992261332146,engine
Mercury,-20,41.29301752979098,17.731697293128295,engine
Mercury,-15,41.29893884861471,17.734048845592167,engine
Mercury,-10,41.30486001736384,17.736399758269847,engine
Mercury,-5,41.310781050031,17.738750034087015,engine
Mercury,-2,41.31433360878803,17.74015989464989,engine
Mercury,-1,41.315517785520356,17.740629797477318,engine
Mercury,0,41.316701957251155,17.741099674789297,engine
Mercury,1,41.31788612487967,17.741569527008778,engine
Mercury,2,41.31907028809946,17.742039353954272,engine
Mercury,3,41.320254447005574,17.7425091556459,engine
Mercury,4,41.321438601692776,17.742978932103956,engine
Mercury,5,41.32262275185378,17.743448683147353,engine
Mercury,6,41.32380689918008,17.74391840951451,engine
Mercury,7,41.32499104177579,17.744388110394688,engine
Mercury,8,41.326175180528395,17.744857786123617,engine
Mercury,9,41.32735931553102,17.745327436722174,engine
Mercury,10,41.328543446474896,17.745797062009974,engine
Mercury,11,41.329727574255756,17.74626666241099,engine
Mercury,12,41.330911698564094,17.746736237745036,engine
Mercury,13,41.33209581949181,17.74720578803348,engine
Mercury,14,41.333279936728914,17.747675313096494,engine
Mercury,15,41.334464051169576,17.748144813358408,engine
Mercury,16,41.335648162503155,17.7486142886396,engine
Mercury,17,41.336832271614014,17.749083739276657,engine
Mercury,18,41.338016377004564,17.74955316466206,engine
Mercury,19,41.3392004791571,17.75002256493135,engine
Mercury,20,41.34038457896394,17.750491940509356,engine
Mercury,21,41.34156867611279,17.750961291217113,engine
Mercury,22,41.342752770692506,17.751430617077062,engine
Mercury,23,41.34393686279145,17.75189991811175,engine
Mercury,24,41.34512095209652,17.75236919414265,engine
Mercury,25,41.346305039498006,17.752838445595028,engine
Mercury,26,41.34748912468204,17.75330767229056,engine
Mercury,27,41.34867320773563,17.75377687425226,engine
Mercury,28,41.349857288344296,17.75424605130209,engine
Mercury,29,41.35104136819075,17.754715204180265,engine
Mercury,30,41.352225445371765,17.75518433207983,engine
Moon,-30,230.77739401684423,-19.10238055150391,engine
Moon,-20,230.90320434452272,-19.139787986952694,engine
Moon,-15,230.96595455345383,-19.158599333590647,engine
Moon,-10,231.0285942090958,-19.17748168570345,engine
Moon,-5,231.09111813256519,-19.196434488148622,engine
Moon,-2,231.12857455400473,-19.207839680908066,engine
Moon,-1,231.14105018967953,-19.211646982699538,engine
Moon,0,231.15352063018085,-19.21545701099427,engine
Moon,1,231.16598618636155,-19.21926984577488,engine
Moon,2,231.17844663981572,-19.223085438716474,engine
Moon,3,231.1909017723323,-19.226903741493963,engine
Moon,4,231.20335189491212,-19.230724833822524,engine
Moon,5,231.21579678946424,-19.234548667242375,engine
Moon,6,231.22823642273974,-19.238375238525812,engine
Moon,7,231.2406705601756,-19.242204494052736,engine
Moon,8,231.25309952141112,-19.246036515736854,engine
Moon,9,231.26552308877737,-19.249871254969115,engine
Moon,10,231.27794122097347,-19.253708705710004,engine
Moon,11,231.29035370054225,-19.257548819321872,engine
Moon,12,231.3027608390987,-19.261391674789913,engine
Moon,13,231.31516241930797,-19.265237223340232,engine
Moon,14,231.32755840029697,-19.26908545871143,engine
Moon,15,231.33994856494016,-19.272936332093224,engine
Moon,16,231.35233322521339,-19.276789922125104,engine
Moon,17,231.36471217247947,-19.280646182453914,engine
Moon,18,231.3770853496069,-19.28450510141876,engine
Moon,19,231.38945254818134,-19.288366632626452,engine
Moon,20,231.40181408052996,-19.29223085437382,engine
Moon,21,231.41416973010246,-19.29609771754653,engine
Moon,22,231.42651945676872,-19.29996721543472,engine
Moon,23,231.438863220532,-19.303839341275175,engine
Moon,24,231.4512008051393,-19.307714045886677,engine
Moon,25,231.46353252337622,-19.31159140711657,engine
Moon,26,231.47585815919712,-19.315471375654557,engine
Moon,27,231.48817767300088,-19.319353944513608,engine
Moon,28,231.50049102523832,-19.323239106640408,engine
Moon,29,231.51279818473355,-19.327126857542652,engine
Moon,30,231.52509891943592,-19.331017142586152,engine
Neptune,-30,354.8236676159491,-3.471581216114298,engine
Neptune,-20,354.8238742539882,-3.4714945454173933,engine
Neptune,-15,354.8239775971483,-3.4714512095799015,engine
Neptune,-10,354.8240809572637,-3.471407873459202,engine
Neptune,-5,354.82418433501783,-3.471364537067942,engine
Neptune,-2,354.82424637038815,-3.4713385351211405,engine
Neptune,-1,354.824267050328,-3.4713298677883295,engine
Neptune,0,354.8242877310212,-3.471321200445917,engine
Neptune,1,354.8243084124676,-3.4713125330961847,engine
Neptune,2,354.8243290946773,-3.471303865737305,engine
Neptune,3,354.8243497776502,-3.4712951983715605,engine
Neptune,4,354.82437046139637,-3.4712865309971277,engine
Neptune,5,354.8243911459156,-3.4712778636162893,engine
Neptune,6,354.8244118312319,-3.4712691962214164,engine
Neptune,7,354.8244325173172,-3.471260528826418,engine
Neptune,8,354.8244532041955,-3.471251861423665,engine
Neptune,9,354.82447389186643,-3.4712431940154436,engine
Neptune,10,354.82449458034006,-3.4712345265999383,engine
Neptune,11,354.82451526961864,-3.4712258591784173,engine
Neptune,12,354.8245359597044,-3.4712171917521473,engine
Neptune,13,354.8245566506073,-3.471208524319312,engine
Neptune,14,354.824577342327,-3.471199856882213,engine
Neptune,15,354.82459803487336,-3.471191189439038,engine
Neptune,16,354.82461872824604,-3.471182521992081,engine
Neptune,17,354.82463942246875,-3.4711738545337276,engine
Neptune,18,354.82466011751336,-3.471165187077902,engine
Neptune,19,354.8246808134035,-3.4711565196169847,engine
Neptune,20,354.82470151013877,-3.4711478521532797,engine
Neptune,21,354.8247222077289,-3.4711391846849846,engine
Neptune,22,354.824742906176,-3.471130517213377,engine
Neptune,23,354.8247636054822,-3.4711218497397396,engine
Neptune,24,354.82478430565703,-3.4711131822622687,engine
Neptune,25,354.8248050067002,-3.4711045147832764,engine
Neptune,26,354.8248257086212,-3.471095847300965,engine
Neptune,27,354.8248464114195,-3.471087179817647,engine
Neptune,28,354.8248671151047,-3.471078512331524,engine
Neptune,29,354.8248878196902,-3.4710698448391013,engine
Neptune,30,354.82490852515775,-3.4710611773502094,engine
Pallas,-30,27.97587821164146,-3.6505825298400802,engine
Pallas,-20,27.97874194599521,-3.6500557960176705,engine
Pallas,-15,27.98017402446828,-3.6497924280065384,engine
Pallas,-10,27.981606248113213,-3.649529059549089,engine
Pallas,-5,27.983038620638087,-3.649265690758067,engine
Pallas,-2,27.983898116705678,-3.649107669432364,engine
Pallas,-1,27.98418462772091,-3.6490549956612934,engine
Pallas,0,27.984471144916494,-3.6490023218919276,engine
Pallas,1,27.984757668242395,-3.6489496481169823,engine
Pallas,2,27.985044197874473,-3.6488969743556865,engine
Pallas,3,27.985330733687157,-3.648844300591936,engine
Pallas,4,27.985617275856075,-3.648791626844968,engine
Pallas,5,27.985903824255416,-3.648738953098697,engine
Pallas,6,27.986190379252733,-3.6486862793370514,engine
Pallas,7,27.9864769403377,-3.6486336056145956,engine
Pallas,8,27.986763507877676,-3.648580931915279,engine
Pallas,9,27.987050081746364,-3.64852825822304,engine
Pallas,10,27.987336662118743,-3.648475584557149,engine
Pallas,11,27.987623248943645,-3.648422910910399,engine
Pallas,12,27.987909842169795,-3.648370237275575,engine
Pallas,13,27.98819644197183,-3.648317563671983,engine
Pallas,14,27.988483048222843,-3.6482648900835826,engine
Pallas,15,27.988769661097297,-3.6482122165296933,engine
Pallas,16,27.989056280468066,-3.6481595429942923,engine
Pallas,17,27.989342906701516,-3.6481068694613903,engine
Pallas,18,27.989629539285932,-3.6480541959856136,engine
Pallas,19,27.989916178587432,-3.6480015225509894,engine
Pallas,20,27.99020282447844,-3.647948849141513,engine
Pallas,21,27.990489477132666,-3.647896175776548,engine
Pallas,22,27.9907761364223,-3.6478435024401015,engine
Pallas,23,27.991062802520783,-3.6477908291515475,engine
Pallas,24,27.99134947530006,-3.6477381558949076,engine
Pallas,25,27.991636154933342,-3.647685482689561,engine
Pallas,26,27.991922841292364,-3.6476328095195516,engine
Pallas,27,27.99220953455006,-3.647580136404266,engine
Pallas,28,27.99249623457792,-3.6475274633277603,engine
Pallas,29,27.99278294166556,-3.647474790265277,engine
Pallas,30,27.993069655525726,-3.647422117298031,engine
Pluto,-30,300.7872483602719,-22.40252353617021,engine
Pluto,-20,300.7872910419829,-22.402531327779375,engine
Pluto,-15,300.78731242896293,-22.40253522307685,engine
Pluto,-10,300.7873338468079,-22.402539118414172,engine
Pluto,-5,300.7873552955907,-22.40254301407708,engine
Pluto,-2,300.78736817972884,-22.402545351749147,engine
Pluto,-1,300.78737247692186,-22.402546131032636,engine
Pluto,0,300.7873767753553,-22.402546910349663,engine
Pluto,1,300.78738107502943,-22.40254768970251,engine
Pluto,2,300.78738537594444,-22.402548469093464,engine
Pluto,3,300.78738967810045,-22.40254924852481,engine
Pluto,4,300.78739398149764,-22.402550027998835,engine
Pluto,5,300.78739828613607,-22.402550807517816,engine
Pluto,6,300.7874025920186,-22.402551587084574,engine
Pluto,7,300.78740689914207,-22.40255236670055,engine
Pluto,8,300.7874112075043,-22.40255314636813,engine
Pluto,9,300.78741551710783,-22.40255392608981,engine
Pluto,10,300.7874198279525,-22.402554705867857,engine
Pluto,11,300.7874241400383,-22.402555485704585,engine
Pluto,12,300.78742845336507,-22.40255626560226,engine
Pluto,13,300.7874327679327,-22.402557045563178,engine
Pluto,14,300.7874370837411,-22.40255782558962,engine
Pluto,15,300.78744140078993,-22.402558605683847,engine
Pluto,16,300.7874457190815,-22.402559385848402,engine
Pluto,17,300.7874500386135,-22.402560166085618,engine
Pluto,18,300.78745435938225,-22.402560946396964,engine
Pluto,19,300.7874586813904,-22.402561726785237,engine
Pluto,20,300.7874630046376,-22.40256250725273,engine
Pluto,21,300.7874673291235,-22.4025632878017,engine
Pluto,22,300.78747165484765,-22.402564068434465,engine
Pluto,23,300.7874759818121,-22.402564849153496,engine
Pluto,24,300.7874803100115,-22.402565629960634,engine
Pluto,25,300.7874846394478,-22.402566410858384,engine
Pluto,26,300.7874889701205,-22.40256719184902,engine
Pluto,27,300.787493302029,-22.402567972934815,engine
Pluto,28,300.7874976351728,-22.40256875411804,engine
Pluto,29,300.7875019695568,-22.402569535401735,engine
Pluto,30,300.78750630516925,-22.402570316786647,engine
Rahu,-30,49.86219528967556,18.335213677105752,engine
Rahu,-20,49.86220172940082,18.335215296412226,engine
Rahu,-15,49.86220528672008,18.335216191034256,engine
Rahu,-10,49.862209068686425,18.335217142220564,engine
Rahu,-5,49.86221307505898,18.335218149910457,engine
Rahu,-2,49.862215586495026,18.335218781620313,engine
Rahu,-1,49.86221644156441,18.33521899670338,engine
Rahu,0,49.862217305592466,18.335219214042183,engine
Rahu,1,49.86221817857714,18.33521943363617,engine
Rahu,2,49.86221906051666,18.335219655484913,engine
Rahu,3,49.86221995140907,18.33521987958791,engine
Rahu,4,49.862220851252104,18.33522010594461,engine
Rahu,5,49.86222176004432,18.33522033455463,engine
Rahu,6,49.86222267778403,18.335220565417565,engine
Rahu,7,49.86222360446823,18.335220798532635,engine
Rahu,8,49.8622245400953,18.335221033899433,engine
Rahu,9,49.86222548466435,18.335221271517767,engine
Rahu,10,49.8622264381716,18.33522151138664,engine
Rahu,11,49.86222740061624,18.33522175350589,engine
Rahu,12,49.86222837199605,18.335221997874903,engine
Rahu,13,49.862229352309285,18.335222244493306,engine
Rahu,14,49.86223034155353,18.335222493360448,engine
Rahu,15,49.86223133972724,18.33522274447596,engine
Rahu,16,49.862232346828414,18.33522299783931,engine
Rahu,17,49.862233362855534,18.335223253450152,engine
Rahu,18,49.86223438780539,18.335223511307657,engine
Rahu,19,49.86223542167686,18.335223771411545,engine
Rahu,20,49.86223646446784,18.335224033761293,engine
Rahu,21,49.862237516176286,18.335224298356362,engine
Rahu,22,49.86223857680043,18.33522456519633,engine
Rahu,23,49.86223964633871,18.335224834280798,engine
Rahu,24,49.86224072478797,18.335225105608988,engine
Rahu,25,49.86224181214692,18.335225379180535,engine
Rahu,26,49.862242908413705,18.335225654995018,engine
Rahu,27,49.86224401358609,18.335225933051838,engine
Rahu,28,49.862245127662185,18.335226213350523,engine
Rahu,29,49.86224625064085,18.335226495890804,engine
Rahu,30,49.8622473825186,18.33522678067179,engine
Regulus,-30,152.0943244912654,11.966203737309693,engine
Regulus,-20,152.09432639726063,11.966204050414005,engine
Regulus,-15,152.09432734090277,11.966204215024893,engine
Regulus,-10,152.09432827753002,11.966204384968975,engine
Regulus,-5,152.09432920656363,11.966204560213667,engine
Regulus,-2,152.09432976009913,11.966204667890223,engine
Regulus,-1,152.09432994393603,11.966204704202271,engine
Regulus,0,152.0943301274278,11.966204740723748,engine
Regulus,1,152.09433031056997,11.966204777454347,engine
Regulus,2,152.09433049335792,11.966204814393741,engine
Regulus,3,152.09433067578712,11.966204851541622,engine
Regulus,4,152.094330857853,11.966204888897671,engine
Regulus,5,152.0943310395511,11.966204926461561,engine
Regulus,6,152.09433122087697,11.966204964232983,engine
Regulus,7,152.09433140182583,11.966205002211556,engine
Regulus,8,152.09433158239335,11.96620504039696,engine
Regulus,9,152.09433176257497,11.966205078788873,engine
Regulus,10,152.0943319423662,11.966205117386933,engine
Regulus,11,152.09433212176262,11.966205156190796,engine
Regulus,12,152.09433230075962,11.966205195200105,engine
Regulus,13,152.09433247935286,11.96620523441451,engine
Regulus,14,152.0943326575378,11.966205273833644,engine
Regulus,15,152.09433283530996,11.966205313457149,engine
Regulus,16,152.09433301266492,11.966205353284646,engine
Regulus,17,152.0943331895984,11.966205393315798,engine
Regulus,18,152.09433336610567,11.966205433550172,engine
Regulus,19,152.09433354218248,11.966205473987408,engine
Regulus,20,152.09433371782433,11.966205514627127,engine
Regulus,21,152.09433389302686,11.966205555468944,engine
Regulus,22,152.09433406778567,11.96620559651247,engine
Regulus,23,152.09433424209635,11.966205637757287,engine
Regulus,24,152.09433441595453,11.966205679203018,engine
Regulus,25,152.09433458935584,11.966205720849247,engine
Regulus,26,152.0943347622959,11.966205762695578,engine
Regulus,27,152.09433493477036,11.966205804741588,engine
Regulus,28,152.09433510677485,11.966205846986867,engine
Regulus,29,152.09433527830518,11.966205889431027,engine
Regulus,30,152.09433544935675,11.96620593207358,engine
Saturn,-30,325.84915660820843,-14.723336448308006,engine
Saturn,-20,325.84964825544813,-14.723188081228956,engine
Saturn,-15,325.84989417555227,-14.723113904690198,engine
Saturn,-10,325.8501401599576,-14.723039733395094,engine
Saturn,-5,325.8503862087097,-14.722965567742992,engine
Saturn,-2,325.85053386876854,-14.722921071251521,engine
Saturn,-1,325.85058309392286,-14.722906239589879,engine
Saturn,0,325.85063232164305,-14.722891408184966,engine
Saturn,1,325.85068155192806,-14.722876577040154,engine
Saturn,2,325.8507307847769,-14.722861746158822,engine
Saturn,3,325.8507800202021,-14.722846915540254,engine
Saturn,4,325.85082925817505,-14.722832085196016,engine
Saturn,5,325.8508784987082,-14.722817255125364,engine
Saturn,6,325.85092774183335,-14.72280242532174,engine
Saturn,7,325.8509769874831,-14.722787595808404,engine
Saturn,8,325.8510262356889,-14.722772766578789,engine
Saturn,9,325.85107548644936,-14.72275793763624,engine
Saturn,10,325.851124739763,-14.722743108984128,engine
Saturn,11,325.8511739956419,-14.722728280621753,engine
Saturn,12,325.85122325405695,-14.722713452560614,engine
Saturn,13,325.85127251502,-14.722698624800007,engine
Saturn,14,325.8513217785295,-14.722683797343283,engine
Saturn,15,325.8513710445834,-14.722668970193798,engine
Saturn,16,325.85142031318,-14.7226541433549,engine
Saturn,17,325.8514695843501,-14.722639316820004,engine
Saturn,18,325.8515188580397,-14.72262449060827,engine
Saturn,19,325.851568134252,-14.722609664721253,engine
Saturn,20,325.8516174129986,-14.722594839158212,engine
Saturn,21,325.8516666942774,-14.722580013922505,engine
Saturn,22,325.85171597808613,-14.722565189017457,engine
Saturn,23,325.85176526442245,-14.722550364446423,engine
Saturn,24,325.85181455329763,-14.722535540208634,engine
Saturn,25,325.8518638446818,-14.722520716315588,engine
Saturn,26,325.85191313858627,-14.72250589276655,engine
Saturn,27,325.8519624350084,-14.72249106956484,engine
Saturn,28,325.8520117339455,-14.722476246713766,engine
Saturn,29,325.85206103544186,-14.72246142420264,engine
Saturn,30,325.852110339401,-14.722446602062828,engine
Sun,-30,26.248078958198434,10.851319182506174,engine
Sun,-20,26.254486134442576,10.853730185194063,engine
Sun,-15,26.257690568717393,10.854935489375755,engine
Sun,-10,26.260895581157165,10.856140664860558,engine
Sun,-5,26.2641011832674,10.857345714247728,engine
Sun,-2,26.266024831438617,10.858068684141855,engine
Sun,-1,26.26666609584618,10.858309664278885,engine
Sun,0,26.26730738456353,10.858550639533721,engine
Sun,1,26.26794869767019,10.858791609925275,engine
Sun,2,26.268590035246,10.859032575472748,engine
Sun,3,26.269231397369612,10.859273536195195,engine
Sun,4,26.269872784119944,10.859514492111973,engine
Sun,5,26.27051419557486,10.85975544324229,engine
Sun,6,26.271155632242035,10.859996389767046,engine
Sun,7,26.271797093338726,10.86023733138261,engine
Sun,8,26.272438579371485,10.86047826826996,engine
Sun,9,26.273080090416855,10.860719200448719,engine
Sun,10,26.27372162655053,10.860960127938496,engine
Sun,11,26.274363187847637,10.861201050758856,engine
Sun,12,26.275004774383486,10.861441968929691,engine
Sun,13,26.27564638623226,10.861682882470737,engine
Sun,14,26.27628802346778,10.861923791401793,engine
Sun,15,26.27692968616385,10.862164695742905,engine
Sun,16,26.27757137439317,10.86240559551394,engine
Sun,17,26.278213088658887,10.86264649089658,engine
Sun,18,26.278854828172385,10.862887381587832,engine
Sun,19,26.27949659343531,10.863128267769314,engine
Sun,20,26.28013838451919,10.863369149461391,engine
Sun,21,26.28078020149446,10.863610026684277,engine
Sun,22,26.281422044431167,10.863850899458267,engine
Sun,23,26.282063913399305,10.864091767803854,engine
Sun,24,26.282705808467938,10.864332631741476,engine
Sun,25,26.283347729705607,10.864573491291566,engine
Sun,26,26.283989677180944,10.86481434647483,engine
Sun,27,26.284631650961487,10.86505519731182,engine
Sun,28,26.2852736511144,10.865296043823195,engine
Sun,29,26.285915678137332,10.865536886191288,engine
Sun,30,26.286557731235344,10.865777724113853,engine
Uranus,-30,41.190588444671796,15.552759385666834,engine
Uranus,-20,41.190969954143746,15.552877523865583,engine
Uranus,-15,41.19116070894546,15.552936575616608,engine
Uranus,-10,41.191351465101,15.552995615777405,engine
Uranus,-5,41.19154222368492,15.553054644365002,engine
Uranus,-2,41.1916566803907,15.553090055953913,engine
Uranus,-1,41.19169483293348,15.553101858889836,engine
Uranus,0,41.19173298565002,15.553113661364419,engine
Uranus,1,41.191771138543544,15.553125463376217,engine
Uranus,2,41.19180929161731,15.553137264923805,engine
Uranus,3,41.19184744488915,15.553149066010358,engine
Uranus,4,41.19188559835741,15.553160866632954,engine
Uranus,5,41.19192375203993,15.553172666794769,engine
Uranus,6,41.191961905965506,15.553184466502334,engine
Uranus,7,41.19200006008624,15.553196265738439,engine
Uranus,8,41.19203821444549,15.553208064514228,engine
Uranus,9,41.192076369046504,15.553219862828325,engine
Uranus,10,41.19211452389249,15.553231660679394,engine
Uranus,11,41.192152679001246,15.553243458070671,engine
Uranus,12,41.19219083437114,15.5532552549993,engine
Uranus,13,41.19222899001999,15.553267051468552,engine
Uranus,14,41.19226714595096,15.553278847477095,engine
Uranus,15,41.192305302167284,15.553290643023646,engine
Uranus,16,41.19234345868675,15.55330243811148,engine
Uranus,17,41.192381615533286,15.553314232745691,engine
Uranus,18,41.19241977267348,15.553326026913783,engine
Uranus,19,41.19245793013613,15.553337820622392,engine
Uranus,20,41.1924960879244,15.553349613870257,engine
Uranus,21,41.192534246056056,15.553361406660713,engine
Uranus,22,41.19257240452944,15.553373198991,engine
Uranus,23,41.192610563362294,15.553384990864464,engine
Uranus,24,41.192648722552924,15.553396782278353,engine
Uranus,25,41.19268688211906,15.553408573236057,engine
Uranus,26,41.1927250420639,15.553420363736361,engine
Uranus,27,41.192763202390566,15.553432153778058,engine
Uranus,28,41.192801363116764,15.55344394336457,engine
Uranus,29,41.192839524266425,15.553455732501082,engine
Uranus,30,41.19287768580606,15.553467521175216,engine
Venus,-30,345.3696766227601,-6.878279736182467,engine
Venus,-20,345.3770270697705,-6.875744839927364,engine
Venus,-15,345.38070352171326,-6.874477307171566,engine
Venus,-10,345.3843807926549,-6.873209720954082,engine
Venus,-5,345.3880588831295,-6.871942083083371,engine
Venus,-2,345.39026613024237,-6.871181476577148,engine
Venus,-1,345.3910019447938,-6.870927937187674,engine
Venus,0,345.3917377919132,-6.870674395919021,engine
Venus,1,345.39247367189364,-6.870420852724706,engine
Venus,2,345.39320958442414,-6.870167307684454,engine
Venus,3,345.3939455297966,-6.86991376075175,engine
Venus,4,345.39468150769864,-6.86966021200632,engine
Venus,5,345.3954175184209,-6.869406661401606,engine
Venus,6,345.39615356214347,-6.869153108847306,engine
Venus,7,345.3968896381686,-6.868899554636896,engine
Venus,8,345.39762574667503,-6.868645998680064,engine
Venus,9,345.398361887951,-6.868392440930201,engine
Venus,10,345.39909806168043,-6.868138881467001,engine
Venus,11,345.39983426815024,-6.867885320243853,engine
Venus,12,345.40057050704326,-6.8676317573404155,engine
Venus,13,345.4013067786451,-6.867378192710051,engine
Venus,14,345.40204308263725,-6.867124626432409,engine
Venus,15,345.4027794193042,-6.866871058460815,engine
Venus,16,345.4035157884772,-6.866617488843323,engine
Venus,17,345.4042521904804,-6.866363917457959,engine
Venus,18,345.4049886246091,-6.866110344598051,engine
Venus,19,345.40572509103526,-6.865856770173197,engine
Venus,20,345.40646159004046,-6.865603194136618,engine
Venus,21,345.4071981213017,-6.865349616567926,engine
Venus,22,345.40793468509924,-6.865096037420315,engine
Venus,23,345.40867128110904,-6.864842456773379,engine
Venus,24,345.40940790961,-6.8645888745802655,engine
Venus,25,345.4101445704278,-6.864335290888952,engine
Venus,26,345.4108812633874,-6.864081705747353,engine
Venus,27,345.41161798876595,-6.863828119108609,engine
Venus,28,345.4123547462363,-6.863574531052218,engine
Venus,29,345.4130915365684,-6.863320941361228,engine
Venus,30,345.41382835844576,-6.863067350455221,engine
Vesta,-30,319.85670055546734,-16.564416278580513,engine
Vesta,-20,319.85961325668734,-16.563822066108077,engine
Vesta,-15,319.86107002957755,-16.563525014481268,engine
Vesta,-10,319.86252708023045,-16.56322800178173,engine
Vesta,-5,319.86398440632274,-16.562931029743847,engine
Vesta,-2,319.86485893252865,-16.56275286687509,engine
Vesta,-1,319.865150463046,-16.56269348270134,engine
Vesta,0,319.8654420042228,-16.56263410030855,engine
Vesta,1,319.8657335561599,-16.562574719689454,engine
Vesta,2,319.866025118958,-16.56251534083675,engine
Vesta,3,319.86631669233816,-16.562455963807928,engine
Vesta,4,319.8666082764006,-16.56239658859563,engine
Vesta,5,319.8668998711189,-16.56233721521406,engine
Vesta,6,319.8671914767885,-16.562277843615966,engine
Vesta,7,319.8674830927382,-16.562218473938362,engine
Vesta,8,319.8677747192631,-16.56215910613393,engine
Vesta,9,319.86806635646224,-16.562099740195134,engine
Vesta,10,319.8683580040551,-16.562040376179247,engine
Vesta,11,319.86864966214023,-16.561981014078704,engine
Vesta,12,319.8689413308162,-16.561921653885832,engine
Vesta,13,319.8692330098016,-16.561862295657832,engine
Vesta,14,319.8695246991946,-16.56180293938698,engine
Vesta,15,319.8698163990929,-16.561743585065578,engine
Vesta,16,319.8701081092145,-16.561684232750657,engine
Vesta,17,319.8703998298524,-16.561624882394646,engine
Vesta,18,319.87069156071254,-16.561565534069306,engine
Vesta,19,319.87098330170784,-16.561506187791775,engine
Vesta,20,319.8712750530615,-16.56144684353256,engine
Vesta,21,319.8715668144904,-16.56138750134854,engine
Vesta,22,319.8718585860908,-16.561328161231735,engine
Vesta,23,319.87215036795874,-16.561268823174135,engine
Vesta,24,319.8724421598104,-16.561209487232528,engine
Vesta,25,319.8727339617415,-16.5611501533988,engine
Vesta,26,319.8730257738474,-16.561090821664834,engine
Vesta,27,319.8733175958435,-16.561031492087313,engine
Vesta,28,319.87360942795146,-16.560972164636414,engine
Vesta,29,319.873901270082,-16.560912839328946,engine
Vesta,30,319.8741931219383,-16.560853516236193,engine
Gonggong,-30,337.30061619952363,-11.046526228942056,tno-rate
Gonggong,-20,337.3006622889118,-11.046505290191543,tno-rate
Gonggong,-15,337.3006853336058,-11.046494820816289,tno-rate
Gonggong,-10,337.3007083782999,-11.046484351441032,tno-rate
Gonggong,-5,337.300731422994,-11.046473882065776,tno-rate
Gonggong,-2,337.3007452498104,-11.046467600440621,tno-rate
Gonggong,-1,337.3007498587492,-11.046465506565571,tno-rate
Gonggong,0,337.300754467688,-11.04646341269052,tno-rate
Gonggong,1,337.30075907662683,-11.046461318815467,tno-rate
Gonggong,2,337.30076368556564,-11.046459224940417,tno-rate
Gonggong,3,337.30076829450445,-11.046457131065365,tno-rate
Gonggong,4,337.30077290344326,-11.046455037190315,tno-rate
Gonggong,5,337.30077751238207,-11.046452943315263,tno-rate
Gonggong,6,337.3007821213209,-11.046450849440212,tno-rate
Gonggong,7,337.3007867302597,-11.04644875556516,tno-rate
Gonggong,8,337.3007913391985,-11.046446661690108,tno-rate
Gonggong,9,337.3007959481373,-11.046444567815058,tno-rate
Gonggong,10,337.3008005570762,-11.046442473940006,tno-rate
Gonggong,11,337.300805166015,-11.046440380064956,tno-rate
Gonggong,12,337.3008097749538,-11.046438286189904,tno-rate
Gonggong,13,337.3008143838926,-11.046436192314854,tno-rate
Gonggong,14,337.3008189928314,-11.046434098439802,tno-rate
Gonggong,15,337.3008236017702,-11.04643200456475,tno-rate
Gonggong,16,337.300828210709,-11.0464299106897,tno-rate
Gonggong,17,337.30083281964784,-11.046427816814647,tno-rate
Gonggong,18,337.30083742858665,-11.046425722939597,tno-rate
Gonggong,19,337.30084203752546,-11.046423629064545,tno-rate
Gonggong,20,337.30084664646427,-11.046421535189495,tno-rate
Gonggong,21,337.3008512554031,-11.046419441314443,tno-rate
Gonggong,22,337.3008558643419,-11.046417347439393,tno-rate
Gonggong,23,337.3008604732807,-11.04641525356434,tno-rate
Gonggong,24,337.3008650822195,-11.046413159689289,tno-rate
Gonggong,25,337.3008696911583,-11.046411065814238,tno-rate
Gonggong,26,337.3008743000971,-11.046408971939186,tno-rate
Gonggong,27,337.30087890903593,-11.046406878064136,tno-rate
Gonggong,28,337.30088351797474,-11.046404784189084,tno-rate
Gonggong,29,337.3008881269136,-11.046402690314034,tno-rate
Gonggong,30,337.3008927358524,-11.046400596438982,tno-rate
Haumea,-30,216.85658771665018,15.878873764493642,tno-rate
Haumea,-20,216.85647552773148,15.878919313017647,tno-rate
Haumea,-15,216.85641943327215,15.87894208727965,tno-rate
Haumea,-10,216.8563633388128,15.878964861541654,tno-rate
Haumea,-5,216.85630724435345,15.878987635803657,tno-rate
Haumea,-2,216.85627358767783,15.879001300360859,tno-rate
Haumea,-1,216.85626236878596,15.87900585521326,tno-rate
Haumea,0,216.8562511498941,15.87901041006566,tno-rate
Haumea,1,216.85623993100222,15.879014964918062,tno-rate
Haumea,2,216.85622871211035,15.879019519770463,tno-rate
Haumea,3,216.85621749321848,15.879024074622862,tno-rate
Haumea,4,216.8562062743266,15.879028629475263,tno-rate
Haumea,5,216.85619505543474,15.879033184327664,tno-rate
Haumea,6,216.85618383654287,15.879037739180065,tno-rate
Haumea,7,216.856172617651,15.879042294032464,tno-rate
Haumea,8,216.85616139875913,15.879046848884865,tno-rate
Haumea,9,216.85615017986726,15.879051403737266,tno-rate
Haumea,10,216.8561389609754,15.879055958589667,tno-rate
Haumea,11,216.85612774208352,15.879060513442068,tno-rate
Haumea,12,216.85611652319164,15.879065068294468,tno-rate
Haumea,13,216.85610530429977,15.879069623146869,tno-rate
Haumea,14,216.8560940854079,15.87907417799927,tno-rate
Haumea,15,216.85608286651603,15.87907873285167,tno-rate
Haumea,16,216.85607164762416,15.87908328770407,tno-rate
Haumea,17,216.8560604287323,15.879087842556471,tno-rate
Haumea,18,216.85604920984045,15.879092397408872,tno-rate
Haumea,19,216.85603799094858,15.879096952261273,tno-rate
Haumea,20,216.8560267720567,15.879101507113674,tno-rate
Haumea,21,216.85601555316484,15.879106061966073,tno-rate
Haumea,22,216.85600433427297,15.879110616818474,tno-rate
Haumea,23,216.8559931153811,15.879115171670875,tno-rate
Haumea,24,216.85598189648923,15.879119726523276,tno-rate
Haumea,25,216.85597067759736,15.879124281375677,tno-rate
Haumea,26,216.85595945870548,15.879128836228077,tno-rate
Haumea,27,216.8559482398136,15.879133391080478,tno-rate
Haumea,28,216.85593702092174,15.879137945932879,tno-rate
Haumea,29,216.85592580202987,15.87914250078528,tno-rate
Haumea,30,216.855914583138,15.879147055637679,tno-rate
Makemake,-30,198.29275200658367,23.014584616731366,tno-rate
Makemake,-20,198.2926395976287,23.01460916287658,tno-rate
Makemake,-15,198.2925833931512,23.014621435949188,tno-rate
Makemake,-10,198.2925271886737,23.014633709021794,tno-rate
Makemake,-5,198.2924709841962,23.014645982094404,tno-rate
Makemake,-2,198.29243726150972,23.014653345937965,tno-rate
Makemake,-1,198.29242602061422,23.01465580055249,tno-rate
Makemake,0,198.2924147797187,23.01465825516701,tno-rate
Makemake,1,198.2924035388232,23.01466070978153,tno-rate
Makemake,2,198.2923922979277,23.014663164396055,tno-rate
Makemake,3,198.2923810570322,23.014665619010575,tno-rate
Makemake,4,198.29236981613673,23.014668073625096,tno-rate
Makemake,5,198.29235857524122,23.014670528239616,tno-rate
Makemake,6,198.29234733434572,23.01467298285414,tno-rate
Makemake,7,198.29233609345022,23.01467543746866,tno-rate
Makemake,8,198.2923248525547,23.01467789208318,tno-rate
Makemake,9,198.2923136116592,23.014680346697702,tno-rate
Makemake,10,198.29230237076374,23.014682801312226,tno-rate
Makemake,11,198.29229112986823,23.014685255926747,tno-rate
Makemake,12,198.29227988897273,23.014687710541267,tno-rate
Makemake,13,198.29226864807723,23.014690165155788,tno-rate
Makemake,14,198.29225740718172,23.01469261977031,tno-rate
Makemake,15,198.29224616628622,23.014695074384832,tno-rate
Makemake,16,198.29223492539074,23.014697528999353,tno-rate
Makemake,17,198.29222368449524,23.014699983613873,tno-rate
Makemake,18,198.29221244359974,23.014702438228397,tno-rate
Makemake,19,198.29220120270423,23.014704892842918,tno-rate
Makemake,20,198.29218996180873,23.01470734745744,tno-rate
Makemake,21,198.29217872091323,23.01470980207196,tno-rate
Makemake,22,198.29216748001775,23.014712256686483,tno-rate
Makemake,23,198.29215623912225,23.014714711301004,tno-rate
Makemake,24,198.29214499822675,23.014717165915524,tno-rate
Makemake,25,198.29213375733124,23.014719620530045,tno-rate
Makemake,26,198.29212251643574,23.01472207514457,tno-rate
Makemake,27,198.29211127554024,23.01472452975909,tno-rate
Makemake,28,198.29210003464476,23.01472698437361,tno-rate
Makemake,29,198.29208879374926,23.01472943898813,tno-rate
Makemake,30,198.29207755285375,23.014731893602654,tno-rate
Orcus,-30,155.81645958618395,-11.646820221702948,tno-rate
Orcus,-20,155.81639645832163,-11.646757961435345,tno-rate
Orcus,-15,155.81636489439046,-11.646726831301544,tno-rate
Orcus,-10,155.81633333045932,-11.646695701167744,tno-rate
Orcus,-5,155.81630176652814,-11.646664571033941,tno-rate
Orcus,-2,155.81628282816945,-11.64664589295366,tno-rate
Orcus,-1,155.81627651538324,-11.646639666926902,tno-rate
Orcus,0,155.816270202597,-11.64663344090014,tno-rate
Orcus,1,155.81626388981076,-11.64662721487338,tno-rate
Orcus,2,155.81625757702454,-11.646620988846621,tno-rate
Orcus,3,155.8162512642383,-11.64661476281986,tno-rate
Orcus,4,155.81624495145206,-11.6466085367931,tno-rate
Orcus,5,155.81623863866585,-11.64660231076634,tno-rate
Orcus,6,155.8162323258796,-11.64659608473958,tno-rate
Orcus,7,155.81622601309337,-11.646589858712819,tno-rate
Orcus,8,155.81621970030713,-11.64658363268606,tno-rate
Orcus,9,155.81621338752092,-11.646577406659299,tno-rate
Orcus,10,155.81620707473468,-11.646571180632538,tno-rate
Orcus,11,155.81620076194844,-11.646564954605779,tno-rate
Orcus,12,155.81619444916223,-11.646558728579018,tno-rate
Orcus,13,155.81618813637598,-11.64655250255226,tno-rate
Orcus,14,155.81618182358974,-11.646546276525498,tno-rate
Orcus,15,155.81617551080353,-11.646540050498738,tno-rate
Orcus,16,155.8161691980173,-11.646533824471978,tno-rate
Orcus,17,155.81616288523105,-11.646527598445218,tno-rate
Orcus,18,155.8161565724448,-11.646521372418457,tno-rate
Orcus,19,155.8161502596586,-11.646515146391698,tno-rate
Orcus,20,155.81614394687236,-11.646508920364937,tno-rate
Orcus,21,155.81613763408612,-11.646502694338176,tno-rate
Orcus,22,155.8161313212999,-11.646496468311417,tno-rate
Orcus,23,155.81612500851367,-11.646490242284656,tno-rate
Orcus,24,155.81611869572743,-11.646484016257896,tno-rate
Orcus,25,155.8161123829412,-11.646477790231136,tno-rate
Orcus,26,155.81610607015497,-11.646471564204376,tno-rate
Orcus,27,155.81609975736873,-11.646465338177615,tno-rate
Orcus,28,155.8160934445825,-11.646459112150856,tno-rate
Orcus,29,155.81608713179628,-11.646452886124095,tno-rate
Orcus,30,155.81608081901004,-11.646446660097334,tno-rate
Quaoar,-30,277.24268442778134,-15.214614198274926,tno-rate
Quaoar,-20,277.2426533054029,-15.214593705994375,tno-rate
Quaoar,-15,277.24263774421365,-15.214583459854099,tno-rate
Quaoar,-10,277.2426221830245,-15.214573213713821,tno-rate
Quaoar,-5,277.24260662183525,-15.214562967573546,tno-rate
Quaoar,-2,277.2425972851217,-15.21455681988938,tno-rate
Quaoar,-1,277.24259417288386,-15.214554770661325,tno-rate
Quaoar,0,277.242591060646,-15.21455272143327,tno-rate
Quaoar,1,277.2425879484082,-15.214550672205215,tno-rate
Quaoar,2,277.24258483617035,-15.21454862297716,tno-rate
Quaoar,3,277.2425817239325,-15.214546573749104,tno-rate
Quaoar,4,277.2425786116946,-15.214544524521049,tno-rate
Quaoar,5,277.2425754994568,-15.214542475292994,tno-rate
Quaoar,6,277.24257238721896,-15.21454042606494,tno-rate
Quaoar,7,277.2425692749811,-15.214538376836883,tno-rate
Quaoar,8,277.2425661627433,-15.214536327608828,tno-rate
Quaoar,9,277.24256305050545,-15.214534278380773,tno-rate
Quaoar,10,277.24255993826756,-15.214532229152718,tno-rate
Quaoar,11,277.2425568260297,-15.214530179924662,tno-rate
Quaoar,12,277.2425537137919,-15.214528130696607,tno-rate
Quaoar,13,277.24255060155406,-15.214526081468552,tno-rate
Quaoar,14,277.2425474893162,-15.214524032240497,tno-rate
Quaoar,15,277.2425443770784,-15.21452198301244,tno-rate
Quaoar,16,277.2425412648405,-15.214519933784386,tno-rate
Quaoar,17,277.24253815260266,-15.214517884556331,tno-rate
Quaoar,18,277.2425350403648,-15.214515835328276,tno-rate
Quaoar,19,277.242531928127,-15.21451378610022,tno-rate
Quaoar,20,277.24252881588916,-15.214511736872165,tno-rate
Quaoar,21,277.2425257036513,-15.21450968764411,tno-rate
Quaoar,22,277.24252259141343,-15.214507638416055,tno-rate
Quaoar,23,277.2425194791756,-15.214505589187999,tno-rate
Quaoar,24,277.24251636693776,-15.214503539959944,tno-rate
Quaoar,25,277.24251325469993,-15.21450149073189,tno-rate
Quaoar,26,277.2425101424621,-15.214499441503834,tno-rate
Quaoar,27,277.24250703022426,-15.214497392275778,tno-rate
Quaoar,28,277.2425039179864,-15.214495343047723,tno-rate
Quaoar,29,277.24250080574853,-15.214493293819668,tno-rate
Quaoar,30,277.2424976935107,-15.214491244591613,tno-rate
Sedna,-30,58.69226014805874,8.286032790321155,tno-rate
Sedna,-20,58.692334980315245,8.286058471549044,tno-rate
Sedna,-15,58.6923723964435,8.286071312162989,tno-rate
Sedna,-10,58.69240981257175,8.286084152776931,tno-rate
Sedna,-5,58.69244722870001,8.286096993390876,tno-rate
Sedna,-2,58.69246967837696,8.286104697759242,tno-rate
Sedna,-1,58.69247716160261,8.286107265882032,tno-rate
Sedna,0,58.69248464482826,8.28610983400482,tno-rate
Sedna,1,58.692492128053914,8.286112402127609,tno-rate
Sedna,2,58.692499611279565,8.286114970250399,tno-rate
Sedna,3,58.69250709450522,8.286117538373187,tno-rate
Sedna,4,58.69251457773087,8.286120106495975,tno-rate
Sedna,5,58.69252206095651,8.286122674618765,tno-rate
Sedna,6,58.692529544182165,8.286125242741553,tno-rate
Sedna,7,58.692537027407816,8.286127810864343,tno-rate
Sedna,8,58.69254451063347,8.286130378987131,tno-rate
Sedna,9,58.69255199385912,8.28613294710992,tno-rate
Sedna,10,58.69255947708477,8.28613551523271,tno-rate
Sedna,11,58.69256696031042,8.286138083355498,tno-rate
Sedna,12,58.692574443536074,8.286140651478286,tno-rate
Sedna,13,58.69258192676172,8.286143219601076,tno-rate
Sedna,14,58.69258940998737,8.286145787723864,tno-rate
Sedna,15,58.69259689321302,8.286148355846652,tno-rate
Sedna,16,58.69260437643867,8.286150923969442,tno-rate
Sedna,17,58.692611859664325,8.28615349209223,tno-rate
Sedna,18,58.69261934288998,8.286156060215019,tno-rate
Sedna,19,58.69262682611563,8.286158628337809,tno-rate
Sedna,20,58.69263430934128,8.286161196460597,tno-rate
Sedna,21,58.69264179256693,8.286163764583387,tno-rate
Sedna,22,58.692649275792576,8.286166332706175,tno-rate
Sedna,23,58.69265675901823,8.286168900828963,tno-rate
Sedna,24,58.69266424224388,8.286171468951753,tno-rate
Sedna,25,58.69267172546953,8.286174037074542,tno-rate
Sedna,26,58.69267920869518,8.28617660519733,tno-rate
Sedna,27,58.692686691920834,8.28617917332012,tno-rate
Sedna,28,58.692694175146485,8.286181741442908,tno-rate
Sedna,29,58.69270165837214,8.286184309565696,tno-rate
Sedna,30,58.69270914159778,8.286186877688486,tno-rate
Transpluto,-30,154.3153396404549,10.640350867680123,engine
Transpluto,-20,154.3153066914006,10.640363361902496,engine
Transpluto,-15,154.31529021903637,10.640369608187031,engine
Transpluto,-10,154.31527374811702,10.640375853919256,engine
Transpluto,-5,154.31525727863854,10.640382099100641,engine
Transpluto,-2,154.31524739764538,10.640385845944124,engine
Transpluto,-1,154.3152441040964,10.640387094847796,engine
Transpluto,0,154.31524081060516,10.64038834372943,engine
Transpluto,1,154.31523751717165,10.640389592588992,engine
Transpluto,2,154.3152342237959,10.640390841426427,engine
Transpluto,3,154.3152309304778,10.640392090241797,engine
Transpluto,4,154.31522763721753,10.640393339035088,engine
Transpluto,5,154.3152243440149,10.640394587806304,engine
Transpluto,6,154.31522105086785,10.640395836556282,engine
Transpluto,7,154.3152177577807,10.640397085283329,engine
Transpluto,8,154.31521446475128,10.640398333988296,engine
Transpluto,9,154.3152111717796,10.640399582671236,engine
Transpluto,10,154.3152078788656,10.640400831332041,engine
Transpluto,11,154.31520458600943,10.640402079970732,engine
Transpluto,12,154.31520129321092,10.64040332858736,engine
Transpluto,13,154.3151980004702,10.640404577181878,engine
Transpluto,14,154.31519470778713,10.640405825754355,engine
Transpluto,15,154.3151914151619,10.640407074304711,engine
Transpluto,16,154.31518812259432,10.640408322832977,engine
Transpluto,17,154.3151848300823,10.640409571339982,engine
Transpluto,18,154.3151815376302,10.640410819824092,engine
Transpluto,19,154.3151782452359,10.640412068286075,engine
Transpluto,20,154.31517495289933,10.640413316725969,engine
Transpluto,21,154.31517166062048,10.64041456514377,engine
Transpluto,22,154.31516836839936,10.640415813539473,engine
Transpluto,23,154.3151650762359,10.640417061913062,engine
Transpluto,24,154.31516178413034,10.640418310264582,engine
Transpluto,25,154.31515849208245,10.640419558593953,engine
Transpluto,26,154.31515520009228,10.640420806901272,engine
Transpluto,27,154.31515190815986,10.640422055186479,engine
Transpluto,28,154.31514861628523,10.640423303449534,engine
Transpluto,29,154.31514532446613,10.64042455169141,engine
Transpluto,30,154.31514203270692,10.640425799910268,engine
Part_of_Fortune,-30,13.405418788458519,-25.172655449679805,engine
Part_of_Fortune,-20,15.165689207259277,-25.908092236087676,engine
Part_of_Fortune,-15,16.04490612729478,-26.277347586548366,engine
Part_of_Fortune,-10,16.92356116355404,-26.64752220755017,engine
Part_of_Fortune,-5,17.80169219313666,-27.018536643501502,engine
Part_of_Fortune,-2,18.328334491712553,-27.241515042627782,engine
Part_of_Fortune,-1,18.503844399143304,-27.315898966155192,engine
Part_of_Fortune,0,18.67933583115746,-27.390310661900237,engine
Part_of_Fortune,1,18.854809435204686,-27.464749570203626,engine
Part_of_Fortune,2,19.03026533031135,-27.53921500309405,engine
Part_of_Fortune,3,19.205703634115025,-27.613706271562723,engine
Part_of_Fortune,4,19.381124994323784,-27.688222814664684,engine
Part_of_Fortune,5,19.556529527992666,-27.76276394227029,engine
Part_of_Fortune,6,19.731917647166483,-27.837329056976237,engine
Part_of_Fortune,7,19.90728923323104,-27.911917367690595,engine
Part_of_Fortune,8,20.082645050492033,-27.986528361235564,engine
Part_of_Fortune,9,20.25798521515668,-28.061161345528188,engine
Part_of_Fortune,10,20.433310020726765,-28.13581567116363,engine
Part_of_Fortune,11,20.60861958305452,-28.210490645213174,engine
Part_of_Fortune,12,20.783914548011694,-28.285185702508493,engine
Part_of_Fortune,13,20.95919503105023,-28.35990014922497,engine
Part_of_Fortune,14,21.13446132475042,-28.434633334085447,engine
Part_of_Fortune,15,21.309713545205796,-28.509384562920538,engine
Part_of_Fortune,16,21.484952336782044,-28.584153268418554,engine
Part_of_Fortune,17,21.6601779322192,-28.658938805528674,engine
Part_of_Fortune,18,21.835390388872156,-28.73374042129,engine
Part_of_Fortune,19,22.01058993901586,-28.80855746988515,engine
Part_of_Fortune,20,22.185777227498875,-28.88338938288222,engine
Part_of_Fortune,21,22.360952368911057,-28.958235463656287,engine
Part_of_Fortune,22,22.53611565501683,-29.033095058139324,engine
Part_of_Fortune,23,22.711267377568902,-29.10796751198337,engine
Part_of_Fortune,24,22.886407651019,-29.182852127815792,engine
Part_of_Fortune,25,23.061537119948582,-29.257748335621052,engine
Part_of_Fortune,26,23.236655898780896,-29.332655437517676,engine
Part_of_Fortune,27,23.41176427949756,-29.40757277830551,engine
Part_of_Fortune,28,23.586862553130686,-29.48249970217096,engine
Part_of_Fortune,29,23.761951128162764,-29.557435603368656,engine
Part_of_Fortune,30,23.937029885572485,-29.632379683350585,engine
Part_of_Spirit,-30,324.3467886711669,34.73474401834036,engine
Part_of_Spirit,-20,325.868252787099,34.07894410820584,engine
Part_of_Spirit,-15,326.6283781578219,33.74972205938444,engine
Part_of_Spirit,-10,327.3881639076768,33.419722493577844,engine
Part_of_Spirit,-5,328.1476582945411,33.089023761291195,engine
Part_of_Spirit,-2,328.6032350465804,32.89030168747206,engine
Part_of_Spirit,-1,328.75507621147653,32.824014327801656,engine
Part_of_Spirit,0,328.9069093399229,32.75770463915575,engine
Part_of_Spirit,1,329.05873445782197,32.69137334119668,engine
Part_of_Spirit,2,329.21055212117193,32.62502102528439,engine
Part_of_Spirit,3,329.3623628841897,32.5586482838156,engine
Part_of_Spirit,4,329.51416677273943,32.49225583720431,engine
Part_of_Spirit,5,329.6659643402139,32.42584427869904,engine
Part_of_Spirit,6,329.817756066171,32.35941419960948,engine
Part_of_Spirit,7,329.9695422995573,32.29296628318009,engine
Part_of_Spirit,8,330.12132316641276,32.22650120677806,engine
Part_of_Spirit,9,330.2730992184357,32.160019565307486,engine
Part_of_Spirit,10,330.42487083188087,32.09352199613337,engine
Part_of_Spirit,11,330.5766385576652,32.02700909494828,engine
Part_of_Spirit,12,330.72840241858125,31.96048158493071,engine
Part_of_Spirit,13,330.88016296489883,31.893940062396965,engine
Part_of_Spirit,14,331.031920571092,31.827385166141,engine
Part_of_Spirit,15,331.1836757876531,31.76081749275172,engine
Part_of_Spirit,16,331.3354286351416,31.694237766859537,engine
Part_of_Spirit,17,331.48717976457806,31.627646541172314,engine
Part_of_Spirit,18,331.6389293460031,31.56104454472318,engine
Part_of_Spirit,19,331.79067802952386,31.494432330906385,engine
Part_of_Spirit,20,331.94242583547737,31.4278106247882,engine
Part_of_Spirit,21,332.09417331169504,31.36118002480533,engine
Part_of_Spirit,22,332.2459208303418,31.29454117164665,engine
Part_of_Spirit,23,332.3976687633035,31.227894706174684,engine
Part_of_Spirit,24,332.54941765767626,31.161241227440513,engine
Part_of_Spirit,25,332.70116753260737,31.09458146119522,engine
Part_of_Spirit,26,332.8529189347486,31.027916006741098,engine
Part_of_Spirit,27,333.00467223541875,30.961245505345342,engine
Part_of_Spirit,28,333.15642780488287,30.894570598756243,engine
Part_of_Spirit,29,333.30818611497034,30.82789188409922,engine
Part_of_Spirit,30,333.45994750917134,30.76121005004942,engine
Ascendant,-30,168.8761037298127,4.781044284330277,engine
Ascendant,-20,170.51697099717913,4.085425936059082,engine
Ascendant,-15,171.33664214255833,3.7361872364180364,engine
Ascendant,-10,172.1558625356154,3.3861001430138375,engine
Ascendant,-5,172.97467524383887,3.0352435588948476,engine
Ascendant,-2,173.46578476914647,2.8243933224221385,engine
Ascendant,-1,173.62946030530992,2.754057680823231,engine
Ascendant,0,173.79312258554017,2.683696988627754,engine
Ascendant,1,173.95677194651333,2.6133118854965254,engine
Ascendant,2,174.12040872574164,2.542903011095172,engine
Ascendant,3,174.28403325915238,2.472471006126438,engine
Ascendant,4,174.4476458835316,2.4020165112698133,engine
Ascendant,5,174.61124693410332,2.331540168214373,engine
Ascendant,6,174.77483685666874,2.261042571316623,engine
Ascendant,7,174.93841576639417,2.1905244577447496,engine
Ascendant,8,175.1019841084524,2.1199864227712464,engine
Ascendant,9,175.26554221679618,2.0494291098896484,engine
Ascendant,10,175.42909042630382,1.9788531624848698,engine
Ascendant,11,175.59262907035986,1.908259224867554,engine
Ascendant,12,175.75615848329647,1.8376479412111093,engine
Ascendant,13,175.91967899797453,1.7670199565859956,engine
Ascendant,14,176.0831909479212,1.6963759160277778,engine
Ascendant,15,176.24669466642945,1.6257164649155929,engine
Ascendant,16,176.41019048596183,1.5550422492204927,engine
Ascendant,17,176.57367884839866,1.48435386782182,engine
Ascendant,18,176.7371598674376,1.4136520617165915,engine
Ascendant,19,176.90063398426986,1.342937430510615,engine
Ascendant,20,177.06410153148812,1.272210620952989,engine
Ascendant,21,177.22756284030305,1.2014722805745195,engine
Ascendant,22,177.3910182426793,1.1307230567536637,engine
Ascendant,23,177.55446807043623,1.0599635970956574,engine
Ascendant,24,177.71791265434766,0.9891945498123609,engine
Ascendant,25,177.88135232627798,0.9184165627870815,engine
Ascendant,26,178.04478741676476,0.8476302846117119,engine
Ascendant,27,178.20821825745816,0.7768363635199143,engine
Ascendant,28,178.37164517900678,0.7060354482926414,engine
Ascendant,29,178.53506862156658,0.6352281403652831,engine
Ascendant,30,178.69848869737191,0.564415183349417,engine
Midheaven,-30,73.06437232475271,22.523385917999754,engine
Midheaven,-20,75.56999401778396,22.77344330532773,engine
Midheaven,-15,76.82287082155959,22.88352430237736,engine
Midheaven,-10,78.07579279496389,22.983631179263945,engine
Midheaven,-5,79.32876123392907,23.073758391351674,engine
Midheaven,-2,80.08056478572179,23.123042442662257,engine
Midheaven,-1,80.33116977338048,23.138671538365397,engine
Midheaven,0,80.5817766738165,23.15390111932276,engine
Midheaven,1,80.83238549205547,23.168731154453457,engine
Midheaven,2,81.08299623483859,23.183161613697624,engine
Midheaven,3,81.33360890689775,23.19719246776738,engine
Midheaven,4,81.58422351467965,23.21082368833362,engine
Midheaven,5,81.83484006262064,23.224055247790435,engine
Midheaven,6,82.08545872493126,23.236887127902392,engine
Midheaven,7,82.33607916963183,23.249319285431394,engine
Midheaven,8,82.5867015706337,23.261351703931517,engine
Midheaven,9,82.83732593177739,23.27298435885351,engine
Midheaven,10,83.08795225861594,23.284217226439075,engine
Midheaven,11,83.33858055468986,23.29505028352645,engine
Midheaven,12,83.58921082525123,23.30548350769538,engine
Midheaven,13,83.83984307353887,23.315516877086168,engine
Midheaven,14,84.09047730403712,23.325150370517004,engine
Midheaven,15,84.3411135210787,23.33438396740387,engine
Midheaven,16,84.59175172791328,23.343217647710233,engine
Midheaven,17,84.84239209571297,23.351651397489174,engine
Midheaven,18,85.09303429267139,23.35968518655677,engine
Midheaven,19,85.34367848918875,23.36731900230156,engine
Midheaven,20,85.59432468930089,23.374552826898785,engine
Midheaven,21,85.84497289502835,23.381386642972558,engine
Midheaven,22,86.09562310963472,23.38782043367851,engine
Midheaven,23,86.34627533623005,23.39385418264747,engine
Midheaven,24,86.59692957637371,23.399487873943873,engine
Midheaven,25,86.84758583333331,23.404721492131024,engine
Midheaven,26,87.09824410835974,23.409555022177727,engine
Midheaven,27,87.34890440441188,23.41398844952651,engine
Midheaven,28,87.59956672289718,23.4180217600207,engine
Midheaven,29,87.85023123315915,23.421654942229114,engine
Midheaven,30,88.10089760151196,23.42488797797896,engine
Vertex,-30,334.4762600270584,-10.580354029710787,engine
Vertex,-20,338.19890150876853,-9.146000487568967,engine
Vertex,-15,340.0763292636436,-8.40325159229483,engine
Vertex,-10,341.96348181274936,-7.644783979701706,engine
Vertex,-5,343.8595433939088,-6.8717324923704135,engine
Vertex,-2,345.0011009842916,-6.4014136308774106,engine
Vertex,-1,345.38223129258284,-6.243621899774569,engine
Vertex,0,345.7636551396887,-6.085338820343751,engine
Vertex,1,346.1453652262312,-5.926575448679341,engine
Vertex,2,346.52735419922,-5.767342990271719,engine
Vertex,3,346.9096146476357,-5.607652799729996,engine
Vertex,4,347.29213910939,-5.447516375668631,engine
Vertex,5,347.6749200669528,-5.286945360224872,engine
Vertex,6,348.0579502113055,-5.125951425617272,engine
Vertex,7,348.4412214100369,-4.964546705582934,engine
Vertex,8,348.82472625553646,-4.80274314204421,engine
Vertex,9,349.2084570334614,-4.640552915791041,engine
Vertex,10,349.59240598663445,-4.477988332878635,engine
Vertex,11,349.97656531079616,-4.315061823558624,engine
Vertex,12,350.36092716178547,-4.151785936287458,engine
Vertex,13,350.7454836513282,-3.9881733364756067,engine
Vertex,14,351.13022685355105,-3.8242368006024305,engine
Vertex,15,351.5151488043801,-3.6599892132681804,engine
Vertex,16,351.9002415016655,-3.4954435638641073,engine
Vertex,17,352.28549716658364,-3.3306128313129544,engine
Vertex,18,352.6709072138914,-3.1655104213589396,engine
Vertex,19,353.05646379860053,-3.000149501318259,engine
Vertex,20,353.44215879005736,-2.834543435308572,engine
Vertex,21,353.82798402614696,-2.668705671930122,engine
Vertex,22,354.21393131996416,-2.502649737706867,engine
Vertex,23,354.5999924593369,-2.3363892335340806,engine
Vertex,24,354.986159206358,-2.1699378310710706,engine
Vertex,25,355.37242330410163,-2.003309265983373,engine
Vertex,26,355.7587764725928,-1.8365173357667248,engine
Vertex,27,356.1452104162655,-1.6695758925693005,engine
Vertex,28,356.5317168206678,-1.5024988406107258,engine
Vertex,29,356.9182876155957,-1.3353000183042192,engine
Vertex,30,357.3049139420452,-1.167993641053695,engine
Algol,-30,47.03561930767772,40.955188780401926,engine
Algol,-20,47.03561750462783,40.95518990382149,engine
Algol,-15,47.0356165561017,40.955190453003326,engine
Algol,-10,47.03561557674289,40.95519099338318,engine
Algol,-5,47.03561456694566,40.95519152462897,engine
Algol,-2,47.03561394662658,40.955191838855455,engine
Algol,-1,47.0356137374668,40.95519194282852,engine
Algol,0,47.03561352711932,40.955192046412726,engine
Algol,1,47.03561331558754,40.95519214960551,engine
Algol,2,47.035613102874954,40.9551922524043,engine
Algol,3,47.035612888985014,40.95519235480655,engine
Algol,4,47.03561267392124,40.9551924568097,engine
Algol,5,47.035612457687144,40.9551925584112,engine
Algol,6,47.03561224028614,40.9551926596086,engine
Algol,7,47.03561202172208,40.95519276039926,engine
Algol,8,47.03561180199841,40.955192860780684,engine
Algol,9,47.03561158111872,40.95519296075038,engine
Algol,10,47.03561135908667,40.955193060305845,engine
Algol,11,47.0356111359059,40.9551931594446,engine
Algol,12,47.035610911580136,40.95519325816412,engine
Algol,13,47.03561068611302,40.955193356461976,engine
Algol,14,47.03561045950831,40.95519345433567,engine
Algol,15,47.03561023176972,40.955193551782735,engine
Algol,16,47.03561000290106,40.95519364880072,engine
Algol,17,47.03560977290593,40.95519374538725,engine
Algol,18,47.03560954178845,40.95519384153976,engine
Algol,19,47.035609309552314,40.95519393725586,engine
Algol,20,47.03560907620136,40.955194032533164,engine
Algol,21,47.03560884173947,40.955194127369246,engine
Algol,22,47.03560860617055,40.955194221761694,engine
Algol,23,47.03560836949849,40.955194315708134,engine
Algol,24,47.03560813172724,40.955194409206136,engine
Algol,25,47.03560789286075,40.95519450225336,engine
Algol,26,47.03560765290304,40.955194594847434,engine
Algol,27,47.03560741185806,40.955194686985976,engine
Algol,28,47.03560716972986,40.955194778666645,engine
Algol,29,47.03560692652229,40.95519486988715,engine
Algol,30,47.035606682239774,40.95519496064506,engine
Pleiades,-30,56.86619485150745,24.10404012067194,engine
Pleiades,-20,56.866193674705684,24.104040962192244,engine
Pleiades,-15,56.86619304442997,24.104041377702703,engine
Pleiades,-10,56.86619238651821,24.104041789410495,engine
Pleiades,-5,56.86619170119701,24.10404219709086,engine
Pleiades,-2,56.86619127694717,24.104042439673055,engine
Pleiades,-1,56.86619113336627,24.104042520185462,engine
Pleiades,0,56.866190988706585,24.10404260052078,engine
Pleiades,1,56.86619084297021,24.10404268067726,engine
Pleiades,2,56.86619069615922,24.1040427606531,engine
Pleiades,3,56.86619054827574,24.104042840446578,engine
Pleiades,4,56.866190399321866,24.10404292005595,engine
Pleiades,5,56.86619024929976,24.104042999479443,engine
Pleiades,6,56.86619009821152,24.10404307871539,engine
Pleiades,7,56.866189946059485,24.104043157761925,engine
Pleiades,8,56.86618979284579,24.104043236617382,engine
Pleiades,9,56.86618963857266,24.104043315280034,engine
Pleiades,10,56.866189483242344,24.10404339374812,engine
Pleiades,11,56.866189326857125,24.10404347201996,engine
Pleiades,12,56.866189169419265,24.104043550093806,engine
Pleiades,13,56.866189010931095,24.104043627967936,engine
Pleiades,14,56.866188851394945,24.104043705640652,engine
Pleiades,15,56.866188690813146,24.10404378311024,engine
Pleiades,16,56.866188529188086,24.104043860375004,engine
Pleiades,17,56.866188366522046,24.104043937433268,engine
Pleiades,18,56.866188202817646,24.104044014283247,engine
Pleiades,19,56.86618803807722,24.104044090923317,engine
Pleiades,20,56.86618787230321,24.104044167351745,engine
Pleiades,21,56.86618770549808,24.104044243566875,engine
Pleiades,22,56.866187537664324,24.104044319567034,engine
Pleiades,23,56.86618736880444,24.104044395350527,engine
Pleiades,24,56.86618719892098,24.10404447091568,engine
Pleiades,25,56.86618702801649,24.104044546260827,engine
Pleiades,26,56.86618685609353,24.10404462138431,engine
Pleiades,27,56.86618668315467,24.10404469628447,engine
Pleiades,28,56.86618650920254,24.10404477095964,engine
Pleiades,29,56.86618633423966,24.10404484540821,engine
Pleiades,30,56.866186158268874,24.10404491962846,engine
Capella,-30,79.16813070900251,45.996857673729885,engine
Capella,-20,79.16813025000641,45.996859234717256,engine
Capella,-15,79.1681299626721,45.99686001714925,engine
Capella,-10,79.16812963671661,45.99686080031039,engine
Capella,-5,79.16812927211531,45.99686158377814,engine
Capella,-2,79.16812903480124,45.99686205382996,engine
Capella,-1,79.16812895260458,45.996862210488814,engine
Capella,0,79.16812886886211,45.996862367129474,engine
Capella,1,79.16812878357399,45.99686252374857,engine
Capella,2,79.16812869674044,45.99686268034271,engine
Capella,3,79.16812860836164,45.99686283690853,engine
Capella,4,79.16812851843783,45.996862993442654,engine
Capella,5,79.16812842696933,45.996863149941674,engine
Capella,6,79.16812833395636,45.99686330640233,engine
Capella,7,79.16812823939938,45.99686346282104,engine
Capella,8,79.16812814329869,45.996863619194514,engine
Capella,9,79.16812804565468,45.99686377551939,engine
Capella,10,79.16812794646779,45.99686393179229,engine
Capella,11,79.16812784573848,45.99686408800985,engine
Capella,12,79.16812774346721,45.996864244168684,engine
Capella,13,79.1681276396545,45.996864400265395,engine
Capella,14,79.1681275343009,45.99686455629665,engine
Capella,15,79.16812742740697,45.996864712259054,engine
Capella,16,79.16812731897333,45.99686486814926,engine
Capella,17,79.16812720900053,45.99686502396399,engine
Capella,18,79.16812709748936,45.99686517969968,engine
Capella,19,79.16812698444046,45.99686533535305,engine
Capella,20,79.16812686985453,45.996865490920754,engine
Capella,21,79.16812675373235,45.996865646399414,engine
Capella,22,79.16812663607466,45.99686580178568,engine
Capella,23,79.1681265168823,45.99686595707621,engine
Capella,24,79.16812639615608,45.99686611226762,engine
Capella,25,79.16812627389689,45.99686626735659,engine
Capella,26,79.16812615010559,45.99686642233972,engine
Capella,27,79.16812602478315,45.99686657721368,engine
Capella,28,79.16812589793051,45.99686673197515,engine
Capella,29,79.16812576954855,45.99686688662086,engine
Capella,30,79.16812563963846,45.99686704114726,engine
Sirius,-30,101.28185868562673,-16.727027137010406,engine
Sirius,-20,101.28185918217501,-16.72702759606776,engine
Sirius,-15,101.28185939266905,-16.7270278307586,engine
Sirius,-10,101.28185957762608,-16.727028068687453,engine
Sirius,-5,101.28185973679874,-16.727028309699893,engine
Sirius,-2,101.28185981982747,-16.727028455722603,engine
Sirius,-1,101.28185984541365,-16.727028504625192,engine
Sirius,0,101.28185986995186,-16.72702855363986,engine
Sirius,1,101.28185989344036,-16.727028602765344,engine
Sirius,2,101.28185991587738,-16.727028652000367,engine
Sirius,3,101.28185993726127,-16.727028701343666,engine
Sirius,4,101.28185995759031,-16.727028750793973,engine
Sirius,5,101.28185997686289,-16.72702880035002,engine
Sirius,6,101.28185999507735,-16.727028850010562,engine
Sirius,7,101.28186001223204,-16.72702889977426,engine
Sirius,8,101.2818600283254,-16.727028949639866,engine
Sirius,9,101.28186004335582,-16.727028999606095,engine
Sirius,10,101.28186005732175,-16.72702904967167,engine
Sirius,11,101.28186007022165,-16.72702909983532,engine
Sirius,12,101.28186008205402,-16.72702915009574,engine
Sirius,13,101.28186009281737,-16.72702920045165,engine
Sirius,14,101.28186010251017,-16.72702925090176,engine
Sirius,15,101.28186011113101,-16.72702930144479,engine
Sirius,16,101.28186011867844,-16.727029352079427,engine
Sirius,17,101.28186012515103,-16.72702940280443,engine
Sirius,18,101.28186013054741,-16.72702945361842,engine
Sirius,19,101.2818601348662,-16.727029504520143,engine
Sirius,20,101.28186013810603,-16.72702955550828,engine
Sirius,21,101.2818601402656,-16.72702960658157,engine
Sirius,22,101.28186014134354,-16.727029657738658,engine
Sirius,23,101.28186014133861,-16.727029708978275,engine
Sirius,24,101.28186014024952,-16.727029760299107,engine
Sirius,25,101.28186013807502,-16.72702981169984,engine
Sirius,26,101.28186013481388,-16.727029863179173,engine
Sirius,27,101.2818601304649,-16.72702991473579,engine
Sirius,28,101.28186012502688,-16.727029966368377,engine
Sirius,29,101.28186011849866,-16.727030018075663,engine
Sirius,30,101.28186011087908,-16.727030069856255,engine
Procyon,-30,114.82060027796838,5.217063631268646,engine
Procyon,-20,114.82060121356255,5.217063923438048,engine
Procyon,-15,114.82060165019483,5.217064071782139,engine
Procyon,-10,114.82060206555664,5.217064221576586,engine
Procyon,-5,114.82060245929028,5.217064372778657,engine
Procyon,-2,114.82060268500398,5.217064464157496,engine
Procyon,-1,114.82060275847107,5.217064494724607,engine
Procyon,0,114.8206028310483,5.217064525344874,engine
Procyon,1,114.82060290273301,5.217064556017948,engine
Procyon,2,114.82060297352254,5.2170645867434695,engine
Procyon,3,114.82060304341427,5.217064617521085,engine
Procyon,4,114.82060311240556,5.217064648350434,engine
Procyon,5,114.82060318049386,5.217064679231156,engine
Procyon,6,114.82060324767662,5.2170647101629175,engine
Procyon,7,114.82060331395118,5.217064741145312,engine
Procyon,8,114.82060337931509,5.217064772177999,engine
Procyon,9,114.82060344376578,5.217064803260616,engine
Procyon,10,114.82060350730076,5.2170648343928026,engine
Procyon,11,114.82060356991754,5.217064865574189,engine
Procyon,12,114.82060363161366,5.217064896804412,engine
Procyon,13,114.82060369238668,5.217064928083106,engine
Procyon,14,114.8206037522341,5.217064959409904,engine
Procyon,15,114.82060381115357,5.217064990784435,engine
Procyon,16,114.82060386914267,5.21706502220633,engine
Procyon,17,114.82060392619907,5.217065053675246,engine
Procyon,18,114.82060398232026,5.2170650851907645,engine
Procyon,19,114.82060403750404,5.217065116752534,engine
Procyon,20,114.82060409174801,5.217065148360182,engine
Procyon,21,114.82060414504988,5.217065180013334,engine
Procyon,22,114.82060419740733,5.217065211711622,engine
Procyon,23,114.82060424881816,5.217065243454665,engine
Procyon,24,114.82060429928002,5.2170652752420885,engine
Procyon,25,114.82060434879075,5.217065307073513,engine
Procyon,26,114.82060439734805,5.217065338948563,engine
Procyon,27,114.82060444494981,5.217065370866858,engine
Procyon,28,114.82060449159378,5.217065402828022,engine
Procyon,29,114.82060453727784,5.217065434831695,engine
Procyon,30,114.82060458199983,5.21706546687745,engine
Alkaid,-30,206.89207878839292,49.3120232464775,engine
Alkaid,-20,206.8920815758809,49.31202257034213,engine
Alkaid,-15,206.89208301068874,49.31202225503921,engine
Alkaid,-10,206.8920844719646,49.312021955301994,engine
Alkaid,-5,206.8920859590123,49.31202167141304,engine
Alkaid,-2,206.89208686331676,49.3120215088016,engine
Alkaid,-1,206.89208716672988,49.31202145589775,engine
Alkaid,0,206.8920874711225,49.31202140364742,engine
Alkaid,1,206.8920877764888,49.31202135205277,engine
Alkaid,2,206.89208808282302,49.312021301115855,engine
Alkaid,3,206.89208839011926,49.31202125083878,engine
Alkaid,4,206.89208869837165,49.31202120122362,engine
Alkaid,5,206.89208900757438,49.31202115227244,engine
Alkaid,6,206.8920893177217,49.312021103987256,engine
Alkaid,7,206.8920896288073,49.31202105637017,engine
Alkaid,8,206.89208994082543,49.312021009423184,engine
Alkaid,9,206.89209025377016,49.31202096314828,engine
Alkaid,10,206.89209056763556,49.3120209175475,engine
Alkaid,11,206.89209088241554,49.31202087262281,engine
Alkaid,12,206.8920911981042,49.31202082837617,engine
Alkaid,13,206.89209151469547,49.31202078480955,engine
Alkaid,14,206.89209183218327,49.312020741924904,engine
Alkaid,15,206.89209215056164,49.31202069972418,engine
Alkaid,16,206.89209246982443,49.31202065820927,engine
Alkaid,17,206.8920927899658,49.31202061738205,engine
Alkaid,18,206.89209311097918,49.3120205772445,engine
Alkaid,19,206.8920934328587,49.31202053779847,engine
Alkaid,20,206.89209375559818,49.31202049904582,engine
Alkaid,21,206.8920940791915,49.31202046098839,engine
Alkaid,22,206.89209440363246,49.31202042362804,engine
Alkaid,23,206.89209472891488,49.3120203869666,engine
Alkaid,24,206.89209505503257,49.312020351005884,engine
Alkaid,25,206.89209538197926,49.3120203157477,engine
Alkaid,26,206.8920957097488,49.312020281193796,engine
Alkaid,27,206.8920960383348,49.312020247346005,engine
Alkaid,28,206.8920963677311,49.31202021420605,engine
Alkaid,29,206.89209669793166,49.312020181775665,engine
Alkaid,30,206.8920970289296,49.312020150056625,engine
Algorab,-30,187.46981330984127,-16.518754828708975,engine
Algorab,-20,187.4698154439599,-16.51875461057557,engine
Algorab,-15,187.46981652691787,-16.518754512178823,engine
Algorab,-10,187.46981761971458,-16.518754420977576,engine
Algorab,-5,187.4698187217742,-16.518754337029108,engine
Algorab,-2,187.4698193872147,-16.51875429016392,engine
Algorab,-1,187.46981960970103,-16.51875427512865,engine
Algorab,0,187.46981983251595,-16.51875426038728,engine
Algorab,1,187.4698200556548,-16.5187542459402,engine
Algorab,2,187.46982027911284,-16.518754231787803,engine
Algorab,3,187.4698205028854,-16.518754217930464,engine
Algorab,4,187.4698207269678,-16.518754204368555,engine
Algorab,5,187.46982095135527,-16.51875419110245,engine
Algorab,6,187.46982117604324,-16.518754178132486,engine
Algorab,7,187.46982140102673,-16.51875416545906,engine
Algorab,8,187.46982162630113,-16.5187541530825,engine
Algorab,9,187.46982185186172,-16.518754141003175,engine
Algorab,10,187.46982207770372,-16.518754129221396,engine
Algorab,11,187.4698223038224,-16.518754117737515,engine
Algorab,12,187.469822530213,-16.518754106551853,engine
Algorab,13,187.46982275687083,-16.518754095664747,engine
Algorab,14,187.469822983791,-16.518754085076505,engine
Algorab,15,187.46982321096885,-16.518754074787427,engine
Algorab,16,187.46982343839952,-16.518754064797843,engine
Algorab,17,187.46982366607847,-16.518754055108033,engine
Algorab,18,187.46982389400054,-16.518754045718307,engine
Algorab,19,187.46982412216113,-16.518754036628945,engine
Algorab,20,187.46982435055543,-16.518754027840238,engine
Algorab,21,187.46982457917866,-16.518754019352453,engine
Algorab,22,187.469824808026,-16.518754011165875,engine
Algorab,23,187.46982503709265,-16.518754003280748,engine
Algorab,24,187.46982526637382,-16.51875399569736,engine
Algorab,25,187.46982549586468,-16.518753988415945,engine
Algorab,26,187.46982572556036,-16.518753981436756,engine
Algorab,27,187.46982595545614,-16.51875397476005,engine
Algorab,28,187.4698261855471,-16.518753968386036,engine
Algorab,29,187.46982641582863,-16.518753962314975,engine
Algorab,30,187.46982664629556,-16.51875395654707,engine
Spica,-30,201.3033007688869,-11.163605259819619,engine
Spica,-20,201.3033027127295,-11.163604976536547,engine
Spica,-15,201.30330370882123,-11.163604841270104,engine
Spica,-10,201.30330472037522,-11.163604710341955,engine
Spica,-5,201.30330574689395,-11.16360458381561,engine
Spica,-2,201.30330636977843,-11.16360451003834,engine
Spica,-1,201.30330657854435,-11.163604485805221,engine
Spica,0,201.30330678787234,-11.163604461752561,engine
Spica,1,201.30330699775826,-11.163604437880796,engine
Spica,2,201.30330720819802,-11.163604414190411,engine
Spica,3,201.3033074191874,-11.163604390681861,engine
Spica,4,201.30330763072234,-11.163604367355603,engine
Spica,5,201.30330784279863,-11.163604344212091,engine
Spica,6,201.3033080554123,-11.163604321251752,engine
Spica,7,201.3033082685588,-11.163604298475079,engine
Spica,8,201.30330848223414,-11.16360427588249,engine
Spica,9,201.3033086964341,-11.163604253474425,engine
Spica,10,201.3033089111545,-11.163604231251325,engine
Spica,11,201.3033091263911,-11.163604209213615,engine
Spica,12,201.30330934213964,-11.163604187361729,engine
Spica,13,201.30330955839594,-11.163604165696093,engine
Spica,14,201.30330977515572,-11.16360414421713,engine
Spica,15,201.3033099924147,-11.16360412292525,engine
Spica,16,201.30331021016863,-11.163604101820873,engine
Spica,17,201.30331042841343,-11.163604080904395,engine
Spica,18,201.30331064714443,-11.163604060176258,engine
Spica,19,201.30331086635752,-11.16360403963684,engine
Spica,20,201.3033110860484,-11.163604019286556,engine
Spica,21,201.30331130621278,-11.163603999125785,engine
Spica,22,201.30331152684627,-11.163603979154935,engine
Spica,23,201.3033117479446,-11.163603959374385,engine
Spica,24,201.30331196950337,-11.163603939784533,engine
Spica,25,201.30331219151827,-11.163603920385746,engine
Spica,26,201.30331241398494,-11.163603901178412,engine
Spica,27,201.303312636899,-11.1636038821629,engine
Spica,28,201.30331286025606,-11.16360386333959,engine
Spica,29,201.30331308405192,-11.163603844708827,engine
Spica,30,201.30331330828184,-11.163603826271007,engine
Arcturus,-30,213.91369030388324,19.167997600693813,engine
Arcturus,-20,213.91369207650692,19.167997311983534,engine
Arcturus,-15,213.91369299484148,19.167997176287695,engine
Arcturus,-10,213.91369393396909,19.167997046555485,engine
Arcturus,-5,213.913694893461,19.167996922926378,engine
Arcturus,-2,213.91369547874885,19.167996851735357,engine
Arcturus,-1,213.91369567542225,19.16799682850922,engine
Arcturus,0,213.91369587287838,19.167996805536976,engine
Arcturus,1,213.91369607111363,19.167996782819667,engine
Arcturus,2,213.9136962701244,19.16799676035836,engine
Arcturus,3,213.91369646990697,19.167996738154095,engine
Arcturus,4,213.91369667045774,19.16799671620792,engine
Arcturus,5,213.91369687177303,19.16799669452087,engine
Arcturus,6,213.91369707384925,19.167996673093977,engine
Arcturus,7,213.91369727668248,19.167996651928295,engine
Arcturus,8,213.91369748026906,19.16799663102483,engine
Arcturus,9,213.91369768460535,19.1679966103846,engine
Arcturus,10,213.9136978896875,19.167996590008617,engine
Arcturus,11,213.91369809551185,19.167996569897902,engine
Arcturus,12,213.91369830207455,19.167996550053456,engine
Arcturus,13,213.91369850937184,19.167996530476273,engine
Arcturus,14,213.91369871739988,19.167996511167352,engine
Arcturus,15,213.91369892615492,19.16799649212768,engine
Arcturus,16,213.91369913563304,19.16799647335825,engine
Arcturus,17,213.91369934583062,19.167996454860003,engine
Arcturus,18,213.91369955674347,19.167996436633963,engine
Arcturus,19,213.91369976836785,19.167996418681078,engine
Arcturus,20,213.9136999806999,19.167996401002306,engine
Arcturus,21,213.91370019373574,19.167996383598613,engine
Arcturus,22,213.91370040747137,19.16799636647095,engine
Arcturus,23,213.91370062190293,19.167996349620264,engine
Arcturus,24,213.91370083702645,19.16799633304749,engine
Arcturus,25,213.91370105283804,19.16799631675357,engine
Arcturus,26,213.9137012693336,19.167996300739446,engine
Arcturus,27,213.91370148650927,19.167996285006026,engine
Arcturus,28,213.91370170436105,19.167996269554244,engine
Arcturus,29,213.913701922885,19.167996254384985,engine
Arcturus,30,213.91370214207683,19.167996239499207,engine
Alphecca,-30,233.67814638509725,26.711369313530355,engine
Alphecca,-20,233.67814769708318,26.7113686571307,engine
Alphecca,-15,233.6781483950074,26.711368335513274,engine
Alphecca,-10,233.6781491205535,26.711368018609765,engine
Alphecca,-5,233.67814987345594,26.71136770666148,engine
Alphecca,-2,233.6781503382129,26.71136752197059,engine
Alphecca,-1,233.67815049528735,26.711367460831372,engine
Alphecca,0,233.67815065343572,26.711367399907516,engine
Alphecca,1,233.67815081265547,26.711367339200905,engine
Alphecca,2,233.67815097294434,26.711367278713414,engine
Alphecca,3,233.67815113429987,26.711367218446913,engine
Alphecca,4,233.67815129671956,26.711367158403295,engine
Alphecca,5,233.6781514602011,26.711367098584418,engine
Alphecca,6,233.67815162474196,26.711367038992083,engine
Alphecca,7,233.6781517903395,26.711366979628266,engine
Alphecca,8,233.67815195699131,26.71136692049475,engine
Alphecca,9,233.6781521246949,26.711366861593405,engine
Alphecca,10,233.6781522934476,26.71136680292607,engine
Alphecca,11,233.67815246324687,26.711366744494594,engine
Alphecca,12,233.67815263409017,26.71136668630079,engine
Alphecca,13,233.6781528059749,26.711366628346514,engine
Alphecca,14,233.67815297889823,26.711366570633587,engine
Alphecca,15,233.67815315285767,26.711366513163824,engine
Alphecca,16,233.67815332785057,26.711366455939054,engine
Alphecca,17,233.67815350387428,26.71136639896105,engine
Alphecca,18,233.67815368092585,26.711366342231695,engine
Alphecca,19,233.6781538590026,26.711366285752757,engine
Alphecca,20,233.67815403810187,26.711366229526032,engine
Alphecca,21,233.67815421822087,26.71136617355331,engine
Alphecca,22,233.67815439935674,26.711366117836388,engine
Alphecca,23,233.67815458150676,26.711366062377063,engine
Alphecca,24,233.67815476466805,26.711366007177087,engine
Alphecca,25,233.67815494883763,26.71136595223826,engine
Alphecca,26,233.67815513401283,26.711365897562338,engine
Alphecca,27,233.67815532019063,26.711365843151086,engine
Alphecca,28,233.67815550736816,26.711365789006265,engine
Alphecca,29,233.6781556955427,26.71136573512961,engine
Alphecca,30,233.67815588471086,26.711365681522917,engine
Vega,-30,279.2386584339257,38.780808998677934,engine
Vega,-20,279.238657917523,38.78080782705053,engine
Vega,-15,279.23865770651213,38.780807230914306,engine
Vega,-10,279.23865752735907,38.780806628346895,engine
Vega,-5,279.23865738034306,38.78080601968984,engine
Vega,-2,279.23865730766954,38.78080565171588,engine
Vega,-1,279.23865728604665,38.78080552861122,engine
Vega,0,279.2386572657278,38.78080540528786,engine
Vega,1,279.23865724671504,38.78080528174859,engine
Vega,2,279.23865722901013,38.7808051579962,engine
Vega,3,279.238657212615,38.78080503403349,engine
Vega,4,279.23865719753155,38.78080490986323,engine
Vega,5,279.23865718376163,38.78080478548826,engine
Vega,6,279.2386571713071,38.7808046609113,engine
Vega,7,279.2386571601696,38.78080453613532,engine
Vega,8,279.23865715035095,38.78080441116305,engine
Vega,9,279.23865714185297,38.78080428599731,engine
Vega,10,279.2386571346773,38.78080416064093,engine
Vega,11,279.23865712882554,38.78080403509673,engine
Vega,12,279.2386571242995,38.78080390936752,engine
Vega,13,279.23865712110074,38.78080378345618,engine
Vega,14,279.2386571192308,38.78080365736551,engine
Vega,15,279.2386571186915,38.78080353109836,engine
Vega,16,279.2386571194841,38.78080340465759,engine
Vega,17,279.23865712161034,38.780803278045944,engine
Vega,18,279.2386571250716,38.78080315126644,engine
Vega,19,279.2386571298695,38.78080302432186,engine
Vega,20,279.2386571360054,38.780802897215054,engine
Vega,21,279.2386571434807,38.780802769948885,engine
Vega,22,279.23865715229687,38.78080264252621,engine
Vega,23,279.23865716245524,38.78080251494991,engine
Vega,24,279.2386571739572,38.78080238722284,engine
Vega,25,279.23865718680406,38.78080225934785,engine
Vega,26,279.2386572009972,38.78080213132788,engine
Vega,27,279.2386572165377,38.78080200316574,engine
Vega,28,279.23865723342703,38.78080187486436,engine
Vega,29,279.23865725166627,38.780801746426505,engine
Vega,30,279.23865727125667,38.780801617855246,engine
Deneb Algedi,-30,326.7593364474607,-16.129751748582244,engine
Deneb Algedi,-20,326.7593346039115,-16.12975132799219,engine
Deneb Algedi,-15,326.7593336954162,-16.129751107157958,engine
Deneb Algedi,-10,326.7593327965443,-16.129750879369507,engine
Deneb Algedi,-5,326.75933190786753,-16.129750644684847,engine
Deneb Algedi,-2,326.7593313797915,-16.129750500589296,engine
Deneb Algedi,-1,326.75933120464816,-16.12975045201303,engine
Deneb Algedi,0,326.75933102995333,-16.129750403165417,engine
Deneb Algedi,1,326.7593308557116,-16.129750354046987,engine
Deneb Algedi,2,326.7593306819273,-16.129750304658273,engine
Deneb Algedi,3,326.7593305086049,-16.129750254999802,engine
Deneb Algedi,4,326.75933033574887,-16.12975020507214,engine
Deneb Algedi,5,326.75933016336364,-16.12975015487583,engine
Deneb Algedi,6,326.7593299914536,-16.12975010441137,engine
Deneb Algedi,7,326.75932982002337,-16.12975005367941,engine
Deneb Algedi,8,326.75932964907724,-16.129750002680467,engine
Deneb Algedi,9,326.75932947861963,-16.129749951415103,engine
Deneb Algedi,10,326.7593293086549,-16.129749899883922,engine
Deneb Algedi,11,326.7593291391875,-16.12974984808747,engine
Deneb Algedi,12,326.75932897022176,-16.129749796026353,engine
Deneb Algedi,13,326.7593288017621,-16.12974974370114,engine
Deneb Algedi,14,326.7593286338128,-16.129749691112444,engine
Deneb Algedi,15,326.7593284663783,-16.129749638260858,engine
Deneb Algedi,16,326.7593282994629,-16.129749585146985,engine
Deneb Algedi,17,326.75932813307077,-16.12974953177139,engine
Deneb Algedi,18,326.7593279672065,-16.129749478134773,engine
Deneb Algedi,19,326.75932780187435,-16.129749424237716,engine
Deneb Algedi,20,326.7593276370785,-16.129749370080837,engine
Deneb Algedi,21,326.7593274728234,-16.12974931566476,engine
Deneb Algedi,22,326.7593273091132,-16.129749260990128,engine
Deneb Algedi,23,326.7593271459521,-16.12974920605758,engine
Deneb Algedi,24,326.7593269833445,-16.12974915086776,engine
Deneb Algedi,25,326.7593268212946,-16.12974909542131,engine
Deneb Algedi,26,326.75932665980673,-16.129749039718888,engine
Deneb Algedi,27,326.759326498885,-16.129748983761157,engine
Deneb Algedi,28,326.75932633853364,-16.12974892754877,engine
Deneb Algedi,29,326.75932617875674,-16.12974887108238,engine
Deneb Algedi,30,326.7593260195587,-16.129748814362713,engine
Rigel,-30,78.63104135724737,-8.204193863062061,engine
Rigel,-20,78.63104101383477,-8.204194029652694,engine
Rigel,-15,78.63104080151001,-8.204194113363435,engine
Rigel,-10,78.63104056206903,-8.20419419723985,engine
Rigel,-5,78.63104029550003,-8.204194281198399,engine
Rigel,-2,78.63104012253719,-8.204194331578169,engine
Rigel,-1,78.6310400627131,-8.204194348368183,engine
Rigel,0,78.63104000180431,-8.204194365155463,engine
Rigel,1,78.63103993981099,-8.204194381939343,engine
Rigel,2,78.63103987673328,-8.20419439871915,engine
Rigel,3,78.63103981257143,-8.204194415494218,engine
Rigel,4,78.63103974732563,-8.204194432263872,engine
Rigel,5,78.6310396809961,-8.20419444902745,engine
Rigel,6,78.63103961358308,-8.204194465784292,engine
Rigel,7,78.63103954508692,-8.20419448253371,engine
Rigel,8,78.6310394755079,-8.204194499275042,engine
Rigel,9,78.63103940484633,-8.204194516007624,engine
Rigel,10,78.63103933310255,-8.204194532730789,engine
Rigel,11,78.63103926027694,-8.204194549443871,engine
Rigel,12,78.63103918636985,-8.204194566146194,engine
Rigel,13,78.6310391113817,-8.204194582837102,engine
Rigel,14,78.63103903531291,-8.204194599515917,engine
Rigel,15,78.63103895816396,-8.20419461618198,engine
Rigel,16,78.63103887993528,-8.204194632834618,engine
Rigel,17,78.6310388006273,-8.204194649473184,engine
Rigel,18,78.63103872024065,-8.204194666096981,engine
Rigel,19,78.6310386387758,-8.204194682705364,engine
Rigel,20,78.63103855623334,-8.204194699297657,engine
Rigel,21,78.63103847261377,-8.204194715873202,engine
Rigel,22,78.6310383879177,-8.204194732431336,engine
Rigel,23,78.63103830214578,-8.204194748971384,engine
Rigel,24,78.6310382152986,-8.20419476549269,engine
Rigel,25,78.63103812737684,-8.20419478199459,engine
Rigel,26,78.63103803838115,-8.20419479847642,engine
Rigel,27,78.63103794831224,-8.204194814937514,engine
Rigel,28,78.63103785717081,-8.204194831377208,engine
Rigel,29,78.63103776495753,-8.20419484779486,engine
Rigel,30,78.63103767167331,-8.204194864189773,engine
Betelgeuse,-30,88.7904491619703,7.405732065308741,engine
Betelgeuse,-20,88.79044918909794,7.405732458980715,engine
Betelgeuse,-15,88.79044916318152,7.405732656959745,engine
Betelgeuse,-10,88.79044911076909,7.405732855601901,engine
Betelgeuse,-5,88.79044903174463,7.405733054832677,engine
Betelgeuse,-2,88.79044897151267,7.405733174622531,engine
Betelgeuse,-1,88.79044894929456,7.405733214590787,engine
Betelgeuse,0,88.79044892600484,7.405733254577185,engine
Betelgeuse,1,88.79044890164285,7.405733294581134,engine
Betelgeuse,2,88.79044887620793,7.40573333460203,engine
Betelgeuse,3,88.79044884969943,7.405733374639268,engine
Betelgeuse,4,88.79044882211673,7.405733414692249,engine
Betelgeuse,5,88.79044879345922,7.405733454760368,engine
Betelgeuse,6,88.79044876372633,7.405733494843051,engine
Betelgeuse,7,88.7904487329175,7.405733534939642,engine
Betelgeuse,8,88.79044870103219,7.40573357504956,engine
Betelgeuse,9,88.79044866806989,7.405733615172208,engine
Betelgeuse,10,88.79044863403008,7.40573365530697,engine
Betelgeuse,11,88.7904485989123,7.405733695453251,engine
Betelgeuse,12,88.79044856271611,7.40573373561045,engine
Betelgeuse,13,88.79044852544104,7.405733775777954,engine
Betelgeuse,14,88.79044848708668,7.405733815955167,engine
Betelgeuse,15,88.79044844765264,7.4057338561414765,engine
Betelgeuse,16,88.79044840713856,7.405733896336274,engine
Betelgeuse,17,88.79044836554405,7.405733936538991,engine
Betelgeuse,18,88.79044832286883,7.405733976748969,engine
Betelgeuse,19,88.79044827911257,7.405734016965618,engine
Betelgeuse,20,88.79044823427495,7.405734057188339,engine
Betelgeuse,21,88.79044818835574,7.405734097416529,engine
Betelgeuse,22,88.79044814135466,7.405734137649574,engine
Betelgeuse,23,88.7904480932715,7.405734177886875,engine
Betelgeuse,24,88.79044804410604,7.405734218127827,engine
Betelgeuse,25,88.7904479938581,7.405734258371816,engine
Betelgeuse,26,88.7904479425275,7.405734298618244,engine
Betelgeuse,27,88.79044789011411,7.405734338866498,engine
Betelgeuse,28,88.7904478366178,7.405734379115974,engine
Betelgeuse,29,88.79044778203843,7.405734419366097,engine
Betelgeuse,30,88.79044772637597,7.405734459616199,engine
Polaris,-30,37.57079583688519,89.26481245408772,engine
Polaris,-20,37.57067102719988,89.26481377638987,engine
Polaris,-15,37.57060613731512,89.2648144129363,engine
Polaris,-10,37.57053962864443,89.26481503246518,engine
Polaris,-5,37.57047153056589,89.26481563452596,engine
Polaris,-2,37.57042992132711,89.26481598719333,engine
Polaris,-1,37.570415927983916,89.26481610329995,engine
Polaris,0,37.57040187325529,89.26481621867623,engine
Polaris,1,37.570387757390904,89.2648163333187,engine
Polaris,2,37.57037358064148,89.26481644722395,engine
Polaris,3,37.57035934325901,89.26481656038857,engine
Polaris,4,37.57034504549659,89.26481667280915,engine
Polaris,5,37.57033068760852,89.26481678448229,engine
Polaris,6,37.57031626984048,89.26481689540473,engine
Polaris,7,37.57030179246842,89.26481700557292,engine
Polaris,8,37.57028725574038,89.26481711498364,engine
Polaris,9,37.57027265991525,89.26481722363354,engine
Polaris,10,37.57025800525297,89.26481733151928,engine
Polaris,11,37.570243292014695,89.2648174386376,engine
Polaris,12,37.5702285204626,89.2648175449852,engine
Polaris,13,37.57021369086013,89.26481765055883,engine
Polaris,14,37.57019880347166,89.2648177553552,engine
Polaris,15,37.570183858562814,89.26481785937108,engine
Polaris,16,37.570168856400244,89.26481796260326,engine
Polaris,17,37.57015379724165,89.2648180650486,engine
Polaris,18,37.57013868137605,89.26481816670375,engine
Polaris,19,37.57012350906338,89.26481826756562,engine
Polaris,20,37.5701082805746,89.26481836763102,engine
Polaris,21,37.57009299618189,89.26481846689683,engine
Polaris,22,37.57007765615841,89.26481856535989,engine
Polaris,23,37.5700622607784,89.26481866301711,engine
Polaris,24,37.570046810317216,89.26481875986535,engine
Polaris,25,37.57003130505115,89.26481885590157,engine
Polaris,26,37.57001574525773,89.26481895112263,engine
Polaris,27,37.570000131215316,89.26481904552554,engine
Polaris,28,37.569984463203475,89.26481913910725,engine
Polaris,29,37.56996874149224,89.26481923186475,engine
Polaris,30,37.56995296638415,89.26481932379497,engine
Castor,-30,113.6474851720729,31.88845292905667,engine
Castor,-20,113.64748622723846,31.88845402503945,engine
Castor,-15,113.64748671765825,31.888454586187862,engine
Castor,-10,113.64748718273822,31.888455155779745,engine
Castor,-5,113.64748762207016,31.88845573356436,engine
Castor,-2,113.647487873145,31.88845608406171,engine
Castor,-1,113.6474879547306,31.888456201519585,engine
Castor,0,113.64748803525808,31.88845631928672,engine
Castor,1,113.6474881147244,31.888456437361036,engine
Castor,2,113.64748819312659,31.88845655574043,engine
Castor,3,113.64748827046166,31.888456674422837,engine
Castor,4,113.64748834672663,31.888456793406135,engine
Castor,5,113.64748842191857,31.88845691268825,engine
Castor,6,113.64748849603457,31.88845703226711,engine
Castor,7,113.64748856907165,31.88845715214047,engine
Castor,8,113.64748864102701,31.88845727230628,engine
Castor,9,113.64748871189771,31.888457392762405,engine
Castor,10,113.64748878168099,31.88845751350673,engine
Castor,11,113.64748885037396,31.888457634537104,engine
Castor,12,113.64748891797385,31.888457755851377,engine
Castor,13,113.6474889844779,31.888457877447426,engine
Castor,14,113.6474890498833,31.888457999323062,engine
Castor,15,113.64748911418735,31.88845812147615,engine
Castor,16,113.64748917738736,31.888458243904516,engine
Castor,17,113.64748923948062,31.888458366606066,engine
Castor,18,113.6474893004644,31.888458489578493,engine
Castor,19,113.64748936033605,31.88845861281965,engine
Castor,20,113.64748941909302,31.888458736327376,engine
Castor,21,113.64748947673263,31.88845886009948,engine
Castor,22,113.64748953325231,31.88845898413376,engine
Castor,23,113.6474895886495,31.888459108428037,engine
Castor,24,113.64748964292166,31.888459232980065,engine
Castor,25,113.64748969606624,31.888459357787678,engine
Castor,26,113.64748974808077,31.888459482848628,engine
Castor,27,113.64748979896275,31.888459608160687,engine
Castor,28,113.64748984870971,31.888459733721664,engine
Castor,29,113.64748989731926,31.88845985952939,engine
Castor,30,113.6474899447889,31.88845998558147,engine
Altair,-30,297.69936215583914,8.867926083894446,engine
Altair,-20,297.69936111972464,8.867925936451742,engine
Altair,-15,297.69936063173145,8.867925858463837,engine
Altair,-10,297.6993601643093,8.86792577772127,engine
Altair,-5,297.6993597178418,8.867925694292952,engine
Altair,-2,297.6993594601755,8.867925642975974,engine
Altair,-1,297.6993593760067,8.867925625663723,engine
Altair,0,297.69935929270287,8.867925608249127,engine
Altair,1,297.69935921026666,8.86792559073277,engine
Altair,2,297.69935912870113,8.867925573115222,engine
Altair,3,297.6993590480089,8.867925555397068,engine
Altair,4,297.699358968193,8.867925537578884,engine
Altair,5,297.69935888925613,8.867925519661261,engine
Altair,6,297.699358811201,8.867925501644766,engine
Altair,7,297.6993587340307,8.867925483530014,engine
Altair,8,297.69935865774767,8.86792546531758,engine
Altair,9,297.6993585823548,8.867925447008062,engine
Altair,10,297.69935850785475,8.867925428602037,engine
Altair,11,297.69935843425026,8.867925410100117,engine
Altair,12,297.69935836154406,8.86792539150289,engine
Altair,13,297.6993582897387,8.867925372810955,engine
Altair,14,297.699358218837,8.867925354024912,engine
Altair,15,297.6993581488415,8.867925335145367,engine
Altair,16,297.6993580797548,8.867925316172922,engine
Altair,17,297.69935801157953,8.867925297108167,engine
Altair,18,297.69935794431825,8.867925277951741,engine
Altair,19,297.6993578779737,8.867925258704233,engine
Altair,20,297.6993578125482,8.86792523936626,engine
Altair,21,297.6993577480444,8.867925219938432,engine
Altair,22,297.6993576844648,8.86792520042137,engine
Altair,23,297.6993576218119,8.867925180815678,engine
Altair,24,297.6993575600882,8.867925161121978,engine
Altair,25,297.69935749929607,8.867925141340901,engine
Altair,26,297.6993574394381,8.86792512147305,engine
Altair,27,297.69935738051663,8.867925101519065,engine
Altair,28,297.699357322534,8.867925081479555,engine
Altair,29,297.6993572654927,8.867925061355143,engine
Altair,30,297.69935720939515,8.867925041146487,engine
Bellatrix,-30,81.27948046197166,6.348090817949924,engine
Bellatrix,-20,81.27948021578861,6.348091172161728,engine
Bellatrix,-15,81.27948005240049,6.348091349662537,engine
Bellatrix,-10,81.27947986207454,6.3480915273399185,engine
Bellatrix,-5,81.27947964477168,6.348091705128804,engine
Bellatrix,-2,81.27947950142972,6.348091811828527,engine
Bellatrix,-1,81.27947945148816,6.34809184739637,engine
Bellatrix,0,81.27947940046595,6.348091882963983,engine
Bellatrix,1,81.27947934836307,6.348091918530843,engine
Bellatrix,2,81.27947929517946,6.348091954096422,engine
Bellatrix,3,81.2794792409151,6.348091989660208,engine
Bellatrix,4,81.27947918556998,6.348092025221671,engine
Bellatrix,5,81.27947912914414,6.348092060780295,engine
Bellatrix,6,81.27947907163755,6.3480920963355825,engine
Bellatrix,7,81.27947901305039,6.348092131886963,engine
Bellatrix,8,81.27947895338265,6.348092167433939,engine
Bellatrix,9,81.27947889263449,6.348092202975989,engine
Bellatrix,10,81.27947883080597,6.348092238512592,engine
Bellatrix,11,81.27947876789729,6.348092274043232,engine
Bellatrix,12,81.27947870390858,6.348092309567379,engine
Bellatrix,13,81.27947863884003,6.34809234508452,engine
Bellatrix,14,81.27947857269186,6.348092380594134,engine
Bellatrix,15,81.27947850546428,6.348092416095697,engine
Bellatrix,16,81.27947843715754,6.348092451588691,engine
Bellatrix,17,81.27947836777187,6.34809248707262,engine
Bellatrix,18,81.27947829730763,6.348092522546914,engine
Bellatrix,19,81.2794782257651,6.348092558011079,engine
Bellatrix,20,81.27947815314461,6.348092593464599,engine
Bellatrix,21,81.27947807944649,6.348092628906949,engine
Bellatrix,22,81.27947800467115,6.348092664337609,engine
Bellatrix,23,81.27947792881893,6.348092699756069,engine
Bellatrix,24,81.27947785189028,6.348092735161805,engine
Bellatrix,25,81.2794777738856,6.348092770554297,engine
Bellatrix,26,81.2794776948054,6.34809280593303,engine
Bellatrix,27,81.27947761465008,6.3480928412974835,engine
Bellatrix,28,81.27947753342019,6.348092876647141,engine
Bellatrix,29,81.27947745111616,6.348092911981509,engine
Bellatrix,30,81.27947736773865,6.348092947300025,engine
