body,minute,ra,dec,source
Aldebaran,-30,68.97635992354506,16.507161122216132,engine
Aldebaran,-20,68.97636068684498,16.507161655522218,engine
Aldebaran,-15,68.97636103526887,16.50716192749544,engine
Aldebaran,-10,68.97636136116738,16.50716220283678,engine
Aldebaran,-5,68.97636166427313,16.50716248141033,engine
Aldebaran,-2,68.97636183508882,16.50716265004873,engine
Aldebaran,-1,68.9763618901741,16.507162706503937,engine
Aldebaran,0,68.97636194432948,16.507162763078487,engine
Aldebaran,1,68.97636199755301,16.50716281977127,engine
Aldebaran,2,68.9763620498428,16.507162876581173,engine
Aldebaran,3,68.97636210119695,16.507162933507043,engine
Aldebaran,4,68.97636215161361,16.507162990547798,engine
Aldebaran,5,68.97636220109091,16.507163047702285,engine
Aldebaran,6,68.976362249627,16.507163104969433,engine
Aldebaran,7,68.97636229722005,16.50716316234801,engine
Aldebaran,8,68.97636234386827,16.507163219836947,engine
Aldebaran,9,68.97636238956986,16.507163277435097,engine
Aldebaran,10,68.97636243432308,16.507163335141325,engine
Aldebaran,11,68.97636247812616,16.507163392954503,engine
Aldebaran,12,68.97636252097737,16.50716345087348,engine
Aldebaran,13,68.97636256287502,16.50716350889712,engine
Aldebaran,14,68.97636260381739,16.507163567024264,engine
Aldebaran,15,68.97636264380282,16.507163625253778,engine
Aldebaran,16,68.97636268282965,16.507163683584515,engine
Aldebaran,17,68.97636272089626,16.507163742015365,engine
Aldebaran,18,68.97636275800097,16.507163800545086,engine
Aldebaran,19,68.97636279414223,16.507163859172582,engine
Aldebaran,20,68.97636282931843,16.507163917896676,engine
Aldebaran,21,68.97636286352804,16.50716397671621,engine
Aldebaran,22,68.97636289676947,16.50716403563005,engine
Aldebaran,23,68.97636292904123,16.50716409463701,engine
Aldebaran,24,68.97636296034179,16.507164153735932,engine
Aldebaran,25,68.97636299066964,16.507164212925662,engine
Aldebaran,26,68.97636302002334,16.507164272205024,engine
Aldebaran,27,68.97636304840144,16.50716433157284,engine
Aldebaran,28,68.97636307580245,16.507164391027956,engine
Aldebaran,29,68.97636310222505,16.507164450569242,engine
Aldebaran,30,68.97636312766775,16.50716451019544,engine
Antares,-30,247.3564460027494,-26.432494596128542,engine
Antares,-20,247.35644523361285,-26.432493829056455,engine
Antares,-15,247.3564448852005,-26.432493437565874,engine
Antares,-10,247.35644456127326,-26.432493041055814,engine
Antares,-5,247.35644426210231,-26.432492639741767,engine
Antares,-2,247.35644409459118,-26.43249239673806,engine
Antares,-1,247.35644404076487,-26.432492315378123,engine
Antares,0,247.3564439879471,-26.432492233841785,engine
Antares,1,247.35644393613993,-26.4324921521308,engine
Antares,2,247.3564438853452,-26.432492070246948,engine
Antares,3,247.35644383556487,-26.432491988192,engine
Antares,4,247.3564437868008,-26.432491905967737,engine
Antares,5,247.35644373905495,-26.432491823575937,engine
Antares,6,247.35644369232892,-26.432491741018318,engine
Antares,7,247.35644364662477,-26.432491658296794,engine
Antares,8,247.35644360194425,-26.4324915754131,engine
Antares,9,247.3564435582891,-26.43249149236901,engine
Antares,10,247.35644351566108,-26.432491409166346,engine
Antares,11,247.35644347406196,-26.4324913258069,engine
Antares,12,247.35644343349352,-26.43249124229247,engine
Antares,13,247.35644339395733,-26.432491158624863,engine
Antares,14,247.35644335545516,-26.43249107480589,engine
Antares,15,247.3564433179887,-26.432490990837348,engine
Antares,16,247.3564432815596,-26.432490906721075,engine
Antares,17,247.35644324616936,-26.43249082245882,engine
Antares,18,247.35644321181974,-26.43249073805251,engine
Antares,19,247.35644317851225,-26.432490653503923,engine
Antares,20,247.3564431462485,-26.432490568814877,engine
Antares,21,247.35644311503,-26.4324904839872,engine
Antares,22,247.3564430848583,-26.432490399022733,engine
Antares,23,247.3564430557349,-26.432490313923303,engine
Antares,24,247.3564430276613,-26.43249022869073,engine
Antares,25,247.35644300063896,-26.432490143326874,engine
Antares,26,247.35644297466925,-26.43249005783357,engine
Antares,27,247.3564429497537,-26.432489972212664,engine
Antares,28,247.35644292589367,-26.432489886465994,engine
Antares,29,247.3564429030905,-26.432489800595366,engine
Antares,30,247.3564428813457,-26.432489714602724,engine
Ceres,-30,78.02681211156387,25.486109417732564,engine
Ceres,-20,78.02963752043878,25.48651195592119,engine
Ceres,-15,78.0310500049336,25.48671310927423,engine
Ceres,-10,78.03246234744819,25.486914183502215,engine
Ceres,-5,78.03387455204621,25.48711517722841,engine
Ceres,-2,78.03472181011777,25.48723573425214,engine
Ceres,-1,78.03500421891822,25.487275913333917,engine
Ceres,0,78.03528662238622,25.487316089073275,engine
Ceres,1,78.03556902073619,25.487356261507916,engine
Ceres,2,78.03585141381721,25.487396430578933,engine
Ceres,3,78.03613380184395,25.48743659632417,engine
Ceres,4,78.03641618466571,25.48747675868482,engine
Ceres,5,78.03669856249742,25.48751691769883,engine
Ceres,6,78.03698093537793,25.487557073334457,engine
Ceres,7,78.03726330314373,25.487597225575854,engine
Ceres,8,78.03754566583392,25.4876373743914,engine
Ceres,9,78.03782802366383,25.48767751981925,engine
Ceres,10,78.03811037648356,25.487717661800946,engine
Ceres,11,78.03839272441725,25.48775780035058,engine
Ceres,12,78.0386750675893,25.4877979354823,engine
Ceres,13,78.03895740585001,25.487838067137833,engine
Ceres,14,78.03923973941536,25.487878195355613,engine
Ceres,15,78.03952206813588,25.487918320077437,engine
Ceres,16,78.03980439222775,25.487958441341874,engine
Ceres,17,78.04008671173108,25.487998559117777,engine
Ceres,18,78.04036902648359,25.48803867338995,engine
Ceres,19,78.04065133652563,25.48807878412742,engine
Ceres,20,78.04093364198242,25.488118891344744,engine
Ceres,21,78.04121594297929,25.488158995056608,engine
Ceres,22,78.04149823936754,25.48819909520525,engine
Ceres,23,78.04178053136415,25.48823919182959,engine
Ceres,24,78.04206281882061,25.488279284871986,engine
Ceres,25,78.04234510195407,25.488319374371518,engine
Ceres,26,78.04262738061628,25.488359460270612,engine
Ceres,27,78.04290965493321,25.488399542584336,engine
Ceres,28,78.04319192503087,25.488439621327714,engine
Ceres,29,78.04347419095069,25.48847969647029,engine
Ceres,30,78.04375645253168,25.488519767997673,engine
Chiron,-30,11.198498356721975,6.923534804728051,engine
Chiron,-20,11.19886342063972,6.923685342323611,engine
Chiron,-15,11.199045939660962,6.923760602430492,engine
Chiron,-10,11.199228451258994,6.923835856711205,engine
Chiron,-5,11.19941095639863,6.923911105171088,engine
Chiron,-2,11.19952045674714,6.9239562514396065,engine
Chiron,-1,11.199556956452339,6.923971299727886,engine
Chiron,0,11.199593455965111,6.923986347782317,engine
Chiron,1,11.199629955292865,6.924001395602844,engine
Chiron,2,11.199666454443046,6.924016443189427,engine
Chiron,3,11.199702953423072,6.924031490542017,engine
Chiron,4,11.19973945224037,6.924046537660572,engine
Chiron,5,11.19977595090239,6.92406158454506,engine
Chiron,6,11.199812449441017,6.924076631205532,engine
Chiron,7,11.19984894781475,6.924091677621782,engine
Chiron,8,11.199885446055504,6.924106723803877,engine
Chiron,9,11.199921944170697,6.924121769751793,engine
Chiron,10,11.199958442167784,6.924136815465517,engine
Chiron,11,11.199994940054193,6.9241518609450345,engine
Chiron,12,11.200031437841426,6.924166906191517,engine
Chiron,13,11.200067935528795,6.924181951202596,engine
Chiron,14,11.20010443312781,6.924196995979458,engine
Chiron,15,11.200140930645892,6.924212040522098,engine
Chiron,16,11.200177428090496,6.924227084830529,engine
Chiron,17,11.200213925493532,6.924242128914847,engine
Chiron,18,11.200250422813472,6.9242571727548885,engine
Chiron,19,11.200286920082247,6.924272216360766,engine
Chiron,20,11.200323417307281,6.924287259732499,engine
Chiron,21,11.200359914496016,6.924302302870116,engine
Chiron,22,11.200396411655886,6.924317345773646,engine
Chiron,23,11.200432908794314,6.924332388443122,engine
Chiron,24,11.200469405918742,6.924347430878587,engine
Chiron,25,11.200505903036609,6.924362473080084,engine
Chiron,26,11.20054240015532,6.924377515047654,engine
Chiron,27,11.200578897282323,6.924392556781356,engine
Chiron,28,11.200615394425027,6.924407598281232,engine
Chiron,29,11.200651891615342,6.924422639557441,engine
Chiron,30,11.200688388811727,6.924437680589859,engine
Eris,-30,26.381588906156555,-1.066557246448144,tno-rate
Eris,-20,26.38165599749139,-1.066527403242715,tno-rate
Eris,-15,26.381689543158807,-1.0665124816400007,tno-rate
Eris,-10,26.381723088826227,-1.0664975600372861,tno-rate
Eris,-5,26.381756634493644,-1.0664826384345716,tno-rate
Eris,-2,26.381776761894095,-1.0664736854729429,tno-rate
Eris,-1,26.38178347102758,-1.0664707011524,tno-rate
Eris,0,26.38179018016106,-1.066467716831857,tno-rate
Eris,1,26.381796889294545,-1.0664647325113141,tno-rate
Eris,2,26.38180359842803,-1.0664617481907712,tno-rate
Eris,3,26.381810307561512,-1.0664587638702283,tno-rate
Eris,4,26.381817016694995,-1.0664557795496854,tno-rate
Eris,5,26.38182372582848,-1.0664527952291425,tno-rate
Eris,6,26.381830434961962,-1.0664498109085996,tno-rate
Eris,7,26.381837144095446,-1.0664468265880567,tno-rate
Eris,8,26.38184385322893,-1.0664438422675138,tno-rate
Eris,9,26.381850562362413,-1.0664408579469709,tno-rate
Eris,10,26.381857271495896,-1.066437873626428,tno-rate
Eris,11,26.381863980629383,-1.066434889305885,tno-rate
Eris,12,26.381870689762867,-1.0664319049853421,tno-rate
Eris,13,26.38187739889635,-1.0664289206647992,tno-rate
Eris,14,26.381884108029833,-1.0664259363442563,tno-rate
Eris,15,26.381890817163317,-1.0664229520237134,tno-rate
Eris,16,26.3818975262968,-1.0664199677031707,tno-rate
Eris,17,26.381904235430284,-1.0664169833826278,tno-rate
Eris,18,26.381910944563767,-1.066413999062085,tno-rate
Eris,19,26.38191765369725,-1.066411014741542,tno-rate
Eris,20,26.381924362830734,-1.066408030420999,tno-rate
Eris,21,26.381931071964217,-1.0664050461004562,tno-rate
Eris,22,26.3819377810977,-1.0664020617799133,tno-rate
Eris,23,26.381944490231184,-1.0663990774593703,tno-rate
Eris,24,26.381951199364668,-1.0663960931388274,tno-rate
Eris,25,26.38195790849815,-1.0663931088182845,tno-rate
Eris,26,26.381964617631635,-1.0663901244977416,tno-rate
Eris,27,26.381971326765118,-1.0663871401771987,tno-rate
Eris,28,26.3819780358986,-1.0663841558566558,tno-rate
Eris,29,26.381984745032085,-1.066381171536113,tno-rate
Eris,30,26.38199145416557,-1.06637818721557,tno-rate
Fomalhaut,-30,344.41077557465707,-29.62315740485031,engine
Fomalhaut,-20,344.4107740065042,-29.623157719856675,engine
Fomalhaut,-15,344.4107731973593,-29.623157862602934,engine
Fomalhaut,-10,344.41077237217826,-29.623157995306325,engine
Fomalhaut,-5,344.41077153147745,-29.623158117819198,engine
Fomalhaut,-2,344.4107710198253,-29.623158186375875,engine
Fomalhaut,-1,344.41077084809467,-29.623158208396205,engine
Fomalhaut,0,344.4107706757812,-29.62315822999877,engine
Fomalhaut,1,344.4107705028891,-29.623158251182463,engine
Fomalhaut,2,344.4107703294227,-29.623158271946217,engine
Fomalhaut,3,344.41077015538633,-29.62315829228897,engine
Fomalhaut,4,344.4107699807842,-29.623158312209643,engine
Fomalhaut,5,344.4107698056207,-29.62315833170718,engine
Fomalhaut,6,344.4107696299,-29.62315835078056,engine
Fomalhaut,7,344.41076945362676,-29.62315836942871,engine
Fomalhaut,8,344.41076927680507,-29.623158387650612,engine
Fomalhaut,9,344.4107690994394,-29.623158405445242,engine
Fomalhaut,10,344.41076892153404,-29.623158422811606,engine
Fomalhaut,11,344.41076874309346,-29.62315843974869,engine
Fomalhaut,12,344.410768564122,-29.623158456255464,engine
Fomalhaut,13,344.4107683846241,-29.623158472330985,engine
Fomalhaut,14,344.410768204604,-29.623158487974237,engine
Fomalhaut,15,344.41076802406633,-29.623158503184268,engine
Fomalhaut,16,344.4107678430155,-29.623158517960107,engine
Fomalhaut,17,344.4107676614557,-29.623158532300803,engine
Fomalhaut,18,344.4107674793917,-29.623158546205403,engine
Fomalhaut,19,344.4107672968278,-29.623158559672966,engine
Fomalhaut,20,344.41076711376866,-29.62315857270256,engine
Fomalhaut,21,344.4107669302185,-29.623158585293265,engine
Fomalhaut,22,344.4107667461819,-29.62315859744417,engine
Fomalhaut,23,344.41076656166337,-29.623158609154363,engine
Fomalhaut,24,344.4107663766674,-29.62315862042295,engine
Fomalhaut,25,344.41076619119855,-29.623158631249026,engine
Fomalhaut,26,344.41076600526134,-29.623158641631747,engine
Fomalhaut,27,344.4107658188603,-29.623158651570208,engine
Fomalhaut,28,344.4107656319998,-29.62315866106356,engine
Fomalhaut,29,344.41076544468456,-29.62315867011094,engine
Fomalhaut,30,344.41076525691926,-29.623158678711516,engine
Juno,-30,328.4982627736876,-4.926945388782167,engine
Juno,-20,328.5005969810356,-4.926140256623602,engine
Juno,-15,328.50176435776496,-4.925737678272574,engine
Juno,-10,328.5029319191834,-4.925335092302642,engine
Juno,-5,328.50409966760793,-4.924932498980981,engine
Juno,-2,328.5048004070713,-4.924690939672395,engine
Juno,-1,328.5050340020916,-4.924610419359539,engine
Juno,0,328.50526760463157,-4.924529898794086,engine
Juno,1,328.5055012148835,-4.924449377955135,engine
Juno,2,328.50573483277225,-4.924368856857746,engine
Juno,3,328.5059684582227,-4.924288335516963,engine
Juno,4,328.5062020914266,-4.924207813911912,engine
Juno,5,328.5064357322193,-4.9241272920696195,engine
Juno,6,328.506669380949,-4.924046769915232,engine
Juno,7,328.5069030372265,-4.923966247571812,engine
Juno,8,328.5071367011325,-4.923885725000424,engine
Juno,9,328.5073703728578,-4.923805202180226,engine
Juno,10,328.50760405223724,-4.923724679138266,engine
Juno,11,328.50783773946137,-4.9236441558537045,engine
Juno,12,328.5080714344535,-4.92356363234163,engine
Juno,13,328.50830513713686,-4.923483108617136,engine
Juno,14,328.5085388477017,-4.923402584659395,engine
Juno,15,328.5087725659817,-4.923322060495473,engine
Juno,16,328.50900629216676,-4.923241536104552,engine
Juno,17,328.50924002633616,-4.923161011447747,engine
Juno,18,328.5094737680988,-4.923080486648165,engine
Juno,19,328.5097075178009,-4.92299996163099,engine
Juno,20,328.50994127527525,-4.9229194364233235,engine
Juno,21,328.510175040711,-4.922838911004362,engine
Juno,22,328.51040881402986,-4.922758385389225,engine
Juno,23,328.51064259515334,-4.9226778595930565,engine
Juno,24,328.5108763842701,-4.922597333595049,engine
Juno,25,328.51111018121225,-4.9225168074223316,engine
Juno,26,328.5113439861681,-4.922436281054099,engine
Juno,27,328.5115777990584,-4.922355754505503,engine
Juno,28,328.51181161980406,-4.9222752277917055,engine
Juno,29,328.51204544874946,-4.922194700837904,engine
Juno,30,328.5122792854124,-4.922114173779251,engine
Jupiter,-30,355.8218026444894,-2.9432684633077124,engine
Jupiter,-20,355.8232121771049,-2.9426719020474468,engine
Jupiter,-15,355.8239170196194,-2.9423736205925346,engine
Jupiter,-10,355.82462191579884,-2.9420753387334018,engine
Jupiter,-5,355.8253268680009,-2.941777056476388,engine
Jupiter,-2,355.8257498670578,-2.9415980869871645,engine
Jupiter,-1,355.8258908714521,-2.9415384304792234,engine
Jupiter,0,355.82603187827357,-2.9414787739476678,engine
Jupiter,1,355.8261728874726,-2.9414191174214186,engine
Jupiter,2,355.8263138991328,-2.941359460872817,engine
Jupiter,3,355.8264549132043,-2.941299804330772,engine
Jupiter,4,355.82659592977075,-2.941240147767626,engine
Jupiter,5,355.8267369487821,-2.941180491212318,engine
Jupiter,6,355.8268779704165,-2.941120834597174,engine
Jupiter,7,355.82701899443464,-2.94106117803114,engine
Jupiter,8,355.82716002101444,-2.941001521446578,engine
Jupiter,9,355.82730105010575,-2.9409418648724235,engine
Jupiter,10,355.8274420817918,-2.94088220828103,engine
Jupiter,11,355.8275831160223,-2.940822551701353,engine
Jupiter,12,355.8277241528803,-2.9407628951057645,engine
Jupiter,13,355.8278651923155,-2.940703238523213,engine
Jupiter,14,355.8280062344108,-2.940643581926072,engine
Jupiter,15,355.82814727911574,-2.9405839253433173,engine
Jupiter,16,355.8282883265132,-2.9405242687473114,engine
Jupiter,17,355.82842937664714,-2.9404646121270335,engine
Jupiter,18,355.8285704294111,-2.940404955534874,engine
Jupiter,19,355.8287114848489,-2.9403452989598104,engine
Jupiter,20,355.8288525430433,-2.940285642374233,engine
Jupiter,21,355.82899360394333,-2.940225985807122,engine
Jupiter,22,355.82913466759817,-2.9401663292450353,engine
Jupiter,23,355.82927573405686,-2.9401066726745153,engine
Jupiter,24,355.82941680326843,-2.940047016124562,engine
Jupiter,25,355.82955787531523,-2.9399873595675725,engine
Jupiter,26,355.829698950146,-2.9399277030325583,engine
Jupiter,27,355.8298400278431,-2.9398680464919376,engine
Jupiter,28,355.829981108355,-2.9398083899747176,engine
Jupiter,29,355.83012219185855,-2.9397487334133126,engine
Jupiter,30,355.83026327811314,-2.9396890769167427,engine
Ketu,-30,229.86220274047827,-18.33521558412262,engine
Ketu,-20,229.8621961092479,-18.335213912266116,engine
Ketu,-15,229.86219314114157,-18.335213163837746,engine
Ketu,-10,229.86219040440537,-18.335212473666513,engine
Ketu,-5,229.8621878988102,-18.33521184169471,engine
Ketu,-2,229.86218650630653,-18.335211490423635,engine
Ketu,-1,229.8621860606033,-18.335211377982546,engine
Ketu,0,229.8621856241291,-18.33521126786522,engine
Ketu,1,229.8621851968825,-18.33521116007136,engine
Ketu,2,229.86218477886115,-18.335211054600325,engine
Ketu,3,229.8621843700638,-18.335210951451845,engine
Ketu,4,229.86218397048845,-18.335210850625376,engine
Ketu,5,229.86218358013252,-18.33521075212028,engine
Ketu,6,229.862183198995,-18.33521065593631,engine
Ketu,7,229.8621828270741,-18.33521056207301,engine
Ketu,8,229.86218246436763,-18.335210470529823,engine
Ketu,9,229.86218211087404,-18.33521038130638,engine
Ketu,10,229.86218176659136,-18.335210294402174,engine
Ketu,11,229.86218143151734,-18.335210209816616,engine
Ketu,12,229.8621811056508,-18.335210127549445,engine
Ketu,13,229.8621807889893,-18.33521004760003,engine
Ketu,14,229.86218048153165,-18.335209969968073,engine
Ketu,15,229.8621801832753,-18.335209894652913,engine
Ketu,16,229.86217989421903,-18.33520982165427,engine
Ketu,17,229.86217961436026,-18.33520975097149,engine
Ketu,18,229.8621793436979,-18.3352096826043,engine
Ketu,19,229.86217908222974,-18.33520961655212,engine
Ketu,20,229.86217882995405,-18.33520955281454,engine
Ketu,21,229.86217858686894,-18.33520949139109,engine
Ketu,22,229.8621783529726,-18.335209432281285,engine
Ketu,23,229.86217812826305,-18.33520937548465,engine
Ketu,24,229.8621779127386,-18.33520932100074,engine
Ketu,25,229.8621777063971,-18.335209268829026,engine
Ketu,26,229.86217750923709,-18.335209218969137,engine
Ketu,27,229.8621773212563,-18.335209171420512,engine
Ketu,28,229.86217714245328,-18.335209126182782,engine
Ketu,29,229.862176972826,-18.335209083255435,engine
Ketu,30,229.86217681237235,-18.335209042637917,engine
Mars,-30,334.7609899264845,-11.982116339120596,engine
Mars,-20,334.76600421393357,-11.980288656435409,engine
Mars,-15,334.7685118625873,-11.979374723618186,engine
Mars,-10,334.77101985327477,-11.978460732055385,engine
Mars,-5,334.7735281908057,-11.977546683097929,engine
Mars,-2,334.7750333609894,-11.97699822701979,engine
Mars,-1,334.77553511256593,-11.976815403934966,engine
Mars,0,334.77603687847187,-11.976632578604203,engine
Mars,1,334.77653865836066,-11.976449751183859,engine
Mars,2,334.7770404524499,-11.97626692161541,engine
Mars,3,334.7775422607689,-11.976084089912002,engine
Mars,4,334.77804408334646,-11.975901256086788,engine
Mars,5,334.77854592021123,-11.975718420152962,engine
Mars,6,334.7790477717281,-11.975535582001122,engine
Mars,7,334.7795496374403,-11.9753527418181,engine
Mars,8,334.78005151733566,-11.975169899637777,engine
Mars,9,334.7805534116299,-11.974987055401856,engine
Mars,10,334.7810553203502,-11.974804209123599,engine
Mars,11,334.7815572435235,-11.974621360816348,engine
Mars,12,334.78205918117635,-11.974438510493467,engine
Mars,13,334.7825611335235,-11.974255658096665,engine
Mars,14,334.7830631002143,-11.974072803782615,engine
Mars,15,334.7835650814629,-11.973889947493115,engine
Mars,16,334.7840670772946,-11.973707089241604,engine
Mars,17,334.7845690880714,-11.973524228918885,engine
Mars,18,334.78507111314485,-11.973341366783707,engine
Mars,19,334.78557315287617,-11.973158502726955,engine
Mars,20,334.78607520747795,-11.972975636690487,engine
Mars,21,334.78657727659765,-11.972792768831143,engine
Mars,22,334.7870793604472,-11.972609899090827,engine
Mars,23,334.7875814590501,-11.97242702748314,engine
Mars,24,334.78808357242946,-11.972244154021666,engine
Mars,25,334.78858570060817,-11.972061278720037,engine
Mars,26,334.78908784360874,-11.971878401591862,engine
Mars,27,334.7895900014534,-11.971695522650846,engine
Mars,28,334.7900921743523,-11.971512641838995,engine
Mars,29,334.7905943622875,-11.971329759190638,engine
Mars,30,334.791096564795,-11.971146874893133,engine
Mercury,-30,41.11169272030489,17.65930699582258,engine
Mercury,-20,41.12356243526864,17.664050020245085,engine
Mercury,-15,41.12949642374947,17.666420556766102,engine
Mercury,-10,41.13542985045607,17.66879044204449,engine
Mercury,-5,41.141362729760644,17.6711596759459,engine
Mercury,-2,41.14492219999031,17.672580903465008,engine
Mercury,-1,41.146108647705375,17.673054593753857,engine
Mercury,0,41.14729507448868,17.673528257965444,engine
Mercury,1,41.14848148044924,17.67400189609852,engine
Mercury,2,41.14966786569599,17.674475508151996,engine
Mercury,3,41.15085423033792,17.674949094124948,engine
Mercury,4,41.15204057448395,17.67542265401654,engine
Mercury,5,41.15322689824311,17.67589618782613,engine
Mercury,6,41.154413202519706,17.67636969587065,engine
Mercury,7,41.15559948623647,17.676843177717828,engine
Mercury,8,41.156785749488606,17.67731663327875,engine
Mercury,9,41.1579719927896,17.6777900627564,engine
Mercury,10,41.15915821624846,17.678263466150817,engine
Mercury,11,41.160344419974045,17.678736843462175,engine
Mercury,12,41.16153060407527,17.67921019469078,engine
Mercury,13,41.162716768661,17.679683519837106,engine
Mercury,14,41.163902913840104,17.680156818901743,engine
Mercury,15,41.16508903972142,17.680630091885412,engine
Mercury,16,41.16627514641376,17.681103338789008,engine
Mercury,17,41.1674612348212,17.681576559930832,engine
Mercury,18,41.16864730346191,17.682049754677454,engine
Mercury,19,41.16983335323993,17.682522923347474,engine
Mercury,20,41.17101938426389,17.682996065942323,engine
Mercury,21,41.17220539664251,17.68346918246359,engine
Mercury,22,41.173391390484426,17.683942272912997,engine
Mercury,23,41.1745773658982,17.6844153372924,engine
Mercury,24,41.17576332339658,17.68488837580665,engine
Mercury,25,41.17694926227962,17.685361388052147,engine
Mercury,26,41.17813518306,17.68583437423404,engine
Mercury,27,41.17932108584616,17.686307334354773,engine
Mercury,28,41.18050697074644,17.686780268416886,engine
Mercury,29,41.18169283866428,17.687253176740164,engine
Mercury,30,41.18287868811763,17.68772605869326,engine
Moon,-30,228.95954583015515,-18.652502802184966,engine
Moon,-20,229.08412443221548,-18.685653773592495,engine
Moon,-15,229.1465071594254,-18.702327442497403,engine
Moon,-10,229.2089452304796,-18.71906721890272,engine
Moon,-5,229.2714329532857,-18.735873434703016,engine
Moon,-2,229.30894736968585,-18.745989263353486,engine
Moon,-1,229.32145553052482,-18.7493665694161,engine
Moon,0,229.33396529725238,-18.75274656174011,engine
Moon,1,229.34647662675792,-18.756129243061846,engine
Moon,2,229.35898947592318,-18.75951461605585,engine
Moon,3,229.37150380159045,-18.76290268334768,engine
Moon,4,229.38401956061162,-18.766293447514837,engine
Moon,5,229.39653670979033,-18.76968691107583,engine
Moon,6,229.40905521434473,-18.773083078783085,engine
Moon,7,229.42157501425564,-18.776481948501253,engine
Moon,8,229.43409607470846,-18.779883524871412,engine
Moon,9,229.4466183524501,-18.78328781021147,engine
Moon,10,229.459141804231,-18.78669480677966,engine
Moon,11,229.4716663867791,-18.790104516793765,engine
Moon,12,229.48419205682313,-18.793516942412143,engine
Moon,13,229.496718771063,-18.796932085732962,engine
Moon,14,229.50924648621108,-18.80034994882177,engine
Moon,15,229.52177515892168,-18.803770533672772,engine
Moon,16,229.53430474592608,-18.807193842246416,engine
Moon,17,229.54683521224067,-18.81061987872517,engine
Moon,18,229.55936649775336,-18.81404864036717,engine
Moon,19,229.57189856751236,-18.81748013126427,engine
Moon,20,229.58443137817218,-18.820914353153583,engine
Moon,21,229.59696488636152,-18.824351307720445,engine
Moon,22,229.6094990487147,-18.827790996602573,engine
Moon,23,229.62203382185618,-18.831233421380762,engine
Moon,24,229.63456916243285,-18.834678583590872,engine
Moon,25,229.64710502704645,-18.838126484701416,engine
Moon,26,229.65964137232396,-18.84157712614507,engine
Moon,27,229.67217815488124,-18.845030509286374,engine
Moon,28,229.68471533133493,-18.848486635446605,engine
Moon,29,229.69725286669106,-18.851945508209965,engine
Moon,30,229.7097907007705,-18.855407124157228,engine
Neptune,-30,354.8207170082128,-3.4728230867916423,engine
Neptune,-20,354.82092362348055,-3.47273645012061,engine
Neptune,-15,354.8210269223771,-3.4726931310612796,engine
Neptune,-10,354.82113021639117,-3.4726498115253857,engine
Neptune,-5,354.82123350627813,-3.4726064914988304,engine
Neptune,-2,354.8212954785151,-3.4725804992538034,engine
Neptune,-1,354.82131613568214,-3.472571835132956,engine
Neptune,0,354.82133679273323,-3.472563170993727,engine
Neptune,1,354.8213574496792,-3.4725545068340686,engine
Neptune,2,354.82137810652347,-3.4725458426550135,engine
Neptune,3,354.82139876327176,-3.4725371784565757,engine
Neptune,4,354.82141941992734,-3.4725285142397886,engine
Neptune,5,354.821440076501,-3.4725198500026107,engine
Neptune,6,354.82146073301,-3.472511185740275,engine
Neptune,7,354.82148138943234,-3.4725025214644134,engine
Neptune,8,354.82150204578517,-3.472493857170261,engine
Neptune,9,354.82152270207945,-3.4724851928557814,engine
Neptune,10,354.82154335831825,-3.4724765285220207,engine
Neptune,11,354.82156401450754,-3.472467864169001,engine
Neptune,12,354.8215846706505,-3.4724591997977723,engine
Neptune,13,354.821605326758,-3.4724505354063013,engine
Neptune,14,354.82162598283327,-3.4724418709956444,engine
Neptune,15,354.8216466388822,-3.472433206565825,engine
Neptune,16,354.82166729490797,-3.4724245421179,engine
Neptune,17,354.82168795093526,-3.4724158776440346,engine
Neptune,18,354.8217086069397,-3.472407213156909,engine
Neptune,19,354.82172926294083,-3.4723985486507427,engine
Neptune,20,354.821749918942,-3.4723898841265997,engine
Neptune,21,354.821770574954,-3.4723812195824593,engine
Neptune,22,354.82179123098,-3.4723725550193874,engine
Neptune,23,354.8218118870259,-3.4723638904374226,engine
Neptune,24,354.82183254309484,-3.4723552258376325,engine
Neptune,25,354.82185319919773,-3.4723465612180027,engine
Neptune,26,354.8218738553378,-3.4723378965796043,engine
Neptune,27,354.82189451151817,-3.4723292319235086,engine
Neptune,28,354.82191516774975,-3.4723205672477087,engine
Neptune,29,354.8219358240496,-3.4723119025474682,engine
Neptune,30,354.8219564803932,-3.4723032378354834,engine
Pallas,-30,27.934978809116124,-3.6581376198468147,engine
Pallas,-20,27.937839337034575,-3.657611056543985,engine
Pallas,-15,27.93926963056664,-3.657347771038871,engine
Pallas,-10,27.94069994892514,-3.6570844830197617,engine
Pallas,-5,27.94213029673668,-3.6568211924555114,engine
Pallas,-2,27.9429885209264,-3.656663216929697,engine
Pallas,-1,27.943274598545386,-3.656610558231767,engine
Pallas,0,27.94356067755019,-3.6565578994263555,engine
Pallas,1,27.94384675804872,-3.65650524052258,engine
Pallas,2,27.944132840073465,-3.656452581520736,engine
Pallas,3,27.94441892373225,-3.656399922429958,engine
Pallas,4,27.944705008906894,-3.656347263232873,engine
Pallas,5,27.94499109570522,-3.656294603938634,engine
Pallas,6,27.945277184351454,-3.6562419445122547,engine
Pallas,7,27.945563274494337,-3.6561892850246935,engine
Pallas,8,27.945849366433436,-3.6561366254498187,engine
Pallas,9,27.946135460050435,-3.6560839657702977,engine
Pallas,10,27.946421555453018,-3.6560313059953287,engine
Pallas,11,27.946707652673457,-3.655978646125286,engine
Pallas,12,27.94699375174408,-3.655925986160539,engine
Pallas,13,27.94727985277241,-3.655873326110317,engine
Pallas,14,27.94756595564006,-3.655820665957328,engine
Pallas,15,27.947852060454558,-3.6557680057108204,engine
Pallas,16,27.948138167248025,-3.655715345371202,engine
Pallas,17,27.9484242762445,-3.6556626849035823,engine
Pallas,18,27.948710387092355,-3.6556100243790075,engine
Pallas,19,27.94899650009086,-3.6555573637714547,engine
Pallas,20,27.949282615121398,-3.65550470306368,engine
Pallas,21,27.94956873229131,-3.6554520422649794,engine
Pallas,22,27.94985485163257,-3.6553993813758163,engine
Pallas,23,27.950140973177124,-3.6553467203966608,engine
Pallas,24,27.950427096956894,-3.655294059327999,engine
Pallas,25,27.950713223003735,-3.6552413981703125,engine
Pallas,26,27.950999351349513,-3.6551887369241016,engine
Pallas,27,27.95128548210133,-3.655136075598716,engine
Pallas,28,27.951571615140324,-3.6550834141769837,engine
Pallas,29,27.951857750765406,-3.6550307526329564,engine
Pallas,30,27.95214388862454,-3.654978091037793,engine
Pluto,-30,300.7866557250489,-22.402412010769346,engine
Pluto,-20,300.7866970243453,-22.40242013344654,engine
Pluto,-15,300.78671770173236,-22.402424184166243,engine
Pluto,-10,300.7867383982932,-22.40242822806264,engine
Pluto,-5,300.7867591145245,-22.402432265333477,engine
Pluto,-2,300.7867715539056,-22.40243468459868,engine
Pluto,-1,300.7867757019969,-22.402435490514073,engine
Pluto,0,300.7867798509095,-22.402436296178976,engine
Pluto,1,300.7867840006472,-22.402437101595055,engine
Pluto,2,300.7867881512111,-22.402437906763744,engine
Pluto,3,300.7867923026099,-22.402438711687115,engine
Pluto,4,300.78679645484493,-22.402439516366638,engine
Pluto,5,300.78680060791714,-22.402440320803763,engine
Pluto,6,300.7868047618381,-22.402441125001133,engine
Pluto,7,300.78680891660315,-22.402441928959135,engine
Pluto,8,300.7868130722189,-22.40244273268,engine
Pluto,9,300.7868172286862,-22.402443536165205,engine
Pluto,10,300.7868213860137,-22.402444339416864,engine
Pluto,11,300.7868255442024,-22.402445142436484,engine
Pluto,12,300.78682970325326,-22.402445945225544,engine
Pluto,13,300.7868338631748,-22.402446747786204,engine
Pluto,14,300.7868380239681,-22.40244755011994,engine
Pluto,15,300.78684218563643,-22.402448352228507,engine
Pluto,16,300.7868463481807,-22.402449154113402,engine
Pluto,17,300.7868505116121,-22.402449955777335,engine
Pluto,18,300.786854675926,-22.402450757220755,engine
Pluto,19,300.7868588411286,-22.402451558445936,engine
Pluto,20,300.7868630072205,-22.402452359454422,engine
Pluto,21,300.7868671742102,-22.4024531602484,engine
Pluto,22,300.78687134209844,-22.402453960829405,engine
Pluto,23,300.7868755108884,-22.40245476119921,engine
Pluto,24,300.78687968058097,-22.40245556135937,engine
Pluto,25,300.7868838511842,-22.402456361312087,engine
Pluto,26,300.786888022699,-22.402457161058933,engine
Pluto,27,300.7868921951283,-22.402457960601687,engine
Pluto,28,300.78689636847287,-22.40245875994192,engine
Pluto,29,300.78690054274364,-22.402459559082395,engine
Pluto,30,300.7869047179357,-22.40246035802363,engine
Rahu,-30,49.86220274047826,18.33521558412262,engine
Rahu,-20,49.8621961092479,18.335213912266116,engine
Rahu,-15,49.86219314114158,18.335213163837746,engine
Rahu,-10,49.86219040440536,18.335212473666513,engine
Rahu,-5,49.862187898810205,18.33521184169471,engine
Rahu,-2,49.86218650630652,18.335211490423635,engine
Rahu,-1,49.86218606060331,18.335211377982546,engine
Rahu,0,49.86218562412908,18.33521126786522,engine
Rahu,1,49.862185196882514,18.33521116007136,engine
Rahu,2,49.86218477886114,18.335211054600325,engine
Rahu,3,49.86218437006381,18.335210951451845,engine
Rahu,4,49.86218397048845,18.335210850625376,engine
Rahu,5,49.86218358013253,18.33521075212028,engine
Rahu,6,49.86218319899501,18.33521065593631,engine
Rahu,7,49.862182827074086,18.33521056207301,engine
Rahu,8,49.86218246436763,18.335210470529823,engine
Rahu,9,49.86218211087405,18.33521038130638,engine
Rahu,10,49.86218176659136,18.335210294402174,engine
Rahu,11,49.86218143151734,18.335210209816616,engine
Rahu,12,49.862181105650784,18.335210127549445,engine
Rahu,13,49.86218078898929,18.33521004760003,engine
Rahu,14,49.86218048153167,18.335209969968073,engine
Rahu,15,49.86218018327531,18.335209894652913,engine
Rahu,16,49.862179894219025,18.33520982165427,engine
Rahu,17,49.86217961436025,18.33520975097149,engine
Rahu,18,49.86217934369791,18.3352096826043,engine
Rahu,19,49.86217908222974,18.33520961655212,engine
Rahu,20,49.86217882995404,18.33520955281454,engine
Rahu,21,49.86217858686894,18.33520949139109,engine
Rahu,22,49.862178352972606,18.335209432281285,engine
Rahu,23,49.86217812826306,18.33520937548465,engine
Rahu,24,49.86217791273859,18.33520932100074,engine
Rahu,25,49.8621777063971,18.335209268829026,engine
Rahu,26,49.86217750923708,18.335209218969137,engine
Rahu,27,49.86217732125628,18.335209171420512,engine
Rahu,28,49.86217714245328,18.335209126182782,engine
Rahu,29,49.862176972826,18.335209083255435,engine
Rahu,30,49.86217681237235,18.335209042637917,engine
Regulus,-30,152.09429834639204,11.966202572552453,engine
Regulus,-20,152.0942998988872,11.966202584853303,engine
Regulus,-15,152.09430069037248,11.966202597990504,engine
Regulus,-10,152.09430149133829,11.966202615842787,engine
Regulus,-5,152.0943023012708,11.96620263845025,engine
Regulus,-2,152.0943027913187,11.96620265431305,engine
Regulus,-1,152.09430295532442,11.966202659985452,engine
Regulus,0,152.09430311965139,11.966202665850734,engine
Regulus,1,152.0943032842954,11.966202671909159,engine
Regulus,2,152.09430344925224,11.966202678161007,engine
Regulus,3,152.09430361451774,11.966202684606547,engine
Regulus,4,152.09430378008767,11.966202691246046,engine
Regulus,5,152.0943039459578,11.966202698079769,engine
Regulus,6,152.09430411212404,11.966202705107971,engine
Regulus,7,152.09430427858194,11.966202712330906,engine
Regulus,8,152.09430444532737,11.966202719748827,engine
Regulus,9,152.09430461235613,11.966202727361974,engine
Regulus,10,152.0943047796639,11.966202735170596,engine
Regulus,11,152.09430494724648,11.966202743174936,engine
Regulus,12,152.09430511509962,11.966202751375228,engine
Regulus,13,152.09430528321906,11.966202759771708,engine
Regulus,14,152.0943054516005,11.966202768364592,engine
Regulus,15,152.0943056202397,11.966202777154116,engine
Regulus,16,152.09430578913242,11.9662027861405,engine
Regulus,17,152.09430595827442,11.96620279532396,engine
Regulus,18,152.09430612766124,11.96620280470471,engine
Regulus,19,152.09430629728868,11.966202814282953,engine
Regulus,20,152.09430646715245,11.9662028240589,engine
Regulus,21,152.09430663724825,11.966202834032755,engine
Regulus,22,152.0943068075718,11.966202844204718,engine
Regulus,23,152.0943069781188,11.966202854574977,engine
Regulus,24,152.09430714888487,11.966202865143726,engine
Regulus,25,152.09430731986575,11.966202875911154,engine
Regulus,26,152.09430749105712,11.96620288687744,engine
Regulus,27,152.09430766245464,11.966202898042763,engine
Regulus,28,152.094307834054,11.966202909407311,engine
Regulus,29,152.094308005851,11.966202920971245,engine
Regulus,30,152.09430817784101,11.966202932734731,engine
Saturn,-30,325.84216478855996,-14.725465583066129,engine
Saturn,-20,325.8426533623739,-14.725317428723558,engine
Saturn,-15,325.8428977130187,-14.72524334265835,engine
Saturn,-10,325.8431421074038,-14.725169251090417,engine
Saturn,-5,325.8433865465252,-14.725095154317133,engine
Saturn,-2,325.8435332318126,-14.725050693899144,engine
Saturn,-1,325.8435821305899,-14.725035873382089,engine
Saturn,0,325.8436310312195,-14.725021052680523,engine
Saturn,1,325.8436799337084,-14.72500623179709,engine
Saturn,2,325.8437288380634,-14.724991410734429,engine
Saturn,3,325.84377774429123,-14.724976589495169,engine
Saturn,4,325.8438266523988,-14.724961768081974,engine
Saturn,5,325.84387556239267,-14.724946946497498,engine
Saturn,6,325.8439244743123,-14.724932124734467,engine
Saturn,7,325.84397338809873,-14.724917302815436,engine
Saturn,8,325.8440223037914,-14.724902480733137,engine
Saturn,9,325.84407122139663,-14.724887658490255,engine
Saturn,10,325.8441201409211,-14.724872836089505,engine
Saturn,11,325.8441690623711,-14.724858013533558,engine
Saturn,12,325.84421798575306,-14.724843190825144,engine
Saturn,13,325.84426691107325,-14.724828367966962,engine
Saturn,14,325.84431583833793,-14.724813544961743,engine
Saturn,15,325.8443647675534,-14.7247987218122,engine
Saturn,16,325.84441369872576,-14.72478389852108,engine
Saturn,17,325.844462631894,-14.724769075081184,engine
Saturn,18,325.84451156699845,-14.724754251515119,engine
Saturn,19,325.84456050407806,-14.724739427815718,engine
Saturn,20,325.84460944313884,-14.724724603985727,engine
Saturn,21,325.8446583842004,-14.724709780023845,engine
Saturn,22,325.84470732724117,-14.724694955940997,engine
Saturn,23,325.8447562722806,-14.724680131735875,engine
Saturn,24,325.84480521932466,-14.72466530741127,engine
Saturn,25,325.84485416837896,-14.72465048296997,engine
Saturn,26,325.8449031194492,-14.724635658414774,engine
Saturn,27,325.84495207254105,-14.724620833748473,engine
Saturn,28,325.84500102766,-14.724606008973891,engine
Saturn,29,325.8450499848445,-14.724591184083888,engine
Saturn,30,325.8450989440343,-14.724576359101185,engine
Sun,-30,26.156688964927643,10.816661271984415,engine
Sun,-20,26.163080434601714,10.81908162138746,engine
Sun,-15,26.166276379758745,10.820291553986944,engine
Sun,-10,26.169472484144094,10.8215013256251,engine
Sun,-5,26.17266876322434,10.822710937193598,engine
Sun,-2,26.174586620113182,10.823436627384215,engine
Sun,-1,26.17522592138775,10.823678511370606,engine
Sun,0,26.17586523067766,10.82392038899441,engine
Sun,1,26.176504548098134,10.824162260261225,engine
Sun,2,26.177143873764397,10.82440412517683,engine
Sun,3,26.17778320779162,10.824645983747088,engine
Sun,4,26.178422550294663,10.824887835977949,engine
Sun,5,26.17906190138822,10.825129681875412,engine
Sun,6,26.179701261616003,10.825371521607899,engine
Sun,7,26.1803406302349,10.82561335485725,engine
Sun,8,26.180980007787994,10.825855181791972,engine
Sun,9,26.181619394389475,10.82609700241848,engine
Sun,10,26.182258790153423,10.826338816743302,engine
Sun,11,26.182898195193697,10.826580624773051,engine
Sun,12,26.183537609623873,10.826822426514356,engine
Sun,13,26.18417703355781,10.827064221974148,engine
Sun,14,26.18481646710881,10.827306011159244,engine
Sun,15,26.185455910390058,10.827547794076636,engine
Sun,16,26.186095363514593,10.82778957073339,engine
Sun,17,26.186734827024154,10.828031341298804,engine
Sun,18,26.187374300173843,10.828273105455896,engine
Sun,19,26.188013783504967,10.828514863374119,engine
Sun,20,26.188653277129923,10.828756615060929,engine
Sun,21,26.18929278116084,10.82899836052386,engine
Sun,22,26.189932295709603,10.82924009977049,engine
Sun,23,26.190571820888344,10.829481832808638,engine
Sun,24,26.191211356808495,10.82972355964606,engine
Sun,25,26.19185090358152,10.829965280290674,engine
Sun,26,26.192490461318652,10.830206994750437,engine
Sun,27,26.193130030130945,10.830448703033458,engine
Sun,28,26.19376961012925,10.830690405147914,engine
Sun,29,26.194409201853116,10.830932101264121,engine
Sun,30,26.195048804555245,10.831173791066298,engine
Uranus,-30,41.18512442539068,15.551058997368404,engine
Uranus,-20,41.18550706839673,15.55117769740686,engine
Uranus,-15,41.18569835262637,15.55123703531788,engine
Uranus,-10,41.185889612935995,15.551296364943097,engine
Uranus,-5,41.186080850111395,15.551355686150206,engine
Uranus,-2,41.18619558160099,15.55139127476709,engine
Uranus,-1,41.18623382366528,15.551403136948291,engine
Uranus,0,41.18627206485781,15.55141499878237,engine
Uranus,1,41.186310305189565,15.55142686026975,engine
Uranus,2,41.18634854465697,15.55143872140631,engine
Uranus,3,41.18638678327111,15.55145058219248,engine
Uranus,4,41.186425021038154,15.551462442627205,engine
Uranus,5,41.186463257964334,15.551474302709417,engine
Uranus,6,41.186501494086386,15.551486162447544,engine
Uranus,7,41.186539729349555,15.55149802182158,engine
Uranus,8,41.18657796379062,15.551509880839944,engine
Uranus,9,41.18661619741588,15.551521739501618,engine
Uranus,10,41.186654430236494,15.551533597807104,engine
Uranus,11,41.18669266224906,15.551545455752327,engine
Uranus,12,41.186730893464784,15.551557313337788,engine
Uranus,13,41.18676912389002,15.551569170562495,engine
Uranus,14,41.18680735353116,15.551581027425451,engine
Uranus,15,41.18684558239942,15.551592883927185,engine
Uranus,16,41.186883810491544,15.551604740063663,engine
Uranus,17,41.186922037844404,15.551616595843377,engine
Uranus,18,41.1869602644132,15.551628451249467,engine
Uranus,19,41.18699849023003,15.551640306288922,engine
Uranus,20,41.18703671530132,15.551652160960785,engine
Uranus,21,41.18707493963851,15.55166401526564,engine
Uranus,22,41.18711316323829,15.55167586919949,engine
Uranus,23,41.18715138611211,15.551687722762923,engine
Uranus,24,41.18718960826648,15.551699575955023,engine
Uranus,25,41.18722782970796,15.551711428774876,engine
Uranus,26,41.18726605044312,15.551723281221566,engine
Uranus,27,41.18730427048341,15.551735133295724,engine
Uranus,28,41.18734248982571,15.551746984993382,engine
Uranus,29,41.187380708507106,15.551758836323149,engine
Uranus,30,41.18741892648299,15.551770687268247,engine
Venus,-30,345.26503188833175,-6.914590378628868,engine
Venus,-20,345.2723419603527,-6.912061080832218,engine
Venus,-15,345.2759978811457,-6.910796268183479,engine
Venus,-10,345.2796544043483,-6.909531348717908,engine
Venus,-5,345.28331154079206,-6.90826632365659,engine
Venus,-2,345.28550612050105,-6.907507258769101,engine
Venus,-1,345.2862376971883,-6.907254228895817,engine
Venus,0,345.28696929905556,-6.907001194922315,engine
Venus,1,345.2877009260241,-6.906748156893078,engine
Venus,2,345.2884325784666,-6.906495114758704,engine
Venus,3,345.2891642563034,-6.9062420685637305,engine
Venus,4,345.2898959596052,-6.905989018321428,engine
Venus,5,345.29062768844193,-6.905735964045098,engine
Venus,6,345.29135944322314,-6.905482905609683,engine
Venus,7,345.29209122333776,-6.90522984330534,engine
Venus,8,345.2928230291946,-6.9049767770070725,engine
Venus,9,345.2935548608615,-6.904723706728332,engine
Venus,10,345.2942867184063,-6.904470632482565,engine
Venus,11,345.29501860174526,-6.904217554314608,engine
Venus,12,345.29575051124635,-6.903964472175352,engine
Venus,13,345.29648244682505,-6.903711386109685,engine
Venus,14,345.297214408547,-6.903458296131179,engine
Venus,15,345.2979463964773,-6.903205202253486,engine
Venus,16,345.29867841052993,-6.902952104521584,engine
Venus,17,345.2994104515612,-6.902699002716772,engine
Venus,18,345.30014251850224,-6.9024458972235445,engine
Venus,19,345.30087461190726,-6.902192787885942,engine
Venus,20,345.30160673168814,-6.901939674749051,engine
Venus,21,345.3023388782081,-6.9016865577640365,engine
Venus,22,345.30307105137837,-6.901433436976054,engine
Venus,23,345.3038032512599,-6.901180312398975,engine
Venus,24,345.3045354779134,-6.900927184046694,engine
Venus,25,345.3052677312483,-6.900674051964471,engine
Venus,26,345.3060000116255,-6.900420916103573,engine
Venus,27,345.30673231895327,-6.900167776509328,engine
Venus,28,345.30746465329025,-6.899914633195745,engine
Venus,29,345.30819701503503,-6.899661486038446,engine
Venus,30,345.30892940356415,-6.899408335328301,engine
Vesta,-30,319.8152360158421,-16.572958342131752,engine
Vesta,-20,319.81813193129335,-16.572364404192456,engine
Vesta,-15,319.8195802838699,-16.572067406383642,engine
Vesta,-10,319.82102890184376,-16.57177039176358,engine
Vesta,-5,319.8224777872421,-16.57147336203641,engine
Vesta,-2,319.82334724718703,-16.571295137750198,engine
Vesta,-1,319.823637088846,-16.57123572863838,engine
Vesta,0,319.82392694117146,-16.571176319074755,engine
Vesta,1,319.8242168043006,-16.571116909052172,engine
Vesta,2,319.82450667824327,-16.57105749858509,engine
Vesta,3,319.82479656300956,-16.57099808768795,engine
Vesta,4,319.8250864587355,-16.57093867635366,engine
Vesta,5,319.8253763651775,-16.57087926463984,engine
Vesta,6,319.82566628266574,-16.570819852499557,engine
Vesta,7,319.82595621082027,-16.570760440027005,engine
Vesta,8,319.8262461498443,-16.570701027196847,engine
Vesta,9,319.8265360998728,-16.570641614002042,engine
Vesta,10,319.826826060661,-16.570582200500233,engine
Vesta,11,319.8271160323433,-16.57052278668441,engine
Vesta,12,319.8274060149278,-16.570463372569147,engine
Vesta,13,319.8276960084218,-16.570403958168946,engine
Vesta,14,319.8279860128327,-16.570344543498393,engine
Vesta,15,319.82827602829406,-16.57028512855051,engine
Vesta,16,319.82856605455976,-16.570225713382992,engine
Vesta,17,319.8288560919575,-16.57016629794902,engine
Vesta,18,319.8291461401045,-16.570106882342884,engine
Vesta,19,319.82943619920155,-16.57004746653936,engine
Vesta,20,319.829726269381,-16.569988050531425,engine
Vesta,21,319.83001635039557,-16.5699286343769,engine
Vesta,22,319.8303064423772,-16.569869218068806,engine
Vesta,23,319.83059654533105,-16.569809801621783,engine
Vesta,24,319.83088665926215,-16.569750385050455,engine
Vesta,25,319.8311767843017,-16.56969096834788,engine
Vesta,26,319.8314669202013,-16.569631551571874,engine
Vesta,27,319.83175706709164,-16.569572134715497,engine
Vesta,28,319.8320472249768,-16.569512717793394,engine
Vesta,29,319.8323373940551,-16.569453300780392,engine
Vesta,30,319.83262757394107,-16.569393883770836,engine
Gonggong,-30,337.2999498793615,-11.046822707518505,tno-rate
Gonggong,-20,337.29999696786206,-11.046802055865937,tno-rate
Gonggong,-15,337.3000205121123,-11.046791730039653,tno-rate
Gonggong,-10,337.30004405636265,-11.046781404213368,tno-rate
Gonggong,-5,337.3000676006129,-11.046771078387085,tno-rate
Gonggong,-2,337.3000817271631,-11.046764882891313,tno-rate
Gonggong,-1,337.30008643601315,-11.046762817726057,tno-rate
Gonggong,0,337.3000911448632,-11.0467607525608,tno-rate
Gonggong,1,337.30009585371323,-11.046758687395544,tno-rate
Gonggong,2,337.3001005625633,-11.046756622230287,tno-rate
Gonggong,3,337.3001052714134,-11.04675455706503,tno-rate
Gonggong,4,337.3001099802634,-11.046752491899772,tno-rate
Gonggong,5,337.30011468911346,-11.046750426734516,tno-rate
Gonggong,6,337.3001193979635,-11.046748361569259,tno-rate
Gonggong,7,337.3001241068136,-11.046746296404002,tno-rate
Gonggong,8,337.30012881566364,-11.046744231238746,tno-rate
Gonggong,9,337.3001335245137,-11.04674216607349,tno-rate
Gonggong,10,337.3001382333637,-11.046740100908233,tno-rate
Gonggong,11,337.3001429422138,-11.046738035742974,tno-rate
Gonggong,12,337.30014765106387,-11.046735970577718,tno-rate
Gonggong,13,337.3001523599139,-11.046733905412461,tno-rate
Gonggong,14,337.30015706876395,-11.046731840247205,tno-rate
Gonggong,15,337.30016177761405,-11.046729775081948,tno-rate
Gonggong,16,337.3001664864641,-11.046727709916691,tno-rate
Gonggong,17,337.30017119531414,-11.046725644751435,tno-rate
Gonggong,18,337.3001759041642,-11.046723579586176,tno-rate
Gonggong,19,337.3001806130143,-11.04672151442092,tno-rate
Gonggong,20,337.3001853218643,-11.046719449255663,tno-rate
Gonggong,21,337.30019003071436,-11.046717384090407,tno-rate
Gonggong,22,337.3001947395644,-11.04671531892515,tno-rate
Gonggong,23,337.3001994484145,-11.046713253759894,tno-rate
Gonggong,24,337.30020415726455,-11.046711188594637,tno-rate
Gonggong,25,337.3002088661146,-11.046709123429379,tno-rate
Gonggong,26,337.30021357496463,-11.046707058264122,tno-rate
Gonggong,27,337.3002182838147,-11.046704993098865,tno-rate
Gonggong,28,337.30022299266477,-11.046702927933609,tno-rate
Gonggong,29,337.3002277015148,-11.046700862768352,tno-rate
Gonggong,30,337.30023241036486,-11.046698797603096,tno-rate
Haumea,-30,216.85821995379825,15.878222073715062,tno-rate
Haumea,-20,216.85810551526947,15.878267607597415,tno-rate
Haumea,-15,216.85804829600508,15.878290374538592,tno-rate
Haumea,-10,216.8579910767407,15.878313141479767,tno-rate
Haumea,-5,216.8579338574763,15.878335908420944,tno-rate
Haumea,-2,216.85789952591767,15.87834956858565,tno-rate
Haumea,-1,216.8578880820648,15.878354121973885,tno-rate
Haumea,0,216.8578766382119,15.87835867536212,tno-rate
Haumea,1,216.85786519435902,15.878363228750356,tno-rate
Haumea,2,216.85785375050614,15.878367782138591,tno-rate
Haumea,3,216.85784230665328,15.878372335526826,tno-rate
Haumea,4,216.8578308628004,15.878376888915062,tno-rate
Haumea,5,216.8578194189475,15.878381442303297,tno-rate
Haumea,6,216.85780797509463,15.878385995691533,tno-rate
Haumea,7,216.85779653124175,15.878390549079768,tno-rate
Haumea,8,216.8577850873889,15.878395102468003,tno-rate
Haumea,9,216.857773643536,15.878399655856239,tno-rate
Haumea,10,216.85776219968312,15.878404209244474,tno-rate
Haumea,11,216.85775075583024,15.87840876263271,tno-rate
Haumea,12,216.85773931197735,15.878413316020945,tno-rate
Haumea,13,216.8577278681245,15.87841786940918,tno-rate
Haumea,14,216.85771642427162,15.878422422797414,tno-rate
Haumea,15,216.85770498041873,15.878426976185649,tno-rate
Haumea,16,216.85769353656585,15.878431529573884,tno-rate
Haumea,17,216.85768209271296,15.87843608296212,tno-rate
Haumea,18,216.85767064886008,15.878440636350355,tno-rate
Haumea,19,216.85765920500722,15.87844518973859,tno-rate
Haumea,20,216.85764776115434,15.878449743126826,tno-rate
Haumea,21,216.85763631730146,15.878454296515061,tno-rate
Haumea,22,216.85762487344857,15.878458849903296,tno-rate
Haumea,23,216.8576134295957,15.878463403291532,tno-rate
Haumea,24,216.85760198574283,15.878467956679767,tno-rate
Haumea,25,216.85759054188995,15.878472510068002,tno-rate
Haumea,26,216.85757909803706,15.878477063456238,tno-rate
Haumea,27,216.85756765418418,15.878481616844473,tno-rate
Haumea,28,216.8575562103313,15.878486170232708,tno-rate
Haumea,29,216.85754476647844,15.878490723620944,tno-rate
Haumea,30,216.85753332262556,15.87849527700918,tno-rate
Makemake,-30,198.29438269499923,23.014238050007986,tno-rate
Makemake,-20,198.2942682156921,23.014262272810488,tno-rate
Makemake,-15,198.29421097603858,23.01427438421174,tno-rate
Makemake,-10,198.29415373638503,23.01428649561299,tno-rate
Makemake,-5,198.29409649673147,23.01429860701424,tno-rate
Makemake,-2,198.29406215293935,23.01430587385499,tno-rate
Makemake,-1,198.29405070500863,23.01430829613524,tno-rate
Makemake,0,198.2940392570779,23.01431071841549,tno-rate
Makemake,1,198.2940278091472,23.01431314069574,tno-rate
Makemake,2,198.29401636121648,23.01431556297599,tno-rate
Makemake,3,198.2940049132858,23.01431798525624,tno-rate
Makemake,4,198.29399346535507,23.01432040753649,tno-rate
Makemake,5,198.29398201742436,23.01432282981674,tno-rate
Makemake,6,198.29397056949364,23.01432525209699,tno-rate
Makemake,7,198.29395912156295,23.014327674377242,tno-rate
Makemake,8,198.29394767363223,23.014330096657492,tno-rate
Makemake,9,198.29393622570151,23.014332518937742,tno-rate
Makemake,10,198.2939247777708,23.014334941217992,tno-rate
Makemake,11,198.29391332984008,23.014337363498242,tno-rate
Makemake,12,198.2939018819094,23.014339785778493,tno-rate
Makemake,13,198.29389043397867,23.014342208058743,tno-rate
Makemake,14,198.29387898604796,23.014344630338993,tno-rate
Makemake,15,198.29386753811724,23.014347052619243,tno-rate
Makemake,16,198.29385609018655,23.014349474899493,tno-rate
Makemake,17,198.29384464225583,23.014351897179743,tno-rate
Makemake,18,198.29383319432512,23.014354319459994,tno-rate
Makemake,19,198.2938217463944,23.014356741740244,tno-rate
Makemake,20,198.2938102984637,23.014359164020494,tno-rate
Makemake,21,198.293798850533,23.014361586300744,tno-rate
Makemake,22,198.29378740260228,23.014364008580994,tno-rate
Makemake,23,198.29377595467156,23.014366430861244,tno-rate
Makemake,24,198.29376450674084,23.014368853141494,tno-rate
Makemake,25,198.29375305881015,23.014371275421745,tno-rate
Makemake,26,198.29374161087944,23.014373697701995,tno-rate
Makemake,27,198.29373016294872,23.014376119982245,tno-rate
Makemake,28,198.293718715018,23.014378542262495,tno-rate
Makemake,29,198.2937072670873,23.014380964542745,tno-rate
Makemake,30,198.2936958191566,23.014383386822995,tno-rate
Orcus,-30,155.81736297142075,-11.647721006549519,tno-rate
Orcus,-20,155.81729922852455,-11.647658186058607,tno-rate
Orcus,-15,155.81726735707645,-11.64762677581315,tno-rate
Orcus,-10,155.81723548562832,-11.647595365567692,tno-rate
Orcus,-5,155.81720361418022,-11.647563955322237,tno-rate
Orcus,-2,155.81718449131137,-11.647545109174963,tno-rate
Orcus,-1,155.81717811702174,-11.64753882712587,tno-rate
Orcus,0,155.8171717427321,-11.64753254507678,tno-rate
Orcus,1,155.8171653684425,-11.64752626302769,tno-rate
Orcus,2,155.81715899415286,-11.647519980978597,tno-rate
Orcus,3,155.81715261986324,-11.647513698929506,tno-rate
Orcus,4,155.81714624557364,-11.647507416880416,tno-rate
Orcus,5,155.817139871284,-11.647501134831323,tno-rate
Orcus,6,155.8171334969944,-11.647494852782232,tno-rate
Orcus,7,155.81712712270476,-11.647488570733142,tno-rate
Orcus,8,155.81712074841514,-11.64748228868405,tno-rate
Orcus,9,155.8171143741255,-11.647476006634959,tno-rate
Orcus,10,155.8171079998359,-11.647469724585868,tno-rate
Orcus,11,155.8171016255463,-11.647463442536775,tno-rate
Orcus,12,155.81709525125666,-11.647457160487685,tno-rate
Orcus,13,155.81708887696703,-11.647450878438594,tno-rate
Orcus,14,155.8170825026774,-11.647444596389501,tno-rate
Orcus,15,155.81707612838778,-11.64743831434041,tno-rate
Orcus,16,155.81706975409816,-11.64743203229132,tno-rate
Orcus,17,155.81706337980856,-11.647425750242228,tno-rate
Orcus,18,155.81705700551893,-11.647419468193137,tno-rate
Orcus,19,155.8170506312293,-11.647413186144046,tno-rate
Orcus,20,155.81704425693968,-11.647406904094954,tno-rate
Orcus,21,155.81703788265006,-11.647400622045863,tno-rate
Orcus,22,155.81703150836043,-11.647394339996772,tno-rate
Orcus,23,155.81702513407083,-11.64738805794768,tno-rate
Orcus,24,155.8170187597812,-11.64738177589859,tno-rate
Orcus,25,155.81701238549158,-11.647375493849498,tno-rate
Orcus,26,155.81700601120195,-11.647369211800406,tno-rate
Orcus,27,155.81699963691233,-11.647362929751315,tno-rate
Orcus,28,155.8169932626227,-11.647356647702225,tno-rate
Orcus,29,155.81698688833308,-11.647350365653132,tno-rate
Orcus,30,155.81698051404348,-11.647344083604041,tno-rate
Quaoar,-30,277.24315737651034,-15.214907904718697,tno-rate
Quaoar,-20,277.24312456936576,-15.214887697730282,tno-rate
Quaoar,-15,277.24310816579344,-15.214877594236073,tno-rate
Quaoar,-10,277.2430917622211,-15.214867490741865,tno-rate
Quaoar,-5,277.2430753586488,-15.214857387247658,tno-rate
Quaoar,-2,277.2430655165054,-15.214851325151132,tno-rate
Quaoar,-1,277.24306223579094,-15.214849304452292,tno-rate
Quaoar,0,277.2430589550765,-15.21484728375345,tno-rate
Quaoar,1,277.24305567436204,-15.214845263054608,tno-rate
Quaoar,2,277.2430523936476,-15.214843242355768,tno-rate
Quaoar,3,277.2430491129331,-15.214841221656926,tno-rate
Quaoar,4,277.2430458322186,-15.214839200958084,tno-rate
Quaoar,5,277.2430425515042,-15.214837180259241,tno-rate
Quaoar,6,277.2430392707897,-15.214835159560401,tno-rate
Quaoar,7,277.24303599007527,-15.21483313886156,tno-rate
Quaoar,8,277.2430327093608,-15.214831118162717,tno-rate
Quaoar,9,277.2430294286463,-15.214829097463875,tno-rate
Quaoar,10,277.24302614793186,-15.214827076765035,tno-rate
Quaoar,11,277.2430228672174,-15.214825056066193,tno-rate
Quaoar,12,277.24301958650295,-15.21482303536735,tno-rate
Quaoar,13,277.2430163057885,-15.21482101466851,tno-rate
Quaoar,14,277.243013025074,-15.214818993969669,tno-rate
Quaoar,15,277.24300974435954,-15.214816973270826,tno-rate
Quaoar,16,277.2430064636451,-15.214814952571984,tno-rate
Quaoar,17,277.24300318293064,-15.214812931873144,tno-rate
Quaoar,18,277.2429999022162,-15.214810911174302,tno-rate
Quaoar,19,277.24299662150173,-15.21480889047546,tno-rate
Quaoar,20,277.2429933407872,-15.214806869776618,tno-rate
Quaoar,21,277.24299006007277,-15.214804849077778,tno-rate
Quaoar,22,277.2429867793583,-15.214802828378936,tno-rate
Quaoar,23,277.24298349864387,-15.214800807680094,tno-rate
Quaoar,24,277.2429802179294,-15.214798786981254,tno-rate
Quaoar,25,277.24297693721496,-15.214796766282412,tno-rate
Quaoar,26,277.24297365650045,-15.21479474558357,tno-rate
Quaoar,27,277.242970375786,-15.214792724884727,tno-rate
Quaoar,28,277.24296709507155,-15.214790704185887,tno-rate
Quaoar,29,277.2429638143571,-15.214788683487045,tno-rate
Quaoar,30,277.24296053364264,-15.214786662788203,tno-rate
Sedna,-30,58.69116149604513,8.285663466125232,tno-rate
Sedna,-20,58.691238331834676,8.285689121334118,tno-rate
Sedna,-15,58.69127674972944,8.285701948938561,tno-rate
Sedna,-10,58.69131516762421,8.285714776543003,tno-rate
Sedna,-5,58.69135358551898,8.285727604147446,tno-rate
Sedna,-2,58.691376636255846,8.285735300710112,tno-rate
Sedna,-1,58.691384319834796,8.285737866230999,tno-rate
Sedna,0,58.69139200341375,8.285740431751888,tno-rate
Sedna,1,58.69139968699271,8.285742997272777,tno-rate
Sedna,2,58.69140737057166,8.285745562793664,tno-rate
Sedna,3,58.69141505415062,8.285748128314554,tno-rate
Sedna,4,58.69142273772957,8.285750693835443,tno-rate
Sedna,5,58.691430421308525,8.28575325935633,tno-rate
Sedna,6,58.691438104887474,8.285755824877219,tno-rate
Sedna,7,58.69144578846643,8.285758390398108,tno-rate
Sedna,8,58.69145347204539,8.285760955918995,tno-rate
Sedna,9,58.69146115562434,8.285763521439884,tno-rate
Sedna,10,58.691468839203296,8.285766086960773,tno-rate
Sedna,11,58.691476522782246,8.285768652481662,tno-rate
Sedna,12,58.6914842063612,8.28577121800255,tno-rate
Sedna,13,58.69149188994015,8.285773783523439,tno-rate
Sedna,14,58.69149957351911,8.285776349044328,tno-rate
Sedna,15,58.69150725709807,8.285778914565215,tno-rate
Sedna,16,58.69151494067702,8.285781480086104,tno-rate
Sedna,17,58.691522624255974,8.285784045606993,tno-rate
Sedna,18,58.691530307834924,8.28578661112788,tno-rate
Sedna,19,58.69153799141388,8.28578917664877,tno-rate
Sedna,20,58.69154567499283,8.285791742169659,tno-rate
Sedna,21,58.69155335857179,8.285794307690546,tno-rate
Sedna,22,58.691561042150745,8.285796873211435,tno-rate
Sedna,23,58.691568725729695,8.285799438732324,tno-rate
Sedna,24,58.69157640930865,8.285802004253211,tno-rate
Sedna,25,58.6915840928876,8.2858045697741,tno-rate
Sedna,26,58.69159177646656,8.28580713529499,tno-rate
Sedna,27,58.69159946004551,8.285809700815879,tno-rate
Sedna,28,58.691607143624466,8.285812266336766,tno-rate
Sedna,29,58.69161482720342,8.285814831857655,tno-rate
Sedna,30,58.69162251078237,8.285817397378544,tno-rate
Transpluto,-30,154.31581144279613,10.640171959615458,engine
Transpluto,-20,154.3157784112964,10.640184485269229,engine
Transpluto,-15,154.3157618977058,10.640190747274767,engine
Transpluto,-10,154.31574538555785,10.640197008731464,engine
Transpluto,-5,154.315728874848,10.640203269640848,engine
Transpluto,-2,154.31571896911487,10.640207025922818,engine
Transpluto,-1,154.3157156673191,10.640208277972956,engine
Transpluto,0,154.3157123655809,10.640209530001112,engine
Transpluto,1,154.31570906390036,10.640210782007383,engine
Transpluto,2,154.31570576227747,10.64021203399169,engine
Transpluto,3,154.31570246071215,10.640213285954122,engine
Transpluto,4,154.3156991592045,10.640214537894543,engine
Transpluto,5,154.31569585775443,10.64021578981306,engine
Transpluto,6,154.3156925563598,10.640217041710487,engine
Transpluto,7,154.31568925502498,10.640218293585098,engine
Transpluto,8,154.31568595374785,10.64021954543779,engine
Transpluto,9,154.3156826525283,10.64022079726855,engine
Transpluto,10,154.3156793513664,10.640222049077325,engine
Transpluto,11,154.31567605026208,10.640223300864204,engine
Transpluto,12,154.31567274921542,10.640224552629084,engine
Transpluto,13,154.31566944822643,10.640225804372092,engine
Transpluto,14,154.31566614729502,10.6402270560931,engine
Transpluto,15,154.31566284642128,10.640228307792178,engine
Transpluto,16,154.31565954560514,10.640229559469311,engine
Transpluto,17,154.3156562448444,10.640230811125292,engine
Transpluto,18,154.31565294414355,10.640232062758535,engine
Transpluto,19,154.31564964350036,10.640233314369782,engine
Transpluto,20,154.3156463429148,10.640234565959114,engine
Transpluto,21,154.3156430423868,10.64023581752649,engine
Transpluto,22,154.31563974191647,10.64023706907188,engine
Transpluto,23,154.3156364415038,10.64023832059534,engine
Transpluto,24,154.31563314114877,10.640239572096844,engine
Transpluto,25,154.31562984085136,10.640240823576367,engine
Transpluto,26,154.3156265406116,10.640242075033958,engine
Transpluto,27,154.31562324042946,10.64024332646959,engine
Transpluto,28,154.31561994030497,10.640244577883239,engine
Transpluto,29,154.31561664023593,10.640245829275752,engine
Transpluto,30,154.31561334022675,10.640247080645509,engine
Part_of_Fortune,-30,348.8158472332507,-15.84733888201623,engine
Part_of_Fortune,-20,350.5602059817902,-16.44149797713901,engine
Part_of_Fortune,-15,351.42975885248075,-16.742525226373722,engine
Part_of_Fortune,-10,352.2976405051362,-17.046119556895587,engine
Part_of_Fortune,-5,353.16390824089046,-17.352231606144155,engine
Part_of_Fortune,-2,353.68291747712664,-17.537086557158702,engine
Part_of_Fortune,-1,353.85579793472436,-17.59890040506633,engine
Part_of_Fortune,0,354.0286177983695,-17.66081134093257,engine
Part_of_Fortune,1,354.2013774932479,-17.722818956240314,engine
Part_of_Fortune,2,354.3740774431369,-17.784922841727976,engine
Part_of_Fortune,3,354.5467180680091,-17.84712258652871,engine
Part_of_Fortune,4,354.7192997864963,-17.909417779035042,engine
Part_of_Fortune,5,354.89182301346784,-17.97180800601184,engine
Part_of_Fortune,6,355.064288278143,-18.034292895410687,engine
Part_of_Fortune,7,355.23669575908946,-18.09687194781346,engine
Part_of_Fortune,8,355.4090459806167,-18.15954478870846,engine
Part_of_Fortune,9,355.5813393477042,-18.222311000077216,engine
Part_of_Fortune,10,355.75357626412926,-18.285170163123574,engine
Part_of_Fortune,11,355.9257571300809,-18.348121857409943,engine
Part_of_Fortune,12,356.09788234458915,-18.411165661714023,engine
Part_of_Fortune,13,356.26995230313713,-18.4743011531431,engine
Part_of_Fortune,14,356.4419674001065,-18.537527908040136,engine
Part_of_Fortune,15,356.61392802635,-18.600845501057513,engine
Part_of_Fortune,16,356.7858345717278,-18.6642535060764,engine
Part_of_Fortune,17,356.9576875377801,-18.727751537885,engine
Part_of_Fortune,18,357.12948707939734,-18.791339082725923,engine
Part_of_Fortune,19,357.30123369378293,-18.855015752861007,engine
Part_of_Fortune,20,357.4729277619085,-18.918781117196353,engine
Part_of_Fortune,21,357.6445696613842,-18.9826347429448,engine
Part_of_Fortune,22,357.8161597688867,-19.046576196520505,engine
Part_of_Fortune,23,357.98769845779054,-19.110605042633225,engine
Part_of_Fortune,24,358.15918610029934,-19.174720845081026,engine
Part_of_Fortune,25,358.330623066508,-19.23892316639097,engine
Part_of_Fortune,26,358.5020097239021,-19.30321156762333,engine
Part_of_Fortune,27,358.67334643793504,-19.367585608561736,engine
Part_of_Fortune,28,358.8446335729483,-19.43204484807535,engine
Part_of_Fortune,29,359.0158716049127,-19.49658888662395,engine
Part_of_Fortune,30,359.1870606645906,-19.561217193988657,engine
Part_of_Spirit,-30,303.21013350279566,43.09098926632253,engine
Part_of_Spirit,-20,304.7181179865627,42.5679728128209,engine
Part_of_Spirit,-15,305.4692972931475,42.30271276659497,engine
Part_of_Spirit,-10,306.2186950124652,42.035017532160055,engine
Part_of_Spirit,-5,306.9663798607678,41.76493713764907,engine
Part_of_Spirit,-2,307.4141959779813,41.6017652243167,engine
Part_of_Spirit,-1,307.5633387164503,41.54718975650708,engine
Part_of_Spirit,0,307.7124176652201,41.49252256053647,engine
Part_of_Spirit,1,307.8614333359283,41.43776405040583,engine
Part_of_Spirit,2,308.01038623881936,41.38291464073738,engine
Part_of_Spirit,3,308.1592768804114,41.32797474766082,engine
Part_of_Spirit,4,308.3081057658625,41.272944787950536,engine
Part_of_Spirit,5,308.4568733966637,41.21782517989064,engine
Part_of_Spirit,6,308.60558037268555,41.16261630537128,engine
Part_of_Spirit,7,308.754226991048,41.107318658903544,engine
Part_of_Spirit,8,308.90281384677576,41.05193262461831,engine
Part_of_Spirit,9,309.051341431583,40.99645862518268,engine
Part_of_Spirit,10,309.19981023597416,40.94089708392235,engine
Part_of_Spirit,11,309.3482207469101,40.88524842572369,engine
Part_of_Spirit,12,309.49657345019057,40.82951307613898,engine
Part_of_Spirit,13,309.64486882812673,40.77369146227112,engine
Part_of_Spirit,14,309.793107361902,40.71778401192189,engine
Part_of_Spirit,15,309.9412895292868,40.6617911544413,engine
Part_of_Spirit,16,310.0894158069048,40.605713319883215,engine
Part_of_Spirit,17,310.23748676734704,40.54955090216295,engine
Part_of_Spirit,18,310.3855026842383,40.49330440892021,engine
Part_of_Spirit,19,310.5334641257681,40.436974236415764,engine
Part_of_Spirit,20,310.681371559824,40.38056081923267,engine
Part_of_Spirit,21,310.82922545098285,40.32406459354381,engine
Part_of_Spirit,22,310.9770262628765,40.267485996225616,engine
Part_of_Spirit,23,311.1247744558549,40.21082546574557,engine
Part_of_Spirit,24,311.2724704890506,40.15408344139284,engine
Part_of_Spirit,25,311.42011481957815,40.097260363593215,engine
Part_of_Spirit,26,311.5677079018915,40.04035667416768,engine
Part_of_Spirit,27,311.7152501884344,39.98337281607793,engine
Part_of_Spirit,28,311.86274213053696,39.926309233113685,engine
Part_of_Spirit,29,312.01018427523684,39.86916633232423,engine
Part_of_Spirit,30,312.1575768721601,39.81194463645839,engine
Ascendant,-30,146.01299036802317,13.621825192153151,engine
Ascendant,-20,147.6391619841764,13.063237417840941,engine
Ascendant,-15,148.44952807281413,12.780093770110625,engine
Ascendant,-10,149.2581677588007,12.494448987632232,engine
Ascendant,-5,150.06514405082913,12.20635276575246,engine
Ascendant,-2,150.54855672755397,12.032339333579,engine
Ascendant,-1,150.70956832558733,11.974144675720376,engine
Ascendant,0,150.87051773179482,11.915855609801948,engine
Ascendant,1,151.0314054145881,11.857472547082757,engine
Ascendant,2,151.19223184097814,11.798995899504703,engine
Ascendant,3,151.3529974742103,11.740426080566056,engine
Ascendant,4,151.5137027761794,11.681763504457745,engine
Ascendant,5,151.67434820506577,11.623008586939397,engine
Ascendant,6,151.83493432541428,11.564161704980298,engine
Ascendant,7,151.99546137506874,11.505223355545043,engine
Ascendant,8,152.1559299136962,11.446193917954924,engine
Ascendant,9,152.3163403896436,11.387073812552732,engine
Ascendant,10,152.4766932500517,11.327863460399387,engine
Ascendant,11,152.6369889384955,11.268563284156874,engine
Ascendant,12,152.79722789738986,11.209173707212479,engine
Ascendant,13,152.95741056563193,11.14969515456401,engine
Ascendant,14,153.11753738100424,11.090128051940876,engine
Ascendant,15,153.2776087778184,11.030472826691897,engine
Ascendant,16,153.4376251893163,10.970729906903406,engine
Ascendant,17,153.5975871525636,10.910899682138973,engine
Ascendant,18,153.7574948818178,10.850982663097142,engine
Ascendant,19,153.9173489097755,10.790979241777377,engine
Ascendant,20,154.07714966086627,10.730889851018157,engine
Ascendant,21,154.23689755618352,10.670714925299503,engine
Ascendant,22,154.39659301588156,10.610454899852556,engine
Ascendant,23,154.55623645682272,10.550110211556174,engine
Ascendant,24,154.71582829467496,10.489681298155908,engine
Ascendant,25,154.87536894304307,10.429168598601125,engine
Ascendant,26,155.03485881289683,10.368572553272177,engine
Ascendant,27,155.1942983131847,10.307893603758096,engine
Ascendant,28,155.35368785174262,10.247132192519166,engine
Ascendant,29,155.51302794007478,10.186288722850136,engine
Ascendant,30,155.6723187683754,10.12536372123487,engine
Midheaven,-30,36.23632193176407,14.372291463266743,engine
Midheaven,-20,38.74092930325452,15.17768709413169,engine
Midheaven,-15,39.993214921837485,15.56786877916222,engine
Midheaven,-10,41.245491161065864,15.94952356985606,engine
Midheaven,-5,42.497760548205726,16.322524973064326,engine
Midheaven,-2,43.249119625857176,16.542122499896802,engine
Midheaven,-1,43.49957234875699,16.61461566610948,engine
Midheaven,0,43.75002495022915,16.686754362117085,engine
Midheaven,1,44.00047744707106,16.75853772651628,engine
Midheaven,2,44.250929857948705,16.829964910487732,engine
Midheaven,3,44.50138219967401,16.901035076638937,engine
Midheaven,4,44.75183449092487,16.971747399974657,engine
Midheaven,5,45.002286748522174,17.042101066749037,engine
Midheaven,6,45.25273915909826,17.112095322240393,engine
Midheaven,7,45.50319140358182,17.18172928210713,engine
Midheaven,8,45.75364366860623,17.251002214955513,engine
Midheaven,9,46.00409597099437,17.31991335322286,engine
Midheaven,10,46.25454832942715,17.388461941170082,engine
Midheaven,11,46.50500076072051,17.456647233762965,engine
Midheaven,12,46.755453283545535,17.524468497595976,engine
Midheaven,13,47.0059059147055,17.591925009783434,engine
Midheaven,14,47.256358672856415,17.659016058871764,engine
Midheaven,15,47.50681157478362,17.72574094374086,engine
Midheaven,16,47.75726463912247,17.792098974504782,engine
Midheaven,17,48.007718050583776,17.858089515551868,engine
Midheaven,18,48.25817149187948,17.92371180967298,engine
Midheaven,19,48.508625147691674,17.98896524249532,engine
Midheaven,20,48.75907903659825,18.053849166105753,engine
Midheaven,21,49.00953317529845,18.118362942358733,engine
Midheaven,22,49.25998758233346,18.182505943742594,engine
Midheaven,23,49.51044227436325,18.246277552322876,engine
Midheaven,24,49.760897269421484,18.309677160479904,engine
Midheaven,25,50.01135258551899,18.37270417045008,engine
Midheaven,26,50.261808239711634,18.435357993995364,engine
Midheaven,27,50.51226424902946,18.497638052542467,engine
Midheaven,28,50.7627206318713,18.559543777428296,engine
Midheaven,29,51.01317757269766,18.621074650128882,engine
Midheaven,30,51.26363475394711,18.68223003828674,engine
Vertex,-30,289.3404965026896,-22.246089799006658,engine
Vertex,-20,292.1771617405535,-21.871774971089025,engine
Vertex,-15,293.6133385779663,-21.662885280301406,engine
Vertex,-10,295.0615950769949,-21.43908107602827,engine
Vertex,-5,296.52205719066274,-21.20004186544104,engine
Vertex,-2,297.4042410612536,-21.04917267794285,engine
Vertex,-1,297.6992919595787,-20.997626746277245,engine
Vertex,0,297.9948390112383,-20.94544849794785,engine
Vertex,1,298.2908829931083,-20.89263541400872,engine
Vertex,2,298.5874246629395,-20.839184982686078,engine
Vertex,3,298.8844647545825,-20.785094700801768,engine
Vertex,4,299.18200398201725,-20.73036207363074,engine
Vertex,5,299.4800430345583,-20.674984616370846,engine
Vertex,6,299.77858278125797,-20.618959816222308,engine
Vertex,7,300.0776234649782,-20.56228528461419,engine
Vertex,8,300.37716590760743,-20.504958531668027,engine
Vertex,9,300.6772107047861,-20.446977117601964,engine
Vertex,10,300.97775842999425,-20.388338615263354,engine
Vertex,11,301.27880962970045,-20.32904061174111,engine
Vertex,12,301.58036482743285,-20.269080708259455,engine
Vertex,13,301.88242451891097,-20.208456521838873,engine
Vertex,14,302.1849891761273,-20.14716568519926,engine
Vertex,15,302.48805924246125,-20.08520584847014,engine
Vertex,16,302.7916351367729,-20.022574679103688,engine
Vertex,17,303.0957174525787,-19.959269820956983,engine
Vertex,18,303.4003061461756,-19.89528906446998,engine
Vertex,19,303.7054017551828,-19.830630093771788,engine
Vertex,20,304.01100458735857,-19.76529065596351,engine
Vertex,21,304.3171149193998,-19.699268520753034,engine
Vertex,22,304.6237330010765,-19.632561480397527,engine
Vertex,23,304.9308590502733,-19.565167351613482,engine
Vertex,24,305.23849325656505,-19.497083975655954,engine
Vertex,25,305.54663577910253,-19.428309219643502,engine
Vertex,26,305.85528674505395,-19.358840977791335,engine
Vertex,27,306.1644462503345,-19.288677172150816,engine
Vertex,28,306.4741143609224,-19.2178157532165,engine
Vertex,29,306.78429131659357,-19.146254653638103,engine
Vertex,30,307.0949767027795,-19.073991980619063,engine
Algol,-30,47.03562412594716,40.95517064072853,engine
Algol,-20,47.035624309471466,40.95517179555413,engine
Algol,-15,47.035624352775585,40.95517237660111,engine
Algol,-10,47.035624363642235,40.95517295960223,engine
Algol,-5,47.03562434199171,40.955173544204996,engine
Algol,-2,47.035624313365815,40.95517389558837,engine
Algol,-1,47.03562430121531,40.95517401280282,engine
Algol,0,47.03562428775987,40.95517413005586,engine
Algol,1,47.035624272999215,40.95517424734468,engine
Algol,2,47.035624256933005,40.955174364666426,engine
Algol,3,47.03562423956094,40.95517448201828,engine
Algol,4,47.035624220882745,40.95517459939739,engine
Algol,5,47.035624200898255,40.95517471680092,engine
Algol,6,47.03562417960715,40.955174834226135,engine
Algol,7,47.03562415700933,40.955174951670045,engine
Algol,8,47.03562413310459,40.95517506912984,engine
Algol,9,47.03562410789281,40.95517518660272,engine
Algol,10,47.03562408137386,40.95517530408584,engine
Algol,11,47.03562405354768,40.95517542157639,engine
Algol,12,47.035624024414176,40.95517553907148,engine
Algol,13,47.03562399397333,40.9551756565683,engine
Algol,14,47.03562396222511,40.95517577406402,engine
Algol,15,47.035623929169546,40.9551758915558,engine
Algol,16,47.03562389480666,40.95517600904077,engine
Algol,17,47.035623859136514,40.95517612651621,engine
Algol,18,47.03562382215923,40.95517624397909,engine
Algol,19,47.0356237838749,40.95517636142669,engine
Algol,20,47.03562374428362,40.955176478856124,engine
Algol,21,47.03562370338562,40.955176596264614,engine
Algol,22,47.035623661181056,40.95517671364929,engine
Algol,23,47.03562361767012,40.95517683100731,engine
Algol,24,47.0356235728531,40.95517694833584,engine
Algol,25,47.03562352673021,40.95517706563205,engine
Algol,26,47.03562347930176,40.955177182893124,engine
Algol,27,47.03562343056807,40.955177300116205,engine
Algol,28,47.035623380529444,40.955177417298465,engine
Algol,29,47.03562332918625,40.95517753443714,engine
Algol,30,47.03562327653894,40.95517765152928,engine
Pleiades,-30,56.86619400232845,24.10402790512066,engine
Pleiades,-20,56.866194453514495,24.10402866224483,engine
Pleiades,-15,56.866194640649866,24.104029045571703,engine
Pleiades,-10,56.86619480190559,24.104029431793812,engine
Pleiades,-5,56.866194937116326,24.104029820698543,engine
Pleiades,-2,56.86619500567699,24.104030055240052,engine
Pleiades,-1,56.86619502642928,24.10403013361002,engine
Pleiades,0,56.86619504612907,24.104030212071862,engine
Pleiades,1,56.86619506477529,24.104030290623843,engine
Pleiades,2,56.86619508236687,24.104030369264244,engine
Pleiades,3,56.86619509890278,24.104030447991327,engine
Pleiades,4,56.866195114381966,24.104030526803367,engine
Pleiades,5,56.86619512880348,24.104030605698632,engine
Pleiades,6,56.866195142166305,24.104030684675443,engine
Pleiades,7,56.86619515446945,24.104030763731963,engine
Pleiades,8,56.86619516571202,24.104030842866514,engine
Pleiades,9,56.866195175893104,24.104030922077325,engine
Pleiades,10,56.866195185011755,24.104031001362703,engine
Pleiades,11,56.86619519306713,24.10403108072088,engine
Pleiades,12,56.866195200058336,24.104031160150104,engine
Pleiades,13,56.86619520598457,24.104031239648663,engine
Pleiades,14,56.86619521084499,24.10403131921479,engine
Pleiades,15,56.86619521463881,24.104031398846743,engine
Pleiades,16,56.866195217365245,24.104031478542794,engine
Pleiades,17,56.86619521902352,24.10403155830121,engine
Pleiades,18,56.866195219612926,24.10403163812017,engine
Pleiades,19,56.86619521913273,24.104031717997945,engine
Pleiades,20,56.86619521758225,24.10403179793281,engine
Pleiades,21,56.86619521496079,24.10403187792301,engine
Pleiades,22,56.86619521126772,24.10403195796677,engine
Pleiades,23,56.86619520650238,24.104032038062364,engine
Pleiades,24,56.86619520066418,24.104032118208004,engine
Pleiades,25,56.86619519375248,24.10403219840196,engine
Pleiades,26,56.86619518576677,24.104032278642457,engine
Pleiades,27,56.866195176706455,24.104032358927732,engine
Pleiades,28,56.866195166571025,24.104032439256056,engine
Pleiades,29,56.86619515535993,24.104032519625694,engine
Pleiades,30,56.866195143072744,24.104032600034785,engine
Capella,-30,79.16811557236683,45.996839481235575,engine
Capella,-20,79.16811697704972,45.99684049741059,engine
Capella,-15,79.1681176390613,45.99684102287668,engine
Capella,-10,79.1681182735183,45.99684155953117,engine
Capella,-5,79.16811887993644,45.9968421070695,engine
Capella,-2,79.16811923013206,45.996842440688,engine
Capella,-1,79.16811934456585,45.99684255272839,engine
Capella,0,79.1681194578445,45.9968426651817,engine
Capella,1,79.16811956996443,45.99684277804537,engine
Capella,2,79.16811968092202,45.99684289131689,engine
Capella,3,79.1681197907137,45.99684300499368,engine
Capella,4,79.16811989933595,45.99684311907319,engine
Capella,5,79.1681200067852,45.99684323355285,engine
Capella,6,79.16812011305805,45.99684334843018,engine
Capella,7,79.16812021815088,45.99684346370241,engine
Capella,8,79.16812032206026,45.99684357936707,engine
Capella,9,79.1681204247828,45.996843695421525,engine
Capella,10,79.16812052631506,45.996843811863194,engine
Capella,11,79.16812062665367,45.99684392868946,engine
Capella,12,79.16812072579526,45.996844045897696,engine
Capella,13,79.16812082373647,45.99684416348529,engine
Capella,14,79.16812092047398,45.9968442814496,engine
Capella,15,79.16812101600452,45.99684439978797,engine
Capella,16,79.16812111032478,45.99684451849776,engine
Capella,17,79.16812120343158,45.99684463757643,engine
Capella,18,79.16812129532158,45.996844757021115,engine
Capella,19,79.16812138599163,45.99684487682922,engine
Capella,20,79.16812147543854,45.996844996998114,engine
Capella,21,79.16812156365914,45.99684511752506,engine
Capella,22,79.16812165065035,45.99684523840742,engine
Capella,23,79.16812173640899,45.99684535964246,engine
Capella,24,79.16812182093201,45.99684548122748,engine
Capella,25,79.16812190421633,45.9968456031598,engine
Capella,26,79.16812198625894,45.99684572543665,engine
Capella,27,79.16812206705679,45.99684584805535,engine
Capella,28,79.16812214660688,45.99684597101317,engine
Capella,29,79.16812222490631,45.99684609430744,engine
Capella,30,79.16812230195205,45.99684621793523,engine
Sirius,-30,101.28183926847196,-16.72702376930754,engine
Sirius,-20,101.281840718978,-16.727023883621687,engine
Sirius,-15,101.28184142663957,-16.72702395030487,engine
Sirius,-10,101.28184212190794,-16.727024023243253,engine
Sirius,-5,101.2818428042916,-16.727024102361458,engine
Sirius,-2,101.28184320733477,-16.727024152766212,engine
Sirius,-1,101.28184334059488,-16.72702417005292,engine
Sirius,0,101.28184347330479,-16.72702418758112,engine
Sirius,1,101.2818436054607,-16.72702420535011,engine
Sirius,2,101.2818437370588,-16.727024223359276,engine
Sirius,3,101.28184386809531,-16.727024241607907,engine
Sirius,4,101.28184399856644,-16.72702426009535,engine
Sirius,5,101.28184412846844,-16.727024278820927,engine
Sirius,6,101.28184425779762,-16.727024297783977,engine
Sirius,7,101.28184438655006,-16.727024316983773,engine
Sirius,8,101.28184451472211,-16.727024336419635,engine
Sirius,9,101.28184464231003,-16.72702435609086,engine
Sirius,10,101.28184476931015,-16.727024375996773,engine
Sirius,11,101.28184489571873,-16.727024396136652,engine
Sirius,12,101.28184502153209,-16.727024416509785,engine
Sirius,13,101.28184514674653,-16.72702443711546,engine
Sirius,14,101.28184527135842,-16.727024457952975,engine
Sirius,15,101.28184539536407,-16.72702447902158,engine
Sirius,16,101.28184551875985,-16.727024500320564,engine
Sirius,17,101.2818456415422,-16.727024521849216,engine
Sirius,18,101.28184576370734,-16.727024543606742,engine
Sirius,19,101.28184588525173,-16.727024565592444,engine
Sirius,20,101.28184600617179,-16.727024587805577,engine
Sirius,21,101.28184612646392,-16.727024610245365,engine
Sirius,22,101.28184624612453,-16.72702463291107,engine
Sirius,23,101.2818463651501,-16.727024655801948,engine
Sirius,24,101.28184648353705,-16.72702467891722,engine
Sirius,25,101.28184660128184,-16.727024702256116,engine
Sirius,26,101.28184671838096,-16.727024725817884,engine
Sirius,27,101.28184683483089,-16.72702474960173,engine
Sirius,28,101.28184695062812,-16.727024773606882,engine
Sirius,29,101.28184706576926,-16.727024797832566,engine
Sirius,30,101.28184718025065,-16.727024822277972,engine
Procyon,-30,114.82057797362049,5.217060651441138,engine
Procyon,-20,114.82057952115817,5.217060820949368,engine
Procyon,-15,114.8205802862294,5.217060908936445,engine
Procyon,-10,114.82058104480103,5.217060999061477,engine
Procyon,-5,114.82058179635116,5.217061091310208,engine
Procyon,-2,114.82058224369496,5.217061147672485,engine
Procyon,-1,114.82058239218703,5.21706116662799,engine
Procyon,0,114.82058254036099,5.217061185667312,engine
Procyon,1,114.82058268821274,5.217061204790326,engine
Procyon,2,114.82058283573816,5.2170612239968905,engine
Procyon,3,114.82058298293316,5.2170612432868655,engine
Procyon,4,114.82058312979365,5.217061262660119,engine
Procyon,5,114.82058327631555,5.21706128211651,engine
Procyon,6,114.82058342249488,5.2170613016559075,engine
Procyon,7,114.82058356832736,5.217061321278144,engine
Procyon,8,114.82058371380903,5.2170613409830855,engine
Procyon,9,114.82058385893586,5.2170613607705905,engine
Procyon,10,114.82058400370374,5.217061380640506,engine
Procyon,11,114.8205841481087,5.2170614005926845,engine
Procyon,12,114.82058429214665,5.217061420626977,engine
Procyon,13,114.82058443581357,5.2170614407432225,engine
Procyon,14,114.82058457910547,5.217061460941278,engine
Procyon,15,114.82058472201828,5.217061481220984,engine
Procyon,16,114.82058486454804,5.217061501582181,engine
Procyon,17,114.82058500669085,5.217061522024723,engine
Procyon,18,114.82058514844248,5.217061542548426,engine
Procyon,19,114.82058528979907,5.217061563153142,engine
Procyon,20,114.82058543075662,5.2170615838386984,engine
Procyon,21,114.82058557131121,5.217061604604945,engine
Procyon,22,114.82058571145882,5.2170616254516995,engine
Procyon,23,114.82058585119552,5.217061646378804,engine
Procyon,24,114.82058599051734,5.217061667386088,engine
Procyon,25,114.82058612942039,5.217061688473377,engine
Procyon,26,114.82058626790072,5.217061709640499,engine
Procyon,27,114.82058640595439,5.217061730887281,engine
Procyon,28,114.82058654357749,5.217061752213548,engine
Procyon,29,114.82058668076618,5.217061773619133,engine
Procyon,30,114.82058681751646,5.217061795103835,engine
Alkaid,-30,206.8920600722349,49.31203926329856,engine
Alkaid,-20,206.89206072327673,49.31203816436278,engine
Alkaid,-15,206.89206110445173,49.31203762044469,engine
Alkaid,-10,206.89206152249614,49.31203708075975,engine
Alkaid,-5,206.89206197721313,49.3120365457052,engine
Alkaid,-2,206.89206226755752,49.31203622705961,engine
Alkaid,-1,206.8920623672472,49.312036121261166,engine
Alkaid,0,206.8920624683879,49.312036015676334,engine
Alkaid,1,206.89206257097769,49.31203591030824,engine
Alkaid,2,206.89206267501464,49.312035805160015,engine
Alkaid,3,206.89206278049676,49.3120357002348,engine
Alkaid,4,206.89206288742207,49.31203559553572,engine
Alkaid,5,206.89206299578856,49.31203549106586,engine
Alkaid,6,206.89206310559425,49.31203538682829,engine
Alkaid,7,206.89206321683685,49.312035282826244,engine
Alkaid,8,206.89206332951443,49.31203517906277,engine
Alkaid,9,206.89206344362475,49.31203507554096,engine
Alkaid,10,206.89206355916576,49.3120349722639,engine
Alkaid,11,206.89206367613522,49.31203486923467,engine
Alkaid,12,206.89206379453088,49.31203476645642,engine
Alkaid,13,206.89206391435053,49.31203466393217,engine
Alkaid,14,206.89206403559194,49.312034561664994,engine
Alkaid,15,206.89206415825274,49.31203445965797,engine
Alkaid,16,206.89206428233067,49.312034357914214,engine
Alkaid,17,206.8920644078234,49.31203425643664,engine
Alkaid,18,206.8920645347284,49.31203415522848,engine
Alkaid,19,206.8920646630434,49.312034054292724,engine
Alkaid,20,206.89206479276595,49.312033953632415,engine
Alkaid,21,206.89206492389354,49.31203385325056,engine
Alkaid,22,206.89206505642372,49.31203375315024,engine
Alkaid,23,206.89206519035397,49.31203365333445,engine
Alkaid,24,206.89206532568178,49.31203355380624,engine
Alkaid,25,206.89206546240453,49.31203345456861,engine
Alkaid,26,206.89206560051966,49.31203335562457,engine
Alkaid,27,206.89206574002455,49.312033256977145,engine
Alkaid,28,206.89206588091653,49.31203315862932,engine
Alkaid,29,206.89206602319305,49.31203306058403,engine
Alkaid,30,206.89206616685118,49.31203296284439,engine
Algorab,-30,187.4697934402975,-16.51876152817781,engine
Algorab,-20,187.46979439834203,-16.51876102637004,engine
Algorab,-15,187.4697949105044,-16.518760780907073,engine
Algorab,-10,187.46979544436624,-16.518760539247012,engine
Algorab,-5,187.46979599961935,-16.51876030151922,engine
Algorab,-2,187.46979634290682,-16.518760160823213,engine
Algorab,-1,187.46979645900967,-16.518760114254054,engine
Algorab,0,187.46979657594494,-16.518760067851318,engine
Algorab,1,187.46979669371,-16.518760021616004,engine
Algorab,2,187.4697968123022,-16.518759975549113,engine
Algorab,3,187.4697969317188,-16.51875992965163,engine
Algorab,4,187.4697970519571,-16.51875988392455,engine
Algorab,5,187.4697971730144,-16.51875983836886,engine
Algorab,6,187.46979729488797,-16.518759792985495,engine
Algorab,7,187.469797417575,-16.51875974777552,engine
Algorab,8,187.46979754107272,-16.518759702739864,engine
Algorab,9,187.46979766537837,-16.518759657879496,engine
Algorab,10,187.4697977904891,-16.5187596131954,engine
Algorab,11,187.46979791640214,-16.518759568688527,engine
Algorab,12,187.46979804311468,-16.518759524359854,engine
Algorab,13,187.46979817062382,-16.518759480210328,engine
Algorab,14,187.46979829892672,-16.518759436240906,engine
Algorab,15,187.46979842802048,-16.518759392452537,engine
Algorab,16,187.46979855790224,-16.51875934884618,engine
Algorab,17,187.46979868856914,-16.51875930542273,engine
Algorab,18,187.4697988200181,-16.51875926218322,engine
Algorab,19,187.46979895224626,-16.518759219128537,engine
Algorab,20,187.46979908525068,-16.51875917625961,engine
Algorab,21,187.4697992190284,-16.51875913357738,engine
Algorab,22,187.4697993535764,-16.51875909108277,engine
Algorab,23,187.46979948889168,-16.518759048776705,engine
Algorab,24,187.46979962497124,-16.518759006660108,engine
Algorab,25,187.46979976181206,-16.518758964733887,engine
Algorab,26,187.4697998994111,-16.518758922998966,engine
Algorab,27,187.46980003776528,-16.518758881456247,engine
Algorab,28,187.46980017687156,-16.518758840106628,engine
Algorab,29,187.4698003167269,-16.518758798951005,engine
Algorab,30,187.46980045732806,-16.5187587579903,engine
Spica,-30,201.3032861225688,-11.163611214670377,engine
Spica,-20,201.30328670901972,-11.163610795296943,engine
Spica,-15,201.3032870383216,-11.163610587750945,engine
Spica,-10,201.30328739145023,-11.163610381766125,engine
Spica,-5,201.30328776822327,-11.163610177441996,engine
Spica,-2,201.30328800555625,-11.1636100556858,engine
Spica,-1,201.30328808653582,-11.163610015244824,engine
Spica,0,201.30328816844693,-11.163609974877374,engine
Spica,1,201.30328825128788,-11.163609934584219,engine
Spica,2,201.303288335057,-11.163609894366145,engine
Spica,3,201.30328841975262,-11.163609854223925,engine
Spica,4,201.30328850537296,-11.16360981415834,engine
Spica,5,201.30328859191627,-11.163609774170157,engine
Spica,6,201.30328867938084,-11.163609734260136,engine
Spica,7,201.30328876776483,-11.163609694429088,engine
Spica,8,201.30328885706646,-11.163609654677764,engine
Spica,9,201.30328894728387,-11.163609615006933,engine
Spica,10,201.3032890384153,-11.163609575417363,engine
Spica,11,201.30328913045886,-11.163609535909812,engine
Spica,12,201.3032892234127,-11.163609496485053,engine
Spica,13,201.30328931727487,-11.163609457143846,engine
Spica,14,201.30328941204357,-11.163609417886951,engine
Spica,15,201.30328950771678,-11.163609378715126,engine
Spica,16,201.30328960429262,-11.163609339629128,engine
Spica,17,201.3032897017692,-11.16360930062969,engine
Spica,18,201.30328980014437,-11.163609261717617,engine
Spica,19,201.30328989941626,-11.163609222893639,engine
Spica,20,201.30328999958283,-11.1636091841585,engine
Spica,21,201.30329010064204,-11.163609145512956,engine
Spica,22,201.30329020259188,-11.163609106957752,engine
Spica,23,201.30329030543027,-11.163609068493631,engine
Spica,24,201.30329040915512,-11.163609030121341,engine
Spica,25,201.3032905137644,-11.16360899184163,engine
Spica,26,201.30329061925596,-11.163608953655219,engine
Spica,27,201.30329072562765,-11.163608915562868,engine
Spica,28,201.30329083287737,-11.163608877565304,engine
Spica,29,201.30329094100298,-11.163608839663238,engine
Spica,30,201.3032910500022,-11.163608801857455,engine
Arcturus,-30,213.91368052640473,19.168003886192885,engine
Arcturus,-20,213.91368076313123,19.168003473070115,engine
Arcturus,-15,213.91368092057039,19.16800326741063,engine
Arcturus,-10,213.9136811039915,19.168003062586894,engine
Arcturus,-5,213.9136813133275,19.168002858774198,engine
Arcturus,-2,213.91368145133566,19.168002737044684,engine
Arcturus,-1,213.91368149940203,19.16800269656958,engine
Arcturus,0,213.9136815484989,19.168002656147472,engine
Arcturus,1,213.91368159862557,19.168002615779795,engine
Arcturus,2,213.91368164978124,19.16800257546791,engine
Arcturus,3,213.9136817019651,19.168002535213226,engine
Arcturus,4,213.91368175517627,19.168002495017127,engine
Arcturus,5,213.91368180941393,19.168002454880995,engine
Arcturus,6,213.91368186467727,19.168002414806203,engine
Arcturus,7,213.91368192096527,19.168002374794167,engine
Arcturus,8,213.9136819782771,19.16800233484627,engine
Arcturus,9,213.91368203661182,19.16800229496389,engine
Arcturus,10,213.91368209596845,19.16800225514841,engine
Arcturus,11,213.91368215634606,19.16800221540119,engine
Arcturus,12,213.91368221774363,19.16800217572364,engine
Arcturus,13,213.91368228016015,19.16800213611711,engine
Arcturus,14,213.91368234359462,19.168002096583002,engine
Arcturus,15,213.91368240804596,19.16800205712268,engine
Arcturus,16,213.91368247351312,19.168002017737518,engine
Arcturus,17,213.91368253999505,19.168001978428855,engine
Arcturus,18,213.91368260749056,19.168001939198138,engine
Arcturus,19,213.9136826759985,19.168001900046686,engine
Arcturus,20,213.9136827455179,19.16800186097588,engine
Arcturus,21,213.91368281604736,19.168001821987083,engine
Arcturus,22,213.9136828875859,19.168001783081664,engine
Arcturus,23,213.91368296013218,19.168001744260984,engine
Arcturus,24,213.91368303368506,19.1680017055264,engine
Arcturus,25,213.91368310824325,19.168001666879285,engine
Arcturus,26,213.91368318380552,19.168001628320987,engine
Arcturus,27,213.91368326037053,19.16800158985286,engine
Arcturus,28,213.91368333793707,19.168001551476273,engine
Arcturus,29,213.9136834165038,19.16800151319254,engine
Arcturus,30,213.9136834960693,19.168001475003074,engine
Alphecca,-30,233.67814563488304,26.71137925196782,engine
Alphecca,-20,233.67814527276053,26.711378655130645,engine
Alphecca,-15,233.67814513166823,26.711378352276643,engine
Alphecca,-10,233.67814501742527,26.711378046778016,engine
Alphecca,-5,233.67814493016795,26.711377738870542,engine
Alphecca,-2,233.67814489081863,26.711377553068363,engine
Alphecca,-1,233.67814487987522,26.71137749096942,engine
Alphecca,0,233.67814487001982,26.711377428791234,engine
Alphecca,1,233.6781448612532,26.71137736653567,engine
Alphecca,2,233.6781448535763,26.711377304204685,engine
Alphecca,3,233.67814484698985,26.711377241800147,engine
Alphecca,4,233.67814484149457,26.711377179323982,engine
Alphecca,5,233.67814483709137,26.711377116778117,engine
Alphecca,6,233.67814483378078,26.711377054164398,engine
Alphecca,7,233.6781448315637,26.711376991484858,engine
Alphecca,8,233.6781448304408,26.711376928741338,engine
Alphecca,9,233.67814483041266,26.71137686593578,engine
Alphecca,10,233.67814483148,26.71137680307008,engine
Alphecca,11,233.67814483364344,26.711376740146175,engine
Alphecca,12,233.67814483690358,26.711376677166008,engine
Alphecca,13,233.6781448412611,26.71137661413147,engine
Alphecca,14,233.67814484671638,26.71137655104448,engine
Alphecca,15,233.67814485327017,26.71137648790699,engine
Alphecca,16,233.67814486092294,26.71137642472092,engine
Alphecca,17,233.6781448696751,26.71137636148812,engine
Alphecca,18,233.67814487952725,26.711376298210652,engine
Alphecca,19,233.6781448904798,26.711376234890384,engine
Alphecca,20,233.67814490253318,26.711376171529235,engine
Alphecca,21,233.67814491568785,26.711376108129137,engine
Alphecca,22,233.6781449299442,26.71137604469202,engine
Alphecca,23,233.67814494530265,26.711375981219827,engine
Alphecca,24,233.6781449617635,26.71137591771449,engine
Alphecca,25,233.6781449793271,26.71137585417793,engine
Alphecca,26,233.67814499799374,26.7113757906121,engine
Alphecca,27,233.67814501776377,26.711375727018904,engine
Alphecca,28,233.67814503863747,26.711375663400304,engine
Alphecca,29,233.6781450606151,26.711375599758178,engine
Alphecca,30,233.67814508369682,26.71137553609455,engine
Vega,-30,279.23868144290583,38.780819098578206,engine
Vega,-20,279.23867970089384,38.780818653655345,engine
Vega,-15,279.23867885299205,38.780818410903315,engine
Vega,-10,279.2386780212947,38.78081815484783,engine
Vega,-5,279.2386772063931,38.78081788566449,engine
Vega,-2,279.2386767257574,38.78081771792857,engine
Vega,-1,279.23867656695745,38.78081766098784,engine
Vega,0,279.2386764088711,38.780817603535276,engine
Vega,1,279.23867625150297,38.780817545572376,engine
Vega,2,279.2386760948577,38.780817487100684,engine
Vega,3,279.23867593893965,38.780817428121736,engine
Vega,4,279.23867578375354,38.78081736863711,engine
Vega,5,279.2386756293037,38.780817308648324,engine
Vega,6,279.23867547559473,38.780817248156936,engine
Vega,7,279.23867532263114,38.780817187164644,engine
Vega,8,279.2386751704174,38.78081712567295,engine
Vega,9,279.2386750189581,38.78081706368348,engine
Vega,10,279.2386748682574,38.78081700119783,engine
Vega,11,279.23867471831994,38.78081693821764,engine
Vega,12,279.23867456915013,38.780816874744545,engine
Vega,13,279.2386744207523,38.78081681078016,engine
Vega,14,279.23867427313087,38.78081674632615,engine
Vega,15,279.23867412629016,38.78081668138419,engine
Vega,16,279.23867398023464,38.78081661595591,engine
Vega,17,279.2386738349685,38.78081655004296,engine
Vega,18,279.2386736904962,38.78081648364714,engine
Vega,19,279.2386735468221,38.78081641677008,engine
Vega,20,279.2386734039504,38.78081634941346,engine
Vega,21,279.2386732618854,38.78081628157905,engine
Vega,22,279.2386731206313,38.78081621326854,engine
Vega,23,279.23867298019246,38.78081614448367,engine
Vega,24,279.23867284057314,38.78081607522618,engine
Vega,25,279.23867270177743,38.78081600549781,engine
Vega,26,279.23867256380964,38.780815935300346,engine
Vega,27,279.2386724266739,38.780815864635535,engine
Vega,28,279.2386722903744,38.780815793505184,engine
Vega,29,279.23867215491515,38.780815721911,engine
Vega,30,279.23867202030067,38.780815649854866,engine
Deneb Algedi,-30,326.75936324185574,-16.129753306832846,engine
Deneb Algedi,-20,326.7593616154086,-16.129753297146397,engine
Deneb Algedi,-15,326.7593607900143,-16.12975328258433,engine
Deneb Algedi,-10,326.7593599572208,-16.129753261483394,engine
Deneb Algedi,-5,326.75935911756824,-16.129753233802788,engine
Deneb Algedi,-2,326.7593586107104,-16.129753214020376,engine
Deneb Algedi,-1,326.75935844127287,-16.129753206895515,engine
Deneb Algedi,0,326.7593582716003,-16.129753199504837,engine
Deneb Algedi,1,326.75935810169693,-16.12975319184807,engine
Deneb Algedi,2,326.7593579315672,-16.129753183924965,engine
Deneb Algedi,3,326.75935776121537,-16.129753175735257,engine
Deneb Algedi,4,326.7593575906461,-16.129753167278697,engine
Deneb Algedi,5,326.75935741986353,-16.129753158555037,engine
Deneb Algedi,6,326.75935724887216,-16.129753149564046,engine
Deneb Algedi,7,326.7593570776765,-16.129753140305485,engine
Deneb Algedi,8,326.75935690628086,-16.12975313077911,engine
Deneb Algedi,9,326.7593567346897,-16.129753120984724,engine
Deneb Algedi,10,326.7593565629074,-16.12975311092208,engine
Deneb Algedi,11,326.75935639093836,-16.12975310059099,engine
Deneb Algedi,12,326.75935621878705,-16.12975308999121,engine
Deneb Algedi,13,326.7593560464579,-16.129753079122562,engine
Deneb Algedi,14,326.7593558739553,-16.129753067984836,engine
Deneb Algedi,15,326.75935570128377,-16.129753056577847,engine
Deneb Algedi,16,326.75935552844766,-16.12975304490139,engine
Deneb Algedi,17,326.75935535545136,-16.129753032955293,engine
Deneb Algedi,18,326.75935518229954,-16.12975302073938,engine
Deneb Algedi,19,326.75935500899647,-16.12975300825347,engine
Deneb Algedi,20,326.7593548355467,-16.1297529954974,engine
Deneb Algedi,21,326.75935466195455,-16.129752982471004,engine
Deneb Algedi,22,326.75935448822463,-16.129752969174127,engine
Deneb Algedi,23,326.7593543143613,-16.129752955606616,engine
Deneb Algedi,24,326.75935414036906,-16.129752941768313,engine
Deneb Algedi,25,326.7593539662524,-16.12975292765908,engine
Deneb Algedi,26,326.7593537920157,-16.129752913278804,engine
Deneb Algedi,27,326.7593536176636,-16.12975289862731,engine
Deneb Algedi,28,326.7593534432003,-16.129752883704505,engine
Deneb Algedi,29,326.7593532686304,-16.129752868510245,engine
Deneb Algedi,30,326.75935309395857,-16.12975285304443,engine
Rigel,-30,78.63103098322861,-8.204192310292727,engine
Rigel,-20,78.63103195501567,-8.204192368187394,engine
Rigel,-15,78.63103241237498,-8.204192400590104,engine
Rigel,-10,78.63103285024782,-8.204192435218339,engine
Rigel,-5,78.63103326829832,-8.204192472012231,engine
Rigel,-2,78.63103350947759,-8.204192495102772,engine
Rigel,-1,78.6310335882468,-8.2041925029657,engine
Rigel,0,78.63103366619983,-8.204192510910843,engine
Rigel,1,78.6310337433342,-8.204192518937697,engine
Rigel,2,78.63103381964741,-8.204192527045773,engine
Rigel,3,78.63103389513701,-8.204192535234554,engine
Rigel,4,78.63103396980051,-8.20419254350355,engine
Rigel,5,78.63103404363551,-8.204192551852246,engine
Rigel,6,78.6310341166396,-8.204192560280152,engine
Rigel,7,78.63103418881028,-8.204192568786738,engine
Rigel,8,78.6310342601452,-8.204192577371504,engine
Rigel,9,78.63103433064201,-8.204192586033946,engine
Rigel,10,78.6310344002983,-8.204192594773543,engine
Rigel,11,78.6310344691118,-8.20419260358978,engine
Rigel,12,78.6310345370801,-8.204192612482146,engine
Rigel,13,78.63103460420092,-8.20419262145012,engine
Rigel,14,78.63103467047199,-8.204192630493194,engine
Rigel,15,78.631034735891,-8.20419263961084,engine
Rigel,16,78.63103480045571,-8.204192648802533,engine
Rigel,17,78.63103486416387,-8.204192658067768,engine
Rigel,18,78.63103492701319,-8.204192667405998,engine
Rigel,19,78.63103498900152,-8.20419267681671,engine
Rigel,20,78.63103505012663,-8.204192686299374,engine
Rigel,21,78.63103511038635,-8.204192695853465,engine
Rigel,22,78.63103516977851,-8.204192705478446,engine
Rigel,23,78.63103522830097,-8.204192715173793,engine
Rigel,24,78.63103528595158,-8.204192724938975,engine
Rigel,25,78.63103534272827,-8.204192734773452,engine
Rigel,26,78.6310353986289,-8.204192744676693,engine
Rigel,27,78.63103545365138,-8.204192754648163,engine
Rigel,28,78.63103550779367,-8.204192764687319,engine
Rigel,29,78.63103556105375,-8.204192774793635,engine
Rigel,30,78.63103561342953,-8.204192784966553,engine
Betelgeuse,-30,88.7904347581754,7.405727466819786,engine
Betelgeuse,-20,88.79043594450015,7.405727738148775,engine
Betelgeuse,-15,88.79043651388658,7.40572787745241,engine
Betelgeuse,-10,88.79043706686811,7.40572801912087,engine
Betelgeuse,-5,88.79043760303901,7.405728163106843,engine
Betelgeuse,-2,88.79043791650652,7.405728250590697,engine
Betelgeuse,-1,88.79043801960434,7.405728279931675,engine
Betelgeuse,0,88.79043812200129,7.405728309361833,engine
Betelgeuse,1,88.7904382236943,7.405728338880774,engine
Betelgeuse,2,88.79043832468028,7.405728368488095,engine
Betelgeuse,3,88.79043842495616,7.405728398183399,engine
Betelgeuse,4,88.7904385245189,7.405728427966276,engine
Betelgeuse,5,88.79043862336547,7.405728457836318,engine
Betelgeuse,6,88.79043872149292,7.405728487793142,engine
Betelgeuse,7,88.79043881889808,7.405728517836291,engine
Betelgeuse,8,88.79043891557805,7.4057285479653805,engine
Betelgeuse,9,88.79043901152983,7.405728578179993,engine
Betelgeuse,10,88.79043910675045,7.405728608479719,engine
Betelgeuse,11,88.79043920123698,7.405728638864133,engine
Betelgeuse,12,88.79043929498647,7.405728669332826,engine
Betelgeuse,13,88.79043938799602,7.405728699885374,engine
Betelgeuse,14,88.79043948026265,7.405728730521356,engine
Betelgeuse,15,88.79043957178354,7.405728761240352,engine
Betelgeuse,16,88.79043966255578,7.405728792041933,engine
Betelgeuse,17,88.79043975257655,7.4057288229257,engine
Betelgeuse,18,88.79043984184288,7.405728853891178,engine
Betelgeuse,19,88.79043993035202,7.405728884937964,engine
Betelgeuse,20,88.79044001810111,7.405728916065615,engine
Betelgeuse,21,88.79044010508736,7.405728947273717,engine
Betelgeuse,22,88.79044019130797,7.405728978561821,engine
Betelgeuse,23,88.79044027676017,7.405729009929503,engine
Betelgeuse,24,88.79044036144116,7.405729041376321,engine
Betelgeuse,25,88.79044044534822,7.405729072901836,engine
Betelgeuse,26,88.79044052847863,7.4057291045056095,engine
Betelgeuse,27,88.79044061082962,7.405729136187199,engine
Betelgeuse,28,88.79044069239853,7.40572916794616,engine
Betelgeuse,29,88.7904407731827,7.405729199782077,engine
Betelgeuse,30,88.79044085317935,7.405729231694455,engine
Polaris,-30,37.57140357600467,89.2647878501177,engine
Polaris,-20,37.57139351986056,89.26478946401882,engine
Polaris,-15,37.57138560685408,89.26479027046624,engine
Polaris,-10,37.571375772024304,89.26479107585796,engine
Polaris,-5,37.57136401761784,89.26479187965468,engine
Polaris,-2,37.57135604485875,89.26479236094285,engine
Polaris,-1,37.57135323409825,89.26479252118143,engine
Polaris,0,37.57135034680637,89.26479268131746,engine
Polaris,1,37.57134738301876,89.2647928413466,engine
Polaris,2,37.571344342772505,89.2647930012646,engine
Polaris,3,37.57134122610618,89.2647931610671,engine
Polaris,4,37.57133803305975,89.26479332074989,engine
Polaris,5,37.571334763674756,89.26479348030863,engine
Polaris,6,37.57133141799184,89.26479363973914,engine
Polaris,7,37.571327996059935,89.26479379903694,engine
Polaris,8,37.57132449792265,89.26479395819784,engine
Polaris,9,37.57132092362733,89.26479411721756,engine
Polaris,10,37.57131727322275,89.26479427609183,engine
Polaris,11,37.57131354675918,89.26479443481638,engine
Polaris,12,37.57130974428829,89.26479459338695,engine
Polaris,13,37.571305865863295,89.26479475179923,engine
Polaris,14,37.57130191153876,89.26479491004899,engine
Polaris,15,37.571297881370754,89.26479506813195,engine
Polaris,16,37.57129377541682,89.26479522604386,engine
Polaris,17,37.57128959373307,89.26479538378057,engine
Polaris,18,37.57128533638559,89.26479554133762,engine
Polaris,19,37.57128100343344,89.26479569871084,engine
Polaris,20,37.57127659493993,89.26479585589603,engine
Polaris,21,37.57127211096986,89.26479601288891,engine
Polaris,22,37.57126755158942,89.26479616968524,engine
Polaris,23,37.5712629168663,89.26479632628082,engine
Polaris,24,37.571258206869594,89.26479648267139,engine
Polaris,25,37.57125342166982,89.26479663885274,engine
Polaris,26,37.57124856133899,89.26479679482063,engine
Polaris,27,37.57124362595055,89.26479695057087,engine
Polaris,28,37.57123861557934,89.2647971060992,engine
Polaris,29,37.57123353029823,89.26479726140157,engine
Polaris,30,37.57122837019176,89.2647974164735,engine
Castor,-30,113.64745929261198,31.888444253353057,engine
Castor,-20,113.64746109839967,31.88844463320978,engine
Castor,-15,113.6474619902275,31.888444842020697,engine
Castor,-10,113.64746287385992,31.888445063317686,engine
Castor,-5,113.64746374868861,31.888445297016606,engine
Castor,-2,113.6474642691083,31.8884454431516,engine
Castor,-1,113.6474644418064,31.88844549284473,engine
Castor,0,113.64746461410897,31.88844554302728,engine
Castor,1,113.64746478601117,31.888445593698492,engine
Castor,2,113.64746495750826,31.88844564485754,engine
Castor,3,113.64746512859547,31.888445696503663,engine
Castor,4,113.64746529926805,31.888445748635995,engine
Castor,5,113.64746546952121,31.888445801253756,engine
Castor,6,113.64746563935034,31.888445854356117,engine
Castor,7,113.6474658087505,31.888445907942174,engine
Castor,8,113.64746597771703,31.888445962011108,engine
Castor,9,113.64746614624524,31.88844601656207,engine
Castor,10,113.6474663143304,31.888446071594178,engine
Castor,11,113.64746648196783,31.888446127106555,engine
Castor,12,113.6474666491528,31.88844618309832,engine
Castor,13,113.64746681588066,31.88844623956856,engine
Castor,14,113.64746698214672,31.888446296516378,engine
Castor,15,113.64746714794632,31.888446353940846,engine
Castor,16,113.64746731327476,31.888446411841052,engine
Castor,17,113.64746747812754,31.88844647021608,engine
Castor,18,113.6474676424998,31.888446529064943,engine
Castor,19,113.647467806387,31.888446588386707,engine
Castor,20,113.64746796978451,31.888446648180413,engine
Castor,21,113.64746813268775,31.888446708445077,engine
Castor,22,113.64746829509207,31.888446769179733,engine
Castor,23,113.6474684569929,31.888446830383398,engine
Castor,24,113.64746861838569,31.888446892055057,engine
Castor,25,113.64746877926578,31.888446954193707,engine
Castor,26,113.6474689396287,31.888447016798334,engine
Castor,27,113.6474690994698,31.88844707986792,engine
Castor,28,113.64746925878462,31.888447143401432,engine
Castor,29,113.64746941756869,31.888447207397856,engine
Castor,30,113.64746957581725,31.888447271856073,engine
Altair,-30,297.69938527117773,8.867926022167715,engine
Altair,-20,297.69938368884124,8.867926092727108,engine
Altair,-15,297.6993829045979,8.86792612235739,engine
Altair,-10,297.699382125686,8.867926148242116,engine
Altair,-5,297.6993813526382,8.867926170399064,engine
Altair,-2,297.6993808918452,8.867926181911967,engine
Altair,-1,297.69938073877876,8.867926185453715,engine
Altair,0,297.699380585985,8.867926188847806,engine
Altair,1,297.69938043346815,8.867926192094417,engine
Altair,2,297.69938028123227,8.867926195193728,engine
Altair,3,297.69938012928174,8.867926198145922,engine
Altair,4,297.69937997762065,8.867926200951178,engine
Altair,5,297.6993798262532,8.867926203609699,engine
Altair,6,297.6993796751834,8.867926206121654,engine
Altair,7,297.6993795244158,8.867926208487255,engine
Altair,8,297.69937937395434,8.867926210706685,engine
Altair,9,297.6993792238032,8.86792621278015,engine
Altair,10,297.6993790739665,8.867926214707852,engine
Altair,11,297.69937892444847,8.867926216489995,engine
Altair,12,297.6993787752532,8.867926218126781,engine
Altair,13,297.69937862638477,8.867926219618429,engine
Altair,14,297.69937847784746,8.86792622096515,engine
Altair,15,297.69937832964524,8.867926222167153,engine
Altair,16,297.6993781817824,8.86792622322466,engine
Altair,17,297.69937803426274,8.8679262241379,engine
Altair,18,297.69937788709075,8.867926224907082,engine
Altair,19,297.69937774027034,8.867926225532445,engine
Altair,20,297.69937759380565,8.86792622601422,engine
Altair,21,297.6993774477007,8.867926226352628,engine
Altair,22,297.69937730195966,8.867926226547914,engine
Altair,23,297.6993771565865,8.867926226600307,engine
Altair,24,297.69937701158534,8.86792622651006,engine
Altair,25,297.6993768669602,8.867926226277405,engine
Altair,26,297.6993767227152,8.867926225902591,engine
Altair,27,297.6993765788543,8.867926225385874,engine
Altair,28,297.6993764353816,8.867926224727496,engine
Altair,29,297.699376292301,8.86792622392771,engine
Altair,30,297.69937614961674,8.867926222986787,engine
Bellatrix,-30,81.27946903841338,6.348086424596081,engine
Bellatrix,-20,81.27947006586523,6.348086691689858,engine
Bellatrix,-15,81.27947055231775,6.348086827984824,engine
Bellatrix,-10,81.27947102010097,6.348086966051605,engine
Bellatrix,-5,81.27947146886092,6.348087105844021,engine
Bellatrix,-2,81.27947172884178,6.348087190528212,engine
Bellatrix,-1,81.27947181393992,6.348087218888788,engine
Bellatrix,0,81.27947189825254,6.3480872473149805,engine
Bellatrix,1,81.27947198177695,6.348087275806402,engine
Bellatrix,2,81.27947206451054,6.348087304362669,engine
Bellatrix,3,81.27947214645069,6.348087332983399,engine
Bellatrix,4,81.27947222759475,6.348087361668189,engine
Bellatrix,5,81.27947230794015,6.3480873904166595,engine
Bellatrix,6,81.27947238748438,6.348087419228439,engine
Bellatrix,7,81.27947246622473,6.348087448103088,engine
Bellatrix,8,81.27947254415874,6.34808747704024,engine
Bellatrix,9,81.27947262128386,6.348087506039494,engine
Bellatrix,10,81.27947269759757,6.348087535100459,engine
Bellatrix,11,81.27947277309738,6.348087564222734,engine
Bellatrix,12,81.27947284778078,6.348087593405921,engine
Bellatrix,13,81.27947292164532,6.348087622649624,engine
Bellatrix,14,81.27947299468855,6.348087651953433,engine
Bellatrix,15,81.279473066908,6.3480876813169544,engine
Bellatrix,16,81.27947313830128,6.348087710739784,engine
Bellatrix,17,81.27947320886601,6.348087740221536,engine
Bellatrix,18,81.2794732785997,6.34808776976176,engine
Bellatrix,19,81.27947334750003,6.348087799360079,engine
Bellatrix,20,81.27947341556464,6.348087829016077,engine
Bellatrix,21,81.27947348279116,6.348087858729354,engine
Bellatrix,22,81.2794735491773,6.348087888499491,engine
Bellatrix,23,81.27947361472074,6.348087918326081,engine
Bellatrix,24,81.27947367941916,6.348087948208714,engine
Bellatrix,25,81.2794737432703,6.348087978146974,engine
Bellatrix,26,81.2794738062719,6.348088008140444,engine
Bellatrix,27,81.27947386842169,6.348088038188714,engine
Bellatrix,28,81.27947392971745,6.34808806829137,engine
Bellatrix,29,81.27947399015703,6.348088098448007,engine
Bellatrix,30,81.2794740497381,6.348088128658173,engine
