body,minute,ra,dec,source
Aldebaran,-30,68.97636579668156,16.50716542073933,engine
Aldebaran,-20,68.97636584262152,16.50716606437847,engine
Aldebaran,-15,68.97636582583557,16.50716638826277,engine
Aldebaran,-10,68.97636578240358,16.50716671331147,engine
Aldebaran,-5,68.9763657122349,16.507167039364887,engine
Aldebaran,-2,68.97636565726717,16.507167235412524,engine
Aldebaran,-1,68.97636563679681,16.507167300823305,engine
Aldebaran,0,68.97636561525172,16.507167366262713,engine
Aldebaran,1,68.97636559263141,16.50716743172949,engine
Aldebaran,2,68.9763655689354,16.507167497222326,engine
Aldebaran,3,68.97636554416329,16.507167562739944,engine
Aldebaran,4,68.97636551831462,16.50716762828105,engine
Aldebaran,5,68.97636549138906,16.50716769384437,engine
Aldebaran,6,68.97636546338614,16.507167759428636,engine
Aldebaran,7,68.97636543430559,16.507167825032493,engine
Aldebaran,8,68.97636540414705,16.50716789065468,engine
Aldebaran,9,68.97636537291022,16.50716795629397,engine
Aldebaran,10,68.97636534059478,16.507168021948917,engine
Aldebaran,11,68.97636530720045,16.507168087618375,engine
Aldebaran,12,68.976365272727,16.507168153301013,engine
Aldebaran,13,68.97636523717418,16.50716821899555,engine
Aldebaran,14,68.97636520054178,16.507168284700665,engine
Aldebaran,15,68.97636516282965,16.50716835041508,engine
Aldebaran,16,68.97636512403759,16.507168416137514,engine
Aldebaran,17,68.97636508416541,16.507168481866717,engine
Aldebaran,18,68.97636504321306,16.507168547601292,engine
Aldebaran,19,68.97636500118041,16.507168613340014,engine
Aldebaran,20,68.97636495806734,16.50716867908157,engine
Aldebaran,21,68.97636491387382,16.507168744824682,engine
Aldebaran,22,68.9763648685998,16.507168810568057,engine
Aldebaran,23,68.97636482224523,16.5071688763104,engine
Aldebaran,24,68.97636477481015,16.50716894205041,engine
Aldebaran,25,68.97636472629452,16.507169007786814,engine
Aldebaran,26,68.97636467669842,16.50716907351831,engine
Aldebaran,27,68.9763646260219,16.507169139243608,engine
Aldebaran,28,68.97636457426505,16.507169204961407,engine
Aldebaran,29,68.97636452142791,16.507169270670474,engine
Aldebaran,30,68.97636446751068,16.507169336369422,engine
Antares,-30,247.3564401005789,-26.432488427471842,engine
Antares,-20,247.35644011155483,-26.43248749574815,engine
Antares,-15,247.35644015982695,-26.43248702709514,engine
Antares,-10,247.35644023675027,-26.432486556914668,engine
Antares,-5,247.35644034240417,-26.432486085457505,engine
Antares,-2,247.356440419615,-26.432485802075046,engine
Antares,-1,247.35644044765777,-26.43248570754161,engine
Antares,0,247.35644047685415,-26.432485612975242,engine
Antares,1,247.3564405072045,-26.432485518377923,engine
Antares,2,247.35644053870908,-26.432485423751707,engine
Antares,3,247.35644057136832,-26.4324853290986,engine
Antares,4,247.3564406051825,-26.43248523442061,engine
Antares,5,247.35644064015193,-26.43248513971978,engine
Antares,6,247.3564406762768,-26.43248504499804,engine
Antares,7,247.3564407135574,-26.432484950257553,engine
Antares,8,247.35644075199392,-26.432484855500274,engine
Antares,9,247.35644079158652,-26.432484760728144,engine
Antares,10,247.35644083233544,-26.432484665943406,engine
Antares,11,247.35644087424075,-26.432484571147864,engine
Antares,12,247.35644091730265,-26.432484476343618,engine
Antares,13,247.35644096152123,-26.43248438153268,engine
Antares,14,247.3564410068966,-26.43248428671708,engine
Antares,15,247.3564410534287,-26.432484191898844,engine
Antares,16,247.3564411011177,-26.432484097079975,engine
Antares,17,247.35644114996353,-26.432484002262452,engine
Antares,18,247.35644119996624,-26.43248390744841,engine
Antares,19,247.3564412511258,-26.432483812639823,engine
Antares,20,247.3564413034421,-26.432483717838682,engine
Antares,21,247.35644135691507,-26.43248362304705,engine
Antares,22,247.35644141154467,-26.432483528266914,engine
Antares,23,247.3564414673308,-26.43248343350032,engine
Antares,24,247.35644152427324,-26.432483338749268,engine
Antares,25,247.3564415823719,-26.43248324401579,engine
Antares,26,247.3564416416265,-26.432483149301905,engine
Antares,27,247.35644170203693,-26.432483054609634,engine
Antares,28,247.35644176360296,-26.432482959940995,engine
Antares,29,247.35644182632433,-26.432482865297946,engine
Antares,30,247.3564418902007,-26.432482770682636,engine
Ceres,-30,78.0499850625161,25.489421878448667,engine
Ceres,-20,78.05280587870311,25.489821896805346,engine
Ceres,-15,78.0542161569369,25.490021756133856,engine
Ceres,-10,78.05562635481138,25.490221514257463,engine
Ceres,-5,78.05703647780102,25.490421170378948,engine
Ceres,-2,78.0578825175825,25.490540914723635,engine
Ceres,-1,78.05816452540054,25.49058082123814,engine
Ceres,0,78.05844653058064,25.490620723612682,engine
Ceres,1,78.05872853316374,25.4906606218411,engine
Ceres,2,78.05901053319081,25.490700515917258,engine
Ceres,3,78.05929253079431,25.49074040585932,engine
Ceres,4,78.05957452583269,25.490780291612992,engine
Ceres,5,78.05985651843845,25.490820173196536,engine
Ceres,6,78.06013850884202,25.490860050630864,engine
Ceres,7,78.06042049670653,25.490899923856755,engine
Ceres,8,78.06070248226246,25.490939792895254,engine
Ceres,9,78.06098446564121,25.49097965776511,engine
Ceres,10,78.06126644651542,25.49101951838537,engine
Ceres,11,78.06154842539476,25.49105937482834,engine
Ceres,12,78.0618304021318,25.491099227061902,engine
Ceres,13,78.06211237676823,25.491139075080742,engine
Ceres,14,78.06239434934588,25.491178918879594,engine
Ceres,15,78.06267631990656,25.49121875845325,engine
Ceres,16,78.06295828858353,25.491258593820785,engine
Ceres,17,78.06324025542509,25.49129842495554,engine
Ceres,18,78.06352222018648,25.491338251823276,engine
Ceres,19,78.06380418309881,25.49137807444582,engine
Ceres,20,78.06408614420421,25.491417892818326,engine
Ceres,21,78.06436810354488,25.49145770693603,engine
Ceres,22,78.06465006116302,25.49149751679427,engine
Ceres,23,78.06493201710096,25.49153732238841,engine
Ceres,24,78.06521397140098,25.491577123713924,engine
Ceres,25,78.06549592410549,25.49161692076633,engine
Ceres,26,78.06577787534829,25.491656713565384,engine
Ceres,27,78.06605982498913,25.491696502058485,engine
Ceres,28,78.06634177316192,25.4917362862655,engine
Ceres,29,78.06662372009832,25.491776066208942,engine
Ceres,30,78.06690566546278,25.491815841831336,engine
Chiron,-30,11.2014922719015,6.924771652343611,engine
Chiron,-20,11.201857080622656,6.924922003125055,engine
Chiron,-15,11.202039494244405,6.924997169502735,engine
Chiron,-10,11.202221915283,6.925072329890606,engine
Chiron,-5,11.202404344737218,6.92514748433596,engine
Chiron,-2,11.202513806818502,6.925192574152818,engine
Chiron,-1,11.202550294960957,6.9252076036190955,engine
Chiron,0,11.202586783502872,6.925222632848288,engine
Chiron,1,11.202623272459874,6.925237661843021,engine
Chiron,2,11.202659761835392,6.9252526906023855,engine
Chiron,3,11.20269625163689,6.925267719126654,engine
Chiron,4,11.202732741871843,6.9252827474161,engine
Chiron,5,11.202769232547704,6.925297775471009,engine
Chiron,6,11.202805723692327,6.925312803300561,engine
Chiron,7,11.202842215272332,6.9253278308872535,engine
Chiron,8,11.202878707315548,6.925342858240269,engine
Chiron,9,11.20291519982914,6.925357885359909,engine
Chiron,10,11.202951692796558,6.925372912236405,engine
Chiron,11,11.20298818626981,6.9253879388890285,engine
Chiron,12,11.203024680239933,6.925402965310376,engine
Chiron,13,11.203061174710237,6.9254179914995735,engine
Chiron,14,11.203097669688086,6.925433017456951,engine
Chiron,15,11.203134165180819,6.925448043182813,engine
Chiron,16,11.203170661191718,6.925463068676307,engine
Chiron,17,11.203207157760705,6.925478093950205,engine
Chiron,18,11.203243654842087,6.925493118983507,engine
Chiron,19,11.203280152467633,6.92550814378662,engine
Chiron,20,11.203316650640568,6.925523168358707,engine
Chiron,21,11.203353149376301,6.925538192702467,engine
Chiron,22,11.203389648678026,6.925553216817076,engine
Chiron,23,11.203426148553001,6.925568240702883,engine
Chiron,24,11.203462649008468,6.92558326436024,engine
Chiron,25,11.203499150047582,6.925598287788329,engine
Chiron,26,11.203535651685693,6.925613310989878,engine
Chiron,27,11.20357215392592,6.925628333964064,engine
Chiron,28,11.203608656775478,6.925643356711272,engine
Chiron,29,11.203645160261928,6.925658379240755,engine
Chiron,30,11.20368166435161,6.925673401535112,engine
Eris,-30,26.38213995220677,-1.0663123699399117,tno-rate
Eris,-20,26.38220606508911,-1.0662823874644896,tno-rate
Eris,-15,26.382239121530283,-1.0662673962267784,tno-rate
Eris,-10,26.382272177971455,-1.0662524049890671,tno-rate
Eris,-5,26.382305234412627,-1.0662374137513562,tno-rate
Eris,-2,26.38232506827733,-1.0662284190087294,tno-rate
Eris,-1,26.382331679565564,-1.0662254207611872,tno-rate
Eris,0,26.3823382908538,-1.066222422513645,tno-rate
Eris,1,26.382344902142034,-1.0662194242661027,tno-rate
Eris,2,26.38235151343027,-1.0662164260185605,tno-rate
Eris,3,26.3823581247185,-1.0662134277710182,tno-rate
Eris,4,26.382364736006735,-1.066210429523476,tno-rate
Eris,5,26.38237134729497,-1.0662074312759338,tno-rate
Eris,6,26.382377958583206,-1.0662044330283915,tno-rate
Eris,7,26.382384569871437,-1.0662014347808493,tno-rate
Eris,8,26.382391181159672,-1.066198436533307,tno-rate
Eris,9,26.382397792447907,-1.0661954382857648,tno-rate
Eris,10,26.382404403736142,-1.0661924400382228,tno-rate
Eris,11,26.382411015024378,-1.0661894417906805,tno-rate
Eris,12,26.38241762631261,-1.0661864435431383,tno-rate
Eris,13,26.382424237600844,-1.066183445295596,tno-rate
Eris,14,26.38243084888908,-1.0661804470480538,tno-rate
Eris,15,26.382437460177314,-1.0661774488005116,tno-rate
Eris,16,26.382444071465546,-1.0661744505529693,tno-rate
Eris,17,26.38245068275378,-1.066171452305427,tno-rate
Eris,18,26.382457294042016,-1.0661684540578849,tno-rate
Eris,19,26.38246390533025,-1.0661654558103426,tno-rate
Eris,20,26.382470516618486,-1.0661624575628004,tno-rate
Eris,21,26.382477127906718,-1.0661594593152581,tno-rate
Eris,22,26.382483739194953,-1.0661564610677159,tno-rate
Eris,23,26.382490350483188,-1.0661534628201736,tno-rate
Eris,24,26.382496961771423,-1.0661504645726314,tno-rate
Eris,25,26.382503573059655,-1.0661474663250892,tno-rate
Eris,26,26.38251018434789,-1.066144468077547,tno-rate
Eris,27,26.382516795636125,-1.0661414698300047,tno-rate
Eris,28,26.38252340692436,-1.0661384715824627,tno-rate
Eris,29,26.382530018212595,-1.0661354733349204,tno-rate
Eris,30,26.382536629500827,-1.0661324750873782,tno-rate
Fomalhaut,-30,344.4107629752755,-29.623159793754326,engine
Fomalhaut,-20,344.4107608841097,-29.62315978941843,engine
Fomalhaut,-15,344.4107598258128,-29.62315976889903,engine
Fomalhaut,-10,344.41075875987667,-29.623159736044226,engine
Fomalhaut,-5,344.41075768693275,-29.6231596907856,engine
Fomalhaut,-2,344.41075704006704,-29.62315965765036,engine
Fomalhaut,-1,344.41075682395916,-29.62315964560577,engine
Fomalhaut,0,344.41075660761675,-29.623159633060688,engine
Fomalhaut,1,344.4107563910451,-29.62315962001465,engine
Fomalhaut,2,344.4107561742491,-29.62315960646727,engine
Fomalhaut,3,344.4107559572341,-29.623159592418123,engine
Fomalhaut,4,344.41075574000496,-29.6231595778668,engine
Fomalhaut,5,344.41075552256706,-29.623159562812905,engine
Fomalhaut,6,344.41075530492526,-29.623159547256034,engine
Fomalhaut,7,344.41075508708514,-29.623159531195856,engine
Fomalhaut,8,344.41075486905146,-29.62315951463198,engine
Fomalhaut,9,344.4107546508294,-29.623159497564053,engine
Fomalhaut,10,344.41075443242454,-29.62315947999174,engine
Fomalhaut,11,344.4107542138415,-29.62315946191467,engine
Fomalhaut,12,344.41075399508577,-29.62315944333255,engine
Fomalhaut,13,344.41075377616227,-29.623159424245042,engine
Fomalhaut,14,344.41075355707636,-29.623159404651833,engine
Fomalhaut,15,344.4107533378331,-29.62315938455266,engine
Fomalhaut,16,344.41075311843775,-29.623159363947188,engine
Fomalhaut,17,344.4107528988953,-29.623159342835176,engine
Fomalhaut,18,344.4107526792111,-29.623159321216335,engine
Fomalhaut,19,344.4107524593904,-29.62315929909041,engine
Fomalhaut,20,344.41075223943824,-29.62315927645716,engine
Fomalhaut,21,344.41075201935985,-29.623159253316334,engine
Fomalhaut,22,344.41075179916044,-29.6231592296677,engine
Fomalhaut,23,344.4107515788451,-29.623159205511058,engine
Fomalhaut,24,344.41075135841913,-29.623159180846162,engine
Fomalhaut,25,344.4107511378877,-29.62315915567284,engine
Fomalhaut,26,344.410750917256,-29.6231591299909,engine
Fomalhaut,27,344.4107506965293,-29.623159103800145,engine
Fomalhaut,28,344.41075047571263,-29.62315907710041,engine
Fomalhaut,29,344.41075025481115,-29.62315904989151,engine
Fomalhaut,30,344.41075003383037,-29.62315902217334,engine
Juno,-30,328.5174044489179,-4.920326905159094,engine
Juno,-20,328.51974453401476,-4.919521520198515,engine
Juno,-15,328.5209148987051,-4.919118824427241,engine
Juno,-10,328.522085478827,-4.918716127084956,engine
Juno,-5,328.52325627503734,-4.91831342850169,engine
Juno,-2,328.5239588563833,-4.918071809001368,engine
Juno,-1,328.5241930675344,-4.917991269115029,engine
Juno,0,328.52442728734303,-4.917910729211922,engine
Juno,1,328.5246615157214,-4.917830189307449,engine
Juno,2,328.5248957528488,-4.9177496493810535,engine
Juno,3,328.52512999854815,-4.917669109460123,engine
Juno,4,328.5253642529982,-4.91758856952409,engine
Juno,5,328.5255985160216,-4.917508029600352,engine
Juno,6,328.52583278795396,-4.917427489614344,engine
Juno,7,328.5260670683031,-4.91734694970145,engine
Juno,8,328.52630135740446,-4.917266409787123,engine
Juno,9,328.5265356550797,-4.917185869898615,engine
Juno,10,328.52676996134966,-4.917105330069617,engine
Juno,11,328.52700427643896,-4.917024790207395,engine
Juno,12,328.5272386001008,-4.916944250381349,engine
Juno,13,328.5274729325125,-4.916863710570918,engine
Juno,14,328.52770727349497,-4.916783170803485,engine
Juno,15,328.52794162322505,-4.9167026310584845,engine
Juno,16,328.52817598152336,-4.916622091363299,engine
Juno,17,328.52841034872364,-4.916541551643362,engine
Juno,18,328.5286447243317,-4.916461012034052,engine
Juno,19,328.528879108681,-4.916380472460802,engine
Juno,20,328.5291135016804,-4.916299932938999,engine
Juno,21,328.5293479032385,-4.916219393484038,engine
Juno,22,328.5295823135312,-4.91613885407534,engine
Juno,23,328.5298167323775,-4.916058314740288,engine
Juno,24,328.530051159953,-4.915977775458292,engine
Juno,25,328.5302855960765,-4.915897236256735,engine
Juno,26,328.530520040923,-4.915816697115035,engine
Juno,27,328.53075449440024,-4.915736158048575,engine
Juno,28,328.53098895641546,-4.9156556190727265,engine
Juno,29,328.5312234273005,-4.9155750801129106,engine
Juno,30,328.5314579065589,-4.915494541304494,engine
Jupiter,-30,355.83336177651273,-2.9383683417993414,engine
Jupiter,-20,355.8347729856393,-2.937771768641076,engine
Jupiter,-15,355.83547871966016,-2.9374734829422473,engine
Jupiter,-10,355.8361845421652,-2.9371751980302214,engine
Jupiter,-5,355.8368904549889,-2.9368769139477804,engine
Jupiter,-2,355.8373140466434,-2.936697943973099,engine
Jupiter,-1,355.8374552512613,-2.936638287401001,engine
Jupiter,0,355.83759645963903,-2.93657863085697,engine
Jupiter,1,355.83773767172227,-2.9365189743701956,engine
Jupiter,2,355.8378788875568,-2.936459317927427,engine
Jupiter,3,355.83802010715516,-2.9363996615295744,engine
Jupiter,4,355.8381613305627,-2.9363400051634074,engine
Jupiter,5,355.838302557725,-2.936280348858122,engine
Jupiter,6,355.8384437887823,-2.936220692560488,engine
Jupiter,7,355.8385850235904,-2.936161036337278,engine
Jupiter,8,355.8387262621893,-2.936101380177711,engine
Jupiter,9,355.8388675046238,-2.936041724068512,engine
Jupiter,10,355.83900875081184,-2.935982068050693,engine
Jupiter,11,355.8391500009874,-2.9359224120309784,engine
Jupiter,12,355.8392912550007,-2.935862756078596,engine
Jupiter,13,355.8394325128966,-2.9358031001803457,engine
Jupiter,14,355.83957377471995,-2.935743444322994,engine
Jupiter,15,355.8397150404153,-2.9356837885357847,engine
Jupiter,16,355.83985631002736,-2.935624132805503,engine
Jupiter,17,355.83999758366207,-2.935564477093092,engine
Jupiter,18,355.84013886117447,-2.9355048214653454,engine
Jupiter,19,355.8402801426035,-2.9354451659115086,engine
Jupiter,20,355.84042142799353,-2.935385510418368,engine
Jupiter,21,355.84056271735534,-2.9353258549868886,engine
Jupiter,22,355.84070401073325,-2.93526619960387,engine
Jupiter,23,355.84084530807115,-2.9352065442985538,engine
Jupiter,24,355.84098660941294,-2.9351468890577626,engine
Jupiter,25,355.84112791476923,-2.9350872338824487,engine
Jupiter,26,355.84126922418375,-2.935027578759411,engine
Jupiter,27,355.8414105376002,-2.9349679237179385,engine
Jupiter,28,355.8415518550622,-2.9349082687448167,engine
Jupiter,29,355.84169317670813,-2.934848613786883,engine
Jupiter,30,355.8418345022917,-2.934788958953396,engine
Ketu,-30,229.86217559961727,-18.33520873251199,engine
Ketu,-20,229.8621765105114,-18.335208959702722,engine
Ketu,-15,229.86217730778083,-18.33520915936629,engine
Ketu,-10,229.8621783326174,-18.33520941632948,engine
Ketu,-5,229.86217958478483,-18.335209730532824,engine
Ketu,-2,229.86218044510554,-18.33520994650526,engine
Ketu,-1,229.86218075003768,-18.335210023068253,engine
Ketu,0,229.862181064046,-18.33521010191657,engine
Ketu,1,229.86218138712894,-18.335210183049785,engine
Ketu,2,229.86218171928374,-18.335210266467225,engine
Ketu,3,229.86218206050924,-18.33521035216862,engine
Ketu,4,229.8621824108033,-18.335210440153396,engine
Ketu,5,229.86218277016383,-18.335210530421012,engine
Ketu,6,229.86218313858936,-18.335210622971154,engine
Ketu,7,229.86218351607764,-18.335210717803225,engine
Ketu,8,229.86218390262675,-18.33521081491672,engine
Ketu,9,229.86218429823487,-18.335210914311215,engine
Ketu,10,229.8621847029,-18.33521101598619,engine
Ketu,11,229.86218511662042,-18.335211119941214,engine
Ketu,12,229.8621855393941,-18.335211226175787,engine
Ketu,13,229.86218597121928,-18.335211334689443,engine
Ketu,14,229.8621864120938,-18.335211445481644,engine
Ketu,15,229.86218686201627,-18.335211558552068,engine
Ketu,16,229.86218732098408,-18.335211673900023,engine
Ketu,17,229.86218778899584,-18.335211791525175,engine
Ketu,18,229.8621882660493,-18.335211911426953,engine
Ketu,19,229.86218875214246,-18.33521203360486,engine
Ketu,20,229.86218924727365,-18.33521215805846,engine
Ketu,21,229.862189751441,-18.335212284787303,engine
Ketu,22,229.8621902646425,-18.335212413790863,engine
Ketu,23,229.86219078687614,-18.335212545068654,engine
Ketu,24,229.86219131814002,-18.335212678620177,engine
Ketu,25,229.8621918584323,-18.335212814444986,engine
Ketu,26,229.8621924077512,-18.335212952542616,engine
Ketu,27,229.86219296609448,-18.335213092912525,engine
Ketu,28,229.86219353346053,-18.335213235554278,engine
Ketu,29,229.86219410984802,-18.335213380467568,engine
Ketu,30,229.86219469525346,-18.335213527651504,engine
Mars,-30,334.80211115387556,-11.967098303948049,engine
Mars,-20,334.8071363283998,-11.965268690732026,engine
Mars,-15,334.8096495220208,-11.964353830716334,engine
Mars,-10,334.8121631212398,-11.963438937848496,engine
Mars,-5,334.81467712825963,-11.962524013671219,engine
Mars,-2,334.81618572833383,-11.96197504504425,engine
Mars,-1,334.8166886277515,-11.961792053225848,engine
Mars,0,334.8171915435444,-11.961609060294316,engine
Mars,1,334.81769447571963,-11.961426066264606,engine
Mars,2,334.8181974242835,-11.961243071151697,engine
Mars,3,334.8187003892422,-11.961060074970533,engine
Mars,4,334.81920337060177,-11.960877077736109,engine
Mars,5,334.8197063683676,-11.960694079463389,engine
Mars,6,334.8202093828822,-11.960511080044645,engine
Mars,7,334.820712413476,-11.960328079740252,engine
Mars,8,334.8212154604907,-11.96014507844253,engine
Mars,9,334.8217185239305,-11.959962076165901,engine
Mars,10,334.82222160346225,-11.959779073049146,engine
Mars,11,334.822724699764,-11.959596068861291,engine
Mars,12,334.82322781250184,-11.959413063740051,engine
Mars,13,334.8237309416786,-11.959230057700402,engine
Mars,14,334.82423408729693,-11.959047050757356,engine
Mars,15,334.8247372493591,-11.958864042925919,engine
Mars,16,334.825240427867,-11.958681034221076,engine
Mars,17,334.82574362315984,-11.958498024535118,engine
Mars,18,334.8262468345641,-11.958315014128452,engine
Mars,19,334.82675006241794,-11.958132002893398,engine
Mars,20,334.8272533067223,-11.957948990844924,engine
Mars,21,334.8277565674773,-11.95776597799804,engine
Mars,22,334.82825984468315,-11.957582964367754,engine
Mars,23,334.8287631383394,-11.957399949969021,engine
Mars,24,334.8292664484455,-11.95721693481688,engine
Mars,25,334.82976977500033,-11.957033918926317,engine
Mars,26,334.8302731180027,-11.956850902312285,engine
Mars,27,334.830776477451,-11.956667884989816,engine
Mars,28,334.8312798533433,-11.95648486697387,engine
Mars,29,334.8317832460148,-11.956301848156693,engine
Mars,30,334.83228665478794,-11.95611882879874,engine
Mercury,-30,41.208972775373425,17.69818714855095,engine
Mercury,-20,41.220823795127274,17.70290893380329,engine
Mercury,-15,41.22674876302291,17.705268841118194,engine
Mercury,-10,41.232673387017805,17.70762809237931,engine
Mercury,-5,41.238597682056295,17.709986689060667,engine
Mercury,-2,41.24215210644819,17.711401533215543,engine
Mercury,-1,41.24333688983285,17.711873095693154,engine
Mercury,0,41.24452166102539,17.712344632066827,engine
Mercury,1,41.2457064201341,17.712816142346615,engine
Mercury,2,41.246891167267115,17.713287626542698,engine
Mercury,3,41.24807590253231,17.713759084665398,engine
Mercury,4,41.249260626037554,17.714230516725195,engine
Mercury,5,41.250445337890405,17.71470192273271,engine
Mercury,6,41.25163003899269,17.715173303014737,engine
Mercury,7,41.25281472786297,17.715644656950033,engine
Mercury,8,41.25399940540262,17.716115984865713,engine
Mercury,9,41.255184071714794,17.716587286772466,engine
Mercury,10,41.256368726119575,17.71705856236656,engine
Mercury,11,41.2575533703083,17.717529812290948,engine
Mercury,12,41.25873800319025,17.71800103603913,engine
Mercury,13,41.259922625677135,17.718472234026997,engine
Mercury,14,41.261107237472224,17.71894340606435,engine
Mercury,15,41.26229183868128,17.719414552163155,engine
Mercury,16,41.26347642940994,17.71988567233556,engine
Mercury,17,41.26466101055783,17.720356766909692,engine
Mercury,18,41.2658455806417,17.72082783526622,engine
Mercury,19,41.267030140560834,17.72129887773359,engine
Mercury,20,41.26821469042002,17.72176989432446,engine
Mercury,21,41.26939923032387,17.722240885051683,engine
Mercury,22,41.27058376037684,17.722711849928174,engine
Mercury,23,41.271768280683105,17.72318278896705,engine
Mercury,24,41.272952791346725,17.723653702181533,engine
Mercury,25,41.27413729206891,17.72412458938304,engine
Mercury,26,41.2753217837583,17.724595450988982,engine
Mercury,27,41.27650626611574,17.725066286811014,engine
Mercury,28,41.2776907392444,17.725537096862922,engine
Mercury,29,41.27887520404135,17.72600788147425,engine
Mercury,30,41.28005965902096,17.726478640027707,engine
Moon,-30,229.9777610672907,-18.90321244576796,engine
Moon,-20,230.1043346939084,-18.938480580745463,engine
Moon,-15,230.16758685727984,-18.956223866238567,engine
Moon,-10,230.2308083931986,-18.974039890507914,engine
Moon,-5,230.29399387653976,-18.99192860563507,engine
Moon,-2,230.33188540064768,-19.002696640511086,engine
Moon,-1,230.34451229379536,-19.006291766213067,engine
Moon,0,230.35713751145138,-19.00988983104932,engine
Moon,1,230.36976065526179,-19.013490746085306,engine
Moon,2,230.38238185752613,-19.01709455356392,engine
Moon,3,230.39500125061588,-19.02070129560904,engine
Moon,4,230.4076184362653,-19.02431088321155,engine
Moon,5,230.42023354693225,-19.027923358397917,engine
Moon,6,230.43284672346013,-19.031538765497803,engine
Moon,7,230.44545755086546,-19.03515701058503,engine
Moon,8,230.45806617015688,-19.038778137889274,engine
Moon,9,230.4706727155983,-19.042402189245173,engine
Moon,10,230.48327677726095,-19.046029072770974,engine
Moon,11,230.4958786832315,-19.049658878616977,engine
Moon,12,230.5084780272943,-19.053291515159007,engine
Moon,13,230.52107494209477,-19.056927023838377,engine
Moon,14,230.53366956031383,-19.060565445969534,engine
Moon,15,230.54626148434912,-19.06420669229171,engine
Moon,16,230.55885102372324,-19.067850847493872,engine
Moon,17,230.57143778939516,-19.071497824705816,engine
Moon,18,230.58402207406863,-19.075147703553775,engine
Moon,19,230.59660348880178,-19.07880039711756,engine
Moon,20,230.6091821665366,-19.082455946324018,engine
Moon,21,230.62175824022398,-19.086114391986207,engine
Moon,22,230.63433131264608,-19.089775644665536,engine
Moon,23,230.64690169359847,-19.093439788431514,engine
Moon,24,230.6594689859811,-19.097106733795957,engine
Moon,25,230.6720334996602,-19.1007765646581,engine
Moon,26,230.68459483768532,-19.10444919147495,engine
Moon,27,230.69715330996874,-19.108124697967654,engine
Moon,28,230.70970851968363,-19.11180299454685,engine
Moon,29,230.722260785255,-19.115484167219456,engine
Moon,30,230.73480969317163,-19.11916812142243,engine
Neptune,-30,354.82241141848266,-3.4721111532212747,engine
Neptune,-20,354.8226178627463,-3.472024502192063,engine
Neptune,-15,354.822721093564,-3.4719811759119144,engine
Neptune,-10,354.82282433113244,-3.4719378491450965,engine
Neptune,-5,354.8229275762068,-3.4718945218933728,engine
Neptune,-2,354.8229895271381,-3.4718685253225923,engine
Neptune,-1,354.82301017813415,-3.471859859761685,engine
Neptune,0,354.8230308294819,-3.4718511941826673,engine
Neptune,1,354.8230514811844,-3.4718425285866896,engine
Neptune,2,354.82307213325237,-3.4718338629718275,engine
Neptune,3,354.82309278568647,-3.4718251973402596,engine
Neptune,4,354.82311343849756,-3.471816531690062,engine
Neptune,5,354.82313409168614,-3.471807866023417,engine
Neptune,6,354.82315474527684,-3.4717992003325935,engine
Neptune,7,354.82317539924514,-3.471790534630376,engine
Neptune,8,354.8231960536079,-3.471781868912112,engine
Neptune,9,354.8232167083757,-3.471773203175879,engine
Neptune,10,354.8232373635356,-3.4717645374296913,engine
Neptune,11,354.82325801912594,-3.4717558716600054,engine
Neptune,12,354.8232786751357,-3.471747205873802,engine
Neptune,13,354.8232993315682,-3.471738540072248,engine
Neptune,14,354.8233199884339,-3.4717298742534326,engine
Neptune,15,354.8233406457335,-3.471721208419557,engine
Neptune,16,354.8233613034774,-3.471712542568711,engine
Neptune,17,354.8233819616801,-3.4717038766972874,engine
Neptune,18,354.82340262032454,-3.4716952108150028,engine
Neptune,19,354.82342327942746,-3.4716865449172203,engine
Neptune,20,354.82344393899194,-3.471677879005124,engine
Neptune,21,354.8234645990285,-3.471669213076809,engine
Neptune,22,354.82348525953756,-3.4716605471344857,engine
Neptune,23,354.8235059205298,-3.4716518811762564,engine
Neptune,24,354.8235265820055,-3.4716432152043324,engine
Neptune,25,354.82354724397527,-3.471634549216819,engine
Neptune,26,354.823567906442,-3.4716258832149016,engine
Neptune,27,354.8235885694086,-3.471617217199771,engine
Neptune,28,354.8236092328856,-3.4716085511695343,engine
Neptune,29,354.82362989688716,-3.471599885120601,engine
Neptune,30,354.8236505613961,-3.4715912190627036,engine
Pallas,-30,27.958439555876136,-3.6538067171117934,engine
Pallas,-20,27.961300822287484,-3.653280079121344,engine
Pallas,-15,27.962731583539867,-3.6530167567447727,engine
Pallas,-10,27.964162435088586,-3.652753432286932,engine
Pallas,-5,27.965593381386807,-3.6524901058047705,engine
Pallas,-2,27.96645199594196,-3.652332109016546,engine
Pallas,-1,27.966738208831536,-3.6522794432772154,engine
Pallas,0,27.967024425778607,-3.652226777466395,engine
Pallas,1,27.96731064681369,-3.6521741115850683,engine
Pallas,2,27.96759687196732,-3.652121445634216,engine
Pallas,3,27.96788310126985,-3.652068779614841,engine
Pallas,4,27.968169334676357,-3.652016113519104,engine
Pallas,5,27.96845557236772,-3.651963447365696,engine
Pallas,6,27.96874181449077,-3.651910781111482,engine
Pallas,7,27.969028060691777,-3.6518581148281237,engine
Pallas,8,27.969314311192694,-3.6518054484813423,engine
Pallas,9,27.96960056602246,-3.651752782072146,engine
Pallas,10,27.969886824945807,-3.6517001156281377,engine
Pallas,11,27.970173088526053,-3.651647449097385,engine
Pallas,12,27.970459356525694,-3.6515947825074346,engine
Pallas,13,27.970745628974363,-3.6515421158593666,engine
Pallas,14,27.971031905901736,-3.6514894491542615,engine
Pallas,15,27.97131818726193,-3.6514367823843825,engine
Pallas,16,27.971604473235082,-3.6513841155684963,engine
Pallas,17,27.97189076396719,-3.6513314486635675,engine
Pallas,18,27.972177059103586,-3.651278781741335,engine
Pallas,19,27.97246335886546,-3.651226114767613,engine
Pallas,20,27.972749663206606,-3.6511734477346933,engine
Pallas,21,27.973035972306704,-3.651120780661397,engine
Pallas,22,27.97332228611941,-3.651068113540029,engine
Pallas,23,27.973608604673586,-3.6510154463717495,engine
Pallas,24,27.97389492792271,-3.6509627791488803,engine
Pallas,25,27.97418125604617,-3.6509101118902745,engine
Pallas,26,27.974467588997236,-3.6508574445882656,engine
Pallas,27,27.97475392680446,-3.650804777244048,engine
Pallas,28,27.975040269420987,-3.650752109849972,engine
Pallas,29,27.975326617217853,-3.6506994423896053,engine
Pallas,30,27.975612969763993,-3.650646774925947,engine
Pluto,-30,300.78699424275254,-22.40247746509162,engine
Pluto,-20,300.78703614346074,-22.40248536652384,engine
Pluto,-15,300.78705713359466,-22.402489311326406,engine
Pluto,-10,300.787078150664,-22.40249325252296,engine
Pluto,-5,300.78709919496913,-22.402497190370298,engine
Pluto,-2,300.787111834738,-22.4024995515776,engine
Pluto,-1,300.7871160502062,-22.40250033840911,engine
Pluto,0,300.7871202667833,-22.402501125125237,engine
Pluto,1,300.78712448447135,-22.402501911728084,engine
Pluto,2,300.78712870327,-22.402502698219525,engine
Pluto,3,300.7871329231863,-22.402503484602082,engine
Pluto,4,300.7871371442195,-22.402504270877632,engine
Pluto,5,300.78714136637177,-22.402505057048277,engine
Pluto,6,300.78714558964765,-22.40250584311664,engine
Pluto,7,300.7871498140436,-22.40250662908377,engine
Pluto,8,300.7871540395641,-22.402507414952307,engine
Pluto,9,300.7871582662085,-22.40250820072406,engine
Pluto,10,300.78716249398104,-22.40250898640121,engine
Pluto,11,300.78716672288647,-22.402509771986633,engine
Pluto,12,300.7871709529237,-22.402510557481914,engine
Pluto,13,300.7871751840946,-22.402511342889163,engine
Pluto,14,300.78717941640076,-22.402512128210525,engine
Pluto,15,300.7871836498439,-22.40251291344812,engine
Pluto,16,300.7871878844232,-22.402513698603837,engine
Pluto,17,300.78719212014806,-22.40251448368079,engine
Pluto,18,300.787196357012,-22.40251526867984,engine
Pluto,19,300.7872005950194,-22.402516053603648,engine
Pluto,20,300.78720483417175,-22.402516838454346,engine
Pluto,21,300.7872090744707,-22.402517623234075,engine
Pluto,22,300.78721331591765,-22.402518407944996,engine
Pluto,23,300.7872175585141,-22.402519192589217,engine
Pluto,24,300.78722180226146,-22.402519977168925,engine
Pluto,25,300.7872260471611,-22.402520761686237,engine
Pluto,26,300.7872302932121,-22.402521546143106,engine
Pluto,27,300.7872345404207,-22.402522330542112,engine
Pluto,28,300.7872387887857,-22.40252311488519,engine
Pluto,29,300.78724303831126,-22.402523899175034,engine
Pluto,30,300.7872472889931,-22.402524683412743,engine
Rahu,-30,49.86217559961729,18.33520873251199,engine
Rahu,-20,49.86217651051142,18.335208959702722,engine
Rahu,-15,49.86217730778083,18.33520915936629,engine
Rahu,-10,49.86217833261738,18.33520941632948,engine
Rahu,-5,49.86217958478484,18.335209730532824,engine
Rahu,-2,49.86218044510555,18.33520994650526,engine
Rahu,-1,49.86218075003767,18.335210023068253,engine
Rahu,0,49.86218106404602,18.33521010191657,engine
Rahu,1,49.862181387128935,18.335210183049785,engine
Rahu,2,49.86218171928373,18.335210266467225,engine
Rahu,3,49.86218206050924,18.33521035216862,engine
Rahu,4,49.86218241080331,18.335210440153396,engine
Rahu,5,49.86218277016382,18.335210530421012,engine
Rahu,6,49.86218313858936,18.335210622971154,engine
Rahu,7,49.862183516077636,18.335210717803225,engine
Rahu,8,49.86218390262676,18.33521081491672,engine
Rahu,9,49.86218429823487,18.335210914311215,engine
Rahu,10,49.8621847029,18.33521101598619,engine
Rahu,11,49.86218511662041,18.335211119941214,engine
Rahu,12,49.862185539394105,18.335211226175787,engine
Rahu,13,49.86218597121929,18.335211334689443,engine
Rahu,14,49.862186412093784,18.335211445481644,engine
Rahu,15,49.86218686201628,18.335211558552068,engine
Rahu,16,49.86218732098407,18.335211673900023,engine
Rahu,17,49.86218778899584,18.335211791525175,engine
Rahu,18,49.86218826604928,18.335211911426953,engine
Rahu,19,49.862188752142465,18.33521203360486,engine
Rahu,20,49.86218924727366,18.33521215805846,engine
Rahu,21,49.86218975144102,18.335212284787303,engine
Rahu,22,49.8621902646425,18.335212413790863,engine
Rahu,23,49.86219078687614,18.335212545068654,engine
Rahu,24,49.86219131814001,18.335212678620177,engine
Rahu,25,49.8621918584323,18.335212814444986,engine
Rahu,26,49.86219240775118,18.335212952542616,engine
Rahu,27,49.86219296609449,18.335213092912525,engine
Rahu,28,49.862193533460534,18.335213235554278,engine
Rahu,29,49.86219410984802,18.335213380467568,engine
Rahu,30,49.862194695253464,18.335213527651504,engine
Regulus,-30,152.09431076582507,11.966202742881254,engine
Regulus,-20,152.09431263115698,11.966202905623483,engine
Regulus,-15,152.09431356674,11.966202994966222,engine
Regulus,-10,152.09431450349635,11.966203089632112,engine
Regulus,-5,152.09431544084723,11.966203189624535,engine
Regulus,-2,152.09431600330194,11.966203252177156,engine
Regulus,-1,152.09431619076642,11.966203273454195,engine
Regulus,0,152.09431637821294,11.966203294944291,engine
Regulus,1,152.0943165656369,11.966203316647418,engine
Regulus,2,152.0943167530336,11.966203338563549,engine
Regulus,3,152.0943169403985,11.96620336069266,engine
Regulus,4,152.0943171277269,11.966203383034712,engine
Regulus,5,152.0943173150142,11.966203405589674,engine
Regulus,6,152.09431750225588,11.96620342835751,engine
Regulus,7,152.09431768944702,11.966203451338144,engine
Regulus,8,152.09431787658318,11.966203474531543,engine
Regulus,9,152.09431806365987,11.966203497937661,engine
Regulus,10,152.09431825067202,11.966203521556404,engine
Regulus,11,152.09431843761536,11.966203545387762,engine
Regulus,12,152.0943186244852,11.966203569431645,engine
Regulus,13,152.0943188112769,11.966203593687975,engine
Regulus,14,152.09431899798585,11.966203618156673,engine
Regulus,15,152.0943191846074,11.966203642837682,engine
Regulus,16,152.09431937113695,11.966203667730902,engine
Regulus,17,152.09431955757,11.966203692836267,engine
Regulus,18,152.09431974390168,11.966203718153654,engine
Regulus,19,152.09431993012754,11.96620374368298,engine
Regulus,20,152.0943201162429,11.966203769424151,engine
Regulus,21,152.09432030224318,11.966203795377062,engine
Regulus,22,152.0943204881238,11.966203821541605,engine
Regulus,23,152.0943206738801,11.96620384791767,engine
Regulus,24,152.09432085950758,11.966203874505135,engine
Regulus,25,152.0943210450015,11.96620390130389,engine
Regulus,26,152.09432123035737,11.966203928313805,engine
Regulus,27,152.09432141557053,11.966203955534759,engine
Regulus,28,152.09432160063645,11.966203982966611,engine
Regulus,29,152.09432178555062,11.966204010609255,engine
Regulus,30,152.09432197030816,11.966204038462502,engine
Saturn,-30,325.8461705218349,-14.72424662498278,engine
Saturn,-20,325.84666047133345,-14.724098292101905,engine
Saturn,-15,325.8469055324616,-14.724024124349588,engine
Saturn,-10,325.84715065181257,-14.723949956255394,engine
Saturn,-5,325.8473958299188,-14.72387578819227,engine
Saturn,-2,325.84754296513063,-14.723831287544343,engine
Saturn,-1,325.84759201494893,-14.723816454044744,engine
Saturn,0,325.84764106714624,-14.723801620575284,engine
Saturn,1,325.8476901217257,-14.723786787139145,engine
Saturn,2,325.8477391786903,-14.723771953739549,engine
Saturn,3,325.84778823804294,-14.723757120379663,engine
Saturn,4,325.84783729978653,-14.723742287062674,engine
Saturn,5,325.84788636392386,-14.723727453791813,engine
Saturn,6,325.8479354304907,-14.723712620560306,engine
Saturn,7,325.84798449942383,-14.723697787391256,engine
Saturn,8,325.8480335707589,-14.723682954277916,engine
Saturn,9,325.8480826444984,-14.723668121223406,engine
Saturn,10,325.8481317206121,-14.72365328824109,engine
Saturn,11,325.8481807991683,-14.723638455314179,engine
Saturn,12,325.84822988013633,-14.72362362245584,engine
Saturn,13,325.8482789635188,-14.723608789669278,engine
Saturn,14,325.8483280493179,-14.72359395695774,engine
Saturn,15,325.84837713753586,-14.723579124324436,engine
Saturn,16,325.8484262281749,-14.723564291772597,engine
Saturn,17,325.8484753212701,-14.723549459295496,engine
Saturn,18,325.8485244167577,-14.723534626916265,engine
Saturn,19,325.8485735146726,-14.723519794628185,engine
Saturn,20,325.8486226150168,-14.723504962434506,engine
Saturn,21,325.8486717177921,-14.72349013033844,engine
Saturn,22,325.8487208230005,-14.72347529834325,engine
Saturn,23,325.84876993064375,-14.723460466452158,engine
Saturn,24,325.8488190407235,-14.72344563466842,engine
Saturn,25,325.84886815324154,-14.72343080299528,engine
Saturn,26,325.84891726819944,-14.723415971435973,engine
Saturn,27,325.8489663855987,-14.723401139993744,engine
Saturn,28,325.84901550544083,-14.723386308671866,engine
Saturn,29,325.84906462776036,-14.723371477463635,engine
Saturn,30,325.84911375249266,-14.723356646392176,engine
Sun,-30,26.2091135364389,10.836553596937858,engine
Sun,-20,26.215509868878513,10.83896874801337,engine
Sun,-15,26.218708597367158,10.84017609450562,engine
Sun,-10,26.22190771819945,10.841383290015717,engine
Sun,-5,26.225107245565823,10.842590336384594,engine
Sun,-2,26.22702716213637,10.84331449309486,engine
Sun,-1,26.227667168353555,10.843555866906254,engine
Sun,0,26.228307191756823,10.84379723486006,engine
Sun,1,26.22894723244938,10.844038596969492,engine
Sun,2,26.22958729053366,10.844279953247717,engine
Sun,3,26.23022736611221,10.844521303708106,engine
Sun,4,26.230867459287182,10.84476264836411,engine
Sun,5,26.23150757016048,10.84500398722928,engine
Sun,6,26.232147699262566,10.845245320478924,engine
Sun,7,26.232787845836214,10.845486647803117,engine
Sun,8,26.233428010411465,10.845727969377453,engine
Sun,9,26.23406819308546,10.84596928521535,engine
Sun,10,26.23470839353582,10.84621059516977,engine
Sun,11,26.23534861271755,10.84645189957793,engine
Sun,12,26.23598885030107,10.846693198292161,engine
Sun,13,26.236629106385166,10.8469344913265,engine
Sun,14,26.237269381068877,10.847175778695304,engine
Sun,15,26.237909674450812,10.847417060412903,engine
Sun,16,26.238549986628833,10.847658336493652,engine
Sun,17,26.239190318130213,10.847899607113844,engine
Sun,18,26.23983066819394,10.848140871964585,engine
Sun,19,26.240471037346076,10.84838213122217,engine
Sun,20,26.241111425683563,10.84862338490141,engine
Sun,21,26.24175183330302,10.848864633017177,engine
Sun,22,26.242392260300182,10.849105875584252,engine
Sun,23,26.243032706770855,10.849347112617666,engine
Sun,24,26.24367317281066,10.849588344132533,engine
Sun,25,26.244313658514166,10.849829570143863,engine
Sun,26,26.24495416397626,10.850070790666933,engine
Sun,27,26.245594689291327,10.850312005717079,engine
Sun,28,26.24623523455299,10.850553215309567,engine
Sun,29,26.246875800284506,10.850794419621632,engine
Sun,30,26.247516385720147,10.851035618345358,engine
Uranus,-30,41.18826272383579,15.552034601757859,engine
Uranus,-20,41.18864458971842,15.552153039326008,engine
Uranus,-15,41.18883550304617,15.55221224243439,engine
Uranus,-10,41.189026404489425,15.552271434968638,engine
Uranus,-5,41.189217295039136,15.552330616870233,engine
Uranus,-2,41.18933182449939,15.55236612086798,engine
Uranus,-1,41.189370000222226,15.552377954674174,engine
Uranus,0,41.18940817557569,15.552389788049624,engine
Uranus,1,41.18944635056732,15.552401620993823,engine
Uranus,2,41.189484525204705,15.552413453506238,engine
Uranus,3,41.18952269949539,15.552425285586402,engine
Uranus,4,41.18956087344699,15.5524371172338,engine
Uranus,5,41.18959904706222,15.552448948446417,engine
Uranus,6,41.18963722038399,15.552460779234787,engine
Uranus,7,41.18967539336387,15.55247260958104,engine
Uranus,8,41.18971356603506,15.55248443949265,engine
Uranus,9,41.189751738404915,15.552496268969197,engine
Uranus,10,41.18978991045603,15.552508098002265,engine
Uranus,11,41.189828082246954,15.55251992660731,engine
Uranus,12,41.1898662537597,15.552531754775973,engine
Uranus,13,41.189904425001984,15.552543582507841,engine
Uranus,14,41.18994259597657,15.55255540980099,engine
Uranus,15,41.18998076670084,15.55256723665807,engine
Uranus,16,41.19001893717763,15.552579063077173,engine
Uranus,17,41.19005710744021,15.55259088906584,engine
Uranus,18,41.19009527744506,15.552602714607854,engine
Uranus,19,41.1901334472255,15.552614539710778,engine
Uranus,20,41.190171616789186,15.552626364374262,engine
Uranus,21,41.19020978613898,15.552638188596433,engine
Uranus,22,41.190247955292335,15.552650012380008,engine
Uranus,23,41.1902861242521,15.552661835723136,engine
Uranus,24,41.19032429302597,15.55267365862551,engine
Uranus,25,41.19036246162171,15.552685481086813,engine
Uranus,26,41.19040063004702,15.552697303106749,engine
Uranus,27,41.19043879830966,15.55270912468501,engine
Uranus,28,41.190476966412504,15.552720945819813,engine
Uranus,29,41.19051513439863,15.552732766521848,engine
Uranus,30,41.19055330221971,15.552744586773477,engine
Venus,-30,345.32498696211087,-6.893788200179805,engine
Venus,-20,345.3323161749484,-6.891255411135032,engine
Venus,-15,345.33598190199183,-6.889988890828307,engine
Venus,-10,345.3396483827385,-6.8887222894609454,engine
Venus,-5,345.343315623144,-6.88745560864251,engine
Venus,-2,345.34551633345615,-6.88669556300694,engine
Venus,-1,345.34624996472627,-6.886442208370398,engine
Venus,0,345.3469836268366,-6.886188850672505,engine
Venus,1,345.34771731966924,-6.885935489960504,engine
Venus,2,345.34845104310574,-6.885682126281652,engine
Venus,3,345.34918479747915,-6.885428759588848,engine
Venus,4,345.34991858251914,-6.885175389960817,engine
Venus,5,345.3506523985576,-6.884922017350507,engine
Venus,6,345.35138624596595,-6.884668641635313,engine
Venus,7,345.35212012363854,-6.884415263202357,engine
Venus,8,345.35285403239754,-6.8841618818347055,engine
Venus,9,345.3535879719688,-6.883908497610597,engine
Venus,10,345.35432194219106,-6.883655110654049,engine
Venus,11,345.355055943924,-6.883401720672047,engine
Venus,12,345.355789976551,-6.883148327881866,engine
Venus,13,345.35652404039945,-6.882894932236528,engine
Venus,14,345.357258135193,-6.8826415338149145,engine
Venus,15,345.35799226125766,-6.882388132570037,engine
Venus,16,345.358726418467,-6.882134728549316,engine
Venus,17,345.35946060718567,-6.88188132163028,engine
Venus,18,345.3601948267536,-6.8816279121057935,engine
Venus,19,345.3609290773839,-6.881374499884896,engine
Venus,20,345.3616633593996,-6.8811210849206015,engine
Venus,21,345.3623976725202,-6.880867667291911,engine
Venus,22,345.3631320170679,-6.880614246951831,engine
Venus,23,345.36386639291175,-6.880360823947892,engine
Venus,24,345.36460079992014,-6.880107398327606,engine
Venus,25,345.3653352384135,-6.879853970044029,engine
Venus,26,345.36606970810817,-6.8796005391761765,engine
Venus,27,345.3668042093234,-6.879347105677119,engine
Venus,28,345.36753874177435,-6.879093669625902,engine
Venus,29,345.3682733062716,-6.878840230805625,engine
Venus,30,345.36900790169494,-6.8785867896037605,engine
Vesta,-30,319.8389822529658,-16.568068256424716,engine
Vesta,-20,319.8418866287177,-16.56747374901344,engine
Vesta,-15,319.84333925226235,-16.567176509259582,engine
Vesta,-10,319.844792165313,-16.566879281427745,engine
Vesta,-5,319.8462453674614,-16.56658206737569,engine
Vesta,-2,319.84711742715734,-16.566403746365076,engine
Vesta,-1,319.84740813670265,-16.566344307363362,engine
Vesta,0,319.84769885774585,-16.566284869051035,engine
Vesta,1,319.8479895902785,-16.56622543144331,engine
Vesta,2,319.84828033441863,-16.566165994533826,engine
Vesta,3,319.84857108990445,-16.566106558380934,engine
Vesta,4,319.8488618568533,-16.566047122978272,engine
Vesta,5,319.84915263525596,-16.565987688340993,engine
Vesta,6,319.84944342529786,-16.565928254444444,engine
Vesta,7,319.84973422670583,-16.565868821361867,engine
Vesta,8,319.8500250394116,-16.565809389111752,engine
Vesta,9,319.850315863532,-16.565749957687103,engine
Vesta,10,319.85060669886064,-16.565690527143964,engine
Vesta,11,319.8508975457772,-16.5656310974172,engine
Vesta,12,319.8511884040756,-16.56557166856175,engine
Vesta,13,319.8514792738712,-16.565512240571106,engine
Vesta,14,319.8517701548994,-16.565452813503512,engine
Vesta,15,319.852061047275,-16.565393387352444,engine
Vesta,16,319.8523519509861,-16.56533396213294,engine
Vesta,17,319.85264286621543,-16.565274537820155,engine
Vesta,18,319.85293379268705,-16.565215114487195,engine
Vesta,19,319.8532247303302,-16.56515569215242,engine
Vesta,20,319.8535156792585,-16.565096270809192,engine
Vesta,21,319.8538066394588,-16.565036850472467,engine
Vesta,22,319.85409761104415,-16.564977431135606,engine
Vesta,23,319.85438859374784,-16.564918012856715,engine
Vesta,24,319.8546795876824,-16.56485859562912,engine
Vesta,25,319.854970592834,-16.564799179467702,engine
Vesta,26,319.8552616091879,-16.564739764387348,engine
Vesta,27,319.8555526368562,-16.56468035038132,engine
Vesta,28,319.8558436755709,-16.56462093750764,engine
Vesta,29,319.8561347256387,-16.56456152571971,engine
Vesta,30,319.85642578665386,-16.564502115112006,engine
Gonggong,-30,337.30033603216475,-11.046653398658963,tno-rate
Gonggong,-20,337.30038180735806,-11.046632542536491,tno-rate
Gonggong,-15,337.3004046949547,-11.046622114475255,tno-rate
Gonggong,-10,337.3004275825514,-11.046611686414021,tno-rate
Gonggong,-5,337.300450470148,-11.046601258352785,tno-rate
Gonggong,-2,337.30046420270605,-11.046595001516044,tno-rate
Gonggong,-1,337.30046878022534,-11.046592915903796,tno-rate
Gonggong,0,337.3004733577447,-11.04659083029155,tno-rate
Gonggong,1,337.30047793526404,-11.046588744679303,tno-rate
Gonggong,2,337.30048251278333,-11.046586659067055,tno-rate
Gonggong,3,337.3004870903027,-11.046584573454808,tno-rate
Gonggong,4,337.30049166782203,-11.046582487842562,tno-rate
Gonggong,5,337.3004962453414,-11.046580402230314,tno-rate
Gonggong,6,337.30050082286067,-11.046578316618067,tno-rate
Gonggong,7,337.30050540038,-11.046576231005819,tno-rate
Gonggong,8,337.30050997789937,-11.046574145393572,tno-rate
Gonggong,9,337.30051455541866,-11.046572059781326,tno-rate
Gonggong,10,337.300519132938,-11.046569974169078,tno-rate
Gonggong,11,337.30052371045736,-11.046567888556831,tno-rate
Gonggong,12,337.30052828797665,-11.046565802944585,tno-rate
Gonggong,13,337.300532865496,-11.046563717332337,tno-rate
Gonggong,14,337.30053744301534,-11.04656163172009,tno-rate
Gonggong,15,337.3005420205347,-11.046559546107844,tno-rate
Gonggong,16,337.300546598054,-11.046557460495595,tno-rate
Gonggong,17,337.30055117557333,-11.046555374883349,tno-rate
Gonggong,18,337.3005557530927,-11.0465532892711,tno-rate
Gonggong,19,337.300560330612,-11.046551203658854,tno-rate
Gonggong,20,337.3005649081313,-11.046549118046608,tno-rate
Gonggong,21,337.30056948565067,-11.04654703243436,tno-rate
Gonggong,22,337.30057406316996,-11.046544946822113,tno-rate
Gonggong,23,337.3005786406893,-11.046542861209867,tno-rate
Gonggong,24,337.30058321820866,-11.046540775597618,tno-rate
Gonggong,25,337.300587795728,-11.046538689985372,tno-rate
Gonggong,26,337.3005923732473,-11.046536604373125,tno-rate
Gonggong,27,337.30059695076665,-11.046534518760877,tno-rate
Gonggong,28,337.300601528286,-11.04653243314863,tno-rate
Gonggong,29,337.3006061058053,-11.046530347536383,tno-rate
Gonggong,30,337.30061068332463,-11.046528261924136,tno-rate
Haumea,-30,216.85728053713402,15.878595536312599,tno-rate
Haumea,-20,216.85716723399761,15.878641103607876,tno-rate
Haumea,-15,216.8571105824294,15.878663887255513,tno-rate
Haumea,-10,216.8570539308612,15.878686670903152,tno-rate
Haumea,-5,216.856997279293,15.87870945455079,tno-rate
Haumea,-2,216.8569632883521,15.878723124739373,tno-rate
Haumea,-1,216.85695195803845,15.878727681468902,tno-rate
Haumea,0,216.8569406277248,15.87873223819843,tno-rate
Haumea,1,216.85692929741117,15.878736794927956,tno-rate
Haumea,2,216.85691796709753,15.878741351657485,tno-rate
Haumea,3,216.8569066367839,15.878745908387012,tno-rate
Haumea,4,216.85689530647025,15.87875046511654,tno-rate
Haumea,5,216.8568839761566,15.878755021846068,tno-rate
Haumea,6,216.85687264584297,15.878759578575595,tno-rate
Haumea,7,216.85686131552933,15.878764135305124,tno-rate
Haumea,8,216.8568499852157,15.878768692034651,tno-rate
Haumea,9,216.85683865490205,15.878773248764178,tno-rate
Haumea,10,216.8568273245884,15.878777805493707,tno-rate
Haumea,11,216.85681599427477,15.878782362223234,tno-rate
Haumea,12,216.85680466396113,15.87878691895276,tno-rate
Haumea,13,216.8567933336475,15.87879147568229,tno-rate
Haumea,14,216.85678200333385,15.878796032411817,tno-rate
Haumea,15,216.8567706730202,15.878800589141346,tno-rate
Haumea,16,216.85675934270657,15.878805145870873,tno-rate
Haumea,17,216.85674801239293,15.8788097026004,tno-rate
Haumea,18,216.8567366820793,15.878814259329928,tno-rate
Haumea,19,216.85672535176565,15.878818816059455,tno-rate
Haumea,20,216.856714021452,15.878823372788982,tno-rate
Haumea,21,216.85670269113837,15.878827929518511,tno-rate
Haumea,22,216.85669136082473,15.878832486248038,tno-rate
Haumea,23,216.8566800305111,15.878837042977565,tno-rate
Haumea,24,216.85666870019745,15.878841599707094,tno-rate
Haumea,25,216.8566573698838,15.878846156436621,tno-rate
Haumea,26,216.85664603957017,15.87885071316615,tno-rate
Haumea,27,216.85663470925653,15.878855269895677,tno-rate
Haumea,28,216.85662337894288,15.878859826625204,tno-rate
Haumea,29,216.85661204862924,15.878864383354733,tno-rate
Haumea,30,216.8566007183156,15.87886894008426,tno-rate
Makemake,-30,198.2934432486587,23.01443653586593,tno-rate
Makemake,-20,198.2933301948299,23.01446080396173,tno-rate
Makemake,-15,198.2932736679155,23.014472938009632,tno-rate
Makemake,-10,198.2932171410011,23.014485072057532,tno-rate
Makemake,-5,198.2931606140867,23.014497206105432,tno-rate
Makemake,-2,198.29312669793808,23.01450448653417,tno-rate
Makemake,-1,198.2931153925552,23.01450691334375,tno-rate
Makemake,0,198.2931040871723,23.01450934015333,tno-rate
Makemake,1,198.29309278178943,23.01451176696291,tno-rate
Makemake,2,198.29308147640654,23.01451419377249,tno-rate
Makemake,3,198.29307017102366,23.01451662058207,tno-rate
Makemake,4,198.2930588656408,23.01451904739165,tno-rate
Makemake,5,198.29304756025792,23.01452147420123,tno-rate
Makemake,6,198.29303625487503,23.01452390101081,tno-rate
Makemake,7,198.29302494949215,23.01452632782039,tno-rate
Makemake,8,198.29301364410927,23.01452875462997,tno-rate
Makemake,9,198.29300233872638,23.01453118143955,tno-rate
Makemake,10,198.29299103334353,23.01453360824913,tno-rate
Makemake,11,198.29297972796064,23.01453603505871,tno-rate
Makemake,12,198.29296842257776,23.01453846186829,tno-rate
Makemake,13,198.29295711719487,23.01454088867787,tno-rate
Makemake,14,198.292945811812,23.01454331548745,tno-rate
Makemake,15,198.2929345064291,23.01454574229703,tno-rate
Makemake,16,198.29292320104625,23.014548169106614,tno-rate
Makemake,17,198.29291189566337,23.014550595916194,tno-rate
Makemake,18,198.29290059028048,23.014553022725774,tno-rate
Makemake,19,198.2928892848976,23.014555449535354,tno-rate
Makemake,20,198.2928779795147,23.014557876344934,tno-rate
Makemake,21,198.29286667413183,23.014560303154514,tno-rate
Makemake,22,198.29285536874895,23.014562729964094,tno-rate
Makemake,23,198.2928440633661,23.014565156773674,tno-rate
Makemake,24,198.2928327579832,23.014567583583254,tno-rate
Makemake,25,198.29282145260032,23.014570010392834,tno-rate
Makemake,26,198.29281014721744,23.014572437202414,tno-rate
Makemake,27,198.29279884183455,23.014574864011994,tno-rate
Makemake,28,198.29278753645167,23.014577290821574,tno-rate
Makemake,29,198.2927762310688,23.014579717631154,tno-rate
Makemake,30,198.29276492568593,23.014582144440734,tno-rate
Orcus,-30,155.81684062148662,-11.64720526866119,tno-rate
Orcus,-20,155.81677826822371,-11.647142246855188,tno-rate
Orcus,-15,155.81674709159225,-11.647110735952186,tno-rate
Orcus,-10,155.8167159149608,-11.647079225049183,tno-rate
Orcus,-5,155.81668473832934,-11.647047714146181,tno-rate
Orcus,-2,155.8166660323505,-11.64702880760438,tno-rate
Orcus,-1,155.8166597970242,-11.647022505423779,tno-rate
Orcus,0,155.8166535616979,-11.64701620324318,tno-rate
Orcus,1,155.81664732637162,-11.64700990106258,tno-rate
Orcus,2,155.8166410910453,-11.647003598881978,tno-rate
Orcus,3,155.81663485571903,-11.646997296701379,tno-rate
Orcus,4,155.81662862039275,-11.646990994520777,tno-rate
Orcus,5,155.81662238506647,-11.646984692340178,tno-rate
Orcus,6,155.81661614974016,-11.646978390159576,tno-rate
Orcus,7,155.81660991441387,-11.646972087978977,tno-rate
Orcus,8,155.8166036790876,-11.646965785798377,tno-rate
Orcus,9,155.81659744376128,-11.646959483617776,tno-rate
Orcus,10,155.816591208435,-11.646953181437176,tno-rate
Orcus,11,155.81658497310872,-11.646946879256575,tno-rate
Orcus,12,155.81657873778244,-11.646940577075975,tno-rate
Orcus,13,155.81657250245613,-11.646934274895374,tno-rate
Orcus,14,155.81656626712984,-11.646927972714774,tno-rate
Orcus,15,155.81656003180356,-11.646921670534173,tno-rate
Orcus,16,155.81655379647725,-11.646915368353573,tno-rate
Orcus,17,155.81654756115097,-11.646909066172974,tno-rate
Orcus,18,155.8165413258247,-11.646902763992372,tno-rate
Orcus,19,155.8165350904984,-11.646896461811773,tno-rate
Orcus,20,155.8165288551721,-11.646890159631171,tno-rate
Orcus,21,155.8165226198458,-11.646883857450572,tno-rate
Orcus,22,155.81651638451953,-11.64687755526997,tno-rate
Orcus,23,155.81651014919322,-11.64687125308937,tno-rate
Orcus,24,155.81650391386694,-11.646864950908771,tno-rate
Orcus,25,155.81649767854066,-11.64685864872817,tno-rate
Orcus,26,155.81649144321437,-11.64685234654757,tno-rate
Orcus,27,155.81648520788806,-11.646846044366969,tno-rate
Orcus,28,155.81647897256178,-11.64683974218637,tno-rate
Orcus,29,155.8164727372355,-11.646833440005768,tno-rate
Orcus,30,155.8164665019092,-11.646827137825168,tno-rate
Quaoar,-30,277.24288694749686,-15.214741912928874,tno-rate
Quaoar,-20,277.24285392002196,-15.214720975437475,tno-rate
Quaoar,-15,277.24283740628454,-15.214710506691777,tno-rate
Quaoar,-10,277.2428208925471,-15.214700037946077,tno-rate
Quaoar,-5,277.24280437880964,-15.21468956920038,tno-rate
Quaoar,-2,277.2427944705672,-15.214683287952958,tno-rate
Quaoar,-1,277.2427911678197,-15.21468119420382,tno-rate
Quaoar,0,277.2427878650722,-15.21467910045468,tno-rate
Quaoar,1,277.24278456232474,-15.21467700670554,tno-rate
Quaoar,2,277.2427812595772,-15.2146749129564,tno-rate
Quaoar,3,277.24277795682974,-15.21467281920726,tno-rate
Quaoar,4,277.24277465408227,-15.21467072545812,tno-rate
Quaoar,5,277.2427713513348,-15.21466863170898,tno-rate
Quaoar,6,277.24276804858727,-15.214666537959841,tno-rate
Quaoar,7,277.2427647458398,-15.214664444210701,tno-rate
Quaoar,8,277.2427614430923,-15.21466235046156,tno-rate
Quaoar,9,277.24275814034485,-15.21466025671242,tno-rate
Quaoar,10,277.2427548375973,-15.214658162963282,tno-rate
Quaoar,11,277.24275153484984,-15.214656069214142,tno-rate
Quaoar,12,277.2427482321024,-15.214653975465001,tno-rate
Quaoar,13,277.24274492935484,-15.214651881715863,tno-rate
Quaoar,14,277.24274162660737,-15.214649787966723,tno-rate
Quaoar,15,277.2427383238599,-15.214647694217582,tno-rate
Quaoar,16,277.2427350211124,-15.214645600468442,tno-rate
Quaoar,17,277.2427317183649,-15.214643506719304,tno-rate
Quaoar,18,277.2427284156174,-15.214641412970163,tno-rate
Quaoar,19,277.24272511286995,-15.214639319221023,tno-rate
Quaoar,20,277.2427218101225,-15.214637225471884,tno-rate
Quaoar,21,277.24271850737495,-15.214635131722744,tno-rate
Quaoar,22,277.2427152046275,-15.214633037973604,tno-rate
Quaoar,23,277.24271190188,-15.214630944224464,tno-rate
Quaoar,24,277.24270859913247,-15.214628850475325,tno-rate
Quaoar,25,277.242705296385,-15.214626756726185,tno-rate
Quaoar,26,277.2427019936375,-15.214624662977045,tno-rate
Quaoar,27,277.24269869089005,-15.214622569227904,tno-rate
Quaoar,28,277.2426953881425,-15.214620475478766,tno-rate
Quaoar,29,277.24269208539505,-15.214618381729625,tno-rate
Quaoar,30,277.2426887826476,-15.214616287980485,tno-rate
Sedna,-30,58.69179271217935,8.285874060298466,tno-rate
Sedna,-20,58.69186912736,8.285900069563754,tno-rate
Sedna,-15,58.69190733495033,8.285913074196399,tno-rate
Sedna,-10,58.69194554254065,8.285926078829043,tno-rate
Sedna,-5,58.69198375013098,8.285939083461686,tno-rate
Sedna,-2,58.692006674685175,8.285946886241273,tno-rate
Sedna,-1,58.692014316203235,8.285949487167802,tno-rate
Sedna,0,58.6920219577213,8.28595208809433,tno-rate
Sedna,1,58.69202959923937,8.285954689020858,tno-rate
Sedna,2,58.69203724075743,8.285957289947387,tno-rate
Sedna,3,58.692044882275496,8.285959890873917,tno-rate
Sedna,4,58.69205252379356,8.285962491800445,tno-rate
Sedna,5,58.692060165311624,8.285965092726974,tno-rate
Sedna,6,58.69206780682969,8.285967693653502,tno-rate
Sedna,7,58.69207544834776,8.285970294580032,tno-rate
Sedna,8,58.692083089865825,8.28597289550656,tno-rate
Sedna,9,58.692090731383885,8.285975496433089,tno-rate
Sedna,10,58.69209837290195,8.285978097359617,tno-rate
Sedna,11,58.69210601442002,8.285980698286147,tno-rate
Sedna,12,58.69211365593808,8.285983299212676,tno-rate
Sedna,13,58.69212129745615,8.285985900139204,tno-rate
Sedna,14,58.692128938974214,8.285988501065733,tno-rate
Sedna,15,58.692136580492274,8.285991101992261,tno-rate
Sedna,16,58.69214422201034,8.285993702918791,tno-rate
Sedna,17,58.69215186352841,8.28599630384532,tno-rate
Sedna,18,58.692159505046476,8.285998904771848,tno-rate
Sedna,19,58.692167146564536,8.286001505698376,tno-rate
Sedna,20,58.6921747880826,8.286004106624906,tno-rate
Sedna,21,58.69218242960067,8.286006707551435,tno-rate
Sedna,22,58.69219007111873,8.286009308477963,tno-rate
Sedna,23,58.6921977126368,8.286011909404492,tno-rate
Sedna,24,58.692205354154865,8.286014510331022,tno-rate
Sedna,25,58.692212995672925,8.28601711125755,tno-rate
Sedna,26,58.69222063719099,8.286019712184078,tno-rate
Sedna,27,58.69222827870906,8.286022313110607,tno-rate
Sedna,28,58.69223592022712,8.286024914037135,tno-rate
Sedna,29,58.69224356174519,8.286027514963665,tno-rate
Sedna,30,58.692251203263254,8.286030115890194,tno-rate
Transpluto,-30,154.31554075460667,10.640274605222007,engine
Transpluto,-20,154.31550777036645,10.640287112876619,engine
Transpluto,-15,154.31549128040757,10.640293365879625,engine
Transpluto,-10,154.31547479189257,10.640299618331765,engine
Transpluto,-5,154.31545830481713,10.64030587023462,engine
Transpluto,-2,154.31544841326524,10.640309621111754,engine
Transpluto,-1,154.31544511619668,10.640310871360084,engine
Transpluto,0,154.31544181918576,10.640312121586431,engine
Transpluto,1,154.31543852223257,10.640313371790745,engine
Transpluto,2,154.31543522533693,10.640314621973085,engine
Transpluto,3,154.3154319284991,10.640315872133343,engine
Transpluto,4,154.3154286317189,10.640317122271606,engine
Transpluto,5,154.31542533499635,10.640318372387869,engine
Transpluto,6,154.31542203832927,10.640319622482936,engine
Transpluto,7,154.31541874172214,10.640320872555161,engine
Transpluto,8,154.31541544517262,10.640322122605323,engine
Transpluto,9,154.31541214868085,10.64032337263352,engine
Transpluto,10,154.31540885224936,10.640324622638646,engine
Transpluto,11,154.3154055558729,10.640325872622771,engine
Transpluto,12,154.31540225955425,10.640327122584857,engine
Transpluto,13,154.31539896329315,10.6403283725249,engine
Transpluto,14,154.31539566708975,10.640329622442952,engine
Transpluto,15,154.31539237094407,10.640330872339007,engine
Transpluto,16,154.31538907485609,10.640332122212946,engine
Transpluto,17,154.31538577882358,10.640333372065738,engine
Transpluto,18,154.31538248285094,10.640334621895677,engine
Transpluto,19,154.315379186936,10.640335871703574,engine
Transpluto,20,154.31537589107882,10.640337121489404,engine
Transpluto,21,154.31537259527926,10.640338371253224,engine
Transpluto,22,154.3153692995374,10.640339620995006,engine
Transpluto,23,154.31536600385328,10.640340870714747,engine
Transpluto,24,154.31536270822681,10.640342120412477,engine
Transpluto,25,154.315359412658,10.64034337008814,engine
Transpluto,26,154.31535611714696,10.640344619741793,engine
Transpluto,27,154.31535282169358,10.64034586937336,engine
Transpluto,28,154.31534952629792,10.640347118982916,engine
Transpluto,29,154.31534623095774,10.64034836857125,engine
Transpluto,30,154.31534293567748,10.640349618136725,engine
Part_of_Fortune,-30,1.676708442087488,-20.479816543636744,engine
Part_of_Fortune,-20,3.425752286253328,-21.15955198127931,engine
Part_of_Fortune,-15,4.298611426051252,-21.502317681738646,engine
Part_of_Fortune,-10,5.170419670307922,-21.846928613015322,engine
Part_of_Fortune,-5,6.041219633357798,-22.193318876372146,engine
Part_of_Fortune,-2,6.563232629089157,-22.401979264477017,engine
Part_of_Fortune,-1,6.737161050977079,-22.471667192991028,engine
Part_of_Fortune,0,6.9110522644097045,-22.541421503029717,engine
Part_of_Fortune,1,7.084906237386065,-22.611241563586596,engine
Part_of_Fortune,2,7.258723467334903,-22.681126873662837,engine
Part_of_Fortune,3,7.432504451449006,-22.7510769313457,engine
Part_of_Fortune,4,7.6062491538865515,-22.821091101941054,engine
Part_of_Fortune,5,7.779958069551242,-22.891168881130646,engine
Part_of_Fortune,6,7.953631807357624,-22.961309809893077,engine
Part_of_Fortune,7,8.127270096142752,-23.031513156329492,engine
Part_of_Fortune,8,8.300873543620867,-23.10177845937724,engine
Part_of_Fortune,9,8.474442640726409,-23.172105209492052,engine
Part_of_Fortune,10,8.647977334712209,-23.242492762627855,engine
Part_of_Fortune,11,8.82147830727348,-23.312940655648795,engine
Part_of_Fortune,12,8.994945507207262,-23.383448242549473,engine
Part_of_Fortune,13,9.16837941977542,-23.45401500908312,engine
Part_of_Fortune,14,9.34178052922232,-23.524640439785678,engine
Part_of_Fortune,15,9.515148789369277,-23.595323887906975,engine
Part_of_Fortune,16,9.688484858937784,-23.666064879075286,engine
Part_of_Fortune,17,9.861788805736694,-23.73686281171241,engine
Part_of_Fortune,18,10.035061055009862,-23.807717114569098,engine
Part_of_Fortune,19,10.208301671802587,-23.87862718349684,engine
Part_of_Fortune,20,10.381511135486562,-23.949592496636477,engine
Part_of_Fortune,21,10.55468992328565,-24.02061253048151,engine
Part_of_Fortune,22,10.727837982508447,-24.091686630745052,engine
Part_of_Fortune,23,10.900955965346384,-24.162814315130884,engine
Part_of_Fortune,24,11.074043817373763,-24.233994927274328,engine
Part_of_Fortune,25,11.247102189028169,-24.305227982696927,engine
Part_of_Fortune,26,11.420131024234593,-24.376512822985518,engine
Part_of_Fortune,27,11.5931309720022,-24.44784896163243,engine
Part_of_Fortune,28,11.766101973734408,-24.519235737844166,engine
Part_of_Fortune,29,11.939044793375956,-24.59067271116023,engine
Part_of_Fortune,30,12.11195913913906,-24.662159123145813,engine
Part_of_Spirit,-30,314.13941338038387,38.99971554177489,engine
Part_of_Spirit,-20,315.64810263619347,38.39534667623836,engine
Part_of_Spirit,-15,316.4008549062259,38.09048223974973,engine
Part_of_Spirit,-10,317.1526183203096,37.78391774803194,engine
Part_of_Spirit,-5,317.9034463714099,37.47571900766718,engine
Part_of_Spirit,-2,318.3535161520665,37.29004300273488,engine
Part_of_Spirit,-1,318.5034708000934,37.228028073247614,engine
Part_of_Spirit,0,318.6533916250206,37.16595262878905,engine
Part_of_Spirit,1,318.80327939176124,37.103817122523004,engine
Part_of_Spirit,2,318.95313433335,37.04162213996044,engine
Part_of_Spirit,3,319.1029566824417,36.97936826728859,engine
Part_of_Spirit,4,319.25274719993035,36.917055961210266,engine
Part_of_Spirit,5,319.4025061160077,36.85468581012375,engine
Part_of_Spirit,6,319.5522337589625,36.79225836206037,engine
Part_of_Spirit,7,319.7019306860843,36.72977416044681,engine
Part_of_Spirit,8,319.85159722413005,36.66723375515622,engine
Part_of_Spirit,9,320.0012335957007,36.604637739428995,engine
Part_of_Spirit,10,320.1508405672619,36.54198657325363,engine
Part_of_Spirit,11,320.3004181662456,36.479280900741024,engine
Part_of_Spirit,12,320.44996715322077,36.41652118435287,engine
Part_of_Spirit,13,320.5994877483562,36.35370802124663,engine
Part_of_Spirit,14,320.7489801707324,36.290842009544,engine
Part_of_Spirit,15,320.8984451695727,36.227923617502256,engine
Part_of_Spirit,16,321.047882784749,36.16495348889976,engine
Part_of_Spirit,17,321.19729386320677,36.10193205192691,engine
Part_of_Spirit,18,321.3466782432605,36.03886003646762,engine
Part_of_Spirit,19,321.49603676889126,35.975737873182624,engine
Part_of_Spirit,20,321.64536965378045,35.912566165814376,engine
Part_of_Spirit,21,321.79467710944374,35.849345519525265,engine
Part_of_Spirit,22,321.94395987781667,35.78607640975452,engine
Part_of_Spirit,23,322.0932179916912,35.72275948696748,engine
Part_of_Spirit,24,322.24245219103284,35.659395228582646,engine
Part_of_Spirit,25,322.3916625067361,35.595984286907004,engine
Part_of_Spirit,26,322.5408496768165,35.532527141298246,engine
Part_of_Spirit,27,322.69001373064737,35.469024445737034,engine
Part_of_Spirit,28,322.8391554034731,35.40547668186866,engine
Part_of_Spirit,29,322.98827482343495,35.341884462521946,engine
Part_of_Spirit,30,323.1373725242361,35.27824835638977,engine
Ascendant,-30,157.90806091123568,9.259949499069071,engine
Ascendant,-20,159.5369274612234,8.617897347479524,engine
Ascendant,-15,160.34973316613858,8.294082279005544,engine
Ascendant,-10,161.16151899530877,7.96849456750831,engine
Ascendant,-5,161.97233300238386,7.641200065647518,engine
Ascendant,-2,162.45837439057783,7.444031869128932,engine
Ascendant,-1,162.62031592553524,7.378180440128293,engine
Ascendant,0,162.78222194471516,7.312265562879665,engine
Ascendant,1,162.94409281457365,7.246287779468205,engine
Ascendant,2,163.10592890034246,7.180247633148799,engine
Ascendant,3,163.26773056694535,7.114145667971444,engine
Ascendant,4,163.42949817690845,7.047982429634607,engine
Ascendant,5,163.59123209277948,6.981758464496551,engine
Ascendant,6,163.75293278316005,6.915474276083649,engine
Ascendant,7,163.91460039111354,6.8491305020586575,engine
Ascendant,8,164.07623538387546,6.782727647889488,engine
Ascendant,9,164.23783811821355,6.716266264968471,engine
Ascendant,10,164.39940895098707,6.64974690531289,engine
Ascendant,11,164.56094823675954,6.583170122546115,engine
Ascendant,12,164.722456330214,6.516536470901696,engine
Ascendant,13,164.8839335840658,6.449846506081759,engine
Ascendant,14,165.04538034997736,6.383100784879161,engine
Ascendant,15,165.206796979471,6.316299864797639,engine
Ascendant,16,165.3681838218434,6.24944430491224,engine
Ascendant,17,165.52954133447173,6.18253462010725,engine
Ascendant,18,165.69086964913518,6.115571460949261,engine
Ascendant,19,165.85216922034692,6.048555344842891,engine
Ascendant,20,166.01344039463353,5.9814868345889485,engine
Ascendant,21,166.1746835163647,5.914366494521876,engine
Ascendant,22,166.33589893016256,5.847194889504736,engine
Ascendant,23,166.49708697851875,5.779972585918299,engine
Ascendant,24,166.65824800420327,5.71270015065416,engine
Ascendant,25,166.81938234788217,5.645378152105039,engine
Ascendant,26,166.9804903505255,5.578007159156362,engine
Ascendant,27,167.14157235132478,5.510587742052303,engine
Ascendant,28,167.30262868860373,5.443120472012249,engine
Ascendant,29,167.46365980840545,5.375605875680856,engine
Ascendant,30,167.6246658316876,5.308044616621976,engine
Midheaven,-30,55.7370215114088,19.710700757093417,engine
Midheaven,-20,58.24173806466346,20.23317918338019,engine
Midheaven,-15,59.4941288545574,20.479900501040913,engine
Midheaven,-10,60.746543739612285,20.716891366452682,engine
Midheaven,-5,61.99898498269055,20.944117779195167,engine
Midheaven,-2,62.75046298218828,21.075753806319277,engine
Midheaven,-1,63.000957962622714,21.118847810569267,engine
Midheaven,0,63.25145412488446,21.161549119441016,engine
Midheaven,1,63.50195148291742,21.203857524325283,engine
Midheaven,2,63.7524500505741,21.245772821385103,engine
Midheaven,3,64.00294984301108,21.287294811705788,engine
Midheaven,4,64.25345087343005,21.328423300671876,engine
Midheaven,5,64.50395315679974,21.369158098505135,engine
Midheaven,6,64.75445687411482,21.409499046494513,engine
Midheaven,7,65.00496170372186,21.44944590950682,engine
Midheaven,8,65.25546782781646,21.48899853799002,engine
Midheaven,9,65.50597525911776,21.52815675920839,engine
Midheaven,10,65.75648401210638,21.566920404862785,engine
Midheaven,11,66.0069940993009,21.60528931043363,engine
Midheaven,12,66.25750553497957,21.64326331568242,engine
Midheaven,13,66.50801833192172,21.68084226407717,engine
Midheaven,14,66.75853250280294,21.71802600293628,engine
Midheaven,15,67.00904806159005,21.754814383560205,engine
Midheaven,16,67.25956502028248,21.791207260677627,engine
Midheaven,17,67.51008356016204,21.827204516861297,engine
Midheaven,18,67.76060335842512,21.862805965958362,engine
Midheaven,19,68.01112459473983,21.898011497659915,engine
Midheaven,20,68.26164728253411,21.932820981071572,engine
Midheaven,21,68.51217143326377,21.967234288393836,engine
Midheaven,22,68.76269706013454,22.001251295371823,engine
Midheaven,23,69.01322417437804,22.034871880717038,engine
Midheaven,24,69.263752788974,22.06809592654683,engine
Midheaven,25,69.51428291492597,22.10092331781955,engine
Midheaven,26,69.76481456498398,22.13335394276348,engine
Midheaven,27,70.01534775038554,22.165387692384414,engine
Midheaven,28,70.265882482251,22.19702446058872,engine
Midheaven,29,70.51641894051839,22.22826416505182,engine
Midheaven,30,70.76695680052777,22.259106663449973,engine
Vertex,-30,311.399837160732,-18.013064879985475,engine
Vertex,-20,314.6785078101422,-17.131614559594055,engine
Vertex,-15,316.33933165986633,-16.661437644963605,engine
Vertex,-10,318.0143113155362,-16.17144507252077,engine
Vertex,-5,319.70327697307545,-15.661561130301633,engine
Vertex,-2,320.7232850542584,-15.346071904353067,engine
Vertex,-1,321.06438156968954,-15.239316370068725,engine
Vertex,0,321.4060216935472,-15.131765210897955,engine
Vertex,1,321.74820335094773,-15.023418944455253,engine
Vertex,2,322.090924404976,-14.914278193829569,engine
Vertex,3,322.4341826582571,-14.80434368872355,engine
Vertex,4,322.7779758481653,-14.693616268622419,engine
Vertex,5,323.1223016516062,-14.582096882895796,engine
Vertex,6,323.467157911034,-14.469786518589562,engine
Vertex,7,323.81254171326253,-14.35668650247379,engine
Vertex,8,324.15845077479474,-14.24279805147605,engine
Vertex,9,324.50488251496455,-14.128122575727367,engine
Vertex,10,324.85183429126226,-14.012661603694228,engine
Vertex,11,325.1993033939481,-13.8964167855297,engine
Vertex,12,325.54728705098694,-13.779389892983444,engine
Vertex,13,325.89578242332374,-13.661582822514598,engine
Vertex,14,326.24478660662487,-13.542997596231986,engine
Vertex,15,326.5942966330504,-13.423636362783194,engine
Vertex,16,326.9443094665529,-13.303501400430516,engine
Vertex,17,327.2948222424908,-13.182595035669252,engine
Vertex,18,327.6458313250348,-13.060919970185383,engine
Vertex,19,327.99733371537985,-12.938478796515016,engine
Vertex,20,328.34932611636515,-12.815274321660118,engine
Vertex,21,328.70180516205517,-12.691309489462279,engine
Vertex,22,329.05476742291205,-12.566587380108114,engine
Vertex,23,329.40820940051844,-12.441111213269789,engine
Vertex,24,329.762127532802,-12.31488434750951,engine
Vertex,25,330.1165181887799,-12.187910283360761,engine
Vertex,26,330.47137767383543,-12.060192662625306,engine
Vertex,27,330.82670222514764,-11.93173527114822,engine
Vertex,28,331.18248801371743,-11.802542039197295,engine
Vertex,29,331.538731384809,-11.672616954640917,engine
Vertex,30,331.8954279001998,-11.541964413637457,engine
Algol,-30,47.035625305900645,40.95517986035148,engine
Algol,-20,47.03562445107598,40.955181083958074,engine
Algol,-15,47.0356239731486,40.95518169092439,engine
Algol,-10,47.03562346174508,40.95518229417997,engine
Algol,-5,47.03562291703569,40.95518289336266,engine
Algol,-2,47.03562257430018,40.955183250767206,engine
Algol,-1,47.035622457412764,40.95518336953397,engine
Algol,0,47.03562233920693,40.95518348811193,engine
Algol,1,47.03562221968437,40.955183606498224,engine
Algol,2,47.035622098846744,40.95518372468999,engine
Algol,3,47.035621976695815,40.95518384268438,engine
Algol,4,47.035621853233295,40.95518396047855,engine
Algol,5,47.03562172846096,40.95518407806965,engine
Algol,6,47.035621602380516,40.95518419545489,engine
Algol,7,47.03562147499397,40.95518431263135,engine
Algol,8,47.03562134630306,40.9551844295962,engine
Algol,9,47.035621216309586,40.955184546346764,engine
Algol,10,47.035621085015705,40.95518466287992,engine
Algol,11,47.035620952423045,40.9551847791931,engine
Algol,12,47.03562081853364,40.95518489528343,engine
Algol,13,47.035620683349485,40.95518501114806,engine
Algol,14,47.03562054687258,40.95518512678424,engine
Algol,15,47.0356204091049,40.95518524218911,engine
Algol,16,47.03562027004853,40.95518535735991,engine
Algol,17,47.03562012970543,40.9551854722939,engine
Algol,18,47.03561998807788,40.955185586988144,engine
Algol,19,47.03561984516789,40.95518570143995,engine
Algol,20,47.03561970097762,40.95518581564652,engine
Algol,21,47.035619555509236,40.955185929605086,engine
Algol,22,47.03561940876491,40.9551860433129,engine
Algol,23,47.03561926074687,40.95518615676714,engine
Algol,24,47.035619111457365,40.95518626996509,engine
Algol,25,47.03561896089864,40.955186382903975,engine
Algol,26,47.03561880907301,40.95518649558106,engine
Algol,27,47.035618655982745,40.955186607993596,engine
Algol,28,47.03561850163021,40.95518672013882,engine
Algol,29,47.035618346017664,40.95518683201411,engine
Algol,30,47.03561818914769,40.95518694361654,engine
Pleiades,-30,56.86619736588245,24.10403397710561,engine
Pleiades,-20,56.86619699041451,24.104034830740137,engine
Pleiades,-15,56.866196760133136,24.10403525722026,engine
Pleiades,-10,56.86619650151184,24.104035683166245,engine
Pleiades,-5,56.866196214586154,24.104036108346524,engine
Pleiades,-2,56.866196028864614,24.104036362990854,engine
Pleiades,-1,56.866195964699145,24.104036447783916,engine
Pleiades,0,56.86619589940542,24.10403653252968,engine
Pleiades,1,56.86619583298393,24.104036617226352,engine
Pleiades,2,56.86619576543527,24.104036701872054,engine
Pleiades,3,56.86619569676004,24.10403678646495,engine
Pleiades,4,56.866195626958834,24.104036871003203,engine
Pleiades,5,56.86619555603228,24.104036955484954,engine
Pleiades,6,56.86619548398099,24.10403703990845,engine
Pleiades,7,56.86619541080574,24.104037124271716,engine
Pleiades,8,56.86619533650718,24.104037208572983,engine
Pleiades,9,56.86619526108598,24.104037292810467,engine
Pleiades,10,56.86619518454301,24.10403737698215,engine
Pleiades,11,56.866195106878884,24.10403746108639,engine
Pleiades,12,56.86619502809442,24.104037545121287,engine
Pleiades,13,56.86619494819047,24.10403762908501,engine
Pleiades,14,56.866194867167806,24.10403771297572,engine
Pleiades,15,56.866194785027304,24.1040377967916,engine
Pleiades,16,56.86619470176986,24.10403788053082,engine
Pleiades,17,56.86619461739624,24.104037964191626,engine
Pleiades,18,56.86619453190752,24.10403804777205,engine
Pleiades,19,56.86619444530454,24.104038131270347,engine
Pleiades,20,56.866194357588284,24.1040382146847,engine
Pleiades,21,56.8661942687597,24.104038298013265,engine
Pleiades,22,56.86619417881982,24.104038381254234,engine
Pleiades,23,56.86619408776962,24.10403846440581,engine
Pleiades,24,56.86619399561015,24.104038547466168,engine
Pleiades,25,56.8661939023425,24.104038630433486,engine
Pleiades,26,56.86619380796772,24.104038713305954,engine
Pleiades,27,56.86619371248692,24.10403879608178,engine
Pleiades,28,56.86619361590121,24.10403887875914,engine
Pleiades,29,56.86619351821168,24.104038961336293,engine
Pleiades,30,56.86619341941965,24.10403904381131,engine
Capella,-30,79.16812649986223,45.996847675483835,engine
Capella,-20,79.16812702975972,45.99684905559518,engine
Capella,-15,79.1681272426092,45.99684975575162,engine
Capella,-10,79.16812742034342,45.99685046213225,engine
Capella,-5,79.1681275626967,45.99685117435131,engine
Capella,-2,79.16812763102155,45.996851604323496,engine
Capella,-1,79.16812765093721,45.996851748068956,engine
Capella,0,79.16812766942013,45.99685189201989,engine
Capella,1,79.16812768646854,45.996852036173166,engine
Capella,2,79.16812770208067,45.99685218052564,engine
Capella,3,79.16812771625474,45.99685232507418,engine
Capella,4,79.16812772898908,45.99685246981558,engine
Capella,5,79.16812774028197,45.996852614746764,engine
Capella,6,79.16812775013176,45.9968527598646,engine
Capella,7,79.16812775853681,45.99685290516579,engine
Capella,8,79.16812776549551,45.99685305064724,engine
Capella,9,79.16812777100635,45.99685319630589,engine
Capella,10,79.16812777506766,45.99685334213824,engine
Capella,11,79.16812777767797,45.99685348814145,engine
Capella,12,79.1681277788358,45.99685363431222,engine
Capella,13,79.16812777853964,45.99685378064739,engine
Capella,14,79.1681277767881,45.99685392714375,engine
Capella,15,79.16812777357976,45.99685407379814,engine
Capella,16,79.16812776891321,45.99685422060735,engine
Capella,17,79.1681277627871,45.99685436756829,engine
Capella,18,79.16812775520012,45.99685451467755,engine
Capella,19,79.16812774615094,45.99685466193207,engine
Capella,20,79.16812773563834,45.99685480932861,engine
Capella,21,79.16812772366102,45.996854956863984,engine
Capella,22,79.16812771021779,45.996855104535,engine
Capella,23,79.16812769530746,45.99685525233839,engine
Capella,24,79.16812767892887,45.996855400270995,engine
Capella,25,79.16812766108089,45.99685554832959,engine
Capella,26,79.16812764176241,45.996855696510934,engine
Capella,27,79.16812762097237,45.996855844811826,engine
Capella,28,79.1681275987097,45.996855993229055,engine
Capella,29,79.16812757497337,45.99685614175948,engine
Capella,30,79.16812754976242,45.99685629039968,engine
Sirius,-30,101.28185069000202,-16.727024700031322,engine
Sirius,-20,101.28185175182496,-16.727025016155206,engine
Sirius,-15,101.28185225326693,-16.727025181957323,engine
Sirius,-10,101.28185273452743,-16.72702535276047,engine
Sirius,-5,101.28185319521732,-16.72702552844237,engine
Sirius,-2,101.28185346159906,-16.72702563614152,engine
Sirius,-1,101.28185354870301,-16.727025672416854,engine
Sirius,0,101.28185363495709,-16.727025708878312,engine
Sirius,1,101.28185372035834,-16.727025745524863,engine
Sirius,2,101.28185380490389,-16.727025782355486,engine
Sirius,3,101.28185388859082,-16.727025819369132,engine
Sirius,4,101.28185397141628,-16.727025856564783,engine
Sirius,5,101.28185405337739,-16.727025893941406,engine
Sirius,6,101.28185413447137,-16.72702593149798,engine
Sirius,7,101.2818542146953,-16.727025969233416,engine
Sirius,8,101.28185429404644,-16.72702600714668,engine
Sirius,9,101.28185437252206,-16.727026045236762,engine
Sirius,10,101.28185445011916,-16.727026083502523,engine
Sirius,11,101.28185452683518,-16.727026121942973,engine
Sirius,12,101.28185460266732,-16.727026160557056,engine
Sirius,13,101.28185467761287,-16.727026199343673,engine
Sirius,14,101.28185475166913,-16.72702623830177,engine
Sirius,15,101.28185482483339,-16.72702627743029,engine
Sirius,16,101.28185489710297,-16.727026316728136,engine
Sirius,17,101.28185496847533,-16.727026356194273,engine
Sirius,18,101.28185503894764,-16.727026395827558,engine
Sirius,19,101.2818551085174,-16.727026435626946,engine
Sirius,20,101.28185517718198,-16.72702647559134,engine
Sirius,21,101.28185524493878,-16.727026515719658,engine
Sirius,22,101.28185531178526,-16.727026556010806,engine
Sirius,23,101.28185537771886,-16.727026596463677,engine
Sirius,24,101.28185544273704,-16.727026637077174,engine
Sirius,25,101.28185550683729,-16.727026677850215,engine
Sirius,26,101.2818555700171,-16.727026718781666,engine
Sirius,27,101.28185563227399,-16.72702675987044,engine
Sirius,28,101.28185569360551,-16.72702680111541,engine
Sirius,29,101.28185575400926,-16.72702684251551,engine
Sirius,30,101.28185581348271,-16.727026884069538,engine
Procyon,-30,114.82059021600654,5.217062048813766,engine
Procyon,-20,114.82059156429779,5.217062287104633,engine
Procyon,-15,114.82059221716474,5.2170624091488556,engine
Procyon,-10,114.82059285521495,5.217062533086526,engine
Procyon,-5,114.8205934779843,5.21706265888725,engine
Procyon,-2,114.82059384412055,5.217062735248946,engine
Procyon,-1,114.82059396489002,5.217062760848193,engine
Procyon,0,114.82059408501556,5.21706278651968,engine
Procyon,1,114.82059420449357,5.2170628122631575,engine
Procyon,2,114.82059432332048,5.217062838078356,engine
Procyon,3,114.82059444149276,5.217062863965013,engine
Procyon,4,114.8205945590069,5.217062889922864,engine
Procyon,5,114.82059467585934,5.217062915951648,engine
Procyon,6,114.82059479204665,5.21706294205111,engine
Procyon,7,114.82059490756521,5.217062968220943,engine
Procyon,8,114.82059502241161,5.217062994460904,engine
Procyon,9,114.82059513658248,5.217063020770728,engine
Procyon,10,114.82059525007404,5.217063047150104,engine
Procyon,11,114.82059536288314,5.217063073598805,engine
Procyon,12,114.82059547500624,5.217063100116536,engine
Procyon,13,114.82059558643998,5.217063126703023,engine
Procyon,14,114.82059569718089,5.2170631533579845,engine
Procyon,15,114.82059580722562,5.217063180081144,engine
Procyon,16,114.8205959165708,5.217063206872223,engine
Procyon,17,114.82059602521306,5.217063233730956,engine
Procyon,18,114.82059613314901,5.217063260657023,engine
Procyon,19,114.82059624037532,5.217063287650159,engine
Procyon,20,114.82059634688869,5.217063314710077,engine
Procyon,21,114.8205964526858,5.21706334183649,engine
Procyon,22,114.82059655776334,5.217063369029116,engine
Procyon,23,114.82059666211805,5.21706339628766,engine
Procyon,24,114.82059676574663,5.21706342361183,engine
Procyon,25,114.82059686864584,5.217063451001338,engine
Procyon,26,114.82059697081246,5.217063478455887,engine
Procyon,27,114.82059707224325,5.21706350597519,engine
Procyon,28,114.82059717293498,5.21706353355894,engine
Procyon,29,114.82059727288453,5.217063561206867,engine
Procyon,30,114.82059737208859,5.217063588918633,engine
Alkaid,-30,206.8920655628243,49.31203058726671,engine
Alkaid,-20,206.89206739909267,49.31202961710129,engine
Alkaid,-15,206.8920683683032,49.31202914714266,engine
Alkaid,-10,206.89206937095526,49.31202868775385,engine
Alkaid,-5,206.89207040657217,49.31202823929374,engine
Alkaid,-2,206.89207104356092,49.31202797561089,engine
Alkaid,-1,206.8920712584695,49.3120278886323,engine
Alkaid,0,206.8920714746608,49.31202780211619,engine
Alkaid,1,206.8920716921307,49.31202771606533,engine
Alkaid,2,206.89207191087507,49.312027630482476,engine
Alkaid,3,206.89207213088972,49.312027545370405,engine
Alkaid,4,206.89207235217043,49.312027460731834,engine
Alkaid,5,206.89207257471307,49.312027376569496,engine
Alkaid,6,206.89207279851345,49.31202729288608,engine
Alkaid,7,206.8920730235671,49.31202720968439,engine
Alkaid,8,206.89207324986987,49.312027126967095,engine
Alkaid,9,206.89207347741754,49.31202704473677,engine
Alkaid,10,206.8920737062054,49.31202696299638,engine
Alkaid,11,206.89207393622945,49.31202688174838,engine
Alkaid,12,206.89207416748525,49.312026800995504,engine
Alkaid,13,206.89207439996835,49.3120267207404,engine
Alkaid,14,206.89207463367433,49.31202664098571,engine
Alkaid,15,206.8920748685988,49.312026561734086,engine
Alkaid,16,206.89207510473716,49.31202648298817,engine
Alkaid,17,206.89207534208515,49.31202640475052,engine
Alkaid,18,206.89207558063794,49.31202632702384,engine
Alkaid,19,206.8920758203911,49.31202624981069,engine
Alkaid,20,206.89207606134013,49.31202617311366,engine
Alkaid,21,206.89207630348037,49.312026096935334,engine
Alkaid,22,206.8920765468072,49.31202602127828,engine
Alkaid,23,206.89207679131601,49.31202594614506,engine
Alkaid,24,206.8920770370022,49.31202587153823,engine
Alkaid,25,206.892077283861,49.31202579746032,engine
Alkaid,26,206.89207753188774,49.31202572391387,engine
Alkaid,27,206.89207778107772,49.31202565090142,engine
Alkaid,28,206.89207803142614,49.312025578425434,engine
Alkaid,29,206.89207828292845,49.3120255064884,engine
Alkaid,30,206.8920785355795,49.312025435092906,engine
Algorab,-30,187.4698012403609,-16.518757541514425,engine
Algorab,-20,187.4698028993213,-16.51875715934477,engine
Algorab,-15,187.46980375462007,-16.51875697682973,engine
Algorab,-10,187.46980462651732,-16.5187568001636,engine
Algorab,-5,187.46980551454305,-16.518756629444585,engine
Algorab,-2,187.46980605490148,-16.518756529907638,engine
Algorab,-1,187.46980623625495,-16.518756497215556,engine
Algorab,0,187.46980641821895,-16.518756464768153,engine
Algorab,1,187.4698066007896,-16.51875643256617,engine
Algorab,2,187.46980678396292,-16.51875640061032,engine
Algorab,3,187.46980696773502,-16.518756368901336,engine
Algorab,4,187.46980715210196,-16.518756337439925,engine
Algorab,5,187.46980733705973,-16.518756306226805,engine
Algorab,6,187.46980752260453,-16.518756275262657,engine
Algorab,7,187.4698077087322,-16.518756244548232,engine
Algorab,8,187.46980789543872,-16.518756214084195,engine
Algorab,9,187.46980808272036,-16.518756183871226,engine
Algorab,10,187.46980827057268,-16.518756153910076,engine
Algorab,11,187.46980845899205,-16.518756124201378,engine
Algorab,12,187.46980864797428,-16.518756094745815,engine
Algorab,13,187.46980883751533,-16.518756065544046,engine
Algorab,14,187.46980902761118,-16.51875603659677,engine
Algorab,15,187.46980921825778,-16.51875600790464,engine
Algorab,16,187.469809409451,-16.51875597946831,engine
Algorab,17,187.4698096011869,-16.518755951288423,engine
Algorab,18,187.46980979346117,-16.51875592336565,engine
Algorab,19,187.46980998626978,-16.518755895700632,engine
Algorab,20,187.46981017960866,-16.518755868294004,engine
Algorab,21,187.46981037347365,-16.518755841146405,engine
Algorab,22,187.4698105678606,-16.51875581425845,engine
Algorab,23,187.46981076276543,-16.518755787630774,engine
Algorab,24,187.46981095818393,-16.518755761263996,engine
Algorab,25,187.46981115411197,-16.51875573515873,engine
Algorab,26,187.4698113505453,-16.518755709315585,engine
Algorab,27,187.46981154747982,-16.51875568373516,engine
Algorab,28,187.4698117449113,-16.51875565841805,engine
Algorab,29,187.4698119428357,-16.518755633364854,engine
Algorab,30,187.46981214124847,-16.518755608576175,engine
Spica,-30,201.3032909881125,-11.163607863101593,engine
Spica,-20,201.30329234147075,-11.163607492030685,engine
Spica,-15,201.3032930499435,-11.163607311037017,engine
Spica,-10,201.30329377914515,-11.16360713318848,engine
Spica,-5,201.3032945287134,-11.163606958571073,engine
Spica,-2,201.30329498807575,-11.163606855386817,engine
Spica,-1,201.30329514278196,-11.163606821260437,engine
Spica,0,201.30329529827577,-11.163606787269346,engine
Spica,1,201.30329545455413,-11.163606753414202,engine
Spica,2,201.30329561161392,-11.163606719695665,engine
Spica,3,201.30329576945198,-11.16360668611438,engine
Spica,4,201.30329592806524,-11.163606652671003,engine
Spica,5,201.30329608745055,-11.163606619366178,engine
Spica,6,201.30329624760483,-11.163606586200533,engine
Spica,7,201.30329640852472,-11.163606553174748,engine
Spica,8,201.3032965702071,-11.16360652028945,engine
Spica,9,201.30329673264893,-11.163606487545245,engine
Spica,10,201.30329689584661,-11.163606454942839,engine
Spica,11,201.30329705979725,-11.16360642248279,engine
Spica,12,201.30329722449753,-11.163606390165755,engine
Spica,13,201.30329738994413,-11.163606357992354,engine
Spica,14,201.3032975561338,-11.163606325963228,engine
Spica,15,201.30329772306328,-11.16360629407897,engine
Spica,16,201.3032978907292,-11.163606262340222,engine
Spica,17,201.30329805912845,-11.163606230747561,engine
Spica,18,201.30329822825738,-11.163606199301652,engine
Spica,19,201.3032983981128,-11.163606168003081,engine
Spica,20,201.30329856869133,-11.163606136852454,engine
Spica,21,201.30329873998963,-11.163606105850368,engine
Spica,22,201.30329891200427,-11.163606074997436,engine
Spica,23,201.30329908473186,-11.163606044294244,engine
Spica,24,201.30329925816903,-11.163606013741395,engine
Spica,25,201.30329943231231,-11.163605983339481,engine
Spica,26,201.3032996071582,-11.163605953089084,engine
Spica,27,201.3032997827034,-11.163605922990802,engine
Spica,28,201.30329995894428,-11.163605893045206,engine
Spica,29,201.30330013587755,-11.163605863252865,engine
Spica,30,201.30330031349948,-11.163605833614396,engine
Arcturus,-30,213.91368262894687,19.16800063855829,engine
Arcturus,-20,213.91368369965372,19.168000249175194,engine
Arcturus,-15,213.9136842725834,19.168000059605845,engine
Arcturus,-10,213.9136848702297,19.167999873676028,engine
Arcturus,-5,213.91368549232735,19.167999691552037,engine
Arcturus,-2,213.91368587720768,19.167999584172996,engine
Arcturus,-1,213.91368600742445,19.167999548703715,engine
Arcturus,0,213.91368613859905,19.167999513398467,engine
Arcturus,1,213.91368627072907,19.16799947825855,engine
Arcturus,2,213.91368640381216,19.167999443285254,engine
Arcturus,3,213.913686537846,19.16799940847987,engine
Arcturus,4,213.91368667282813,19.167999373843664,engine
Arcturus,5,213.91368680875615,19.167999339377946,engine
Arcturus,6,213.9136869456277,19.167999305083963,engine
Arcturus,7,213.91368708344015,19.167999270963026,engine
Arcturus,8,213.91368722219113,19.167999237016392,engine
Arcturus,9,213.9136873618782,19.167999203245294,engine
Arcturus,10,213.91368750249865,19.1679991696511,engine
Arcturus,11,213.91368764405013,19.16799913623498,engine
Arcturus,12,213.9136877865301,19.167999102998216,engine
Arcturus,13,213.91368792993592,19.167999069942073,engine
Arcturus,14,213.91368807426505,19.167999037067787,engine
Arcturus,15,213.91368821951485,19.167999004376625,engine
Arcturus,16,213.9136883656828,19.167998971869814,engine
Arcturus,17,213.91368851276624,19.167998939548593,engine
Arcturus,18,213.9136886607624,19.167998907414237,engine
Arcturus,19,213.9136888096687,19.16799887546795,engine
Arcturus,20,213.91368895948247,19.167998843710958,engine
Arcturus,21,213.91368911020095,19.167998812144507,engine
Arcturus,22,213.91368926182145,19.167998780769807,engine
Arcturus,23,213.91368941434123,19.167998749588087,engine
Arcturus,24,213.91368956775753,19.16799871860056,engine
Arcturus,25,213.91368972206763,19.16799868780843,engine
Arcturus,26,213.91368987726864,19.167998657212912,engine
Arcturus,27,213.91369003335785,19.167998626815212,engine
Arcturus,28,213.91369019033237,19.16799859661653,engine
Arcturus,29,213.91369034818948,19.16799856661806,engine
Arcturus,30,213.91369050692612,19.167998536821006,engine
Alphecca,-30,233.67814298766314,26.711374515114848,engine
Alphecca,-20,233.67814348378005,26.711373829406423,engine
Alphecca,-15,233.6781437752041,26.71137348777613,engine
Alphecca,-10,233.67814409546602,26.711373147299568,engine
Alphecca,-5,233.67814444449408,26.711372808229264,engine
Alphecca,-2,233.67814466768374,26.711372605566982,engine
Alphecca,-1,233.67814474437122,26.711372538154937,engine
Alphecca,0,233.67814482220285,26.711372470817263,engine
Alphecca,1,233.67814490117786,26.711372403555973,engine
Alphecca,2,233.67814498129528,26.711372336373074,engine
Alphecca,3,233.67814506255422,26.71137226927056,engine
Alphecca,4,233.67814514495385,26.711372202250434,engine
Alphecca,5,233.67814522849324,26.711372135314704,engine
Alphecca,6,233.67814531317146,26.711372068465327,engine
Alphecca,7,233.67814539898748,26.711372001704373,engine
Alphecca,8,233.6781454859403,26.711371935033817,engine
Alphecca,9,233.67814557402895,26.711371868455554,engine
Alphecca,10,233.67814566325237,26.711371801971783,engine
Alphecca,11,233.67814575360947,26.71137173558433,engine
Alphecca,12,233.67814584509932,26.711371669295215,engine
Alphecca,13,233.67814593772073,26.711371603106457,engine
Alphecca,14,233.67814603147255,26.71137153702,engine
Alphecca,15,233.67814612635368,26.711371471037868,engine
Alphecca,16,233.67814622236287,26.711371405162005,engine
Alphecca,17,233.67814631949915,26.71137133939436,engine
Alphecca,18,233.67814641776104,26.71137127373702,engine
Alphecca,19,233.67814651714747,26.71137120819186,engine
Alphecca,20,233.67814661765718,26.711371142760918,engine
Alphecca,21,233.67814671928886,26.711371077446124,engine
Alphecca,22,233.67814682204124,26.711371012249458,engine
Alphecca,23,233.67814692591296,26.711370947172878,engine
Alphecca,24,233.67814703090278,26.711370882218354,engine
Alphecca,25,233.67814713700923,26.711370817387856,engine
Alphecca,26,233.678147244231,26.71137075268333,engine
Alphecca,27,233.67814735256673,26.711370688106715,engine
Alphecca,28,233.67814746201483,26.711370623660017,engine
Alphecca,29,233.67814757257418,26.711370559345113,engine
Alphecca,30,233.67814768424296,26.71137049516401,engine
Vega,-30,279.2386677375854,38.78081547490676,engine
Vega,-20,279.2386665046835,38.78081460050611,engine
Vega,-15,279.2386659256319,38.78081414718142,engine
Vega,-10,279.2386653721448,38.78081368346575,engine
Vega,-5,279.2386648446804,38.78081320963416,engine
Vega,-2,279.2386645408787,38.780812920595885,engine
Vega,-1,279.23866444174536,38.78081282347348,engine
Vega,0,279.23866434368466,38.78081272596672,engine
Vega,1,279.2386642467001,38.78081262807789,engine
Vega,2,279.2386641507951,38.780812529809324,engine
Vega,3,279.23866405597295,38.78081243116328,engine
Vega,4,279.2386639622371,38.780812332142105,engine
Vega,5,279.2386638695909,38.7808122327481,engine
Vega,6,279.2386637780375,38.78081213298356,engine
Vega,7,279.2386636875804,38.7808120328509,engine
Vega,8,279.2386635982228,38.78081193235246,engine
Vega,9,279.23866350996786,38.78081183149046,engine
Vega,10,279.2386634228191,38.780811730267516,engine
Vega,11,279.23866333677955,38.78081162868575,engine
Vega,12,279.23866325185236,38.780811526747634,engine
Vega,13,279.23866316804083,38.78081142445551,engine
Vega,14,279.238663085348,38.78081132181178,engine
Vega,15,279.23866300377705,38.78081121881885,engine
Vega,16,279.23866292333105,38.780811115479075,engine
Vega,17,279.23866284401305,38.78081101179483,engine
Vega,18,279.2386627658263,38.78081090776866,engine
Vega,19,279.2386626887737,38.78081080340288,engine
Vega,20,279.2386626128583,38.780810698699945,engine
Vega,21,279.23866253808313,38.78081059366229,engine
Vega,22,279.2386624644511,38.78081048829235,engine
Vega,23,279.23866239196525,38.780810382592534,engine
Vega,24,279.23866232062846,38.78081027656532,engine
Vega,25,279.23866225044367,38.78081017021317,engine
Vega,26,279.23866218141376,38.78081006353853,engine
Vega,27,279.2386621135416,38.780809956543884,engine
Vega,28,279.23866204683,38.7808098492317,engine
Vega,29,279.2386619812818,38.780809741604386,engine
Vega,30,279.2386619168999,38.780809633664546,engine
Deneb Algedi,-30,326.7593502528237,-16.129753142526194,engine
Deneb Algedi,-20,326.7593483797967,-16.12975292395211,engine
Deneb Algedi,-15,326.7593474440733,-16.129752803936423,engine
Deneb Algedi,-10,326.7593465096631,-16.129752676775862,engine
Deneb Algedi,-5,326.75934557715476,-16.129752542480325,engine
Deneb Algedi,-2,326.7593450188075,-16.129752458483637,engine
Deneb Algedi,-1,326.759344832913,-16.129752429915587,engine
Deneb Algedi,0,326.7593446471367,-16.12975240106319,engine
Deneb Algedi,1,326.7593444614836,-16.12975237192658,engine
Deneb Algedi,2,326.7593442759583,-16.12975234250591,engine
Deneb Algedi,3,326.7593440905654,-16.12975231280135,engine
Deneb Algedi,4,326.75934390530966,-16.129752282813048,engine
Deneb Algedi,5,326.7593437201958,-16.129752252541177,engine
Deneb Algedi,6,326.7593435352282,-16.12975222198588,engine
Deneb Algedi,7,326.75934335041205,-16.129752191147382,engine
Deneb Algedi,8,326.75934316575166,-16.12975216002585,engine
Deneb Algedi,9,326.7593429812517,-16.129752128621462,engine
Deneb Algedi,10,326.75934279691717,-16.129752096934432,engine
Deneb Algedi,11,326.75934261275233,-16.129752064964933,engine
Deneb Algedi,12,326.7593424287621,-16.129752032713174,engine
Deneb Algedi,13,326.759342244951,-16.12975200017937,engine
Deneb Algedi,14,326.7593420613237,-16.129751967363745,engine
Deneb Algedi,15,326.7593418778849,-16.12975193426651,engine
Deneb Algedi,16,326.7593416946392,-16.129751900887886,engine
Deneb Algedi,17,326.7593415115912,-16.129751867228098,engine
Deneb Algedi,18,326.7593413287457,-16.12975183328741,engine
Deneb Algedi,19,326.7593411461072,-16.129751799066064,engine
Deneb Algedi,20,326.7593409636804,-16.129751764564286,engine
Deneb Algedi,21,326.75934078146986,-16.129751729782335,engine
Deneb Algedi,22,326.7593405994803,-16.129751694720483,engine
Deneb Algedi,23,326.75934041771626,-16.12975165937898,engine
Deneb Algedi,24,326.75934023618237,-16.129751623758086,engine
Deneb Algedi,25,326.75934005488324,-16.129751587858095,engine
Deneb Algedi,26,326.7593398738235,-16.129751551679288,engine
Deneb Algedi,27,326.7593396930077,-16.129751515221923,engine
Deneb Algedi,28,326.7593395124405,-16.129751478486323,engine
Deneb Algedi,29,326.7593393321263,-16.129751441472735,engine
Deneb Algedi,30,326.75933915206997,-16.129751404181523,engine
Rigel,-30,78.63103853896673,-8.204192757271285,engine
Rigel,-20,78.6310388919956,-8.204192887539822,engine
Rigel,-15,78.63103903181091,-8.204192954699176,engine
Rigel,-10,78.63103914689846,-8.204193023108104,engine
Rigel,-5,78.63103923707679,-8.204193092690513,engine
Rigel,-2,78.63103927915635,-8.20419313497135,engine
Rigel,-1,78.63103929117048,-8.204193149149832,engine
Rigel,0,78.63103930217638,-8.204193163369718,engine
Rigel,1,78.63103931217276,-8.204193177630394,engine
Rigel,2,78.63103932115847,-8.204193191931228,engine
Rigel,3,78.63103932913228,-8.204193206271604,engine
Rigel,4,78.63103933609307,-8.204193220650913,engine
Rigel,5,78.63103934203966,-8.204193235068516,engine
Rigel,6,78.63103934697095,-8.204193249523806,engine
Rigel,7,78.63103935088583,-8.204193264016144,engine
Rigel,8,78.63103935378321,-8.204193278544912,engine
Rigel,9,78.63103935566205,-8.204193293109498,engine
Rigel,10,78.63103935652124,-8.204193307709232,engine
Rigel,11,78.6310393563598,-8.204193322343531,engine
Rigel,12,78.63103935517671,-8.204193337011752,engine
Rigel,13,78.63103935297099,-8.20419335171327,engine
Rigel,14,78.63103934974166,-8.204193366447452,engine
Rigel,15,78.63103934548776,-8.204193381213678,engine
Rigel,16,78.63103934020837,-8.204193396011307,engine
Rigel,17,78.6310393339026,-8.204193410839725,engine
Rigel,18,78.63103932656956,-8.204193425698282,engine
Rigel,19,78.63103931820835,-8.204193440586353,engine
Rigel,20,78.63103930881813,-8.204193455503308,engine
Rigel,21,78.6310392983981,-8.204193470448512,engine
Rigel,22,78.6310392869474,-8.204193485421333,engine
Rigel,23,78.63103927446525,-8.20419350042114,engine
Rigel,24,78.6310392609509,-8.204193515447294,engine
Rigel,25,78.63103924640359,-8.204193530499163,engine
Rigel,26,78.63103923082258,-8.204193545576107,engine
Rigel,27,78.63103921420716,-8.204193560677496,engine
Rigel,28,78.63103919655664,-8.20419357580269,engine
Rigel,29,78.63103917787033,-8.204193590951066,engine
Rigel,30,78.6310391581476,-8.204193606121963,engine
Betelgeuse,-30,88.79044404550223,7.405729675922082,engine
Betelgeuse,-20,88.79044471305895,7.405730023881582,engine
Betelgeuse,-15,88.79044501323031,7.4057302003720755,engine
Betelgeuse,-10,88.79044529061359,7.405730378451314,engine
Betelgeuse,-5,88.79044554493497,7.405730558054607,engine
Betelgeuse,-2,88.79044568634822,7.405730666520893,engine
Betelgeuse,-1,88.79044573161042,7.40573070279055,engine
Betelgeuse,0,88.79044577593149,7.405730739116435,engine
Betelgeuse,1,88.79044581930947,7.405730775498018,engine
Betelgeuse,2,88.79044586174237,7.405730811934767,engine
Betelgeuse,3,88.7904459032283,7.405730848426147,engine
Betelgeuse,4,88.7904459437653,7.405730884971625,engine
Betelgeuse,5,88.79044598335147,7.4057309215706635,engine
Betelgeuse,6,88.79044602198495,7.405730958222749,engine
Betelgeuse,7,88.79044605966384,7.4057309949273,engine
Betelgeuse,8,88.79044609638628,7.4057310316838,engine
Betelgeuse,9,88.79044613215052,7.405731068491726,engine
Betelgeuse,10,88.79044616695458,7.405731105350476,engine
Betelgeuse,11,88.79044620079681,7.405731142259578,engine
Betelgeuse,12,88.79044623367537,7.405731179218466,engine
Betelgeuse,13,88.79044626558854,7.405731216226591,engine
Betelgeuse,14,88.79044629653453,7.405731253283411,engine
Betelgeuse,15,88.79044632651167,7.405731290388381,engine
Betelgeuse,16,88.79044635551823,7.405731327540957,engine
Betelgeuse,17,88.79044638355255,7.405731364740611,engine
Betelgeuse,18,88.79044641061292,7.40573140198675,engine
Betelgeuse,19,88.7904464366977,7.4057314392788465,engine
Betelgeuse,20,88.7904464618053,7.405731476616357,engine
Betelgeuse,21,88.79044648593408,7.40573151399872,engine
Betelgeuse,22,88.79044650908246,7.4057315514253945,engine
Betelgeuse,23,88.79044653124888,7.405731588895823,engine
Betelgeuse,24,88.79044655243175,7.405731626409449,engine
Betelgeuse,25,88.79044657262956,7.405731663965725,engine
Betelgeuse,26,88.79044659184079,7.405731701564091,engine
Betelgeuse,27,88.79044661006395,7.405731739203992,engine
Betelgeuse,28,88.79044662729756,7.405731776884872,engine
Betelgeuse,29,88.79044664354016,7.405731814606203,engine
Betelgeuse,30,88.7904466587903,7.405731852367372,engine
Polaris,-30,37.571307133991596,89.26480066787886,engine
Polaris,-20,37.571235436553415,89.26480225733482,engine
Polaris,-15,37.57119674865947,89.2648030385811,engine
Polaris,-10,37.57115618911265,89.26480381013398,engine
Polaris,-5,37.57111377486719,89.26480457147028,engine
Polaris,-2,37.5710874434611,89.26480502315206,engine
Polaris,-1,37.57107852006446,89.26480517283461,engine
Polaris,0,37.57106952378811,89.26480532207127,engine
Polaris,1,37.571060454784764,89.264805470858,engine
Polaris,2,37.571051313208486,89.26480561919065,engine
Polaris,3,37.571042099214694,89.26480576706521,engine
Polaris,4,37.571032812960304,89.26480591447759,engine
Polaris,5,37.571023454603484,89.26480606142373,engine
Polaris,6,37.571014024297526,89.2648062078997,engine
Polaris,7,37.57100452221607,89.26480635390125,engine
Polaris,8,37.57099494851517,89.26480649942445,engine
Polaris,9,37.57098530335277,89.26480664446542,engine
Polaris,10,37.57097558691211,89.26480678901981,engine
Polaris,11,37.57096579934082,89.2648069330839,engine
Polaris,12,37.57095594081324,89.26480707665363,engine
Polaris,13,37.5709460114986,89.26480721972501,engine
Polaris,14,37.57093601156747,89.26480736229408,engine
Polaris,15,37.570925941191696,89.26480750435687,engine
Polaris,16,37.5709158005446,89.2648076459094,engine
Polaris,17,37.57090558979385,89.26480778694787,engine
Polaris,18,37.57089530912916,89.26480792746814,engine
Polaris,19,37.57088495872095,89.26480806746638,engine
Polaris,20,37.570874538747844,89.26480820693864,engine
Polaris,21,37.57086404938984,89.26480834588106,engine
Polaris,22,37.57085349082817,89.26480848428976,engine
Polaris,23,37.570842863245524,89.26480862216081,engine
Polaris,24,37.57083216682576,89.26480875949038,engine
Polaris,25,37.57082140175418,89.26480889627457,engine
Polaris,26,37.57081056821737,89.26480903250956,engine
Polaris,27,37.57079966640316,89.26480916819149,engine
Polaris,28,37.570788696500806,89.26480930331653,engine
Polaris,29,37.57077765869334,89.26480943788094,engine
Polaris,30,37.57076655318739,89.26480957188078,engine
Castor,-30,113.64747357338308,31.888447407071343,engine
Castor,-20,113.64747512707697,31.88844818862083,engine
Castor,-15,113.64747587818782,31.888448596307963,engine
Castor,-10,113.64747661141152,31.888449015040557,engine
Castor,-5,113.64747732621166,31.888449444639992,engine
Castor,-2,113.64747774602841,31.888449707539394,engine
Castor,-1,113.64747788443171,31.888449796020176,engine
Castor,0,113.6474780220603,31.88844988492227,engine
Castor,1,113.64747815891003,31.88844997424413,engine
Castor,2,113.64747829497686,31.888450063984223,engine
Castor,3,113.64747843025663,31.88845015414101,engine
Castor,4,113.64747856474531,31.88845024471293,engine
Castor,5,113.64747869843882,31.888450335698447,engine
Castor,6,113.64747883133322,31.888450427096032,engine
Castor,7,113.64747896342426,31.88845051890397,engine
Castor,8,113.64747909470807,31.888450611120774,engine
Castor,9,113.64747922518076,31.8884507037449,engine
Castor,10,113.647479354838,31.888450796774535,engine
Castor,11,113.6474794836761,31.88845089020831,engine
Castor,12,113.64747961169105,31.88845098404452,engine
Castor,13,113.64747973887893,31.888451078281545,engine
Castor,14,113.64747986523577,31.888451172917733,engine
Castor,15,113.6474799907577,31.88845126795148,engine
Castor,16,113.64748011544083,31.88845136338113,engine
Castor,17,113.64748023928136,31.888451459205083,engine
Castor,18,113.64748036227527,31.888451555421565,engine
Castor,19,113.64748048441884,31.88845165202896,engine
Castor,20,113.64748060570818,31.88845174902559,engine
Castor,21,113.64748072613953,31.888451846409787,engine
Castor,22,113.64748084570905,31.888451944179845,engine
Castor,23,113.64748096441303,31.88845204233406,engine
Castor,24,113.64748108224768,31.888452140870754,engine
Castor,25,113.64748119920925,31.888452239788187,engine
Castor,26,113.64748131529404,31.888452339084658,engine
Castor,27,113.64748143049832,31.888452438758442,engine
Castor,28,113.6474815448184,31.88845253880778,engine
Castor,29,113.64748165825068,31.88845263923101,engine
Castor,30,113.64748177079139,31.88845274002625,engine
Altair,-30,297.69937274215664,8.867926584344227,engine
Altair,-20,297.6993713214321,8.867926534540251,engine
Altair,-15,297.6993706308331,8.867926504400229,engine
Altair,-10,297.69936995406584,8.867926470827191,engine
Altair,-5,297.69936929161435,8.867926433867423,engine
Altair,-2,297.69936890121386,8.867926410085813,engine
Altair,-1,297.6993687722815,8.867926401893337,engine
Altair,0,297.6993686439559,8.867926393568874,engine
Altair,1,297.6993685162409,8.86792638511284,engine
Altair,2,297.69936838914015,8.867926376525638,engine
Altair,3,297.69936826265746,8.867926367807668,engine
Altair,4,297.69936813679635,8.867926358959343,engine
Altair,5,297.6993680115607,8.867926349981072,engine
Altair,6,297.69936788695395,8.867926340873263,engine
Altair,7,297.69936776298005,8.867926331636347,engine
Altair,8,297.69936763964256,8.867926322270739,engine
Altair,9,297.69936751694496,8.867926312776842,engine
Altair,10,297.6993673948911,8.867926303155107,engine
Altair,11,297.6993672734846,8.867926293405953,engine
Altair,12,297.6993671527289,8.867926283529801,engine
Altair,13,297.69936703262766,8.86792627352708,engine
Altair,14,297.6993669131845,8.867926263398234,engine
Altair,15,297.699366794403,8.867926253143688,engine
Altair,16,297.69936667628656,8.867926242763891,engine
Altair,17,297.69936655883885,8.86792623225927,engine
Altair,18,297.6993664420635,8.867926221630285,engine
Altair,19,297.6993663259638,8.867926210877373,engine
Altair,20,297.6993662105435,8.867926200000978,engine
Altair,21,297.69936609580583,8.867926189001558,engine
Altair,22,297.6993659817544,8.867926177879566,engine
Altair,23,297.6993658683927,8.867926166635446,engine
Altair,24,297.69936575572416,8.867926155269672,engine
Altair,25,297.69936564375223,8.86792614378269,engine
Altair,26,297.69936553248033,8.867926132174974,engine
Altair,27,297.6993654219118,8.867926120446974,engine
Altair,28,297.69936531205013,8.867926108599162,engine
Altair,29,297.6993652028986,8.867926096632004,engine
Altair,30,297.69936509446063,8.867926084545985,engine
Bellatrix,-30,81.2794770436329,6.34808859498532,engine
Bellatrix,-20,81.2794774788331,6.348088919681892,engine
Bellatrix,-15,81.27947766056432,6.348089083674427,engine
Bellatrix,-10,81.2794778180896,6.348089248685145,engine
Bellatrix,-5,81.27947795120346,6.348089414655012,engine
Bellatrix,-2,81.27947801927316,6.348089514672553,engine
Bellatrix,-1,81.27947803998765,6.348089548081467,engine
Bellatrix,0,81.27947805971205,6.348089581524452,engine
Bellatrix,1,81.2794780784449,6.348089615001017,engine
Bellatrix,2,81.27947809618483,6.34808964851069,engine
Bellatrix,3,81.27947811293043,6.348089682052987,engine
Bellatrix,4,81.27947812868038,6.348089715627421,engine
Bellatrix,5,81.2794781434333,6.348089749233513,engine
Bellatrix,6,81.2794781571879,6.348089782870798,engine
Bellatrix,7,81.27947816994285,6.348089816538749,engine
Bellatrix,8,81.27947818169685,6.348089850236901,engine
Bellatrix,9,81.27947819244872,6.348089883964785,engine
Bellatrix,10,81.27947820219708,6.348089917721858,engine
Bellatrix,11,81.27947821094081,6.3480899515076965,engine
Bellatrix,12,81.27947821867863,6.348089985321791,engine
Bellatrix,13,81.27947822540942,6.348090019163651,engine
Bellatrix,14,81.27947823113195,6.34809005303279,engine
Bellatrix,15,81.27947823584509,6.348090086928718,engine
Bellatrix,16,81.27947823954773,6.3480901208509435,engine
Bellatrix,17,81.27947824223872,6.348090154799002,engine
Bellatrix,18,81.27947824391701,6.348090188772356,engine
Bellatrix,19,81.2794782445815,6.348090222770536,engine
Bellatrix,20,81.27947824423113,6.3480902567930535,engine
Bellatrix,21,81.2794782428649,6.348090290839413,engine
Bellatrix,22,81.27947824048175,6.348090324909124,engine
Bellatrix,23,81.27947823708071,6.348090359001694,engine
Bellatrix,24,81.27947823266081,6.3480903931166255,engine
Bellatrix,25,81.27947822722109,6.348090427253434,engine
Bellatrix,26,81.27947822076061,6.348090461411612,engine
Bellatrix,27,81.27947821327845,6.348090495590679,engine
Bellatrix,28,81.27947820477371,6.34809052979013,engine
Bellatrix,29,81.2794781952455,6.348090564009493,engine
Bellatrix,30,81.279478184693,6.348090598248229,engine
