body,minute,ra,dec,source
Aldebaran,-30,68.97589689286532,16.507800844537776,engine
Aldebaran,-20,68.97589493110172,16.50780104530004,engine
Aldebaran,-15,68.97589394480661,16.50780113506627,engine
Aldebaran,-10,68.9758929556591,16.507801217731068,engine
Aldebaran,-5,68.97589196422794,16.507801293280117,engine
Aldebaran,-2,68.97589136851036,16.50780133518927,engine
Aldebaran,-1,68.97589116982206,16.50780134858852,engine
Aldebaran,0,68.9758909710835,16.50780136170243,engine
Aldebaran,1,68.97589077229922,16.507801374530967,engine
Aldebaran,2,68.97589057347382,16.507801387074064,engine
Aldebaran,3,68.97589037461185,16.507801399331708,engine
Aldebaran,4,68.97589017571791,16.507801411303852,engine
Aldebaran,5,68.97588997679654,16.50780142299047,engine
Aldebaran,6,68.9758897778522,16.507801434391553,engine
Aldebaran,7,68.97588957888973,16.507801445507067,engine
Aldebaran,8,68.97588937991355,16.507801456336992,engine
Aldebaran,9,68.97588918092826,16.507801466881354,engine
Aldebaran,10,68.97588898193843,16.507801477140124,engine
Aldebaran,11,68.9758887829486,16.507801487113326,engine
Aldebaran,12,68.97588858396341,16.50780149680096,engine
Aldebaran,13,68.97588838498739,16.507801506203048,engine
Aldebaran,14,68.97588818602512,16.507801515319613,engine
Aldebaran,15,68.97588798708117,16.507801524150665,engine
Aldebaran,16,68.97588778816012,16.507801532696263,engine
Aldebaran,17,68.9758875892664,16.507801540956432,engine
Aldebaran,18,68.97588739040489,16.50780154893121,engine
Aldebaran,19,68.97588719157999,16.50780155662065,engine
Aldebaran,20,68.97588699279628,16.507801564024806,engine
Aldebaran,21,68.97588679405833,16.50780157114374,engine
Aldebaran,22,68.97588659537071,16.507801577977524,engine
Aldebaran,23,68.97588639673798,16.50780158452622,engine
Aldebaran,24,68.97588619816473,16.5078015907899,engine
Aldebaran,25,68.97588599965552,16.507801596768658,engine
Aldebaran,26,68.9758858012149,16.507801602462578,engine
Aldebaran,27,68.97588560284744,16.507801607871748,engine
Aldebaran,28,68.97588540455773,16.507801612996264,engine
Aldebaran,29,68.97588520635014,16.507801617836236,engine
Aldebaran,30,68.97588500822958,16.507801622391767,engine
Antares,-30,247.35674783483253,-26.433075014571862,engine
Antares,-20,247.35674993304812,-26.43307487213554,engine
Antares,-15,247.356750986773,-26.43307481757945,engine
Antares,-10,247.35675204276336,-26.433074774162023,engine
Antares,-5,247.35675310040878,-26.43307474189949,engine
Antares,-2,247.35675373553582,-26.43307472790111,engine
Antares,-1,247.35675394730552,-26.433074724128545,engine
Antares,0,247.35675415909733,-26.43307472080283,engine
Antares,1,247.35675437090637,-26.433074717923986,engine
Antares,2,247.35675458272777,-26.43307471549203,engine
Antares,3,247.35675479455662,-26.43307471350699,engine
Antares,4,247.35675500638808,-26.43307471196884,engine
Antares,5,247.35675521821713,-26.433074710877616,engine
Antares,6,247.35675543003913,-26.433074710233253,engine
Antares,7,247.35675564184885,-26.433074710035765,engine
Antares,8,247.35675585364154,-26.433074710285098,engine
Antares,9,247.35675606541224,-26.43307471098122,engine
Antares,10,247.35675627715617,-26.43307471212408,engine
Antares,11,247.35675648886837,-26.43307471371362,engine
Antares,12,247.3567567005439,-26.43307471574978,engine
Antares,13,247.35675691217799,-26.433074718232476,engine
Antares,14,247.35675712376556,-26.433074721161624,engine
Antares,15,247.35675733530186,-26.43307472453714,engine
Antares,16,247.35675754678198,-26.433074728358918,engine
Antares,17,247.35675775820118,-26.43307473262685,engine
Antares,18,247.35675796955425,-26.433074737340814,engine
Antares,19,247.3567581808364,-26.433074742500693,engine
Antares,20,247.3567583920428,-26.43307474810634,engine
Antares,21,247.35675860316857,-26.433074754157623,engine
Antares,22,247.3567588142088,-26.43307476065438,engine
Antares,23,247.35675902515862,-26.433074767596462,engine
Antares,24,247.35675923601315,-26.433074774983695,engine
Antares,25,247.35675944676748,-26.43307478281589,engine
Antares,26,247.35675965741675,-26.43307479109288,engine
Antares,27,247.3567598679561,-26.433074799814452,engine
Antares,28,247.35676007838066,-26.43307480898042,engine
Antares,29,247.35676028868565,-26.433074818590573,engine
Antares,30,247.35676049886598,-26.433074828644678,engine
Ceres,-30,115.62507849879775,25.869063350793844,engine
Ceres,-20,115.62844710927352,25.868696907776407,engine
Ceres,-15,115.63013156365746,25.868513550611347,engine
Ceres,-10,115.63181612245172,25.868330104250532,engine
Ceres,-5,115.63350079069846,25.868146569526857,engine
Ceres,-2,115.6345116453417,25.86803640672031,engine
Ceres,-1,115.6348486060695,25.867999678833996,engine
Ceres,0,115.63518557153046,25.867962947483996,engine
Ceres,1,115.6355225415745,25.867926212681756,engine
Ceres,2,115.63585951632358,25.86788947443378,engine
Ceres,3,115.63619649580883,25.867852732748297,engine
Ceres,4,115.63653348015207,25.8678159876319,engine
Ceres,5,115.63687046920283,25.86777923909625,engine
Ceres,6,115.63720746330863,25.867742487123415,engine
Ceres,7,115.63754446204835,25.86770573177111,engine
Ceres,8,115.63788146567862,25.867668973023175,engine
Ceres,9,115.63821847423007,25.86763221088815,engine
Ceres,10,115.63855548782388,25.86759544537294,engine
Ceres,11,115.63889250630905,25.86755867648955,engine
Ceres,12,115.63922952980658,25.867521904244974,engine
Ceres,13,115.6395665583467,25.867485128647974,engine
Ceres,14,115.63990359195952,25.867448349707324,engine
Ceres,15,115.64024063067505,25.8674115674319,engine
Ceres,16,115.64057767461392,25.867374781828893,engine
Ceres,17,115.64091472385057,25.867337992885943,engine
Ceres,18,115.64125177805339,25.867301200659707,engine
Ceres,19,115.64158883747798,25.86726440513457,engine
Ceres,20,115.64192590215391,25.867227606319627,engine
Ceres,21,115.64226297211059,25.86719080422404,engine
Ceres,22,115.64260004746798,25.867153998855315,engine
Ceres,23,115.64293712807394,25.867117190226057,engine
Ceres,24,115.6432742140483,25.867080378343914,engine
Ceres,25,115.64361130542005,25.8670435632182,engine
Ceres,26,115.6439484022181,25.867006744858326,engine
Ceres,27,115.64428550447121,25.866969923273746,engine
Ceres,28,115.64462261220814,25.866933098473947,engine
Ceres,29,115.64495972568349,25.86689627044378,engine
Ceres,30,115.64529684456434,25.866859439240557,engine
Chiron,-30,14.044241257338719,8.126985229692838,engine
Chiron,-20,14.044301494801182,8.127014073022382,engine
Chiron,-15,14.044331664763837,8.127028490850362,engine
Chiron,-10,14.044361868571023,8.127042906296438,engine
Chiron,-5,14.04439210598751,8.12705731950286,engine
Chiron,-2,14.044410264450432,8.127065966404018,engine
Chiron,-1,14.044416319930017,8.127068848541391,engine
Chiron,0,14.044422376729242,8.127071730597406,engine
Chiron,1,14.044428434854305,8.12707461257555,engine
Chiron,2,14.044434494294167,8.127077494474447,engine
Chiron,3,14.044440555054955,8.127080376297593,engine
Chiron,4,14.044446617125567,8.127083258043603,engine
Chiron,5,14.044452680512064,8.127086139715965,engine
Chiron,6,14.04445874520735,8.127089021315227,engine
Chiron,7,14.044464811209302,8.127091902841018,engine
Chiron,8,14.044470878510728,8.127094784293869,engine
Chiron,9,14.044476947117568,8.127097665677264,engine
Chiron,10,14.044483017018548,8.127100546989825,engine
Chiron,11,14.044489088219512,8.127103428235012,engine
Chiron,12,14.044495160709104,8.127106309411447,engine
Chiron,13,14.044501234493147,8.127109190522596,engine
Chiron,14,14.044507309560188,8.127112071567067,engine
Chiron,15,14.044513385915984,8.127114952548318,engine
Chiron,16,14.044519463549038,8.127117833464956,engine
Chiron,17,14.044525542469117,8.127120714322388,engine
Chiron,18,14.044531622660811,8.127123595116554,engine
Chiron,19,14.044537704120899,8.127126475849204,engine
Chiron,20,14.044543786854977,8.127129356523788,engine
Chiron,21,14.044549870851377,8.127132237138904,engine
Chiron,22,14.044555956115644,8.127135117698009,engine
Chiron,23,14.044562042636045,8.127137998199688,engine
Chiron,24,14.044568130418059,8.127140878647399,engine
Chiron,25,14.044574219454189,8.127143759040933,engine
Chiron,26,14.044580309736931,8.127146639380097,engine
Chiron,27,14.044586401271653,8.127149519668329,engine
Chiron,28,14.044592494046498,8.127152399904208,engine
Chiron,29,14.044598588070834,8.127155280093117,engine
Chiron,30,14.04460468332887,8.127158160230977,engine
Eris,-30,26.970677031307154,-0.8956394804322079,tno-rate
Eris,-20,26.970693106955743,-0.8956430810962437,tno-rate
Eris,-15,26.970701144780037,-0.8956448814282616,tno-rate
Eris,-10,26.97070918260433,-0.8956466817602795,tno-rate
Eris,-5,26.970717220428625,-0.8956484820922974,tno-rate
Eris,-2,26.970722043123203,-0.8956495622915082,tno-rate
Eris,-1,26.97072365068806,-0.8956499223579117,tno-rate
Eris,0,26.97072525825292,-0.8956502824243153,tno-rate
Eris,1,26.970726865817777,-0.8956506424907189,tno-rate
Eris,2,26.970728473382636,-0.8956510025571225,tno-rate
Eris,3,26.970730080947497,-0.8956513626235261,tno-rate
Eris,4,26.970731688512355,-0.8956517226899297,tno-rate
Eris,5,26.970733296077213,-0.8956520827563332,tno-rate
Eris,6,26.97073490364207,-0.8956524428227368,tno-rate
Eris,7,26.97073651120693,-0.8956528028891404,tno-rate
Eris,8,26.97073811877179,-0.895653162955544,tno-rate
Eris,9,26.97073972633665,-0.8956535230219476,tno-rate
Eris,10,26.970741333901508,-0.8956538830883511,tno-rate
Eris,11,26.970742941466366,-0.8956542431547547,tno-rate
Eris,12,26.970744549031227,-0.8956546032211583,tno-rate
Eris,13,26.970746156596086,-0.8956549632875619,tno-rate
Eris,14,26.970747764160944,-0.8956553233539655,tno-rate
Eris,15,26.970749371725802,-0.895655683420369,tno-rate
Eris,16,26.97075097929066,-0.8956560434867726,tno-rate
Eris,17,26.97075258685552,-0.8956564035531762,tno-rate
Eris,18,26.97075419442038,-0.8956567636195798,tno-rate
Eris,19,26.970755801985238,-0.8956571236859834,tno-rate
Eris,20,26.970757409550096,-0.895657483752387,tno-rate
Eris,21,26.970759017114954,-0.8956578438187905,tno-rate
Eris,22,26.970760624679816,-0.8956582038851941,tno-rate
Eris,23,26.970762232244674,-0.8956585639515977,tno-rate
Eris,24,26.970763839809532,-0.8956589240180013,tno-rate
Eris,25,26.97076544737439,-0.8956592840844049,tno-rate
Eris,26,26.970767054939248,-0.8956596441508085,tno-rate
Eris,27,26.97076866250411,-0.895660004217212,tno-rate
Eris,28,26.970770270068968,-0.8956603642836156,tno-rate
Eris,29,26.970771877633826,-0.8956607243500192,tno-rate
Eris,30,26.970773485198684,-0.8956610844164228,tno-rate
Fomalhaut,-30,344.4182818556152,-29.620366484645306,engine
Fomalhaut,-20,344.4182817893819,-29.620365341401257,engine
Fomalhaut,-15,344.4182817983081,-29.620364765520254,engine
Fomalhaut,-10,344.41828183544743,-29.62036418715131,engine
Fomalhaut,-5,344.4182819009214,-29.62036360655918,engine
Fomalhaut,-2,344.4182819538518,-29.620363257247504,engine
Fomalhaut,-1,344.41828197377447,-29.62036314066367,engine
Fomalhaut,0,344.41828199483786,-29.62036302401009,engine
Fomalhaut,1,344.4182820170428,-29.620362907288904,engine
Fomalhaut,2,344.41828204038995,-29.620362790502252,engine
Fomalhaut,3,344.41828206488,-29.620362673652277,engine
Fomalhaut,4,344.4182820905135,-29.620362556741114,engine
Fomalhaut,5,344.4182821172912,-29.620362439770922,engine
Fomalhaut,6,344.41828214521365,-29.62036232274375,engine
Fomalhaut,7,344.41828217428144,-29.620362205661905,engine
Fomalhaut,8,344.4182822044951,-29.620362088527465,engine
Fomalhaut,9,344.41828223585514,-29.620361971342582,engine
Fomalhaut,10,344.41828226836213,-29.620361854109376,engine
Fomalhaut,11,344.41828230201656,-29.620361736830016,engine
Fomalhaut,12,344.4182823368189,-29.620361619506664,engine
Fomalhaut,13,344.4182823727695,-29.620361502141456,engine
Fomalhaut,14,344.41828240986894,-29.62036138473655,engine
Fomalhaut,15,344.41828244811757,-29.620361267294093,engine
Fomalhaut,16,344.4182824875157,-29.620361149816237,engine
Fomalhaut,17,344.4182825280638,-29.620361032305077,engine
Fomalhaut,18,344.41828256976214,-29.62036091476291,engine
Fomalhaut,19,344.418282612611,-29.6203607971918,engine
Fomalhaut,20,344.41828265661076,-29.620360679593922,engine
Fomalhaut,21,344.41828270176165,-29.620360561971445,engine
Fomalhaut,22,344.4182827480639,-29.620360444326494,engine
Fomalhaut,23,344.41828279551777,-29.620360326661242,engine
Fomalhaut,24,344.41828284412344,-29.620360208977864,engine
Fomalhaut,25,344.41828289388116,-29.620360091278503,engine
Fomalhaut,26,344.41828294479103,-29.620359973565304,engine
Fomalhaut,27,344.4182829968531,-29.62035985584045,engine
Fomalhaut,28,344.4182830500677,-29.620359738106092,engine
Fomalhaut,29,344.4182831044348,-29.6203596203643,engine
Fomalhaut,30,344.41828315995446,-29.620359502617404,engine
Juno,-30,348.5864883984125,1.9844823994249046,engine
Juno,-20,348.58728306242796,1.9845798468538904,engine
Juno,-15,348.5876805088265,1.984628534559993,engine
Juno,-10,348.58807802127285,1.9846771983804223,engine
Juno,-5,348.588475592371,1.984725838441624,engine
Juno,-2,348.5887141599785,1.9847550111134928,engine
Juno,-1,348.58879368624554,1.9847647334379763,engine
Juno,0,348.5888732144587,1.9847744548440065,engine
Juno,1,348.5889527442415,1.984784175280639,engine
Juno,2,348.58903227568936,1.9847938947743626,engine
Juno,3,348.5891118088975,1.984803613351662,engine
Juno,4,348.5891913434892,1.984813330961553,engine
Juno,5,348.5892708795595,1.9848230476305024,engine
Juno,6,348.5893504172568,1.9848327633914706,engine
Juno,7,348.58942995609755,1.9848424781804268,engine
Juno,8,348.5895094962298,1.984852192030313,engine
Juno,9,348.58958903759134,1.9848619049417364,engine
Juno,10,348.58966858027674,1.9848716169411056,engine
Juno,11,348.58974812390875,1.9848813279773825,engine
Juno,12,348.589827668582,1.9848910380769405,engine
Juno,13,348.5899072143912,1.9849007472661722,engine
Juno,14,348.5899867609586,1.9849104554940058,engine
Juno,15,348.5900663085362,1.9849201628126056,engine
Juno,16,348.5901458567463,1.9849298691708825,engine
Juno,17,348.59022540573653,1.9849395746016802,engine
Juno,18,348.59030495549456,1.9849492791183108,engine
Juno,19,348.5903845056959,1.9849589826761733,engine
Juno,20,348.5904640564347,1.9849686853015576,engine
Juno,21,348.590543607805,1.9849783870207673,engine
Juno,22,348.5906231594289,1.98498808778265,engine
Juno,23,348.5907027115577,1.984997787639309,engine
Juno,24,348.5907822638132,1.9850074865395435,engine
Juno,25,348.5908618162895,1.9850171845096343,engine
Juno,26,348.59094136908027,1.985026881575817,engine
Juno,27,348.5910209218073,1.9850365776868955,engine
Juno,28,348.5911004747217,1.985046272894902,engine
Juno,29,348.5911800274985,1.985055967155115,engine
Juno,30,348.5912595802819,1.985065660506555,engine
Jupiter,-30,7.6370252776400775,1.8500091386878363,engine
Jupiter,-20,7.63745757280528,1.8501538095230585,engine
Jupiter,-15,7.637673832096384,1.8502261285921329,engine
Jupiter,-10,7.637890162689378,1.8502984368109796,engine
Jupiter,-5,7.638106562409579,1.8503707343130287,engine
Jupiter,-2,7.638236434422577,1.8504141077003784,engine
Jupiter,-1,7.6382797303120995,1.8504285646345786,engine
Jupiter,0,7.638323028791896,1.8504430211447196,engine
Jupiter,1,7.638366329882831,1.8504574772486648,engine
Jupiter,2,7.638409633524858,1.8504719329297228,engine
Jupiter,3,7.638452939657887,1.8504863881711853,engine
Jupiter,4,7.638496248342908,1.850500843008196,engine
Jupiter,5,7.638539559479274,1.8505152974067662,engine
Jupiter,6,7.638582873156892,1.8505297514117052,engine
Jupiter,7,7.638626189216862,1.8505442049696492,engine
Jupiter,8,7.638669507748967,1.8505586581254052,engine
Jupiter,9,7.6387128286522366,1.850573110844971,engine
Jupiter,10,7.6387561519872715,1.8505875631634725,engine
Jupiter,11,7.638799477652989,1.8506020150469082,engine
Jupiter,12,7.638842805709773,1.8506164665303635,engine
Jupiter,13,7.638886136056466,1.850630917579861,engine
Jupiter,14,7.638929468753297,1.8506453682304755,engine
Jupiter,15,7.6389728037393105,1.8506598184654732,engine
Jupiter,16,7.639016140953508,1.8506742682681436,engine
Jupiter,17,7.639059480484975,1.850688717683229,engine
Jupiter,18,7.639102822174071,1.8507031666573568,engine
Jupiter,19,7.6391461661097555,1.850717615235276,engine
Jupiter,20,7.639189512230731,1.8507320634002562,engine
Jupiter,21,7.639232860475665,1.8507465111355361,engine
Jupiter,22,7.639276210904225,1.8507609584761813,engine
Jupiter,23,7.639319563414576,1.8507754053881729,engine
Jupiter,24,7.63936291806628,1.850789851906556,engine
Jupiter,25,7.6394062747976825,1.8508042980145747,engine
Jupiter,26,7.639449633547137,1.8508187436954653,engine
Jupiter,27,7.639492994374021,1.8508331889842793,engine
Jupiter,28,7.639536357176087,1.8508476338469524,engine
Jupiter,29,7.639579722041727,1.8508620783282432,engine
Jupiter,30,7.639623088850808,1.8508765223919792,engine
Ketu,-30,228.2034800487728,-17.909388484663133,engine
Ketu,-20,228.2035819713246,-17.90941514536303,engine
Ketu,-15,228.20363286587428,-17.909428458234622,engine
Ketu,-10,228.20368371493532,-17.909441759191225,engine
Ketu,-5,228.20373451777817,-17.909455048042048,engine
Ketu,-2,228.20376497697538,-17.90946301545709,engine
Ketu,-1,228.20377512625225,-17.909465670269757,engine
Ketu,0,228.20378527363272,-17.909468324585685,engine
Ketu,1,228.20379541909705,-17.90947097839977,engine
Ketu,2,228.20380556264615,-17.90947363171224,engine
Ketu,3,228.20381570428071,-17.909476284523244,engine
Ketu,4,228.20382584398126,-17.909478936827732,engine
Ketu,5,228.20383598174888,-17.909481588625965,engine
Ketu,6,228.20384611759027,-17.90948423991969,engine
Ketu,7,228.20385625147318,-17.909486890700467,engine
Ketu,8,228.20386638340466,-17.909489540970174,engine
Ketu,9,228.20387651338572,-17.909492190729043,engine
Ketu,10,228.20388664139688,-17.909494839971998,engine
Ketu,11,228.20389676743855,-17.90949748869912,engine
Ketu,12,228.20390689151176,-17.90950013691072,engine
Ketu,13,228.20391701359702,-17.909502784601656,engine
Ketu,14,228.203927133695,-17.909505431772118,engine
Ketu,15,228.20393725180642,-17.909508078422316,engine
Ketu,16,228.20394736791195,-17.90951072454719,engine
Ketu,17,228.20395748201886,-17.909513370148616,engine
Ketu,18,228.20396759411466,-17.90951601522333,engine
Ketu,19,228.20397770418631,-17.909518659767944,engine
Ketu,20,228.2039878122348,-17.909521303782707,engine
Ketu,21,228.2039979182607,-17.909523947267772,engine
Ketu,22,228.20400802224464,-17.909526590218046,engine
Ketu,23,228.2040181241874,-17.90952923263379,engine
Ketu,24,228.20402822408954,-17.909531874515096,engine
Ketu,25,228.20403832193165,-17.909534515856908,engine
Ketu,26,228.2040484177145,-17.909537156659425,engine
Ketu,27,228.2040585114389,-17.909539796922857,engine
Ketu,28,228.20406860308543,-17.909542436642155,engine
Ketu,29,228.20407869266143,-17.90954507581919,engine
Ketu,30,228.20408878015422,-17.90954771445067,engine
Mars,-30,30.496492567575398,10.485938333186656,engine
Mars,-20,30.50111869669355,10.487600449516938,engine
Mars,-15,30.503432488049704,10.488431541676514,engine
Mars,-10,30.50574675571012,10.489262658902868,engine
Mars,-5,30.508061494414385,10.490093803368866,engine
Mars,-2,30.509450560911656,10.490592503845424,engine
Mars,-1,30.509913619842912,10.49075873966688,engine
Mars,0,30.510376697351063,10.49092497679575,engine
Mars,1,30.510839792960883,10.491091215069638,engine
Mars,2,30.511302907041387,10.491257454680392,engine
Mars,3,30.511766039116544,10.491423695465556,engine
Mars,4,30.51222918955468,10.491589937616896,engine
Mars,5,30.512692357879207,10.49175618097184,engine
Mars,6,30.51315554476818,10.491922425833556,engine
Mars,7,30.513618749334317,10.49208867190503,engine
Mars,8,30.514081971621557,10.492254919223578,engine
Mars,9,30.514545211996463,10.492421167980806,engine
Mars,10,30.51500846998067,10.49258741801392,engine
Mars,11,30.51547174593996,10.492753669514382,engine
Mars,12,30.515935039395277,10.492919922319317,engine
Mars,13,30.51639835071177,10.493086176620142,engine
Mars,14,30.516861679409676,10.493252432253875,engine
Mars,15,30.517325025853424,10.493418689411806,engine
Mars,16,30.5177883897737,10.49358494801948,engine
Mars,17,30.518251771211613,10.493751208113839,engine
Mars,18,30.518715169909175,10.493917469663094,engine
Mars,19,30.519178585695638,10.494083732615536,engine
Mars,20,30.519642018933727,10.494249997162212,engine
Mars,21,30.520105469352476,10.494416263228443,engine
Mars,22,30.520568936680583,10.49458253073948,engine
Mars,23,30.521032421279774,10.494748799886207,engine
Mars,24,30.521495922666954,10.494915070505243,engine
Mars,25,30.521959441203176,10.495081342787413,engine
Mars,26,30.52242297661586,10.495247616657775,engine
Mars,27,30.522886528632007,10.495413892041315,engine
Mars,28,30.523350097611726,10.495580169128742,engine
Mars,29,30.52381368338112,10.495746447867887,engine
Mars,30,30.524277285677968,10.495912728226333,engine
Mercury,-30,97.0537459309557,23.713261085390375,engine
Mercury,-20,97.06947904667045,23.713753099905947,engine
Mercury,-15,97.0773468882644,23.71399814817895,engine
Mercury,-10,97.08521559329854,23.714242561935006,engine
Mercury,-5,97.09308517327986,23.714486345046897,engine
Mercury,-2,97.09780734267443,23.714632313741227,engine
Mercury,-1,97.0993814700128,23.714680919979653,engine
Mercury,0,97.10095563276658,23.714729501264628,engine
Mercury,1,97.10252983031702,23.71477805757659,engine
Mercury,2,97.10410406406268,23.714826589047828,engine
Mercury,3,97.10567833338408,23.714875095658975,engine
Mercury,4,97.10725263833399,23.714923577441294,engine
Mercury,5,97.10882697829213,23.714972034375663,engine
Mercury,6,97.1104013557114,23.715020466627074,engine
Mercury,7,97.11197576785926,23.71506887411159,engine
Mercury,8,97.11355021584271,23.71511725689334,engine
Mercury,9,97.11512469903985,23.71516561495351,engine
Mercury,10,97.11669921884643,23.715213948424957,engine
Mercury,11,97.11827377463987,23.715262257289066,engine
Mercury,12,97.11984836646985,23.715310541577782,engine
Mercury,13,97.12142299371288,23.715358801272654,engine
Mercury,14,97.1229976577633,23.715407036506843,engine
Mercury,15,97.1245723579969,23.715455247262057,engine
Mercury,16,97.12614709446181,23.715503433570557,engine
Mercury,17,97.12772186758902,23.715551595446613,engine
Mercury,18,97.12929667665934,23.71559973295894,engine
Mercury,19,97.13087152210292,23.71564784612195,engine
Mercury,20,97.1324464039664,23.71569593496824,engine
Mercury,21,97.1340213222959,23.715743999530513,engine
Mercury,22,97.1355962764643,23.71579203979111,engine
Mercury,23,97.13717126786266,23.715840055883692,engine
Mercury,24,97.13874629586313,23.715888047790763,engine
Mercury,25,97.14032136051033,23.715936015545314,engine
Mercury,26,97.14189646184838,23.715983959180406,engine
Mercury,27,97.14347159992101,23.716031878729154,engine
Mercury,28,97.1450467740988,23.716079774174467,engine
Mercury,29,97.1466219868268,23.71612764568237,engine
Mercury,30,97.14819723536209,23.71617549317168,engine
Moon,-30,213.89760218295203,-12.782034710152882,engine
Moon,-20,213.975915094822,-12.826467489661013,engine
Moon,-15,214.0147326982054,-12.848649312645177,engine
Moon,-10,214.05332761973438,-12.870806424315191,engine
Moon,-5,214.09170242845227,-12.892937590466769,engine
Moon,-2,214.11462273830395,-12.9062033112648,engine
Moon,-1,214.12224559009846,-12.910623010613296,engine
Moon,0,214.1298597644212,-12.915041561748108,engine
Moon,1,214.1374654168996,-12.919458996748386,engine
Moon,2,214.14506243696306,-12.923875263797731,engine
Moon,3,214.15265091402068,-12.928290374019657,engine
Moon,4,214.16023093773194,-12.932704338609652,engine
Moon,5,214.16780239789918,-12.93711710569768,engine
Moon,6,214.1753653895882,-12.94152868944099,engine
Moon,7,214.18291999292072,-12.94593909518226,engine
Moon,8,214.19046610311406,-12.9503482739756,engine
Moon,9,214.19800387756936,-12.954756258171955,engine
Moon,10,214.20553320669688,-12.959162995836936,engine
Moon,11,214.21305418146324,-12.963568498293345,engine
Moon,12,214.22056689307283,-12.967972776903753,engine
Moon,13,214.2280712322996,-12.972375779712532,engine
Moon,14,214.23556729069335,-12.976777518095375,engine
Moon,15,214.24305516005538,-12.981178003499313,engine
Moon,16,214.25053473150825,-12.985577183930168,engine
Moon,17,214.25800610217317,-12.989975073787116,engine
Moon,18,214.26546935440265,-12.99437167869164,engine
Moon,19,214.27292438469885,-12.998766949567626,engine
Moon,20,214.28037128572225,-13.003160897949481,engine
Moon,21,214.28781015044993,-13.00755353541152,engine
Moon,22,214.29524087066682,-13.011944809918457,engine
Moon,23,214.30266353965783,-13.016334733070737,engine
Moon,24,214.31007825093852,-13.020723316529894,engine
Moon,25,214.31748489665986,-13.025110508225245,engine
Moon,26,214.32488357064292,-13.029496319833223,engine
Moon,27,214.3322743669721,-13.033880763104124,engine
Moon,28,214.33965717813098,-13.038263785933873,engine
Moon,29,214.34703210346674,-13.042645403024956,engine
Moon,30,214.3543991603838,-13.047025598998498,engine
Neptune,-30,355.9768172285154,-3.036944734263751,engine
Neptune,-20,355.9767845921072,-3.0369649286285774,engine
Neptune,-15,355.9767683141002,-3.036975030320628,engine
Neptune,-10,355.97675206257605,-3.0369851350638672,engine
Neptune,-5,355.976735837269,-3.0369952428982696,engine
Neptune,-2,355.9767261145563,-3.037001309096196,engine
Neptune,-1,355.9767228757179,-3.0370033314131084,engine
Neptune,0,355.9767196379054,-3.037005353857211,engine
Neptune,1,355.9767164011218,-3.037007376426632,engine
Neptune,2,355.97671316536196,-3.0370093991227267,engine
Neptune,3,355.97670993062354,-3.037011421945771,engine
Neptune,4,355.97670669690143,-3.0370134448971133,engine
Neptune,5,355.9767034641984,-3.0370154679748875,engine
Neptune,6,355.9767002325072,-3.037017491181797,engine
Neptune,7,355.9766970018297,-3.0370195145154084,engine
Neptune,8,355.9766937721585,-3.03702153797842,engine
Neptune,9,355.9766905434963,-3.037023561568965,engine
Neptune,10,355.9766873158379,-3.037025585288389,engine
Neptune,11,355.9766840891807,-3.037027609136967,engine
Neptune,12,355.9766808635221,-3.037029633114968,engine
Neptune,13,355.9766776388567,-3.0370316572237392,engine
Neptune,14,355.97667441518723,-3.0370336814614065,engine
Neptune,15,355.97667119250826,-3.0370357058293136,engine
Neptune,16,355.97666797081706,-3.0370377303277314,engine
Neptune,17,355.9766647501088,-3.0370397549582853,engine
Neptune,18,355.97666153038233,-3.037041779719604,engine
Neptune,19,355.97665831163795,-3.037043804611167,engine
Neptune,20,355.97665509387025,-3.037045829634316,engine
Neptune,21,355.9766518770764,-3.037047854789318,engine
Neptune,22,355.9766486612534,-3.03704988007644,engine
Neptune,23,355.97664544639593,-3.037051905497018,engine
Neptune,24,355.9766422325062,-3.037053931049173,engine
Neptune,25,355.9766390195787,-3.0370559567342457,engine
Neptune,26,355.97663580761053,-3.0370579825524975,engine
Neptune,27,355.9766325965986,-3.037060008504191,engine
Neptune,28,355.97662938654,-3.0370620345895896,engine
Neptune,29,355.97662617742947,-3.0370640608103154,engine
Neptune,30,355.97662296926825,-3.0370660871639106,engine
Pallas,-30,63.70384707054913,-1.7298927781838014,engine
Pallas,-20,63.7070091213066,-1.7302318758270074,engine
Pallas,-15,63.708590483484215,-1.730401462983148,engine
Pallas,-10,63.71017207066461,-1.7305710758331376,engine
Pallas,-5,63.711753884285464,-1.7307407146118665,engine
Pallas,-2,63.71270308110349,-1.7308425103521352,engine
Pallas,-1,63.71301949811092,-1.7308764443509461,engine
Pallas,0,63.71333592419081,-1.7309103793954996,engine
Pallas,1,63.713652359446606,-1.7309443154903,engine
Pallas,2,63.713968803679144,-1.7309782526298274,engine
Pallas,3,63.71428525709229,-1.731012190821917,engine
Pallas,4,63.71460171948659,-1.7310461300610687,engine
Pallas,5,63.71491819106555,-1.7310800703551137,engine
Pallas,6,63.71523467184153,-1.7311140117213009,engine
Pallas,7,63.715551161492506,-1.7311479541186183,engine
Pallas,8,63.7158676603329,-1.7311818975743343,engine
Pallas,9,63.71618416816232,-1.7312158420829329,engine
Pallas,10,63.71650068518347,-1.7312497876522568,engine
Pallas,11,63.71681721119559,-1.7312837342768,engine
Pallas,12,63.71713374640101,-1.7313176819644114,engine
Pallas,13,63.71745029059869,-1.7313516307095824,engine
Pallas,14,63.71776684399057,-1.7313855805201561,engine
Pallas,15,63.71808340637521,-1.7314195313906244,engine
Pallas,16,63.71839997785348,-1.731453483325504,engine
Pallas,17,63.71871655873825,-1.731487436352065,engine
Pallas,18,63.71903314840308,-1.7315213904192766,engine
Pallas,19,63.719349747261276,-1.7315553455577417,engine
Pallas,20,63.719666355110604,-1.731589301761967,engine
Pallas,21,63.719982972151776,-1.7316232590397955,engine
Pallas,22,63.72029959818218,-1.7316572173857292,engine
Pallas,23,63.72061623340218,-1.7316911768076078,engine
Pallas,24,63.720932877608824,-1.7317251372999372,engine
Pallas,25,63.72124953090135,-1.7317590988672327,engine
Pallas,26,63.721566193378806,-1.7317930615139951,engine
Pallas,27,63.72188286483771,-1.7318270252347292,engine
Pallas,28,63.722199545477594,-1.7318609900372843,engine
Pallas,29,63.72251623530692,-1.7318949559389378,engine
Pallas,30,63.72283293410019,-1.731928922901984,engine
Pluto,-30,299.82431441816055,-22.768354333495576,engine
Pluto,-20,299.8241475044061,-22.768397788063808,engine
Pluto,-15,299.8240640631447,-22.768419533030194,engine
Pluto,-10,299.8239806313497,-22.768441289893598,engine
Pluto,-5,299.823897208242,-22.768463058745468,engine
Pluto,-2,299.82384715825924,-22.768476125837633,engine
Pluto,-1,299.8238304755391,-22.768480482501936,engine
Pluto,0,299.82381379311664,-22.768484839650966,engine
Pluto,1,299.8237971109833,-22.768489197285,engine
Pluto,2,299.8237804291332,-22.76849355540455,engine
Pluto,3,299.8237637475603,-22.768497914010133,engine
Pluto,4,299.8237470662586,-22.768502273102257,engine
Pluto,5,299.82373038522206,-22.7685066326814,engine
Pluto,6,299.8237137044311,-22.768510992750734,engine
Pluto,7,299.82369702390713,-22.768515353305357,engine
Pluto,8,299.8236803436305,-22.768519714348404,engine
Pluto,9,299.82366366359497,-22.768524075880347,engine
Pluto,10,299.8236469837948,-22.768528437901615,engine
Pluto,11,299.8236303042237,-22.76853280041265,engine
Pluto,12,299.8236136248733,-22.768537163413626,engine
Pluto,13,299.8235969457426,-22.768541526905448,engine
Pluto,14,299.82358026682306,-22.768545890888277,engine
Pluto,15,299.82356358810864,-22.76855025536251,engine
Pluto,16,299.82354690959323,-22.76855462032853,engine
Pluto,17,299.8235302312596,-22.768558985789646,engine
Pluto,18,299.8235135531241,-22.76856335174036,engine
Pluto,19,299.82349687516955,-22.76856771818397,engine
Pluto,20,299.82348019738976,-22.768572085120823,engine
Pluto,21,299.8234635197761,-22.76857645255102,engine
Pluto,22,299.8234468423277,-22.76858082047536,engine
Pluto,23,299.823430165036,-22.768585188893937,engine
Pluto,24,299.82341348789475,-22.768589557807044,engine
Pluto,25,299.823396810898,-22.768593927214997,engine
Pluto,26,299.8233801340395,-22.768598297118082,engine
Pluto,27,299.82336345731335,-22.768602667516593,engine
Pluto,28,299.8233467807133,-22.768607038410785,engine
Pluto,29,299.8233301042222,-22.768611409803846,engine
Pluto,30,299.8233134278536,-22.768615781689967,engine
Rahu,-30,48.203480048772796,17.909388484663133,engine
Rahu,-20,48.20358197132462,17.90941514536303,engine
Rahu,-15,48.20363286587429,17.909428458234622,engine
Rahu,-10,48.20368371493532,17.909441759191225,engine
Rahu,-5,48.20373451777817,17.909455048042048,engine
Rahu,-2,48.20376497697538,17.90946301545709,engine
Rahu,-1,48.20377512625225,17.909465670269757,engine
Rahu,0,48.20378527363271,17.909468324585685,engine
Rahu,1,48.20379541909706,17.90947097839977,engine
Rahu,2,48.20380556264614,17.90947363171224,engine
Rahu,3,48.2038157042807,17.909476284523244,engine
Rahu,4,48.20382584398127,17.909478936827732,engine
Rahu,5,48.20383598174889,17.909481588625965,engine
Rahu,6,48.20384611759029,17.90948423991969,engine
Rahu,7,48.20385625147318,17.909486890700467,engine
Rahu,8,48.20386638340465,17.909489540970174,engine
Rahu,9,48.203876513385715,17.909492190729043,engine
Rahu,10,48.203886641396885,17.909494839971998,engine
Rahu,11,48.20389676743856,17.90949748869912,engine
Rahu,12,48.203906891511764,17.90950013691072,engine
Rahu,13,48.20391701359702,17.909502784601656,engine
Rahu,14,48.20392713369499,17.909505431772118,engine
Rahu,15,48.203937251806416,17.909508078422316,engine
Rahu,16,48.203947367911965,17.90951072454719,engine
Rahu,17,48.203957482018865,17.909513370148616,engine
Rahu,18,48.20396759411465,17.90951601522333,engine
Rahu,19,48.20397770418631,17.909518659767944,engine
Rahu,20,48.2039878122348,17.909521303782707,engine
Rahu,21,48.2039979182607,17.909523947267772,engine
Rahu,22,48.204008022244636,17.909526590218046,engine
Rahu,23,48.20401812418739,17.90952923263379,engine
Rahu,24,48.204028224089534,17.909531874515096,engine
Rahu,25,48.204038321931634,17.909534515856908,engine
Rahu,26,48.20404841771449,17.909537156659425,engine
Rahu,27,48.20405851143889,17.909539796922857,engine
Rahu,28,48.204068603085446,17.909542436642155,engine
Rahu,29,48.20407869266144,17.90954507581919,engine
Rahu,30,48.20408878015422,17.90954771445067,engine
Regulus,-30,152.08755990619207,11.968701080578558,engine
Regulus,-20,152.0875595517404,11.96870170559617,engine
Regulus,-15,152.08755933611528,11.968702018204834,engine
Regulus,-10,152.08755909488616,11.968702330729803,engine
Regulus,-5,152.08755882806474,11.968702643058577,engine
Regulus,-2,152.08755865569728,11.968702830314797,engine
Regulus,-1,152.08755859619717,11.968702892704629,engine
Regulus,0,152.0875585356754,11.968702955078523,engine
Regulus,1,152.08755847413235,11.968703017435566,engine
Regulus,2,152.08755841156835,11.968703079774867,engine
Regulus,3,152.0875583479838,11.968703142095524,engine
Regulus,4,152.087558283379,11.968703204396641,engine
Regulus,5,152.08755821775443,11.968703266677318,engine
Regulus,6,152.0875581511105,11.968703328936702,engine
Regulus,7,152.08755808344765,11.968703391173811,engine
Regulus,8,152.08755801476636,11.968703453387802,engine
Regulus,9,152.08755794506712,11.968703515577767,engine
Regulus,10,152.08755787435044,11.968703577742813,engine
Regulus,11,152.08755780261686,11.96870363988205,engine
Regulus,12,152.08755772986686,11.968703701994585,engine
Regulus,13,152.08755765610107,11.968703764079514,engine
Regulus,14,152.08755758132006,11.96870382613595,engine
Regulus,15,152.08755750552436,11.96870388816301,engine
Regulus,16,152.08755742871472,11.968703950159782,engine
Regulus,17,152.08755735089164,11.968704012125434,engine
Regulus,18,152.0875572720559,11.968704074058987,engine
Regulus,19,152.08755719220818,11.96870413595959,engine
Regulus,20,152.0875571113491,11.968704197826355,engine
Regulus,21,152.08755702947946,11.96870425965839,engine
Regulus,22,152.08755694659993,11.96870432145482,engine
Regulus,23,152.0875568627113,11.968704383214734,engine
Regulus,24,152.08755677781437,11.968704444937261,engine
Regulus,25,152.0875566919099,11.968704506621517,engine
Regulus,26,152.08755660499872,11.968704568266606,engine
Regulus,27,152.08755651708165,11.968704629871652,engine
Regulus,28,152.0875564281596,11.968704691435773,engine
Regulus,29,152.08755633823333,11.968704752958114,engine
Regulus,30,152.08755624730387,11.968704814437725,engine
Saturn,-30,326.7858042402911,-14.65853193454965,engine
Saturn,-20,326.78547688935424,-14.658665512958141,engine
Saturn,-15,326.78531322223847,-14.658732338217748,engine
Saturn,-10,326.78514955838875,-14.658799187627295,engine
Saturn,-5,326.7849858959437,-14.658866061310219,engine
Saturn,-2,326.78488769843256,-14.658906197193831,engine
Saturn,-1,326.7848549658461,-14.65891957776795,engine
Saturn,0,326.7848222331737,-14.658932959322375,engine
Saturn,1,326.7847895004322,-14.658946341848202,engine
Saturn,2,326.78475676759166,-14.658959725350641,engine
Saturn,3,326.7847240346221,-14.658973109834902,engine
Saturn,4,326.7846913015405,-14.658986495292014,engine
Saturn,5,326.7846585683168,-14.658999881727174,engine
Saturn,6,326.7846258348991,-14.659013269154492,engine
Saturn,7,326.7845931013482,-14.659026657547017,engine
Saturn,8,326.78456036759644,-14.659040046923566,engine
Saturn,9,326.7845276336608,-14.659053437275112,engine
Saturn,10,326.7844948995112,-14.659066828606747,engine
Saturn,11,326.7844621651176,-14.659080220923551,engine
Saturn,12,326.78442943049686,-14.659093614216452,engine
Saturn,13,326.7843966956189,-14.659107008490482,engine
Saturn,14,326.7843639604538,-14.65912040375068,engine
Saturn,15,326.78433122501826,-14.659133799987933,engine
Saturn,16,326.7842984892824,-14.659147197207236,engine
Saturn,17,326.7842657531939,-14.659160595422549,engine
Saturn,18,326.78423301681374,-14.65917399460675,engine
Saturn,19,326.7842002800898,-14.65918739477378,engine
Saturn,20,326.784167542992,-14.65920079592856,engine
Saturn,21,326.7841348055372,-14.6592141980619,engine
Saturn,22,326.78410206769524,-14.659227601178692,engine
Saturn,23,326.7840693294361,-14.659241005283832,engine
Saturn,24,326.78403659077645,-14.659254410368067,engine
Saturn,25,326.7840038516863,-14.659267816436257,engine
Saturn,26,326.7839711121355,-14.65928122349324,engine
Saturn,27,326.7839383721409,-14.659294631529715,engine
Saturn,28,326.7839056316723,-14.659308040550508,engine
Saturn,29,326.7838728906933,-14.659321450564686,engine
Saturn,30,326.7838401492178,-14.659334861559056,engine
Sun,-30,107.49441384576852,22.460934883848946,engine
Sun,-20,107.50147484282442,22.46012754540762,engine
Sun,-15,107.50500603361809,22.45972347171858,engine
Sun,-10,107.50853770054182,22.459319133568975,engine
Sun,-5,107.51206985699724,22.458914534650138,engine
Sun,-2,107.51418938979907,22.458671651871157,engine
Sun,-1,107.51489594113504,22.458590670562273,engine
Sun,0,107.51560251281852,22.458509679116563,engine
Sun,1,107.51630910493684,22.458428677566953,engine
Sun,2,107.51701571757691,22.45834766594644,engine
Sun,3,107.517722350825,22.458266644288226,engine
Sun,4,107.51842900476733,22.458185612625552,engine
Sun,5,107.5191356794895,22.458104570991853,engine
Sun,6,107.51984237555067,22.45802351936634,engine
Sun,7,107.52054909208796,22.457942457891388,engine
Sun,8,107.52125582965952,22.457861386546444,engine
Sun,9,107.5219625883494,22.457780305365453,engine
Sun,10,107.5226693682412,22.457699214382487,engine
Sun,11,107.52337616941814,22.45761811363173,engine
Sun,12,107.5240829919628,22.457537003147483,engine
Sun,13,107.52478983595755,22.45745588296421,engine
Sun,14,107.52549670148431,22.457374753116493,engine
Sun,15,107.52620358862453,22.457293613639013,engine
Sun,16,107.52691049745924,22.457212464566588,engine
Sun,17,107.52761742854322,22.457131305879702,engine
Sun,18,107.52832438100835,22.457050137722298,engine
Sun,19,107.52903135540842,22.45696896007514,engine
Sun,20,107.5297383518229,22.456887772973527,engine
Sun,21,107.53044537033058,22.456806576452873,engine
Sun,22,107.53115241100998,22.45672537054873,engine
Sun,23,107.53185947393887,22.456644155296775,engine
Sun,24,107.532566559195,22.456562930732783,engine
Sun,25,107.53327366685546,22.456481696892652,engine
Sun,26,107.5339807969969,22.456400453812417,engine
Sun,27,107.53468794969551,22.45631920152818,engine
Sun,28,107.53539512502718,22.45623794007622,engine
Sun,29,107.53610232354151,22.456156669438382,engine
Sun,30,107.53680954436476,22.45607538976014,engine
Uranus,-30,45.36890707432437,16.76896207230267,engine
Uranus,-20,45.36915664695997,16.769030061227514,engine
Uranus,-15,45.369281483730326,16.769064045871705,engine
Uranus,-10,45.36940635454476,16.76909802429889,engine
Uranus,-5,45.36953125977023,16.769131996780906,engine
Uranus,-2,45.36960621951395,16.769152377515432,engine
Uranus,-1,45.36963120888003,16.769159170647903,engine
Uranus,0,45.36965619964119,16.769165963560727,engine
Uranus,1,45.369681191799486,16.769172756255973,engine
Uranus,2,45.36970618535191,16.769179548734254,engine
Uranus,3,45.3697311803105,16.769186341000577,engine
Uranus,4,45.369756176672205,16.769193133055545,engine
Uranus,5,45.369781174438884,16.769199924901255,engine
Uranus,6,45.36980617362924,16.76920671654433,engine
Uranus,7,45.36983117421159,16.769213507977764,engine
Uranus,8,45.36985617619946,16.769220299206715,engine
Uranus,9,45.369881179604754,16.769227090236225,engine
Uranus,10,45.36990618442416,16.7692338810669,engine
Uranus,11,45.36993119065941,16.769240671700853,engine
Uranus,12,45.36995619831218,16.769247462140168,engine
Uranus,13,45.369981207379105,16.769254252385476,engine
Uranus,14,45.37000621787188,16.76926104244182,engine
Uranus,15,45.37003122978709,16.769267832309836,engine
Uranus,16,45.37005624312624,16.769274621991624,engine
Uranus,17,45.37008125790765,16.769281411493832,engine
Uranus,18,45.37010627409928,16.76928820080948,engine
Uranus,19,45.37013129171933,16.769294989945216,engine
Uranus,20,45.37015631076418,16.76930177890169,engine
Uranus,21,45.37018133124536,16.769308567683954,engine
Uranus,22,45.37020635315914,16.76931535629266,engine
Uranus,23,45.37023137650686,16.7693221447299,engine
Uranus,24,45.37025640128981,16.76932893299782,engine
Uranus,25,45.370281427509234,16.769335721098514,engine
Uranus,26,45.37030645516638,16.76934250903412,engine
Uranus,27,45.370331484257385,16.769349296805284,engine
Uranus,28,45.3703565147935,16.769356084417073,engine
Uranus,29,45.37038154678757,16.76936287187469,engine
Uranus,30,45.37040658020716,16.769369659171158,engine
Venus,-30,77.41353860118818,21.852103307049063,engine
Venus,-20,77.42243793638099,21.853092421336346,engine
Venus,-15,77.4268883855838,21.853586713502736,engine
Venus,-10,77.43133935929319,21.854080833737232,engine
Venus,-5,77.435790863157,21.854574785983992,engine
Venus,-2,77.43846202034635,21.85487107814176,engine
Venus,-1,77.43935244884322,21.854969829194705,engine
Venus,0,77.4402428987104,21.855068573789787,engine
Venus,1,77.44113336966801,21.855167311910744,engine
Venus,2,77.44202386234002,21.8552660436797,engine
Venus,3,77.44291437644587,21.855364769080417,engine
Venus,4,77.44380491170469,21.855463488096746,engine
Venus,5,77.44469546873927,21.855562200850876,engine
Venus,6,77.44558604756374,21.85566090734676,engine
Venus,7,77.44647664760578,21.855759607574296,engine
Venus,8,77.44736726918019,21.855858301583606,engine
Venus,9,77.4482579120041,21.855956989358653,engine
Venus,10,77.44914857669845,21.85605567102179,engine
Venus,11,77.45003926297967,21.85615434655705,engine
Venus,12,77.45092997056382,21.856253015948454,engine
Venus,13,77.45182070007068,21.856351679318454,engine
Venus,14,77.45271145121554,21.856450336651132,engine
Venus,15,77.45360222371323,21.856548987930623,engine
Venus,16,77.45449301818249,21.856647633279437,engine
Venus,17,77.4553838346334,21.85674627270176,engine
Venus,18,77.45627467248913,21.85684490618783,engine
Venus,19,77.4571655320604,21.856943533788034,engine
Venus,20,77.45805641306019,21.85704215548661,engine
Venus,21,77.4589473161053,21.857140771406154,engine
Venus,22,77.45983824090789,21.85723938153093,engine
Venus,23,77.46072918717975,21.857337985845312,engine
Venus,24,77.46162015553658,21.857436584471888,engine
Venus,25,77.4625111456894,21.857535177395032,engine
Venus,26,77.46340215734887,21.85763376459912,engine
Venus,27,77.46429319112943,21.85773234620682,engine
Venus,28,77.46518424643965,21.857830922156477,engine
Venus,29,77.46607532449072,21.857929492636885,engine
Venus,30,77.46696642379672,21.85802805750027,engine
Vesta,-30,340.5821728114701,-14.570523899657939,engine
Vesta,-20,340.58240333342434,-14.571072065084323,engine
Vesta,-15,340.58251862143857,-14.57134637784,engine
Vesta,-10,340.58263391360407,-14.571620844565276,engine
Vesta,-5,340.5827491996823,-14.571895465814166,engine
Vesta,-2,340.58281836399215,-14.5720603128554,engine
Vesta,-1,340.58284141695805,-14.572115274296882,engine
Vesta,0,340.5828644689129,-14.572170241946937,engine
Vesta,1,340.58288751977204,-14.5722252158082,engine
Vesta,2,340.5829105694509,-14.572280195883263,engine
Vesta,3,340.5829336178649,-14.572335182174584,engine
Vesta,4,340.5829566651204,-14.572390174624676,engine
Vesta,5,340.5829797107501,-14.57244517335564,engine
Vesta,6,340.5830027548761,-14.572500178346706,engine
Vesta,7,340.58302579738245,-14.572555189526186,engine
Vesta,8,340.5830488381997,-14.572610206933032,engine
Vesta,9,340.58307187724307,-14.572665230569182,engine
Vesta,10,340.58309491461875,-14.572720260376546,engine
Vesta,11,340.58311794985923,-14.572775296476772,engine
Vesta,12,340.5831409830707,-14.572830338811606,engine
Vesta,13,340.5831640141682,-14.572885387382641,engine
Vesta,14,340.5831870432578,-14.572940442131413,engine
Vesta,15,340.5832100698719,-14.572995503179218,engine
Vesta,16,340.5832330941166,-14.573050570467432,engine
Vesta,17,340.58325611592215,-14.57310564403422,engine
Vesta,18,340.58327913536385,-14.57316072374695,engine
Vesta,19,340.58330215198936,-14.573215809763404,engine
Vesta,20,340.58332516590457,-14.573270902024666,engine
Vesta,21,340.58334817702445,-14.573326000531582,engine
Vesta,22,340.5833711854549,-14.573381105224978,engine
Vesta,23,340.58339419072814,-14.573436216225423,engine
Vesta,24,340.58341719295004,-14.573491333473598,engine
Vesta,25,340.5834401920354,-14.573546456969993,engine
Vesta,26,340.58346318809026,-14.57360158665509,engine
Vesta,27,340.58348618064673,-14.573656722649078,engine
Vesta,28,340.58350916981055,-14.573711864892285,engine
Vesta,29,340.5835321557033,-14.573767013361874,engine
Vesta,30,340.5835551378263,-14.573822168103833,engine
Gonggong,-30,337.335185263201,-11.015778781294182,tno-rate
Gonggong,-20,337.335142998471,-11.015793060240245,tno-rate
Gonggong,-15,337.3351218661059,-11.015800199713276,tno-rate
Gonggong,-10,337.3351007337409,-11.015807339186306,tno-rate
Gonggong,-5,337.3350796013758,-11.015814478659339,tno-rate
Gonggong,-2,337.3350669219568,-11.015818762343157,tno-rate
Gonggong,-1,337.33506269548377,-11.015820190237763,tno-rate
Gonggong,0,337.3350584690108,-11.01582161813237,tno-rate
Gonggong,1,337.3350542425378,-11.015823046026975,tno-rate
Gonggong,2,337.33505001606477,-11.015824473921581,tno-rate
Gonggong,3,337.3350457895918,-11.015825901816187,tno-rate
Gonggong,4,337.33504156311875,-11.015827329710794,tno-rate
Gonggong,5,337.33503733664577,-11.0158287576054,tno-rate
Gonggong,6,337.33503311017273,-11.015830185500006,tno-rate
Gonggong,7,337.33502888369975,-11.015831613394612,tno-rate
Gonggong,8,337.3350246572267,-11.015833041289218,tno-rate
Gonggong,9,337.33502043075373,-11.015834469183824,tno-rate
Gonggong,10,337.3350162042807,-11.015835897078432,tno-rate
Gonggong,11,337.3350119778077,-11.015837324973038,tno-rate
Gonggong,12,337.3350077513347,-11.015838752867644,tno-rate
Gonggong,13,337.3350035248617,-11.01584018076225,tno-rate
Gonggong,14,337.33499929838865,-11.015841608656856,tno-rate
Gonggong,15,337.33499507191567,-11.015843036551463,tno-rate
Gonggong,16,337.33499084544263,-11.015844464446069,tno-rate
Gonggong,17,337.33498661896965,-11.015845892340675,tno-rate
Gonggong,18,337.3349823924966,-11.015847320235281,tno-rate
Gonggong,19,337.33497816602363,-11.015848748129887,tno-rate
Gonggong,20,337.3349739395506,-11.015850176024493,tno-rate
Gonggong,21,337.3349697130776,-11.0158516039191,tno-rate
Gonggong,22,337.33496548660463,-11.015853031813705,tno-rate
Gonggong,23,337.3349612601316,-11.015854459708311,tno-rate
Gonggong,24,337.3349570336586,-11.015855887602918,tno-rate
Gonggong,25,337.3349528071856,-11.015857315497524,tno-rate
Gonggong,26,337.3349485807126,-11.01585874339213,tno-rate
Gonggong,27,337.33494435423955,-11.015860171286736,tno-rate
Gonggong,28,337.3349401277666,-11.015861599181344,tno-rate
Gonggong,29,337.33493590129353,-11.01586302707595,tno-rate
Gonggong,30,337.33493167482055,-11.015864454970556,tno-rate
Haumea,-30,215.78065407142944,15.82519426140407,tno-rate
Haumea,-20,215.78062268439868,15.825140813147419,tno-rate
Haumea,-15,215.78060699088329,15.825114089019094,tno-rate
Haumea,-10,215.7805912973679,15.82508736489077,tno-rate
Haumea,-5,215.7805756038525,15.825060640762445,tno-rate
Haumea,-2,215.78056618774326,15.825044606285449,tno-rate
Haumea,-1,215.78056304904018,15.825039261459784,tno-rate
Haumea,0,215.7805599103371,15.82503391663412,tno-rate
Haumea,1,215.78055677163402,15.825028571808454,tno-rate
Haumea,2,215.78055363293095,15.82502322698279,tno-rate
Haumea,3,215.78055049422787,15.825017882157125,tno-rate
Haumea,4,215.7805473555248,15.825012537331459,tno-rate
Haumea,5,215.7805442168217,15.825007192505794,tno-rate
Haumea,6,215.78054107811863,15.825001847680129,tno-rate
Haumea,7,215.78053793941555,15.824996502854464,tno-rate
Haumea,8,215.78053480071247,15.8249911580288,tno-rate
Haumea,9,215.7805316620094,15.824985813203135,tno-rate
Haumea,10,215.78052852330632,15.824980468377468,tno-rate
Haumea,11,215.78052538460324,15.824975123551804,tno-rate
Haumea,12,215.78052224590016,15.824969778726139,tno-rate
Haumea,13,215.78051910719708,15.824964433900474,tno-rate
Haumea,14,215.780515968494,15.82495908907481,tno-rate
Haumea,15,215.78051282979092,15.824953744249145,tno-rate
Haumea,16,215.78050969108784,15.824948399423478,tno-rate
Haumea,17,215.78050655238476,15.824943054597814,tno-rate
Haumea,18,215.78050341368169,15.824937709772149,tno-rate
Haumea,19,215.7805002749786,15.824932364946484,tno-rate
Haumea,20,215.78049713627553,15.82492702012082,tno-rate
Haumea,21,215.78049399757245,15.824921675295155,tno-rate
Haumea,22,215.7804908588694,15.824916330469488,tno-rate
Haumea,23,215.78048772016632,15.824910985643823,tno-rate
Haumea,24,215.78048458146324,15.824905640818159,tno-rate
Haumea,25,215.78048144276016,15.824900295992494,tno-rate
Haumea,26,215.78047830405708,15.82489495116683,tno-rate
Haumea,27,215.780475165354,15.824889606341165,tno-rate
Haumea,28,215.78047202665093,15.8248842615155,tno-rate
Haumea,29,215.78046888794785,15.824878916689833,tno-rate
Haumea,30,215.78046574924477,15.824873571864169,tno-rate
Makemake,-30,197.5143863886605,22.700722535421285,tno-rate
Makemake,-20,197.51439519158046,22.700652738913814,tno-rate
Makemake,-15,197.51439959304045,22.700617840660076,tno-rate
Makemake,-10,197.51440399450044,22.700582942406342,tno-rate
Makemake,-5,197.5144083959604,22.700548044152605,tno-rate
Makemake,-2,197.5144110368364,22.700527105200365,tno-rate
Makemake,-1,197.5144119171284,22.700520125549616,tno-rate
Makemake,0,197.5144127974204,22.70051314589887,tno-rate
Makemake,1,197.51441367771238,22.700506166248125,tno-rate
Makemake,2,197.51441455800438,22.700499186597376,tno-rate
Makemake,3,197.51441543829637,22.70049220694663,tno-rate
Makemake,4,197.5144163185884,22.700485227295882,tno-rate
Makemake,5,197.51441719888038,22.700478247645137,tno-rate
Makemake,6,197.51441807917237,22.700471267994388,tno-rate
Makemake,7,197.51441895946436,22.700464288343642,tno-rate
Makemake,8,197.51441983975636,22.700457308692894,tno-rate
Makemake,9,197.51442072004835,22.700450329042148,tno-rate
Makemake,10,197.51442160034034,22.7004433493914,tno-rate
Makemake,11,197.51442248063233,22.700436369740654,tno-rate
Makemake,12,197.51442336092435,22.700429390089905,tno-rate
Makemake,13,197.51442424121635,22.70042241043916,tno-rate
Makemake,14,197.51442512150834,22.70041543078841,tno-rate
Makemake,15,197.51442600180033,22.700408451137665,tno-rate
Makemake,16,197.51442688209232,22.700401471486916,tno-rate
Makemake,17,197.51442776238432,22.70039449183617,tno-rate
Makemake,18,197.5144286426763,22.700387512185422,tno-rate
Makemake,19,197.5144295229683,22.700380532534677,tno-rate
Makemake,20,197.51443040326032,22.700373552883928,tno-rate
Makemake,21,197.5144312835523,22.700366573233183,tno-rate
Makemake,22,197.5144321638443,22.700359593582434,tno-rate
Makemake,23,197.5144330441363,22.70035261393169,tno-rate
Makemake,24,197.5144339244283,22.70034563428094,tno-rate
Makemake,25,197.51443480472028,22.700338654630194,tno-rate
Makemake,26,197.51443568501227,22.700331674979445,tno-rate
Makemake,27,197.5144365653043,22.7003246953287,tno-rate
Makemake,28,197.5144374455963,22.70031771567795,tno-rate
Makemake,29,197.51443832588828,22.700310736027205,tno-rate
Makemake,30,197.51443920618027,22.700303756376456,tno-rate
Orcus,-30,156.06664878374008,-11.214776899955025,tno-rate
Orcus,-20,156.06675126441442,-11.214779781181514,tno-rate
Orcus,-15,156.0668025047516,-11.214781221794757,tno-rate
Orcus,-10,156.06685374508876,-11.214782662408002,tno-rate
Orcus,-5,156.06690498542594,-11.214784103021245,tno-rate
Orcus,-2,156.06693572962823,-11.214784967389193,tno-rate
Orcus,-1,156.06694597769567,-11.21478525551184,tno-rate
Orcus,0,156.0669562257631,-11.21478554363449,tno-rate
Orcus,1,156.06696647383055,-11.214785831757139,tno-rate
Orcus,2,156.066976721898,-11.214786119879786,tno-rate
Orcus,3,156.0669869699654,-11.214786408002436,tno-rate
Orcus,4,156.06699721803284,-11.214786696125085,tno-rate
Orcus,5,156.06700746610028,-11.214786984247734,tno-rate
Orcus,6,156.06701771416772,-11.214787272370382,tno-rate
Orcus,7,156.06702796223516,-11.214787560493031,tno-rate
Orcus,8,156.06703821030257,-11.21478784861568,tno-rate
Orcus,9,156.06704845837,-11.21478813673833,tno-rate
Orcus,10,156.06705870643745,-11.214788424860977,tno-rate
Orcus,11,156.0670689545049,-11.214788712983626,tno-rate
Orcus,12,156.06707920257233,-11.214789001106276,tno-rate
Orcus,13,156.06708945063974,-11.214789289228923,tno-rate
Orcus,14,156.06709969870718,-11.214789577351572,tno-rate
Orcus,15,156.06710994677462,-11.214789865474222,tno-rate
Orcus,16,156.06712019484206,-11.214790153596871,tno-rate
Orcus,17,156.0671304429095,-11.214790441719519,tno-rate
Orcus,18,156.0671406909769,-11.214790729842168,tno-rate
Orcus,19,156.06715093904435,-11.214791017964817,tno-rate
Orcus,20,156.0671611871118,-11.214791306087465,tno-rate
Orcus,21,156.06717143517923,-11.214791594210114,tno-rate
Orcus,22,156.06718168324667,-11.214791882332763,tno-rate
Orcus,23,156.06719193131408,-11.214792170455413,tno-rate
Orcus,24,156.06720217938152,-11.21479245857806,tno-rate
Orcus,25,156.06721242744896,-11.21479274670071,tno-rate
Orcus,26,156.0672226755164,-11.214793034823359,tno-rate
Orcus,27,156.06723292358384,-11.214793322946008,tno-rate
Orcus,28,156.06724317165126,-11.214793611068655,tno-rate
Orcus,29,156.0672534197187,-11.214793899191305,tno-rate
Orcus,30,156.06726366778614,-11.214794187313954,tno-rate
Quaoar,-30,275.98811174682385,-15.146982096673524,tno-rate
Quaoar,-20,275.9879766756169,-15.14699151913533,tno-rate
Quaoar,-15,275.9879091400134,-15.146996230366232,tno-rate
Quaoar,-10,275.98784160440994,-15.147000941597135,tno-rate
Quaoar,-5,275.98777406880646,-15.147005652828037,tno-rate
Quaoar,-2,275.98773354744435,-15.147008479566578,tno-rate
Quaoar,-1,275.98772004032367,-15.14700942181276,tno-rate
Quaoar,0,275.987706533203,-15.14701036405894,tno-rate
Quaoar,1,275.9876930260823,-15.147011306305119,tno-rate
Quaoar,2,275.9876795189616,-15.1470122485513,tno-rate
Quaoar,3,275.9876660118409,-15.14701319079748,tno-rate
Quaoar,4,275.9876525047202,-15.147014133043662,tno-rate
Quaoar,5,275.9876389975995,-15.147015075289842,tno-rate
Quaoar,6,275.9876254904788,-15.147016017536023,tno-rate
Quaoar,7,275.98761198335814,-15.147016959782203,tno-rate
Quaoar,8,275.9875984762374,-15.147017902028383,tno-rate
Quaoar,9,275.9875849691167,-15.147018844274564,tno-rate
Quaoar,10,275.987571461996,-15.147019786520744,tno-rate
Quaoar,11,275.98755795487534,-15.147020728766925,tno-rate
Quaoar,12,275.9875444477546,-15.147021671013105,tno-rate
Quaoar,13,275.9875309406339,-15.147022613259287,tno-rate
Quaoar,14,275.98751743351323,-15.147023555505466,tno-rate
Quaoar,15,275.98750392639255,-15.147024497751646,tno-rate
Quaoar,16,275.98749041927186,-15.147025439997828,tno-rate
Quaoar,17,275.9874769121511,-15.147026382244007,tno-rate
Quaoar,18,275.98746340503044,-15.147027324490189,tno-rate
Quaoar,19,275.98744989790976,-15.147028266736369,tno-rate
Quaoar,20,275.98743639078907,-15.147029208982548,tno-rate
Quaoar,21,275.9874228836684,-15.14703015122873,tno-rate
Quaoar,22,275.98740937654765,-15.14703109347491,tno-rate
Quaoar,23,275.98739586942696,-15.147032035721091,tno-rate
Quaoar,24,275.9873823623063,-15.147032977967271,tno-rate
Quaoar,25,275.9873688551856,-15.147033920213453,tno-rate
Quaoar,26,275.9873553480649,-15.147034862459632,tno-rate
Quaoar,27,275.98734184094417,-15.147035804705812,tno-rate
Quaoar,28,275.9873283338235,-15.147036746951994,tno-rate
Quaoar,29,275.9873148267028,-15.147037689198173,tno-rate
Quaoar,30,275.9873013195821,-15.147038631444355,tno-rate
Sedna,-30,59.67029309710802,8.471026940580927,tno-rate
Sedna,-20,59.6703588358213,8.471029101634572,tno-rate
Sedna,-15,59.670391705177934,8.471030182161396,tno-rate
Sedna,-10,59.67042457453458,8.47103126268822,tno-rate
Sedna,-5,59.670457443891216,8.471032343215041,tno-rate
Sedna,-2,59.6704771655052,8.471032991531136,tno-rate
Sedna,-1,59.67048373937653,8.4710332076365,tno-rate
Sedna,0,59.67049031324785,8.471033423741865,tno-rate
Sedna,1,59.67049688711918,8.47103363984723,tno-rate
Sedna,2,59.67050346099051,8.471033855952594,tno-rate
Sedna,3,59.670510034861834,8.471034072057959,tno-rate
Sedna,4,59.670516608733166,8.471034288163324,tno-rate
Sedna,5,59.67052318260449,8.471034504268689,tno-rate
Sedna,6,59.67052975647582,8.471034720374053,tno-rate
Sedna,7,59.67053633034715,8.471034936479416,tno-rate
Sedna,8,59.67054290421848,8.471035152584781,tno-rate
Sedna,9,59.670549478089804,8.471035368690146,tno-rate
Sedna,10,59.67055605196113,8.47103558479551,tno-rate
Sedna,11,59.67056262583246,8.471035800900875,tno-rate
Sedna,12,59.670569199703785,8.47103601700624,tno-rate
Sedna,13,59.670575773575116,8.471036233111604,tno-rate
Sedna,14,59.67058234744644,8.47103644921697,tno-rate
Sedna,15,59.67058892131777,8.471036665322334,tno-rate
Sedna,16,59.6705954951891,8.471036881427699,tno-rate
Sedna,17,59.67060206906043,8.471037097533063,tno-rate
Sedna,18,59.670608642931754,8.471037313638428,tno-rate
Sedna,19,59.67061521680308,8.471037529743793,tno-rate
Sedna,20,59.67062179067441,8.471037745849157,tno-rate
Sedna,21,59.670628364545735,8.47103796195452,tno-rate
Sedna,22,59.67063493841707,8.471038178059885,tno-rate
Sedna,23,59.67064151228839,8.47103839416525,tno-rate
Sedna,24,59.67064808615972,8.471038610270615,tno-rate
Sedna,25,59.67065466003105,8.47103882637598,tno-rate
Sedna,26,59.67066123390238,8.471039042481344,tno-rate
Sedna,27,59.670667807773704,8.471039258586709,tno-rate
Sedna,28,59.67067438164503,8.471039474692073,tno-rate
Sedna,29,59.67068095551636,8.471039690797438,tno-rate
Sedna,30,59.670687529387685,8.471039906902803,tno-rate
Transpluto,-30,154.43838155020214,10.593917963491192,engine
Transpluto,-20,154.43843311036235,10.593898509334823,engine
Transpluto,-15,154.43845889223547,10.593888781608596,engine
Transpluto,-10,154.438484675296,10.593879053453259,engine
Transpluto,-5,154.43851045955643,10.593869324864016,engine
Transpluto,-2,154.43852593068337,10.593863487504143,engine
Transpluto,-1,154.43853108782116,10.593861541683047,engine
Transpluto,0,154.43853624500656,10.593859595844668,engine
Transpluto,1,154.4385414022398,10.59385764998904,engine
Transpluto,2,154.43854655952066,10.593855704116145,engine
Transpluto,3,154.43855171684928,10.593853758226034,engine
Transpluto,4,154.43855687422555,10.593851812318631,engine
Transpluto,5,154.43856203164958,10.593849866394004,engine
Transpluto,6,154.43856718912474,10.59384792045081,engine
Transpluto,7,154.4385723466441,10.593845974491707,engine
Transpluto,8,154.4385775042112,10.5938440285153,engine
Transpluto,9,154.438582661826,10.593842082521668,engine
Transpluto,10,154.43858781948845,10.593840136510776,engine
Transpluto,11,154.43859297719862,10.593838190482654,engine
Transpluto,12,154.4385981349565,10.593836244437268,engine
Transpluto,13,154.43860329276197,10.593834298374647,engine
Transpluto,14,154.4386084506152,10.593832352294775,engine
Transpluto,15,154.43861360851614,10.593830406197654,engine
Transpluto,16,154.43861876646469,10.59382846008332,engine
Transpluto,17,154.4386239244643,10.593826513950393,engine
Transpluto,18,154.43862908250824,10.593824567801589,engine
Transpluto,19,154.43863424059984,10.593822621635457,engine
Transpluto,20,154.43863939873907,10.593820675452108,engine
Transpluto,21,154.4386445569259,10.593818729251561,engine
Transpluto,22,154.4386497151605,10.593816783033727,engine
Transpluto,23,154.4386548734427,10.593814836798693,engine
Transpluto,24,154.4386600317725,10.593812890546376,engine
Transpluto,25,154.43866519015003,10.593810944276846,engine
Transpluto,26,154.43867034857522,10.593808997990052,engine
Transpluto,27,154.43867550704798,10.593807051686037,engine
Transpluto,28,154.43868066556846,10.593805105364781,engine
Transpluto,29,154.43868582414,10.593803159024992,engine
Transpluto,30,154.43869098275576,10.593801212669264,engine
Part_of_Fortune,-30,323.8700002582681,-50.015043076128,engine
Part_of_Fortune,-20,325.6084280928144,-50.58763719450532,engine
Part_of_Fortune,-15,326.48101777623884,-50.86946108016992,engine
Part_of_Fortune,-10,327.3559824396459,-51.14823927332261,engine
Part_of_Fortune,-5,328.2334199433275,-51.42392439646059,engine
Part_of_Fortune,-2,328.76111118706916,-51.58783103782652,engine
Part_of_Fortune,-1,328.9372180763681,-51.64221359073671,engine
Part_of_Fortune,0,329.11343118336504,-51.69646898674894,engine
Part_of_Fortune,1,329.2897514912741,-51.75059688839934,engine
Part_of_Fortune,2,329.4661797250253,-51.804596874743424,engine
Part_of_Fortune,3,329.6427168137276,-51.858468587055384,engine
Part_of_Fortune,4,329.81936369351627,-51.91221166667358,engine
Part_of_Fortune,5,329.99612110656363,-51.965825691559324,engine
Part_of_Fortune,6,330.1729901210974,-52.01931033859225,engine
Part_of_Fortune,7,330.34997145451877,-52.07266517642607,engine
Part_of_Fortune,8,330.5270659884934,-52.12588981852511,engine
Part_of_Fortune,9,330.7042747579458,-52.178983925821115,engine
Part_of_Fortune,10,330.8815985379705,-52.231947074781374,engine
Part_of_Fortune,11,331.0590383101791,-52.2847789045596,engine
Part_of_Fortune,12,331.2365950649852,-52.337479054469036,engine
Part_of_Fortune,13,331.4142695971991,-52.39004709951311,engine
Part_of_Fortune,14,331.592062909839,-52.44248267772586,engine
Part_of_Fortune,15,331.7699760124049,-52.49478542652241,engine
Part_of_Fortune,16,331.9480097225626,-52.54695491986772,engine
Part_of_Fortune,17,332.1261651832587,-52.598990828821925,engine
Part_of_Fortune,18,332.3044431879264,-52.650892719713525,engine
Part_of_Fortune,19,332.4828446936715,-52.70266019914727,engine
Part_of_Fortune,20,332.6613707468869,-52.754292901764714,engine
Part_of_Fortune,21,332.8400224009411,-52.80579046136607,engine
Part_of_Fortune,22,333.01880051729927,-52.857152447927476,engine
Part_of_Fortune,23,333.1977061644595,-52.90837849376019,engine
Part_of_Fortune,24,333.376740419313,-52.95946823060301,engine
Part_of_Fortune,25,333.5559041643479,-53.010421225445185,engine
Part_of_Fortune,26,333.73519849332496,-53.06123710866289,engine
Part_of_Fortune,27,333.9146245061055,-53.11191550926976,engine
Part_of_Fortune,28,334.094183109109,-53.162455991560634,engine
Part_of_Fortune,29,334.2738755401018,-53.21285821671899,engine
Part_of_Fortune,30,334.45370261524295,-53.26312172202683,engine
Part_of_Spirit,-30,111.06362358390109,20.470896111875653,engine
Part_of_Spirit,-20,112.65954758881921,19.985552875631942,engine
Part_of_Spirit,-15,113.46156444706423,19.74728448855759,engine
Part_of_Spirit,-10,114.2664026012608,19.512011842445723,engine
Part_of_Spirit,-5,115.07415480041746,19.27977985377322,engine
Part_of_Spirit,-2,115.5602444900594,19.141918888445407,engine
Part_of_Spirit,-1,115.72251877844123,19.096213771614423,engine
Part_of_Spirit,0,115.88491668015963,19.0506334949804,engine
Part_of_Spirit,1,116.04743886734856,19.005178460231335,engine
Part_of_Spirit,2,116.21008628625303,18.959848984744923,engine
Part_of_Spirit,3,116.37285968733623,18.91464544956038,engine
Part_of_Spirit,4,116.53575982758703,18.869568235796827,engine
Part_of_Spirit,5,116.69878766974426,18.824617661819737,engine
Part_of_Spirit,6,116.86194409302237,18.779794079022412,engine
Part_of_Spirit,7,117.02522965285327,18.735097929721224,engine
Part_of_Spirit,8,117.18864544158434,18.69052950251898,engine
Part_of_Spirit,9,117.35219217950589,18.646089201253698,engine
Part_of_Spirit,10,117.51587086105914,18.601777345657467,engine
Part_of_Spirit,11,117.67968228608895,18.557594319290555,engine
Part_of_Spirit,12,117.84362726276511,18.513540505633436,engine
Part_of_Spirit,13,118.007706804515,18.469616225840387,engine
Part_of_Spirit,14,118.17192173142095,18.425821864697884,engine
Part_of_Spirit,15,118.33627286954322,18.382157807754243,engine
Part_of_Spirit,16,118.50076125446456,18.33862437712579,engine
Part_of_Spirit,17,118.6653878359988,18.295221930511712,engine
Part_of_Spirit,18,118.83015324113775,18.25195091311436,engine
Part_of_Spirit,19,118.99505863509066,18.20881162013827,engine
Part_of_Spirit,20,119.16010487908822,18.165804440081306,engine
Part_of_Spirit,21,119.3252928407024,18.122929762362713,engine
Part_of_Spirit,22,119.49062359798562,18.080187913006895,engine
Part_of_Spirit,23,119.65609803302154,18.03757928297484,engine
Part_of_Spirit,24,119.82171703582597,17.99510426392234,engine
Part_of_Spirit,25,119.9874817047391,17.95276318479061,engine
Part_of_Spirit,26,120.15339294603291,17.910556438628397,engine
Part_of_Spirit,27,120.31945167155233,17.86848441999485,engine
Part_of_Spirit,28,120.4856590029014,17.826547460459555,engine
Part_of_Spirit,29,120.65201598025135,17.784745928207677,engine
Part_of_Spirit,30,120.81852338320488,17.743080255490447,engine
Ascendant,-30,217.4668119210846,-14.772073482126173,engine
Ascendant,-20,219.1339878408168,-15.301042159436687,engine
Ascendant,-15,219.97129111165154,-15.561088295806165,engine
Ascendant,-10,220.81119252045335,-15.818113715438445,engine
Ascendant,-5,221.65378737187248,-16.072072271343686,engine
Ascendant,-2,222.16067783856428,-16.222956074690554,engine
Ascendant,-1,222.32986842740465,-16.272999909561143,engine
Ascendant,0,222.49917393176233,-16.322917745884272,engine
Ascendant,1,222.66859517931132,-16.372709214084004,engine
Ascendant,2,222.83813300563918,-16.42237394499925,engine
Ascendant,3,223.00778825053192,-16.471911568747505,engine
Ascendant,4,223.17756176055164,-16.521321715438376,engine
Ascendant,5,223.34745438815395,-16.570604014869794,engine
Ascendant,6,223.5174671070599,-16.619758129784916,engine
Ascendant,7,223.68760055368602,-16.66878362335242,engine
Ascendant,8,223.85785571503888,-16.717680158003066,engine
Ascendant,9,224.02823346872586,-16.76644736228371,engine
Ascendant,10,224.19873469951483,-16.815084864561953,engine
Ascendant,11,224.36936029813404,-16.863592292634525,engine
Ascendant,12,224.54011116387514,-16.9119692744178,engine
Ascendant,13,224.71098820085706,-16.96021543683636,engine
Ascendant,14,224.88199232063,-17.008330406513988,engine
Ascendant,15,225.05312444097407,-17.056313809384083,engine
Ascendant,16,225.22438548851358,-17.104165271370967,engine
Ascendant,17,225.39577650962875,-17.15188444915511,engine
Ascendant,18,225.56729821453206,-17.19947090329958,engine
Ascendant,19,225.7389516643811,-17.2469242895045,engine
Ascendant,20,225.91073781298758,-17.294244230841702,engine
Ascendant,21,226.08265762082175,-17.34143034950168,engine
Ascendant,22,226.25471205764245,-17.38848226746029,engine
Ascendant,23,226.4269020987405,-17.435399605392675,engine
Ascendant,24,226.59922872756948,-17.482181983340336,engine
Ascendant,25,226.7716929345435,-17.52882902032729,engine
Ascendant,26,226.94429571967893,-17.575340335017245,engine
Ascendant,27,227.1170380888289,-17.621715544637453,engine
Ascendant,28,227.2899210560052,-17.667954265550538,engine
Ascendant,29,227.46294576017658,-17.714056144255657,engine
Ascendant,30,227.6361129992239,-17.760020733268192,engine
Midheaven,-30,148.90523315492106,12.619483523041463,engine
Midheaven,-20,151.4141162782208,11.718115959051756,engine
Midheaven,-15,152.66851748600735,11.256873850194498,engine
Midheaven,-10,153.92288905010633,10.788885730232026,engine
Midheaven,-5,155.17722948792579,10.314383066816543,engine
Midheaven,-2,155.92981789453347,10.02665446854598,engine
Midheaven,-1,156.18067798862114,9.930252275485286,engine
Midheaven,0,156.431536705986,9.833607105516508,engine
Midheaven,1,156.68239403234836,9.736720993287532,engine
Midheaven,2,156.93324995633108,9.639595987211822,engine
Midheaven,3,157.18410446386912,9.542234151573542,engine
Midheaven,4,157.4349575419385,9.444637565031037,engine
Midheaven,5,157.68580917715886,9.34680832109872,engine
Midheaven,6,157.9366595258731,9.24874846152304,engine
Midheaven,7,158.1875082375623,9.150460240855566,engine
Midheaven,8,158.43835546972687,9.051945729653898,engine
Midheaven,9,158.68920120896993,8.953207079658178,engine
Midheaven,10,158.9400454429415,8.854246456577917,engine
Midheaven,11,159.19088815847533,8.7550660407501,engine
Midheaven,12,159.44172934531736,8.655668025585827,engine
Midheaven,13,159.69256899053548,8.55605461969999,engine
Midheaven,14,159.94340708224817,8.456228045354267,engine
Midheaven,15,160.19424360776102,8.35619053911092,engine
Midheaven,16,160.44507855729586,8.25594435025601,engine
Midheaven,17,160.69591208613704,8.155491675694261,engine
Midheaven,18,160.9467438474106,8.054834927206539,engine
Midheaven,19,161.19757399757881,7.9539763286722645,engine
Midheaven,20,161.44840252548966,7.852918184533329,engine
Midheaven,21,161.69922941918375,7.751662812961723,engine
Midheaven,22,161.9500546696231,7.650212544249066,engine
Midheaven,23,162.20087826510013,7.5485697229563105,engine
Midheaven,24,162.45170019496643,7.446736706299098,engine
Midheaven,25,162.70252044776967,7.344715864790445,engine
Midheaven,26,162.95333901498202,7.242509580608039,engine
Midheaven,27,163.20415588540922,7.140120249750778,engine
Midheaven,28,163.4549710484537,7.037550280592993,engine
Midheaven,29,163.70578466323607,6.934802024417774,engine
Midheaven,30,163.9565963830413,6.831878052156988,engine
Vertex,-30,76.75149418705657,22.877492095802264,engine
Vertex,-20,79.43565326080322,23.080956001948948,engine
Vertex,-15,80.76168858939434,23.164559115195928,engine
Vertex,-10,82.07729172096363,23.236446311584242,engine
Vertex,-5,83.38266273611703,23.296885355686886,engine
Vertex,-2,84.16105709327051,23.327762073587234,engine
Vertex,-1,84.41972681790881,23.33716877029042,engine
Vertex,0,84.67800168739436,23.346136042767405,engine
Vertex,1,84.93588330589195,23.354665880056658,engine
Vertex,2,85.19337328012328,23.362760258513244,engine
Vertex,3,85.45047321349458,23.37042114162816,engine
Vertex,4,85.70718470980827,23.377650480168644,engine
Vertex,5,85.96350937170891,23.38445021214802,engine
Vertex,6,86.2194489739687,23.390822267022166,engine
Vertex,7,86.47500477331569,23.396768548807298,engine
Vertex,8,86.73017854378628,23.402290961875373,engine
Vertex,9,86.98497188367462,23.407391393455683,engine
Vertex,10,87.23938639098104,23.412071718166864,engine
Vertex,11,87.49342366141218,23.41633379800764,engine
Vertex,12,87.74708529205205,23.42017948244876,engine
Vertex,13,88.0003728755971,23.423610608370616,engine
Vertex,14,88.25328800403467,23.426629000162524,engine
Vertex,15,88.50583226666272,23.429236469733524,engine
Vertex,16,88.75800725374728,23.43143481658756,engine
Vertex,17,89.00981471906586,23.43322582886731,engine
Vertex,18,89.26125591026137,23.43461127891799,engine
Vertex,19,89.51233257814647,23.435592930504253,engine
Vertex,20,89.76304630281574,23.43617253379365,engine
Vertex,21,90.01339866114351,23.436351826736647,engine
Vertex,22,90.26339123041937,23.436132535115807,engine
Vertex,23,90.51302558268661,23.435516372591213,engine
Vertex,24,90.76230328838473,23.434505040755376,engine
Vertex,25,91.01122591441663,23.433100229190128,engine
Vertex,26,91.25979502777152,23.4313036154975,engine
Vertex,27,91.50801218990122,23.429116865385947,engine
Vertex,28,91.75587895988967,23.42654163271199,engine
Vertex,29,92.00339706116064,23.42357955740634,engine
Vertex,30,92.25056771496045,23.42023227376569,engine
Algol,-30,47.038322212591666,40.953046914619065,engine
Algol,-20,47.03831996124627,40.95304656571539,engine
Algol,-15,47.03831884760566,40.953046367337265,engine
Algol,-10,47.03831774292266,40.95304615313099,engine
Algol,-5,47.038316647893964,40.95304592319798,engine
Algol,-2,47.03831599579909,40.953045777734395,engine
Algol,-1,47.03831577928759,40.953045728001364,engine
Algol,0,47.03831556321198,40.953045677647275,engine
Algol,1,47.03831534757774,40.95304562667314,engine
Algol,2,47.03831513239035,40.95304557507989,engine
Algol,3,47.03831491765526,40.95304552286852,engine
Algol,4,47.03831470337796,40.95304547004002,engine
Algol,5,47.038314489563845,40.95304541659537,engine
Algol,6,47.03831427621825,40.95304536253558,engine
Algol,7,47.038314063346895,40.953045307861736,engine
Algol,8,47.03831385095502,40.95304525257486,engine
Algol,9,47.03831363904806,40.95304519667594,engine
Algol,10,47.03831342763142,40.953045140166104,engine
Algol,11,47.038313216710485,40.95304508304642,engine
Algol,12,47.03831300629064,40.953045025317934,engine
Algol,13,47.038312796377284,40.95304496698177,engine
Algol,14,47.03831258697572,40.953044908039026,engine
Algol,15,47.03831237809136,40.95304484849085,engine
Algol,16,47.038312169729544,40.95304478833834,engine
Algol,17,47.03831196189541,40.9530447275826,engine
Algol,18,47.03831175459464,40.95304466622489,engine
Algol,19,47.038311547832336,40.9530446042663,engine
Algol,20,47.03831134161386,40.95304454170806,engine
Algol,21,47.03831113594448,40.95304447855131,engine
Algol,22,47.03831093082948,40.95304441479728,engine
Algol,23,47.03831072627412,40.953044350447186,engine
Algol,24,47.03831052228368,40.95304428550221,engine
Algol,25,47.03831031886343,40.953044219963644,engine
Algol,26,47.038310116018565,40.9530441538327,engine
Algol,27,47.038309913754325,40.95304408711063,engine
Algol,28,47.03830971207594,40.953044019798725,engine
Algol,29,47.038309510988476,40.95304395189821,engine
Algol,30,47.03830931049742,40.95304388341047,engine
Pleiades,-30,56.867210523744966,24.10375707445028,engine
Pleiades,-20,56.8672085354153,24.103757089020732,engine
Pleiades,-15,56.86720754424186,24.103757080963614,engine
Pleiades,-10,56.86720655586064,24.10375706270492,engine
Pleiades,-5,56.86720557086829,24.103757034270718,engine
Pleiades,-2,56.867204981747335,24.103757012338644,engine
Pleiades,-1,56.86720478571459,24.10375700421766,engine
Pleiades,0,56.86720458986022,24.10375699569199,engine
Pleiades,1,56.867204394188946,24.103756986761976,engine
Pleiades,2,56.86720419870551,24.103756977427896,engine
Pleiades,3,56.86720400341465,24.103756967690085,engine
Pleiades,4,56.86720380832111,24.103756957548857,engine
Pleiades,5,56.86720361342957,24.103756947004555,engine
Pleiades,6,56.867203418744666,24.103756936057508,engine
Pleiades,7,56.86720322427134,24.103756924708083,engine
Pleiades,8,56.867203030014224,24.103756912956616,engine
Pleiades,9,56.867202835977984,24.103756900803486,engine
Pleiades,10,56.86720264216734,24.103756888249055,engine
Pleiades,11,56.86720244858697,24.103756875293705,engine
Pleiades,12,56.86720225524162,24.10375686193783,engine
Pleiades,13,56.86720206213596,24.10375684818181,engine
Pleiades,14,56.86720186927464,24.10375683402606,engine
Pleiades,15,56.8672016766624,24.103756819470984,engine
Pleiades,16,56.86720148430387,24.103756804516994,engine
Pleiades,17,56.867201292203646,24.103756789164517,engine
Pleiades,18,56.8672011003666,24.103756773414002,engine
Pleiades,19,56.86720090879729,24.10375675726588,engine
Pleiades,20,56.86720071750039,24.103756740720588,engine
Pleiades,21,56.867200526480524,24.1037567237786,engine
Pleiades,22,56.867200335742346,24.103756706440354,engine
Pleiades,23,56.86720014529051,24.10375668870635,engine
Pleiades,24,56.86719995512966,24.103756670577052,engine
Pleiades,25,56.86719976526442,24.103756652052944,engine
Pleiades,26,56.86719957569938,24.103756633134527,engine
Pleiades,27,56.86719938643921,24.10375661382229,engine
Pleiades,28,56.8671991974885,24.103756594116756,engine
Pleiades,29,56.86719900885173,24.10375657401842,engine
Pleiades,30,56.86719882053377,24.103756553527827,engine
Capella,-30,79.16582889421743,45.99404351750877,engine
Capella,-20,79.16582619930962,45.99404383941672,engine
Capella,-15,79.16582483502839,45.9940439746592,engine
Capella,-10,79.16582346053299,45.994044092604184,engine
Capella,-5,79.1658220765822,45.9940441931447,engine
Capella,-2,79.16582124199081,45.99404424507346,engine
Capella,-1,79.16582096312696,45.994044260979294,engine
Capella,0,79.16582068393998,45.994044276182045,engine
Capella,1,79.16582040443605,45.994044290681046,engine
Capella,2,79.1658201246213,45.994044304475594,engine
Capella,3,79.16581984450193,45.99404431756503,engine
Capella,4,79.16581956408409,45.99404432994868,engine
Capella,5,79.16581928337396,45.99404434162593,engine
Capella,6,79.16581900237755,45.99404435259614,engine
Capella,7,79.16581872110142,45.994044362858695,engine
Capella,8,79.16581843955156,45.994044372413,engine
Capella,9,79.1658181577342,45.99404438125843,engine
Capella,10,79.16581787565552,45.994044389394475,engine
Capella,11,79.16581759332175,45.994044396820534,engine
Capella,12,79.1658173107391,45.994044403536066,engine
Capella,13,79.16581702791379,45.994044409540535,engine
Capella,14,79.16581674485204,45.99404441483344,engine
Capella,15,79.16581646156008,45.99404441941426,engine
Capella,16,79.16581617804415,45.9940444232825,engine
Capella,17,79.1658158943103,45.994044426437675,engine
Capella,18,79.16581561036516,45.99404442887935,engine
Capella,19,79.16581532621476,45.99404443060704,engine
Capella,20,79.16581504186536,45.99404443162035,engine
Capella,21,79.16581475732322,45.99404443191881,engine
Capella,22,79.16581447259462,45.99404443150203,engine
Capella,23,79.16581418768577,45.99404443036962,engine
Capella,24,79.16581390260298,45.99404442852119,engine
Capella,25,79.1658136173525,45.99404442595635,engine
Capella,26,79.16581333194061,45.994044422674804,engine
Capella,27,79.16581304637357,45.99404441867615,engine
Capella,28,79.1658127606577,45.99404441396007,engine
Capella,29,79.16581247479903,45.99404440852628,engine
Capella,30,79.16581218880425,45.994044402374456,engine
Sirius,-30,101.27784586247485,-16.723018369460647,engine
Sirius,-20,101.27784414167662,-16.723018401502223,engine
Sirius,-15,101.27784325593572,-16.72301840931278,engine
Sirius,-10,101.27784235388904,-16.723018411514595,engine
Sirius,-5,101.27784143598764,-16.723018408009565,engine
Sirius,-2,101.27784087782726,-16.723018403127497,engine
Sirius,-1,101.27784069055942,-16.723018401032466,engine
Sirius,0,101.27784050269064,-16.72301839870237,engine
Sirius,1,101.27784031422466,-16.72301839613647,engine
Sirius,2,101.27784012516524,-16.723018393334048,engine
Sirius,3,101.27783993551616,-16.723018390294374,engine
Sirius,4,101.2778397452812,-16.72301838701674,engine
Sirius,5,101.27783955446418,-16.723018383500428,engine
Sirius,6,101.27783936306875,-16.72301837974471,engine
Sirius,7,101.277839171099,-16.723018375748904,engine
Sirius,8,101.27783897855866,-16.723018371512318,engine
Sirius,9,101.27783878545154,-16.72301836703422,engine
Sirius,10,101.2778385917815,-16.723018362313965,engine
Sirius,11,101.27783839755242,-16.72301835735084,engine
Sirius,12,101.27783820276815,-16.72301835214417,engine
Sirius,13,101.27783800743259,-16.723018346693273,engine
Sirius,14,101.27783781154966,-16.723018340997488,engine
Sirius,15,101.27783761512323,-16.723018335056135,engine
Sirius,16,101.27783741815722,-16.72301832886856,engine
Sirius,17,101.27783722065546,-16.723018322434104,engine
Sirius,18,101.2778370226221,-16.723018315752114,engine
Sirius,19,101.277836824061,-16.723018308821942,engine
Sirius,20,101.2778366249761,-16.723018301642938,engine
Sirius,21,101.27783642537138,-16.723018294214476,engine
Sirius,22,101.2778362252508,-16.72301828653592,engine
Sirius,23,101.27783602461837,-16.72301827860662,engine
Sirius,24,101.27783582347804,-16.723018270425968,engine
Sirius,25,101.2778356218339,-16.723018261993353,engine
Sirius,26,101.27783541968991,-16.723018253308155,engine
Sirius,27,101.27783521705008,-16.723018244369754,engine
Sirius,28,101.2778350139185,-16.723018235177552,engine
Sirius,29,101.27783481029904,-16.723018225730936,engine
Sirius,30,101.27783460619607,-16.723018216029335,engine
Procyon,-30,114.81554798769753,5.219228079565071,engine
Procyon,-20,114.81554658632714,5.2192284313012705,engine
Procyon,-15,114.81554585520574,5.2192286051061805,engine
Procyon,-10,114.81554510423462,5.2192287774838375,engine
Procyon,-5,114.81554433375624,5.219228948396354,engine
Procyon,-2,114.81554386225186,5.219229050225032,engine
Procyon,-1,114.81554370356467,5.219229084046352,engine
Procyon,0,114.81554354412275,5.219229117806401,engine
Procyon,1,114.81554338392905,5.219229151504891,engine
Procyon,2,114.81554322298652,5.21922918514153,engine
Procyon,3,114.81554306129806,5.219229218716029,engine
Procyon,4,114.81554289886665,5.219229252228104,engine
Procyon,5,114.81554273569526,5.219229285677466,engine
Procyon,6,114.81554257178678,5.2192293190638575,engine
Procyon,7,114.81554240714445,5.219229352386952,engine
Procyon,8,114.81554224177113,5.219229385646482,engine
Procyon,9,114.81554207566991,5.219229418842177,engine
Procyon,10,114.81554190884378,5.219229451973751,engine
Procyon,11,114.81554174129583,5.2192294850409295,engine
Procyon,12,114.81554157302915,5.219229518043435,engine
Procyon,13,114.81554140404681,5.219229550980989,engine
Procyon,14,114.8155412343519,5.219229583853323,engine
Procyon,15,114.81554106394755,5.219229616660159,engine
Procyon,16,114.81554089283686,5.219229649401226,engine
Procyon,17,114.8155407210229,5.219229682076274,engine
Procyon,18,114.81554054850905,5.219229714684993,engine
Procyon,19,114.81554037529834,5.219229747227138,engine
Procyon,20,114.81554020139394,5.219229779702437,engine
Procyon,21,114.81554002679908,5.219229812110628,engine
Procyon,22,114.81553985151699,5.219229844451448,engine
Procyon,23,114.81553967555081,5.219229876724631,engine
Procyon,24,114.81553949890385,5.219229908929919,engine
Procyon,25,114.81553932157932,5.219229941067045,engine
Procyon,26,114.8155391435805,5.219229973135756,engine
Procyon,27,114.81553896491064,5.219230005135793,engine
Procyon,28,114.81553878557307,5.2192300370668985,engine
Procyon,29,114.81553860557095,5.219230068928837,engine
Procyon,30,114.8155384249078,5.219230100721321,engine
Alkaid,-30,206.88580221849787,49.3176775517854,engine
Alkaid,-20,206.88580423595812,49.31767873723702,engine
Alkaid,-15,206.88580521233243,49.3176793535115,engine
Alkaid,-10,206.8858061662158,49.3176799851691,engine
Alkaid,-5,206.88580709693167,49.31768063196389,engine
Alkaid,-2,206.8858076439633,49.3176810272014,engine
Alkaid,-1,206.8858078243759,49.31768116012832,engine
Alkaid,0,206.88580800381416,49.31768129364231,engine
Alkaid,1,206.88580818227288,49.31768142774123,engine
Alkaid,2,206.88580835974687,49.317681562423,engine
Alkaid,3,206.885808536231,49.317681697685444,engine
Alkaid,4,206.8858087117201,49.31768183352646,engine
Alkaid,5,206.88580888620908,49.3176819699439,engine
Alkaid,6,206.88580905969292,49.317682106935656,engine
Alkaid,7,206.88580923216628,49.317682244499416,engine
Alkaid,8,206.8858094036243,49.31768238263306,engine
Alkaid,9,206.88580957406188,49.317682521334405,engine
Alkaid,10,206.885809743474,49.317682660601236,engine
Alkaid,11,206.8858099118556,49.31768280043133,engine
Alkaid,12,206.8858100792018,49.31768294082248,engine
Alkaid,13,206.88581024550757,49.317683081772444,engine
Alkaid,14,206.885810410768,49.317683223278934,engine
Alkaid,15,206.88581057497808,49.31768336533974,engine
Alkaid,16,206.88581073813302,49.317683507952566,engine
Alkaid,17,206.88581090022794,49.31768365111524,engine
Alkaid,18,206.88581106125784,49.31768379482527,engine
Alkaid,19,206.88581122121792,49.31768393908044,engine
Alkaid,20,206.88581138010338,49.31768408387846,engine
Alkaid,21,206.88581153790946,49.317684229217,engine
Alkaid,22,206.8858116946313,49.3176843750937,engine
Alkaid,23,206.8858118502642,49.317684521506244,engine
Alkaid,24,206.88581200480337,49.31768466845228,engine
Alkaid,25,206.8858121582441,49.31768481592943,engine
Alkaid,26,206.8858123105817,49.31768496393533,engine
Alkaid,27,206.88581246181153,49.317685112467586,engine
Alkaid,28,206.88581261192886,49.31768526152381,engine
Alkaid,29,206.88581276092918,49.3176854111017,engine
Alkaid,30,206.8858129088077,49.31768556119862,engine
Algorab,-30,187.46397693656115,-16.517253982126103,engine
Algorab,-20,187.4639777609083,-16.517254233797704,engine
Algorab,-15,187.46397814155026,-16.517254366018165,engine
Algorab,-10,187.46397850072591,-16.517254502324995,engine
Algorab,-5,187.4639788381142,-16.51725464258818,engine
Algorab,-2,187.46397902995955,-16.517254728590345,engine
Algorab,-1,187.4639790921288,-16.517254757558725,engine
Algorab,0,187.4639791534044,-16.517254786675817,engine
Algorab,1,187.4639792137841,-16.517254815940536,engine
Algorab,2,187.46397927326547,-16.51725484535181,engine
Algorab,3,187.46397933184622,-16.51725487490856,engine
Algorab,4,187.463979389524,-16.51725490460971,engine
Algorab,5,187.46397944629652,-16.517254934454154,engine
Algorab,6,187.46397950216155,-16.517254964440845,engine
Algorab,7,187.46397955711674,-16.517254994568617,engine
Algorab,8,187.46397961115989,-16.517255024836423,engine
Algorab,9,187.4639796642888,-16.517255055243165,engine
Algorab,10,187.4639797165012,-16.517255085787735,engine
Algorab,11,187.46397976779494,-16.517255116469027,engine
Algorab,12,187.4639798181678,-16.517255147285933,engine
Algorab,13,187.4639798676177,-16.51725517823736,engine
Algorab,14,187.46397991614242,-16.517255209322176,engine
Algorab,15,187.4639799637399,-16.517255240539296,engine
Algorab,16,187.46398001040794,-16.51725527188757,engine
Algorab,17,187.46398005614458,-16.51725530336592,engine
Algorab,18,187.46398010094768,-16.517255334973196,engine
Algorab,19,187.4639801448152,-16.51725536670827,engine
Algorab,20,187.46398018774508,-16.51725539857003,engine
Algorab,21,187.46398022973534,-16.517255430557345,engine
Algorab,22,187.46398027078396,-16.51725546266908,engine
Algorab,23,187.46398031088899,-16.517255494904116,engine
Algorab,24,187.46398035004844,-16.517255527261288,engine
Algorab,25,187.46398038826038,-16.517255559739493,engine
Algorab,26,187.4639804255229,-16.517255592337577,engine
Algorab,27,187.46398046183407,-16.517255625054393,engine
Algorab,28,187.463980497192,-16.51725565788879,engine
Algorab,29,187.46398053159487,-16.51725569083966,engine
Algorab,30,187.46398056504074,-16.517255723905812,engine
Spica,-30,201.2986426360948,-11.161958483807092,engine
Spica,-20,201.29864383654035,-11.161958527875804,engine
Spica,-15,201.29864441228105,-11.161958555545988,engine
Spica,-10,201.29864497113326,-11.161958586880226,engine
Spica,-5,201.2986455126818,-11.161958621806418,engine
Spica,-2,201.29864582913544,-11.161958644455648,engine
Spica,-1,201.2986459331881,-11.161958652284051,engine
Spica,0,201.29864603651959,-11.161958660250773,engine
Spica,1,201.29864613912665,-11.161958668355211,engine
Spica,2,201.29864624100614,-11.16195867659675,engine
Spica,3,201.298646342155,-11.16195868497477,engine
Spica,4,201.29864644257006,-11.161958693488668,engine
Spica,5,201.2986465422482,-11.161958702137808,engine
Spica,6,201.29864664118642,-11.161958710921589,engine
Spica,7,201.29864673938152,-11.161958719839355,engine
Spica,8,201.2986468368305,-11.161958728890497,engine
Spica,9,201.29864693353028,-11.161958738074391,engine
Spica,10,201.29864702947788,-11.161958747390393,engine
Spica,11,201.29864712467025,-11.161958756837876,engine
Spica,12,201.2986472191044,-11.161958766416195,engine
Spica,13,201.2986473127773,-11.161958776124717,engine
Spica,14,201.298647405686,-11.161958785962796,engine
Spica,15,201.29864749782757,-11.161958795929785,engine
Spica,16,201.29864758919902,-11.161958806025039,engine
Spica,17,201.29864767979748,-11.161958816247914,engine
Spica,18,201.29864776961995,-11.161958826597743,engine
Spica,19,201.29864785866354,-11.161958837073882,engine
Spica,20,201.29864794692543,-11.161958847675669,engine
Spica,21,201.29864803440265,-11.16195885840245,engine
Spica,22,201.29864812109244,-11.161958869253553,engine
Spica,23,201.29864820699188,-11.161958880228319,engine
Spica,24,201.29864829209822,-11.161958891326096,engine
Spica,25,201.29864837640858,-11.16195890254619,engine
Spica,26,201.2986484599202,-11.161958913887938,engine
Spica,27,201.2986485426303,-11.161958925350673,engine
Spica,28,201.2986486245361,-11.161958936933713,engine
Spica,29,201.29864870563492,-11.16195894863639,engine
Spica,30,201.29864878592386,-11.161958960458005,engine
Arcturus,-30,213.90998271083777,19.17221237014657,engine
Arcturus,-20,213.9099842616351,19.17221297897778,engine
Arcturus,-15,213.90998501889584,19.172213294332614,engine
Arcturus,-10,213.90998576338018,19.17221361686947,engine
Arcturus,-5,213.9099864945825,19.172213946501095,engine
Arcturus,-2,213.90998692672045,19.172214147647892,engine
Arcturus,-1,213.90998706964538,19.17221421525368,engine
Arcturus,0,213.9099872120033,19.17221428313663,engine
Arcturus,1,213.9099873537902,19.172214351295988,engine
Arcturus,2,213.90998749500218,19.17221441973097,engine
Arcturus,3,213.90998763563542,19.17221448844083,engine
Arcturus,4,213.90998777568595,19.172214557424763,engine
Arcturus,5,213.90998791514988,19.172214626681985,engine
Arcturus,6,213.90998805402353,19.172214696211764,engine
Arcturus,7,213.90998819230276,19.172214766013216,engine
Arcturus,8,213.9099883299839,19.172214836085576,engine
Arcturus,9,213.90998846706307,19.17221490642803,engine
Arcturus,10,213.90998860353645,19.172214977039786,engine
Arcturus,11,213.90998873940023,19.172215047920023,engine
Arcturus,12,213.90998887465065,19.17221511906793,engine
Arcturus,13,213.90998900928392,19.172215190482646,engine
Arcturus,14,213.90998914329626,19.172215262163373,engine
Arcturus,15,213.90998927668386,19.17221533410926,engine
Arcturus,16,213.90998940944303,19.17221540631946,engine
Arcturus,17,213.90998954157016,19.1722154787932,engine
Arcturus,18,213.9099896730612,19.172215551529508,engine
Arcturus,19,213.90998980391265,19.17221562452758,engine
Arcturus,20,213.9099899341208,19.17221569778656,engine
Arcturus,21,213.90999006368193,19.172215771305577,engine
Arcturus,22,213.90999019259235,19.172215845083763,engine
Arcturus,23,213.90999032084844,19.172215919120244,engine
Arcturus,24,213.9099904484465,19.17221599341412,engine
Arcturus,25,213.90999057538298,19.172216067964534,engine
Arcturus,26,213.90999070165415,19.172216142770573,engine
Arcturus,27,213.90999082725645,19.172216217831348,engine
Arcturus,28,213.90999095218626,19.172216293145954,engine
Arcturus,29,213.9099910764401,19.172216368713542,engine
Arcturus,30,213.90999120001422,19.172216444533092,engine
Alphecca,-30,233.6766920996862,26.716623648786552,engine
Alphecca,-20,233.67669409708603,26.716624143817977,engine
Alphecca,-15,233.67669509039627,26.71662440804559,engine
Alphecca,-10,233.67669607930296,26.716624683369545,engine
Alphecca,-5,233.67669706320126,26.71662496974969,engine
Alphecca,-2,233.67669765088516,26.716625146865972,engine
Alphecca,-1,233.67669784630846,26.716625206783757,engine
Alphecca,0,233.67669804148812,26.71662526714038,engine
Alphecca,1,233.67669823641927,26.716625327935404,engine
Alphecca,2,233.67669843109715,26.716625389168392,engine
Alphecca,3,233.67669862551702,26.716625450838926,engine
Alphecca,4,233.67669881967407,26.716625512946543,engine
Alphecca,5,233.6766990135636,26.716625575490777,engine
Alphecca,6,233.67669920718083,26.716625638471218,engine
Alphecca,7,233.67669940052085,26.716625701887317,engine
Alphecca,8,233.676699593579,26.716625765738623,engine
Alphecca,9,233.67669978635053,26.716625830024622,engine
Alphecca,10,233.67669997883073,26.71662589474486,engine
Alphecca,11,233.6767001710148,26.716625959898803,engine
Alphecca,12,233.67670036289803,26.716626025485926,engine
Alphecca,13,233.6767005544757,26.71662609150573,engine
Alphecca,14,233.6767007457431,26.71662615795767,engine
Alphecca,15,233.67670093669543,26.716626224841207,engine
Alphecca,16,233.6767011273281,26.716626292155798,engine
Alphecca,17,233.67670131763649,26.71662635990092,engine
Alphecca,18,233.67670150761558,26.716626428075926,engine
Alphecca,19,233.6767016972609,26.716626496680277,engine
Alphecca,20,233.67670188656768,26.716626565713412,engine
Alphecca,21,233.67670207553135,26.71662663517472,engine
Alphecca,22,233.6767022641471,26.71662670506362,engine
Alphecca,23,233.6767024524104,26.7166267753795,engine
Alphecca,24,233.67670264031645,26.716626846121724,engine
Alphecca,25,233.67670282786074,26.716626917289712,engine
Alphecca,26,233.6767030150385,26.7166269888828,engine
Alphecca,27,233.6767032018452,26.716627060900347,engine
Alphecca,28,233.67670338827614,26.71662713334174,engine
Alphecca,29,233.67670357432678,26.716627206206336,engine
Alphecca,30,233.6767037599924,26.716627279493398,engine
Vega,-30,279.24340592785956,38.78631430165225,engine
Vega,-20,279.2434080893617,38.78631396579071,engine
Vega,-15,279.243409199921,38.78631381631862,engine
Vega,-10,279.2434103296083,38.786313679432176,engine
Vega,-5,279.2434114778544,38.78631355533377,engine
Vega,-2,279.2434121754698,38.7863134870949,engine
Vega,-1,279.24341240942493,38.78631346539455,engine
Vega,0,279.2434126440806,38.78631344421967,engine
Vega,1,279.2434128794319,38.786313423571826,engine
Vega,2,279.2434131154743,38.78631340345243,engine
Vega,3,279.243413352203,38.78631338386302,engine
Vega,4,279.2434135896131,38.78631336480504,engine
Vega,5,279.2434138277,38.786313346279954,engine
Vega,6,279.243414066459,38.78631332828919,engine
Vega,7,279.243414305885,38.78631331083423,engine
Vega,8,279.2434145459733,38.786313293916464,engine
Vega,9,279.2434147867191,38.78631327753734,engine
Vega,10,279.24341502811757,38.78631326169827,engine
Vega,11,279.24341527016384,38.78631324640064,engine
Vega,12,279.243415512853,38.786313231645806,engine
Vega,13,279.2434157561803,38.78631321743519,engine
Vega,14,279.24341600014077,38.786313203770156,engine
Vega,15,279.2434162447295,38.786313190652045,engine
Vega,16,279.2434164899416,38.78631317808219,engine
Vega,17,279.24341673577226,38.786313166061966,engine
Vega,18,279.24341698221633,38.78631315459265,engine
Vega,19,279.24341722926886,38.786313143675606,engine
Vega,20,279.243417476925,38.7863131333121,engine
Vega,21,279.24341772517977,38.78631312350344,engine
Vega,22,279.24341797402815,38.78631311425091,engine
Vega,23,279.2434182234652,38.786313105555784,engine
Vega,24,279.24341847348586,38.786313097419324,engine
Vega,25,279.24341872408513,38.78631308984277,engine
Vega,26,279.24341897525795,38.78631308282736,engine
Vega,27,279.2434192269994,38.78631307637433,engine
Vega,28,279.2434194793043,38.786313070484915,engine
Vega,29,279.2434197321678,38.7863130651603,engine
Vega,30,279.24341998558447,38.78631306040169,engine
Deneb Algedi,-30,326.76616278762333,-16.127514197475328,engine
Deneb Algedi,-20,326.7661633256285,-16.127513459228524,engine
Deneb Algedi,-15,326.7661636336299,-16.1275130909246,engine
Deneb Algedi,-10,326.7661639675644,-16.127512723368007,engine
Deneb Algedi,-5,326.76616432736716,-16.127512356708884,engine
Deneb Algedi,-2,326.7661645556338,-16.1275121372066,engine
Deneb Algedi,-1,326.76616463378286,-16.127512064128567,engine
Deneb Algedi,0,326.76616471296063,-16.127511991097187,engine
Deneb Algedi,1,326.7661647931665,-16.127511918113676,engine
Deneb Algedi,2,326.76616487439975,-16.12751184517924,engine
Deneb Algedi,3,326.76616495665945,-16.127511772295048,engine
Deneb Algedi,4,326.76616503994484,-16.127511699462314,engine
Deneb Algedi,5,326.76616512425505,-16.127511626682203,engine
Deneb Algedi,6,326.7661652095894,-16.12751155395587,engine
Deneb Algedi,7,326.76616529594673,-16.127511481284586,engine
Deneb Algedi,8,326.7661653833263,-16.12751140866951,engine
Deneb Algedi,9,326.7661654717272,-16.127511336111805,engine
Deneb Algedi,10,326.76616556114845,-16.12751126361267,engine
Deneb Algedi,11,326.7661656515892,-16.12751119117328,engine
Deneb Algedi,12,326.7661657430483,-16.127511118794818,engine
Deneb Algedi,13,326.7661658355249,-16.12751104647847,engine
Deneb Algedi,14,326.7661659290179,-16.127510974225405,engine
Deneb Algedi,15,326.7661660235264,-16.127510902036814,engine
Deneb Algedi,16,326.7661661190492,-16.127510829913867,engine
Deneb Algedi,17,326.7661662155854,-16.127510757857692,engine
Deneb Algedi,18,326.7661663131337,-16.12751068586955,engine
Deneb Algedi,19,326.76616641169306,-16.127510613950584,engine
Deneb Algedi,20,326.76616651126244,-16.12751054210196,engine
Deneb Algedi,21,326.7661666118406,-16.127510470324843,engine
Deneb Algedi,22,326.7661667134264,-16.127510398620405,engine
Deneb Algedi,23,326.76616681601865,-16.127510326989807,engine
Deneb Algedi,24,326.7661669196162,-16.127510255434235,engine
Deneb Algedi,25,326.7661670242178,-16.127510183954843,engine
Deneb Algedi,26,326.76616712982207,-16.127510112552784,engine
Deneb Algedi,27,326.7661672364279,-16.127510041229236,engine
Deneb Algedi,28,326.766167344034,-16.127509969985347,engine
Deneb Algedi,29,326.7661674526391,-16.12750989882224,engine
Deneb Algedi,30,326.7661675622418,-16.12750982774115,engine
Rigel,-30,78.62945786912526,-8.200681363306268,engine
Rigel,-20,78.62945597290332,-8.200681147089764,engine
Rigel,-15,78.6294550133185,-8.200681033916444,engine
Rigel,-10,78.62945404679125,-8.200680917334768,engine
Rigel,-5,78.62945307385557,-8.200680797322928,engine
Rigel,-2,78.6294524872416,-8.20068072366095,engine
Rigel,-1,78.62945229125404,-8.200680698830233,engine
Rigel,0,78.62945209504892,-8.200680673860898,engine
Rigel,1,78.62945189863055,-8.200680648752813,engine
Rigel,2,78.62945170200327,-8.200680623505841,engine
Rigel,3,78.6294515051714,-8.200680598119844,engine
Rigel,4,78.62945130813931,-8.200680572594681,engine
Rigel,5,78.62945111091132,-8.200680546930231,engine
Rigel,6,78.62945091349167,-8.200680521126339,engine
Rigel,7,78.62945071588494,-8.200680495182917,engine
Rigel,8,78.6294505180954,-8.200680469099826,engine
Rigel,9,78.62945032012736,-8.200680442876935,engine
Rigel,10,78.62945012198524,-8.200680416514135,engine
Rigel,11,78.62944992367339,-8.200680390011321,engine
Rigel,12,78.62944972519614,-8.200680363368356,engine
Rigel,13,78.6294495265579,-8.200680336585148,engine
Rigel,14,78.62944932776304,-8.200680309661589,engine
Rigel,15,78.62944912881593,-8.200680282597563,engine
Rigel,16,78.62944892972098,-8.200680255392973,engine
Rigel,17,78.6294487304824,-8.200680228047705,engine
Rigel,18,78.62944853110487,-8.2006802005617,engine
Rigel,19,78.62944833159264,-8.200680172934836,engine
Rigel,20,78.62944813195011,-8.20068014516703,engine
Rigel,21,78.62944793218166,-8.2006801172582,engine
Rigel,22,78.62944773229172,-8.200680089208246,engine
Rigel,23,78.62944753228464,-8.200680061017092,engine
Rigel,24,78.62944733216487,-8.200680032684657,engine
Rigel,25,78.6294471319368,-8.200680004210858,engine
Rigel,26,78.62944693160483,-8.20067997559563,engine
Rigel,27,78.62944673117335,-8.200679946838894,engine
Rigel,28,78.62944653064682,-8.200679917940583,engine
Rigel,29,78.62944633002947,-8.200679888900613,engine
Rigel,30,78.629446129326,-8.200679859718953,engine
Betelgeuse,-30,88.78775102145946,7.407551714684415,engine
Betelgeuse,-20,88.78774919373089,7.407552027896083,engine
Betelgeuse,-15,88.78774826222484,7.407552180171728,engine
Betelgeuse,-10,88.78774731961424,7.407552329519091,engine
Betelgeuse,-5,88.78774636639793,7.407552475908884,engine
Betelgeuse,-2,88.78774578958706,7.407552562311421,engine
Betelgeuse,-1,88.78774559652757,7.407552590872415,engine
Betelgeuse,0,88.7877454030803,7.407552619313129,engine
Betelgeuse,1,88.78774520924931,7.407552647633357,engine
Betelgeuse,2,88.7877450150387,7.407552675832895,engine
Betelgeuse,3,88.78774482045256,7.407552703911539,engine
Betelgeuse,4,88.78774462549504,7.407552731869088,engine
Betelgeuse,5,88.78774443017019,7.407552759705346,engine
Betelgeuse,6,88.78774423448206,7.407552787420133,engine
Betelgeuse,7,88.78774403843502,7.407552815013221,engine
Betelgeuse,8,88.7877438420331,7.407552842484435,engine
Betelgeuse,9,88.78774364528039,7.407552869833586,engine
Betelgeuse,10,88.78774344818109,7.4075528970604925,engine
Betelgeuse,11,88.78774325073933,7.407552924164961,engine
Betelgeuse,12,88.78774305295929,7.40755295114682,engine
Betelgeuse,13,88.78774285484512,7.407552978005882,engine
Betelgeuse,14,88.78774265640102,7.407553004741975,engine
Betelgeuse,15,88.78774245763117,7.40755303135492,engine
Betelgeuse,16,88.78774225853975,7.407553057844544,engine
Betelgeuse,17,88.7877420591308,7.407553084210697,engine
Betelgeuse,18,88.78774185940884,7.4075531104531835,engine
Betelgeuse,19,88.7877416593779,7.407553136571841,engine
Betelgeuse,20,88.78774145904221,7.407553162566516,engine
Betelgeuse,21,88.787741258406,7.407553188437048,engine
Betelgeuse,22,88.78774105747348,7.407553214183274,engine
Betelgeuse,23,88.78774085624889,7.407553239805042,engine
Betelgeuse,24,88.78774065473645,7.40755326530219,engine
Betelgeuse,25,88.78774045294043,7.407553290674582,engine
Betelgeuse,26,88.78774025086504,7.40755331592206,engine
Betelgeuse,27,88.78774004851455,7.407553341044478,engine
Betelgeuse,28,88.78773984589323,7.407553366041691,engine
Betelgeuse,29,88.7877396430052,7.4075533909135745,engine
Betelgeuse,30,88.78773943985499,7.407553415659964,engine
Polaris,-30,37.80618560220931,89.25896717921331,engine
Polaris,-20,37.80606591344626,89.25896610351825,engine
Polaris,-15,37.80600721500206,89.25896553114842,engine
Polaris,-10,37.80594933218656,89.2589649360604,engine
Polaris,-5,37.80589230325411,89.25896431849004,engine
Polaris,-2,37.80585851153066,89.25896393725864,engine
Polaris,-1,37.80584732036632,89.25896380841213,engine
Polaris,0,37.805836166072204,89.25896367868437,engine
Polaris,1,37.80582504894642,89.25896354807746,engine
Polaris,2,37.80581396928618,89.2589634165935,engine
Polaris,3,37.80580292738813,89.25896328423465,engine
Polaris,4,37.80579192354818,89.25896315100302,engine
Polaris,5,37.80578095806152,89.25896301690078,engine
Polaris,6,37.805770031215175,89.25896288193003,engine
Polaris,7,37.805759143317566,89.25896274609312,engine
Polaris,8,37.8057482946542,89.25896260939219,engine
Polaris,9,37.80573748551733,89.25896247182946,engine
Polaris,10,37.80572671619836,89.25896233340718,engine
Polaris,11,37.80571598698799,89.2589621941276,engine
Polaris,12,37.80570529817604,89.258962053993,engine
Polaris,13,37.805694650051706,89.25896191300569,engine
Polaris,14,37.80568404290327,89.25896177116798,engine
Polaris,15,37.80567347701842,89.25896162848214,engine
Polaris,16,37.80566295268378,89.25896148495058,engine
Polaris,17,37.80565247017838,89.25896134057554,engine
Polaris,18,37.80564202980142,89.25896119535956,engine
Polaris,19,37.80563163183027,89.25896104930499,engine
Polaris,20,37.80562127654844,89.25896090241416,engine
Polaris,21,37.80561096423877,89.25896075468957,engine
Polaris,22,37.805600695183,89.2589606061336,engine
Polaris,23,37.80559046966235,89.25896045674875,engine
Polaris,24,37.805580287957035,89.25896030653745,engine
Polaris,25,37.80557015034652,89.25896015550222,engine
Polaris,26,37.80556005710927,89.25896000364554,engine
Polaris,27,37.80555000852306,89.25895985096993,engine
Polaris,28,37.805540004864774,89.25895969747795,engine
Polaris,29,37.80553004640373,89.258959543172,engine
Polaris,30,37.805520133428416,89.25895938805489,engine
Castor,-30,113.64164358478774,31.888370456949122,engine
Castor,-20,113.64164190276902,31.888371324103094,engine
Castor,-15,113.64164102660185,31.888371745588838,engine
Castor,-10,113.64164012752744,31.888372158710997,engine
Castor,-5,113.64163920595767,31.888372563247636,engine
Castor,-2,113.64163864239369,31.888372801757697,engine
Castor,-1,113.64163845278924,31.888372880548722,engine
Castor,0,113.64163826231572,31.888372958980742,engine
Castor,1,113.64163807097661,31.88837303705207,engine
Castor,2,113.64163787877543,31.888373114760995,engine
Castor,3,113.64163768571574,31.888373192105853,engine
Castor,4,113.64163749180103,31.88837326908495,engine
Castor,5,113.64163729703493,31.88837334569665,engine
Castor,6,113.64163710142086,31.88837342193931,engine
Castor,7,113.64163690496268,31.888373497811173,engine
Castor,8,113.64163670766389,31.88837357331069,engine
Castor,9,113.64163650952811,31.888373648436176,engine
Castor,10,113.641636310559,31.888373723185985,engine
Castor,11,113.64163611076022,31.88837379755855,engine
Castor,12,113.64163591013543,31.888373871552183,engine
Castor,13,113.64163570868837,31.88837394516533,engine
Castor,14,113.6416355064227,31.888374018396377,engine
Castor,15,113.64163530334218,31.888374091243712,engine
Castor,16,113.64163509945057,31.888374163705723,engine
Castor,17,113.64163489475145,31.88837423578092,engine
Castor,18,113.64163468924887,31.888374307467615,engine
Castor,19,113.64163448294651,31.8883743787643,engine
Castor,20,113.64163427584816,31.8883744496694,engine
Castor,21,113.64163406795764,31.888374520181344,engine
Castor,22,113.6416338592788,31.888374590298636,engine
Castor,23,113.64163364981545,31.888374660019696,engine
Castor,24,113.64163343957152,31.888374729343028,engine
Castor,25,113.64163322855083,31.888374798267098,engine
Castor,26,113.6416330167573,31.888374866790375,engine
Castor,27,113.64163280419484,31.888374934911372,engine
Castor,28,113.64163259086736,31.88837500262858,engine
Castor,29,113.64163237677867,31.888375069940558,engine
Castor,30,113.64163216193303,31.88837513684573,engine
Altair,-30,297.70468019291786,8.871177830173217,engine
Altair,-20,297.7046815396071,8.871177869095614,engine
Altair,-15,297.70468224471927,8.871177891696963,engine
Altair,-10,297.70468297059546,8.871177916486507,engine
Altair,-5,297.70468371691294,8.871177943534116,engine
Altair,-2,297.70468417437706,8.871177960875157,engine
Altair,-1,297.7046843284611,8.871177966844188,engine
Altair,0,297.70468448333855,8.871177972908459,engine
Altair,1,297.7046846390067,8.871177979068506,engine
Altair,2,297.7046847954628,8.871177985324868,engine
Altair,3,297.7046849527039,8.871177991678072,engine
Altair,4,297.70468511072727,8.871177998128656,engine
Altair,5,297.70468526953005,8.87117800467715,engine
Altair,6,297.70468542910953,8.871178011324083,engine
Altair,7,297.70468558946266,8.871178018069976,engine
Altair,8,297.70468575058663,8.871178024915354,engine
Altair,9,297.7046859124785,8.871178031860742,engine
Altair,10,297.7046860751355,8.871178038906654,engine
Altair,11,297.7046862385546,8.871178046053618,engine
Altair,12,297.7046864027329,8.871178053302138,engine
Altair,13,297.7046865676675,8.871178060652744,engine
Altair,14,297.7046867333553,8.87117806810594,engine
Altair,15,297.7046868997935,8.871178075662232,engine
Altair,16,297.704687066979,8.871178083322137,engine
Altair,17,297.7046872349088,8.871178091086167,engine
Altair,18,297.7046874035799,8.87117809895481,engine
Altair,19,297.70468757298926,8.871178106928575,engine
Altair,20,297.7046877431338,8.871178115007963,engine
Altair,21,297.7046879140105,8.87117812319348,engine
Altair,22,297.7046880856163,8.87117813148561,engine
Altair,23,297.70468825794796,8.87117813988486,engine
Altair,24,297.70468843100264,8.871178148391714,engine
Altair,25,297.704688604777,8.871178157006666,engine
Altair,26,297.704688779268,8.871178165730202,engine
Altair,27,297.70468895447243,8.871178174562813,engine
Altair,28,297.70468913038724,8.871178183504973,engine
Altair,29,297.70468930700923,8.871178192557181,engine
Altair,30,297.7046894843351,8.8711782017199,engine
Bellatrix,-30,81.27760734558535,6.349994305912666,engine
Bellatrix,-20,81.27760546890502,6.3499945825851505,engine
Bellatrix,-15,81.27760451748563,6.349994716979146,engine
Bellatrix,-10,81.27760355804003,6.349994848719304,engine
Bellatrix,-5,81.27760259109269,6.349994977788052,engine
Bellatrix,-2,81.2776020075432,6.349995053940132,engine
Bellatrix,-1,81.27760181248864,6.349995079108552,engine
Bellatrix,0,81.27760161717214,6.349995104168969,engine
Bellatrix,1,81.27760142159795,6.349995129121263,engine
Bellatrix,2,81.27760122577037,6.349995153965329,engine
Bellatrix,3,81.27760102969363,6.349995178701043,engine
Bellatrix,4,81.27760083337205,6.349995203328301,engine
Bellatrix,5,81.27760063680988,6.349995227846998,engine
Bellatrix,6,81.2776004400113,6.349995252257037,engine
Bellatrix,7,81.27760024298087,6.349995276558284,engine
Bellatrix,8,81.27760004572272,6.349995300750654,engine
Bellatrix,9,81.27759984824118,6.3499953248340475,engine
Bellatrix,10,81.27759965054055,6.349995348808367,engine
Bellatrix,11,81.27759945262513,6.349995372673514,engine
Bellatrix,12,81.27759925449922,6.3499953964294,engine
Bellatrix,13,81.27759905616719,6.349995420075927,engine
Bellatrix,14,81.27759885763331,6.3499954436130075,engine
Bellatrix,15,81.27759865890192,6.349995467040558,engine
Bellatrix,16,81.27759845997737,6.349995490358492,engine
Bellatrix,17,81.27759826086383,6.349995513566737,engine
Bellatrix,18,81.27759806156593,6.349995536665186,engine
Bellatrix,19,81.27759786208783,6.349995559653775,engine
Bellatrix,20,81.27759766243393,6.349995582532425,engine
Bellatrix,21,81.27759746260854,6.34999560530106,engine
Bellatrix,22,81.27759726261603,6.3499956279596095,engine
Bellatrix,23,81.27759706246074,6.3499956505080055,engine
Bellatrix,24,81.27759686214705,6.349995672946175,engine
Bellatrix,25,81.27759666167927,6.349995695274057,engine
Bellatrix,26,81.27759646106182,6.3499957174915815,engine
Bellatrix,27,81.27759626029902,6.349995739598688,engine
Bellatrix,28,81.27759605939526,6.349995761595318,engine
Bellatrix,29,81.27759585835479,6.349995783481429,engine
Bellatrix,30,81.27759565718222,6.34999580525693,engine
