body,minute,ra,dec,source
Aldebaran,-30,68.9772538237337,16.5072131769764,engine
Aldebaran,-20,68.97725396470142,16.507213778868113,engine
Aldebaran,-15,68.97725399656056,16.507214082761283,engine
Aldebaran,-10,68.97725400246495,16.507214388412887,engine
Aldebaran,-5,68.97725398227635,16.507214695667177,engine
Aldebaran,-2,68.97725395758575,16.507214880723865,engine
Aldebaran,-1,68.97725394725362,16.50721494251924,engine
Aldebaran,0,68.97725393586906,16.507215004367442,engine
Aldebaran,1,68.97725392343118,16.50721506626718,engine
Aldebaran,2,68.97725390993914,16.50721512821722,engine
Aldebaran,3,68.97725389539211,16.507215190216275,engine
Aldebaran,4,68.9772538797893,16.50721525226309,engine
Aldebaran,5,68.9772538631299,16.50721531435641,engine
Aldebaran,6,68.97725384541319,16.507215376495004,engine
Aldebaran,7,68.97725382663837,16.50721543867753,engine
Aldebaran,8,68.97725380680477,16.507215500902753,engine
Aldebaran,9,68.97725378591166,16.507215563169407,engine
Aldebaran,10,68.97725376395836,16.507215625476224,engine
Aldebaran,11,68.9772537409442,16.50721568782193,engine
Aldebaran,12,68.97725371686855,16.507215750205276,engine
Aldebaran,13,68.97725369173078,16.507215812624967,engine
Aldebaran,14,68.9772536655303,16.50721587507974,engine
Aldebaran,15,68.97725363826652,16.50721593756833,engine
Aldebaran,16,68.97725360993887,16.50721600008944,engine
Aldebaran,17,68.97725358054682,16.507216062641874,engine
Aldebaran,18,68.97725355008984,16.507216125224254,engine
Aldebaran,19,68.97725351856744,16.50721618783534,engine
Aldebaran,20,68.97725348597915,16.50721625047387,engine
Aldebaran,21,68.97725345232452,16.507216313138567,engine
Aldebaran,22,68.97725341760307,16.50721637582816,engine
Aldebaran,23,68.97725338181439,16.507216438541352,engine
Aldebaran,24,68.97725334495814,16.507216501276883,engine
Aldebaran,25,68.97725330703386,16.50721656403348,engine
Aldebaran,26,68.97725326804125,16.50721662680985,engine
Aldebaran,27,68.97725322797996,16.507216689604725,engine
Aldebaran,28,68.97725318684967,16.507216752416813,engine
Aldebaran,29,68.97725314465005,16.507216815244895,engine
Aldebaran,30,68.97725310138088,16.507216878087604,engine
Antares,-30,247.35551062388757,-26.43229720301138,engine
Antares,-20,247.35551053315103,-26.43229630697963,engine
Antares,-15,247.35551052945328,-26.43229585478184,engine
Antares,-10,247.35551055373227,-26.43229540012124,engine
Antares,-5,247.35551060611866,-26.432294943242994,engine
Antares,-2,247.35551065109135,-26.43229466815408,engine
Antares,-1,247.3555106683443,-26.4322945763093,engine
Antares,0,247.3555106867296,-26.43229448439357,engine
Antares,1,247.3555107062481,-26.432294392408878,engine
Antares,2,247.35551072690055,-26.432294300357224,engine
Antares,3,247.35551074868766,-26.432294208240563,engine
Antares,4,247.35551077161014,-26.432294116060888,engine
Antares,5,247.35551079566878,-26.43229402382019,engine
Antares,6,247.35551082086417,-26.432293931520405,engine
Antares,7,247.35551084719697,-26.432293839163634,engine
Antares,8,247.35551087466786,-26.43229374675181,engine
Antares,9,247.3555109032774,-26.4322936542869,engine
Antares,10,247.35551093302624,-26.432293561770933,engine
Antares,11,247.35551096391487,-26.432293469205884,engine
Antares,12,247.35551099594392,-26.43229337659374,engine
Antares,13,247.35551102911384,-26.432293283936502,engine
Antares,14,247.35551106342515,-26.432293191236162,engine
Antares,15,247.35551109887837,-26.432293098494732,engine
Antares,16,247.355511135474,-26.432293005714182,engine
Antares,17,247.35551117321236,-26.43229291289647,engine
Antares,18,247.35551121209392,-26.432292820043717,engine
Antares,19,247.35551125211913,-26.432292727157833,engine
Antares,20,247.35551129328823,-26.432292634240856,engine
Antares,21,247.35551133560162,-26.432292541294764,engine
Antares,22,247.35551137905975,-26.43229244832156,engine
Antares,23,247.3555114236628,-26.43229235532326,engine
Antares,24,247.355511469411,-26.432292262301843,engine
Antares,25,247.35551151630474,-26.432292169259323,engine
Antares,26,247.35551156434425,-26.432292076197708,engine
Antares,27,247.35551161352967,-26.432291983118994,engine
Antares,28,247.35551166386122,-26.432291890025173,engine
Antares,29,247.3555117153392,-26.43229179691822,engine
Antares,30,247.35551176796352,-26.43229170380023,engine
Ceres,-30,73.31356213958223,24.737016903073805,engine
Ceres,-20,73.3161831555889,24.73749425300739,engine
Ceres,-15,73.31749353896612,24.737732781217563,engine
Ceres,-10,73.31880384578521,24.737971210313916,engine
Ceres,-5,73.3201140814409,24.7382095394606,engine
Ceres,-2,73.32090019072189,24.73835248861608,engine
Ceres,-1,73.32116222202777,24.73840013023267,engine
Ceres,0,73.32142425095033,24.73844776782035,engine
Ceres,1,73.32168627734744,24.73849540131735,engine
Ceres,2,73.3219483013532,24.7385430307454,engine
Ceres,3,73.32221032310181,24.738590656126306,engine
Ceres,4,73.32247234245139,24.73863827739852,engine
Ceres,5,73.32273435953624,24.738685894583966,engine
Ceres,6,73.3229963745744,24.73873350770881,engine
Ceres,7,73.32325838734897,24.738781116731253,engine
Ceres,8,73.32352039789396,24.73882872162196,engine
Ceres,9,73.32378240634398,24.738876322403176,engine
Ceres,10,73.32404441274164,24.738923919069382,engine
Ceres,11,73.32430641722169,24.73897151164292,engine
Ceres,12,73.32456841964269,24.739019100062837,engine
Ceres,13,73.3248304201395,24.739066684351638,engine
Ceres,14,73.325092418755,24.739114264504092,engine
Ceres,15,73.32535441562415,24.739161840542852,engine
Ceres,16,73.32561641060578,24.739209412407227,engine
Ceres,17,73.32587840401068,24.73925698015189,engine
Ceres,18,73.32614039553054,24.739304543708126,engine
Ceres,19,73.32640238538427,24.739352103102952,engine
Ceres,20,73.32666437370702,24.739399658359396,engine
Ceres,21,73.32692636035797,24.739447209417104,engine
Ceres,22,73.32718834547254,24.739494756299234,engine
Ceres,23,73.327450329094,24.739542299001222,engine
Ceres,24,73.32771231126583,24.739589837518544,engine
Ceres,25,73.32797429212351,24.739637371874583,engine
Ceres,26,73.3282362715265,24.73968490200934,engine
Ceres,27,73.32849824961038,24.739732427946354,engine
Ceres,28,73.32876022641875,24.739779949681413,engine
Ceres,29,73.329022202171,24.739827467242208,engine
Ceres,30,73.3292841765595,24.739874980560963,engine
Chiron,-30,10.554590524126402,6.662354094770452,engine
Chiron,-20,10.554965738830056,6.662506989057728,engine
Chiron,-15,10.555153352741156,6.662583428477699,engine
Chiron,-10,10.555340972274896,6.662659862756193,engine
Chiron,-5,10.555528598427236,6.66273629192891,engine
Chiron,-2,10.55564117766984,6.662782146980672,engine
Chiron,-1,10.5556787047219,6.662797431590747,engine
Chiron,0,10.555716232106173,6.662812715997729,engine
Chiron,1,10.555753759830221,6.6628280002018085,engine
Chiron,2,10.555791287901595,6.662843284203177,engine
Chiron,3,10.555828816327828,6.662858568002027,engine
Chiron,4,10.555866345116465,6.662873851598561,engine
Chiron,5,10.555903874275032,6.662889134992979,engine
Chiron,6,10.555941403836213,6.662904418195737,engine
Chiron,7,10.555978933761233,6.6629197011877315,engine
Chiron,8,10.556016464074668,6.662934983977061,engine
Chiron,9,10.556053994788071,6.662950266565124,engine
Chiron,10,10.556091525908915,6.662965548952144,engine
Chiron,11,10.55612905744469,6.662980831138343,engine
Chiron,12,10.556166589402862,6.66299611312396,engine
Chiron,13,10.556204121790891,6.663011394909222,engine
Chiron,14,10.55624165461625,6.663026676494368,engine
Chiron,15,10.556279187886359,6.663041957879643,engine
Chiron,16,10.556316721608665,6.663057239065284,engine
Chiron,17,10.556354255815759,6.663072520061788,engine
Chiron,18,10.556391790464728,6.663087800848919,engine
Chiron,19,10.55642932558814,6.663103081437182,engine
Chiron,20,10.556466861193396,6.663118361826833,engine
Chiron,21,10.556504397287888,6.6631336420181375,engine
Chiron,22,10.556541933878984,6.663148922011361,engine
Chiron,23,10.556579470978114,6.663164201807958,engine
Chiron,24,10.556617008584528,6.663179481405843,engine
Chiron,25,10.556654546709627,6.663194760806474,engine
Chiron,26,10.556692085360753,6.663210040010136,engine
Chiron,27,10.556729624545216,6.6632253190171165,engine
Chiron,28,10.556767164270347,6.663240597827706,engine
Chiron,29,10.556804704568616,6.6632558764524354,engine
Chiron,30,10.556842245396973,6.663271154871125,engine
Eris,-30,26.265423807643465,-1.1201017469008432,tno-rate
Eris,-20,26.265488809473457,-1.1200694784470269,tno-rate
Eris,-15,26.265521310388454,-1.1200533442201186,tno-rate
Eris,-10,26.265553811303448,-1.1200372099932103,tno-rate
Eris,-5,26.265586312218446,-1.1200210757663023,tno-rate
Eris,-2,26.26560581276744,-1.1200113952301574,tno-rate
Eris,-1,26.26561231295044,-1.1200081683847756,tno-rate
Eris,0,26.26561881313344,-1.120004941539394,tno-rate
Eris,1,26.265625313316438,-1.1200017146940124,tno-rate
Eris,2,26.26563181349944,-1.1199984878486307,tno-rate
Eris,3,26.265638313682437,-1.119995261003249,tno-rate
Eris,4,26.265644813865435,-1.1199920341578675,tno-rate
Eris,5,26.265651314048434,-1.1199888073124857,tno-rate
Eris,6,26.265657814231435,-1.1199855804671042,tno-rate
Eris,7,26.265664314414433,-1.1199823536217226,tno-rate
Eris,8,26.26567081459743,-1.1199791267763408,tno-rate
Eris,9,26.265677314780433,-1.1199758999309593,tno-rate
Eris,10,26.26568381496343,-1.1199726730855777,tno-rate
Eris,11,26.26569031514643,-1.119969446240196,tno-rate
Eris,12,26.26569681532943,-1.1199662193948143,tno-rate
Eris,13,26.26570331551243,-1.1199629925494328,tno-rate
Eris,14,26.265709815695427,-1.119959765704051,tno-rate
Eris,15,26.265716315878425,-1.1199565388586694,tno-rate
Eris,16,26.265722816061427,-1.1199533120132878,tno-rate
Eris,17,26.265729316244425,-1.119950085167906,tno-rate
Eris,18,26.265735816427423,-1.1199468583225245,tno-rate
Eris,19,26.265742316610424,-1.119943631477143,tno-rate
Eris,20,26.265748816793423,-1.1199404046317611,tno-rate
Eris,21,26.26575531697642,-1.1199371777863796,tno-rate
Eris,22,26.26576181715942,-1.119933950940998,tno-rate
Eris,23,26.26576831734242,-1.1199307240956162,tno-rate
Eris,24,26.26577481752542,-1.1199274972502347,tno-rate
Eris,25,26.265781317708417,-1.119924270404853,tno-rate
Eris,26,26.265787817891418,-1.1199210435594713,tno-rate
Eris,27,26.265794318074416,-1.1199178167140897,tno-rate
Eris,28,26.265800818257414,-1.1199145898687082,tno-rate
Eris,29,26.265807318440416,-1.1199113630233264,tno-rate
Eris,30,26.265813818623414,-1.1199081361779448,tno-rate
Fomalhaut,-30,344.40997332757996,-29.623769509035178,engine
Fomalhaut,-20,344.40997123297313,-29.623769590692152,engine
Fomalhaut,-15,344.4099701695454,-29.623769613840622,engine
Fomalhaut,-10,344.40996909617485,-29.62376962507277,engine
Fomalhaut,-5,344.4099680134722,-29.623769624298394,engine
Fomalhaut,-2,344.4099673596273,-29.623769618035304,engine
Fomalhaut,-1,344.4099671410047,-29.62376961497731,engine
Fomalhaut,0,344.40996692205323,-29.62376961143313,engine
Fomalhaut,1,344.409966702778,-29.62376960740214,engine
Fomalhaut,2,344.4099664831837,-29.62376960288375,engine
Fomalhaut,3,344.4099662632756,-29.62376959787737,engine
Fomalhaut,4,344.40996604305855,-29.623769592382427,engine
Fomalhaut,5,344.40996582253746,-29.62376958639833,engine
Fomalhaut,6,344.4099656017174,-29.62376957992451,engine
Fomalhaut,7,344.40996538060347,-29.623769572960438,engine
Fomalhaut,8,344.4099651592006,-29.62376956550555,engine
Fomalhaut,9,344.4099649375139,-29.62376955755932,engine
Fomalhaut,10,344.40996471554826,-29.623769549121207,engine
Fomalhaut,11,344.4099644933088,-29.623769540190715,engine
Fomalhaut,12,344.40996427080046,-29.623769530767326,engine
Fomalhaut,13,344.40996404802837,-29.62376952085053,engine
Fomalhaut,14,344.40996382499753,-29.62376951043986,engine
Fomalhaut,15,344.409963601713,-29.623769499534834,engine
Fomalhaut,16,344.40996337817984,-29.623769488134975,engine
Fomalhaut,17,344.40996315440293,-29.623769476239822,engine
Fomalhaut,18,344.4099629303876,-29.623769463848927,engine
Fomalhaut,19,344.4099627061389,-29.623769450961834,engine
Fomalhaut,20,344.4099624816618,-29.62376943757815,engine
Fomalhaut,21,344.40996225696136,-29.62376942369744,engine
Fomalhaut,22,344.4099620320427,-29.62376940931925,engine
Fomalhaut,23,344.4099618069109,-29.623769394443233,engine
Fomalhaut,24,344.40996158157105,-29.623769379068953,engine
Fomalhaut,25,344.40996135602825,-29.623769363196057,engine
Fomalhaut,26,344.4099611302876,-29.62376934682415,engine
Fomalhaut,27,344.4099609043542,-29.623769329952886,engine
Fomalhaut,28,344.4099606782331,-29.62376931258188,engine
Fomalhaut,29,344.40996045192935,-29.623769294710808,engine
Fomalhaut,30,344.40996022544823,-29.62376927633934,engine
Juno,-30,324.3793316325073,-6.300791393971246,engine
Juno,-20,324.38177939517055,-6.299995961459109,engine
Juno,-15,324.38300358172717,-6.299598236490156,engine
Juno,-10,324.3842279725185,-6.299200506452273,engine
Juno,-5,324.3854525682805,-6.298802771765367,engine
Juno,-2,324.3861874241623,-6.2985641289878895,engine
Juno,-1,324.3864323924665,-6.2984845810989905,engine
Juno,0,324.3866773690722,-6.298405033052888,engine
Juno,1,324.3869223538972,-6.298325484864316,engine
Juno,2,324.38716734694333,-6.298245936537422,engine
Juno,3,324.3874123482122,-6.298166388076341,engine
Juno,4,324.3876573576211,-6.2980868394958165,engine
Juno,5,324.3879023753395,-6.298007290778787,engine
Juno,6,324.3881474014485,-6.29792774188666,engine
Juno,7,324.38839243562063,-6.29784819293025,engine
Juno,8,324.3886374780209,-6.297768643860363,engine
Juno,9,324.38888252856566,-6.297689094691737,engine
Juno,10,324.3891275874236,-6.297609545407315,engine
Juno,11,324.3893726545109,-6.297529996021836,engine
Juno,12,324.38961772982753,-6.297450446539445,engine
Juno,13,324.38986281337344,-6.297370896964274,engine
Juno,14,324.3901079050643,-6.2972913473110665,engine
Juno,15,324.39035300506777,-6.297211797562764,engine
Juno,16,324.3905981132992,-6.297132247734104,engine
Juno,17,324.39084322992215,-6.29705269777588,engine
Juno,18,324.39108835460706,-6.296973147798909,engine
Juno,19,324.39133348743303,-6.296893597764594,engine
Juno,20,324.39157862856683,-6.296814047655865,engine
Juno,21,324.3918237779231,-6.296734497487455,engine
Juno,22,324.3920689355001,-6.296654947263495,engine
Juno,23,324.39231410129617,-6.296575396988126,engine
Juno,24,324.39255927522515,-6.296495846676066,engine
Juno,25,324.39280445745317,-6.296416296310253,engine
Juno,26,324.39304964789386,-6.296336745905408,engine
Juno,27,324.3932948465447,-6.296257195465661,engine
Juno,28,324.39354005340306,-6.296177644995133,engine
Juno,29,324.3937852686306,-6.296098094444614,engine
Juno,30,324.39403049181146,-6.296018543935493,engine
Jupiter,-30,353.32822652602374,-3.9914028236776957,engine
Jupiter,-20,353.32970090550515,-3.990779450981438,engine
Jupiter,-15,353.33043821977986,-3.9904677611149135,engine
Jupiter,-10,353.33117561932943,-3.990156069141814,engine
Jupiter,-5,353.331913106084,-3.9898443751192048,engine
Jupiter,-2,353.33235564059214,-3.9896573578264394,engine
Jupiter,-1,353.3325031592603,-3.9895950185850815,engine
Jupiter,0,353.332650681533,-3.9895326792737786,engine
Jupiter,1,353.33279820742314,-3.9894703398936966,engine
Jupiter,2,353.3329457369437,-3.989408000446031,engine
Jupiter,3,353.3330932701075,-3.9893456609319387,engine
Jupiter,4,353.33324080692734,-3.989283321352617,engine
Jupiter,5,353.33338834741585,-3.98922098170924,engine
Jupiter,6,353.3335358916845,-3.989158641961206,engine
Jupiter,7,353.333683439548,-3.989096302193306,engine
Jupiter,8,353.33383099111774,-3.9890339623649362,engine
Jupiter,9,353.33397854640606,-3.988971622477298,engine
Jupiter,10,353.3341261054253,-3.988909282531599,engine
Jupiter,11,353.3342736681876,-3.988846942529048,engine
Jupiter,12,353.33442123470513,-3.9887846024708487,engine
Jupiter,13,353.33456880499,-3.988722262358217,engine
Jupiter,14,353.33471637902113,-3.9886599222062418,engine
Jupiter,15,353.33486395687646,-3.9885975819884107,engine
Jupiter,16,353.33501153853473,-3.9885352417198052,engine
Jupiter,17,353.3351591241067,-3.98847290135987,engine
Jupiter,18,353.33530671340617,-3.9884105609934237,engine
Jupiter,19,353.3354543065436,-3.9883482205799146,engine
Jupiter,20,353.3356019035305,-3.988285880120565,engine
Jupiter,21,353.33574950437844,-3.988223539616624,engine
Jupiter,22,353.33589710909854,-3.988161199069336,engine
Jupiter,23,353.33604471770224,-3.988098858479952,engine
Jupiter,24,353.3361923302006,-3.9880365178497126,engine
Jupiter,25,353.3363399466048,-3.98797417717989,engine
Jupiter,26,353.33648756692594,-3.987911836471723,engine
Jupiter,27,353.3366351911748,-3.987849495726486,engine
Jupiter,28,353.3367828193623,-3.987787154945433,engine
Jupiter,29,353.33693045159833,-3.9877248140880384,engine
Jupiter,30,353.3370780876955,-3.987662473239163,engine
Ketu,-30,230.24981191510494,-18.43236926558784,engine
Ketu,-20,230.2500200986231,-18.432421201933362,engine
Ketu,-15,230.250124237788,-18.432447181836196,engine
Ketu,-10,230.250228407854,-18.43247316938371,engine
Ketu,-5,230.25033260837753,-18.43249916446513,engine
Ketu,-2,230.2503951430818,-18.432514765072995,engine
Ketu,-1,230.25041599035904,-18.432519965863168,engine
Ketu,0,230.2504368388175,-18.432525166945435,engine
Ketu,1,230.25045768845334,-18.432530368318847,engine
Ketu,2,230.25047853924838,-18.432535569978864,engine
Ketu,3,230.2504993912267,-18.432540771931496,engine
Ketu,4,230.25052024437053,-18.432545974172317,engine
Ketu,5,230.25054109867537,-18.432551176700187,engine
Ketu,6,230.2505619541516,-18.432556379517706,engine
Ketu,7,230.25058281076718,-18.432561582616874,engine
Ketu,8,230.25060366853197,-18.43256678600015,engine
Ketu,9,230.25062452744223,-18.432571989666627,engine
Ketu,10,230.25064538749382,-18.432577193615238,engine
Ketu,11,230.25066624868265,-18.432582397844968,engine
Ketu,12,230.25068711100494,-18.432587602354896,engine
Ketu,13,230.25070797445645,-18.432592807143923,engine
Ketu,14,230.25072883903366,-18.432598012211212,engine
Ketu,15,230.25074970471798,-18.432603217552106,engine
Ketu,16,230.2507705715338,-18.43260842317269,engine
Ketu,17,230.25079143947698,-18.432613629071934,engine
Ketu,18,230.25081230851555,-18.432618835241854,engine
Ketu,19,230.25083317865966,-18.432624041684996,engine
Ketu,20,230.25085404990503,-18.43262924840028,engine
Ketu,21,230.25087492224804,-18.4326344553868,engine
Ketu,22,230.25089579568444,-18.432639662643503,engine
Ketu,23,230.2509166702103,-18.432644870169415,engine
Ketu,24,230.25093754582178,-18.43265007796355,engine
Ketu,25,230.25095842251454,-18.43265528602486,engine
Ketu,26,230.2509793002849,-18.432660494352408,engine
Ketu,27,230.25100017911478,-18.432665702941673,engine
Ketu,28,230.25102105902823,-18.43267091179867,engine
Ketu,29,230.25104194002097,-18.432676120922334,engine
Ketu,30,230.25106282206153,-18.432681330304803,engine
Mars,-30,326.01742975950134,-14.974099695397111,engine
Mars,-20,326.0225763319685,-14.972434656351137,engine
Mars,-15,326.02515020416735,-14.97160207920589,engine
Mars,-10,326.02772446786554,-14.970769466733818,engine
Mars,-5,326.03029912463796,-14.969936820873501,engine
Mars,-2,326.0318441070918,-14.969437218420964,engine
Mars,-1,326.03235913263757,-14.969270681895456,engine
Mars,0,326.032874173916,-14.969104144201815,engine
Mars,1,326.03338923092883,-14.968937605357892,engine
Mars,2,326.0339043038664,-14.968771065318496,engine
Mars,3,326.03441939235205,-14.96860452422751,engine
Mars,4,326.0349344965757,-14.96843798203976,engine
Mars,5,326.03544961653773,-14.968271438773067,engine
Mars,6,326.03596475277277,-14.968104894270558,engine
Mars,7,326.0364799042121,-14.967938348899494,engine
Mars,8,326.03699507138964,-14.967771802502995,engine
Mars,9,326.03751025430466,-14.967605255098887,engine
Mars,10,326.0380254531451,-14.967438706641973,engine
Mars,11,326.0385406675317,-14.967272157276158,engine
Mars,12,326.03905589765185,-14.967105606956217,engine
Mars,13,326.03957114350345,-14.966939055699966,engine
Mars,14,326.0400864052733,-14.966772503462192,engine
Mars,15,326.0406016825808,-14.966605950386807,engine
Mars,16,326.0411169756121,-14.966439396428557,engine
Mars,17,326.04163228489836,-14.966272841430523,engine
Mars,18,326.0421476093672,-14.966106285759986,engine
Mars,19,326.0426629495492,-14.965939729259974,engine
Mars,20,326.0431783054401,-14.96577317194832,engine
Mars,21,326.04369367722444,-14.96560661377974,engine
Mars,22,326.0442090645197,-14.9654400548981,engine
Mars,23,326.0447244675095,-14.965273495258138,engine
Mars,24,326.04523988618854,-14.965106934877616,engine
Mars,25,326.04575532074,-14.964940373711253,engine
Mars,26,326.04627077078,-14.96477381190289,engine
Mars,27,326.0467862364911,-14.964607249407209,engine
Mars,28,326.04730171805545,-14.96444068617892,engine
Mars,29,326.0478172154341,-14.964274122250165,engine
Mars,30,326.04833272811726,-14.964107557798954,engine
Mercury,-30,19.00877122920675,7.53071964474536,engine
Mercury,-20,19.021780228918516,7.537228280187084,engine
Mercury,-15,19.02828532376762,7.540482477412688,engine
Mercury,-10,19.034790828151003,7.543736595063426,engine
Mercury,-5,19.041296752932134,7.5469906343644055,engine
Mercury,-2,19.045200512838743,7.548943020272696,engine
Mercury,-1,19.046501800634285,7.54959380925196,engine
Mercury,0,19.047803105893,7.550244595129989,engine
Mercury,1,19.049104428689528,7.550895377912612,engine
Mercury,2,19.050405769648336,7.551546157911282,engine
Mercury,3,19.05170712774321,7.552196934520729,engine
Mercury,4,19.053008503598132,7.5528477080524805,engine
Mercury,5,19.05430989728671,7.553498478512566,engine
Mercury,6,19.055611309754955,7.554149246343366,engine
Mercury,7,19.056912739880797,7.554800010983871,engine
Mercury,8,19.05821418750947,7.555450772265378,engine
Mercury,9,19.059515653263702,7.5561015304996575,engine
Mercury,10,19.060817137215846,7.556752285692937,engine
Mercury,11,19.062118639988128,7.55740303815709,engine
Mercury,12,19.063420160552123,7.558053787287236,engine
Mercury,13,19.064721699529564,7.5587045333953204,engine
Mercury,14,19.06602325699175,7.559355276487766,engine
Mercury,15,19.067324833559873,7.560006016876583,engine
Mercury,16,19.068626428204514,7.560656753957102,engine
Mercury,17,19.069928042419065,7.561307488477767,engine
Mercury,18,19.07122967452832,7.561958219572494,engine
Mercury,19,19.072531326025178,7.562608947989837,engine
Mercury,20,19.07383299587908,7.5632596731252635,engine
Mercury,21,19.07513468470968,7.56391039529107,engine
Mercury,22,19.076436392586192,7.56456111449402,engine
Mercury,23,19.077738120127673,7.565211831046498,engine
Mercury,24,19.079039866302526,7.56586254434415,engine
Mercury,25,19.080341631729297,7.5665132546994425,engine
Mercury,26,19.08164341702622,7.5671639624249,engine
Mercury,27,19.08294522116088,7.567814666916278,engine
Mercury,28,19.084247044751006,7.568465368486202,engine
Mercury,29,19.085548888736795,7.569116067578006,engine
Mercury,30,19.086850751989573,7.569766763631773,engine
Moon,-30,76.29527157326056,24.558764103756427,engine
Moon,-20,76.3616149717035,24.577575066138493,engine
Moon,-15,76.39462689147499,24.586818627989608,engine
Moon,-10,76.42753947358077,24.595952946247554,engine
Moon,-5,76.46035826578428,24.604977109693635,engine
Moon,-2,76.48000673289103,24.610338366648083,engine
Moon,-1,76.48654930381893,24.612116537354442,engine
Moon,0,76.49308859975771,24.613890242160544,engine
Moon,1,76.49962458280162,24.615659472749048,engine
Moon,2,76.50615729755695,24.6174242227503,engine
Moon,3,76.51268670628632,24.61918448404075,engine
Moon,4,76.51921301866706,24.620940254078935,engine
Moon,5,76.52573619706112,24.622691524885497,engine
Moon,6,76.53225620837924,24.624438289746546,engine
Moon,7,76.53877325362163,24.626180543960576,engine
Moon,8,76.5452872998055,24.62791828096433,engine
Moon,9,76.5517983920034,24.62965149491942,engine
Moon,10,76.55830649307423,24.63138017828611,engine
Moon,11,76.5648118128967,24.633104328935943,engine
Moon,12,76.57131431443146,24.634823939477336,engine
Moon,13,76.57781404299922,24.636539004368448,engine
Moon,14,76.58431096173686,24.63824951640776,engine
Moon,15,76.59080528067827,24.639955473712448,engine
Moon,16,76.59729696305611,24.64165686921904,engine
Moon,17,76.60378605878535,24.643353698844983,engine
Moon,18,76.61027252257688,24.645045953434217,engine
Moon,19,76.6167565689328,24.646733632498805,engine
Moon,20,76.62323816134138,24.648416729313837,engine
Moon,21,76.62971734562744,24.65009523896121,engine
Moon,22,76.63619416760815,24.6517691565973,engine
Moon,23,76.64266859102975,24.65343847577778,engine
Moon,24,76.64914082618189,24.655103195180217,engine
Moon,25,76.65561083687783,24.656763308504008,engine
Moon,26,76.66207866916507,24.65841881122701,engine
Moon,27,76.6685443691364,24.66006969888411,engine
Moon,28,76.67500798293035,24.661715967105284,engine
Moon,29,76.6814694789926,24.663357611057467,engine
Moon,30,76.68792905904628,24.664994627594748,engine
Neptune,-30,354.4439912294286,-3.6294721864258817,engine
Neptune,-20,354.4442161166474,-3.629376829248856,engine
Neptune,-15,354.4443285662178,-3.6293291491445454,engine
Neptune,-10,354.44444102072924,-3.6292814680501038,engine
Neptune,-5,354.4445534809478,-3.629233785963131,engine
Neptune,-2,354.44462096010756,-3.6292051762457183,engine
Neptune,-1,354.4446434537011,-3.6291956395960527,engine
Neptune,0,354.4446659475775,-3.629186102906761,engine
Neptune,1,354.44468844173736,-3.629176566179996,engine
Neptune,2,354.4447109361892,-3.629167029414831,engine
Neptune,3,354.44473343093864,-3.6291574926113745,engine
Neptune,4,354.44475592599406,-3.629147955768711,engine
Neptune,5,354.4447784213562,-3.629138418888992,engine
Neptune,6,354.44480091704844,-3.6291288819649115,engine
Neptune,7,354.44482341304644,-3.6291193450093693,engine
Neptune,8,354.4448459093708,-3.629109808016082,engine
Neptune,9,354.4448684060302,-3.6291002709841433,engine
Neptune,10,354.4448909030249,-3.629090733915711,engine
Neptune,11,354.44491340036336,-3.629081196809886,engine
Neptune,12,354.44493589805137,-3.6290716596667796,engine
Neptune,13,354.4449583960971,-3.6290621224854918,engine
Neptune,14,354.44498089450116,-3.6290525852681936,engine
Neptune,15,354.4450033932718,-3.6290430480139806,engine
Neptune,16,354.4450258924147,-3.62903351072298,engine
Neptune,17,354.44504839195076,-3.629023973388924,engine
Neptune,18,354.4450708918578,-3.6290144360237044,engine
Neptune,19,354.4450933921516,-3.6290048986231054,engine
Neptune,20,354.4451158928404,-3.628995361186231,engine
Neptune,21,354.4451383939298,-3.628985823713217,engine
Neptune,22,354.44516089542793,-3.628976286203173,engine
Neptune,23,354.44518339733537,-3.628966748658278,engine
Neptune,24,354.4452058996603,-3.628957211077651,engine
Neptune,25,354.44522840240836,-3.6289476734614268,engine
Neptune,26,354.44525090558506,-3.6289381358097463,engine
Neptune,27,354.44527340919853,-3.628928598121725,engine
Neptune,28,354.44529591324937,-3.628919060399556,engine
Neptune,29,354.44531841776063,-3.6289095226359627,engine
Neptune,30,354.4453409227078,-3.6288999848438848,engine
Pallas,-30,23.05372503125739,-4.610931604284093,engine
Pallas,-20,23.05651460189347,-4.610351009447331,engine
Pallas,-15,23.057909514233277,-4.610060700630543,engine
Pallas,-10,23.059304516232185,-4.6097703844435785,engine
Pallas,-5,23.060699612119976,-4.60948006094701,engine
Pallas,-2,23.061536716062573,-4.60930586343664,engine
Pallas,-1,23.06181575865311,-4.609247797035353,engine
Pallas,0,23.06209480533844,-4.609189730363698,engine
Pallas,1,23.062373856002573,-4.609131663403199,engine
Pallas,2,23.06265291074851,-4.609073596164957,engine
Pallas,3,23.062931969606208,-4.609015528650213,engine
Pallas,4,23.063211032605505,-4.60895746086025,engine
Pallas,5,23.06349009977618,-4.608899392796319,engine
Pallas,6,23.063769171335075,-4.608841324420782,engine
Pallas,7,23.06404824693756,-4.608783255812803,engine
Pallas,8,23.064327326873403,-4.608725186944594,engine
Pallas,9,23.06460641102598,-4.608667117797773,engine
Pallas,10,23.064885499497763,-4.608609048383511,engine
Pallas,11,23.065164592318094,-4.608550978703144,engine
Pallas,12,23.06544368951624,-4.60849290875801,engine
Pallas,13,23.065722791121406,-4.608434838549471,engine
Pallas,14,23.06600189716271,-4.608376768078883,engine
Pallas,15,23.066281007669186,-4.6083186973476264,engine
Pallas,16,23.066560122669802,-4.608260626357079,engine
Pallas,17,23.066839242380606,-4.608202555069699,engine
Pallas,18,23.067118366456093,-4.608144483564764,engine
Pallas,19,23.067397495112136,-4.60808641180475,engine
Pallas,20,23.067676628450453,-4.608028339800932,engine
Pallas,21,23.0679557663535,-4.6079702675350385,engine
Pallas,22,23.06823490892284,-4.607912195018362,engine
Pallas,23,23.068514056186853,-4.607854122252356,engine
Pallas,24,23.068793208173904,-4.6077960492384795,engine
Pallas,25,23.069072364912213,-4.607737975978207,engine
Pallas,26,23.069351526429934,-4.6076799024730155,engine
Pallas,27,23.069630692755187,-4.607621828724396,engine
Pallas,28,23.06990986391595,-4.607563754733856,engine
Pallas,29,23.070189040127335,-4.607505680463955,engine
Pallas,30,23.07046822104277,-4.607447605994096,engine
Pluto,-30,300.67604472988864,-22.394242092967534,engine
Pluto,-20,300.67612823028253,-22.39424171155685,engine
Pluto,-15,300.67617001790666,-22.39424151360418,engine
Pluto,-10,300.6762118309684,-22.394241311139908,engine
Pluto,-5,300.67625366983026,-22.394241104407357,engine
Pluto,-2,300.6762787856674,-22.394240978421458,engine
Pluto,-1,300.6762871597133,-22.3942409361134,engine
Pluto,0,300.6762955348173,-22.394240893652604,engine
Pluto,1,300.67630391097936,-22.394240851040855,engine
Pluto,2,300.67631228820204,-22.394240808280152,engine
Pluto,3,300.67632066648787,-22.394240765372487,engine
Pluto,4,300.6763290458391,-22.394240722319882,engine
Pluto,5,300.6763374262583,-22.394240679124334,engine
Pluto,6,300.67634580775103,-22.39424063578763,engine
Pluto,7,300.67635419031325,-22.394240592312258,engine
Pluto,8,300.67636257395054,-22.394240548700015,engine
Pluto,9,300.67637095866513,-22.39424050495292,engine
Pluto,10,300.6763793444594,-22.394240461072986,engine
Pluto,11,300.6763877313356,-22.394240417062264,engine
Pluto,12,300.676396119296,-22.394240372922784,engine
Pluto,13,300.6764045083426,-22.39424032865658,engine
Pluto,14,300.6764128984754,-22.394240284265475,engine
Pluto,15,300.6764212897014,-22.394240239751966,engine
Pluto,16,300.6764296820203,-22.394240195117877,engine
Pluto,17,300.6764380754397,-22.394240150365224,engine
Pluto,18,300.6764464699506,-22.39424010549613,engine
Pluto,19,300.67645486556063,-22.394240060512615,engine
Pluto,20,300.67646326227185,-22.39424001541675,engine
Pluto,21,300.67647166008624,-22.394239970210588,engine
Pluto,22,300.6764800590058,-22.394239924896212,engine
Pluto,23,300.6764884590325,-22.394239879475673,engine
Pluto,24,300.6764968601657,-22.394239833950856,engine
Pluto,25,300.6765052624125,-22.394239788324253,engine
Pluto,26,300.676513665772,-22.394239742597712,engine
Pluto,27,300.67652207024634,-22.39423969677335,engine
Pluto,28,300.6765304758372,-22.394239650853237,engine
Pluto,29,300.67653888255205,-22.39423960483943,engine
Pluto,30,300.67654729038134,-22.39423955873406,engine
Rahu,-30,50.24981191510494,18.43236926558784,engine
Rahu,-20,50.25002009862311,18.432421201933362,engine
Rahu,-15,50.25012423778797,18.432447181836196,engine
Rahu,-10,50.250228407854,18.43247316938371,engine
Rahu,-5,50.250332608377526,18.43249916446513,engine
Rahu,-2,50.2503951430818,18.432514765072995,engine
Rahu,-1,50.25041599035905,18.432519965863168,engine
Rahu,0,50.25043683881752,18.432525166945435,engine
Rahu,1,50.250457688453345,18.432530368318847,engine
Rahu,2,50.25047853924838,18.432535569978864,engine
Rahu,3,50.25049939122671,18.432540771931496,engine
Rahu,4,50.25052024437055,18.432545974172317,engine
Rahu,5,50.25054109867536,18.432551176700187,engine
Rahu,6,50.250561954151614,18.432556379517706,engine
Rahu,7,50.25058281076718,18.432561582616874,engine
Rahu,8,50.25060366853196,18.43256678600015,engine
Rahu,9,50.250624527442234,18.432571989666627,engine
Rahu,10,50.250645387493805,18.432577193615238,engine
Rahu,11,50.25066624868264,18.432582397844968,engine
Rahu,12,50.25068711100494,18.432587602354896,engine
Rahu,13,50.25070797445644,18.432592807143923,engine
Rahu,14,50.250728839033656,18.432598012211212,engine
Rahu,15,50.25074970471796,18.432603217552106,engine
Rahu,16,50.25077057153379,18.43260842317269,engine
Rahu,17,50.250791439476984,18.432613629071934,engine
Rahu,18,50.25081230851555,18.432618835241854,engine
Rahu,19,50.250833178659654,18.432624041684996,engine
Rahu,20,50.25085404990503,18.43262924840028,engine
Rahu,21,50.25087492224805,18.4326344553868,engine
Rahu,22,50.250895795684436,18.432639662643503,engine
Rahu,23,50.250916670210316,18.432644870169415,engine
Rahu,24,50.25093754582178,18.43265007796355,engine
Rahu,25,50.25095842251455,18.43265528602486,engine
Rahu,26,50.25097930028492,18.432660494352408,engine
Rahu,27,50.25100017911479,18.432665702941673,engine
Rahu,28,50.25102105902822,18.43267091179867,engine
Rahu,29,50.25104194002098,18.432676120922334,engine
Rahu,30,50.25106282206152,18.432681330304803,engine
Regulus,-30,152.09519261747556,11.965871675477105,engine
Regulus,-20,152.09519450615625,11.965871773595888,engine
Regulus,-15,152.09519545667413,11.965871830486902,engine
Regulus,-10,152.09519641055235,11.965871892620534,engine
Regulus,-5,152.09519736722063,11.965871960009835,engine
Regulus,-2,152.09519794232284,11.965872002970617,engine
Regulus,-1,152.09519813417967,11.9658720177125,engine
Regulus,0,152.09519832610687,11.965872032665311,engine
Regulus,1,152.0951985180999,11.965872047829096,engine
Regulus,2,152.09519871015414,11.965872063203905,engine
Regulus,3,152.09519890226503,11.96587207878979,engine
Regulus,4,152.09519909442793,11.965872094586794,engine
Regulus,5,152.09519928663832,11.965872110594953,engine
Regulus,6,152.09519947889166,11.965872126814322,engine
Regulus,7,152.09519967118317,11.965872143244905,engine
Regulus,8,152.09519986350836,11.965872159886741,engine
Regulus,9,152.09520005586262,11.965872176739856,engine
Regulus,10,152.09520024824135,11.965872193804262,engine
Regulus,11,152.09520044063999,11.965872211079988,engine
Regulus,12,152.09520063305393,11.965872228567031,engine
Regulus,13,152.09520082547857,11.965872246265409,engine
Regulus,14,152.09520101790932,11.965872264175124,engine
Regulus,15,152.09520121034154,11.965872282296173,engine
Regulus,16,152.0952014027707,11.965872300628545,engine
Regulus,17,152.0952015951923,11.965872319172256,engine
Regulus,18,152.09520178760147,11.965872337927262,engine
Regulus,19,152.09520197999382,11.965872356893554,engine
Regulus,20,152.09520217236468,11.965872376071122,engine
Regulus,21,152.09520236470945,11.965872395459929,engine
Regulus,22,152.09520255702355,11.965872415059955,engine
Regulus,23,152.09520274930244,11.96587243487117,engine
Regulus,24,152.09520294154146,11.96587245489353,engine
Regulus,25,152.09520313373602,11.965872475126991,engine
Regulus,26,152.09520332588158,11.965872495571512,engine
Regulus,27,152.0952035179735,11.965872516227048,engine
Regulus,28,152.0952037100072,11.965872537093544,engine
Regulus,29,152.09520390197827,11.965872558170949,engine
Regulus,30,152.0952040938818,11.965872579459184,engine
Saturn,-30,324.9113401967316,-15.005525148001789,engine
Saturn,-20,324.9119265819839,-15.005345216046688,engine
Saturn,-15,324.9122198584529,-15.005255245710615,engine
Saturn,-10,324.9125131915987,-15.005165272983547,engine
Saturn,-5,324.9128065820431,-15.00507529823111,engine
Saturn,-2,324.9129826440127,-15.005021312575415,engine
Saturn,-1,324.9130413359709,-15.005003317243323,engine
Saturn,0,324.9131000302713,-15.004985321854367,engine
Saturn,1,324.9131587268908,-15.00496732641957,engine
Saturn,2,324.9132174258603,-15.004949330934117,engine
Saturn,3,324.91327612715656,-15.004931335409058,engine
Saturn,4,324.9133348308103,-15.004913339839591,engine
Saturn,5,324.9133935367982,-15.004895344236767,engine
Saturn,6,324.9134522451904,-15.004877348583722,engine
Saturn,7,324.91351095588453,-15.004859352915643,engine
Saturn,8,324.91356966895074,-15.004841357215687,engine
Saturn,9,324.91362838436527,-15.004823361494912,engine
Saturn,10,324.91368710215875,-15.004805365748538,engine
Saturn,11,324.91374582230736,-15.00478736998764,engine
Saturn,12,324.9138045448415,-15.004769374207443,engine
Saturn,13,324.9138632697374,-15.004751378419028,engine
Saturn,14,324.91392199702534,-15.004733382617632,engine
Saturn,15,324.9139807266813,-15.004715386814345,engine
Saturn,16,324.9140394587355,-15.004697391004397,engine
Saturn,17,324.91409819320324,-15.004679395186821,engine
Saturn,18,324.91415693003586,-15.004661399380986,engine
Saturn,19,324.9142156692485,-15.004643403585957,engine
Saturn,20,324.9142744108712,-15.004625407796956,engine
Saturn,21,324.9143331548796,-15.004607412025106,engine
Saturn,22,324.9143919013037,-15.004589416265652,engine
Saturn,23,324.91445065013244,-15.004571420525759,engine
Saturn,24,324.91450940135496,-15.00455342481257,engine
Saturn,25,324.91456815500106,-15.004535429121349,engine
Saturn,26,324.914626911046,-15.00451743346322,engine
Saturn,27,324.91468566951943,-15.004499437833474,engine
Saturn,28,324.91474443039675,-15.004481442243208,engine
Saturn,29,324.9148031937467,-15.004463446675643,engine
Saturn,30,324.91486195946567,-15.00444545116605,engine
Sun,-30,15.170538119517452,6.470392506892833,engine
Sun,-20,15.1768372111681,6.473012411830843,engine
Sun,-15,15.179987391200113,6.474322231290892,engine
Sun,-10,15.18313801001134,6.475631963193838,engine
Sun,-5,15.186289080595623,6.4769416089422585,engine
Sun,-2,15.18817994431644,6.477727355296408,engine
Sun,-1,15.188810269727686,6.477989263969073,engine
Sun,0,15.189440614046836,6.478251169267146,engine
Sun,1,15.190070977367377,6.478513071199786,engine
Sun,2,15.190701359781627,6.47877496977587,engine
Sun,3,15.19133176138219,6.479036865004568,engine
Sun,4,15.191962182261225,6.479298756895088,engine
Sun,5,15.19259262251002,6.479560645456482,engine
Sun,6,15.193223082643026,6.479822530873722,engine
Sun,7,15.193853561905243,6.4800844128047235,engine
Sun,8,15.19448406081021,6.480346291434499,engine
Sun,9,15.195114579448301,6.480608166772477,engine
Sun,10,15.19574511790895,6.480870038827957,engine
Sun,11,15.196375676281988,6.48113190761052,engine
Sun,12,15.197006254656145,6.481393773129545,engine
Sun,13,15.197636853120322,6.481655635394648,engine
Sun,14,15.198267471763016,6.481917494415517,engine
Sun,15,15.19889811067183,6.482179350201632,engine
Sun,16,15.199528769934746,6.482441202762848,engine
Sun,17,15.200159450061415,6.482703052284326,engine
Sun,18,15.200790150293326,6.482964898424834,engine
Sun,19,15.201420871139351,6.483226741369619,engine
Sun,20,15.202051612685953,6.483488581128709,engine
Sun,21,15.20268237501839,6.483750417711868,engine
Sun,22,15.203313158222187,6.484012251129129,engine
Sun,23,15.20394396238233,6.484274081390554,engine
Sun,24,15.204574787582983,6.484535908506055,engine
Sun,25,15.205205633908607,6.484797732485851,engine
Sun,26,15.205836501442521,6.485059553339952,engine
Sun,27,15.206467390268411,6.485321371078655,engine
Sun,28,15.207098300468816,6.485583185712036,engine
Sun,29,15.207729232549704,6.485844997426058,engine
Sun,30,15.208360185746628,6.486106805879778,engine
Uranus,-30,40.54014819943549,15.352040577936393,engine
Uranus,-20,40.540508229153865,15.352154163928407,engine
Uranus,-15,40.540688222553385,15.352210942779937,engine
Uranus,-10,40.5408682027919,15.352267712057017,engine
Uranus,-5,40.54104817082216,15.352324471683733,engine
Uranus,-2,40.54115614613241,15.352358522782993,engine
Uranus,-1,40.5411921370273,15.352369872365571,engine
Uranus,0,40.54122812750327,15.3523812215572,engine
Uranus,1,40.541264117557944,15.35239257035413,engine
Uranus,2,40.54130010720841,15.352403918758835,engine
Uranus,3,40.54133609645228,15.35241526676759,engine
Uranus,4,40.54137208530667,15.352426614382864,engine
Uranus,5,40.54140807376922,15.352437961600963,engine
Uranus,6,40.54144406188121,15.352449308431979,engine
Uranus,7,40.54148004959692,15.352460654858561,engine
Uranus,8,40.54151603694299,15.352472000886175,engine
Uranus,9,40.54155202393661,15.352483346517339,engine
Uranus,10,40.54158801057548,15.352494691748396,engine
Uranus,11,40.541623996876766,15.352506036581884,engine
Uranus,12,40.54165998283819,15.352517381014144,engine
Uranus,13,40.541695968476965,15.352528725047742,engine
Uranus,14,40.54173195379081,15.352540068679039,engine
Uranus,15,40.54176793879695,15.3525514119106,engine
Uranus,16,40.541803923493134,15.35256275473882,engine
Uranus,17,40.541839907920746,15.352574097173877,engine
Uranus,18,40.54187589202928,15.352585439196973,engine
Uranus,19,40.54191187586013,15.352596780818322,engine
Uranus,20,40.541947859411074,15.352608122034331,engine
Uranus,21,40.5419838426994,15.35261946284762,engine
Uranus,22,40.5420198257229,15.35263080325464,engine
Uranus,23,40.54205580849888,15.35264214325802,engine
Uranus,24,40.542091791025115,15.352653482854201,engine
Uranus,25,40.542127773318946,15.35266482204586,engine
Uranus,26,40.54216375537821,15.352676160829441,engine
Uranus,27,40.542199737220216,15.352687499207638,engine
Uranus,28,40.54223571884282,15.352698837176929,engine
Uranus,29,40.54227170028748,15.352710174747608,engine
Uranus,30,40.54230768150378,15.352721511900972,engine
Venus,-30,332.6543782964427,-10.878914248147106,engine
Venus,-20,332.6616855773546,-10.876828676443047,engine
Venus,-15,332.66534052662206,-10.875785733760031,engine
Venus,-10,332.66899635219625,-10.874742691343615,engine
Venus,-5,332.6726530581865,-10.873699552418723,engine
Venus,-2,332.6748475048086,-10.873073624343414,engine
Venus,-1,332.67557905761134,-10.872864974349604,engine
Venus,0,332.67631064588574,-10.87265632075838,engine
Venus,1,332.677042269537,-10.872447663592757,engine
Venus,2,332.67777392846966,-10.872239002875768,engine
Venus,3,332.67850562291784,-10.8720303386457,engine
Venus,4,332.67923735278464,-10.871821670925627,engine
Venus,5,332.6799691179728,-10.871612999738577,engine
Venus,6,332.6807009192051,-10.871404324982946,engine
Venus,7,332.6814327554012,-10.871195646961667,engine
Venus,8,332.6821646269525,-10.870986965557877,engine
Venus,9,332.682896534089,-10.87077828080992,engine
Venus,10,332.6836284767101,-10.870569592740862,engine
Venus,11,332.684360454714,-10.87036090137384,engine
Venus,12,332.6850924683292,-10.870152206747127,engine
Venus,13,332.6858245174526,-10.869943508883894,engine
Venus,14,332.6865566019808,-10.869734807807196,engine
Venus,15,332.68728872213995,-10.869526103555387,engine
Venus,16,332.6880208778253,-10.869317396151573,engine
Venus,17,332.6887530694221,-10.869108685478954,engine
Venus,18,332.68948529617285,-10.868899971855702,engine
Venus,19,332.6902175584615,-10.868691255165025,engine
Venus,20,332.69094985618045,-10.868482535430045,engine
Venus,21,332.69168218955207,-10.86827381268907,engine
Venus,22,332.6924145584673,-10.868065086965188,engine
Venus,23,332.6931469628167,-10.867856358281625,engine
Venus,24,332.6938794028204,-10.867647626676556,engine
Venus,25,332.6946118783676,-10.867438892173164,engine
Venus,26,332.69534438945675,-10.867230154799612,engine
Venus,27,332.6960769359756,-10.867021414579032,engine
Venus,28,332.69680951814183,-10.866812671549653,engine
Venus,29,332.697542136333,-10.86660392559464,engine
Venus,30,332.6982747894524,-10.866395177017056,engine
Vesta,-30,314.6382779705603,-17.593139282161253,engine
Vesta,-20,314.641400368829,-17.59253543845446,engine
Vesta,-15,314.6429619822584,-17.592233523251622,engine
Vesta,-10,314.6445238708151,-17.591931615116575,engine
Vesta,-5,314.64608603451353,-17.591629715846366,engine
Vesta,-2,314.6470234641648,-17.591448581388953,engine
Vesta,-1,314.64733596256207,-17.591388204179896,engine
Vesta,0,314.6476484718906,-17.591327827464994,engine
Vesta,1,314.6479609921423,-17.59126745125944,engine
Vesta,2,314.64827352343247,-17.591207075560963,engine
Vesta,3,314.64858606550575,-17.591146700419657,engine
Vesta,4,314.64889861847684,-17.591086325833263,engine
Vesta,5,314.6492111824603,-17.59102595179941,engine
Vesta,6,314.6495237574096,-17.590965578327744,engine
Vesta,7,314.64983634301973,-17.590905205496874,engine
Vesta,8,314.650148939614,-17.590844833263958,engine
Vesta,9,314.6504615469357,-17.590784461679068,engine
Vesta,10,314.6507741650982,-17.590724090739805,engine
Vesta,11,314.6510867942146,-17.590663720443782,engine
Vesta,12,314.65139943402755,-17.59060335084102,engine
Vesta,13,314.6517120846496,-17.59054298192907,engine
Vesta,14,314.6520247461933,-17.590482613705532,engine
Vesta,15,314.6523374184005,-17.590422246220367,engine
Vesta,16,314.6526501013832,-17.5903618794711,engine
Vesta,17,314.6529627954627,-17.590301513414776,engine
Vesta,18,314.65327549996107,-17.590241148182297,engine
Vesta,19,314.6535882151991,-17.590180783730645,engine
Vesta,20,314.65390094128793,-17.590120420057314,engine
Vesta,21,314.6542136779681,-17.590060057212174,engine
Vesta,22,314.6545264253501,-17.589999695192674,engine
Vesta,23,314.6548391835445,-17.589939333996245,engine
Vesta,24,314.65515195229096,-17.589878973672707,engine
Vesta,25,314.65546473182286,-17.589818614201974,engine
Vesta,26,314.6557775218798,-17.58975825563384,engine
Vesta,27,314.65609032257095,-17.589697897965678,engine
Vesta,28,314.6564031340058,-17.58963754119479,engine
Vesta,29,314.6567159561327,-17.58957718533049,engine
Vesta,30,314.65702878864096,-17.589516830450993,engine
Gonggong,-30,337.20646519780166,-11.086208345917198,tno-rate
Gonggong,-20,337.20652224166645,-11.086183263461022,tno-rate
Gonggong,-15,337.20655076359884,-11.086170722232934,tno-rate
Gonggong,-10,337.20657928553123,-11.086158181004846,tno-rate
Gonggong,-5,337.2066078074636,-11.086145639776758,tno-rate
Gonggong,-2,337.2066249206231,-11.086138115039905,tno-rate
Gonggong,-1,337.20663062500955,-11.086135606794288,tno-rate
Gonggong,0,337.206636329396,-11.08613309854867,tno-rate
Gonggong,1,337.2066420337825,-11.086130590303052,tno-rate
Gonggong,2,337.20664773816895,-11.086128082057435,tno-rate
Gonggong,3,337.2066534425555,-11.086125573811817,tno-rate
Gonggong,4,337.20665914694194,-11.0861230655662,tno-rate
Gonggong,5,337.2066648513284,-11.086120557320582,tno-rate
Gonggong,6,337.2066705557149,-11.086118049074964,tno-rate
Gonggong,7,337.20667626010135,-11.086115540829347,tno-rate
Gonggong,8,337.2066819644878,-11.086113032583729,tno-rate
Gonggong,9,337.20668766887434,-11.086110524338112,tno-rate
Gonggong,10,337.2066933732608,-11.086108016092494,tno-rate
Gonggong,11,337.2066990776473,-11.086105507846876,tno-rate
Gonggong,12,337.20670478203374,-11.086102999601259,tno-rate
Gonggong,13,337.2067104864202,-11.08610049135564,tno-rate
Gonggong,14,337.20671619080673,-11.086097983110024,tno-rate
Gonggong,15,337.2067218951932,-11.086095474864406,tno-rate
Gonggong,16,337.20672759957966,-11.086092966618788,tno-rate
Gonggong,17,337.20673330396613,-11.086090458373171,tno-rate
Gonggong,18,337.2067390083526,-11.086087950127553,tno-rate
Gonggong,19,337.2067447127391,-11.086085441881934,tno-rate
Gonggong,20,337.2067504171256,-11.086082933636318,tno-rate
Gonggong,21,337.20675612151206,-11.0860804253907,tno-rate
Gonggong,22,337.2067618258985,-11.086077917145083,tno-rate
Gonggong,23,337.206767530285,-11.086075408899465,tno-rate
Gonggong,24,337.20677323467146,-11.086072900653846,tno-rate
Gonggong,25,337.206778939058,-11.08607039240823,tno-rate
Gonggong,26,337.20678464344445,-11.086067884162611,tno-rate
Gonggong,27,337.2067903478309,-11.086065375916995,tno-rate
Gonggong,28,337.2067960522174,-11.086062867671377,tno-rate
Gonggong,29,337.20680175660385,-11.086060359425758,tno-rate
Gonggong,30,337.2068074609904,-11.086057851180142,tno-rate
Haumea,-30,217.05057652362729,15.789016121229109,tno-rate
Haumea,-20,217.0504712099163,15.789073081858652,tno-rate
Haumea,-15,217.05041855306084,15.789101562173425,tno-rate
Haumea,-10,217.05036589620536,15.789130042488196,tno-rate
Haumea,-5,217.05031323934986,15.78915852280297,tno-rate
Haumea,-2,217.0502816452366,15.789175610991832,tno-rate
Haumea,-1,217.05027111386548,15.789181307054786,tno-rate
Haumea,0,217.0502605824944,15.78918700311774,tno-rate
Haumea,1,217.0502500511233,15.789192699180695,tno-rate
Haumea,2,217.05023951975218,15.78919839524365,tno-rate
Haumea,3,217.0502289883811,15.789204091306605,tno-rate
Haumea,4,217.05021845701,15.78920978736956,tno-rate
Haumea,5,217.05020792563892,15.789215483432512,tno-rate
Haumea,6,217.0501973942678,15.789221179495467,tno-rate
Haumea,7,217.0501868628967,15.789226875558422,tno-rate
Haumea,8,217.05017633152562,15.789232571621376,tno-rate
Haumea,9,217.05016580015453,15.78923826768433,tno-rate
Haumea,10,217.0501552687834,15.789243963747285,tno-rate
Haumea,11,217.05014473741232,15.78924965981024,tno-rate
Haumea,12,217.05013420604124,15.789255355873195,tno-rate
Haumea,13,217.05012367467012,15.789261051936148,tno-rate
Haumea,14,217.05011314329903,15.789266747999102,tno-rate
Haumea,15,217.05010261192794,15.789272444062057,tno-rate
Haumea,16,217.05009208055685,15.789278140125012,tno-rate
Haumea,17,217.05008154918573,15.789283836187966,tno-rate
Haumea,18,217.05007101781464,15.78928953225092,tno-rate
Haumea,19,217.05006048644356,15.789295228313875,tno-rate
Haumea,20,217.05004995507247,15.78930092437683,tno-rate
Haumea,21,217.05003942370135,15.789306620439785,tno-rate
Haumea,22,217.05002889233026,15.789312316502738,tno-rate
Haumea,23,217.05001836095917,15.789318012565692,tno-rate
Haumea,24,217.05000782958805,15.789323708628647,tno-rate
Haumea,25,217.04999729821697,15.789329404691602,tno-rate
Haumea,26,217.04998676684588,15.789335100754556,tno-rate
Haumea,27,217.0499762354748,15.78934079681751,tno-rate
Haumea,28,217.04996570410367,15.789346492880465,tno-rate
Haumea,29,217.04995517273258,15.78935218894342,tno-rate
Haumea,30,217.0499446413615,15.789357885006373,tno-rate
Makemake,-30,198.49593058667085,22.95928569361039,tno-rate
Makemake,-20,198.49581570066687,22.959324251309738,tno-rate
Makemake,-15,198.49575825766487,22.959343530159416,tno-rate
Makemake,-10,198.49570081466288,22.95936280900909,tno-rate
Makemake,-5,198.4956433716609,22.959382087858767,tno-rate
Makemake,-2,198.49560890585968,22.959393655168572,tno-rate
Makemake,-1,198.4955974172593,22.959397510938505,tno-rate
Makemake,0,198.4955859286589,22.95940136670844,tno-rate
Makemake,1,198.4955744400585,22.959405222478377,tno-rate
Makemake,2,198.4955629514581,22.95940907824831,tno-rate
Makemake,3,198.4955514628577,22.959412934018246,tno-rate
Makemake,4,198.4955399742573,22.959416789788182,tno-rate
Makemake,5,198.4955284856569,22.959420645558115,tno-rate
Makemake,6,198.4955169970565,22.95942450132805,tno-rate
Makemake,7,198.49550550845612,22.959428357097988,tno-rate
Makemake,8,198.4954940198557,22.95943221286792,tno-rate
Makemake,9,198.4954825312553,22.959436068637856,tno-rate
Makemake,10,198.4954710426549,22.959439924407793,tno-rate
Makemake,11,198.49545955405452,22.959443780177725,tno-rate
Makemake,12,198.49544806545413,22.95944763594766,tno-rate
Makemake,13,198.4954365768537,22.959451491717598,tno-rate
Makemake,14,198.4954250882533,22.959455347487534,tno-rate
Makemake,15,198.49541359965292,22.959459203257467,tno-rate
Makemake,16,198.49540211105253,22.959463059027403,tno-rate
Makemake,17,198.49539062245213,22.95946691479734,tno-rate
Makemake,18,198.4953791338517,22.959470770567272,tno-rate
Makemake,19,198.49536764525132,22.959474626337208,tno-rate
Makemake,20,198.49535615665093,22.959478482107144,tno-rate
Makemake,21,198.49534466805054,22.959482337877077,tno-rate
Makemake,22,198.49533317945014,22.959486193647013,tno-rate
Makemake,23,198.49532169084972,22.95949004941695,tno-rate
Makemake,24,198.49531020224933,22.959493905186882,tno-rate
Makemake,25,198.49529871364894,22.95949776095682,tno-rate
Makemake,26,198.49528722504854,22.959501616726754,tno-rate
Makemake,27,198.49527573644815,22.959505472496687,tno-rate
Makemake,28,198.49526424784773,22.959509328266623,tno-rate
Makemake,29,198.49525275924734,22.95951318403656,tno-rate
Makemake,30,198.49524127064694,22.959517039806492,tno-rate
Orcus,-30,155.94925280003125,-11.756614084750977,tno-rate
Orcus,-20,155.94916827546274,-11.756550888940648,tno-rate
Orcus,-15,155.94912601317847,-11.756519291035483,tno-rate
Orcus,-10,155.9490837508942,-11.75648769313032,tno-rate
Orcus,-5,155.94904148860996,-11.756456095225154,tno-rate
Orcus,-2,155.9490161312394,-11.756437136482056,tno-rate
Orcus,-1,155.94900767878255,-11.756430816901023,tno-rate
Orcus,0,155.9489992263257,-11.75642449731999,tno-rate
Orcus,1,155.94899077386884,-11.756418177738958,tno-rate
Orcus,2,155.948982321412,-11.756411858157925,tno-rate
Orcus,3,155.94897386895514,-11.756405538576892,tno-rate
Orcus,4,155.94896541649828,-11.75639921899586,tno-rate
Orcus,5,155.94895696404143,-11.756392899414827,tno-rate
Orcus,6,155.94894851158458,-11.756386579833793,tno-rate
Orcus,7,155.94894005912772,-11.75638026025276,tno-rate
Orcus,8,155.94893160667087,-11.756373940671727,tno-rate
Orcus,9,155.94892315421401,-11.756367621090694,tno-rate
Orcus,10,155.9489147017572,-11.756361301509662,tno-rate
Orcus,11,155.94890624930034,-11.756354981928629,tno-rate
Orcus,12,155.94889779684348,-11.756348662347596,tno-rate
Orcus,13,155.94888934438663,-11.756342342766564,tno-rate
Orcus,14,155.94888089192978,-11.756336023185531,tno-rate
Orcus,15,155.94887243947292,-11.756329703604498,tno-rate
Orcus,16,155.94886398701607,-11.756323384023466,tno-rate
Orcus,17,155.94885553455921,-11.756317064442433,tno-rate
Orcus,18,155.94884708210236,-11.756310744861398,tno-rate
Orcus,19,155.9488386296455,-11.756304425280366,tno-rate
Orcus,20,155.94883017718865,-11.756298105699333,tno-rate
Orcus,21,155.9488217247318,-11.7562917861183,tno-rate
Orcus,22,155.94881327227495,-11.756285466537268,tno-rate
Orcus,23,155.9488048198181,-11.756279146956235,tno-rate
Orcus,24,155.94879636736124,-11.756272827375202,tno-rate
Orcus,25,155.9487879149044,-11.75626650779417,tno-rate
Orcus,26,155.94877946244753,-11.756260188213137,tno-rate
Orcus,27,155.94877100999068,-11.756253868632104,tno-rate
Orcus,28,155.94876255753383,-11.756247549051071,tno-rate
Orcus,29,155.948754105077,-11.756241229470037,tno-rate
Orcus,30,155.94874565262015,-11.756234909889004,tno-rate
Quaoar,-30,277.2703056552342,-15.251137234538309,tno-rate
Quaoar,-20,277.2703058609478,-15.251114172309002,tno-rate
Quaoar,-15,277.2703059638047,-15.251102641194349,tno-rate
Quaoar,-10,277.2703060666615,-15.251091110079697,tno-rate
Quaoar,-5,277.2703061695183,-15.251079578965044,tno-rate
Quaoar,-2,277.2703062312324,-15.251072660296252,tno-rate
Quaoar,-1,277.27030625180373,-15.25107035407332,tno-rate
Quaoar,0,277.2703062723751,-15.25106804785039,tno-rate
Quaoar,1,277.27030629294643,-15.25106574162746,tno-rate
Quaoar,2,277.2703063135178,-15.251063435404529,tno-rate
Quaoar,3,277.2703063340892,-15.251061129181599,tno-rate
Quaoar,4,277.27030635466053,-15.251058822958669,tno-rate
Quaoar,5,277.2703063752319,-15.251056516735737,tno-rate
Quaoar,6,277.27030639580323,-15.251054210512807,tno-rate
Quaoar,7,277.27030641637464,-15.251051904289875,tno-rate
Quaoar,8,277.270306436946,-15.251049598066945,tno-rate
Quaoar,9,277.27030645751734,-15.251047291844015,tno-rate
Quaoar,10,277.2703064780887,-15.251044985621084,tno-rate
Quaoar,11,277.2703064986601,-15.251042679398154,tno-rate
Quaoar,12,277.27030651923144,-15.251040373175224,tno-rate
Quaoar,13,277.2703065398028,-15.251038066952292,tno-rate
Quaoar,14,277.27030656037414,-15.251035760729362,tno-rate
Quaoar,15,277.2703065809455,-15.251033454506432,tno-rate
Quaoar,16,277.2703066015169,-15.2510311482835,tno-rate
Quaoar,17,277.27030662208824,-15.25102884206057,tno-rate
Quaoar,18,277.2703066426596,-15.251026535837639,tno-rate
Quaoar,19,277.27030666323094,-15.251024229614709,tno-rate
Quaoar,20,277.27030668380235,-15.251021923391779,tno-rate
Quaoar,21,277.2703067043737,-15.251019617168847,tno-rate
Quaoar,22,277.27030672494504,-15.251017310945917,tno-rate
Quaoar,23,277.2703067455164,-15.251015004722987,tno-rate
Quaoar,24,277.2703067660878,-15.251012698500055,tno-rate
Quaoar,25,277.27030678665915,-15.251010392277125,tno-rate
Quaoar,26,277.2703068072305,-15.251008086054195,tno-rate
Quaoar,27,277.27030682780185,-15.251005779831264,tno-rate
Quaoar,28,277.2703068483732,-15.251003473608334,tno-rate
Quaoar,29,277.2703068689446,-15.251001167385402,tno-rate
Quaoar,30,277.27030688951595,-15.250998861162472,tno-rate
Sedna,-30,58.56714619664353,8.241310061831003,tno-rate
Sedna,-20,58.56721262149099,8.241336502399562,tno-rate
Sedna,-15,58.56724583391472,8.241349722683841,tno-rate
Sedna,-10,58.56727904633845,8.241362942968122,tno-rate
Sedna,-5,58.56731225876218,8.2413761632524,tno-rate
Sedna,-2,58.56733218621642,8.24138409542297,tno-rate
Sedna,-1,58.56733882870116,8.241386739479825,tno-rate
Sedna,0,58.56734547118591,8.241389383536681,tno-rate
Sedna,1,58.56735211367066,8.241392027593538,tno-rate
Sedna,2,58.5673587561554,8.241394671650394,tno-rate
Sedna,3,58.56736539864015,8.24139731570725,tno-rate
Sedna,4,58.56737204112489,8.241399959764106,tno-rate
Sedna,5,58.56737868360964,8.241402603820962,tno-rate
Sedna,6,58.56738532609439,8.241405247877816,tno-rate
Sedna,7,58.56739196857913,8.241407891934672,tno-rate
Sedna,8,58.56739861106388,8.241410535991529,tno-rate
Sedna,9,58.56740525354862,8.241413180048385,tno-rate
Sedna,10,58.56741189603337,8.24141582410524,tno-rate
Sedna,11,58.56741853851811,8.241418468162097,tno-rate
Sedna,12,58.56742518100286,8.241421112218953,tno-rate
Sedna,13,58.56743182348761,8.24142375627581,tno-rate
Sedna,14,58.56743846597235,8.241426400332665,tno-rate
Sedna,15,58.5674451084571,8.241429044389522,tno-rate
Sedna,16,58.56745175094184,8.241431688446378,tno-rate
Sedna,17,58.56745839342659,8.241434332503232,tno-rate
Sedna,18,58.56746503591134,8.241436976560088,tno-rate
Sedna,19,58.56747167839608,8.241439620616944,tno-rate
Sedna,20,58.56747832088083,8.2414422646738,tno-rate
Sedna,21,58.56748496336557,8.241444908730656,tno-rate
Sedna,22,58.56749160585032,8.241447552787513,tno-rate
Sedna,23,58.56749824833507,8.241450196844369,tno-rate
Sedna,24,58.56750489081981,8.241452840901225,tno-rate
Sedna,25,58.56751153330456,8.241455484958081,tno-rate
Sedna,26,58.5675181757893,8.241458129014937,tno-rate
Sedna,27,58.56752481827405,8.241460773071793,tno-rate
Sedna,28,58.5675314607588,8.24146341712865,tno-rate
Sedna,29,58.56753810324354,8.241466061185504,tno-rate
Sedna,30,58.56754474572829,8.24146870524236,tno-rate
Transpluto,-30,154.38185696230494,10.615240139296294,engine
Transpluto,-20,154.38181312490894,10.615256722769267,engine
Transpluto,-15,154.38179120826186,10.615265013690642,engine
Transpluto,-10,154.38176929298623,10.615273304067031,engine
Transpluto,-5,154.38174737907647,10.6152815939005,engine
Transpluto,-2,154.38173423138957,10.615286567538725,engine
Transpluto,-1,154.3817298489368,10.615288225374629,engine
Transpluto,0,154.38172546653874,10.61528988318871,engine
Transpluto,1,154.38172108419548,10.615291540981046,engine
Transpluto,2,154.381716701907,10.61529319875162,engine
Transpluto,3,154.38171231967326,10.615294856500427,engine
Transpluto,4,154.38170793749435,10.615296514227444,engine
Transpluto,5,154.38170355537017,10.615298171932684,engine
Transpluto,6,154.38169917329787,10.615299829617284,engine
Transpluto,7,154.38169479128334,10.615301487278993,engine
Transpluto,8,154.3816904093235,10.615303144918911,engine
Transpluto,9,154.38168602741845,10.61530480253705,engine
Transpluto,10,154.38168164556816,10.615306460133443,engine
Transpluto,11,154.38167726377273,10.61530811770802,engine
Transpluto,12,154.38167288203215,10.61530977526085,engine
Transpluto,13,154.38166850034622,10.615311432791911,engine
Transpluto,14,154.38166411871515,10.615313090301186,engine
Transpluto,15,154.3816597371389,10.61531474778864,engine
Transpluto,16,154.3816553556174,10.615316405254347,engine
Transpluto,17,154.38165097414782,10.615318062699364,engine
Transpluto,18,154.38164659273593,10.615319720121503,engine
Transpluto,19,154.38164221137885,10.61532137752183,engine
Transpluto,20,154.38163783007656,10.615323034900381,engine
Transpluto,21,154.38163344882915,10.615324692257156,engine
Transpluto,22,154.38162906763642,10.615326349592134,engine
Transpluto,23,154.38162468649867,10.615328006905324,engine
Transpluto,24,154.3816203054156,10.615329664196711,engine
Transpluto,25,154.38161592438743,10.61533132146635,engine
Transpluto,26,154.38161154341398,10.615332978714166,engine
Transpluto,27,154.38160716249544,10.615334635940211,engine
Transpluto,28,154.38160278163167,10.615336293144447,engine
Transpluto,29,154.3815984008198,10.615337950327977,engine
Transpluto,30,154.38159402006565,10.615339607488652,engine
Part_of_Fortune,-30,216.01351668255717,28.51244926500859,engine
Part_of_Fortune,-20,217.70321691295572,27.904645803420394,engine
Part_of_Fortune,-15,218.54601661929814,27.59747299668173,engine
Part_of_Fortune,-10,219.38752592393917,27.288199654482895,engine
Part_of_Fortune,-5,220.22780131565756,26.976886834271802,engine
Part_of_Fortune,-2,220.73139707302468,26.78914598114568,engine
Part_of_Fortune,-1,220.89916999484134,26.726409829886396,engine
Part_of_Fortune,0,221.06689758346096,26.663596585932417,engine
Part_of_Fortune,1,221.23458018697167,26.60070675254844,engine
Part_of_Fortune,2,221.40221823446564,26.537740836185264,engine
Part_of_Fortune,3,221.5698120720992,26.474699342414866,engine
Part_of_Fortune,4,221.73736229076576,26.411582784102126,engine
Part_of_Fortune,5,221.90486923378523,26.348391669422565,engine
Part_of_Fortune,6,222.07233335429373,26.28512646590316,engine
Part_of_Fortune,7,222.23975501522676,26.22178777475461,engine
Part_of_Fortune,8,222.40713466791487,26.15837606577849,engine
Part_of_Fortune,9,222.57447273150945,26.094891854648775,engine
Part_of_Fortune,10,222.74176954276882,26.031335656065227,engine
Part_of_Fortune,11,222.909025682907,25.96770799182656,engine
Part_of_Fortune,12,223.07624148607107,25.904009379186128,engine
Part_of_Fortune,13,223.24341736623575,25.84024033892691,engine
Part_of_Fortune,14,223.41055365507327,25.77640139087935,engine
Part_of_Fortune,15,223.57765092895193,25.71249306174312,engine
Part_of_Fortune,16,223.74470951615115,25.64851587421928,engine
Part_of_Fortune,17,223.9117299385974,25.584470310817245,engine
Part_of_Fortune,18,224.07871229852103,25.5203569825434,engine
Part_of_Fortune,19,224.24565727995974,25.456176377881512,engine
Part_of_Fortune,20,224.41256520644993,25.391929024546535,engine
Part_of_Fortune,21,224.57943648265294,25.327615453215998,engine
Part_of_Fortune,22,224.74627151292086,25.263236195424504,engine
Part_of_Fortune,23,224.91307061715543,25.198791782738034,engine
Part_of_Fortune,24,225.0798343618288,25.134282752492776,engine
Part_of_Fortune,25,225.2465630645857,25.069709638667135,engine
Part_of_Fortune,26,225.41325712536076,25.005072977652834,engine
Part_of_Fortune,27,225.57991694181152,24.940373307507322,engine
Part_of_Fortune,28,225.7465429117248,24.875611167004013,engine
Part_of_Fortune,29,225.9131354602706,24.810787051459688,engine
Part_of_Fortune,30,226.07969492357824,24.745901592339123,engine
Part_of_Spirit,-30,93.76404977507093,-7.664293928718601,engine
Part_of_Spirit,-20,95.3336613918849,-8.304479505194907,engine
Part_of_Spirit,-15,96.1167376187484,-8.627519796715704,engine
Part_of_Spirit,-10,96.8987229968003,-8.952442311624537,engine
Part_of_Spirit,-5,97.67966294528023,-9.279184167230953,engine
Part_of_Spirit,-2,98.14774349587552,-9.476076041557668,engine
Part_of_Spirit,-1,98.30369192665884,-9.541844716884338,engine
Part_of_Spirit,0,98.4596016120392,-9.60768155985438,engine
Part_of_Spirit,1,98.61547297610318,-9.673586050550085,engine
Part_of_Spirit,2,98.771306358915,-9.739557669763599,engine
Part_of_Spirit,3,98.92710218229095,-9.805595895657502,engine
Part_of_Spirit,4,99.0828606179541,-9.871700210265569,engine
Part_of_Spirit,5,99.23858208468305,-9.937870089435467,engine
Part_of_Spirit,6,99.3942671028213,-10.004105051842485,engine
Part_of_Spirit,7,99.54991563179398,-10.070404487557091,engine
Part_of_Spirit,8,99.7055281899243,-10.136767913281167,engine
Part_of_Spirit,9,99.86110510639924,-10.203194801645108,engine
Part_of_Spirit,10,100.01664679243825,-10.269684622851084,engine
Part_of_Spirit,11,100.17215340967755,-10.336236850824289,engine
Part_of_Spirit,12,100.32762536652042,-10.402850953509448,engine
Part_of_Spirit,13,100.48306298647793,-10.469526399020689,engine
Part_of_Spirit,14,100.63846667512558,-10.536262653105139,engine
Part_of_Spirit,15,100.79383658893907,-10.603059185278507,engine
Part_of_Spirit,16,100.94917312990843,-10.6699154586931,engine
Part_of_Spirit,17,101.10447672114955,-10.736830982304072,engine
Part_of_Spirit,18,101.25974755395393,-10.80380512747536,engine
Part_of_Spirit,19,101.41498588437285,-10.870837404376857,engine
Part_of_Spirit,20,101.57019210913909,-10.937927271823717,engine
Part_of_Spirit,21,101.72536654143485,-11.00507418928269,engine
Part_of_Spirit,22,101.88050949414892,-11.072277615511837,engine
Part_of_Spirit,23,102.0356213598606,-11.139537006036413,engine
Part_of_Spirit,24,102.19070228463099,-11.206851820855551,engine
Part_of_Spirit,25,102.34575265864726,-11.274221513369179,engine
Part_of_Spirit,26,102.50077278991567,-11.34164553812128,engine
Part_of_Spirit,27,102.65576298407557,-11.409123348103591,engine
Part_of_Spirit,28,102.81072354680171,-11.476654395782486,engine
Part_of_Spirit,29,102.96565496738481,-11.544238175803127,engine
Part_of_Spirit,30,103.12055717697893,-11.611874051090815,engine
Ascendant,-30,154.88878322881405,10.424077668144994,engine
Ascendant,-20,156.5184391524203,9.800083149112742,engine
Ascendant,-15,157.33137711902327,9.484976599983012,engine
Ascendant,-10,158.14312446036973,9.167878671429179,engine
Ascendant,-5,158.9537321304689,8.848851333520424,engine
Ascendant,-2,159.4395702844501,8.656534969794006,engine
Ascendant,-1,159.6014309607501,8.59228255650103,engine
Ascendant,0,159.76324959775008,8.527957513039018,engine
Ascendant,1,159.92502658153742,8.463560350999177,engine
Ascendant,2,160.08676229669032,8.399091583210833,engine
Ascendant,3,160.24845712719508,8.334551723378683,engine
Ascendant,4,160.41011145435994,8.269941286918279,engine
Ascendant,5,160.57172565923415,8.205260789993549,engine
Ascendant,6,160.7333002285575,8.140510707030339,engine
Ascendant,7,160.89483532351036,8.07569164359876,engine
Ascendant,8,161.05633142891958,8.010804076248663,engine
Ascendant,9,161.21778891895434,7.945848526501833,engine
Ascendant,10,161.37920816760354,7.8808255166070715,engine
Ascendant,11,161.54058954629227,7.815735570501137,engine
Ascendant,12,161.70193342629574,7.750579212838341,engine
Ascendant,13,161.86324017635684,7.68535696995311,engine
Ascendant,14,162.02451016509943,7.620069368887107,engine
Ascendant,15,162.1857437589455,7.554716938232306,engine
Ascendant,16,162.3469413230298,7.489300207763091,engine
Ascendant,17,162.50810332987348,7.423819664256586,engine
Ascendant,18,162.66922992623748,7.358275927534019,engine
Ascendant,19,162.8303215821663,7.292669486752328,engine
Ascendant,20,162.9913786577945,7.227000876361409,engine
Ascendant,21,163.1524015120439,7.161270631966653,engine
Ascendant,22,163.3133905035349,7.095479289956334,engine
Ascendant,23,163.47434598850802,7.029627388350812,engine
Ascendant,24,163.6352683232299,6.963715465818614,engine
Ascendant,25,163.79615786161648,6.897744062648977,engine
Ascendant,26,163.95701495763822,6.831713719765776,engine
Ascendant,27,164.11783996294355,6.765624979701864,engine
Ascendant,28,164.27863322926325,6.699478385610764,engine
Ascendant,29,164.4393952138277,6.63327443782828,engine
Ascendant,30,164.6001260502786,6.567013770624153,engine
Midheaven,-30,50.92190293220631,18.598698033567175,engine
Midheaven,-20,53.42649675320593,19.194648691288368,engine
Midheaven,-15,54.678814166793536,19.47839413944039,engine
Midheaven,-10,55.93114785119478,19.752577804157852,engine
Midheaven,-5,57.18350022245473,20.017149597669473,engine
Midheaven,-2,57.934921286738025,20.171259801118904,engine
Midheaven,-1,58.18539669528418,20.221855666788816,engine
Midheaven,0,58.4358729913823,20.272063887376202,engine
Midheaven,1,58.68635019048998,20.321884146137172,engine
Midheaven,2,58.936828307995995,20.371316132756746,engine
Midheaven,3,59.18730736061495,20.420359543530175,engine
Midheaven,4,59.437787363129,20.46901408063166,engine
Midheaven,5,59.68826833210917,20.51727945275299,engine
Midheaven,6,59.93875045015999,20.565155406265344,engine
Midheaven,7,60.18923339730282,20.61264159760228,engine
Midheaven,8,60.439717357386684,20.65973778552688,engine
Midheaven,9,60.69020234481976,20.70644370210493,engine
Midheaven,10,60.94068837579322,20.75275908546324,engine
Midheaven,11,61.19117546455758,20.798683679008693,engine
Midheaven,12,61.441663627143875,20.844217232030147,engine
Midheaven,13,61.6921528776401,20.889359498930105,engine
Midheaven,14,61.94264323191248,20.934110239816214,engine
Midheaven,15,62.19313470434739,20.978469219827716,engine
Midheaven,16,62.44362730924592,21.022436209306136,engine
Midheaven,17,62.694121229729525,21.0660110129618,engine
Midheaven,18,62.944616144439166,21.109193352925505,engine
Midheaven,19,63.19511223631949,21.151983044150523,engine
Midheaven,20,63.44560951931953,21.19437987694733,engine
Midheaven,21,63.696108007297475,21.236383646416986,engine
Midheaven,22,63.94660771541547,21.277994152601504,engine
Midheaven,23,64.19710865688161,21.319211199859442,engine
Midheaven,24,64.44761084667098,21.360034597405146,engine
Midheaven,25,64.69811429780246,21.40046415861745,engine
Midheaven,26,64.94861902505988,21.440499701568598,engine
Midheaven,27,65.19912504126862,21.48014104834584,engine
Midheaven,28,65.44963236101698,21.519388025569864,engine
Midheaven,29,65.70014116491886,21.558240489650963,engine
Midheaven,30,65.95065113092585,21.596698223275855,engine
Vertex,-30,305.529606771935,-19.432128498686232,engine
Vertex,-20,308.68968066668907,-18.69391219851549,engine
Vertex,-15,310.29095471226844,-18.296919109592924,engine
Vertex,-10,311.9063612117425,-17.880993075143206,engine
Vertex,-5,313.5358475431647,-17.44591325550195,engine
Vertex,-2,314.5202644667098,-17.17559263604452,engine
Vertex,-1,314.849519495485,-17.08393246520708,engine
Vertex,0,315.1793310047419,-16.991493740801094,engine
Vertex,1,315.5096979888021,-16.898275423726126,engine
Vertex,2,315.840619390253,-16.804276546119624,engine
Vertex,3,316.1720941013247,-16.709496212468512,engine
Vertex,4,316.5041209591185,-16.61393360248641,engine
Vertex,5,316.83669875007195,-16.517587971364787,engine
Vertex,6,317.16982642814486,-16.420458587465266,engine
Vertex,7,317.50350222477067,-16.322544993802364,engine
Vertex,8,317.8377249869,-16.22384661945818,engine
Vertex,9,318.1724932815147,-16.124363041831643,engine
Vertex,10,318.507805622755,-16.02409392217274,engine
Vertex,11,318.8436604665281,-15.923039008756117,engine
Vertex,12,319.18005621508155,-15.821198137089308,engine
Vertex,13,319.5169912116107,-15.718571233114606,engine
Vertex,14,319.85446374486764,-15.615158313396543,engine
Vertex,15,320.1924720443982,-15.510959488153933,engine
Vertex,16,320.53101428204195,-15.405974962394476,engine
Vertex,17,320.87008880038394,-15.30020496602768,engine
Vertex,18,321.209693200654,-15.193650040376253,engine
Vertex,19,321.549825707903,-15.086310613910106,engine
Vertex,20,321.89048425962517,-14.97818728771076,engine
Vertex,21,322.23166673389255,-14.869280766094056,engine
Vertex,22,322.57337095095056,-14.75959185766655,engine
Vertex,23,322.91559466848025,-14.649121478406538,engine
Vertex,24,323.2583355863879,-14.537870651684333,engine
Vertex,25,323.6015913414455,-14.425840511542818,engine
Vertex,26,323.94535951212094,-14.31303230266971,engine
Vertex,27,324.28963761322683,-14.199447383674201,engine
Vertex,28,324.6344231007928,-14.08508722700559,engine
Vertex,29,324.9797135984393,-13.969953344754513,engine
Vertex,30,325.3255059751314,-13.854047598073603,engine
Algol,-30,47.036295228900265,40.95571752057196,engine
Algol,-20,47.036294480559235,40.95571873799989,engine
Algol,-15,47.036294055680635,40.95571934402166,engine
Algol,-10,47.036293597113136,40.95571994776007,engine
Algol,-5,47.03629310496406,40.95572054885023,engine
Algol,-2,47.03629279360623,40.955720908081695,engine
Algol,-1,47.03629268714861,40.955721027570995,engine
Algol,0,47.036292579357045,40.95572114692821,engine
Algol,1,47.03629247023269,40.95572126615045,engine
Algol,2,47.03629235977673,40.955721385234796,engine
Algol,3,47.03629224799041,40.955721504178406,engine
Algol,4,47.03629213487496,40.95572162297835,engine
Algol,5,47.03629202043164,40.95572174163178,engine
Algol,6,47.03629190466168,40.95572186013587,engine
Algol,7,47.03629178756655,40.955721978487595,engine
Algol,8,47.03629166914752,40.95572209668414,engine
Algol,9,47.03629154940595,40.955722214722684,engine
Algol,10,47.03629142834327,40.95572233260028,engine
Algol,11,47.03629130596086,40.95572245031415,engine
Algol,12,47.0362911822602,40.95572256786137,engine
Algol,13,47.03629105724274,40.9557226852391,engine
Algol,14,47.03629093091001,40.95572280244448,engine
Algol,15,47.03629080326348,40.955722919474674,engine
Algol,16,47.036290674304745,40.955723036326816,engine
Algol,17,47.03629054403528,40.95572315299814,engine
Algol,18,47.03629041245684,40.95572326948566,engine
Algol,19,47.036290279570984,40.9557233857866,engine
Algol,20,47.03629014537934,40.95572350189813,engine
Algol,21,47.0362900098836,40.955723617817405,engine
Algol,22,47.036289873085444,40.95572373354163,engine
Algol,23,47.03628973498662,40.95572384906795,engine
Algol,24,47.03628959558885,40.95572396439356,engine
Algol,25,47.036289454893904,40.95572407951564,engine
Algol,26,47.03628931290361,40.95572419443138,engine
Algol,27,47.03628916961978,40.955724309137956,engine
Algol,28,47.03628902504427,40.95572442363259,engine
Algol,29,47.03628887917881,40.95572453791254,engine
Algol,30,47.03628873202553,40.95572465197486,engine
Pleiades,-30,56.86693579792214,24.104249451847213,engine
Pleiades,-20,56.8669355173034,24.104250274912562,engine
Pleiades,-15,56.866935334899956,24.104250687438125,engine
Pleiades,-10,56.8669351243895,24.10425110031911,engine
Pleiades,-5,56.86693488575557,24.104251513325558,engine
Pleiades,-2,56.866934729074174,24.104251761093835,engine
Pleiades,-1,56.866934674597125,24.104251843666297,engine
Pleiades,0,56.866934618995266,24.10425192622721,engine
Pleiades,1,56.86693456226872,24.104252008774715,engine
Pleiades,2,56.86693450441765,24.104252091307007,engine
Pleiades,3,56.86693444544222,24.10425217382221,engine
Pleiades,4,56.86693438534263,24.104252256318503,engine
Pleiades,5,56.86693432411908,24.10425233879406,engine
Pleiades,6,56.86693426177178,24.104252421247057,engine
Pleiades,7,56.86693419830104,24.10425250367559,engine
Pleiades,8,56.86693413370712,24.104252586077855,engine
Pleiades,9,56.86693406799032,24.10425266845201,engine
Pleiades,10,56.866934001150966,24.104252750796228,engine
Pleiades,11,56.86693393318938,24.104252833108667,engine
Pleiades,12,56.86693386410592,24.1042529153875,engine
Pleiades,13,56.86693379390102,24.104252997630876,engine
Pleiades,14,56.86693372257503,24.104253079836983,engine
Pleiades,15,56.866933650128416,24.104253162003975,engine
Pleiades,16,56.866933576561614,24.10425324413002,engine
Pleiades,17,56.86693350187504,24.10425332621333,engine
Pleiades,18,56.86693342606929,24.104253408251992,engine
Pleiades,19,56.86693334914484,24.10425349024419,engine
Pleiades,20,56.866933271102205,24.104253572188135,engine
Pleiades,21,56.86693319194197,24.104253654081987,engine
Pleiades,22,56.86693311166469,24.104253735923898,engine
Pleiades,23,56.866933030270985,24.104253817712056,engine
Pleiades,24,56.86693294776145,24.10425389944465,engine
Pleiades,25,56.86693286413675,24.104253981119836,engine
Pleiades,26,56.866932779397516,24.1042540627358,engine
Pleiades,27,56.86693269354449,24.10425414429071,engine
Pleiades,28,56.86693260657833,24.10425422578275,engine
Pleiades,29,56.86693251849973,24.10425430721017,engine
Pleiades,30,56.86693242930955,24.104254388571007,engine
Capella,-30,79.16952661980045,45.9971601525309,engine
Capella,-20,79.16952728186364,45.99716149662558,engine
Capella,-15,79.16952756311764,45.99716218082283,engine
Capella,-10,79.16952781072393,45.99716287263233,engine
Capella,-5,79.16952802435574,45.99716357168401,engine
Capella,-2,79.16952813609716,45.99716399443583,engine
Capella,-1,79.16952817059025,45.99716413588855,engine
Capella,0,79.16952820370243,45.99716427760395,engine
Capella,1,79.16952823543137,45.99716441957901,engine
Capella,2,79.16952826577483,45.99716456181071,engine
Capella,3,79.16952829473054,45.997164704296,engine
Capella,4,79.16952832229629,45.99716484703184,engine
Capella,5,79.16952834846987,45.99716499001519,engine
Capella,6,79.16952837324914,45.997165133243094,engine
Capella,7,79.16952839663193,45.997165276712316,engine
Capella,8,79.16952841861612,45.99716542041986,engine
Capella,9,79.16952843919965,45.99716556436269,engine
Capella,10,79.16952845838047,45.997165708537715,engine
Capella,11,79.16952847615649,45.99716585294189,engine
Capella,12,79.16952849252577,45.997165997572104,engine
Capella,13,79.16952850748628,45.9971661424253,engine
Capella,14,79.16952852103609,45.99716628749838,engine
Capella,15,79.16952853317326,45.997166432788255,engine
Capella,16,79.16952854389591,45.997166578291846,engine
Capella,17,79.16952855320217,45.997166724006114,engine
Capella,18,79.16952856109016,45.9971668699278,engine
Capella,19,79.1695285675581,45.997167016053865,engine
Capella,20,79.16952857260418,45.99716716238122,engine
Capella,21,79.16952857622665,45.99716730890674,engine
Capella,22,79.16952857842377,45.997167455627306,engine
Capella,23,79.16952857919382,45.997167602539776,engine
Capella,24,79.16952857853512,45.997167749641065,engine
Capella,25,79.16952857644604,45.99716789692802,engine
Capella,26,79.16952857292493,45.9971680443975,engine
Capella,27,79.1695285679702,45.99716819204639,engine
Capella,28,79.16952856158028,45.997168339871514,engine
Capella,29,79.16952855375362,45.99716848786988,engine
Capella,30,79.16952854448868,45.99716863603812,engine
Sirius,-30,101.28303093457433,-16.7272506275902,engine
Sirius,-20,101.28303208138591,-16.72725097726021,engine
Sirius,-15,101.2830326279994,-16.72725116041157,engine
Sirius,-10,101.28303315617437,-16.727251348962387,engine
Sirius,-5,101.28303366548927,-16.727251542800897,engine
Sirius,-2,101.2830339618532,-16.727251661594586,engine
Sirius,-1,101.28303405908417,-16.72725170160204,engine
Sirius,0,101.28303415553124,-16.727251741812687,engine
Sirius,1,101.28303425119122,-16.727251782225604,engine
Sirius,2,101.28303434606094,-16.727251822839843,engine
Sirius,3,101.28303444013724,-16.727251863654445,engine
Sirius,4,101.28303453341694,-16.727251904668478,engine
Sirius,5,101.28303462589693,-16.727251945880962,engine
Sirius,6,101.28303471757414,-16.72725198729097,engine
Sirius,7,101.28303480844532,-16.727252028897475,engine
Sirius,8,101.28303489850747,-16.727252070699553,engine
Sirius,9,101.28303498775752,-16.727252112696213,engine
Sirius,10,101.28303507619236,-16.727252154886482,engine
Sirius,11,101.283035163809,-16.72725219726939,engine
Sirius,12,101.28303525060437,-16.72725223984394,engine
Sirius,13,101.28303533657551,-16.727252282609154,engine
Sirius,14,101.28303542171936,-16.72725232556402,engine
Sirius,15,101.28303550603299,-16.727252368707568,engine
Sirius,16,101.28303558951339,-16.727252412038798,engine
Sirius,17,101.28303567215771,-16.727252455556712,engine
Sirius,18,101.28303575396288,-16.72725249926028,engine
Sirius,19,101.28303583492604,-16.72725254314849,engine
Sirius,20,101.28303591504428,-16.72725258722035,engine
Sirius,21,101.28303599431473,-16.727252631474826,engine
Sirius,22,101.28303607273452,-16.72725267591092,engine
Sirius,23,101.28303615030079,-16.727252720527584,engine
Sirius,24,101.28303622701073,-16.727252765323808,engine
Sirius,25,101.28303630286146,-16.727252810298555,engine
Sirius,26,101.28303637785025,-16.7272528554508,engine
Sirius,27,101.28303645197425,-16.727252900779483,engine
Sirius,28,101.28303652523074,-16.727252946283592,engine
Sirius,29,101.28303659761698,-16.727252991962096,engine
Sirius,30,101.28303666913015,-16.727253037813885,engine
Procyon,-30,114.82174390742786,5.2168827820716395,engine
Procyon,-20,114.82174532661199,5.2168829684883535,engine
Procyon,-15,114.82174601790457,5.216883064726976,engine
Procyon,-10,114.82174669633908,5.216883162951823,engine
Procyon,-5,114.82174736142944,5.216883263136271,engine
Procyon,-2,114.82174775387858,5.216883324176103,engine
Procyon,-1,114.82174788357126,5.216883344676228,engine
Procyon,0,114.8217480126958,5.2168833652527224,engine
Procyon,1,114.82174814124843,5.21688338590536,engine
Procyon,2,114.82174826922542,5.216883406633914,engine
Procyon,3,114.82174839662301,5.216883427438138,engine
Procyon,4,114.82174852343745,5.216883448317813,engine
Procyon,5,114.82174864966505,5.216883469272684,engine
Procyon,6,114.82174877530215,5.216883490302544,engine
Procyon,7,114.82174890034496,5.216883511407112,engine
Procyon,8,114.82174902478981,5.216883532586171,engine
Procyon,9,114.82174914863302,5.216883553839473,engine
Procyon,10,114.82174927187097,5.216883575166774,engine
Procyon,11,114.82174939449997,5.2168835965678255,engine
Procyon,12,114.82174951651643,5.216883618042393,engine
Procyon,13,114.82174963791668,5.216883639590216,engine
Procyon,14,114.82174975869715,5.216883661211052,engine
Procyon,15,114.82174987885418,5.216883682904649,engine
Procyon,16,114.82174999838418,5.216883704670754,engine
Procyon,17,114.8217501172837,5.216883726509125,engine
Procyon,18,114.82175023554896,5.216883748419481,engine
Procyon,19,114.82175035317654,5.216883770401581,engine
Procyon,20,114.82175047016285,5.2168837924551665,engine
Procyon,21,114.82175058650436,5.216883814579975,engine
Procyon,22,114.82175070219758,5.216883836775753,engine
Procyon,23,114.82175081723895,5.2168838590422295,engine
Procyon,24,114.82175093162506,5.21688388137915,engine
Procyon,25,114.82175104535236,5.216883903786245,engine
Procyon,26,114.82175115841741,5.216883926263251,engine
Procyon,27,114.82175127081676,5.2168839488098975,engine
Procyon,28,114.82175138254692,5.216883971425919,engine
Procyon,29,114.8217514936046,5.216883994111065,engine
Procyon,30,114.82175160398617,5.216884016865026,engine
Alkaid,-30,206.89188055341643,49.311051357183494,engine
Alkaid,-20,206.89188229801314,49.31105030307419,engine
Alkaid,-15,206.89188322331984,49.3110497888627,engine
Alkaid,-10,206.8918841834455,49.31104928371957,engine
Alkaid,-5,206.89188517797976,49.311048788018844,engine
Alkaid,-2,206.8918857910393,49.31104849528486,engine
Alkaid,-1,206.89188599809466,49.311048398505534,engine
Alkaid,0,206.8918862064952,49.3110483021304,engine
Alkaid,1,206.89188641623733,49.31104820616241,engine
Alkaid,2,206.89188662731738,49.31104811060439,engine
Alkaid,3,206.8918868397317,49.31104801545927,engine
Alkaid,4,206.89188705347667,49.31104792072991,engine
Alkaid,5,206.89188726854854,49.31104782641922,engine
Alkaid,6,206.89188748494374,49.311047732529964,engine
Alkaid,7,206.89188770265827,49.31104763906515,engine
Alkaid,8,206.8918879216884,49.31104754602755,engine
Alkaid,9,206.8918881420304,49.31104745342,engine
Alkaid,10,206.89188836368044,49.31104736124534,engine
Alkaid,11,206.89188858663465,49.3110472695064,engine
Alkaid,12,206.89188881088916,49.31104717820601,engine
Alkaid,13,206.89188903644003,49.31104708734696,engine
Alkaid,14,206.8918892632834,49.31104699693204,engine
Alkaid,15,206.89188949141527,49.311046906964044,engine
Alkaid,16,206.89188972083167,49.31104681744578,engine
Alkaid,17,206.89188995152878,49.311046728379914,engine
Alkaid,18,206.8918901835022,49.31104663976937,engine
Alkaid,19,206.8918904167481,49.31104655161685,engine
Alkaid,20,206.89189065126237,49.311046463925074,engine
Alkaid,21,206.89189088704094,49.311046376696794,engine
Alkaid,22,206.89189112407968,49.31104628993474,engine
Alkaid,23,206.89189136237442,49.31104620364164,engine
Alkaid,24,206.89189160192097,49.31104611782017,engine
Alkaid,25,206.89189184271515,49.31104603247309,engine
Alkaid,26,206.8918920847528,49.311045947603056,engine
Alkaid,27,206.89189232802963,49.31104586321276,engine
Alkaid,28,206.89189257254134,49.31104577930487,engine
Alkaid,29,206.89189281828382,49.31104569588203,engine
Alkaid,30,206.89189306525245,49.31104561294697,engine
Algorab,-30,187.47007875956103,-16.518610388163193,engine
Algorab,-20,187.4700803840763,-16.518610026743296,engine
Algorab,-15,187.47008122443754,-16.51860985390726,engine
Algorab,-10,187.4700820829692,-16.518609686468615,engine
Algorab,-5,187.47008295923686,-16.518609524535133,engine
Algorab,-2,187.47008349332654,-16.518609430061424,engine
Algorab,-1,187.47008367272312,-16.518609399022896,engine
Algorab,0,187.470083852797,-16.51860936821207,engine
Algorab,1,187.47008403354454,-16.51860933762979,engine
Algorab,2,187.4700842149621,-16.518609307276822,engine
Algorab,3,187.47008439704604,-16.518609277153995,engine
Algorab,4,187.47008457979263,-16.5186092472621,engine
Algorab,5,187.4700847631982,-16.51860921760193,engine
Algorab,6,187.4700849472592,-16.518609188174256,engine
Algorab,7,187.47008513197162,-16.518609158979903,engine
Algorab,8,187.4700853173319,-16.51860913001964,engine
Algorab,9,187.4700855033363,-16.518609101294228,engine
Algorab,10,187.470085689981,-16.51860907280445,engine
Algorab,11,187.4700858772623,-16.518609044551056,engine
Algorab,12,187.47008606517647,-16.51860901653484,engine
Algorab,13,187.4700862537196,-16.518608988756515,engine
Algorab,14,187.47008644288798,-16.518608961216874,engine
Algorab,15,187.47008663267775,-16.518608933916664,engine
Algorab,16,187.4700868230851,-16.518608906856585,engine
Algorab,17,187.4700870141063,-16.518608880037405,engine
Algorab,18,187.47008720573731,-16.518608853459885,engine
Algorab,19,187.47008739797434,-16.51860882712473,engine
Algorab,20,187.47008759081353,-16.518608801032663,engine
Algorab,21,187.47008778425104,-16.518608775184408,engine
Algorab,22,187.4700879782829,-16.518608749580682,engine
Algorab,23,187.47008817290524,-16.518608724222204,engine
Algorab,24,187.47008836811415,-16.518608699109674,engine
Algorab,25,187.4700885639057,-16.51860867424379,engine
Algorab,26,187.47008876027596,-16.51860864962525,engine
Algorab,27,187.47008895722098,-16.518608625254764,engine
Algorab,28,187.47008915473674,-16.51860860113299,engine
Algorab,29,187.47008935281946,-16.51860857726063,engine
Algorab,30,187.4700895514649,-16.51860855363836,engine
Spica,-30,201.30327998441416,-11.163560258240945,engine
Spica,-20,201.30328128413274,-11.163559918782301,engine
Spica,-15,201.30328196736312,-11.163559753030867,engine
Spica,-10,201.30328267243075,-11.16355959005471,engine
Spica,-5,201.30328339901513,-11.163559429944607,engine
Spica,-2,201.30328384515647,-11.163559335291547,engine
Spica,-1,201.30328399555253,-11.163559303980277,engine
Spica,0,201.3032841467852,-11.16355927279006,engine
Spica,1,201.30328429885162,-11.163559241721588,engine
Spica,2,201.30328445174914,-11.163559210775562,engine
Spica,3,201.3032846054749,-11.163559179952673,engine
Spica,4,201.30328476002603,-11.163559149253617,engine
Spica,5,201.30328491539981,-11.163559118679084,engine
Spica,6,201.30328507159348,-11.163559088229743,engine
Spica,7,201.30328522860398,-11.16355905790632,engine
Spica,8,201.30328538642848,-11.163559027709471,engine
Spica,9,201.30328554506417,-11.163558997639887,engine
Spica,10,201.3032857045081,-11.163558967698245,engine
Spica,11,201.30328586475738,-11.16355893788521,engine
Spica,12,201.30328602580906,-11.163558908201463,engine
Spica,13,201.3032861876602,-11.163558878647676,engine
Spica,14,201.3032863503078,-11.163558849224515,engine
Spica,15,201.3032865137489,-11.163558819932643,engine
Spica,16,201.30328667798057,-11.163558790772736,engine
Spica,17,201.3032868429998,-11.163558761745414,engine
Spica,18,201.30328700880344,-11.16355873285139,engine
Spica,19,201.3032871753885,-11.1635587040913,engine
Spica,20,201.30328734275193,-11.16355867546579,engine
Spica,21,201.3032875108907,-11.163558646975517,engine
Spica,22,201.30328767980166,-11.163558618621122,engine
Spica,23,201.30328784948176,-11.163558590403255,engine
Spica,24,201.3032880199279,-11.163558562322557,engine
Spica,25,201.3032881911369,-11.16355853437967,engine
Spica,26,201.30328836310562,-11.16355850657523,engine
Spica,27,201.30328853583097,-11.163558478909868,engine
Spica,28,201.3032887093097,-11.163558451384223,engine
Spica,29,201.30328888353878,-11.163558423998905,engine
Spica,30,201.30328905851474,-11.163558396754567,engine
Arcturus,-30,213.91342114840043,19.167483192587788,engine
Arcturus,-20,213.91342214734672,19.167482738381814,engine
Arcturus,-15,213.91342268533,19.16748251537486,engine
Arcturus,-10,213.9134232487171,19.167482295329105,engine
Arcturus,-5,213.91342383729068,19.167482078415638,engine
Arcturus,-2,213.91342420242938,19.167481949841704,engine
Arcturus,-1,213.91342432613,19.167481907254178,engine
Arcturus,0,213.91342445082125,19.167481864804117,engine
Arcturus,1,213.9134245765012,19.16748182249286,engine
Arcturus,2,213.9134247031678,19.167481780321747,engine
Arcturus,3,213.91342483081905,19.16748173829211,engine
Arcturus,4,213.91342495945298,19.16748169640527,engine
Arcturus,5,213.91342508906746,19.167481654662566,engine
Arcturus,6,213.9134252196606,19.167481613065306,engine
Arcturus,7,213.91342535123007,19.16748157161485,engine
Arcturus,8,213.91342548377392,19.167481530312504,engine
Arcturus,9,213.91342561729002,19.16748148915957,engine
Arcturus,10,213.91342575177617,19.16748144815738,engine
Arcturus,11,213.91342588723026,19.167481407307225,engine
Arcturus,12,213.91342602365015,19.16748136661043,engine
Arcturus,13,213.91342616103356,19.16748132606829,engine
Arcturus,14,213.91342629937836,19.167481285682136,engine
Arcturus,15,213.91342643868222,19.167481245453228,engine
Arcturus,16,213.913426578943,19.16748120538288,engine
Arcturus,17,213.91342672015847,19.167481165472363,engine
Arcturus,18,213.91342686232616,19.16748112572302,engine
Arcturus,19,213.91342700544388,19.167481086136107,engine
Arcturus,20,213.9134271495093,19.167481046712922,engine
Arcturus,21,213.91342729452006,19.16748100745473,engine
Arcturus,22,213.9134274404738,19.167480968362806,engine
Arcturus,23,213.91342758736818,19.167480929438447,engine
Arcturus,24,213.91342773520077,19.1674808906829,engine
Arcturus,25,213.91342788396915,19.16748085209746,engine
Arcturus,26,213.91342803367095,19.167480813683362,engine
Arcturus,27,213.91342818430368,19.167480775441895,engine
Arcturus,28,213.91342833586484,19.16748073737431,engine
Arcturus,29,213.9134284883521,19.16748069948183,engine
Arcturus,30,213.91342864176275,19.16748066176576,engine
Alphecca,-30,233.67744639074004,26.710783694826418,engine
Alphecca,-20,233.6774467918201,26.710782950989387,engine
Alphecca,-15,233.67744703546427,26.710782578836564,engine
Alphecca,-10,233.67744730784312,26.710782206863556,engine
Alphecca,-5,233.67744760893822,26.71078183532214,engine
Alphecca,-2,233.67744780336645,26.71078161270924,engine
Alphecca,-1,233.67744787046908,26.710781538569,engine
Alphecca,0,233.67744793871773,26.710781464464137,engine
Alphecca,1,233.677448008112,26.71078139039666,engine
Alphecca,2,233.67744807865137,26.710781316368582,engine
Alphecca,3,233.6774481503354,26.710781242381923,engine
Alphecca,4,233.67744822316376,26.71078116843867,engine
Alphecca,5,233.67744829713575,26.710781094540838,engine
Alphecca,6,233.67744837225106,26.710781020690384,engine
Alphecca,7,233.67744844850895,26.710780946889408,engine
Alphecca,8,233.67744852590894,26.710780873139885,engine
Alphecca,9,233.6774486044505,26.710780799443786,engine
Alphecca,10,233.67744868413288,26.710780725803136,engine
Alphecca,11,233.67744876495556,26.71078065221992,engine
Alphecca,12,233.67744884691794,26.71078057869616,engine
Alphecca,13,233.67744893001924,26.71078050523383,engine
Alphecca,14,233.6774490142588,26.71078043183494,engine
Alphecca,15,233.67744909963588,26.71078035850149,engine
Alphecca,16,233.67744918614974,26.71078028523546,engine
Alphecca,17,233.6774492737998,26.710780212038827,engine
Alphecca,18,233.677449362585,26.71078013891364,engine
Alphecca,19,233.67744945250467,26.710780065861865,engine
Alphecca,20,233.677449543558,26.710779992885485,engine
Alphecca,21,233.67744963574407,26.7107799199865,engine
Alphecca,22,233.6774497290621,26.71077984716688,engine
Alphecca,23,233.67744982351113,26.710779774428623,engine
Alphecca,24,233.67744991909032,26.710779701773706,engine
Alphecca,25,233.67745001579863,26.710779629204108,engine
Alphecca,26,233.67745011363522,26.71077955672182,engine
Alphecca,27,233.677450212599,26.710779484328828,engine
Alphecca,28,233.6774503126891,26.71077941202707,engine
Alphecca,29,233.67745041390452,26.71077933981851,engine
Alphecca,30,233.677450516244,26.71077926770522,engine
Vega,-30,279.23722786336754,38.780525689215374,engine
Vega,-20,279.23722652230924,38.7805248005075,engine
Vega,-15,279.23722588598616,38.78052433871045,engine
Vega,-10,279.2372252731524,38.78052386561318,engine
Vega,-5,279.2372246843074,38.780523381468676,engine
Vega,-2,279.2372243427189,38.78052308578666,engine
Vega,-1,279.23722423083217,38.780522986372645,engine
Vega,0,279.2372241199399,38.78052288653548,engine
Vega,1,279.2372240100458,38.7805227862773,engine
Vega,2,279.2372239011537,38.78052268560022,engine
Vega,3,279.2372237932673,38.78052258450641,engine
Vega,4,279.2372236863902,38.78052248299798,engine
Vega,5,279.2372235805263,38.78052238107711,engine
Vega,6,279.2372234756792,38.7805222787459,engine
Vega,7,279.2372233718524,38.780522176006656,engine
Vega,8,279.2372232690499,38.78052207286149,engine
Vega,9,279.2372231672749,38.78052196931256,engine
Vega,10,279.2372230665313,38.78052186536213,engine
Vega,11,279.2372229668226,38.780521761012345,engine
Vega,12,279.23722286815234,38.78052165626545,engine
Vega,13,279.237222770524,38.78052155112364,engine
Vega,14,279.23722267394123,38.78052144558916,engine
Vega,15,279.2372225784075,38.78052133966423,engine
Vega,16,279.23722248392625,38.7805212333511,engine
Vega,17,279.23722239050085,38.780521126651955,engine
Vega,18,279.2372222981349,38.78052101956917,engine
Vega,19,279.23722220683175,38.780520912104976,engine
Vega,20,279.23722211659486,38.78052080426159,engine
Vega,21,279.23722202742755,38.78052069604134,engine
Vega,22,279.23722193933315,38.78052058744649,engine
Vega,23,279.23722185231514,38.780520478479346,engine
Vega,24,279.23722176637665,38.780520369142195,engine
Vega,25,279.23722168152113,38.78052025943736,engine
Vega,26,279.2372215977517,38.78052014936713,engine
Vega,27,279.2372215150718,38.78052003893385,engine
Vega,28,279.23722143348454,38.780519928139825,engine
Vega,29,279.23722135299306,38.78051981698733,engine
Vega,30,279.23722127360077,38.78051970547888,engine
Deneb Algedi,-30,326.7583810432135,-16.13010896203852,engine
Deneb Algedi,-20,326.75837913819316,-16.130108812686952,engine
Deneb Algedi,-15,326.7583781830996,-16.13010872738891,engine
Deneb Algedi,-10,326.7583772270627,-16.130108634999477,engine
Deneb Algedi,-5,326.7583762706671,-16.13010853551541,engine
Deneb Algedi,-2,326.7583756969011,-16.130108472419504,engine
Deneb Algedi,-1,326.75837550568565,-16.130108450820064,engine
Deneb Algedi,0,326.7583753144981,-16.130108428936936,engine
Deneb Algedi,1,326.7583751233429,-16.130108406770173,engine
Deneb Algedi,2,326.75837493222485,-16.130108384319797,engine
Deneb Algedi,3,326.75837474114866,-16.130108361585883,engine
Deneb Algedi,4,326.7583745501189,-16.130108338568487,engine
Deneb Algedi,5,326.7583743591403,-16.13010831526765,engine
Deneb Algedi,6,326.7583741682174,-16.130108291683424,engine
Deneb Algedi,7,326.7583739773552,-16.130108267815924,engine
Deneb Algedi,8,326.75837378655814,-16.13010824366522,engine
Deneb Algedi,9,326.75837359583096,-16.13010821923137,engine
Deneb Algedi,10,326.75837340517825,-16.130108194514484,engine
Deneb Algedi,11,326.7583732146047,-16.13010816951465,engine
Deneb Algedi,12,326.7583730241151,-16.130108144231954,engine
Deneb Algedi,13,326.75837283371396,-16.130108118666524,engine
Deneb Algedi,14,326.758372643406,-16.130108092818446,engine
Deneb Algedi,15,326.75837245319593,-16.13010806668786,engine
Deneb Algedi,16,326.75837226308835,-16.13010804027487,engine
Deneb Algedi,17,326.7583720730878,-16.130108013579587,engine
Deneb Algedi,18,326.7583718831992,-16.130107986602184,engine
Deneb Algedi,19,326.7583716934271,-16.130107959342773,engine
Deneb Algedi,20,326.758371503776,-16.130107931801497,engine
Deneb Algedi,21,326.7583713142508,-16.130107903978505,engine
Deneb Algedi,22,326.75837112485596,-16.130107875873954,engine
Deneb Algedi,23,326.75837093559625,-16.13010784748801,engine
Deneb Algedi,24,326.7583707464762,-16.130107818820814,engine
Deneb Algedi,25,326.7583705575004,-16.130107789872554,engine
Deneb Algedi,26,326.75837036867375,-16.130107760643405,engine
Deneb Algedi,27,326.75837018000067,-16.130107731133535,engine
Deneb Algedi,28,326.7583699914858,-16.130107701343135,engine
Deneb Algedi,29,326.7583698031337,-16.13010767127238,engine
Deneb Algedi,30,326.7583696149492,-16.1301076409215,engine
Rigel,-30,78.63201840709587,-8.204454924744091,engine
Rigel,-20,78.63201885334668,-8.204455101145763,engine
Rigel,-15,78.63201904137554,-8.204455191772334,engine
Rigel,-10,78.63201920568845,-8.204455283919986,engine
Rigel,-5,78.63201934606087,-8.20445537751577,engine
Rigel,-2,78.63201941870378,-8.204455434337714,engine
Rigel,-1,78.6320194409781,-8.204455453385554,engine
Rigel,0,78.63201946227974,-8.204455472485998,engine
Rigel,1,78.63201948260716,-8.204455491638445,engine
Rigel,2,78.63201950195878,-8.204455510842301,engine
Rigel,3,78.63201952033306,-8.204455530096972,engine
Rigel,4,78.6320195377285,-8.204455549401855,engine
Rigel,5,78.63201955414357,-8.204455568756343,engine
Rigel,6,78.63201956957683,-8.204455588159856,engine
Rigel,7,78.63201958402676,-8.204455607611763,engine
Rigel,8,78.63201959749199,-8.204455627111466,engine
Rigel,9,78.63201960997104,-8.204455646658374,engine
Rigel,10,78.63201962146252,-8.204455666251873,engine
Rigel,11,78.63201963196504,-8.204455685891354,engine
Rigel,12,78.63201964147723,-8.204455705576216,engine
Rigel,13,78.63201964999774,-8.204455725305854,engine
Rigel,14,78.63201965752526,-8.20445574507965,engine
Rigel,15,78.63201966405848,-8.204455764897,engine
Rigel,16,78.63201966959608,-8.20445578475729,engine
Rigel,17,78.63201967413679,-8.20445580465993,engine
Rigel,18,78.63201967767937,-8.204455824604267,engine
Rigel,19,78.63201968022257,-8.204455844589711,engine
Rigel,20,78.63201968176519,-8.204455864615651,engine
Rigel,21,78.63201968230604,-8.204455884681469,engine
Rigel,22,78.63201968184391,-8.204455904786549,engine
Rigel,23,78.6320196803777,-8.204455924930269,engine
Rigel,24,78.6320196779062,-8.204455945112025,engine
Rigel,25,78.63201967442835,-8.204455965331183,engine
Rigel,26,78.632019669943,-8.204455985587142,engine
Rigel,27,78.6320196644491,-8.204456005879273,engine
Rigel,28,78.63201965794559,-8.204456026206955,engine
Rigel,29,78.63201965043142,-8.204456046569588,engine
Rigel,30,78.63201964190556,-8.204456066966515,engine
Betelgeuse,-30,88.7915145471299,7.405608749493812,engine
Betelgeuse,-20,88.79151530561164,7.405609048185245,engine
Betelgeuse,-15,88.7915156533281,7.405609200375084,engine
Betelgeuse,-10,88.79151597959465,7.405609354380919,engine
Betelgeuse,-5,88.79151628409893,7.40560951014167,engine
Betelgeuse,-2,88.79151645622952,7.40560960441471,engine
Betelgeuse,-1,88.7915165118302,7.405609635972161,engine
Betelgeuse,0,88.79151656653892,7.405609667595324,engine
Betelgeuse,1,88.79151662035336,7.4056096992836915,engine
Betelgeuse,2,88.79151667327126,7.405609731036769,engine
Betelgeuse,3,88.79151672529036,7.4056097628540325,engine
Betelgeuse,4,88.79151677640843,7.405609794734989,engine
Betelgeuse,5,88.7915168266232,7.4056098266791235,engine
Betelgeuse,6,88.79151687593252,7.405609858685944,engine
Betelgeuse,7,88.79151692433412,7.405609890754897,engine
Betelgeuse,8,88.79151697182586,7.405609922885489,engine
Betelgeuse,9,88.79151701840556,7.405609955077211,engine
Betelgeuse,10,88.7915170640711,7.405609987329542,engine
Betelgeuse,11,88.79151710882039,7.405610019641968,engine
Betelgeuse,12,88.79151715265125,7.405610052013972,engine
Betelgeuse,13,88.79151719556164,7.405610084445031,engine
Betelgeuse,14,88.79151723754947,7.405610116934626,engine
Betelgeuse,15,88.7915172786127,7.405610149482241,engine
Betelgeuse,16,88.79151731874929,7.405610182087347,engine
Betelgeuse,17,88.79151735795723,7.405610214749448,engine
Betelgeuse,18,88.7915173962345,7.405610247467965,engine
Betelgeuse,19,88.7915174335791,7.405610280242408,engine
Betelgeuse,20,88.7915174699891,7.405610313072242,engine
Betelgeuse,21,88.79151750546256,7.405610345956942,engine
Betelgeuse,22,88.79151753999751,7.405610378895977,engine
Betelgeuse,23,88.79151757359207,7.405610411888824,engine
Betelgeuse,24,88.79151760624435,7.40561044493494,engine
Betelgeuse,25,88.79151763795245,7.405610478033802,engine
Betelgeuse,26,88.79151766871453,7.405610511184878,engine
Betelgeuse,27,88.79151769852876,7.405610544387628,engine
Betelgeuse,28,88.79151772739331,7.405610577641522,engine
Betelgeuse,29,88.79151775530637,7.405610610946046,engine
Betelgeuse,30,88.79151778226617,7.405610644300615,engine
Polaris,-30,37.59718296404483,89.26589410298084,engine
Polaris,-20,37.59711682057315,89.26589575027494,engine
Polaris,-15,37.59708085199941,89.26589656365228,engine
Polaris,-10,37.59704296849334,89.26589736946335,engine
Polaris,-5,37.59700318340774,89.2658981671731,engine
Polaris,-2,37.59697840550418,89.26589864168899,engine
Polaris,-1,37.5969699957717,89.26589879915056,engine
Polaris,0,37.59696151102715,89.26589895624994,engine
Polaris,1,37.59695295139484,89.2658991129829,engine
Polaris,2,37.59694431700051,89.26589926934523,engine
Polaris,3,37.59693560797137,89.26589942533275,engine
Polaris,4,37.59692682443598,89.26589958094131,engine
Polaris,5,37.5969179665244,89.26589973616667,engine
Polaris,6,37.59690903436207,89.26589989100482,engine
Polaris,7,37.59690002809388,89.26590004545136,engine
Polaris,8,37.596890947848095,89.26590019950225,engine
Polaris,9,37.59688179376052,89.26590035315337,engine
Polaris,10,37.59687256596824,89.26590050640053,engine
Polaris,11,37.59686326460983,89.26590065923962,engine
Polaris,12,37.59685388982522,89.26590081166653,engine
Polaris,13,37.59684444175581,89.26590096367713,engine
Polaris,14,37.59683492054433,89.26590111526733,engine
Polaris,15,37.59682532633498,89.26590126643302,engine
Polaris,16,37.59681565927333,89.2659014171701,engine
Polaris,17,37.596805919499815,89.2659015674746,engine
Polaris,18,37.59679610717583,89.26590171734223,engine
Polaris,19,37.59678622244459,89.26590186676904,engine
Polaris,20,37.59677626545728,89.26590201575097,engine
Polaris,21,37.596766236366406,89.26590216428397,engine
Polaris,22,37.59675613532587,89.26590231236398,engine
Polaris,23,37.596745962490985,89.26590245998699,engine
Polaris,24,37.59673571801837,89.26590260714899,engine
Polaris,25,37.596725402066106,89.26590275384592,engine
Polaris,26,37.59671501479356,89.26590290007383,engine
Polaris,27,37.59670455636151,89.26590304582865,engine
Polaris,28,37.59669402693209,89.26590319110647,engine
Polaris,29,37.596683426661684,89.26590333590336,engine
Polaris,30,37.59667275572935,89.26590348021517,engine
Castor,-30,113.6488222447986,31.88826769835254,engine
Castor,-20,113.64882388472397,31.888268410466985,engine
Castor,-15,113.64882468241132,31.888268784197628,engine
Castor,-10,113.64882546448497,31.888269169511002,engine
Castor,-5,113.648826230382,31.88826956625067,engine
Castor,-2,113.6488266819239,31.888269809711847,engine
Castor,-1,113.64882683107872,31.888269891760544,engine
Castor,0,113.64882697954668,31.88826997425449,engine
Castor,1,113.64882712732343,31.8882700571923,engine
Castor,2,113.64882727440462,31.88827014057266,engine
Castor,3,113.64882742078596,31.888270224394162,engine
Castor,4,113.64882756646308,31.88827030865544,engine
Castor,5,113.64882771143171,31.888270393355086,engine
Castor,6,113.64882785568766,31.888270478491766,engine
Castor,7,113.64882799922644,31.888270564063966,engine
Castor,8,113.64882814204391,31.888270650070307,engine
Castor,9,113.64882828413585,31.888270736509405,engine
Castor,10,113.64882842549798,31.888270823379788,engine
Castor,11,113.64882856612608,31.888270910680028,engine
Castor,12,113.648828706016,31.888270998408682,engine
Castor,13,113.64882884516352,31.888271086564302,engine
Castor,14,113.64882898356446,31.88827117514541,engine
Castor,15,113.64882912121463,31.88827126415053,engine
Castor,16,113.64882925810994,31.888271353578176,engine
Castor,17,113.64882939424633,31.888271443426945,engine
Castor,18,113.64882952961949,31.888271533695203,engine
Castor,19,113.64882966422543,31.8882716243815,engine
Castor,20,113.64882979806002,31.888271715484315,engine
Castor,21,113.64882993111924,31.888271807002155,engine
Castor,22,113.64883006339895,31.888271898933446,engine
Castor,23,113.6488301948952,31.888271991276724,engine
Castor,24,113.64883032560391,31.888272084030383,engine
Castor,25,113.64883045552108,31.888272177192874,engine
Castor,26,113.64883058464271,31.888272270762656,engine
Castor,27,113.6488307129648,31.88827236473815,engine
Castor,28,113.64883084048341,31.8882724591178,engine
Castor,29,113.64883096719466,31.888272553900034,engine
Castor,30,113.64883109309444,31.8882726490832,engine
Altair,-30,297.69821646758913,8.867763662135166,engine
Altair,-20,297.6982149778353,8.867763575219318,engine
Altair,-15,297.6982142496539,8.867763526342696,engine
Altair,-10,297.69821353328433,8.86776347390346,engine
Altair,-5,297.6982128292299,8.86776341794111,engine
Altair,-2,297.6982124129161,8.867763382689686,engine
Altair,-1,297.6982122751884,8.867763370662237,engine
Altair,0,297.69821213798895,8.867763358496871,engine
Altair,1,297.69821200132174,8.867763346193941,engine
Altair,2,297.6982118651907,8.867763333753796,engine
Altair,3,297.6982117295997,8.867763321176787,engine
Altair,4,297.6982115945525,8.867763308463278,engine
Altair,5,297.6982114600532,8.867763295613619,engine
Altair,6,297.69821132610537,8.86776328262817,engine
Altair,7,297.69821119271313,8.867763269507309,engine
Altair,8,297.6982110598803,8.867763256251392,engine
Altair,9,297.6982109276106,8.867763242860796,engine
Altair,10,297.6982107959079,8.867763229335882,engine
Altair,11,297.69821066477596,8.86776321567703,engine
Altair,12,297.6982105342186,8.86776320188462,engine
Altair,13,297.6982104042398,8.867763187959026,engine
Altair,14,297.698210274843,8.867763173900636,engine
Altair,15,297.6982101460321,8.86776315970983,engine
Altair,16,297.69821001781094,8.867763145386997,engine
Altair,17,297.69820989018314,8.867763130932518,engine
Altair,18,297.69820976315253,8.867763116346804,engine
Altair,19,297.6982096367228,8.867763101630242,engine
Altair,20,297.6982095108977,8.867763086783224,engine
Altair,21,297.6982093856809,8.867763071806154,engine
Altair,22,297.69820926107604,8.867763056699433,engine
Altair,23,297.6982091370868,8.86776304146347,engine
Altair,24,297.6982090137168,8.867763026098668,engine
Altair,25,297.69820889096985,8.867763010605437,engine
Altair,26,297.69820876884944,8.867762994984187,engine
Altair,27,297.69820864735925,8.867762979235335,engine
Altair,28,297.6982085265029,8.867762963359302,engine
Altair,29,297.69820840628387,8.86776294735649,engine
Altair,30,297.698208286706,8.867762931227352,engine
Bellatrix,-30,81.28047980740493,6.347974553768196,engine
Bellatrix,-20,81.28048033507032,6.347974830802718,engine
Bellatrix,-15,81.28048056476123,6.347974971278685,engine
Bellatrix,-10,81.28048077134268,6.347975112985985,engine
Bellatrix,-5,81.2804809545674,6.347975255868084,engine
Bellatrix,-2,81.28048105319222,6.347975342137486,engine
Bellatrix,-1,81.28048108417116,6.347975370981218,engine
Bellatrix,0,81.2804811141991,6.347975399867816,engine
Bellatrix,1,81.2804811432743,6.347975428796816,engine
Bellatrix,2,81.28048117139501,6.347975457767752,engine
Bellatrix,3,81.28048119855949,6.3479754867801645,engine
Bellatrix,4,81.28048122476604,6.34797551583358,engine
Bellatrix,5,81.28048125001297,6.347975544927538,engine
Bellatrix,6,81.28048127429864,6.347975574061591,engine
Bellatrix,7,81.28048129762134,6.347975603235227,engine
Bellatrix,8,81.28048131997946,6.347975632448005,engine
Bellatrix,9,81.28048134137138,6.347975661699453,engine
Bellatrix,10,81.28048136179554,6.347975690989098,engine
Bellatrix,11,81.28048138125031,6.347975720316472,engine
Bellatrix,12,81.28048139973414,6.347975749681105,engine
Bellatrix,13,81.28048141724553,6.347975779082523,engine
Bellatrix,14,81.28048143378291,6.34797580852025,engine
Bellatrix,15,81.28048144934479,6.347975837993817,engine
Bellatrix,16,81.28048146392968,6.34797586750275,engine
Bellatrix,17,81.28048147753613,6.3479758970465925,engine
Bellatrix,18,81.28048149016266,6.34797592662483,engine
Bellatrix,19,81.28048150180788,6.347975956237006,engine
Bellatrix,20,81.28048151247036,6.347975985882644,engine
Bellatrix,21,81.2804815221487,6.347976015561264,engine
Bellatrix,22,81.28048153084154,6.347976045272392,engine
Bellatrix,23,81.2804815385475,6.347976075015545,engine
Bellatrix,24,81.2804815452653,6.3479761047902485,engine
Bellatrix,25,81.28048155099357,6.347976134596022,engine
Bellatrix,26,81.28048155573103,6.34797616443238,engine
Bellatrix,27,81.2804815594764,6.347976194298846,engine
Bellatrix,28,81.28048156222843,6.347976224194938,engine
Bellatrix,29,81.28048156398589,6.3479762541201925,engine
Bellatrix,30,81.28048156474752,6.347976284074088,engine
