body,minute,ra,dec,source
Aldebaran,-30,68.97636645383233,16.50716791947377,engine
Aldebaran,-20,68.97636608667777,16.50716859059066,engine
Aldebaran,-15,68.97636586174958,16.50716892635202,engine
Aldebaran,-10,68.97636560924478,16.507169262028782,engine
Aldebaran,-5,68.97636532917276,16.50716959745623,engine
Aldebaran,-2,68.97636514790621,16.507169798524444,engine
Aldebaran,-1,68.97636508528161,16.507169865507908,engine
Aldebaran,0,68.97636502155629,16.50716993246954,engine
Aldebaran,1,68.97636495673058,16.507169999408045,engine
Aldebaran,2,68.97636489080483,16.507170066322068,engine
Aldebaran,3,68.97636482377942,16.507170133210334,engine
Aldebaran,4,68.97636475565473,16.507170200071503,engine
Aldebaran,5,68.97636468643118,16.507170266904282,engine
Aldebaran,6,68.97636461610918,16.507170333707386,engine
Aldebaran,7,68.97636454468922,16.507170400479414,engine
Aldebaran,8,68.97636447217178,16.507170467219115,engine
Aldebaran,9,68.97636439855735,16.507170533925162,engine
Aldebaran,10,68.97636432384644,16.507170600596254,engine
Aldebaran,11,68.9763642480396,16.50717066723108,engine
Aldebaran,12,68.97636417113738,16.507170733828318,engine
Aldebaran,13,68.97636409314033,16.507170800386685,engine
Aldebaran,14,68.97636401404911,16.50717086690485,engine
Aldebaran,15,68.97636393386433,16.507170933381513,engine
Aldebaran,16,68.97636385258662,16.507170999815372,engine
Aldebaran,17,68.9763637702166,16.507171066205153,engine
Aldebaran,18,68.97636368675504,16.507171132549487,engine
Aldebaran,19,68.97636360220262,16.5071711988471,engine
Aldebaran,20,68.97636351656006,16.507171265096698,engine
Aldebaran,21,68.97636342982811,16.50717133129696,engine
Aldebaran,22,68.97636334200755,16.507171397446605,engine
Aldebaran,23,68.97636325309915,16.507171463544328,engine
Aldebaran,24,68.97636316310373,16.507171529588835,engine
Aldebaran,25,68.97636307202211,16.507171595578807,engine
Aldebaran,26,68.97636297985517,16.507171661512963,engine
Aldebaran,27,68.97636288660378,16.50717172739002,engine
Aldebaran,28,68.9763627922688,16.507171793208666,engine
Aldebaran,29,68.97636269685113,16.50717185896765,engine
Aldebaran,30,68.97636260035179,16.507171924665606,engine
Antares,-30,247.35643962818608,-26.4324848216871,engine
Antares,-20,247.35644008438993,-26.43248385154191,engine
Antares,-15,247.35644035677657,-26.43248336660784,engine
Antares,-10,247.3564406586718,-26.432482882110143,engine
Antares,-5,247.3564409900474,-26.432482398306426,engine
Antares,-2,247.35644120300614,-26.432482108464455,engine
Antares,-1,247.35644127634546,-26.43248201193618,engine
Antares,0,247.3564413508606,-26.432481915454183,engine
Antares,1,247.3564414265511,-26.432481819020524,engine
Antares,2,247.35644150341625,-26.43248172263725,engine
Antares,3,247.3564415814557,-26.43248162630642,engine
Antares,4,247.35644166066876,-26.432481530030078,engine
Antares,5,247.3564417410549,-26.432481433810285,engine
Antares,6,247.35644182261356,-26.43248133764902,engine
Antares,7,247.356441905344,-26.432481241548448,engine
Antares,8,247.3564419892456,-26.432481145510557,engine
Antares,9,247.35644207431773,-26.432481049537415,engine
Antares,10,247.35644216055954,-26.43248095363103,engine
Antares,11,247.3564422479705,-26.432480857793465,engine
Antares,12,247.35644233654978,-26.432480762026756,engine
Antares,13,247.3564424262966,-26.432480666332957,engine
Antares,14,247.3564425172102,-26.432480570714088,engine
Antares,15,247.3564426092897,-26.43248047517219,engine
Antares,16,247.35644270253437,-26.43248037970931,engine
Antares,17,247.35644279694336,-26.432480284327397,engine
Antares,18,247.35644289251567,-26.432480189028645,engine
Antares,19,247.35644298925044,-26.43248009381498,engine
Antares,20,247.35644308714677,-26.432479998688464,engine
Antares,21,247.3564431862037,-26.43247990365112,engine
Antares,22,247.35644328642027,-26.432479808704958,engine
Antares,23,247.3564433877955,-26.432479713852018,engine
Antares,24,247.35644349032833,-26.43247961909432,engine
Antares,25,247.35644359401783,-26.432479524433877,engine
Antares,26,247.35644369886288,-26.432479429872707,engine
Antares,27,247.3564438048623,-26.432479335412843,engine
Antares,28,247.35644391201518,-26.43247924105629,engine
Antares,29,247.3564440203203,-26.432479146804997,engine
Antares,30,247.35644412977652,-26.432479052661105,engine
Ceres,-30,78.06155688895747,25.49106972586727,engine
Ceres,-20,78.0643761773106,25.491468197932917,engine
Ceres,-15,78.06578574856803,25.49166727204072,engine
Ceres,-10,78.06719527801896,25.49186623732767,engine
Ceres,-5,78.06860477155892,25.492065093326456,engine
Ceres,-2,78.06945045260129,25.492184354253418,engine
Ceres,-1,78.06973234400438,25.492224099085032,engine
Ceres,0,78.070014234357,25.492263839509327,engine
Ceres,1,78.07029612370309,25.49230357552288,engine
Ceres,2,78.07057801208661,25.492343307122272,engine
Ceres,3,78.07085989955162,25.49238303430418,engine
Ceres,4,78.07114178614218,25.492422757065373,engine
Ceres,5,78.07142367190235,25.492462475402693,engine
Ceres,6,78.07170555706533,25.49250218933966,engine
Ceres,7,78.07198744120585,25.492541898795853,engine
Ceres,8,78.07226932473986,25.492581603843266,engine
Ceres,9,78.07255120762026,25.492621304454865,engine
Ceres,10,78.0728330898913,25.492661000627873,engine
Ceres,11,78.07311497159729,25.492700692359577,engine
Ceres,12,78.07339685278254,25.492740379647316,engine
Ceres,13,78.07367873349142,25.492780062488542,engine
Ceres,14,78.07396061376834,25.49281974088078,engine
Ceres,15,78.07424249365766,25.492859414821574,engine
Ceres,16,78.0745243732039,25.49289908430861,engine
Ceres,17,78.07480625264049,25.492938749366225,engine
Ceres,18,78.07508813163393,25.49297840993903,engine
Ceres,19,78.07537001041771,25.49301806605151,engine
Ceres,20,78.07565188903645,25.493057717701635,engine
Ceres,21,78.07593376753464,25.493097364887426,engine
Ceres,22,78.07621564586557,25.49313700758288,engine
Ceres,23,78.07649752425652,25.493176645834474,engine
Ceres,24,78.07677940266082,25.49321627961629,engine
Ceres,25,78.07706128112306,25.49325590892673,engine
Ceres,26,78.07734315968798,25.493295533764183,engine
Ceres,27,78.07762503840021,25.49333515412713,engine
Ceres,28,78.07790691730449,25.493374770014178,engine
Ceres,29,78.07818879663454,25.493414381450492,engine
Ceres,30,78.07847067596569,25.493453988357576,engine
Chiron,-30,11.202988432025295,6.925389412771956,engine
Chiron,-20,11.203353301265706,6.925539667613564,engine
Chiron,-15,11.203535756545858,6.925614786237277,engine
Chiron,-10,11.203718226799568,6.92568989904052,engine
Chiron,-5,11.20390071300143,6.92576500609305,engine
Chiron,-2,11.204010212726097,6.9258100675728596,engine
Chiron,-1,11.20404671401568,6.925825087611447,engine
Chiron,0,11.204083216007257,6.925840107423194,engine
Chiron,1,11.20411971870393,6.925855127007343,engine
Chiron,2,11.204156222120972,6.925870146366682,engine
Chiron,3,11.204192726261457,6.925885165500467,engine
Chiron,4,11.20422923113252,6.9259001844091275,engine
Chiron,5,11.204265736737181,6.925915203091925,engine
Chiron,6,11.20430224311516,6.925930221561741,engine
Chiron,7,11.204338750220495,6.925945239797688,engine
Chiron,8,11.20437525808473,6.925960257810298,engine
Chiron,9,11.204411766710837,6.925975275598843,engine
Chiron,10,11.204448276113975,6.92599029316614,engine
Chiron,11,11.204484786297083,6.92600531051147,engine
Chiron,12,11.204521297263089,6.9260203276341175,engine
Chiron,13,11.204557809027108,6.926035344536922,engine
Chiron,14,11.204594321592017,6.92605036121916,engine
Chiron,15,11.204630834964776,6.926065377681325,engine
Chiron,16,11.204667349148231,6.926080393922703,engine
Chiron,17,11.204703864181916,6.9260954099562255,engine
Chiron,18,11.204740380019668,6.926110425761041,engine
Chiron,19,11.204776896688806,6.926125441346545,engine
Chiron,20,11.20481341420428,6.926140456715586,engine
Chiron,21,11.204849932568889,6.92615547186749,engine
Chiron,22,11.204886451789442,6.926170486802755,engine
Chiron,23,11.204922971868672,6.9261855015207,engine
Chiron,24,11.204959492821498,6.926200516024209,engine
Chiron,25,11.20499601465061,6.9262155303126045,engine
Chiron,26,11.205032537358695,6.926230544385225,engine
Chiron,27,11.205069060960613,6.92624555824496,engine
Chiron,28,11.205105585459002,6.92626057189115,engine
Chiron,29,11.205142110880976,6.9262755853331965,engine
Chiron,30,11.205178637192358,6.9262905985538765,engine
Eris,-30,26.382412746723045,-1.0661894648865227,tno-rate
Eris,-20,26.382478579569028,-1.0661595794850087,tno-rate
Eris,-15,26.38251149599202,-1.0661446367842518,tno-rate
Eris,-10,26.382544412415008,-1.066129694083495,tno-rate
Eris,-5,26.382577328838,-1.066114751382738,tno-rate
Eris,-2,26.382597078691795,-1.0661057857622838,tno-rate
Eris,-1,26.382603661976393,-1.0661027972221324,tno-rate
Eris,0,26.38261024526099,-1.066099808681981,tno-rate
Eris,1,26.38261682854559,-1.0660968201418297,tno-rate
Eris,2,26.38262341183019,-1.0660938316016784,tno-rate
Eris,3,26.382629995114787,-1.066090843061527,tno-rate
Eris,4,26.382636578399385,-1.0660878545213754,tno-rate
Eris,5,26.382643161683983,-1.066084865981224,tno-rate
Eris,6,26.38264974496858,-1.0660818774410727,tno-rate
Eris,7,26.38265632825318,-1.0660788889009214,tno-rate
Eris,8,26.38266291153778,-1.06607590036077,tno-rate
Eris,9,26.382669494822377,-1.0660729118206187,tno-rate
Eris,10,26.382676078106975,-1.0660699232804671,tno-rate
Eris,11,26.382682661391573,-1.0660669347403158,tno-rate
Eris,12,26.382689244676172,-1.0660639462001644,tno-rate
Eris,13,26.382695827960767,-1.066060957660013,tno-rate
Eris,14,26.382702411245365,-1.0660579691198617,tno-rate
Eris,15,26.382708994529963,-1.0660549805797104,tno-rate
Eris,16,26.38271557781456,-1.0660519920395588,tno-rate
Eris,17,26.38272216109916,-1.0660490034994075,tno-rate
Eris,18,26.38272874438376,-1.066046014959256,tno-rate
Eris,19,26.382735327668357,-1.0660430264191048,tno-rate
Eris,20,26.382741910952955,-1.0660400378789534,tno-rate
Eris,21,26.382748494237553,-1.066037049338802,tno-rate
Eris,22,26.38275507752215,-1.0660340607986505,tno-rate
Eris,23,26.38276166080675,-1.0660310722584991,tno-rate
Eris,24,26.38276824409135,-1.0660280837183478,tno-rate
Eris,25,26.382774827375947,-1.0660250951781964,tno-rate
Eris,26,26.382781410660545,-1.066022106638045,tno-rate
Eris,27,26.382787993945144,-1.0660191180978937,tno-rate
Eris,28,26.382794577229742,-1.0660161295577424,tno-rate
Eris,29,26.38280116051434,-1.0660131410175908,tno-rate
Eris,30,26.38280774379894,-1.0660101524774395,tno-rate
Fomalhaut,-30,344.41075501809297,-29.623159973335625,engine
Fomalhaut,-20,344.4107527706265,-29.623159779283966,engine
Fomalhaut,-15,344.4107516414846,-29.623159662856004,engine
Fomalhaut,-10,344.41075050961945,-29.623159533453325,engine
Fomalhaut,-5,344.41074937569437,-29.62315939105366,engine
Fomalhaut,-2,344.4107486946273,-29.623159299368417,engine
Fomalhaut,-1,344.41074846751803,-29.623159267765175,engine
Fomalhaut,0,344.41074824037435,-29.623159235641044,engine
Fomalhaut,1,344.4107480132015,-29.623159202996003,engine
Fomalhaut,2,344.4107477860047,-29.62315916982997,engine
Fomalhaut,3,344.4107475587894,-29.623159136142924,engine
Fomalhaut,4,344.4107473315609,-29.62315910193483,engine
Fomalhaut,5,344.41074710432446,-29.623159067205673,engine
Fomalhaut,6,344.4107468770853,-29.623159031955435,engine
Fomalhaut,7,344.41074664984905,-29.62315899618414,engine
Fomalhaut,8,344.41074642262083,-29.62315895989178,engine
Fomalhaut,9,344.4107461954061,-29.623158923078382,engine
Fomalhaut,10,344.41074596821005,-29.623158885743994,engine
Fomalhaut,11,344.4107457410381,-29.623158847888618,engine
Fomalhaut,12,344.4107455138955,-29.623158809512336,engine
Fomalhaut,13,344.4107452867876,-29.62315877061521,engine
Fomalhaut,14,344.4107450597197,-29.62315873119731,engine
Fomalhaut,15,344.4107448326972,-29.6231586912587,engine
Fomalhaut,16,344.41074460572537,-29.62315865079949,engine
Fomalhaut,17,344.41074437880934,-29.623158609819736,engine
Fomalhaut,18,344.41074415195476,-29.62315856831961,engine
Fomalhaut,19,344.41074392516686,-29.62315852629922,engine
Fomalhaut,20,344.4107436984509,-29.62315848375868,engine
Fomalhaut,21,344.41074347181217,-29.623158440698155,engine
Fomalhaut,22,344.41074324525607,-29.623158397117756,engine
Fomalhaut,23,344.41074301878785,-29.62315835301768,engine
Fomalhaut,24,344.4107427924128,-29.62315830839808,engine
Fomalhaut,25,344.41074256613626,-29.623158263259143,engine
Fomalhaut,26,344.4107423399636,-29.62315821760106,engine
Fomalhaut,27,344.4107421138999,-29.623158171424038,engine
Fomalhaut,28,344.4107418879508,-29.623158124728267,engine
Fomalhaut,29,344.4107416621212,-29.62315807751395,engine
Fomalhaut,30,344.4107414364168,-29.623158029781393,engine
Juno,-30,328.52699401833706,-4.917017328951616,engine
Juno,-20,328.5293374504552,-4.916211893845931,engine
Juno,-15,328.53050949829304,-4.915809178004838,engine
Juno,-10,328.5316817668585,-4.915406463935661,engine
Juno,-5,328.5328542559373,-4.915003751975255,engine
Juno,-2,328.5335578547647,-4.914762126058794,engine
Juno,-1,328.53379240532763,-4.914681584302289,engine
Juno,0,328.53402696466225,-4.914601042663351,engine
Juno,1,328.53426153267355,-4.914520501157401,engine
Juno,2,328.5344961095339,-4.914439959763896,engine
Juno,3,328.5347306950591,-4.914359418510244,engine
Juno,4,328.5349652894212,-4.914278877375904,engine
Juno,5,328.53519989243546,-4.914198336388278,engine
Juno,6,328.53543450443084,-4.9141177954728015,engine
Juno,7,328.53566912499684,-4.914037254752907,engine
Juno,8,328.53590375419475,-4.913956714189989,engine
Juno,9,328.5361383921957,-4.913876173763493,engine
Juno,10,328.536373038814,-4.9137956335008,engine
Juno,11,328.5366076942206,-4.913715093381354,engine
Juno,12,328.53684235831855,-4.913634553420536,engine
Juno,13,328.537077031011,-4.913554013633751,engine
Juno,14,328.5373117124681,-4.913473474000418,engine
Juno,15,328.5375464025035,-4.913392934547912,engine
Juno,16,328.53778110128695,-4.913312395255641,engine
Juno,17,328.5380158088782,-4.913231856084987,engine
Juno,18,328.5382505248647,-4.913151317159334,engine
Juno,19,328.538485249573,-4.913070778404079,engine
Juno,20,328.5387199828159,-4.912990239846583,engine
Juno,21,328.53895472476233,-4.912909701466239,engine
Juno,22,328.5391894753137,-4.9128291632784045,engine
Juno,23,328.5394242343714,-4.912748625298444,engine
Juno,24,328.5396590021037,-4.912668087505739,engine
Juno,25,328.5398937783225,-4.91258754992763,engine
Juno,26,328.54012856319576,-4.912507012543485,engine
Juno,27,328.5403633566241,-4.912426475368653,engine
Juno,28,328.540598158508,-4.912345938418471,engine
Juno,29,328.54083296917224,-4.91226540161829,engine
Juno,30,328.54106778820216,-4.912184865091457,engine
Jupiter,-30,355.83914671279433,-2.9359184781950387,engine
Jupiter,-20,355.84055920849073,-2.9353219137303714,engine
Jupiter,-15,355.84126560751724,-2.9350236335999482,engine
Jupiter,-10,355.84197210905506,-2.9347253550811794,engine
Jupiter,-5,355.84267871460725,-2.9344270782171082,engine
Jupiter,-2,355.8431027283024,-2.9342481129821487,engine
Jupiter,-1,355.8432440746498,-2.9341884580587396,engine
Jupiter,0,355.84338542527655,-2.9341288031979613,engine
Jupiter,1,355.84352678012533,-2.9340691484291157,engine
Jupiter,2,355.843668139239,-2.9340094937390604,engine
Jupiter,3,355.84380950262675,-2.9339498391288137,engine
Jupiter,4,355.84395087029776,-2.9338901845993974,engine
Jupiter,5,355.8440922422945,-2.9338305301376644,engine
Jupiter,6,355.8442336186541,-2.933770875732939,engine
Jupiter,7,355.84437499922916,-2.9337112214520924,engine
Jupiter,8,355.8445163841234,-2.9336515672561405,engine
Jupiter,9,355.8446577733788,-2.9335919131319677,engine
Jupiter,10,355.8447991669373,-2.933532259108899,engine
Jupiter,11,355.8449405648409,-2.9334726051737965,engine
Jupiter,12,355.845081967098,-2.9334129513276985,engine
Jupiter,13,355.8452233737503,-2.9333532975574963,engine
Jupiter,14,355.84536478473944,-2.933293643892501,engine
Jupiter,15,355.84550620010685,-2.9332339903196147,engine
Jupiter,16,355.8456476198607,-2.933174336839869,engine
Jupiter,17,355.84578904410387,-2.933114683414295,engine
Jupiter,18,355.8459304726879,-2.9330550301097857,engine
Jupiter,19,355.8460719056487,-2.932995376915682,engine
Jupiter,20,355.84621334302744,-2.9329357238188756,engine
Jupiter,21,355.84635478483165,-2.9328760708204085,engine
Jupiter,22,355.8464962311023,-2.9328164179071745,engine
Jupiter,23,355.8466376817801,-2.9327567651085245,engine
Jupiter,24,355.84677913690587,-2.932697112411359,engine
Jupiter,25,355.84692059648665,-2.932637459816714,engine
Jupiter,26,355.8470620605632,-2.9325778073115045,engine
Jupiter,27,355.8472035290757,-2.9325181549250834,engine
Jupiter,28,355.8473450020646,-2.9324585026443426,engine
Jupiter,29,355.84748647963164,-2.9323988504303435,engine
Jupiter,30,355.8476279616272,-2.932339198349996,engine
Ketu,-30,229.86218511662068,-18.335211119941285,engine
Ketu,-20,229.8621897514413,-18.335212284787364,engine
Ketu,-15,229.86219240775188,-18.335212952542793,engine
Ketu,-10,229.86219528967595,-18.33521367710585,engine
Ketu,-5,229.8621983969731,-18.335214458416026,engine
Ketu,-2,229.8622003694295,-18.3352149544153,engine
Ketu,-1,229.86220104491667,-18.335215124281092,engine
Ketu,0,229.86220172940142,-18.33521529641238,engine
Ketu,1,229.862202422882,-18.335215470808745,engine
Ketu,2,229.8622031253557,-18.3352156474695,engine
Ketu,3,229.86220383682146,-18.335215826394393,engine
Ketu,4,229.8622045572769,-18.335216007582808,engine
Ketu,5,229.86220528672007,-18.335216191034256,engine
Ketu,6,229.86220602514976,-18.335216376748434,engine
Ketu,7,229.862206772563,-18.3352165647246,engine
Ketu,8,229.86220752895807,-18.335216754962307,engine
Ketu,9,229.86220829433324,-18.335216947461138,engine
Ketu,10,229.86220906868695,-18.335217142220696,engine
Ketu,11,229.86220985201655,-18.335217339240298,engine
Ketu,12,229.8622106443205,-18.335217538519565,engine
Ketu,13,229.8622114455967,-18.33521774005796,engine
Ketu,14,229.86221225584342,-18.33521794385507,engine
Ketu,15,229.86221307505897,-18.335218149910457,engine
Ketu,16,229.86221390324042,-18.33521835822337,engine
Ketu,17,229.86221474038697,-18.335218568793618,engine
Ketu,18,229.8622155864956,-18.335218781620465,engine
Ketu,19,229.86221644156495,-18.335218996703514,engine
Ketu,20,229.86221730559302,-18.33521921404233,engine
Ketu,21,229.86221817857773,-18.335219433636315,engine
Ketu,22,229.8622190605172,-18.335219655485044,engine
Ketu,23,229.86221995140957,-18.335219879588045,engine
Ketu,24,229.8622208512527,-18.335220105944757,engine
Ketu,25,229.862221760045,-18.335220334554805,engine
Ketu,26,229.86222267778402,-18.335220565417565,engine
Ketu,27,229.86222360446823,-18.335220798532635,engine
Ketu,28,229.8622245400953,-18.335221033899433,engine
Ketu,29,229.8622254846649,-18.335221271517902,engine
Ketu,30,229.86222643817223,-18.335221511386806,engine
Mars,-30,334.8227064166399,-11.959584060206833,engine
Mars,-20,334.82773787815944,-11.957753806072402,engine
Mars,-15,334.8302542392467,-11.956838647360323,engine
Mars,-10,334.832771020131,-11.955923470266633,engine
Mars,-5,334.8352882212493,-11.95500827645796,engine
Mars,-2,334.83679874309104,-11.954459153076714,engine
Mars,-1,334.8373022839065,-11.954276110846273,engine
Mars,0,334.8378058414804,-11.954093068089579,engine
Mars,1,334.8383094158068,-11.953910024821873,engine
Mars,2,334.83881300687955,-11.953726981058388,engine
Mars,3,334.8393166146921,-11.953543936814347,engine
Mars,4,334.8398202392375,-11.95336089210498,engine
Mars,5,334.84032388050855,-11.953177846945488,engine
Mars,6,334.84082753883547,-11.952994801228368,engine
Mars,7,334.8413312135349,-11.952811755214269,engine
Mars,8,334.8418349049363,-11.952628708795661,engine
Mars,9,334.84233861303125,-11.952445661987705,engine
Mars,10,334.8428423378108,-11.952262614805601,engine
Mars,11,334.84334607926576,-11.952079567264498,engine
Mars,12,334.84384983738664,-11.951896519379556,engine
Mars,13,334.84435361216345,-11.951713471165917,engine
Mars,14,334.8448574035862,-11.951530422638715,engine
Mars,15,334.8453612116443,-11.951347373813089,engine
Mars,16,334.84586503632676,-11.951164324704134,engine
Mars,17,334.8463688779604,-11.950981275204239,engine
Mars,18,334.84687273585797,-11.950798225573944,engine
Mars,19,334.8473766103455,-11.950615175705618,engine
Mars,20,334.8478805014108,-11.950432125614329,engine
Mars,21,334.8483844090414,-11.950249075315122,engine
Mars,22,334.84888833322447,-11.950066024823046,engine
Mars,23,334.8493922739468,-11.949882974153143,engine
Mars,24,334.8498962311951,-11.949699923320413,engine
Mars,25,334.85040020495535,-11.949516872339894,engine
Mars,26,334.8509041952135,-11.949333821226556,engine
Mars,27,334.8514082019551,-11.949150769995388,engine
Mars,28,334.8519122251654,-11.948967718661358,engine
Mars,29,334.8524162651672,-11.948784667116655,engine
Mars,30,334.8529203212692,-11.948601615621735,engine
Mercury,-30,41.25755511761584,17.717560035311518,engine
Mercury,-20,41.26939956222593,17.722271126013727,engine
Mercury,-15,41.275321408547335,17.72462569469998,engine
Mercury,-10,41.281243020405675,17.726979613781157,engine
Mercury,-5,41.287164413367606,17.729332886046667,engine
Mercury,-2,41.2907171480489,17.730744539056747,engine
Mercury,-1,41.29190137699522,17.731215038558457,engine
Mercury,0,41.293085598072395,17.731685512301457,engine
Mercury,1,41.29426981138295,17.732155960301426,engine
Mercury,2,41.295454017029314,17.732626382574175,engine
Mercury,3,41.29663821511349,17.73309677913561,engine
Mercury,4,41.29782240573743,17.73356715000181,engine
Mercury,5,41.299006589002595,17.734037495188968,engine
Mercury,6,41.300190765804466,17.73450781502876,engine
Mercury,7,41.30137493425398,17.734978108705278,engine
Mercury,8,41.30255909605011,17.735448376953826,engine
Mercury,9,41.30374325089135,17.735918619589444,engine
Mercury,10,41.304927398878014,17.736388836629008,engine
Mercury,11,41.30611154011008,17.736859028089473,engine
Mercury,12,41.30729567468741,17.737329193987996,engine
Mercury,13,41.30847980270943,17.737799334341798,engine
Mercury,14,41.30966392427541,17.738269449168268,engine
Mercury,15,41.3108480390824,17.738739538283333,engine
Mercury,16,41.31203214803289,17.739209602107817,engine
Mercury,17,41.31321625161733,17.73967964077303,engine
Mercury,18,41.31440034834597,17.74014965366657,engine
Mercury,19,41.3155844391106,17.740619641121608,engine
Mercury,20,41.31676852400879,17.741089603156308,engine
Mercury,21,41.317952603137805,17.741559539788962,engine
Mercury,22,41.31913667619296,17.74202945083646,engine
Mercury,23,41.32032074407442,17.74249933672035,engine
Mercury,24,41.32150480647689,17.7429691972578,engine
Mercury,25,41.32268886349646,17.74343903246757,engine
Mercury,26,41.32387291522902,17.743908842368608,engine
Mercury,27,41.32505696177008,17.744378626979938,engine
Mercury,28,41.3262410032149,17.744848386320722,engine
Mercury,29,41.32742504005077,17.745318120523773,engine
Mercury,30,41.32860907158769,17.745787829381463,engine
Moon,-30,230.49333428684224,-19.035953776123304,engine
Moon,-20,230.61981557024507,-19.072373077502917,engine
Moon,-15,230.68295446009495,-19.090692528788974,engine
Moon,-10,230.74601812360982,-19.109084750340184,engine
Moon,-5,230.80900121443537,-19.127549414160388,engine
Moon,-2,230.84674986704076,-19.138662756836304,engine
Moon,-1,230.85932576312288,-19.142372975715926,engine
Moon,0,230.87189785686158,-19.146086016768127,engine
Moon,1,230.88446645772308,-19.1498019624666,engine
Moon,2,230.89703134558837,-19.153520765959737,engine
Moon,3,230.90959230042273,-19.157242380401854,engine
Moon,4,230.92214963181877,-19.160966887989066,engine
Moon,5,230.93470294338198,-19.164694198765986,engine
Moon,6,230.94725255321046,-19.168424397237505,engine
Moon,7,230.9597980482194,-19.172157388390477,engine
Moon,8,230.97233974665494,-19.175893256566123,engine
Moon,9,230.98487742886692,-19.17963195462283,engine
Moon,10,230.99741087532323,-19.18337343542366,engine
Moon,11,231.00994039603432,-19.18711778055035,engine
Moon,12,231.0224655950958,-19.190864899847842,engine
Moon,13,231.0349867826516,-19.194614874720987,engine
Moon,14,231.04750373939567,-19.19836765781115,engine
Moon,15,231.06001624620149,-19.20212320178543,engine
Moon,16,231.0725246133451,-19.205881587769763,engine
Moon,17,231.08502845374213,-19.20964272801433,engine
Moon,18,231.09752806101736,-19.21340669842199,engine
Moon,19,231.1100232247192,-19.217173453961937,engine
Moon,20,231.12251372603205,-19.220942947086037,engine
Moon,21,231.13499987560317,-19.224715258480657,engine
Moon,22,231.14748145477012,-19.228490340470465,engine
Moon,23,231.15995824502622,-19.232268145383266,engine
Moon,24,231.17243055714556,-19.236048753634336,engine
Moon,25,231.1848981727752,-19.239832117427184,engine
Moon,26,231.19736087360576,-19.243618188964785,engine
Moon,27,231.2098189706592,-19.247407048402277,engine
Moon,28,231.22227224578816,-19.251198647812426,engine
Moon,29,231.2347204893273,-19.254992941830317,engine
Moon,30,231.24716399578753,-19.25879000524687,engine
Neptune,-30,354.82325809523655,-3.4717551829842352,engine
Neptune,-20,354.82346460159863,-3.4716685244832415,engine
Neptune,-15,354.8235678722452,-3.4716251945863013,engine
Neptune,-10,354.82367115545145,-3.4715818642933716,engine
Neptune,-5,354.8237744519437,-3.471538533611535,engine
Neptune,-2,354.82383643648615,-3.471512535031286,engine
Neptune,-1,354.8238570991404,-3.4715038688105464,engine
Neptune,0,354.82387776237715,-3.4714952025750767,engine
Neptune,1,354.82389842619676,-3.471486536327114,engine
Neptune,2,354.8239190906096,-3.47147787006479,engine
Neptune,3,354.8239397556185,-3.4714692037893142,engine
Neptune,4,354.8239604212263,-3.471460537501902,engine
Neptune,5,354.8239810874433,-3.4714518712006885,engine
Neptune,6,354.8240017542838,-3.471443204882104,engine
Neptune,7,354.8240224217303,-3.47143453855591,engine
Neptune,8,354.8240430897971,-3.4714258722185405,engine
Neptune,9,354.82406375849433,-3.4714172058681334,engine
Neptune,10,354.82408442782224,-3.4714085395069425,engine
Neptune,11,354.82410509779123,-3.471399873133106,engine
Neptune,12,354.824125768404,-3.4713912067478483,engine
Neptune,13,354.8241464396631,-3.471382540352398,engine
Neptune,14,354.8241671115789,-3.4713738739449003,engine
Neptune,15,354.82418778415155,-3.471365207527609,engine
Neptune,16,354.82420845739125,-3.4713565410986766,engine
Neptune,17,354.824229131312,-3.471347874654548,engine
Neptune,18,354.8242498058963,-3.4713392082049963,engine
Neptune,19,354.82427048115795,-3.471330541746472,engine
Neptune,20,354.8242911571073,-3.4713218752771295,engine
Neptune,21,354.82431183374433,-3.471313208799234,engine
Neptune,22,354.82433251107915,-3.47130454231094,engine
Neptune,23,354.82435318911433,-3.4712958758134858,engine
Neptune,24,354.82437386785244,-3.471287209308112,engine
Neptune,25,354.8243945473035,-3.4712785427929824,engine
Neptune,26,354.8244152274674,-3.4712698762703633,engine
Neptune,27,354.8244359083544,-3.471261209738421,engine
Neptune,28,354.8244565899643,-3.4712525431994252,engine
Neptune,29,354.82447727232113,-3.471243876645731,engine
Neptune,30,354.8244979553994,-3.4712352100902084,engine
Pallas,-30,27.970172263252394,-3.651641395044253,engine
Pallas,-20,27.973034732182374,-3.651114724134297,engine
Pallas,-15,27.97446614239695,-3.6508513863613694,engine
Pallas,-10,27.97589767458153,-3.6505880472996175,engine
Pallas,-5,27.977329332679005,-3.6503247070217606,engine
Pallas,-2,27.97818838922948,-3.65016670237106,engine
Pallas,-1,27.978474751839133,-3.6501140340723364,engine
Pallas,0,27.978761119809228,-3.650061365746648,engine
Pallas,1,27.97904749309239,-3.650008697386472,engine
Pallas,2,27.979333871641224,-3.6499560289842816,engine
Pallas,3,27.979620255634167,-3.6499033605590867,engine
Pallas,4,27.979906645023636,-3.6498506921033695,engine
Pallas,5,27.980193039761875,-3.6497980236096432,engine
Pallas,6,27.980479440219153,-3.649745355061604,engine
Pallas,7,27.98076584596345,-3.649692686522412,engine
Pallas,8,27.98105225713882,-3.6496400179492707,engine
Pallas,9,27.981338673923155,-3.6495873493612265,engine
Pallas,10,27.981625096268264,-3.6495346807508136,engine
Pallas,11,27.981911524125824,-3.6494820121105875,engine
Pallas,12,27.982197957673478,-3.649429343459605,engine
Pallas,13,27.982484396862688,-3.6493766747904353,engine
Pallas,14,27.98277084164488,-3.649324006095642,engine
Pallas,15,27.98305729219737,-3.6492713373943158,engine
Pallas,16,27.983343748396,-3.6492186686702013,engine
Pallas,17,27.983630210609977,-3.6491659999070825,engine
Pallas,18,27.98391667840614,-3.649113331168191,engine
Pallas,19,27.98420315192741,-3.649060662410817,engine
Pallas,20,27.984489631350673,-3.6490079936540836,engine
Pallas,21,27.984776116626563,-3.6489553248906033,engine
Pallas,22,27.985062607705668,-3.6489026561130116,engine
Pallas,23,27.985349104764484,-3.648849987340442,engine
Pallas,24,27.985635607678056,-3.6487973185567055,engine
Pallas,25,27.98592211662265,-3.648744649780957,engine
Pallas,26,27.986208631548443,-3.6486919810058445,engine
Pallas,27,27.98649515240549,-3.6486393122240393,engine
Pallas,28,27.986781679369734,-3.6485866434547116,engine
Pallas,29,27.98706821250783,-3.6485339746463836,engine
Pallas,30,27.987354751611264,-3.648481305888882,engine
Pluto,-30,300.7871654342492,-22.40250952571047,engine
Pluto,-20,300.7872077366158,-22.402517356661967,engine
Pluto,-15,300.78722893171056,-22.402521269146476,engine
Pluto,-10,300.7872501563286,-22.402525180000094,engine
Pluto,-5,300.78727141065195,-22.40252908949925,engine
Pluto,-2,300.78728417756514,-22.402531434662784,engine
Pluto,-1,300.78728843559657,-22.40253221630798,engine
Pluto,0,300.7872926948267,-22.402532997918875,engine
Pluto,1,300.7872969552565,-22.402533779497706,engine
Pluto,2,300.7873012168846,-22.40253456104647,engine
Pluto,3,300.78730547971685,-22.40253534256782,engine
Pluto,4,300.78730974375173,-22.40253612406378,engine
Pluto,5,300.7873140089903,-22.402536905536564,engine
Pluto,6,300.7873182754361,-22.40253768698893,engine
Pluto,7,300.7873225430845,-22.402538468422062,engine
Pluto,8,300.7873268119392,-22.40253924983871,engine
Pluto,9,300.7873310820008,-22.402540031241113,engine
Pluto,10,300.78733535327024,-22.4025408126315,engine
Pluto,11,300.78733962574836,-22.40254159401211,engine
Pluto,12,300.7873438994357,-22.402542375385174,engine
Pluto,13,300.7873481743332,-22.402543156752937,engine
Pluto,14,300.78735245044135,-22.402543938117635,engine
Pluto,15,300.7873567277609,-22.4025447194815,engine
Pluto,16,300.7873610062924,-22.40254550084678,engine
Pluto,17,300.7873652860394,-22.402546282216235,engine
Pluto,18,300.7873695669967,-22.402547063591065,engine
Pluto,19,300.7873738491677,-22.40254784497403,engine
Pluto,20,300.7873781325529,-22.402548626367373,engine
Pluto,21,300.7873824171528,-22.40254940777334,engine
Pluto,22,300.78738670296786,-22.402550189194184,engine
Pluto,23,300.7873909899985,-22.402550970632145,engine
Pluto,24,300.7873952782452,-22.402551752089465,engine
Pluto,25,300.7873995677082,-22.402552533568393,engine
Pluto,26,300.7874038583879,-22.402553315071174,engine
Pluto,27,300.78740815028715,-22.402554096600284,engine
Pluto,28,300.7874124434012,-22.40255487815752,engine
Pluto,29,300.7874167377357,-22.402555659745882,engine
Pluto,30,300.78742103328517,-22.40255644136657,engine
Rahu,-30,49.86218511662069,18.335211119941285,engine
Rahu,-20,49.8621897514413,18.335212284787364,engine
Rahu,-15,49.862192407751884,18.335212952542793,engine
Rahu,-10,49.86219528967595,18.33521367710585,engine
Rahu,-5,49.8621983969731,18.335214458416026,engine
Rahu,-2,49.862200369429495,18.3352149544153,engine
Rahu,-1,49.86220104491668,18.335215124281092,engine
Rahu,0,49.86220172940142,18.33521529641238,engine
Rahu,1,49.862202422882,18.335215470808745,engine
Rahu,2,49.862203125355705,18.3352156474695,engine
Rahu,3,49.86220383682147,18.335215826394393,engine
Rahu,4,49.86220455727689,18.335216007582808,engine
Rahu,5,49.86220528672008,18.335216191034256,engine
Rahu,6,49.86220602514975,18.335216376748434,engine
Rahu,7,49.862206772563,18.3352165647246,engine
Rahu,8,49.86220752895807,18.335216754962307,engine
Rahu,9,49.86220829433323,18.335216947461138,engine
Rahu,10,49.86220906868695,18.335217142220696,engine
Rahu,11,49.862209852016555,18.335217339240298,engine
Rahu,12,49.8622106443205,18.335217538519565,engine
Rahu,13,49.862211445596685,18.33521774005796,engine
Rahu,14,49.86221225584341,18.33521794385507,engine
Rahu,15,49.86221307505898,18.335218149910457,engine
Rahu,16,49.86221390324041,18.33521835822337,engine
Rahu,17,49.862214740386975,18.335218568793618,engine
Rahu,18,49.86221558649562,18.335218781620465,engine
Rahu,19,49.86221644156494,18.335218996703514,engine
Rahu,20,49.86221730559303,18.33521921404233,engine
Rahu,21,49.86221817857772,18.335219433636315,engine
Rahu,22,49.8622190605172,18.335219655485044,engine
Rahu,23,49.86221995140958,18.335219879588045,engine
Rahu,24,49.86222085125269,18.335220105944757,engine
Rahu,25,49.862221760045,18.335220334554805,engine
Rahu,26,49.86222267778403,18.335220565417565,engine
Rahu,27,49.86222360446823,18.335220798532635,engine
Rahu,28,49.8622245400953,18.335221033899433,engine
Rahu,29,49.8622254846649,18.335221271517902,engine
Rahu,30,49.86222643817224,18.335221511386806,engine
Regulus,-30,152.0943179656963,11.966203305955636,engine
Regulus,-20,152.094319882779,11.966203552075124,engine
Regulus,-15,152.0943208374281,11.966203683251182,engine
Regulus,-10,152.0943217886982,11.96620381982017,engine
Regulus,-5,152.09432273600345,11.966203961765457,engine
Regulus,-2,152.09432330224018,11.96620404950533,engine
Regulus,-1,152.09432349060003,11.966204079179748,engine
Regulus,0,152.0943236787593,11.966204109067759,engine
Regulus,1,152.0943238667133,11.96620413916919,engine
Regulus,2,152.09432405445742,11.96620416948385,engine
Regulus,3,152.09432424198695,11.966204200011555,engine
Regulus,4,152.0943244292973,11.966204230752105,engine
Regulus,5,152.0943246163839,11.966204261705295,engine
Regulus,6,152.0943248032421,11.966204292870954,engine
Regulus,7,152.09432498986718,11.966204324248825,engine
Regulus,8,152.09432517625453,11.966204355838725,engine
Regulus,9,152.0943253623996,11.966204387640431,engine
Regulus,10,152.09432554829772,11.96620441965373,engine
Regulus,11,152.09432573394434,11.966204451878395,engine
Regulus,12,152.09432591933484,11.966204484314208,engine
Regulus,13,152.09432610446464,11.966204516960918,engine
Regulus,14,152.0943262893291,11.966204549818308,engine
Regulus,15,152.09432647392373,11.966204582886125,engine
Regulus,16,152.09432665824383,11.966204616164147,engine
Regulus,17,152.094326842285,11.966204649652123,engine
Regulus,18,152.09432702604246,11.966204683349773,engine
Regulus,19,152.0943272095117,11.966204717256856,engine
Regulus,20,152.09432739268823,11.966204751373114,engine
Regulus,21,152.09432757556743,11.966204785698293,engine
Regulus,22,152.09432775814483,11.966204820232111,engine
Regulus,23,152.0943279404158,11.966204854974304,engine
Regulus,24,152.09432812237586,11.966204889924597,engine
Regulus,25,152.09432830402045,11.966204925082705,engine
Regulus,26,152.0943284853451,11.966204960448351,engine
Regulus,27,152.09432866634523,11.966204996021249,engine
Regulus,28,152.09432884701633,11.966205031801099,engine
Regulus,29,152.09432902735404,11.966205067787644,engine
Regulus,30,152.09432920735364,11.966205103980517,engine
Saturn,-30,325.8481778110358,-14.723636700445304,engine
Saturn,-20,325.8486686377566,-14.723488342899348,engine
Saturn,-15,325.8489141444466,-14.723414167344215,engine
Saturn,-10,325.8491597136316,-14.72333999449846,engine
Saturn,-5,325.8494053455704,-14.723265824756746,engine
Saturn,-2,325.8495527548865,-14.723221324585218,engine
Saturn,-1,325.8496018963603,-14.723206491492597,engine
Saturn,0,325.8496510403533,-14.72319165855446,engine
Saturn,1,325.8497001868662,-14.723176825774143,engine
Saturn,2,325.8497493358998,-14.723161993154989,engine
Saturn,3,325.84979848745485,-14.723147160700309,engine
Saturn,4,325.849847641532,-14.72313232841346,engine
Saturn,5,325.8498967981318,-14.723117496297764,engine
Saturn,6,325.84994595728773,-14.723102664346607,engine
Saturn,7,325.84999511894813,-14.723087832579145,engine
Saturn,8,325.85004428311896,-14.723073000996921,engine
Saturn,9,325.8500934498141,-14.72305816959918,engine
Saturn,10,325.85014261903405,-14.723043338389285,engine
Saturn,11,325.8501917907789,-14.723028507370545,engine
Saturn,12,325.85024096504895,-14.723013676546307,engine
Saturn,13,325.85029014184425,-14.722998845919925,engine
Saturn,14,325.8503393211649,-14.722984015494692,engine
Saturn,15,325.8503885030107,-14.722969185273984,engine
Saturn,16,325.8504376873819,-14.722954355261125,engine
Saturn,17,325.8504868743111,-14.722939525449506,engine
Saturn,18,325.8505360637323,-14.722924695862341,engine
Saturn,19,325.85058525567814,-14.722909866493039,engine
Saturn,20,325.85063445016215,-14.72289503734084,engine
Saturn,21,325.85068364715636,-14.722880208417253,engine
Saturn,22,325.85073284667425,-14.722865379721522,engine
Saturn,23,325.8507820487152,-14.722850551256967,engine
Saturn,24,325.8508312532787,-14.722835723026954,engine
Saturn,25,325.8508804603642,-14.722820895034797,engine
Saturn,26,325.8509296699709,-14.722806067283829,engine
Saturn,27,325.8509788820983,-14.722791239777374,engine
Saturn,28,325.85102809674544,-14.722776412518769,engine
Saturn,29,325.8510773139583,-14.722761585497324,engine
Saturn,30,325.8511265336424,-14.722746758744407,engine
Sun,-30,26.23534126764112,10.846481949189943,engine
Sun,-20,26.241743006578126,10.848894616615269,engine
Sun,-15,26.244944602962107,10.850100736901613,engine
Sun,-10,26.248146699757122,10.85130671721607,engine
Sun,-5,26.25134930981705,10.852512559840612,engine
Sun,-2,26.253271126658884,10.853235999982735,engine
Sun,-1,26.253911774674272,10.853477135905221,engine
Sun,0,26.254552444043753,10.853718266459435,engine
Sun,1,26.255193134858835,10.853959391662015,engine
Sun,2,26.255833847210262,10.85420051152954,engine
Sun,3,26.256474581188865,10.854441626078843,engine
Sun,4,26.257115336884617,10.85468273532667,engine
Sun,5,26.257756114387572,10.854923839290004,engine
Sun,6,26.258396914216583,10.85516493814739,engine
Sun,7,26.259037735601563,10.855406031592636,engine
Sun,8,26.25967857906049,10.855647119804429,engine
Sun,9,26.260319444681873,10.85588820280006,engine
Sun,10,26.26096033255321,10.856129280596697,engine
Sun,11,26.26160124276216,10.856370353211787,engine
Sun,12,26.262242175395446,10.856611420662622,engine
Sun,13,26.262883130539862,10.856852482966794,engine
Sun,14,26.263524108281338,10.857093540141754,engine
Sun,15,26.26416510870586,10.857334592205234,engine
Sun,16,26.26480613189844,10.857575639174824,engine
Sun,17,26.26544717837416,10.85781668123001,engine
Sun,18,26.266088247357512,10.85805771806528,engine
Sun,19,26.266729339362666,10.858298749860266,engine
Sun,20,26.267370454472996,10.858539776632844,engine
Sun,21,26.268011592771966,10.858780798401162,engine
Sun,22,26.26865275434211,10.85902181518323,engine
Sun,23,26.269293939266067,10.859262826997334,engine
Sun,24,26.269935147625446,10.859503833861618,engine
Sun,25,26.270576379502096,10.859744835794494,engine
Sun,26,26.271217634976743,10.859985832814267,engine
Sun,27,26.271858914130334,10.86022682493948,engine
Sun,28,26.272500217042783,10.860467812188546,engine
Sun,29,26.27314154422416,10.860708794741754,engine
Sun,30,26.27378289489342,10.860949772294445,engine
Uranus,-30,41.18982940198069,15.552521500824385,engine
Uranus,-20,41.19021102984839,15.552639777301044,engine
Uranus,-15,41.19040183486214,15.55269889873288,engine
Uranus,-10,41.190592635211345,15.552758008893681,engine
Uranus,-5,41.19078343192535,15.55281710776003,engine
Uranus,-2,41.190897908593676,15.552852561637101,engine
Uranus,-1,41.19093606730858,15.552864378689103,engine
Uranus,0,41.1909742259438,15.552876195285473,engine
Uranus,1,41.191012384516995,15.552888011429104,engine
Uranus,2,41.19105054303127,15.552899827118285,engine
Uranus,3,41.19108870149458,15.55291164235285,engine
Uranus,4,41.191126859910014,15.552923457131131,engine
Uranus,5,41.19116501829528,15.552935271456025,engine
Uranus,6,41.19120317667906,15.552947085333797,engine
Uranus,7,41.19124133501814,15.552958898748468,engine
Uranus,8,41.19127949334125,15.552970711706326,engine
Uranus,9,41.19131765166605,15.552982524210307,engine
Uranus,10,41.19135580999568,15.55299433625878,engine
Uranus,11,41.19139396833811,15.553006147851672,engine
Uranus,12,41.19143212669644,15.553017958987354,engine
Uranus,13,41.191470285088414,15.553029769668818,engine
Uranus,14,41.191508443517115,15.553041579894474,engine
Uranus,15,41.191546601990545,15.553053389664262,engine
Uranus,16,41.19158476051181,15.553065198976618,engine
Uranus,17,41.19162291912422,15.553077007842463,engine
Uranus,18,41.19166107777972,15.553088816244424,engine
Uranus,19,41.19169923650702,15.553100624188852,engine
Uranus,20,41.19173739532384,15.55311243167881,engine
Uranus,21,41.19177555423329,15.55312423871277,engine
Uranus,22,41.19181371324338,15.553136045290735,engine
Uranus,23,41.19185187235719,15.553147851411191,engine
Uranus,24,41.191890031592465,15.553159657077233,engine
Uranus,25,41.19192819095233,15.553171462287358,engine
Uranus,26,41.19196635043991,15.553183267040092,engine
Uranus,27,41.1920045100729,15.553195071338537,engine
Uranus,28,41.19204266985442,15.553206875181234,engine
Uranus,29,41.19208082981319,15.553218678574638,engine
Uranus,30,41.19211898991575,15.553230481506064,engine
Venus,-30,345.35502530111205,-6.8833778098393115,engine
Venus,-20,345.36236606082673,-6.880843597440792,engine
Venus,-15,345.36603763489313,-6.8795763879081155,engine
Venus,-10,345.36971000797524,-6.878309112436256,engine
Venus,-5,345.37338318308304,-6.877041772764756,engine
Venus,-2,345.3755874735439,-6.876281339142459,engine
Venus,-1,345.3763223012673,-6.876027856405212,engine
Venus,0,345.3770571613285,-6.875774371221736,engine
Venus,1,345.37779205358663,-6.875520883640015,engine
Venus,2,345.3785269779004,-6.875267393707981,engine
Venus,3,345.3792619345803,-6.8750139013790355,engine
Venus,4,345.37999692333295,-6.874760406732671,engine
Venus,5,345.3807319444677,-6.874506909722285,engine
Venus,6,345.3814669981828,-6.8742534102573645,engine
Venus,7,345.38220208380056,-6.873999908631286,engine
Venus,8,345.38293720151796,-6.873746404753551,engine
Venus,9,345.38367235164196,-6.87349289857755,engine
Venus,10,345.3844075338755,-6.873239390182789,engine
Venus,11,345.38514274852406,-6.872985879522637,engine
Venus,12,345.3858779952895,-6.872732366676614,engine
Venus,13,345.3866132744762,-6.872478851598076,engine
Venus,14,345.3873485859354,-6.872225334334993,engine
Venus,15,345.3880839295179,-6.871971814935372,engine
Venus,16,345.3888193055262,-6.871718293352519,engine
Venus,17,345.38955471415215,-6.871464769495992,engine
Venus,18,345.39029015471084,-6.871211243659108,engine
Venus,19,345.3910256273927,-6.870957715751388,engine
Venus,20,345.39176113249806,-6.87070418572616,engine
Venus,21,345.39249666972285,-6.870450653662943,engine
Venus,22,345.3932322393662,-6.870197119515028,engine
Venus,23,345.3939678411231,-6.86994358336197,engine
Venus,24,345.394703475291,-6.86969004515702,engine
Venus,25,345.3954391417147,-6.869436504948161,engine
Venus,26,345.3961748402381,-6.8691829627833485,engine
Venus,27,345.3969105711569,-6.868929418615825,engine
Venus,28,345.3976463341632,-6.868675872525122,engine
Venus,29,345.39838213004504,-6.868422324294451,engine
Venus,30,345.3991179575061,-6.868168774343371,engine
Vesta,-30,319.85088235668013,-16.56562200334505,engine
Vesta,-20,319.85379129655416,-16.565027574331204,engine
Vesta,-15,319.8552462005549,-16.564730396546764,engine
Vesta,-10,319.856701391408,-16.56443324584082,engine
Vesta,-5,319.8581568676149,-16.564136124027858,engine
Vesta,-2,319.85903028917954,-16.563957865648227,engine
Vesta,-1,319.859321452271,-16.563898448723542,engine
Vesta,0,319.8596126267445,-16.563839033069772,engine
Vesta,1,319.8599038123289,-16.563779618745027,engine
Vesta,2,319.8601950091327,-16.563720205742595,engine
Vesta,3,319.8604862171372,-16.56366079407734,engine
Vesta,4,319.8607774364502,-16.563601383742505,engine
Vesta,5,319.8610686667997,-16.563541974796124,engine
Vesta,6,319.86135990848834,-16.563482567191567,engine
Vesta,7,319.8616511611061,-16.56342316102326,engine
Vesta,8,319.8619424249551,-16.563363756244527,engine
Vesta,9,319.8622336997622,-16.563304352913313,engine
Vesta,10,319.862524985634,-16.563244951022707,engine
Vesta,11,319.86281628254994,-16.563185550587402,engine
Vesta,12,319.8631075906159,-16.56312615160044,engine
Vesta,13,319.8633989095581,-16.563066754119646,engine
Vesta,14,319.8636902394818,-16.56300735813805,engine
Vesta,15,319.8639815803657,-16.562947963670215,engine
Vesta,16,319.8642729323148,-16.56288857070909,engine
Vesta,17,319.8645642952495,-16.562829179272587,engine
Vesta,18,319.86485566888365,-16.562769789433258,engine
Vesta,19,319.86514705339033,-16.56271040116573,engine
Vesta,20,319.86543844887336,-16.562651014462883,engine
Vesta,21,319.8657298550572,-16.56259162938231,engine
Vesta,22,319.86602127204526,-16.56253224591682,engine
Vesta,23,319.8663126999409,-16.562472864059163,engine
Vesta,24,319.86660413846755,-16.562413483866884,engine
Vesta,25,319.8668955877281,-16.562354105332698,engine
Vesta,26,319.8671870478252,-16.562294728449256,engine
Vesta,27,319.8674785184817,-16.56223535327404,engine
Vesta,28,319.8677699997996,-16.562175979799658,engine
Vesta,29,319.86806149194985,-16.562116608000494,engine
Vesta,30,319.8683529946433,-16.562057237948704,engine
Gonggong,-30,337.30052496618777,-11.04656815382438,tno-rate
Gonggong,-20,337.3005713581605,-11.046547254322759,tno-rate
Gonggong,-15,337.3005945541468,-11.04653680457195,tno-rate
Gonggong,-10,337.30061775013314,-11.04652635482114,tno-rate
Gonggong,-5,337.3006409461195,-11.046515905070331,tno-rate
Gonggong,-2,337.30065486371126,-11.046509635219845,tno-rate
Gonggong,-1,337.30065950290856,-11.046507545269682,tno-rate
Gonggong,0,337.3006641421058,-11.04650545531952,tno-rate
Gonggong,1,337.30066878130305,-11.04650336536936,tno-rate
Gonggong,2,337.30067342050035,-11.046501275419196,tno-rate
Gonggong,3,337.3006780596976,-11.046499185469035,tno-rate
Gonggong,4,337.3006826988949,-11.046497095518873,tno-rate
Gonggong,5,337.30068733809213,-11.04649500556871,tno-rate
Gonggong,6,337.30069197728943,-11.046492915618549,tno-rate
Gonggong,7,337.3006966164867,-11.046490825668387,tno-rate
Gonggong,8,337.3007012556839,-11.046488735718224,tno-rate
Gonggong,9,337.3007058948812,-11.046486645768063,tno-rate
Gonggong,10,337.30071053407846,-11.046484555817901,tno-rate
Gonggong,11,337.30071517327576,-11.046482465867738,tno-rate
Gonggong,12,337.300719812473,-11.046480375917577,tno-rate
Gonggong,13,337.30072445167025,-11.046478285967416,tno-rate
Gonggong,14,337.30072909086755,-11.046476196017254,tno-rate
Gonggong,15,337.3007337300648,-11.046474106067091,tno-rate
Gonggong,16,337.3007383692621,-11.04647201611693,tno-rate
Gonggong,17,337.30074300845934,-11.046469926166768,tno-rate
Gonggong,18,337.30074764765664,-11.046467836216605,tno-rate
Gonggong,19,337.3007522868539,-11.046465746266444,tno-rate
Gonggong,20,337.3007569260511,-11.046463656316282,tno-rate
Gonggong,21,337.3007615652484,-11.04646156636612,tno-rate
Gonggong,22,337.30076620444567,-11.046459476415958,tno-rate
Gonggong,23,337.30077084364297,-11.046457386465796,tno-rate
Gonggong,24,337.3007754828402,-11.046455296515633,tno-rate
Gonggong,25,337.3007801220375,-11.046453206565472,tno-rate
Gonggong,26,337.30078476123475,-11.04645111661531,tno-rate
Gonggong,27,337.300789400432,-11.046449026665147,tno-rate
Gonggong,28,337.3007940396293,-11.046446936714986,tno-rate
Gonggong,29,337.30079867882654,-11.046444846764825,tno-rate
Gonggong,30,337.30080331802384,-11.046442756814661,tno-rate
Haumea,-30,216.85681402489163,15.878782343657228,tno-rate
Haumea,-20,216.85670096951375,15.878827995674142,tno-rate
Haumea,-15,216.8566444418248,15.8788508216826,tno-rate
Haumea,-10,216.85658791413587,15.878873647691057,tno-rate
Haumea,-5,216.85653138644693,15.878896473699513,tno-rate
Haumea,-2,216.85649746983356,15.878910169304588,tno-rate
Haumea,-1,216.85648616429577,15.878914734506278,tno-rate
Haumea,0,216.856474858758,15.87891929970797,tno-rate
Haumea,1,216.8564635532202,15.878923864909662,tno-rate
Haumea,2,216.85645224768243,15.878928430111353,tno-rate
Haumea,3,216.85644094214462,15.878932995313045,tno-rate
Haumea,4,216.85642963660683,15.878937560514736,tno-rate
Haumea,5,216.85641833106905,15.878942125716428,tno-rate
Haumea,6,216.85640702553127,15.878946690918118,tno-rate
Haumea,7,216.8563957199935,15.87895125611981,tno-rate
Haumea,8,216.85638441445568,15.878955821321501,tno-rate
Haumea,9,216.8563731089179,15.878960386523193,tno-rate
Haumea,10,216.8563618033801,15.878964951724884,tno-rate
Haumea,11,216.85635049784233,15.878969516926576,tno-rate
Haumea,12,216.85633919230455,15.878974082128266,tno-rate
Haumea,13,216.85632788676673,15.878978647329959,tno-rate
Haumea,14,216.85631658122895,15.878983212531649,tno-rate
Haumea,15,216.85630527569117,15.878987777733341,tno-rate
Haumea,16,216.8562939701534,15.878992342935032,tno-rate
Haumea,17,216.8562826646156,15.878996908136724,tno-rate
Haumea,18,216.8562713590778,15.879001473338416,tno-rate
Haumea,19,216.85626005354,15.879006038540107,tno-rate
Haumea,20,216.85624874800223,15.879010603741799,tno-rate
Haumea,21,216.85623744246445,15.87901516894349,tno-rate
Haumea,22,216.85622613692667,15.879019734145182,tno-rate
Haumea,23,216.85621483138885,15.879024299346872,tno-rate
Haumea,24,216.85620352585107,15.879028864548564,tno-rate
Haumea,25,216.8561922203133,15.879033429750255,tno-rate
Haumea,26,216.8561809147755,15.879037994951947,tno-rate
Haumea,27,216.85616960923772,15.879042560153637,tno-rate
Haumea,28,216.8561583036999,15.87904712535533,tno-rate
Haumea,29,216.85614699816213,15.87905169055702,tno-rate
Haumea,30,216.85613569262435,15.879056255758712,tno-rate
Makemake,-30,198.29297774791218,23.014535811908797,tno-rate
Makemake,-20,198.2928645863029,23.014560317661754,tno-rate
Makemake,-15,198.29280800549824,23.01457257053823,tno-rate
Makemake,-10,198.2927514246936,23.01458482341471,tno-rate
Makemake,-5,198.29269484388897,23.01459707629119,tno-rate
Makemake,-2,198.29266089540616,23.014604428017076,tno-rate
Makemake,-1,198.29264957924525,23.014606878592375,tno-rate
Makemake,0,198.2926382630843,23.01460932916767,tno-rate
Makemake,1,198.29262694692338,23.014611779742964,tno-rate
Makemake,2,198.29261563076247,23.014614230318262,tno-rate
Makemake,3,198.29260431460153,23.014616680893557,tno-rate
Makemake,4,198.2925929984406,23.01461913146885,tno-rate
Makemake,5,198.29258168227966,23.01462158204415,tno-rate
Makemake,6,198.29257036611875,23.014624032619444,tno-rate
Makemake,7,198.29255904995782,23.01462648319474,tno-rate
Makemake,8,198.29254773379688,23.014628933770037,tno-rate
Makemake,9,198.29253641763594,23.014631384345332,tno-rate
Makemake,10,198.29252510147504,23.014633834920627,tno-rate
Makemake,11,198.2925137853141,23.01463628549592,tno-rate
Makemake,12,198.29250246915316,23.01463873607122,tno-rate
Makemake,13,198.29249115299223,23.014641186646514,tno-rate
Makemake,14,198.29247983683132,23.01464363722181,tno-rate
Makemake,15,198.29246852067038,23.014646087797107,tno-rate
Makemake,16,198.29245720450945,23.014648538372402,tno-rate
Makemake,17,198.29244588834854,23.014650988947697,tno-rate
Makemake,18,198.2924345721876,23.014653439522995,tno-rate
Makemake,19,198.29242325602667,23.01465589009829,tno-rate
Makemake,20,198.29241193986573,23.014658340673584,tno-rate
Makemake,21,198.29240062370482,23.014660791248883,tno-rate
Makemake,22,198.29238930754389,23.014663241824177,tno-rate
Makemake,23,198.29237799138295,23.014665692399472,tno-rate
Makemake,24,198.292366675222,23.01466814297477,tno-rate
Makemake,25,198.2923553590611,23.014670593550065,tno-rate
Makemake,26,198.29234404290017,23.01467304412536,tno-rate
Makemake,27,198.29233272673923,23.014675494700654,tno-rate
Makemake,28,198.2923214105783,23.014677945275952,tno-rate
Makemake,29,198.2923100944174,23.014680395851247,tno-rate
Makemake,30,198.29229877825645,23.014682846426542,tno-rate
Orcus,-30,155.8165839529851,-11.646946600574871,tno-rate
Orcus,-20,155.81652071185118,-11.646883957666045,tno-rate
Orcus,-15,155.81648909128424,-11.64685263621163,tno-rate
Orcus,-10,155.8164574707173,-11.646821314757217,tno-rate
Orcus,-5,155.81642585015035,-11.646789993302804,tno-rate
Orcus,-2,155.81640687781018,-11.646771200430155,tno-rate
Orcus,-1,155.8164005536968,-11.646764936139274,tno-rate
Orcus,0,155.8163942295834,-11.64675867184839,tno-rate
Orcus,1,155.81638790547,-11.646752407557507,tno-rate
Orcus,2,155.81638158135664,-11.646746143266625,tno-rate
Orcus,3,155.81637525724324,-11.646739878975742,tno-rate
Orcus,4,155.81636893312987,-11.646733614684859,tno-rate
Orcus,5,155.81636260901647,-11.646727350393977,tno-rate
Orcus,6,155.81635628490307,-11.646721086103094,tno-rate
Orcus,7,155.8163499607897,-11.646714821812212,tno-rate
Orcus,8,155.8163436366763,-11.646708557521329,tno-rate
Orcus,9,155.8163373125629,-11.646702293230446,tno-rate
Orcus,10,155.81633098844952,-11.646696028939564,tno-rate
Orcus,11,155.81632466433612,-11.64668976464868,tno-rate
Orcus,12,155.81631834022275,-11.646683500357797,tno-rate
Orcus,13,155.81631201610935,-11.646677236066916,tno-rate
Orcus,14,155.81630569199595,-11.646670971776032,tno-rate
Orcus,15,155.81629936788258,-11.64666470748515,tno-rate
Orcus,16,155.81629304376918,-11.646658443194267,tno-rate
Orcus,17,155.81628671965578,-11.646652178903384,tno-rate
Orcus,18,155.8162803955424,-11.646645914612503,tno-rate
Orcus,19,155.816274071429,-11.64663965032162,tno-rate
Orcus,20,155.81626774731564,-11.646633386030736,tno-rate
Orcus,21,155.81626142320223,-11.646627121739854,tno-rate
Orcus,22,155.81625509908883,-11.646620857448971,tno-rate
Orcus,23,155.81624877497546,-11.64661459315809,tno-rate
Orcus,24,155.81624245086206,-11.646608328867206,tno-rate
Orcus,25,155.8162361267487,-11.646602064576323,tno-rate
Orcus,26,155.8162298026353,-11.646595800285441,tno-rate
Orcus,27,155.8162234785219,-11.646589535994558,tno-rate
Orcus,28,155.81621715440852,-11.646583271703674,tno-rate
Orcus,29,155.81621083029512,-11.646577007412793,tno-rate
Orcus,30,155.81620450618172,-11.64657074312191,tno-rate
Quaoar,-30,277.24275052249413,-15.214656575224142,tno-rate
Quaoar,-20,277.2427186205995,-15.214636002508078,tno-rate
Quaoar,-15,277.2427026696521,-15.214625716150046,tno-rate
Quaoar,-10,277.24268671870476,-15.214615429792014,tno-rate
Quaoar,-5,277.24267076775743,-15.214605143433982,tno-rate
Quaoar,-2,277.242661197189,-15.214598971619163,tno-rate
Quaoar,-1,277.2426580069996,-15.214596914347556,tno-rate
Quaoar,0,277.2426548168101,-15.21459485707595,tno-rate
Quaoar,1,277.2426516266206,-15.214592799804343,tno-rate
Quaoar,2,277.2426484364312,-15.214590742532737,tno-rate
Quaoar,3,277.2426452462417,-15.21458868526113,tno-rate
Quaoar,4,277.2426420560522,-15.214586627989524,tno-rate
Quaoar,5,277.2426388658628,-15.214584570717918,tno-rate
Quaoar,6,277.2426356756733,-15.214582513446311,tno-rate
Quaoar,7,277.24263248548385,-15.214580456174705,tno-rate
Quaoar,8,277.24262929529436,-15.214578398903098,tno-rate
Quaoar,9,277.2426261051049,-15.214576341631492,tno-rate
Quaoar,10,277.24262291491544,-15.214574284359886,tno-rate
Quaoar,11,277.24261972472596,-15.21457222708828,tno-rate
Quaoar,12,277.24261653453647,-15.214570169816673,tno-rate
Quaoar,13,277.24261334434703,-15.214568112545066,tno-rate
Quaoar,14,277.24261015415755,-15.21456605527346,tno-rate
Quaoar,15,277.2426069639681,-15.214563998001854,tno-rate
Quaoar,16,277.2426037737786,-15.214561940730247,tno-rate
Quaoar,17,277.24260058358914,-15.21455988345864,tno-rate
Quaoar,18,277.2425973933997,-15.214557826187034,tno-rate
Quaoar,19,277.2425942032102,-15.214555768915428,tno-rate
Quaoar,20,277.24259101302073,-15.214553711643822,tno-rate
Quaoar,21,277.2425878228313,-15.214551654372215,tno-rate
Quaoar,22,277.2425846326418,-15.214549597100609,tno-rate
Quaoar,23,277.2425814424524,-15.214547539829002,tno-rate
Quaoar,24,277.2425782522629,-15.214545482557396,tno-rate
Quaoar,25,277.2425750620734,-15.21454342528579,tno-rate
Quaoar,26,277.24257187188397,-15.214541368014183,tno-rate
Quaoar,27,277.2425686816945,-15.214539310742577,tno-rate
Quaoar,28,277.242565491505,-15.21453725347097,tno-rate
Quaoar,29,277.24256230131556,-15.214535196199364,tno-rate
Quaoar,30,277.24255911112607,-15.214533138927758,tno-rate
Sedna,-30,58.69210746091784,8.285980522504317,tno-rate
Sedna,-20,58.692183109729264,8.286006293930575,tno-rate
Sedna,-15,58.69222093413497,8.286019179643704,tno-rate
Sedna,-10,58.69225875854068,8.286032065356832,tno-rate
Sedna,-5,58.6922965829464,8.286044951069961,tno-rate
Sedna,-2,58.692319277589824,8.286052682497838,tno-rate
Sedna,-1,58.69232684247096,8.286055259640463,tno-rate
Sedna,0,58.69233440735211,8.286057836783089,tno-rate
Sedna,1,58.69234197223325,8.286060413925714,tno-rate
Sedna,2,58.69234953711439,8.28606299106834,tno-rate
Sedna,3,58.69235710199553,8.286065568210965,tno-rate
Sedna,4,58.69236466687668,8.28606814535359,tno-rate
Sedna,5,58.692372231757815,8.286070722496216,tno-rate
Sedna,6,58.69237979663896,8.286073299638844,tno-rate
Sedna,7,58.692387361520105,8.286075876781469,tno-rate
Sedna,8,58.69239492640124,8.286078453924095,tno-rate
Sedna,9,58.69240249128239,8.28608103106672,tno-rate
Sedna,10,58.69241005616353,8.286083608209346,tno-rate
Sedna,11,58.69241762104467,8.286086185351971,tno-rate
Sedna,12,58.69242518592581,8.286088762494597,tno-rate
Sedna,13,58.69243275080696,8.286091339637222,tno-rate
Sedna,14,58.692440315688096,8.286093916779848,tno-rate
Sedna,15,58.69244788056924,8.286096493922473,tno-rate
Sedna,16,58.69245544545038,8.286099071065099,tno-rate
Sedna,17,58.69246301033152,8.286101648207724,tno-rate
Sedna,18,58.69247057521267,8.286104225350352,tno-rate
Sedna,19,58.692478140093804,8.286106802492977,tno-rate
Sedna,20,58.69248570497495,8.286109379635603,tno-rate
Sedna,21,58.692493269856094,8.286111956778228,tno-rate
Sedna,22,58.69250083473723,8.286114533920854,tno-rate
Sedna,23,58.692508399618376,8.28611711106348,tno-rate
Sedna,24,58.69251596449952,8.286119688206105,tno-rate
Sedna,25,58.69252352938066,8.28612226534873,tno-rate
Sedna,26,58.6925310942618,8.286124842491356,tno-rate
Sedna,27,58.69253865914295,8.286127419633981,tno-rate
Sedna,28,58.692546224024085,8.286129996776607,tno-rate
Sedna,29,58.69255378890523,8.286132573919232,tno-rate
Sedna,30,58.692561353786374,8.28613515106186,tno-rate
Transpluto,-30,154.3154055558707,10.640325872623599,engine
Transpluto,-20,154.31537259527704,10.640338371254074,engine
Transpluto,-15,154.3153561171426,10.64034461974344,engine
Transpluto,-10,154.31533964045272,10.640350867680944,engine
Transpluto,-5,154.3153231652031,10.640357115068175,engine
Transpluto,-2,154.31531328074715,10.640360863235397,engine
Transpluto,-1,154.31530998604393,10.640362112580394,engine
Transpluto,0,154.31530669139835,10.640363361903335,engine
Transpluto,1,154.31530339681055,10.6403646112042,engine
Transpluto,2,154.31530010228045,10.640365860482996,engine
Transpluto,3,154.31529680780798,10.64036710973973,engine
Transpluto,4,154.3152935133933,10.640368358974394,engine
Transpluto,5,154.3152902190363,10.640369608187038,engine
Transpluto,6,154.31528692473483,10.640370857378421,engine
Transpluto,7,154.31528363049327,10.640372106546936,engine
Transpluto,8,154.31528033630943,10.640373355693383,engine
Transpluto,9,154.3152770421833,10.64037460481775,engine
Transpluto,10,154.31527374811483,10.64037585392011,engine
Transpluto,11,154.3152704541042,10.640377103000313,engine
Transpluto,12,154.3152671601512,10.640378352058514,engine
Transpluto,13,154.31526386625595,10.640379601094606,engine
Transpluto,14,154.3152605724183,10.640380850108675,engine
Transpluto,15,154.31525727863854,10.64038209910062,engine
Transpluto,16,154.3152539849164,10.640383348070532,engine
Transpluto,17,154.3152506912498,10.640384597019228,engine
Transpluto,18,154.31524739764316,10.640385845944962,engine
Transpluto,19,154.31524410409418,10.640387094848652,engine
Transpluto,20,154.31524081060297,10.64038834373024,engine
Transpluto,21,154.31523751716946,10.640389592589786,engine
Transpluto,22,154.31523422379374,10.640390841427244,engine
Transpluto,23,154.31523093047565,10.640392090242615,engine
Transpluto,24,154.31522763721532,10.640393339035935,engine
Transpluto,25,154.31522434401268,10.640394587807156,engine
Transpluto,26,154.31522105086782,10.640395836556305,engine
Transpluto,27,154.31521775778066,10.640397085283327,engine
Transpluto,28,154.31521446475128,10.640398333988296,engine
Transpluto,29,154.31521117177743,10.640399582672055,engine
Transpluto,30,154.31520787886345,10.640400831332853,engine
Part_of_Fortune,-30,8.270090814984883,-23.073350457467477,engine
Part_of_Fortune,-20,10.024362346075236,-23.787185779789226,engine
Part_of_Fortune,-15,10.900257911204676,-24.14628613376584,engine
Part_of_Fortune,-10,11.775379041487895,-24.50674383001921,engine
Part_of_Fortune,-5,12.649764805937025,-24.868484848946274,engine
Part_of_Fortune,-2,13.17405882855553,-25.086114252155383,engine
Part_of_Fortune,-1,13.348769234565566,-25.158751282217747,engine
Part_of_Fortune,0,13.523452772664314,-25.231434195874172,engine
Part_of_Fortune,1,13.698110096727135,-25.304162474160986,engine
Part_of_Fortune,2,13.872741329105963,-25.376935467395647,engine
Part_of_Fortune,3,14.047346592729014,-25.449752525541307,engine
Part_of_Fortune,4,14.221926538239018,-25.522613126230613,engine
Part_of_Fortune,5,14.3964811108076,-25.59551657460689,engine
Part_of_Fortune,6,14.571011076824448,-25.668462395350822,engine
Part_of_Fortune,7,14.745516146181899,-25.741449794053224,engine
Part_of_Fortune,8,14.919997084108275,-25.814478293561464,engine
Part_of_Fortune,9,15.094454009871924,-25.887547238547334,engine
Part_of_Fortune,10,15.26888704101998,-25.960655972381133,engine
Part_of_Fortune,11,15.44329682523005,-26.03380396688444,engine
Part_of_Fortune,12,15.61768330244945,-26.106990520858385,engine
Part_of_Fortune,13,15.792047119285371,-26.180215104420892,engine
Part_of_Fortune,14,15.966388391103635,-26.25347705766611,engine
Part_of_Fortune,15,16.140707233782564,-26.326775720366335,engine
Part_of_Fortune,16,16.315004292042772,-26.400110560031123,engine
Part_of_Fortune,17,16.489279620566265,-26.47348092101694,engine
Part_of_Fortune,18,16.663533628772313,-26.546886170589016,engine
Part_of_Fortune,19,16.837766547829688,-26.620325694805782,engine
Part_of_Fortune,20,17.011978490336787,-26.693798829352716,engine
Part_of_Fortune,21,17.18617009905853,-26.767305038006185,engine
Part_of_Fortune,22,17.36034148575345,-26.840843655017387,engine
Part_of_Fortune,23,17.534492762760692,-26.914414014393582,engine
Part_of_Fortune,24,17.70862457123269,-26.988015577607932,engine
Part_of_Fortune,25,17.882737021833293,-27.06164767692534,engine
Part_of_Fortune,26,18.05683022603114,-27.13530964453116,engine
Part_of_Fortune,27,18.23090482298653,-27.209000939462943,engine
Part_of_Fortune,28,18.404960923473823,-27.282720892623075,engine
Part_of_Fortune,29,18.578998753787914,-27.356468883449445,engine
Part_of_Fortune,30,18.753018718929525,-27.43024427025472,engine
Part_of_Spirit,-30,319.75410477658266,36.69152099315902,engine
Part_of_Spirit,-20,321.26821721874137,36.055349608447145,engine
Part_of_Spirit,-15,322.024238196939,35.73530039761533,engine
Part_of_Spirit,-10,322.7796361937825,35.4140391050933,engine
Part_of_Spirit,-5,323.5344609967004,35.091639099055726,engine
Part_of_Spirit,-2,323.98710134779174,34.8976832614827,engine
Part_of_Spirit,-1,324.13794125766833,34.83294894102455,engine
Part_of_Spirit,0,324.28876194702866,34.76817437058095,engine
Part_of_Spirit,1,324.43956345099866,34.70336023409624,engine
Part_of_Spirit,2,324.5903463323497,34.6385070875829,engine
Part_of_Spirit,3,324.74111115426126,34.57361548742009,engine
Part_of_Spirit,4,324.8918579483708,34.50868612040085,engine
Part_of_Spirit,5,325.0425874528188,34.443719501505086,engine
Part_of_Spirit,6,325.1932997988367,34.37871627541897,engine
Part_of_Spirit,7,325.34399552094624,34.313677045913,engine
Part_of_Spirit,8,325.4946747489194,34.24860245917964,engine
Part_of_Spirit,9,325.64533804150176,34.18349307629845,engine
Part_of_Spirit,10,325.79598595548,34.11834945965958,engine
Part_of_Spirit,11,325.9466185186858,34.05317230063983,engine
Part_of_Spirit,12,326.0972364630487,33.98796212016254,engine
Part_of_Spirit,13,326.24783981506187,33.922719610954665,engine
Part_of_Spirit,14,326.39842912887497,33.8574453382397,engine
Part_of_Spirit,15,326.54900495879133,33.79213986761499,engine
Part_of_Spirit,16,326.69956732914943,33.72680389385805,engine
Part_of_Spirit,17,326.85011706983033,33.66143789747174,engine
Part_of_Spirit,18,327.00065400145263,33.596042662385535,engine
Part_of_Spirit,19,327.15117877711657,33.53061871283862,engine
Part_of_Spirit,20,327.3016919472186,33.46516661808505,engine
Part_of_Spirit,21,327.4521935333961,33.399687075757456,engine
Part_of_Spirit,22,327.6026840848974,33.33418065629,engine
Part_of_Spirit,23,327.7531641512404,33.268647930367614,engine
Part_of_Spirit,24,327.9036337521925,33.20308959738397,engine
Part_of_Spirit,25,328.0540934352871,33.13750622951802,engine
Part_of_Spirit,26,328.2045437487732,33.07189839902695,engine
Part_of_Spirit,27,328.3549847099288,33.00626680722057,engine
Part_of_Spirit,28,328.5054168659831,32.94061202737887,engine
Part_of_Spirit,29,328.6558408635816,32.874934589694696,engine
Part_of_Spirit,30,328.8062565171413,32.809235284827906,engine
Ascendant,-30,164.01209779578377,6.80908526784577,engine
Ascendant,-20,165.64628978240833,6.13408191432896,engine
Ascendant,-15,166.4622480540718,5.794507131924748,engine
Ascendant,-10,167.27750761763522,5.453647637537047,engine
Ascendant,-5,168.0921129013187,5.111577125054725,engine
Ascendant,-2,168.58058008817363,4.905784504663656,engine
Ascendant,-1,168.74335524611698,4.837098829403399,engine
Ascendant,0,168.9061073598465,4.7683700873533885,engine
Ascendant,1,169.0688367738629,4.699598879967627,engine
Ascendant,2,169.23154383072784,4.630785810093627,engine
Ascendant,3,169.3942288734951,4.5619314809393945,engine
Ascendant,4,169.5568922433049,4.493036497085121,engine
Ascendant,5,169.71953428181317,4.4241014634491,engine
Ascendant,6,169.88215543783056,4.355126940034074,engine
Ascendant,7,170.04475583356407,4.28611362592989,engine
Ascendant,8,170.20733591651384,4.217062082809088,engine
Ascendant,9,170.36989602568684,4.147972918875556,engine
Ascendant,10,170.53243649824998,4.078846743639227,engine
Ascendant,11,170.69495767195792,4.009684166877695,engine
Ascendant,12,170.8574598827491,3.9404857996520777,engine
Ascendant,13,171.01994346717365,3.871252253266888,engine
Ascendant,14,171.1824087599893,3.8019841402867933,engine
Ascendant,15,171.34485609628695,3.732682073624329,engine
Ascendant,16,171.50728581059613,3.663346666913463,engine
Ascendant,17,171.6696983451983,3.593978488227402,engine
Ascendant,18,171.83209381511247,3.5245782458982595,engine
Ascendant,19,171.99447266247313,3.4551465090164193,engine
Ascendant,20,172.1568352187777,3.3856838943661662,engine
Ascendant,21,172.3191818162273,3.3161910188756343,engine
Ascendant,22,172.48151278532546,3.2466685006363085,engine
Ascendant,23,172.64382845700055,3.1771169579870167,engine
Ascendant,24,172.80612916171262,3.1075370098880186,engine
Ascendant,25,172.9684152285602,3.0379292762963392,engine
Ascendant,26,173.13068698740216,2.9682943772478936,engine
Ascendant,27,173.29294476645768,2.898632933878813,engine
Ascendant,28,173.45518889472848,2.828945567377898,engine
Ascendant,29,173.61741980868476,2.7592328531226253,engine
Ascendant,30,173.77963761803542,2.6894955072865954,engine
Midheaven,-30,65.44678599230909,21.51894016547756,engine
Midheaven,-20,67.95193205435292,21.889728967856964,engine
Midheaven,-15,69.20455866788475,22.060281653817118,engine
Midheaven,-10,70.4572228325178,22.22091877773301,engine
Midheaven,-5,71.70992633654363,22.371627020073102,engine
Midheaven,-2,72.46156771569801,22.45728116586373,engine
Midheaven,-1,72.71211813592085,22.485036902660536,engine
Midheaven,0,72.96267021966491,22.512394683858,engine
Midheaven,1,73.21322397800458,22.53935443312931,engine
Midheaven,2,73.46377942002461,22.565916076104024,engine
Midheaven,3,73.71433655654326,22.5920795407162,engine
Midheaven,4,73.96489539638753,22.61784475675759,engine
Midheaven,5,74.21545595011607,22.643211656215367,engine
Midheaven,6,74.46601839431736,22.66818018944883,engine
Midheaven,7,74.71658240324436,22.69275025881037,engine
Midheaven,8,74.96714815322038,22.71692181868598,engine
Midheaven,9,75.21771565427669,22.74069480857166,engine
Midheaven,10,75.46828491444899,22.764069169544094,engine
Midheaven,11,75.71885594350039,22.787044844567475,engine
Midheaven,12,75.96942874919712,22.809621778100382,engine
Midheaven,13,76.22000334103164,22.831799916392583,engine
Midheaven,14,76.47057972649804,22.853579207105497,engine
Midheaven,15,76.72115791434989,22.874959599558906,engine
Midheaven,16,76.97173791320316,22.89594104456187,engine
Midheaven,17,77.22231989863988,22.916523507963532,engine
Midheaven,18,77.47290354199815,22.93670691575296,engine
Midheaven,19,77.72348901997681,22.956491236941023,engine
Midheaven,20,77.97407633923865,22.97587642778446,engine
Midheaven,21,78.22466550816742,22.994862445977226,engine
Midheaven,22,78.47525653314379,23.013449250324822,engine
Midheaven,23,78.72584942180312,23.031636800955976,engine
Midheaven,24,78.97644418163827,23.049425059177693,engine
Midheaven,25,79.22704081860275,23.066813987343846,engine
Midheaven,26,79.47763934036848,23.08380354905037,engine
Midheaven,27,79.72823975260165,23.10039370884299,engine
Midheaven,28,79.97884206268569,23.116584432436902,engine
Midheaven,29,80.22944644451313,23.1323756969225,engine
Midheaven,30,80.4800525676807,23.14776744874033,engine
Vertex,-30,323.89241642020744,-14.330442898336266,engine
Vertex,-20,327.42444022053917,-13.137733204321004,engine
Vertex,-15,329.21058117854585,-12.511343448496396,engine
Vertex,-10,331.0095517412385,-11.865409625237053,engine
Vertex,-5,332.8208519299409,-11.200408582684007,engine
Vertex,-2,333.9133243234006,-10.792491218496334,engine
Vertex,-1,334.27840292617844,-10.655063201038532,engine
Vertex,0,334.64393412344214,-10.516916580197448,engine
Vertex,1,335.00991302258876,-10.378057111271325,engine
Vertex,2,335.3763346555972,-10.238490717472896,engine
Vertex,3,335.74319398481276,-10.098223488287543,engine
Vertex,4,336.11048589787646,-9.9572616818894,engine
Vertex,5,336.47820521357505,-9.815611723318773,engine
Vertex,6,336.84634692381854,-9.673280111083198,engine
Vertex,7,337.2149052118013,-9.530273797383245,engine
Vertex,8,337.58387492822453,-9.3865996175612,engine
Vertex,9,337.9532506100859,-9.242264669223244,engine
Vertex,10,338.32302672245714,-9.097276218988762,engine
Vertex,11,338.693197664534,-8.951641700086363,engine
Vertex,12,339.0637577647267,-8.805368714157899,engine
Vertex,13,339.4347012867761,-8.658465028649616,engine
Vertex,14,339.80602242488794,-8.510938578447393,engine
Vertex,15,340.1777153092215,-8.362797463335468,engine
Vertex,16,340.54977400452105,-8.214049948079126,engine
Vertex,17,340.92219275930796,-8.064704361806054,engine
Vertex,18,341.2949650088224,-7.9147694975261205,engine
Vertex,19,341.6680848762998,-7.7642540093689005,engine
Vertex,20,342.04154617021726,-7.6131668136072355,engine
Vertex,21,342.41534264028104,-7.461516985245739,engine
Vertex,22,342.7894679727309,-7.309313758938642,engine
Vertex,23,343.1639157960798,-7.156566525591315,engine
Vertex,24,343.5386796799385,-7.003284831670363,engine
Vertex,25,343.91375313385606,-6.849478378429738,engine
Vertex,26,344.28912961315154,-6.6951570181805655,engine
Vertex,27,344.66480251432165,-6.540330754740302,engine
Vertex,28,345.04076518162555,-6.38500973920133,engine
Vertex,29,345.4170111556294,-6.229204165261685,engine
Vertex,30,345.79353316695165,-6.072924684471193,engine
Algol,-30,47.03562259840968,40.95518468636828,engine
Algol,-20,47.03562120824254,40.95518587257591,engine
Algol,-15,47.03562046399388,40.955186456495,engine
Algol,-10,47.03561968733926,40.95518703381911,engine
Algol,-5,47.035618878575946,40.955187604198485,engine
Algol,-2,47.03561837803539,40.955187942948236,engine
Algol,-1,47.03561820865689,40.95518805526865,engine
Algol,0,47.03561803801695,40.9551881672864,engine
Algol,1,47.035617866118265,40.95518827899878,engine
Algol,2,47.03561769296352,40.955188390403016,engine
Algol,3,47.03561751855542,40.95518850149644,engine
Algol,4,47.03561734289673,40.95518861227628,engine
Algol,5,47.03561716599022,40.95518872273987,engine
Algol,6,47.03561698783855,40.95518883288458,engine
Algol,7,47.035616808444786,40.95518894270753,engine
Algol,8,47.035616627811635,40.95518905220613,engine
Algol,9,47.03561644594198,40.955189161377696,engine
Algol,10,47.03561626283871,40.955189270219535,engine
Algol,11,47.035616078504724,40.95518937872899,engine
Algol,12,47.03561589294295,40.95518948690338,engine
Algol,13,47.03561570615636,40.95518959474005,engine
Algol,14,47.035615518147935,40.95518970223634,engine
Algol,15,47.03561532892068,40.95518980938963,engine
Algol,16,47.03561513847763,40.955189916197256,engine
Algol,17,47.03561494682169,40.95519002265666,engine
Algol,18,47.035614753956224,40.95519012876507,engine
Algol,19,47.03561455988416,40.95519023451995,engine
Algol,20,47.03561436460865,40.95519033991867,engine
Algol,21,47.03561416813282,40.95519044495864,engine
Algol,22,47.03561397045985,40.95519054963724,engine
Algol,23,47.035613771592956,40.955190653951895,engine
Algol,24,47.03561357153529,40.955190757900006,engine
Algol,25,47.03561337029014,40.95519086147901,engine
Algol,26,47.03561316786074,40.955190964686324,engine
Algol,27,47.0356129642504,40.955191067519394,engine
Algol,28,47.03561275946239,40.95519116997564,engine
Algol,29,47.03561255349991,40.95519127205261,engine
Algol,30,47.03561234636659,40.95519137374759,engine
Pleiades,-30,56.86619642183935,24.104037318209322,engine
Pleiades,-20,56.86619559941623,24.104038176796326,engine
Pleiades,-15,56.86619514551878,24.104038603008764,engine
Pleiades,-10,56.866194663331875,24.10403902685768,engine
Pleiades,-5,56.866194152998105,24.104039448112523,engine
Pleiades,-2,56.8661938333518,24.10403969952472,engine
Pleiades,-1,56.86619372456993,24.10403978309436,engine
Pleiades,0,56.866193614673755,24.104039866543758,engine
Pleiades,1,56.8661935036647,24.104039949871083,engine
Pleiades,2,56.86619339154417,24.10404003307453,engine
Pleiades,3,56.866193278313645,24.104040116152262,engine
Pleiades,4,56.866193163974536,24.104040199102492,engine
Pleiades,5,56.86619304852837,24.104040281923375,engine
Pleiades,6,56.86619293197657,24.104040364613194,engine
Pleiades,7,56.866192814320776,24.104040447170025,engine
Pleiades,8,56.86619269556253,24.10404052959209,engine
Pleiades,9,56.86619257570333,24.10404061187763,engine
Pleiades,10,56.86619245474482,24.104040694024818,engine
Pleiades,11,56.86619233268858,24.10404077603188,engine
Pleiades,12,56.86619220953624,24.10404085789702,engine
Pleiades,13,56.86619208528948,24.10404093961842,engine
Pleiades,14,56.86619195994995,24.104041021194334,engine
Pleiades,15,56.86619183351936,24.10404110262295,engine
Pleiades,16,56.86619170599943,24.104041183902492,engine
Pleiades,17,56.866191577391795,24.10404126503125,engine
Pleiades,18,56.866191447698384,24.104041346007328,engine
Pleiades,19,56.86619131692092,24.104041426828992,engine
Pleiades,20,56.866191185061155,24.104041507494507,engine
Pleiades,21,56.86619105212095,24.10404158800208,engine
Pleiades,22,56.86619091810213,24.10404166834996,engine
Pleiades,23,56.866190783006566,24.10404174853637,engine
Pleiades,24,56.86619064683611,24.10404182855958,engine
Pleiades,25,56.866190509592705,24.104041908417805,engine
Pleiades,26,56.866190371278236,24.10404198810932,engine
Pleiades,27,56.8661902318947,24.104042067632346,engine
Pleiades,28,56.866190091444004,24.104042146985186,engine
Pleiades,29,56.866189949928064,24.104042226166108,engine
Pleiades,30,56.86618980734907,24.104042305173277,engine
Capella,-30,79.1681291829963,45.99685292629046,engine
Capella,-20,79.1681291769231,45.99685442632821,engine
Capella,-15,79.16812911795881,45.996855182017484,engine
Capella,-10,79.16812902150019,45.99685594094141,engine
Capella,-5,79.16812888741272,45.996856702689094,engine
Capella,-2,79.16812878884922,45.996857160921465,engine
Capella,-1,79.16812875297111,45.996857313843066,engine
Capella,0,79.16812871557995,45.99685746684789,engine
Capella,1,79.168128676675,45.99685761993261,engine
Capella,2,79.16812863625552,45.99685777309392,engine
Capella,3,79.16812859432085,45.996857926328516,engine
Capella,4,79.16812855087038,45.99685807963307,engine
Capella,5,79.16812850590347,45.99685823300428,engine
Capella,6,79.1681284594195,45.996858386438895,engine
Capella,7,79.168128411418,45.996858539933434,engine
Capella,8,79.1681283618984,45.99685869348465,engine
Capella,9,79.1681283108602,45.99685884708919,engine
Capella,10,79.16812825830293,45.99685900074381,engine
Capella,11,79.16812820422615,45.99685915444512,engine
Capella,12,79.16812814862948,45.99685930818981,engine
Capella,13,79.1681280915125,45.996859461974566,engine
Capella,14,79.16812803287486,45.996859615796055,engine
Capella,15,79.16812797271628,45.99685976965094,engine
Capella,16,79.16812791103641,45.996859923535915,engine
Capella,17,79.168127847835,45.99686007744772,engine
Capella,18,79.16812778311184,45.99686023138285,engine
Capella,19,79.16812771686673,45.99686038533806,engine
Capella,20,79.16812764909946,45.99686053931003,engine
Capella,21,79.16812757980992,45.99686069329541,engine
Capella,22,79.16812750899796,45.99686084729089,engine
Capella,23,79.1681274366635,45.99686100129313,engine
Capella,24,79.16812736280649,45.99686115529881,engine
Capella,25,79.16812728742687,45.99686130930457,engine
Capella,26,79.16812721052466,45.996861463307106,engine
Capella,27,79.1681271320999,45.99686161730308,engine
Capella,28,79.16812705215263,45.99686177128916,engine
Capella,29,79.16812697068286,45.99686192526211,engine
Capella,30,79.16812688769086,45.9968620792184,engine
Sirius,-30,101.28185516358515,-16.727025805738773,engine
Sirius,-20,101.28185593098632,-16.727026207407825,engine
Sirius,-15,101.28185628022686,-16.727026414638292,engine
Sirius,-10,101.28185660605551,-16.727026625946987,engine
Sirius,-5,101.28185690815755,-16.727026841192224,engine
Sirius,-2,101.28185707790321,-16.7270269721692,engine
Sirius,-1,101.28185713255161,-16.72702701612622,engine
Sirius,0,101.28185718622936,-16.727027060230316,engine
Sirius,1,101.28185723893421,-16.72702710448031,engine
Sirius,2,101.28185729066385,-16.727027148875038,engine
Sirius,3,101.28185734141603,-16.727027193413317,engine
Sirius,4,101.28185739118851,-16.727027238093978,engine
Sirius,5,101.28185743997904,-16.727027282915838,engine
Sirius,6,101.28185748778546,-16.72702732787774,engine
Sirius,7,101.28185753460555,-16.72702737297845,engine
Sirius,8,101.28185758043712,-16.727027418216785,engine
Sirius,9,101.28185762527805,-16.72702746359158,engine
Sirius,10,101.28185766912623,-16.727027509101635,engine
Sirius,11,101.28185771197951,-16.72702755474574,engine
Sirius,12,101.28185775383584,-16.72702760052271,engine
Sirius,13,101.2818577946931,-16.727027646431335,engine
Sirius,14,101.28185783454927,-16.727027692470422,engine
Sirius,15,101.28185787340232,-16.727027738638746,engine
Sirius,16,101.2818579112502,-16.72702778493512,engine
Sirius,17,101.28185794809097,-16.727027831358352,engine
Sirius,18,101.28185798392259,-16.72702787790716,engine
Sirius,19,101.28185801874314,-16.727027924580373,engine
Sirius,20,101.28185805255066,-16.72702797137676,engine
Sirius,21,101.28185808534327,-16.72702801829511,engine
Sirius,22,101.28185811711901,-16.7270280653342,engine
Sirius,23,101.28185814787608,-16.7270281124928,engine
Sirius,24,101.28185817761255,-16.72702815976967,engine
Sirius,25,101.28185820632662,-16.727028207163595,engine
Sirius,26,101.28185823401645,-16.727028254673336,engine
Sirius,27,101.28185826068024,-16.72702830229767,engine
Sirius,28,101.28185828631622,-16.72702835003534,engine
Sirius,29,101.28185831092263,-16.727028397885157,engine
Sirius,30,101.2818583344977,-16.72702844584581,engine
Procyon,-30,114.82059570133255,5.217062965789341,engine
Procyon,-20,114.82059684374232,5.217063235560603,engine
Procyon,-15,114.82059738789819,5.2170633730233025,engine
Procyon,-10,114.82059791345915,5.217063512155119,engine
Procyon,-5,114.82059842001492,5.217063652918413,engine
Procyon,-2,114.82059871465846,5.21706373814351,engine
Procyon,-1,114.82059881130564,5.217063766677862,engine
Procyon,0,114.820598907164,5.217063795274689,engine
Procyon,1,114.8205990022303,5.217063823933663,engine
Procyon,2,114.82059909650158,5.217063852654474,engine
Procyon,3,114.82059918997467,5.217063881436803,engine
Procyon,4,114.8205992826466,5.217063910280336,engine
Procyon,5,114.82059937451425,5.217063939184742,engine
Procyon,6,114.82059946557467,5.217063968149719,engine
Procyon,7,114.82059955582471,5.217063997174915,engine
Procyon,8,114.82059964526148,5.2170640262600125,engine
Procyon,9,114.82059973388193,5.217064055404694,engine
Procyon,10,114.82059982168316,5.217064084608633,engine
Procyon,11,114.82059990866217,5.2170641138714995,engine
Procyon,12,114.82059999481602,5.217064143192964,engine
Procyon,13,114.82060008014183,5.217064172572698,engine
Procyon,14,114.82060016463664,5.217064202010371,engine
Procyon,15,114.82060024829762,5.21706423150565,engine
Procyon,16,114.82060033112187,5.217064261058201,engine
Procyon,17,114.82060041310656,5.217064290667706,engine
Procyon,18,114.8206004942488,5.217064320333798,engine
Procyon,19,114.82060057454576,5.217064350056155,engine
Procyon,20,114.82060065399465,5.217064379834438,engine
Procyon,21,114.8206007325927,5.217064409668314,engine
Procyon,22,114.82060081033708,5.21706443955744,engine
Procyon,23,114.82060088722511,5.217064469501475,engine
Procyon,24,114.82060096325398,5.217064499500075,engine
Procyon,25,114.82060103842099,5.2170645295529,engine
Procyon,26,114.82060111272341,5.217064559659606,engine
Procyon,27,114.82060118615857,5.217064589819847,engine
Procyon,28,114.82060125872378,5.217064620033279,engine
Procyon,29,114.82060133041645,5.217064650299572,engine
Procyon,30,114.82060140123379,5.21706468061834,engine
Alkaid,-30,206.8920720702483,49.31202666055912,engine
Alkaid,-20,206.89207445895974,49.31202583566946,engine
Alkaid,-15,206.89207569942428,49.3120254427924,engine
Alkaid,-10,206.8920769698449,49.312025063398956,engine
Alkaid,-5,206.89207826961666,49.31202469780968,engine
Alkaid,-2,206.89207906331106,49.31202448521314,engine
Alkaid,-1,206.89207933015098,49.31202441548868,engine
Alkaid,0,206.89207959811998,49.312024346338816,engine
Alkaid,1,206.89207986721297,49.31202427776602,engine
Alkaid,2,206.89208013742484,49.312024209772716,engine
Alkaid,3,206.8920804087504,49.31202414236127,engine
Alkaid,4,206.8920806811845,49.31202407553413,engine
Alkaid,5,206.89208095472193,49.312024009293694,engine
Alkaid,6,206.8920812293577,49.31202394364227,engine
Alkaid,7,206.89208150508614,49.312023878582345,engine
Alkaid,8,206.89208178190225,49.31202381411619,engine
Alkaid,9,206.8920820598007,49.31202375024619,engine
Alkaid,10,206.89208233877622,49.31202368697469,engine
Alkaid,11,206.89208261882348,49.31202362430399,engine
Alkaid,12,206.89208289993712,49.312023562236384,engine
Alkaid,13,206.8920831821118,49.31202350077423,engine
Alkaid,14,206.89208346534218,49.312023439919784,engine
Alkaid,15,206.8920837496228,49.31202337967532,engine
Alkaid,16,206.89208403494825,49.3120233200431,engine
Alkaid,17,206.8920843213133,49.312023261025374,engine
Alkaid,18,206.89208460871208,49.31202320262443,engine
Alkaid,19,206.8920848971393,49.31202314484248,engine
Alkaid,20,206.89208518658953,49.31202308768172,engine
Alkaid,21,206.8920854770572,49.312023031144385,engine
Alkaid,22,206.89208576853673,49.312022975232644,engine
Alkaid,23,206.8920860610226,49.31202291994871,engine
Alkaid,24,206.89208635450927,49.312022865294736,engine
Alkaid,25,206.89208664899107,49.312022811272875,engine
Alkaid,26,206.89208694446245,49.312022757885316,engine
Alkaid,27,206.89208724091773,49.31202270513413,engine
Alkaid,28,206.89208753835126,49.31202265302148,engine
Alkaid,29,206.89208783675755,49.312022601549444,engine
Alkaid,30,206.8920881361306,49.312022550720165,engine
Algorab,-30,187.46980736404768,-16.518755928876182,engine
Algorab,-20,187.46980931065013,-16.518755632867514,engine
Algorab,-15,187.46981030454918,-16.51875549470779,engine
Algorab,-10,187.46981131147717,-16.51875536321864,engine
Algorab,-5,187.46981233089934,-16.518755238476626,engine
Algorab,-2,187.46981294832497,-16.51875516690073,engine
Algorab,-1,187.4698131550694,-16.518755143590415,engine
Algorab,0,187.46981336227452,-16.518755120555173,engine
Algorab,1,187.46981356993595,-16.518755097795577,engine
Algorab,2,187.46981377804923,-16.51875507531217,engine
Algorab,3,187.46981398660995,-16.51875505310547,engine
Algorab,4,187.46981419561376,-16.518755031176035,engine
Algorab,5,187.46981440505618,-16.51875500952438,engine
Algorab,6,187.46981461493291,-16.518754988151027,engine
Algorab,7,187.46981482523927,-16.51875496705652,engine
Algorab,8,187.46981503597092,-16.51875494624134,engine
Algorab,9,187.4698152471234,-16.518754925706023,engine
Algorab,10,187.46981545869224,-16.51875490545104,engine
Algorab,11,187.469815670673,-16.51875488547692,engine
Algorab,12,187.46981588306116,-16.518754865784132,engine
Algorab,13,187.46981609585222,-16.51875484637318,engine
Algorab,14,187.46981630904173,-16.518754827244532,engine
Algorab,15,187.46981652262514,-16.518754808398665,engine
Algorab,16,187.46981673659798,-16.51875478983606,engine
Algorab,17,187.46981695095582,-16.518754771557152,engine
Algorab,18,187.46981716569385,-16.518754753562433,engine
Algorab,19,187.4698173808077,-16.518754735852347,engine
Algorab,20,187.46981759629284,-16.51875471842734,engine
Algorab,21,187.46981781214473,-16.51875470128786,engine
Algorab,22,187.46981802835873,-16.518754684434345,engine
Algorab,23,187.46981824493037,-16.518754667867206,engine
Algorab,24,187.46981846185503,-16.518754651586885,engine
Algorab,25,187.46981867912814,-16.51875463559381,engine
Algorab,26,187.46981889674512,-16.51875461988839,engine
Algorab,27,187.46981911470138,-16.518754604471034,engine
Algorab,28,187.4698193329923,-16.51875458934215,engine
Algorab,29,187.46981955161345,-16.518754574502122,engine
Algorab,30,187.46981977055995,-16.51875455995136,engine
Spica,-30,201.30329585485237,-11.163606341321485,engine
Spica,-20,201.30329755449205,-11.163606014668417,engine
Spica,-15,201.30329843223782,-11.163605856961041,engine
Spica,-10,201.30329932802547,-11.16360570310227,engine
Spica,-5,201.30330024141293,-11.163605553166585,engine
Spica,-2,201.30330079770604,-11.163605465118586,engine
Spica,-1,201.30330098449195,-11.163605436091588,engine
Spica,0,201.30330117194924,-11.163605407226697,engine
Spica,1,201.30330136007416,-11.163605378524474,engine
Spica,2,201.30330154886295,-11.163605349985472,engine
Spica,3,201.30330173831197,-11.16360532161025,engine
Spica,4,201.30330192841743,-11.163605293399357,engine
Spica,5,201.3033021191756,-11.163605265353333,engine
Spica,6,201.30330231058286,-11.163605237472716,engine
Spica,7,201.30330250263518,-11.163605209758073,engine
Spica,8,201.30330269532885,-11.163605182209933,engine
Spica,9,201.30330288866014,-11.16360515482882,engine
Spica,10,201.3033030826252,-11.163605127615275,engine
Spica,11,201.30330327722024,-11.163605100569818,engine
Spica,12,201.30330347244137,-11.163605073692983,engine
Spica,13,201.3033036682848,-11.163605046985284,engine
Spica,14,201.30330386474665,-11.163605020447244,engine
Spica,15,201.30330406182307,-11.163604994079371,engine
Spica,16,201.30330425951013,-11.163604967882186,engine
Spica,17,201.3033044578041,-11.163604941856176,engine
Spica,18,201.30330465670085,-11.163604916001882,engine
Spica,19,201.3033048561965,-11.16360489031979,engine
Spica,20,201.3033050562872,-11.1636048648104,engine
Spica,21,201.303305256969,-11.163604839474196,engine
Spica,22,201.30330545823793,-11.163604814311679,engine
Spica,23,201.30330566009002,-11.163604789323342,engine
Spica,24,201.3033058625213,-11.163604764509664,engine
Spica,25,201.3033060655278,-11.163604739871136,engine
Spica,26,201.30330626910552,-11.163604715408221,engine
Spica,27,201.30330647325047,-11.163604691121407,engine
Spica,28,201.3033066779586,-11.163604667011159,engine
Spica,29,201.30330688322607,-11.163604643077935,engine
Spica,30,201.30330708904847,-11.163604619322234,engine
Arcturus,-30,213.91368632786782,19.167999091180256,engine
Arcturus,-20,213.91368780187094,19.167998749363022,engine
Arcturus,-15,213.9136885738051,19.16799858561099,engine
Arcturus,-10,213.913689368566,19.16799842683849,engine
Arcturus,-5,213.91369018579405,19.167998273198886,engine
Arcturus,-2,213.91369068676127,19.167998183541822,engine
Arcturus,-1,213.91369085550403,19.167998154084422,engine
Arcturus,0,213.91369102511845,19.16799812484314,engine
Arcturus,1,213.9136911956016,19.167998095819158,engine
Arcturus,2,213.91369136695022,19.16799806701365,engine
Arcturus,3,213.9136915391613,19.167998038427786,engine
Arcturus,4,213.91369171223167,19.167998010062732,engine
Arcturus,5,213.9136918861582,19.16799798191965,engine
Arcturus,6,213.91369206093782,19.16799795399968,engine
Arcturus,7,213.9136922365671,19.167997926304015,engine
Arcturus,8,213.91369241304304,19.16799789883379,engine
Arcturus,9,213.9136925903623,19.167997871590142,engine
Arcturus,10,213.91369276852177,19.167997844574206,engine
Arcturus,11,213.91369294751811,19.167997817787143,engine
Arcturus,12,213.91369312734813,19.16799779123005,engine
Arcturus,13,213.9136933080085,19.16799776490409,engine
Arcturus,14,213.91369348949596,19.16799773881037,engine
Arcturus,15,213.91369367180718,19.16799771295,engine
Arcturus,16,213.91369385493883,19.167997687324103,engine
Arcturus,17,213.9136940388877,19.16799766193378,engine
Arcturus,18,213.91369422365023,19.167997636780168,engine
Arcturus,19,213.91369440922307,19.16799761186434,engine
Arcturus,20,213.9136945956029,19.167997587187404,engine
Arcturus,21,213.91369478278628,19.167997562750433,engine
Arcturus,22,213.91369497076985,19.16799753855454,engine
Arcturus,23,213.91369515955012,19.167997514600795,engine
Arcturus,24,213.91369534912363,19.16799749089027,engine
Arcturus,25,213.91369553948698,19.167997467424048,engine
Arcturus,26,213.91369573063665,19.1679974442032,engine
Arcturus,27,213.91369592256916,19.167997421228783,engine
Arcturus,28,213.91369611528094,19.167997398501846,engine
Arcturus,29,213.9136963087687,19.16799737602345,engine
Arcturus,30,213.91369650302852,19.16799735379466,engine
Alphecca,-30,233.6781443899844,26.71137186593828,engine
Alphecca,-20,233.67814534294433,26.711371183806445,engine
Alphecca,-15,233.6781458625134,26.711370846967572,engine
Alphecca,-10,233.6781464105902,26.7113705132818,engine
Alphecca,-5,233.67814698699416,26.711370182998458,engine
Alphecca,-2,233.6781473463532,26.71136998656482,engine
Alphecca,-1,233.67814746838263,26.711369921388172,engine
Alphecca,0,233.6781475915308,26.711369856365415,engine
Alphecca,1,233.678147715796,26.711369791498523,engine
Alphecca,2,233.6781478411765,26.711369726789464,engine
Alphecca,3,233.67814796767064,26.71136966224017,engine
Alphecca,4,233.67814809527647,26.71136959785259,engine
Alphecca,5,233.6781482239924,26.7113695336287,engine
Alphecca,6,233.67814835381654,26.7113694695704,engine
Alphecca,7,233.678148484747,26.711369405679694,engine
Alphecca,8,233.67814861678195,26.71136934195852,engine
Alphecca,9,233.6781487499195,26.71136927840878,engine
Alphecca,10,233.6781488841578,26.71136921503244,engine
Alphecca,11,233.67814901949498,26.711369151831395,engine
Alphecca,12,233.67814915592896,26.71136908880761,engine
Alphecca,13,233.67814929345792,26.711369025963,engine
Alphecca,14,233.67814943207972,26.71136896329945,engine
Alphecca,15,233.67814957179255,26.711368900818925,engine
Alphecca,16,233.67814971259426,26.71136883852333,engine
Alphecca,17,233.67814985448294,26.711368776414506,engine
Alphecca,18,233.67814999745636,26.711368714494462,engine
Alphecca,19,233.67815014151248,26.711368652765067,engine
Alphecca,20,233.67815028664918,26.711368591228204,engine
Alphecca,21,233.6781504328644,26.71136852988579,engine
Alphecca,22,233.67815058015594,26.711368468739675,engine
Alphecca,23,233.67815072852164,26.711368407791817,engine
Alphecca,24,233.67815087795938,26.711368347044033,engine
Alphecca,25,233.67815102846683,26.711368286498246,engine
Alphecca,26,233.67815118004185,26.711368226156324,engine
Alphecca,27,233.6781513326822,26.711368166020133,engine
Alphecca,28,233.67815148638556,26.711368106091545,engine
Alphecca,29,233.6781516411497,26.71136804637238,engine
Alphecca,30,233.67815179697226,26.711367986864573,engine
Vega,-30,279.2386625051024,38.78081230045483,engine
Vega,-20,279.2386616471526,38.78081124709672,engine
Vega,-15,279.23866126148897,38.78081070733429,engine
Vega,-10,279.23866090520823,38.78081015926379,engine
Vega,-5,279.2386605786743,38.780809603200645,engine
Vega,-2,279.2386603971784,38.78080926585909,engine
Vega,-1,279.23866033910036,38.78080915281006,engine
Vega,0,279.2386602822369,38.78080903946442,engine
Vega,1,279.23866022659075,38.78080892582476,engine
Vega,2,279.23866017216454,38.78080881189368,engine
Vega,3,279.2386601189608,38.78080869767381,engine
Vega,4,279.2386600669822,38.78080858316775,engine
Vega,5,279.2386600162312,38.780808468378105,engine
Vega,6,279.2386599667104,38.78080835330743,engine
Vega,7,279.23865991842223,38.78080823795853,engine
Vega,8,279.2386598713691,38.78080812233392,engine
Vega,9,279.2386598255536,38.78080800643629,engine
Vega,10,279.23865978097814,38.780807890268235,engine
Vega,11,279.238659737645,38.78080777383245,engine
Vega,12,279.23865969555663,38.780807657131554,engine
Vega,13,279.2386596547154,38.78080754016825,engine
Vega,14,279.2386596151236,38.780807422945166,engine
Vega,15,279.23865957678356,38.78080730546499,engine
Vega,16,279.2386595396976,38.780807187730375,engine
Vega,17,279.23865950386784,38.78080706974393,engine
Vega,18,279.23865946929664,38.78080695150854,engine
Vega,19,279.2386594359862,38.78080683302676,engine
Vega,20,279.2386594039387,38.78080671430133,engine
Vega,21,279.2386593731563,38.78080659533492,engine
Vega,22,279.238659343641,38.78080647613023,engine
Vega,23,279.2386593153951,38.78080635668999,engine
Vega,24,279.2386592884207,38.78080623701691,engine
Vega,25,279.2386592627197,38.78080611711369,engine
Vega,26,279.23865923829425,38.78080599698309,engine
Vega,27,279.23865921514624,38.78080587662778,engine
Vega,28,279.23865919327784,38.78080575605051,engine
Vega,29,279.2386591726909,38.780805635253984,engine
Vega,30,279.23865915338746,38.780805514241045,engine
Deneb Algedi,-30,326.7593429786948,-16.129752396879205,engine
Deneb Algedi,-20,326.75934109238455,-16.129752065563657,engine
Deneb Algedi,-15,326.75934015699426,-16.12975188915349,engine
Deneb Algedi,-10,326.75933922756764,-16.12975170561862,engine
Deneb Algedi,-5,326.75933830469114,-16.129751514995878,engine
Deneb Algedi,-2,326.75933775435226,-16.12975139723671,engine
Deneb Algedi,-1,326.75933757149835,-16.129751357421416,engine
Deneb Algedi,0,326.7593373889484,-16.129751317325606,engine
Deneb Algedi,1,326.75933720670696,-16.12975127694964,engine
Deneb Algedi,2,326.75933702477874,-16.129751236293863,engine
Deneb Algedi,3,326.75933684316834,-16.12975119535865,engine
Deneb Algedi,4,326.75933666188035,-16.129751154144394,engine
Deneb Algedi,5,326.7593364809194,-16.12975111265146,engine
Deneb Algedi,6,326.75933630028993,-16.129751070880218,engine
Deneb Algedi,7,326.75933611999676,-16.129751028831105,engine
Deneb Algedi,8,326.7593359400445,-16.129750986504494,engine
Deneb Algedi,9,326.7593357604375,-16.12975094390079,engine
Deneb Algedi,10,326.75933558118055,-16.1297509010204,engine
Deneb Algedi,11,326.75933540227805,-16.12975085786375,engine
Deneb Algedi,12,326.75933522373464,-16.129750814431237,engine
Deneb Algedi,13,326.7593350455549,-16.12975077072329,engine
Deneb Algedi,14,326.7593348677433,-16.129750726740347,engine
Deneb Algedi,15,326.7593346903044,-16.129750682482843,engine
Deneb Algedi,16,326.75933451324283,-16.129750637951208,engine
Deneb Algedi,17,326.75933433656286,-16.12975059314586,engine
Deneb Algedi,18,326.75933416026936,-16.129750548067314,engine
Deneb Algedi,19,326.75933398436655,-16.129750502715993,engine
Deneb Algedi,20,326.75933380885914,-16.129750457092364,engine
Deneb Algedi,21,326.75933363375157,-16.129750411196873,engine
Deneb Algedi,22,326.7593334590482,-16.12975036503001,engine
Deneb Algedi,23,326.7593332847536,-16.12975031859224,engine
Deneb Algedi,24,326.7593331108722,-16.129750271884063,engine
Deneb Algedi,25,326.7593329374086,-16.129750224905948,engine
Deneb Algedi,26,326.7593327643671,-16.12975017765838,engine
Deneb Algedi,27,326.75933259175224,-16.129750130141872,engine
Deneb Algedi,28,326.75933241956835,-16.129750082356924,engine
Deneb Algedi,29,326.75933224781994,-16.12975003430401,engine
Deneb Algedi,30,326.75933207651144,-16.129749985983704,engine
Rigel,-30,78.63104035007754,-8.204193210213996,engine
Rigel,-20,78.6310403253543,-8.204193364475252,engine
Rigel,-15,78.63104027366475,-8.204193442757806,engine
Rigel,-10,78.63104019561692,-8.204193521700594,engine
Rigel,-5,78.63104009112178,-8.204193601222467,engine
Rigel,-2,78.63104001569772,-8.204193649179656,engine
Rigel,-1,78.63103998843192,-8.204193665202146,engine
Rigel,0,78.63103996010304,-8.204193681241929,engine
Rigel,1,78.63103993071063,-8.204193697298347,engine
Rigel,2,78.63103990025425,-8.204193713370747,engine
Rigel,3,78.63103986873347,-8.204193729458474,engine
Rigel,4,78.63103983614786,-8.204193745560868,engine
Rigel,5,78.63103980249704,-8.204193761677287,engine
Rigel,6,78.63103976778065,-8.204193777807072,engine
Rigel,7,78.63103973199837,-8.204193793949546,engine
Rigel,8,78.63103969514984,-8.204193810104076,engine
Rigel,9,78.63103965723477,-8.20419382626999,engine
Rigel,10,78.63103961825287,-8.20419384244664,engine
Rigel,11,78.63103957820387,-8.204193858633367,engine
Rigel,12,78.63103953708755,-8.204193874829512,engine
Rigel,13,78.63103949490365,-8.204193891034425,engine
Rigel,14,78.63103945165199,-8.204193907247438,engine
Rigel,15,78.63103940733238,-8.2041939234679,engine
Rigel,16,78.63103936194467,-8.20419393969515,engine
Rigel,17,78.63103931548868,-8.20419395592854,engine
Rigel,18,78.63103926796434,-8.204193972167392,engine
Rigel,19,78.63103921937154,-8.204193988411063,engine
Rigel,20,78.63103916971018,-8.204194004658882,engine
Rigel,21,78.63103911898021,-8.20419402091021,engine
Rigel,22,78.63103906718158,-8.204194037164369,engine
Rigel,23,78.63103901431428,-8.20419405342071,engine
Rigel,24,78.6310389603783,-8.204194069678573,engine
Rigel,25,78.6310389053737,-8.2041940859373,engine
Rigel,26,78.63103884930048,-8.204194102196226,engine
Rigel,27,78.63103879215872,-8.204194118454707,engine
Rigel,28,78.6310387339485,-8.204194134712068,engine
Rigel,29,78.63103867466988,-8.20419415096767,engine
Rigel,30,78.63103861432309,-8.204194167220827,engine
Betelgeuse,-30,88.79044703946683,7.405731023479247,engine
Betelgeuse,-20,88.79044736504268,7.405731400110654,engine
Betelgeuse,-15,88.79044749054242,7.405731590204521,engine
Betelgeuse,-10,88.79044759091111,7.40573178139002,engine
Betelgeuse,-5,88.79044766595962,7.405731973596201,engine
Betelgeuse,-2,88.79044769876086,7.405732089380087,engine
Betelgeuse,-1,88.7904477076485,7.405732128047971,engine
Betelgeuse,0,88.79044771551088,7.405732166751526,engine
Betelgeuse,1,88.79044772234673,7.405732205490168,engine
Betelgeuse,2,88.7904477281548,7.405732244263327,engine
Betelgeuse,3,88.79044773293386,7.405732283070422,engine
Betelgeuse,4,88.79044773668267,7.405732321910867,engine
Betelgeuse,5,88.79044773940004,7.405732360784095,engine
Betelgeuse,6,88.79044774108479,7.4057323996895414,engine
Betelgeuse,7,88.79044774173575,7.405732438626579,engine
Betelgeuse,8,88.79044774135176,7.405732477594652,engine
Betelgeuse,9,88.79044773993175,7.405732516593179,engine
Betelgeuse,10,88.79044773747458,7.405732555621573,engine
Betelgeuse,11,88.79044773397916,7.405732594679256,engine
Betelgeuse,12,88.79044772944447,7.405732633765642,engine
Betelgeuse,13,88.79044772386942,7.405732672880148,engine
Betelgeuse,14,88.79044771725303,7.4057327120221865,engine
Betelgeuse,15,88.79044770959426,7.405732751191177,engine
Betelgeuse,16,88.79044770089217,7.405732790386531,engine
Betelgeuse,17,88.79044769114576,7.405732829607688,engine
Betelgeuse,18,88.79044768035409,7.40573286885401,engine
Betelgeuse,19,88.79044766851625,7.405732908124936,engine
Betelgeuse,20,88.79044765563135,7.4057329474198745,engine
Betelgeuse,21,88.79044764169849,7.405732986738243,engine
Betelgeuse,22,88.79044762671683,7.405733026079449,engine
Betelgeuse,23,88.79044761068548,7.405733065442907,engine
Betelgeuse,24,88.79044759360366,7.405733104828022,engine
Betelgeuse,25,88.79044757547055,7.405733144234214,engine
Betelgeuse,26,88.79044755628539,7.405733183660882,engine
Betelgeuse,27,88.7904475360474,7.405733223107439,engine
Betelgeuse,28,88.79044751475583,7.405733262573298,engine
Betelgeuse,29,88.79044749240997,7.40573330205789,engine
Betelgeuse,30,88.79044746900912,7.4057333415605715,engine
Polaris,-30,37.57106320151786,89.26480699581137,engine
Polaris,-20,37.57096114475477,89.2648084632114,engine
Polaris,-15,37.57090744041905,89.26480917706374,engine
Polaris,-10,37.57085198285632,89.26480987702101,engine
Polaris,-5,37.570794796154054,89.26481056259423,engine
Polaris,-2,37.57075966449113,89.26481096683284,engine
Polaris,-1,37.57074781854942,89.26481110037187,engine
Polaris,0,37.57073590525847,89.264811233301,engine
Polaris,1,37.57072392482677,89.26481136561645,engine
Polaris,2,37.57071187746427,89.26481149731444,engine
Polaris,3,37.57069976338202,89.26481162839123,engine
Polaris,4,37.57068758279254,89.26481175884307,engine
Polaris,5,37.57067533590944,89.26481188866623,engine
Polaris,6,37.570663022939506,89.26481201785707,engine
Polaris,7,37.5706506441154,89.26481214641173,engine
Polaris,8,37.57063819964648,89.26481227432659,engine
Polaris,9,37.5706256897514,89.26481240159796,engine
Polaris,10,37.57061311465027,89.2648125282222,engine
Polaris,11,37.57060047456429,89.26481265419561,engine
Polaris,12,37.57058776971601,89.26481277951459,engine
Polaris,13,37.57057500032915,89.26481290417546,engine
Polaris,14,37.570562166628704,89.26481302817463,engine
Polaris,15,37.57054926884093,89.26481315150849,engine
Polaris,16,37.5705363071932,89.26481327417345,engine
Polaris,17,37.57052328190547,89.26481339616599,engine
Polaris,18,37.57051019322515,89.2648135174824,engine
Polaris,19,37.570497041374544,89.2648136381192,engine
Polaris,20,37.57048382658604,89.26481375807283,engine
Polaris,21,37.57047054909313,89.26481387733978,engine
Polaris,22,37.570457209130566,89.26481399591654,engine
Polaris,23,37.57044380693425,89.26481411379957,engine
Polaris,24,37.5704303427413,89.26481423098541,engine
Polaris,25,37.57041681679005,89.26481434747058,engine
Polaris,26,37.57040322931995,89.26481446325162,engine
Polaris,27,37.570389580571714,89.26481457832507,engine
Polaris,28,37.570375870787146,89.2648146926875,engine
Polaris,29,37.57036210020001,89.26481480633555,engine
Polaris,30,37.57034826907298,89.26481491926567,engine
Castor,-30,113.64747990956732,31.888450258853265,engine
Castor,-20,113.64748121333639,31.888451224090783,engine
Castor,-15,113.64748183280139,31.888451721731624,engine
Castor,-10,113.64748243000693,31.88845222910001,engine
Castor,-5,113.6474830044817,31.888452745975005,engine
Castor,-2,113.64748333806362,31.888453060569393,engine
Castor,-1,113.64748344738533,31.88845316616812,engine
Castor,0,113.64748355576492,31.88845327213076,engine
Castor,1,113.64748366319883,31.888453378455452,engine
Castor,2,113.64748376968353,31.888453485140303,engine
Castor,3,113.64748387521549,31.888453592183485,engine
Castor,4,113.64748397979119,31.8884536995831,engine
Castor,5,113.64748408340715,31.888453807337253,engine
Castor,6,113.64748418606001,31.88845391544416,engine
Castor,7,113.64748428774611,31.88845402390176,engine
Castor,8,113.64748438846215,31.888454132708212,engine
Castor,9,113.64748448820468,31.888454241861638,engine
Castor,10,113.64748458697031,31.888454351360096,engine
Castor,11,113.64748468475567,31.888454461201675,engine
Castor,12,113.6474847815574,31.88845457138443,engine
Castor,13,113.64748487737216,31.888454681906445,engine
Castor,14,113.64748497219664,31.888454792765767,engine
Castor,15,113.64748506602754,31.888454903960472,engine
Castor,16,113.64748515886157,31.888455015488542,engine
Castor,17,113.64748525069552,31.888455127348163,engine
Castor,18,113.64748534152602,31.888455239537176,engine
Castor,19,113.64748543134993,31.888455352053683,engine
Castor,20,113.64748552016405,31.888455464895724,engine
Castor,21,113.64748560796518,31.888455578061283,engine
Castor,22,113.64748569475015,31.888455691548405,engine
Castor,23,113.64748578051581,31.888455805355058,engine
Castor,24,113.64748586525903,31.88845591947925,engine
Castor,25,113.64748594897671,31.88845603391896,engine
Castor,26,113.64748603166578,31.888456148672194,engine
Castor,27,113.64748611332315,31.888456263736895,engine
Castor,28,113.64748619394577,31.88845637911105,engine
Castor,29,113.64748627353066,31.888456494792724,engine
Castor,30,113.64748635207475,31.888456610779684,engine
Altair,-30,297.69936699408294,8.867926483341675,engine
Altair,-20,297.6993657626448,8.867926376982805,engine
Altair,-15,297.6993651726723,8.867926319043798,engine
Altair,-10,297.69936460045705,8.867926258008582,engine
Altair,-5,297.6993640464329,8.867926193936622,engine
Altair,-2,297.69936372292744,8.867926154061115,engine
Altair,-1,297.69936361659734,8.867926140533521,engine
Altair,0,297.69936351102524,8.867926126888877,engine
Altair,1,297.6993634062145,8.867926113127702,engine
Altair,2,297.6993633021683,8.867926099250488,engine
Altair,3,297.6993631988901,8.867926085257743,engine
Altair,4,297.6993630963831,8.86792607114998,engine
Altair,5,297.6993629946504,8.867926056927715,engine
Altair,6,297.6993628936953,8.867926042591447,engine
Altair,7,297.6993627935211,8.867926028141715,engine
Altair,8,297.699362694131,8.867926013579032,engine
Altair,9,297.6993625955281,8.86792599890391,engine
Altair,10,297.69936249771564,8.867925984116884,engine
Altair,11,297.6993624006967,8.867925969218469,engine
Altair,12,297.69936230447445,8.867925954209193,engine
Altair,13,297.69936220905197,8.867925939089591,engine
Altair,14,297.69936211443246,8.867925923860195,engine
Altair,15,297.699362020619,8.867925908521537,engine
Altair,16,297.6993619276146,8.867925893074151,engine
Altair,17,297.6993618354222,8.867925877518568,engine
Altair,18,297.69936174404523,8.867925861855348,engine
Altair,19,297.6993616534864,8.867925846085019,engine
Altair,20,297.69936156374877,8.867925830208135,engine
Altair,21,297.6993614748355,8.867925814225229,engine
Altair,22,297.6993613867494,8.867925798136863,engine
Altair,23,297.6993612994935,8.867925781943573,engine
Altair,24,297.6993612130707,8.867925765645925,engine
Altair,25,297.69936112748405,8.86792574924447,engine
Altair,26,297.69936104273637,8.867925732739758,engine
Altair,27,297.69936095883065,8.867925716132351,engine
Altair,28,297.6993608757697,8.867925699422813,engine
Altair,29,297.6993607935563,8.867925682611693,engine
Altair,30,297.69936071219354,8.867925665699575,engine
Bellatrix,-30,81.27947916353703,6.348089862775825,engine
Bellatrix,-20,81.27947923056159,6.348090206861246,engine
Bellatrix,-15,81.27947922530271,6.3480903798711825,engine
Bellatrix,-10,81.2794791940221,6.3480905534421455,engine
Bellatrix,-5,81.27947913660468,6.348090727511027,engine
Bellatrix,-2,81.27947908956534,6.348090832164972,engine
Bellatrix,-1,81.27947907178284,6.34809086708201,engine
Bellatrix,0,81.27947905294783,6.34809090201439,engine
Bellatrix,1,81.27947903305957,6.348090936961611,engine
Bellatrix,2,81.27947901211745,6.348090971923159,engine
Bellatrix,3,81.2794789901208,6.348091006898521,engine
Bellatrix,4,81.27947896706901,6.348091041887192,engine
Bellatrix,5,81.27947894296148,6.348091076888659,engine
Bellatrix,6,81.27947891779763,6.348091111902436,engine
Bellatrix,7,81.27947889157691,6.348091146927963,engine
Bellatrix,8,81.27947886429877,6.348091181964753,engine
Bellatrix,9,81.27947883596269,6.348091217012297,engine
Bellatrix,10,81.2794788065682,6.348091252070082,engine
Bellatrix,11,81.27947877611479,6.348091287137593,engine
Bellatrix,12,81.27947874460202,6.348091322214324,engine
Bellatrix,13,81.27947871202943,6.34809135729976,engine
Bellatrix,14,81.27947867839661,6.348091392393385,engine
Bellatrix,15,81.2794786437032,6.348091427494691,engine
Bellatrix,16,81.27947860794879,6.348091462603167,engine
Bellatrix,17,81.27947857113298,6.348091497718318,engine
Bellatrix,18,81.27947853325553,6.34809153283959,engine
Bellatrix,19,81.27947849431607,6.348091567966492,engine
Bellatrix,20,81.27947845431432,6.348091603098507,engine
Bellatrix,21,81.27947841324999,6.348091638235126,engine
Bellatrix,22,81.27947837112282,6.3480916733758335,engine
Bellatrix,23,81.27947832793261,6.3480917085201165,engine
Bellatrix,24,81.27947828367911,6.348091743667465,engine
Bellatrix,25,81.27947823836216,6.348091778817362,engine
Bellatrix,26,81.27947819198155,6.348091813969295,engine
Bellatrix,27,81.27947814453715,6.348091849122747,engine
Bellatrix,28,81.27947809602884,6.348091884277213,engine
Bellatrix,29,81.27947804645645,6.348091919432195,engine
Bellatrix,30,81.27947799581997,6.348091954587135,engine
