body,minute,ra,dec,source
Aldebaran,-30,68.97725005528655,16.507210710257684,engine
Aldebaran,-20,68.97725062404506,16.507211239954575,engine
Aldebaran,-15,68.9772508740774,16.5072115096938,engine
Aldebaran,-10,68.97725110086796,16.507211782509117,engine
Aldebaran,-5,68.97725130417284,16.507212058260436,engine
Aldebaran,-2,68.97725141478529,16.50721222506164,engine
Aldebaran,-1,68.97725144975021,16.507212280880275,engine
Aldebaran,0,68.9772514837592,16.507212336806123,engine
Aldebaran,1,68.9772515168106,16.507212392838035,engine
Aldebaran,2,68.97725154890263,16.507212448974876,engine
Aldebaran,3,68.97725158003361,16.507212505215474,engine
Aldebaran,4,68.97725161020189,16.507212561558685,engine
Aldebaran,5,68.97725163940576,16.507212618003344,engine
Aldebaran,6,68.97725166764363,16.507212674548345,engine
Aldebaran,7,68.97725169491385,16.50721273119244,engine
Aldebaran,8,68.97725172121481,16.507212787934524,engine
Aldebaran,9,68.97725174654491,16.50721284477342,engine
Aldebaran,10,68.97725177090261,16.507212901707966,engine
Aldebaran,11,68.97725179428635,16.507212958737,engine
Aldebaran,12,68.97725181669459,16.50721301585933,engine
Aldebaran,13,68.97725183812584,16.507213073073828,engine
Aldebaran,14,68.97725185857858,16.50721313037929,engine
Aldebaran,15,68.97725187805136,16.507213187774553,engine
Aldebaran,16,68.9772518965427,16.50721324525844,engine
Aldebaran,17,68.97725191405121,16.50721330282981,engine
Aldebaran,18,68.97725193057538,16.507213360487416,engine
Aldebaran,19,68.97725194611392,16.507213418230116,engine
Aldebaran,20,68.97725196066536,16.507213476056705,engine
Aldebaran,21,68.97725197422838,16.507213533966027,engine
Aldebaran,22,68.97725198680163,16.50721359195688,engine
Aldebaran,23,68.97725199838379,16.507213650028095,engine
Aldebaran,24,68.97725200897357,16.507213708178465,engine
Aldebaran,25,68.97725201856964,16.507213766406803,engine
Aldebaran,26,68.97725202717078,16.507213824711933,engine
Aldebaran,27,68.97725203477572,16.50721388309264,engine
Aldebaran,28,68.97725204138321,16.507213941547747,engine
Aldebaran,29,68.97725204699208,16.50721400007609,engine
Aldebaran,30,68.97725205160113,16.507214058676396,engine
Antares,-30,247.35551441378553,-26.432300891336237,engine
Antares,-20,247.3555138571308,-26.432300103481992,engine
Antares,-15,247.35551361611087,-26.432299702286297,engine
Antares,-10,247.35551340031014,-26.432299296537156,engine
Antares,-5,247.35551320997408,-26.432298886456334,engine
Antares,-2,247.3555131080932,-26.432298638421788,engine
Antares,-1,247.35551307619716,-26.432298555423387,engine
Antares,0,247.3555130453362,-26.432298472267906,engine
Antares,1,247.3555130155121,-26.43229838895715,engine
Antares,2,247.35551298672647,-26.432298305492928,engine
Antares,3,247.3555129589811,-26.432298221877065,engine
Antares,4,247.35551293227758,-26.432298138111403,engine
Antares,5,247.35551290661758,-26.43229805419773,engine
Antares,6,247.35551288200267,-26.43229797013785,engine
Antares,7,247.3555128584346,-26.432297885933675,engine
Antares,8,247.35551283591485,-26.432297801587012,engine
Antares,9,247.3555128144451,-26.43229771709968,engine
Antares,10,247.35551279402674,-26.432297632473535,engine
Antares,11,247.35551277466143,-26.4322975477104,engine
Antares,12,247.3555127563506,-26.43229746281213,engine
Antares,13,247.35551273909576,-26.432297377780568,engine
Antares,14,247.3555127228984,-26.43229729261756,engine
Antares,15,247.35551270775997,-26.432297207324968,engine
Antares,16,247.35551269368187,-26.432297121904632,engine
Antares,17,247.35551268066553,-26.43229703635837,engine
Antares,18,247.35551266871232,-26.432296950688137,engine
Antares,19,247.35551265782365,-26.432296864895754,engine
Antares,20,247.35551264800077,-26.43229677898308,engine
Antares,21,247.35551263924512,-26.43229669295196,engine
Antares,22,247.3555126315579,-26.432296606804297,engine
Antares,23,247.35551262494053,-26.432296520541943,engine
Antares,24,247.35551261939415,-26.432296434166776,engine
Antares,25,247.35551261492003,-26.432296347680662,engine
Antares,26,247.35551261151946,-26.43229626108549,engine
Antares,27,247.3555126091935,-26.43229617438314,engine
Antares,28,247.3555126079435,-26.432296087575477,engine
Antares,29,247.35551260777055,-26.432296000664344,engine
Antares,30,247.35551260867578,-26.43229591365174,engine
Ceres,-30,73.30175504525255,24.734846780605714,engine
Ceres,-20,73.30437876782733,24.73532567504711,engine
Ceres,-15,73.30569044510827,24.73556499556457,engine
Ceres,-10,73.30700200523223,24.735804229891414,engine
Ceres,-5,73.3083134529517,24.73604337687796,engine
Ceres,-2,73.3091002692221,24.736186822598476,engine
Ceres,-1,73.3093625328931,24.73623463073014,engine
Ceres,0,73.30962479229233,24.736282435255305,engine
Ceres,1,73.30988704764046,24.736330236220635,engine
Ceres,2,73.31014929878991,24.736378033561547,engine
Ceres,3,73.31041154596157,24.73642582732481,engine
Ceres,4,73.31067378900812,24.736473617445967,engine
Ceres,5,73.31093602815055,24.736521403971924,engine
Ceres,6,73.31119826341764,24.736569186870387,engine
Ceres,7,73.31146049458681,24.73661696609646,engine
Ceres,8,73.31172272196328,24.736664741701443,engine
Ceres,9,73.31198494540013,24.73671251362121,engine
Ceres,10,73.31224716511895,24.73676028190296,engine
Ceres,11,73.3125093809731,24.736808046482654,engine
Ceres,12,73.31277159318435,24.736855807407643,engine
Ceres,13,73.31303380160618,24.73690356461402,engine
Ceres,14,73.31329600646058,24.736951318149245,engine
Ceres,15,73.31355820760126,24.736999067949554,engine
Ceres,16,73.31382040515831,24.737046814034706,engine
Ceres,17,73.31408259943764,24.73709455645653,engine
Ceres,18,73.31434478994167,24.73714229508743,engine
Ceres,19,73.3146069770686,24.737190030007184,engine
Ceres,20,73.31486916067263,24.737237761152333,engine
Ceres,21,73.31513134097634,24.73728548857081,engine
Ceres,22,73.31539351783411,24.737333212199257,engine
Ceres,23,73.31565569137662,24.7373809320579,engine
Ceres,24,73.31591786173462,24.737428648167008,engine
Ceres,25,73.31618002876279,24.737476360463443,engine
Ceres,26,73.31644219268414,24.737524068995437,engine
Ceres,27,73.31670435335346,24.737571773699997,engine
Ceres,28,73.31696651090186,24.737619474597626,engine
Ceres,29,73.31722866563638,24.737667171740934,engine
Ceres,30,73.31749081706042,24.73771486500314,engine
Chiron,-30,10.552902627444416,6.661663634041648,engine
Chiron,-20,10.553277990918255,6.661816624722707,engine
Chiron,-15,10.553465665731844,6.661893112577841,engine
Chiron,-10,10.553653337143606,6.661969595419492,engine
Chiron,-5,10.553841006127904,6.662046073260161,engine
Chiron,-2,10.553953606717753,6.662091957552605,engine
Chiron,-1,10.553991140159939,6.662107251915223,engine
Chiron,0,10.554028673571366,6.662122546077271,engine
Chiron,1,10.55406620696355,6.662137840039924,engine
Chiron,2,10.554103740335847,6.662153133800825,engine
Chiron,3,10.55414127369979,6.662168427361163,engine
Chiron,4,10.554178807062842,6.662183720720958,engine
Chiron,5,10.554216340436504,6.6621990138814,engine
Chiron,6,10.554253873845326,6.6622143068504025,engine
Chiron,7,10.554291407250478,6.662229599608661,engine
Chiron,8,10.554328940684597,6.662244892166459,engine
Chiron,9,10.554366474159188,6.662260184525013,engine
Chiron,10,10.55440400767361,6.662275476681985,engine
Chiron,11,10.554441541239383,6.662290768638605,engine
Chiron,12,10.554479074863957,6.662306060394918,engine
Chiron,13,10.554516608554788,6.662321351950954,engine
Chiron,14,10.554554142323388,6.662336643307968,engine
Chiron,15,10.5545916761691,6.662351934463638,engine
Chiron,16,10.554629210103426,6.662367225419206,engine
Chiron,17,10.554666744158984,6.6623825161849854,engine
Chiron,18,10.554704278296937,6.662397806741729,engine
Chiron,19,10.554741812541792,6.662413097097379,engine
Chiron,20,10.554779346905026,6.662428387253199,engine
Chiron,21,10.554816881394101,6.662443677209268,engine
Chiron,22,10.554854416016438,6.662458966965666,engine
Chiron,23,10.554891950783526,6.662474256523662,engine
Chiron,24,10.554929485694682,6.6624895458809785,engine
Chiron,25,10.554967020761387,6.662504835038887,engine
Chiron,26,10.555004555991061,6.662520123997493,engine
Chiron,27,10.55504209139112,6.662535412756882,engine
Chiron,28,10.55507962696898,6.662550701317175,engine
Chiron,29,10.55511716276128,6.662565989689911,engine
Chiron,30,10.555154698716963,6.662581277852322,engine
Eris,-30,26.26512908753098,-1.120247305179201,tno-rate
Eris,-20,26.26519438088463,-1.120215035732132,tno-rate
Eris,-15,26.265227027561455,-1.1201989010085975,tno-rate
Eris,-10,26.26525967423828,-1.120182766285063,tno-rate
Eris,-5,26.265292320915105,-1.1201666315615286,tno-rate
Eris,-2,26.2653119089212,-1.1201569507274078,tno-rate
Eris,-1,26.265318438256564,-1.120153723782701,tno-rate
Eris,0,26.26532496759193,-1.120150496837994,tno-rate
Eris,1,26.265331496927296,-1.120147269893287,tno-rate
Eris,2,26.26533802626266,-1.1201440429485803,tno-rate
Eris,3,26.265344555598023,-1.1201408160038733,tno-rate
Eris,4,26.26535108493339,-1.1201375890591665,tno-rate
Eris,5,26.265357614268755,-1.1201343621144595,tno-rate
Eris,6,26.26536414360412,-1.1201311351697527,tno-rate
Eris,7,26.265370672939486,-1.1201279082250457,tno-rate
Eris,8,26.26537720227485,-1.120124681280339,tno-rate
Eris,9,26.265383731610214,-1.120121454335632,tno-rate
Eris,10,26.26539026094558,-1.1201182273909251,tno-rate
Eris,11,26.265396790280946,-1.1201150004462181,tno-rate
Eris,12,26.26540331961631,-1.1201117735015114,tno-rate
Eris,13,26.265409848951673,-1.1201085465568044,tno-rate
Eris,14,26.26541637828704,-1.1201053196120974,tno-rate
Eris,15,26.265422907622405,-1.1201020926673906,tno-rate
Eris,16,26.26542943695777,-1.1200988657226836,tno-rate
Eris,17,26.265435966293136,-1.1200956387779768,tno-rate
Eris,18,26.2654424956285,-1.1200924118332698,tno-rate
Eris,19,26.265449024963864,-1.120089184888563,tno-rate
Eris,20,26.26545555429923,-1.120085957943856,tno-rate
Eris,21,26.265462083634596,-1.1200827309991492,tno-rate
Eris,22,26.26546861296996,-1.1200795040544422,tno-rate
Eris,23,26.265475142305323,-1.1200762771097355,tno-rate
Eris,24,26.26548167164069,-1.1200730501650284,tno-rate
Eris,25,26.265488200976055,-1.1200698232203217,tno-rate
Eris,26,26.26549473031142,-1.1200665962756147,tno-rate
Eris,27,26.265501259646786,-1.1200633693309079,tno-rate
Eris,28,26.26550778898215,-1.1200601423862009,tno-rate
Eris,29,26.265514318317514,-1.1200569154414939,tno-rate
Eris,30,26.26552084765288,-1.120053688496787,tno-rate
Fomalhaut,-30,344.4099814321154,-29.623767708008902,engine
Fomalhaut,-20,344.4099796750358,-29.62376797909173,engine
Fomalhaut,-15,344.40997877303835,-29.62376809927731,engine
Fomalhaut,-10,344.4099778561053,-29.62376820903429,engine
Fomalhaut,-5,344.4099769247726,-29.623768308225387,engine
Fomalhaut,-2,344.40997635928676,-29.623768362613205,engine
Fomalhaut,-1,344.4099761697034,-29.623768379881803,engine
Fomalhaut,0,344.40997597958324,-29.623768396718376,engine
Fomalhaut,1,344.40997578893086,-29.623768413121926,engine
Fomalhaut,2,344.4099755977506,-29.623768429091452,engine
Fomalhaut,3,344.40997540604684,-29.623768444625977,engine
Fomalhaut,4,344.4099752138241,-29.623768459724527,engine
Fomalhaut,5,344.40997502108684,-29.623768474386107,engine
Fomalhaut,6,344.4099748278394,-29.62376848860983,engine
Fomalhaut,7,344.40997463408655,-29.623768502394658,engine
Fomalhaut,8,344.40997443983247,-29.623768515739698,engine
Fomalhaut,9,344.4099742450819,-29.623768528644025,engine
Fomalhaut,10,344.4099740498392,-29.623768541106685,engine
Fomalhaut,11,344.4099738541089,-29.623768553126776,engine
Fomalhaut,12,344.4099736578956,-29.62376856470338,engine
Fomalhaut,13,344.4099734612037,-29.623768575835605,engine
Fomalhaut,14,344.4099732640379,-29.62376858652257,engine
Fomalhaut,15,344.40997306640264,-29.623768596763362,engine
Fomalhaut,16,344.40997286830253,-29.623768606557135,engine
Fomalhaut,17,344.40997266974193,-29.62376861590301,engine
Fomalhaut,18,344.40997247072585,-29.62376862480013,engine
Fomalhaut,19,344.40997227125854,-29.62376863324767,engine
Fomalhaut,20,344.4099720713448,-29.623768641244745,engine
Fomalhaut,21,344.40997187098907,-29.623768648790563,engine
Fomalhaut,22,344.40997167019606,-29.623768655884284,engine
Fomalhaut,23,344.40997146897035,-29.62376866252509,engine
Fomalhaut,24,344.4099712673166,-29.623768668712184,engine
Fomalhaut,25,344.40997106523946,-29.62376867444478,engine
Fomalhaut,26,344.40997086274353,-29.62376867972206,engine
Fomalhaut,27,344.40997065983345,-29.623768684543275,engine
Fomalhaut,28,344.4099704565139,-29.62376868890764,engine
Fomalhaut,29,344.40997025278944,-29.62376869281441,engine
Fomalhaut,30,344.40997004866506,-29.623768696262797,engine
Juno,-30,324.3683425454347,-6.30438142371374,engine
Juno,-20,324.37078678567076,-6.303586218254544,engine
Juno,-15,324.3720091841043,-6.303188600037094,engine
Juno,-10,324.37323176994073,-6.30279097219658,engine
Juno,-5,324.37445454492484,-6.302393335106376,engine
Juno,-2,324.3751883011325,-6.30215474866445,engine
Juno,-1,324.3754329017223,-6.302075219182093,engine
Juno,0,324.37567751004804,-6.301995689356134,engine
Juno,1,324.37592212603516,-6.301916159201062,engine
Juno,2,324.37616674969286,-6.301836628720776,engine
Juno,3,324.3764113810303,-6.301757097919175,engine
Juno,4,324.3766560199724,-6.301677566810763,engine
Juno,5,324.3769006666962,-6.301598035378266,engine
Juno,6,324.37714532129024,-6.3015185035828525,engine
Juno,7,324.377389983435,-6.301438971535107,engine
Juno,8,324.37763465330283,-6.30135943918561,engine
Juno,9,324.37787933090203,-6.3012799065383005,engine
Juno,10,324.37812401615645,-6.301200373607691,engine
Juno,11,324.3783687092421,-6.3011208403765275,engine
Juno,12,324.3786134100828,-6.301041306859337,engine
Juno,13,324.37885811868586,-6.300961773060061,engine
Juno,14,324.3791028350589,-6.300882238982633,engine
Juno,15,324.379347559209,-6.300802704631006,engine
Juno,16,324.3795922910592,-6.300723170019717,engine
Juno,17,324.37983703094875,-6.300643635078196,engine
Juno,18,324.38008177847206,-6.300564099927647,engine
Juno,19,324.38032653379986,-6.300484564518705,engine
Juno,20,324.3805712969385,-6.300405028855321,engine
Juno,21,324.38081606781026,-6.300325492952054,engine
Juno,22,324.3810608465895,-6.300245956791668,engine
Juno,23,324.38130563319794,-6.300166420388737,engine
Juno,24,324.38155042764146,-6.300086883747216,engine
Juno,25,324.3817952299256,-6.300007346871087,engine
Juno,26,324.382040040056,-6.299927809764317,engine
Juno,27,324.3822848579538,-6.299848272441475,engine
Juno,28,324.3825296837922,-6.299768734885349,engine
Juno,29,324.38277451765646,-6.29968919705718,engine
Juno,30,324.38301935922294,-6.29960965906761,engine
Jupiter,-30,353.32160247774647,-3.9942136273864337,engine
Jupiter,-20,353.32307578553986,-3.9935903293922745,engine
Jupiter,-15,353.3238125319139,-3.993278675461835,engine
Jupiter,-10,353.32454934258504,-3.9929670184450496,engine
Jupiter,-5,353.325286219766,-3.992655358382599,engine
Jupiter,-2,353.3257283787801,-3.992468360954873,engine
Jupiter,-1,353.32587577065806,-3.992406028255529,engine
Jupiter,0,353.32602316533774,-3.9923436954437146,engine
Jupiter,1,353.3261705628348,-3.992281362520364,engine
Jupiter,2,353.32631796316497,-3.9922190294864235,engine
Jupiter,3,353.3264653663437,-3.9921566963428385,engine
Jupiter,4,353.3266127723867,-3.9920943630905694,engine
Jupiter,5,353.32676018134214,-3.992032029716698,engine
Jupiter,6,353.32690759325845,-3.9919696962081264,engine
Jupiter,7,353.32705500798625,-3.99190736263555,engine
Jupiter,8,353.3272024256396,-3.991845028958143,engine
Jupiter,9,353.3273498462337,-3.991782695176872,engine
Jupiter,10,353.32749726978363,-3.9917203612927237,engine
Jupiter,11,353.3276446963047,-3.9916580273066775,engine
Jupiter,12,353.3277921258117,-3.9915956932197223,engine
Jupiter,13,353.32793955831966,-3.991533359032852,engine
Jupiter,14,353.3280869938434,-3.9914710247470664,engine
Jupiter,15,353.3282344323979,-3.9914086903633628,engine
Jupiter,16,353.3283818739977,-3.991346355882752,engine
Jupiter,17,353.3285293187896,-3.991284021250557,engine
Jupiter,18,353.3286767665244,-3.991221686579154,engine
Jupiter,19,353.3288242173484,-3.991159351813874,engine
Jupiter,20,353.32897167127635,-3.9910970169557447,engine
Jupiter,21,353.3291191283225,-3.9910346820057954,engine
Jupiter,22,353.32926658850124,-3.9909723469650484,engine
Jupiter,23,353.3294140518269,-3.9909100118345457,engine
Jupiter,24,353.3295615183139,-3.990847676615327,engine
Jupiter,25,353.329708987976,-3.9907853413084298,engine
Jupiter,26,353.32985646082767,-3.9907230059149086,engine
Jupiter,27,353.3300039368828,-3.9906606704358083,engine
Jupiter,28,353.3301514161554,-3.990598334872183,engine
Jupiter,29,353.33029889875826,-3.9905359991832974,engine
Jupiter,30,353.33044638450735,-3.9904736634538054,engine
Ketu,-30,230.2488767521008,-18.432135963696307,engine
Ketu,-20,230.24908432046203,-18.432187747727042,engine
Ketu,-15,230.24918815879303,-18.432213653156015,engine
Ketu,-10,230.2492920325205,-18.432239567351736,engine
Ketu,-5,230.2493959412005,-18.43226549020337,engine
Ketu,-2,230.24945830294234,-18.43228104800844,engine
Ketu,-1,230.24947909292956,-18.4322862346219,engine
Ketu,0,230.24949988427778,-18.43229142157232,engine
Ketu,1,230.2495206769831,-18.43229660885877,engine
Ketu,2,230.2495414710413,-18.432301796480143,engine
Ketu,3,230.24956226644858,-18.432306984435513,engine
Ketu,4,230.24958306320087,-18.432312172723876,engine
Ketu,5,230.24960386129433,-18.432317361344268,engine
Ketu,6,230.24962466073868,-18.4323225502991,engine
Ketu,7,230.2496454615019,-18.432327739580398,engine
Ketu,8,230.24966626359438,-18.43233292919075,engine
Ketu,9,230.2496870670118,-18.432338119129078,engine
Ketu,10,230.24970787173632,-18.432343309390934,engine
Ketu,11,230.2497286777921,-18.432348499982336,engine
Ketu,12,230.24974948516072,-18.432353690898697,engine
Ketu,13,230.24977029383845,-18.43235888213908,engine
Ketu,14,230.24979110382122,-18.432364073702473,engine
Ketu,15,230.24981191510494,-18.43236926558784,engine
Ketu,16,230.24983272768594,-18.432374457794282,engine
Ketu,17,230.24985354157386,-18.4323796503242,engine
Ketu,18,230.24987435673702,-18.4323848431697,engine
Ketu,19,230.24989517318508,-18.432390036333157,engine
Ketu,20,230.24991599091436,-18.432395229813697,engine
Ketu,21,230.2499368099206,-18.432400423610225,engine
Ketu,22,230.2499576302001,-18.43240561772183,engine
Ketu,23,230.24997845173465,-18.43241081214397,engine
Ketu,24,230.24999927454834,-18.432416006882644,engine
Ketu,25,230.2500200986231,-18.432421201933362,engine
Ketu,26,230.25004092395497,-18.432426397295103,engine
Ketu,27,230.25006175053994,-18.4324315929669,engine
Ketu,28,230.25008257837422,-18.432436788947797,engine
Ketu,29,230.25010340746758,-18.432441985240228,engine
Ketu,30,230.250124237788,-18.432447181836196,engine
Mars,-30,325.99431914511956,-14.981609337889745,engine
Mars,-20,325.9994588960854,-14.979945519415415,engine
Mars,-15,326.002029310054,-14.979113523240265,engine
Mars,-10,326.0046000864178,-14.978281471897372,engine
Mars,-5,326.0071712281129,-14.97744936730352,engine
Mars,-2,326.0087140890238,-14.976950079988416,engine
Mars,-1,326.00922840539033,-14.976783646898587,engine
Mars,0,326.00974273651383,-14.97661721183389,engine
Mars,1,326.01025708259925,-14.976450774748146,engine
Mars,2,326.01077144328434,-14.976284335784214,engine
Mars,3,326.01128581877344,-14.976117894895959,engine
Mars,4,326.0118002092705,-14.975951452037254,engine
Mars,5,326.01231461441256,-14.975785007351003,engine
Mars,6,326.0128290347478,-14.975618560679523,engine
Mars,7,326.0133434697896,-14.975452112199935,engine
Mars,8,326.01385791951884,-14.97528566194358,engine
Mars,9,326.0143723841381,-14.975119209864435,engine
Mars,10,326.0148868638496,-14.974952755916409,engine
Mars,11,326.01540135828844,-14.974786300242556,engine
Mars,12,326.0159158676563,-14.974619842796836,engine
Mars,13,326.01643039215446,-14.974453383533236,engine
Mars,14,326.0169449314172,-14.974286922594814,engine
Mars,15,326.0174594856453,-14.974120459935579,engine
Mars,16,326.01797405503896,-14.973953995509577,engine
Mars,17,326.0184886395769,-14.973787529348252,engine
Mars,18,326.0190032387687,-14.973621061628899,engine
Mars,19,326.01951785296995,-14.973454592256981,engine
Mars,20,326.02003248238,-14.97328812118656,engine
Mars,21,326.0205471266309,-14.973121648560772,engine
Mars,22,326.0210617859214,-14.972955174333688,engine
Mars,23,326.0215764604497,-14.97278869845943,engine
Mars,24,326.0220911498471,-14.972622221081151,engine
Mars,25,326.02260585431134,-14.972455742152961,engine
Mars,26,326.02312057403987,-14.972289261628976,engine
Mars,27,326.023635308663,-14.972122779652388,engine
Mars,28,326.0241500583776,-14.971956296177341,engine
Mars,29,326.0246648237253,-14.971789811046337,engine
Mars,30,326.02517960364526,-14.971623324625861,engine
Mercury,-30,18.950270641085172,7.501395184470524,engine
Mercury,-20,18.963274850173956,7.507905438977151,engine
Mercury,-15,18.969777393296244,7.511160443111989,engine
Mercury,-10,18.976280240749556,7.514415364491412,engine
Mercury,-5,18.982783405789075,7.517670204949554,engine
Mercury,-2,18.98668546001479,7.5196230697379445,engine
Mercury,-1,18.987986171258473,7.5202740181796965,engine
Mercury,0,18.989286895889148,7.520924963383118,engine
Mercury,1,18.99058763398834,7.521575905351599,engine
Mercury,2,18.991888385637303,7.522226844088591,engine
Mercury,3,18.99318915091717,7.522877779597563,engine
Mercury,4,18.994489930459004,7.523528712187651,engine
Mercury,5,18.995790723243367,7.52417964125124,engine
Mercury,6,18.997091530773297,7.524830567534036,engine
Mercury,7,18.99839235138469,7.52548149016679,engine
Mercury,8,18.999693186030104,7.526132409589685,engine
Mercury,9,19.000994034789613,7.526783325806494,engine
Mercury,10,19.00229489774314,7.527434238821058,engine
Mercury,11,19.003595774970467,7.528085148637236,engine
Mercury,12,19.004896667101228,7.528736055564557,engine
Mercury,13,19.006197573114648,7.529386958995778,engine
Mercury,14,19.007498493640018,7.530037859240528,engine
Mercury,15,19.00879942875634,7.5306887563028555,engine
Mercury,16,19.010100378542504,7.531339650186885,engine
Mercury,17,19.01140134394946,7.531990541333211,engine
Mercury,18,19.012702323311032,7.532641428873162,engine
Mercury,19,19.014003318127905,7.533292313553008,engine
Mercury,20,19.01530432737797,7.533943194765878,engine
Mercury,21,19.016605351689204,7.53459407282171,engine
Mercury,22,19.01790639113935,7.535244947724886,engine
Mercury,23,19.01920744580588,7.535895819479866,engine
Mercury,24,19.020508516316195,7.5365466883967285,engine
Mercury,25,19.021809601647206,7.537197553868795,engine
Mercury,26,19.023110702425946,7.537848416206275,engine
Mercury,27,19.024411818729085,7.538499275413773,engine
Mercury,28,19.025712950633153,7.539150131495978,engine
Mercury,29,19.027014099086895,7.539800984894005,engine
Mercury,30,19.028315262971635,7.540451835045399,engine
Moon,-30,75.98327662535006,24.449121279547395,engine
Moon,-20,76.05286720931305,24.469654955837587,engine
Moon,-15,76.08743905795835,24.479781129360934,engine
Moon,-10,76.12186791257362,24.489811764358386,engine
Moon,-5,76.1561585626342,24.499745595954572,engine
Moon,-2,76.176668573221,24.50565891328784,engine
Moon,-1,76.18349480293047,24.507622132516776,engine
Moon,0,76.19031576619555,24.509581389549698,engine
Moon,1,76.19713166803301,24.511536679547287,engine
Moon,2,76.20394238135401,24.513487988591905,engine
Moon,3,76.21074811132647,24.515435311937264,engine
Moon,4,76.21754873114376,24.51737863581761,engine
Moon,5,76.2243444460961,24.519317955589415,engine
Moon,6,76.23113513420566,24.52125325893662,engine
Moon,7,76.23792099180615,24.52318453872344,engine
Moon,8,76.24470189715925,24.52511178279964,engine
Moon,9,76.25147805587191,24.52703498671134,engine
Moon,10,76.25824934189936,24.528954137179788,engine
Moon,11,76.26501596099399,24.530869229838476,engine
Moon,12,76.27177787024716,24.532780253771776,engine
Moon,13,76.27853502689672,24.534687198146713,engine
Moon,14,76.28528763690582,24.536590058749244,engine
Moon,15,76.29203557482708,24.538488822715067,engine
Moon,16,76.29877904679229,24.54038348592406,engine
Moon,17,76.30551793210772,24.54227403694434,engine
Moon,18,76.31225242797366,24.544160469225076,engine
Moon,19,76.31898241396618,24.546042771500336,engine
Moon,20,76.32570809645225,24.547920939853316,engine
Moon,21,76.3324294334705,24.54979496403216,engine
Moon,22,76.33914638321635,24.551664833883084,engine
Moon,23,76.34585915225976,24.5535305456385,engine
Moon,24,76.35256761623002,24.555392087189002,engine
Moon,25,76.35927198179299,24.557249454867673,engine
Moon,26,76.3659722075164,24.559102638802884,engine
Moon,27,76.37266825209679,24.56095162922601,engine
Moon,28,76.37936032238655,24.562796422625876,engine
Moon,29,76.38604829907331,24.56463700854607,engine
Moon,30,76.3927323801353,24.566473381111606,engine
Neptune,-30,354.4429798657128,-3.629902264860437,engine
Neptune,-20,354.443204857081,-3.6298069280564045,engine
Neptune,-15,354.4433173481211,-3.629759258188383,engine
Neptune,-10,354.4434298370167,-3.6297115873511574,engine
Neptune,-5,354.44354232452645,-3.6296639155328703,engine
Neptune,-2,354.4436098166533,-3.629635311978842,engine
Neptune,-1,354.44363231400143,-3.629625777383445,engine
Neptune,0,354.44365481134594,-3.6296162427492225,engine
Neptune,1,354.4436773086952,-3.6296067080751793,engine
Neptune,2,354.44369980605,-3.6295971733633845,engine
Neptune,3,354.44372230341855,-3.629587638612849,engine
Neptune,4,354.4437448008093,-3.629578103822577,engine
Neptune,5,354.44376729822295,-3.6295685689946495,engine
Neptune,6,354.443789795683,-3.6295590341216815,engine
Neptune,7,354.4438122931675,-3.6295494992154764,engine
Neptune,8,354.4438347906924,-3.6295399642717188,engine
Neptune,9,354.4438572882659,-3.6295304292894275,engine
Neptune,10,354.44387978589646,-3.6295208942676154,engine
Neptune,11,354.44390228358475,-3.6295113592083754,engine
Neptune,12,354.4439247813391,-3.6295018241107253,engine
Neptune,13,354.4439472791678,-3.629492288973688,engine
Neptune,14,354.4439697770716,-3.62948275379935,engine
Neptune,15,354.44399227505886,-3.6294732185867424,engine
Neptune,16,354.4440147731378,-3.629463683334888,engine
Neptune,17,354.44403727132425,-3.6294541480394926,engine
Neptune,18,354.4440597695964,-3.6294446127123727,engine
Neptune,19,354.4440822679776,-3.6294350773461628,engine
Neptune,20,354.4441047664685,-3.6294255419429677,engine
Neptune,21,354.4441272650775,-3.6294160065018173,engine
Neptune,22,354.44414976381285,-3.6294064710217513,engine
Neptune,23,354.4441722626752,-3.629396935504873,engine
Neptune,24,354.4441947616728,-3.6293873999502217,engine
Neptune,25,354.4442172608115,-3.629377864357862,engine
Neptune,26,354.44423976009955,-3.629368328726832,engine
Neptune,27,354.44426225953754,-3.629358793059248,engine
Neptune,28,354.44428475913384,-3.6293492573541517,engine
Neptune,29,354.44430725891175,-3.6293397216041967,engine
Neptune,30,354.4443297588417,-3.6293301858242883,engine
Pallas,-30,23.04118144902622,-4.61355270139603,engine
Pallas,-20,23.04397042199045,-4.612972274178976,engine
Pallas,-15,23.045364976124343,-4.612682048596655,engine
Pallas,-10,23.046759580375756,-4.612391815154108,engine
Pallas,-5,23.048154239190886,-4.612101573854582,engine
Pallas,-2,23.04899106210988,-4.611927425375762,engine
Pallas,-1,23.049270007874977,-4.6118693752633995,engine
Pallas,0,23.049548956174036,-4.611811324853963,engine
Pallas,1,23.04982790689257,-4.611753274128437,engine
Pallas,2,23.05010686013515,-4.611695223097393,engine
Pallas,3,23.050385816006276,-4.6116371717714095,engine
Pallas,4,23.050664774391354,-4.6115791201315,engine
Pallas,5,23.050943735394796,-4.611521068188272,engine
Pallas,6,23.05122269930812,-4.611463015913405,engine
Pallas,7,23.051501665642398,-4.611404963365808,engine
Pallas,8,23.05178063476209,-4.611346910527036,engine
Pallas,9,23.05205960655232,-4.611288857378166,engine
Pallas,10,23.052338581117347,-4.611230803929847,engine
Pallas,11,23.052617558488333,-4.611172750182893,engine
Pallas,12,23.052896538769396,-4.611114696147976,engine
Pallas,13,23.053175521845514,-4.611056641806208,engine
Pallas,14,23.05345450782074,-4.610998587168282,engine
Pallas,15,23.05373349679909,-4.610940532244915,engine
Pallas,16,23.0540124886654,-4.610882477017244,engine
Pallas,17,23.054291483710642,-4.610824421457073,engine
Pallas,18,23.05457048166453,-4.610766365652991,engine
Pallas,19,23.054849482598826,-4.610708309547255,engine
Pallas,20,23.0551284866173,-4.610650253150621,engine
Pallas,21,23.055407493823637,-4.61059219647386,engine
Pallas,22,23.05568650410241,-4.610534139498176,engine
Pallas,23,23.0559655175572,-4.610476082234366,engine
Pallas,24,23.056244534218532,-4.61041802468337,engine
Pallas,25,23.05652355418991,-4.610359966856001,engine
Pallas,26,23.056802577355636,-4.610301908733507,engine
Pallas,27,23.05708160381914,-4.610243850326728,engine
Pallas,28,23.057360633610685,-4.61018579163664,engine
Pallas,29,23.057639667020684,-4.610127732635169,engine
Pallas,30,23.057918703559007,-4.61006967338147,engine
Pluto,-30,300.6756724397775,-22.39424409423748,engine
Pluto,-20,300.67575557803184,-22.394243856979834,engine
Pluto,-15,300.6757971769227,-22.394243728344723,engine
Pluto,-10,300.67583879629507,-22.394243593307177,engine
Pluto,-5,300.67588043663005,-22.39424345207311,engine
Pluto,-2,300.67590543107667,-22.39424336444526,engine
Pluto,-1,300.67591376428965,-22.394243334764987,engine
Pluto,0,300.6759220983734,-22.394243304852022,engine
Pluto,1,300.6759304333291,-22.394243274707858,engine
Pluto,2,300.67593876916504,-22.394243244334668,engine
Pluto,3,300.6759471058823,-22.39424321373394,engine
Pluto,4,300.6759554434843,-22.394243182907413,engine
Pluto,5,300.67596378197203,-22.39424315185661,engine
Pluto,6,300.67597212135934,-22.394243120583667,engine
Pluto,7,300.6759804616361,-22.394243089090164,engine
Pluto,8,300.6759888028111,-22.394243057377846,engine
Pluto,9,300.67599714488784,-22.394243025448446,engine
Pluto,10,300.676005487867,-22.394242993303525,engine
Pluto,11,300.6760138317569,-22.394242960945274,engine
Pluto,12,300.6760221765583,-22.39424292837525,engine
Pluto,13,300.6760305222745,-22.394242895595237,engine
Pluto,14,300.6760388689087,-22.394242862606994,engine
Pluto,15,300.6760472164616,-22.394242829412107,engine
Pluto,16,300.6760555649414,-22.394242796012808,engine
Pluto,17,300.6760639143543,-22.39424276241064,engine
Pluto,18,300.6760722646923,-22.39424272860744,engine
Pluto,19,300.6760806159641,-22.39424269460501,engine
Pluto,20,300.6760889681703,-22.394242660404934,engine
Pluto,21,300.67609732131893,-22.39424262600946,engine
Pluto,22,300.67610567541067,-22.3942425914202,engine
Pluto,23,300.67611403044833,-22.39424255663897,engine
Pluto,24,300.676122386435,-22.394242521667596,engine
Pluto,25,300.6761307433713,-22.3942424865077,engine
Pluto,26,300.67613910126494,-22.39424245116154,engine
Pluto,27,300.67614746011657,-22.39424241563076,engine
Pluto,28,300.676155819929,-22.39424237991721,engine
Pluto,29,300.6761641807107,-22.39424234402269,engine
Pluto,30,300.6761725424534,-22.39424230794912,engine
Rahu,-30,50.248876752100806,18.432135963696307,engine
Rahu,-20,50.249084320462046,18.432187747727042,engine
Rahu,-15,50.249188158793025,18.432213653156015,engine
Rahu,-10,50.24929203252047,18.432239567351736,engine
Rahu,-5,50.249395941200504,18.43226549020337,engine
Rahu,-2,50.24945830294235,18.43228104800844,engine
Rahu,-1,50.249479092929555,18.4322862346219,engine
Rahu,0,50.24949988427779,18.43229142157232,engine
Rahu,1,50.24952067698312,18.43229660885877,engine
Rahu,2,50.249541471041326,18.432301796480143,engine
Rahu,3,50.24956226644857,18.432306984435513,engine
Rahu,4,50.24958306320087,18.432312172723876,engine
Rahu,5,50.24960386129434,18.432317361344268,engine
Rahu,6,50.24962466073866,18.4323225502991,engine
Rahu,7,50.249645461501906,18.432327739580398,engine
Rahu,8,50.24966626359438,18.43233292919075,engine
Rahu,9,50.24968706701179,18.432338119129078,engine
Rahu,10,50.24970787173631,18.432343309390934,engine
Rahu,11,50.249728677792085,18.432348499982336,engine
Rahu,12,50.24974948516072,18.432353690898697,engine
Rahu,13,50.24977029383845,18.43235888213908,engine
Rahu,14,50.24979110382124,18.432364073702473,engine
Rahu,15,50.24981191510494,18.43236926558784,engine
Rahu,16,50.249832727685956,18.432374457794282,engine
Rahu,17,50.24985354157385,18.4323796503242,engine
Rahu,18,50.24987435673703,18.4323848431697,engine
Rahu,19,50.24989517318508,18.432390036333157,engine
Rahu,20,50.24991599091435,18.432395229813697,engine
Rahu,21,50.249936809920605,18.432400423610225,engine
Rahu,22,50.2499576302001,18.43240561772183,engine
Rahu,23,50.24997845173466,18.43241081214397,engine
Rahu,24,50.249999274548344,18.432416006882644,engine
Rahu,25,50.25002009862311,18.432421201933362,engine
Rahu,26,50.25004092395498,18.432426397295103,engine
Rahu,27,50.25006175053995,18.4324315929669,engine
Rahu,28,50.25008257837421,18.432436788947797,engine
Rahu,29,50.25010340746756,18.432441985240228,engine
Rahu,30,50.25012423778797,18.432447181836196,engine
Regulus,-30,152.09518463104428,11.965871869145355,engine
Regulus,-20,152.09518631044776,11.965871876959936,engine
Regulus,-15,152.09518716372446,11.965871888036657,engine
Regulus,-10,152.09518802535595,11.965871903943675,engine
Regulus,-5,152.09518889481626,11.965871924716136,engine
Regulus,-2,152.09518942002973,11.965871939528764,engine
Regulus,-1,152.09518959566492,11.965871944859337,engine
Regulus,0,152.09518977157504,11.965871950386834,engine
Regulus,1,152.0951899477557,11.965871956111487,engine
Regulus,2,152.09519012420273,11.965871962033521,engine
Regulus,3,152.09519030091178,11.965871968153179,engine
Regulus,4,152.0951904778786,11.965871974470673,engine
Regulus,5,152.09519065509883,11.965871980986234,engine
Regulus,6,152.09519083256833,11.965871987700085,engine
Regulus,7,152.09519101028255,11.965871994612415,engine
Regulus,8,152.0951911882373,11.96587200172345,engine
Regulus,9,152.09519136642822,11.965872009033399,engine
Regulus,10,152.09519154485102,11.965872016542459,engine
Regulus,11,152.09519172350136,11.965872024250823,engine
Regulus,12,152.09519190237495,11.965872032158693,engine
Regulus,13,152.09519208146736,11.965872040266266,engine
Regulus,14,152.09519226077435,11.965872048573717,engine
Regulus,15,152.09519244029153,11.965872057081228,engine
Regulus,16,152.09519262001456,11.965872065788984,engine
Regulus,17,152.09519279993918,11.965872074697169,engine
Regulus,18,152.09519298006086,11.965872083805934,engine
Regulus,19,152.0951931603753,11.965872093115461,engine
Regulus,20,152.09519334087815,11.965872102625909,engine
Regulus,21,152.09519352156502,11.965872112337442,engine
Regulus,22,152.0951937024316,11.96587212225021,engine
Regulus,23,152.09519388347346,11.965872132364371,engine
Regulus,24,152.09519406468627,11.96587214268007,engine
Regulus,25,152.09519424606557,11.965872153197457,engine
Regulus,26,152.09519442760708,11.965872163916664,engine
Regulus,27,152.09519460930636,11.965872174837832,engine
Regulus,28,152.095194791159,11.965872185961103,engine
Regulus,29,152.09519497316077,11.965872197286599,engine
Regulus,30,152.09519515530695,11.965872208814439,engine
Saturn,-30,324.90870920313506,-15.00633752329665,engine
Saturn,-20,324.9092947256482,-15.006157733591957,engine
Saturn,-15,324.90958755657664,-15.006067829826554,engine
Saturn,-10,324.9098804350563,-15.005977920577413,engine
Saturn,-5,324.9101733620371,-15.00588800614601,engine
Saturn,-2,324.9103491417865,-15.005834055158198,engine
Saturn,-1,324.91040773901614,-15.00581607111941,engine
Saturn,0,324.91046633822805,-15.005798086902374,engine
Saturn,1,324.9105249394555,-15.005780102501928,engine
Saturn,2,324.91058354269114,-15.0057621179248,engine
Saturn,3,324.91064214792743,-15.005744133177688,engine
Saturn,4,324.9107007551976,-15.005726148255473,engine
Saturn,5,324.9107593644804,-15.005708163168828,engine
Saturn,6,324.9108179758483,-15.005690177900577,engine
Saturn,7,324.9108765892014,-15.00567219248555,engine
Saturn,8,324.91093520461203,-15.005654206906547,engine
Saturn,9,324.9109938220588,-15.00563622117431,engine
Saturn,10,324.9110524415746,-15.005618235283732,engine
Saturn,11,324.91111106313804,-15.00560024924551,engine
Saturn,12,324.9111696867819,-15.0055822630546,engine
Saturn,13,324.91122831248447,-15.00556427672171,engine
Saturn,14,324.91128694027867,-15.00554629024178,engine
Saturn,15,324.91134557014266,-15.00552830362555,engine
Saturn,16,324.9114042021091,-15.005510316867959,engine
Saturn,17,324.9114628361957,-15.005492329967714,engine
Saturn,18,324.9115214723561,-15.005474342943865,engine
Saturn,19,324.91158011060793,-15.005456355795152,engine
Saturn,20,324.91163875098346,-15.005438368516511,engine
Saturn,21,324.91169739346077,-15.005420381118743,engine
Saturn,22,324.9117560380722,-15.005402393596798,engine
Saturn,23,324.91181468479573,-15.005384405961495,engine
Saturn,24,324.91187333366344,-15.005366418207794,engine
Saturn,25,324.91193198466675,-15.00534843034256,engine
Saturn,26,324.91199063779715,-15.005330442372648,engine
Saturn,27,324.91204929308657,-15.005312454293044,engine
Saturn,28,324.91210795051273,-15.005294466114588,engine
Saturn,29,324.9121666101469,-15.005276477820212,engine
Saturn,30,324.912225271888,-15.005258489444877,engine
Sun,-30,15.14224299059388,6.458557898206481,engine
Sun,-20,15.148537414687185,6.461179647765573,engine
Sun,-15,15.151685056923123,6.462490381340444,engine
Sun,-10,15.154833003462597,6.463801021439281,engine
Sun,-5,15.157981268530381,6.4651115691269645,engine
Sun,-2,15.159870385520398,6.465897853501883,engine
Sun,-1,15.160500118181913,6.466159940975043,engine
Sun,0,15.16112986451641,6.466422024799314,engine
Sun,1,15.161759624628273,6.4666841049811,engine
Sun,2,15.16238939862135,6.46694618152681,engine
Sun,3,15.163019186599312,6.467208254442904,engine
Sun,4,15.163648988665523,6.46747032373589,engine
Sun,5,15.164278804923068,6.4677323894123075,engine
Sun,6,15.16490863589722,6.467994451654527,engine
Sun,7,15.165538480845967,6.468256510117803,engine
Sun,8,15.166168340293689,6.468518564984448,engine
Sun,9,15.16679821434255,6.46878061626129,engine
Sun,10,15.167428103094359,6.469042663955167,engine
Sun,11,15.168058006650625,6.469304708072924,engine
Sun,12,15.168687925112575,6.469566748621507,engine
Sun,13,15.169317858581348,6.469828785607944,engine
Sun,14,15.169947807157273,6.470090819039123,engine
Sun,15,15.17057777094086,6.470352848922182,engine
Sun,16,15.171207750032314,6.470614875264267,engine
Sun,17,15.171837744953846,6.470876898248229,engine
Sun,18,15.172467754960342,6.471138917529996,engine
Sun,19,15.173097780573077,6.471400933292373,engine
Sun,20,15.17372782189125,6.471662945542786,engine
Sun,21,15.174357879013474,6.471924954288591,engine
Sun,22,15.174987952038194,6.472186959537238,engine
Sun,23,15.175618041063647,6.47244896129626,engine
Sun,24,15.176248146187252,6.472710959573064,engine
Sun,25,15.176878267506657,6.4729729543752725,engine
Sun,26,15.177508405119095,6.473234945710533,engine
Sun,27,15.178138559121603,6.473496933586592,engine
Sun,28,15.178768729610384,6.47375891801102,engine
Sun,29,15.179398917104471,6.474020899167346,engine
Sun,30,15.180029120854705,6.474282876712051,engine
Uranus,-30,40.53852601982816,15.351526530310176,engine
Uranus,-20,40.53888651920132,15.35164026294432,engine
Uranus,-15,40.539066736858146,15.351697117348449,engine
Uranus,-10,40.53924693414012,15.35175396361226,engine
Uranus,-5,40.53942711187902,15.351810801618793,engine
Uranus,-2,40.539535209441794,15.351844900396374,engine
Uranus,-1,40.53957124049188,15.35185626597981,engine
Uranus,0,40.539607270816425,15.351867631223456,engine
Uranus,1,40.5396433004219,15.351878996126322,engine
Uranus,2,40.539679329309834,15.351890360685875,engine
Uranus,3,40.53971535749648,15.351901724904259,engine
Uranus,4,40.539751384983475,15.351913088778957,engine
Uranus,5,40.53978741177728,15.351924452309008,engine
Uranus,6,40.53982343790861,15.351935815501085,engine
Uranus,7,40.5398594633308,15.351947178337458,engine
Uranus,8,40.53989548808432,15.351958540827914,engine
Uranus,9,40.53993151217086,15.351969902969985,engine
Uranus,10,40.53996753559702,15.351981264762744,engine
Uranus,11,40.54000355836451,15.351992626203735,engine
Uranus,12,40.54003958048971,15.352003987295147,engine
Uranus,13,40.540075601974365,15.352015348034543,engine
Uranus,14,40.54011162282029,15.352026708419475,engine
Uranus,15,40.54014764304386,15.352038068452172,engine
Uranus,16,40.54018366264688,15.352049428130208,engine
Uranus,17,40.54021968166023,15.352060787460324,engine
Uranus,18,40.540255700037406,15.352072146424884,engine
Uranus,19,40.54029171781903,15.352083505033765,engine
Uranus,20,40.54032773500701,15.352094863284561,engine
Uranus,21,40.540363751603174,15.352106221174882,engine
Uranus,22,40.54039976762408,15.352117578707015,engine
Uranus,23,40.5404357830716,15.352128935878579,engine
Uranus,24,40.54047179794768,15.352140292687215,engine
Uranus,25,40.540507812268864,15.352151649135216,engine
Uranus,26,40.5405438260371,15.352163005220238,engine
Uranus,27,40.540579839259244,15.35217436094149,engine
Uranus,28,40.540615851937254,15.352185716296638,engine
Uranus,29,40.540651864111894,15.352197071295619,engine
Uranus,30,40.540687875736886,15.352208425920894,engine
Venus,-30,332.62160140966137,-10.888335607246205,engine
Venus,-20,332.6288937850642,-10.886252744172186,engine
Venus,-15,332.63254116180093,-10.885211110739657,engine
Venus,-10,332.6361893398904,-10.884169347143159,engine
Venus,-5,332.63983832682567,-10.883127456320219,engine
Venus,-2,332.6420281092279,-10.882502262253732,engine
Venus,-1,332.6427581021118,-10.882293854447102,engine
Venus,0,332.64348812776177,-10.882085441790887,engine
Venus,1,332.6442181861127,-10.881877024306092,engine
Venus,2,332.64494827742845,-10.88166860202928,engine
Venus,3,332.64567840164284,-10.881460174981513,engine
Venus,4,332.6464085587986,-10.88125174318904,engine
Venus,5,332.6471387488282,-10.881043306673009,engine
Venus,6,332.6478689724828,-10.880834865330316,engine
Venus,7,332.64859922871415,-10.880626419461693,engine
Venus,8,332.6493295180524,-10.880417968953743,engine
Venus,9,332.65005984042733,-10.880209513827738,engine
Venus,10,332.6507901960981,-10.880001054120449,engine
Venus,11,332.6515205849933,-10.879792589853205,engine
Venus,12,332.65225100715077,-10.879584121052488,engine
Venus,13,332.65298146249785,-10.87937564773968,engine
Venus,14,332.6537119512912,-10.879167169951671,engine
Venus,15,332.65444247345687,-10.878958687709854,engine
Venus,16,332.65517302903027,-10.878750201040878,engine
Venus,17,332.6559036184261,-10.878541709826406,engine
Venus,18,332.6566342409188,-10.878333214383002,engine
Venus,19,332.65736489692154,-10.878124714592412,engine
Venus,20,332.6580955864674,-10.877916210481342,engine
Venus,21,332.65882630947857,-10.877707702071383,engine
Venus,22,332.65955706620673,-10.877499189399558,engine
Venus,23,332.66028785657284,-10.877290672487536,engine
Venus,24,332.6610186806073,-10.877082151362089,engine
Venus,25,332.6617495382297,-10.87687362604491,engine
Venus,26,332.66248042968925,-10.876665096573122,engine
Venus,27,332.6632113549044,-10.876456562968453,engine
Venus,28,332.66394231379286,-10.876248025252632,engine
Venus,29,332.66467330709213,-10.876039483322998,engine
Venus,30,332.66540433373837,-10.875830937481027,engine
Vesta,-30,314.6242630112074,-17.59587143951869,engine
Vesta,-20,314.62738031733545,-17.595267971885015,engine
Vesta,-15,314.6289393651702,-17.59496621810326,engine
Vesta,-10,314.6304986769203,-17.594664453547065,engine
Vesta,-5,314.6320582539589,-17.59436267995027,engine
Vesta,-2,314.6329941274525,-17.59418161227916,engine
Vesta,-1,314.6333061065025,-17.594121255893533,engine
Vesta,0,314.63361809618794,-17.59406089928212,engine
Vesta,1,314.63393009663525,-17.59400054244231,engine
Vesta,2,314.63424210760024,-17.593940185423897,engine
Vesta,3,314.6345541292089,-17.593879828224285,engine
Vesta,4,314.6348661615869,-17.59381947084087,engine
Vesta,5,314.6351782044895,-17.59375911332344,engine
Vesta,6,314.6354902582511,-17.59369875562895,engine
Vesta,7,314.6358023225783,-17.593638397835736,engine
Vesta,8,314.6361143974348,-17.593578039953123,engine
Vesta,9,314.6364264829453,-17.593517681978547,engine
Vesta,10,314.636738579234,-17.593457323909387,engine
Vesta,11,314.6370506860548,-17.593396965795474,engine
Vesta,12,314.6373628035316,-17.59333660763421,engine
Vesta,13,314.6376749317881,-17.59327624942301,engine
Vesta,14,314.63798707057737,-17.593215891211667,engine
Vesta,15,314.63829922002265,-17.59315553299759,engine
Vesta,16,314.6386113801236,-17.593095174795675,engine
Vesta,17,314.6389235512122,-17.59303481656285,engine
Vesta,18,314.639235732622,-17.592974458429847,engine
Vesta,19,314.6395479246848,-17.59291410035362,engine
Vesta,20,314.6398601275226,-17.592853742331556,engine
Vesta,21,314.6401723408869,-17.592793384413458,engine
Vesta,22,314.64048456489945,-17.592733026596726,engine
Vesta,23,314.64079679968154,-17.592672668878745,engine
Vesta,24,314.64110904498415,-17.59261231130931,engine
Vesta,25,314.6414213009282,-17.592551953885813,engine
Vesta,26,314.6417335676344,-17.59249159660564,engine
Vesta,27,314.64204584485293,-17.592431239518557,engine
Vesta,28,314.64235813270415,-17.592370882621953,engine
Vesta,29,314.64267043151744,-17.592310525872715,engine
Vesta,30,314.64298274062355,-17.592250169401566,engine
Gonggong,-30,337.20620864540393,-11.086321050926072,tno-rate
Gonggong,-20,337.2062657937041,-11.086296022014002,tno-rate
Gonggong,-15,337.20629436785424,-11.086283507557965,tno-rate
Gonggong,-10,337.2063229420043,-11.08627099310193,tno-rate
Gonggong,-5,337.2063515161544,-11.086258478645895,tno-rate
Gonggong,-2,337.20636866064444,-11.086250969972275,tno-rate
Gonggong,-1,337.20637437547447,-11.086248467081067,tno-rate
Gonggong,0,337.2063800903045,-11.08624596418986,tno-rate
Gonggong,1,337.2063858051345,-11.086243461298654,tno-rate
Gonggong,2,337.20639151996454,-11.086240958407446,tno-rate
Gonggong,3,337.20639723479457,-11.08623845551624,tno-rate
Gonggong,4,337.2064029496246,-11.086235952625032,tno-rate
Gonggong,5,337.20640866445456,-11.086233449733825,tno-rate
Gonggong,6,337.2064143792846,-11.086230946842617,tno-rate
Gonggong,7,337.2064200941146,-11.086228443951411,tno-rate
Gonggong,8,337.20642580894463,-11.086225941060205,tno-rate
Gonggong,9,337.20643152377465,-11.086223438168997,tno-rate
Gonggong,10,337.2064372386047,-11.08622093527779,tno-rate
Gonggong,11,337.2064429534347,-11.086218432386582,tno-rate
Gonggong,12,337.2064486682647,-11.086215929495376,tno-rate
Gonggong,13,337.20645438309475,-11.086213426604168,tno-rate
Gonggong,14,337.2064600979248,-11.086210923712962,tno-rate
Gonggong,15,337.20646581275474,-11.086208420821755,tno-rate
Gonggong,16,337.20647152758477,-11.086205917930547,tno-rate
Gonggong,17,337.2064772424148,-11.086203415039341,tno-rate
Gonggong,18,337.2064829572448,-11.086200912148133,tno-rate
Gonggong,19,337.20648867207484,-11.086198409256927,tno-rate
Gonggong,20,337.20649438690486,-11.086195906365718,tno-rate
Gonggong,21,337.2065001017349,-11.086193403474512,tno-rate
Gonggong,22,337.2065058165649,-11.086190900583306,tno-rate
Gonggong,23,337.20651153139494,-11.086188397692098,tno-rate
Gonggong,24,337.20651724622496,-11.086185894800892,tno-rate
Gonggong,25,337.20652296105493,-11.086183391909683,tno-rate
Gonggong,26,337.20652867588495,-11.086180889018477,tno-rate
Gonggong,27,337.206534390715,-11.08617838612727,tno-rate
Gonggong,28,337.206540105545,-11.086175883236063,tno-rate
Gonggong,29,337.206545820375,-11.086173380344857,tno-rate
Gonggong,30,337.20655153520505,-11.086170877453648,tno-rate
Haumea,-30,217.05105280831495,15.788759684114552,tno-rate
Haumea,-20,217.05094718091158,15.788816618087049,tno-rate
Haumea,-15,217.05089436720988,15.788845085073296,tno-rate
Haumea,-10,217.05084155350818,15.788873552059544,tno-rate
Haumea,-5,217.0507887398065,15.788902019045793,tno-rate
Haumea,-2,217.0507570515855,15.78891909923754,tno-rate
Haumea,-1,217.05074648884514,15.788924792634791,tno-rate
Haumea,0,217.0507359261048,15.78893048603204,tno-rate
Haumea,1,217.05072536336448,15.788936179429289,tno-rate
Haumea,2,217.05071480062412,15.78894187282654,tno-rate
Haumea,3,217.0507042378838,15.788947566223788,tno-rate
Haumea,4,217.05069367514346,15.788953259621039,tno-rate
Haumea,5,217.0506831124031,15.788958953018287,tno-rate
Haumea,6,217.05067254966278,15.788964646415538,tno-rate
Haumea,7,217.05066198692245,15.788970339812787,tno-rate
Haumea,8,217.0506514241821,15.788976033210037,tno-rate
Haumea,9,217.05064086144176,15.788981726607286,tno-rate
Haumea,10,217.05063029870144,15.788987420004537,tno-rate
Haumea,11,217.05061973596108,15.788993113401785,tno-rate
Haumea,12,217.05060917322075,15.788998806799034,tno-rate
Haumea,13,217.0505986104804,15.789004500196285,tno-rate
Haumea,14,217.05058804774006,15.789010193593533,tno-rate
Haumea,15,217.05057748499974,15.789015886990784,tno-rate
Haumea,16,217.05056692225938,15.789021580388033,tno-rate
Haumea,17,217.05055635951905,15.789027273785283,tno-rate
Haumea,18,217.05054579677872,15.789032967182532,tno-rate
Haumea,19,217.05053523403836,15.789038660579783,tno-rate
Haumea,20,217.05052467129804,15.789044353977031,tno-rate
Haumea,21,217.0505141085577,15.78905004737428,tno-rate
Haumea,22,217.05050354581735,15.78905574077153,tno-rate
Haumea,23,217.05049298307702,15.78906143416878,tno-rate
Haumea,24,217.0504824203367,15.78906712756603,tno-rate
Haumea,25,217.05047185759634,15.789072820963279,tno-rate
Haumea,26,217.050461294856,15.78907851436053,tno-rate
Haumea,27,217.05045073211568,15.789084207757778,tno-rate
Haumea,28,217.05044016937532,15.789089901155029,tno-rate
Haumea,29,217.050429606635,15.789095594552277,tno-rate
Haumea,30,217.05041904389466,15.789101287949528,tno-rate
Makemake,-30,198.49644919188316,22.95911261675741,tno-rate
Makemake,-20,198.49633403297838,22.959151100771702,tno-rate
Makemake,-15,198.49627645352598,22.95917034277885,tno-rate
Makemake,-10,198.49621887407358,22.959189584785996,tno-rate
Makemake,-5,198.4961612946212,22.959208826793144,tno-rate
Makemake,-2,198.49612674694976,22.959220371997432,tno-rate
Makemake,-1,198.4961152310593,22.95922422039886,tno-rate
Makemake,0,198.4961037151688,22.95922806880029,tno-rate
Makemake,1,198.4960921992783,22.95923191720172,tno-rate
Makemake,2,198.49608068338785,22.959235765603147,tno-rate
Makemake,3,198.49606916749735,22.959239614004577,tno-rate
Makemake,4,198.4960576516069,22.959243462406008,tno-rate
Makemake,5,198.4960461357164,22.959247310807434,tno-rate
Makemake,6,198.49603461982593,22.959251159208865,tno-rate
Makemake,7,198.49602310393544,22.959255007610295,tno-rate
Makemake,8,198.49601158804498,22.959258856011726,tno-rate
Makemake,9,198.4960000721545,22.959262704413153,tno-rate
Makemake,10,198.49598855626402,22.959266552814583,tno-rate
Makemake,11,198.49597704037353,22.959270401216013,tno-rate
Makemake,12,198.49596552448304,22.95927424961744,tno-rate
Makemake,13,198.49595400859258,22.95927809801887,tno-rate
Makemake,14,198.49594249270208,22.9592819464203,tno-rate
Makemake,15,198.49593097681162,22.959285794821728,tno-rate
Makemake,16,198.49591946092113,22.95928964322316,tno-rate
Makemake,17,198.49590794503067,22.95929349162459,tno-rate
Makemake,18,198.49589642914017,22.959297340026016,tno-rate
Makemake,19,198.4958849132497,22.959301188427446,tno-rate
Makemake,20,198.49587339735922,22.959305036828876,tno-rate
Makemake,21,198.49586188146873,22.959308885230307,tno-rate
Makemake,22,198.49585036557826,22.959312733631734,tno-rate
Makemake,23,198.49583884968777,22.959316582033164,tno-rate
Makemake,24,198.4958273337973,22.959320430434595,tno-rate
Makemake,25,198.49581581790682,22.95932427883602,tno-rate
Makemake,26,198.49580430201635,22.959328127237452,tno-rate
Makemake,27,198.49579278612586,22.959331975638882,tno-rate
Makemake,28,198.4957812702354,22.95933582404031,tno-rate
Makemake,29,198.4957697543449,22.95933967244174,tno-rate
Makemake,30,198.49575823845444,22.95934352084317,tno-rate
Orcus,-30,155.9496321961651,-11.75689987667575,tno-rate
Orcus,-20,155.94954763296104,-11.756836608459958,tno-rate
Orcus,-15,155.949505351359,-11.756804974352061,tno-rate
Orcus,-10,155.94946306975697,-11.756773340244164,tno-rate
Orcus,-5,155.94942078815492,-11.756741706136268,tno-rate
Orcus,-2,155.9493954191937,-11.75672272567153,tno-rate
Orcus,-1,155.94938696287332,-11.75671639884995,tno-rate
Orcus,0,155.9493785065529,-11.75671007202837,tno-rate
Orcus,1,155.9493700502325,-11.756703745206792,tno-rate
Orcus,2,155.9493615939121,-11.756697418385212,tno-rate
Orcus,3,155.9493531375917,-11.756691091563633,tno-rate
Orcus,4,155.94934468127127,-11.756684764742053,tno-rate
Orcus,5,155.94933622495088,-11.756678437920474,tno-rate
Orcus,6,155.94932776863047,-11.756672111098895,tno-rate
Orcus,7,155.94931931231005,-11.756665784277315,tno-rate
Orcus,8,155.94931085598964,-11.756659457455736,tno-rate
Orcus,9,155.94930239966925,-11.756653130634158,tno-rate
Orcus,10,155.94929394334883,-11.756646803812577,tno-rate
Orcus,11,155.94928548702842,-11.756640476990999,tno-rate
Orcus,12,155.94927703070803,-11.756634150169418,tno-rate
Orcus,13,155.94926857438762,-11.75662782334784,tno-rate
Orcus,14,155.9492601180672,-11.756621496526261,tno-rate
Orcus,15,155.9492516617468,-11.75661516970468,tno-rate
Orcus,16,155.9492432054264,-11.756608842883102,tno-rate
Orcus,17,155.94923474910598,-11.756602516061523,tno-rate
Orcus,18,155.9492262927856,-11.756596189239943,tno-rate
Orcus,19,155.94921783646518,-11.756589862418364,tno-rate
Orcus,20,155.94920938014477,-11.756583535596784,tno-rate
Orcus,21,155.94920092382435,-11.756577208775205,tno-rate
Orcus,22,155.94919246750396,-11.756570881953627,tno-rate
Orcus,23,155.94918401118355,-11.756564555132046,tno-rate
Orcus,24,155.94917555486313,-11.756558228310467,tno-rate
Orcus,25,155.94916709854274,-11.756551901488887,tno-rate
Orcus,26,155.94915864222233,-11.756545574667308,tno-rate
Orcus,27,155.9491501859019,-11.75653924784573,tno-rate
Orcus,28,155.94914172958153,-11.75653292102415,tno-rate
Orcus,29,155.9491332732611,-11.75652659420257,tno-rate
Orcus,30,155.9491248169407,-11.756520267380992,tno-rate
Quaoar,-30,277.270308103877,-15.251241685383253,tno-rate
Quaoar,-20,277.27030802937753,-15.251218667491605,tno-rate
Quaoar,-15,277.27030799212775,-15.25120715854578,tno-rate
Quaoar,-10,277.270307954878,-15.251195649599957,tno-rate
Quaoar,-5,277.27030791762826,-15.251184140654132,tno-rate
Quaoar,-2,277.2703078952784,-15.251177235286638,tno-rate
Quaoar,-1,277.27030788782844,-15.251174933497474,tno-rate
Quaoar,0,277.2703078803785,-15.25117263170831,tno-rate
Quaoar,1,277.2703078729285,-15.251170329919145,tno-rate
Quaoar,2,277.27030786547857,-15.25116802812998,tno-rate
Quaoar,3,277.2703078580286,-15.251165726340815,tno-rate
Quaoar,4,277.27030785057866,-15.25116342455165,tno-rate
Quaoar,5,277.2703078431287,-15.251161122762486,tno-rate
Quaoar,6,277.27030783567875,-15.25115882097332,tno-rate
Quaoar,7,277.2703078282288,-15.251156519184155,tno-rate
Quaoar,8,277.27030782077884,-15.25115421739499,tno-rate
Quaoar,9,277.27030781332894,-15.251151915605826,tno-rate
Quaoar,10,277.270307805879,-15.251149613816661,tno-rate
Quaoar,11,277.27030779842903,-15.251147312027497,tno-rate
Quaoar,12,277.2703077909791,-15.251145010238332,tno-rate
Quaoar,13,277.2703077835291,-15.251142708449168,tno-rate
Quaoar,14,277.27030777607916,-15.251140406660003,tno-rate
Quaoar,15,277.2703077686292,-15.251138104870838,tno-rate
Quaoar,16,277.27030776117925,-15.251135803081674,tno-rate
Quaoar,17,277.2703077537293,-15.251133501292509,tno-rate
Quaoar,18,277.27030774627934,-15.251131199503343,tno-rate
Quaoar,19,277.2703077388294,-15.251128897714178,tno-rate
Quaoar,20,277.27030773137943,-15.251126595925014,tno-rate
Quaoar,21,277.2703077239295,-15.251124294135849,tno-rate
Quaoar,22,277.2703077164795,-15.251121992346684,tno-rate
Quaoar,23,277.27030770902957,-15.25111969055752,tno-rate
Quaoar,24,277.2703077015796,-15.251117388768355,tno-rate
Quaoar,25,277.27030769412966,-15.25111508697919,tno-rate
Quaoar,26,277.2703076866797,-15.251112785190026,tno-rate
Quaoar,27,277.2703076792298,-15.251110483400861,tno-rate
Quaoar,28,277.27030767177985,-15.251108181611697,tno-rate
Quaoar,29,277.2703076643299,-15.25110587982253,tno-rate
Quaoar,30,277.27030765687994,-15.251103578033366,tno-rate
Sedna,-30,58.56684430075848,8.241190547002338,tno-rate
Sedna,-20,58.566911037287305,8.241216983575576,tno-rate
Sedna,-15,58.566944405551716,8.241230201862194,tno-rate
Sedna,-10,58.56697777381613,8.241243420148813,tno-rate
Sedna,-5,58.56701114208054,8.241256638435432,tno-rate
Sedna,-2,58.56703116303918,8.241264569407402,tno-rate
Sedna,-1,58.567037836692066,8.241267213064727,tno-rate
Sedna,0,58.56704451034495,8.24126985672205,tno-rate
Sedna,1,58.56705118399783,8.241272500379374,tno-rate
Sedna,2,58.56705785765072,8.241275144036699,tno-rate
Sedna,3,58.56706453130359,8.241277787694022,tno-rate
Sedna,4,58.56707120495648,8.241280431351345,tno-rate
Sedna,5,58.56707787860936,8.241283075008669,tno-rate
Sedna,6,58.567084552262244,8.241285718665994,tno-rate
Sedna,7,58.56709122591513,8.241288362323317,tno-rate
Sedna,8,58.567097899568004,8.24129100598064,tno-rate
Sedna,9,58.56710457322089,8.241293649637964,tno-rate
Sedna,10,58.56711124687377,8.241296293295289,tno-rate
Sedna,11,58.567117920526655,8.241298936952612,tno-rate
Sedna,12,58.56712459417954,8.241301580609935,tno-rate
Sedna,13,58.567131267832416,8.241304224267259,tno-rate
Sedna,14,58.5671379414853,8.241306867924584,tno-rate
Sedna,15,58.56714461513818,8.241309511581907,tno-rate
Sedna,16,58.56715128879107,8.24131215523923,tno-rate
Sedna,17,58.56715796244395,8.241314798896553,tno-rate
Sedna,18,58.56716463609683,8.241317442553878,tno-rate
Sedna,19,58.56717130974971,8.241320086211202,tno-rate
Sedna,20,58.567177983402594,8.241322729868525,tno-rate
Sedna,21,58.56718465705548,8.241325373525848,tno-rate
Sedna,22,58.56719133070836,8.241328017183173,tno-rate
Sedna,23,58.56719800436124,8.241330660840497,tno-rate
Sedna,24,58.56720467801412,8.24133330449782,tno-rate
Sedna,25,58.567211351667005,8.241335948155143,tno-rate
Sedna,26,58.56721802531989,8.241338591812468,tno-rate
Sedna,27,58.56722469897277,8.241341235469791,tno-rate
Sedna,28,58.56723137262565,8.241343879127115,tno-rate
Sedna,29,58.56723804627853,8.241346522784438,tno-rate
Sedna,30,58.567244719931416,8.241349166441763,tno-rate
Transpluto,-30,154.38205429826786,10.615165486773142,engine
Transpluto,-20,154.38201043626495,10.615182080023958,engine
Transpluto,-15,154.38198850731126,10.615190375835708,engine
Transpluto,-10,154.38196657972696,10.61519867110343,engine
Transpluto,-5,154.38194465350648,10.615206965829204,engine
Transpluto,-2,154.3819314984321,10.615211942403283,engine
Transpluto,-1,154.38192711351655,10.615213601217866,engine
Transpluto,0,154.38192272865584,10.615215260010697,engine
Transpluto,1,154.38191834384975,10.615216918781828,engine
Transpluto,2,154.38191395909834,10.615218577531179,engine
Transpluto,3,154.3819095744017,10.615220236258814,engine
Transpluto,4,154.38190518975966,10.61522189496476,engine
Transpluto,5,154.38190080517234,10.615223553648933,engine
Transpluto,6,154.38189642063682,10.615225212312485,engine
Transpluto,7,154.38189203615894,10.615226870953189,engine
Transpluto,8,154.38188765173572,10.615228529572162,engine
Transpluto,9,154.3818832673672,10.615230188169393,engine
Transpluto,10,154.38187888305333,10.615231846744882,engine
Transpluto,11,154.38187449879428,10.615233505298667,engine
Transpluto,12,154.38187011458984,10.615235163830647,engine
Transpluto,13,154.38186573044018,10.615236822340949,engine
Transpluto,14,154.38186134634518,10.61523848082948,engine
Transpluto,15,154.38185696230488,10.615240139296263,engine
Transpluto,16,154.38185257831938,10.615241797741316,engine
Transpluto,17,154.3818481943856,10.615243456165727,engine
Transpluto,18,154.3818438105095,10.6152451145673,engine
Transpluto,19,154.38183942668812,10.615246772947117,engine
Transpluto,20,154.3818350429214,10.615248431305151,engine
Transpluto,21,154.38183065920947,10.615250089641489,engine
Transpluto,22,154.3818262755522,10.61525174795608,engine
Transpluto,23,154.38182189194976,10.615253406248865,engine
Transpluto,24,154.381817508402,10.615255064519928,engine
Transpluto,25,154.381813124909,10.61525672276925,engine
Transpluto,26,154.38180874147068,10.61525838099681,engine
Transpluto,27,154.38180435808704,10.615260039202635,engine
Transpluto,28,154.38179997475825,10.615261697386707,engine
Transpluto,29,154.38179559148116,10.615263355550073,engine
Transpluto,30,154.3817912082619,10.615265013690655,engine
Part_of_Fortune,-30,208.58796106673663,31.016330933670538,engine
Part_of_Fortune,-20,210.27505868388636,30.462922270413856,engine
Part_of_Fortune,-15,211.1158484862582,30.18236354102934,engine
Part_of_Fortune,-10,211.95488706083094,29.899301386682467,engine
Part_of_Fortune,-5,212.7922389823292,29.613786224659023,engine
Part_of_Fortune,-2,213.29386655813644,29.44132100516657,engine
Part_of_Fortune,-1,213.46094819060755,29.383642390255684,engine
Part_of_Fortune,0,213.62796674764152,29.325869362105305,engine
Part_of_Fortune,1,213.79492288015473,29.268002343869362,engine
Part_of_Fortune,2,213.96181690581167,29.210041750354296,engine
Part_of_Fortune,3,214.1286494713194,29.15198800704679,engine
Part_of_Fortune,4,214.29542088911603,29.09384153159545,engine
Part_of_Fortune,5,214.46213180235898,29.035602751621965,engine
Part_of_Fortune,6,214.62878263067546,28.97727204826574,engine
Part_of_Fortune,7,214.79537378909356,28.918849929972552,engine
Part_of_Fortune,8,214.96190569397925,28.86033678015732,engine
Part_of_Fortune,9,215.1283789787493,28.801733031847355,engine
Part_of_Fortune,10,215.29479394419928,28.743039109997614,engine
Part_of_Fortune,11,215.46115121959144,28.684255450125953,engine
Part_of_Fortune,12,215.6274511845994,28.625382481957118,engine
Part_of_Fortune,13,215.7936942157566,28.566420636955307,engine
Part_of_Fortune,14,215.95988093743614,28.50737035396298,engine
Part_of_Fortune,15,216.1260116396534,28.448232064721246,engine
Part_of_Fortune,16,216.2920869419694,28.38900621092914,engine
Part_of_Fortune,17,216.45810724249452,28.32969318689318,engine
Part_of_Fortune,18,216.6240729345278,28.27029351628334,engine
Part_of_Fortune,19,216.7899844125175,28.21080759606073,engine
Part_of_Fortune,20,216.95584228803142,28.151235873108725,engine
Part_of_Fortune,21,217.1216469235639,28.091578788741188,engine
Part_of_Fortune,22,217.2873986789624,28.031836785931347,engine
Part_of_Fortune,23,217.45309816055612,27.97201031526046,engine
Part_of_Fortune,24,217.61874564274927,27.91209981984756,engine
Part_of_Fortune,25,217.7843417279417,27.852105752932896,engine
Part_of_Fortune,26,217.94988676978508,27.79202856231702,engine
Part_of_Fortune,27,218.1153811190578,27.73186869758387,engine
Part_of_Fortune,28,218.28082537408184,27.671626615338887,engine
Part_of_Fortune,29,218.44621991045994,27.611302725211125,engine
Part_of_Fortune,30,218.61156510095304,27.55089756737329,engine
Part_of_Spirit,-30,86.90589379722428,-4.964795829011285,engine
Part_of_Spirit,-20,88.46639909463461,-5.554028345730176,engine
Part_of_Spirit,-15,89.24434048418772,-5.852217955011637,engine
Part_of_Spirit,-10,90.0208172426089,-6.152720099155742,engine
Part_of_Spirit,-5,90.79588439412153,-6.45548182899619,engine
Part_of_Spirit,-2,91.26027018273524,-6.638201114405341,engine
Part_of_Spirit,-1,91.41495882111043,-6.699281992827782,engine
Part_of_Spirit,0,91.56959494428324,-6.760449367395463,engine
Part_of_Spirit,1,91.72417879334527,-6.821702805263007,engine
Part_of_Spirit,2,91.87871094034634,-6.883041863775897,engine
Part_of_Spirit,3,92.03319162186509,-6.944466107941928,engine
Part_of_Spirit,4,92.18762140415953,-7.0059750925679865,engine
Part_of_Spirit,5,92.34200052001293,-7.067568380732249,engine
Part_of_Spirit,6,92.49632963405857,-7.129245566298453,engine
Part_of_Spirit,7,92.6506087671732,-7.1910061272387225,engine
Part_of_Spirit,8,92.80483858024814,-7.2528496554730655,engine
Part_of_Spirit,9,92.9590192956906,-7.314775709052748,engine
Part_of_Spirit,10,93.11315146658927,-7.376783836451626,engine
Part_of_Spirit,11,93.26723531090471,-7.4388735934051535,engine
Part_of_Spirit,12,93.42127129433025,-7.501044528343421,engine
Part_of_Spirit,13,93.57525987912588,-7.563296188122232,engine
Part_of_Spirit,14,93.72920127793905,-7.625628125457265,engine
Part_of_Spirit,15,93.88309603188097,-7.688039882864521,engine
Part_of_Spirit,16,94.03694434844942,-7.750531010390448,engine
Part_of_Spirit,17,94.19074686818676,-7.813101090499046,engine
Part_of_Spirit,18,94.34450358850117,-7.875749587106826,engine
Part_of_Spirit,19,94.49821514573128,-7.938476080355198,engine
Part_of_Spirit,20,94.65188173890942,-8.001280115512335,engine
Part_of_Spirit,21,94.80550381464985,-8.064161230745952,engine
Part_of_Spirit,22,94.9590818166061,-8.12711896276035,engine
Part_of_Spirit,23,95.1126159381639,-8.190152853424014,engine
Part_of_Spirit,24,95.26610670266372,-8.253262435384318,engine
Part_of_Spirit,25,95.41955429936905,-8.316447248051904,engine
Part_of_Spirit,26,95.57295916499046,-8.379706823867679,engine
Part_of_Spirit,27,95.72632173310743,-8.44304069369497,engine
Part_of_Spirit,28,95.87964218852952,-8.506448393890826,engine
Part_of_Spirit,29,96.03292114652226,-8.569929493546326,engine
Part_of_Spirit,30,96.18615858239184,-8.633483441425817,engine
Ascendant,-30,147.74692743198045,13.025767552329627,engine
Ascendant,-20,149.37072888926048,12.454446962341839,engine
Ascendant,-15,150.18009448522295,12.165072793008852,engine
Ascendant,-10,150.98785215171992,11.873290643763363,engine
Ascendant,-5,151.79406168822536,11.579152197831418,engine
Ascendant,-2,152.27706837043584,11.401559945380615,engine
Ascendant,-1,152.43795350585899,11.342180198713951,engine
Ascendant,0,152.59878084596238,11.282709997354921,engine
Ascendant,1,152.75955083675,11.223149769303179,engine
Ascendant,2,152.920263923079,11.1634999432892,engine
Ascendant,3,153.08092054659224,11.10376094955243,engine
Ascendant,4,153.24152114663778,11.043933219513733,engine
Ascendant,5,153.40206616118596,10.984017185444857,engine
Ascendant,6,153.562556132367,10.924013240983642,engine
Ascendant,7,153.72299127813338,10.863921901366915,engine
Ascendant,8,153.8833721371137,10.803743562342126,engine
Ascendant,9,154.04369913721996,10.743478661397303,engine
Ascendant,10,154.20397270539428,10.683127636772994,engine
Ascendant,11,154.36419326524808,10.6226909283604,engine
Ascendant,12,154.52436123946484,10.562168976806849,engine
Ascendant,13,154.68447704744125,10.501562224416537,engine
Ascendant,14,154.8445411076876,10.440871114252857,engine
Ascendant,15,155.00455383576718,10.380096090928363,engine
Ascendant,16,155.1645156452094,10.319237600269345,engine
Ascendant,17,155.32442705534064,10.258296048197067,engine
Ascendant,18,155.48428826151448,10.197271964588255,engine
Ascendant,19,155.6440997791244,10.136165757852766,engine
Ascendant,20,155.80386201347042,10.074977878798196,engine
Ascendant,21,155.96357536910688,10.013708778997618,engine
Ascendant,22,156.12324024778425,9.952358911585497,engine
Ascendant,23,156.28285704936002,9.890928730918223,engine
Ascendant,24,156.4424261727065,9.82941869223162,engine
Ascendant,25,156.60194801365537,9.767829252440496,engine
Ascendant,26,156.76142296738777,9.706160869224671,engine
Ascendant,27,156.9208514260826,9.64441400194445,engine
Ascendant,28,157.08023378130568,9.582589110724031,engine
Ascendant,29,157.2395705284911,9.5206866158324,engine
Ascendant,30,157.39886184167244,9.458707062973737,engine
Midheaven,-30,39.067901947774644,15.280381894954166,engine
Midheaven,-20,41.57246166207693,16.047758027836064,engine
Midheaven,-15,42.82473084396659,16.418480593422185,engine
Midheaven,-10,44.07699562032885,16.78040147445695,engine
Midheaven,-5,45.3292585383511,17.13341203865196,engine
Midheaven,-2,46.08061613822713,17.340898942691446,engine
Midheaven,-1,46.33106876918666,17.409336691030727,engine
Midheaven,0,46.58152147914586,17.477410918067026,engine
Midheaven,1,46.83197428489348,17.545120893260854,engine
Midheaven,2,47.08242720507186,17.612465897573255,engine
Midheaven,3,47.332880256918905,17.679445222487992,engine
Midheaven,4,47.58333345766254,17.74605817029565,engine
Midheaven,5,47.833786825915105,17.812304054365303,engine
Midheaven,6,48.084240546364185,17.87818224223638,engine
Midheaven,7,48.33469430123223,17.943691979925177,engine
Midheaven,8,48.585148276572866,18.008832656515004,engine
Midheaven,9,48.83560248907865,18.073603626745694,engine
Midheaven,10,49.08605695728465,18.138004256060928,engine
Midheaven,11,49.33651169784585,18.20203391954797,engine
Midheaven,12,49.58696672925724,18.265692002796584,engine
Midheaven,13,49.83742206813087,18.328977900849353,engine
Midheaven,14,50.087877732916226,18.391891019049424,engine
Midheaven,15,50.33833374064227,18.45443077211737,engine
Midheaven,16,50.58879010831186,18.516596584408678,engine
Midheaven,17,50.83924702178221,18.578387931354285,engine
Midheaven,18,51.089704162563045,18.639804173521057,engine
Midheaven,19,51.340161716452386,18.70084480535929,engine
Midheaven,20,51.59061969987006,18.761509288655677,engine
Midheaven,21,51.84107813106435,18.821797094788394,engine
Midheaven,22,52.0915370268535,18.88170770383805,engine
Midheaven,23,52.3419964040205,18.941240604830448,engine
Midheaven,24,52.592456280707296,19.00039529596687,engine
Midheaven,25,52.842916673157035,19.059171283753333,engine
Midheaven,26,53.0933775994343,19.117568083781663,engine
Midheaven,27,53.34383907570218,19.175585219757814,engine
Midheaven,28,53.59430111994288,19.233222224272026,engine
Midheaven,29,53.84476391618946,19.290478676105938,engine
Midheaven,30,54.09522714596121,19.347354047561776,engine
Vertex,-30,292.3896455822569,-21.841693441335213,engine
Vertex,-20,295.2816437903044,-21.403925566626512,engine
Vertex,-15,296.7461526381077,-21.16218311811469,engine
Vertex,-10,298.22316064251504,-20.904768811915762,engine
Vertex,-5,299.71277252233114,-20.631361260976583,engine
Vertex,-2,300.6126275963354,-20.459508137534588,engine
Vertex,-1,300.9135978955052,-20.400907325440986,engine
Vertex,0,301.21507848927376,-20.341644178651347,engine
Vertex,1,301.5170699324559,-20.281716248963146,engine
Vertex,2,301.8195727561863,-20.22112110284561,engine
Vertex,3,302.12258746358435,-20.159856323021202,engine
Vertex,4,302.4261145310216,-20.097919508957,engine
Vertex,5,302.7301544094027,-20.03530827734944,engine
Vertex,6,303.0347077242004,-19.972020221116612,engine
Vertex,7,303.3397744617381,-19.908053079664935,engine
Vertex,8,303.6453551924421,-19.843404485478693,engine
Vertex,9,303.951450252153,-19.778072134685356,engine
Vertex,10,304.25805994973393,-19.712053744911884,engine
Vertex,11,304.5651845621019,-19.64534705718317,engine
Vertex,12,304.8728243383601,-19.57794983588415,engine
Vertex,13,305.1809794948114,-19.509859870710343,engine
Vertex,14,305.48965021910544,-19.441074976640053,engine
Vertex,15,305.79883666580895,-19.371592995806758,engine
Vertex,16,306.10853895769435,-19.301411798130584,engine
Vertex,17,306.41875739466514,-19.230529234306562,engine
Vertex,18,306.7294916191584,-19.158943327827995,engine
Vertex,19,307.0407418650256,-19.086651990582745,engine
Vertex,20,307.35250812303605,-19.01365321411581,engine
Vertex,21,307.66479035235335,-18.93994502247111,engine
Vertex,22,307.97758847605854,-18.86552547423444,engine
Vertex,23,308.2909023824581,-18.79039266324464,engine
Vertex,24,308.6047319264102,-18.714544719296104,engine
Vertex,25,308.9190769248241,-18.63797981026054,engine
Vertex,26,309.23393716090175,-18.560696142116203,engine
Vertex,27,309.5493123790441,-18.482691961256457,engine
Vertex,28,309.86520228911036,-18.40396555452626,engine
Vertex,29,310.18160677365785,-18.324515198059476,engine
Vertex,30,310.4985250425891,-18.24433937106792,engine
Algol,-30,47.036294476333126,40.95571183008359,engine
Algol,-20,47.036294358283435,40.95571299285234,engine
Algol,-15,47.03629425022667,40.95571357669001,engine
Algol,-10,47.03629410939624,40.95571416168933,engine
Algol,-5,47.036293935747445,40.95571474749437,engine
Algol,-2,47.03629381579263,40.95571509921577,engine
Algol,-1,47.03629377317917,40.95571521647887,engine
Algol,0,47.0362937292513,40.95571533374852,engine
Algol,1,47.036293684008946,40.955715451021874,engine
Algol,2,47.03629363745208,40.95571556829607,engine
Algol,3,47.03629358958073,40.95571568556828,engine
Algol,4,47.036293540394865,40.95571580283559,engine
Algol,5,47.03629348989457,40.955715920095216,engine
Algol,6,47.03629343807985,40.95571603734433,engine
Algol,7,47.036293384950916,40.95571615457997,engine
Algol,8,47.036293330507796,40.95571627179931,engine
Algol,9,47.036293274750676,40.955716388999534,engine
Algol,10,47.036293217679685,40.955716506177765,engine
Algol,11,47.03629315929508,40.95571662333119,engine
Algol,12,47.036293099597046,40.955716740456914,engine
Algol,13,47.03629303858584,40.95571685755211,engine
Algol,14,47.03629297626172,40.955716974613914,engine
Algol,15,47.03629291262497,40.955717091639485,engine
Algol,16,47.036292847675966,40.95571720862597,engine
Algol,17,47.036292781414964,40.95571732557061,engine
Algol,18,47.03629271384244,40.955717442470394,engine
Algol,19,47.03629264495874,40.955717559322544,engine
Algol,20,47.03629257476429,40.95571767612422,engine
Algol,21,47.03629250325955,40.95571779287258,engine
Algol,22,47.03629243044498,40.95571790956478,engine
Algol,23,47.03629235632106,40.95571802619798,engine
Algol,24,47.036292280888354,40.95571814276932,engine
Algol,25,47.03629220414739,40.95571825927598,engine
Algol,26,47.03629212609873,40.95571837571512,engine
Algol,27,47.03629204674298,40.955718492083896,engine
Algol,28,47.03629196608077,40.95571860837946,engine
Algol,29,47.036291884112686,40.95571872459908,engine
Algol,30,47.036291800839514,40.95571884073975,engine
Pleiades,-30,56.86693364252756,24.10424583258442,engine
Pleiades,-20,56.866933860024,24.104246589121587,engine
Pleiades,-15,56.86693392950999,24.1042469714598,engine
Pleiades,-10,56.86693397261632,24.104247356224132,engine
Pleiades,-5,56.86693398920512,24.104247743198105,engine
Pleiades,-2,56.86693398637739,24.10424797635251,engine
Pleiades,-1,56.86693398329899,24.104248054221856,engine
Pleiades,0,56.86693397915121,24.104248132163892,engine
Pleiades,1,56.86693397393319,24.104248210176852,engine
Pleiades,2,56.866933967644094,24.10424828825899,engine
Pleiades,3,56.86693396028309,24.104248366408555,engine
Pleiades,4,56.86693395184938,24.104248444623785,engine
Pleiades,5,56.86693394234222,24.10424852290293,engine
Pleiades,6,56.86693393176082,24.104248601244272,engine
Pleiades,7,56.866933920104444,24.10424867964597,engine
Pleiades,8,56.866933907372406,24.10424875810629,engine
Pleiades,9,56.86693389356399,24.10424883662349,engine
Pleiades,10,56.86693387867853,24.10424891519579,engine
Pleiades,11,56.866933862715356,24.104248993821425,engine
Pleiades,12,56.866933845673884,24.104249072498643,engine
Pleiades,13,56.866933827553446,24.10424915122568,engine
Pleiades,14,56.86693380835349,24.104249230000768,engine
Pleiades,15,56.86693378807342,24.104249308822137,engine
Pleiades,16,56.8669337667127,24.104249387687993,engine
Pleiades,17,56.866933744270774,24.10424946659665,engine
Pleiades,18,56.8669337207472,24.10424954554622,engine
Pleiades,19,56.86693369614142,24.104249624534997,engine
Pleiades,20,56.86693367045303,24.104249703561184,engine
Pleiades,21,56.86693364368153,24.104249782623047,engine
Pleiades,22,56.866933615826525,24.104249861718774,engine
Pleiades,23,56.8669335868876,24.10424994084661,engine
Pleiades,24,56.86693355686438,24.10425002000476,engine
Pleiades,25,56.86693352575649,24.1042500991915,engine
Pleiades,26,56.8669334935636,24.104250178404996,engine
Pleiades,27,56.866933460285374,24.1042502576435,engine
Pleiades,28,56.86693342592154,24.10425033690523,engine
Pleiades,29,56.86693339047175,24.104250416188464,engine
Pleiades,30,56.86693335393585,24.1042504954913,engine
Capella,-30,79.16951960430625,45.997155097510635,engine
Capella,-20,79.16952078233324,45.99715620869411,engine
Capella,-15,79.16952132911041,45.997156780733,engine
Capella,-10,79.16952184709866,45.997157363321065,engine
Capella,-5,79.16952233584182,45.99715795614047,engine
Capella,-2,79.16952261486541,45.997158316608974,engine
Capella,-1,79.16952270548207,45.997158437545664,engine
Capella,0,79.16952279489743,45.99715855886823,engine
Capella,1,79.16952288310814,45.99715868057403,engine
Capella,2,79.16952297011083,45.99715880266044,engine
Capella,3,79.16952305590216,45.997158925124786,engine
Capella,4,79.16952314047882,45.997159047964466,engine
Capella,5,79.16952322383753,45.997159171176754,engine
Capella,6,79.16952330597506,45.997159294759065,engine
Capella,7,79.1695233868881,45.99715941870859,engine
Capella,8,79.16952346657347,45.99715954302272,engine
Capella,9,79.16952354502796,45.997159667698725,engine
Capella,10,79.16952362224843,45.99715979273393,engine
Capella,11,79.16952369823171,45.99715991812565,engine
Capella,12,79.1695237729747,45.997160043871126,engine
Capella,13,79.16952384647429,45.99716016996766,engine
Capella,14,79.1695239187274,45.997160296412524,engine
Capella,15,79.16952398973102,45.99716042320299,engine
Capella,16,79.16952405948206,45.9971605503363,engine
Capella,17,79.16952412797761,45.99716067780982,engine
Capella,18,79.16952419521458,45.997160805620595,engine
Capella,19,79.16952426119006,45.997160933765976,engine
Capella,20,79.16952432590114,45.997161062243165,engine
Capella,21,79.16952438934489,45.99716119104942,engine
Capella,22,79.16952445151846,45.99716132018195,engine
Capella,23,79.16952451241895,45.99716144963798,engine
Capella,24,79.16952457204354,45.99716157941469,engine
Capella,25,79.16952463038946,45.99716170950931,engine
Capella,26,79.16952468745389,45.997161839919016,engine
Capella,27,79.16952474323406,45.99716197064102,engine
Capella,28,79.16952479772728,45.99716210167249,engine
Capella,29,79.16952485093083,45.997162233010684,engine
Capella,30,79.16952490284199,45.99716236465261,engine
Sirius,-30,101.28302360616786,-16.72724973220019,engine
Sirius,-20,101.28302497227055,-16.72724995611195,engine
Sirius,-15,101.28302563594053,-16.72725007739312,engine
Sirius,-10,101.28302628603865,-16.727250204786014,engine
Sirius,-5,101.28302692208499,-16.727250338208197,engine
Sirius,-2,101.28302729677065,-16.727250421120143,engine
Sirius,-1,101.28302742048635,-16.72725044922972,engine
Sirius,0,101.28302754360605,-16.727250477574245,engine
Sirius,1,101.28302766612607,-16.727250506153005,engine
Sirius,2,101.28302778804272,-16.727250534965282,engine
Sirius,3,101.28302790935228,-16.72725056401035,engine
Sirius,4,101.28302803005111,-16.72725059328748,engine
Sirius,5,101.28302815013552,-16.727250622795946,engine
Sirius,6,101.28302826960197,-16.72725065253502,engine
Sirius,7,101.28302838844665,-16.72725068250392,engine
Sirius,8,101.28302850666599,-16.72725071270193,engine
Sirius,9,101.2830286242564,-16.727250743128305,engine
Sirius,10,101.28302874121428,-16.727250773782266,engine
Sirius,11,101.28302885753602,-16.727250804663075,engine
Sirius,12,101.28302897321807,-16.727250835769954,engine
Sirius,13,101.28302908825682,-16.727250867102146,engine
Sirius,14,101.28302920264876,-16.727250898658873,engine
Sirius,15,101.28302931639034,-16.727250930439375,engine
Sirius,16,101.28302942947799,-16.727250962442834,engine
Sirius,17,101.28302954190833,-16.727250994668523,engine
Sirius,18,101.28302965367766,-16.727251027115592,engine
Sirius,19,101.2830297647826,-16.727251059783274,engine
Sirius,20,101.28302987521964,-16.72725109267076,engine
Sirius,21,101.28302998498532,-16.727251125777272,engine
Sirius,22,101.2830300940762,-16.72725115910197,engine
Sirius,23,101.28303020248883,-16.727251192644083,engine
Sirius,24,101.28303031021979,-16.72725122640276,engine
Sirius,25,101.28303041726565,-16.727251260377212,engine
Sirius,26,101.28303052362304,-16.727251294566592,engine
Sirius,27,101.28303062928853,-16.727251328970084,engine
Sirius,28,101.28303073425879,-16.727251363586863,engine
Sirius,29,101.28303083853051,-16.7272513984161,engine
Sirius,30,101.28303094210018,-16.727251433456917,engine
Procyon,-30,114.82173604429882,5.216882189188086,engine
Procyon,-20,114.82173756616976,5.21688233313204,engine
Procyon,-15,114.8217383165694,5.216882408310604,engine
Procyon,-10,114.82173905924971,5.216882485606357,engine
Procyon,-5,114.82173979369402,5.2168825650026704,engine
Procyon,-2,114.82174023019365,5.216882613641413,engine
Procyon,-1,114.82174037497457,5.216882630020277,engine
Procyon,0,114.82174051938921,5.216882646481869,engine
Procyon,1,114.8217406634335,5.21688266302603,engine
Procyon,2,114.82174080710342,5.216882679652612,engine
Procyon,3,114.82174095039493,5.216882696361459,engine
Procyon,4,114.82174109330398,5.21688271315241,engine
Procyon,5,114.82174123582655,5.216882730025307,engine
Procyon,6,114.82174137795872,5.216882746980008,engine
Procyon,7,114.82174151969629,5.216882764016321,engine
Procyon,8,114.82174166103532,5.216882781134097,engine
Procyon,9,114.82174180197185,5.216882798333171,engine
Procyon,10,114.82174194250189,5.216882815613373,engine
Procyon,11,114.8217420826214,5.21688283297454,engine
Procyon,12,114.82174222232648,5.2168828504165,engine
Procyon,13,114.82174236161312,5.216882867939082,engine
Procyon,14,114.82174250047738,5.216882885542115,engine
Procyon,15,114.82174263891527,5.216882903225424,engine
Procyon,16,114.82174277692292,5.216882920988835,engine
Procyon,17,114.82174291449644,5.216882938832177,engine
Procyon,18,114.8217430516317,5.216882956755253,engine
Procyon,19,114.82174318832494,5.216882974757894,engine
Procyon,20,114.8217433245722,5.216882992839914,engine
Procyon,21,114.82174346036962,5.216883011001136,engine
Procyon,22,114.82174359571327,5.2168830292413695,engine
Procyon,23,114.82174373059927,5.216883047560434,engine
Procyon,24,114.82174386502378,5.216883065958135,engine
Procyon,25,114.82174399898287,5.216883084434286,engine
Procyon,26,114.82174413247276,5.216883102988697,engine
Procyon,27,114.82174426548956,5.216883121621178,engine
Procyon,28,114.82174439802945,5.216883140331531,engine
Procyon,29,114.82174453008868,5.216883159119576,engine
Procyon,30,114.82174466166325,5.216883177985091,engine
Alkaid,-30,206.8918770154599,49.31105713612488,engine
Alkaid,-20,206.8918780302638,49.31105601779777,engine
Alkaid,-15,206.89187859299028,49.31105546557864,engine
Alkaid,-10,206.89187919231176,49.31105491851896,engine
Alkaid,-5,206.89187982799055,49.31105437701281,engine
Alkaid,-2,206.89188022674375,49.311054054937955,engine
Alkaid,-1,206.89188036253972,49.31105394806983,engine
Alkaid,0,206.8918804997712,49.311053841451994,engine
Alkaid,1,206.89188063843585,49.31105373508753,engine
Alkaid,2,206.8918807785315,49.311053628979515,engine
Alkaid,3,206.8918809200558,49.31105352313108,engine
Alkaid,4,206.89188106300645,49.31105341754526,engine
Alkaid,5,206.89188120738115,49.31105331222517,engine
Alkaid,6,206.89188135317755,49.31105320717381,engine
Alkaid,7,206.8918815003931,49.3110531023944,engine
Alkaid,8,206.89188164902546,49.31105299788994,engine
Alkaid,9,206.89188179907222,49.311052893663444,engine
Alkaid,10,206.8918819505308,49.311052789718026,engine
Alkaid,11,206.89188210339879,49.3110526860567,engine
Alkaid,12,206.8918822576736,49.31105258268253,engine
Alkaid,13,206.89188241335268,49.3110524795985,engine
Alkaid,14,206.8918825704334,49.311052376807744,engine
Alkaid,15,206.89188272891323,49.311052274313205,engine
Alkaid,16,206.8918828887895,49.31105217211794,engine
Alkaid,17,206.8918830500596,49.311052070224896,engine
Alkaid,18,206.89188321272064,49.311051968637194,engine
Alkaid,19,206.89188337677004,49.31105186735781,engine
Alkaid,20,206.89188354220497,49.311051766389724,engine
Alkaid,21,206.89188370902278,49.31105166573591,engine
Alkaid,22,206.89188387722055,49.31105156539938,engine
Alkaid,23,206.8918840467955,49.311051465383116,engine
Alkaid,24,206.89188421774477,49.31105136569007,engine
Alkaid,25,206.89188439006548,49.311051266323226,engine
Alkaid,26,206.89188456375473,49.31105116728556,engine
Alkaid,27,206.89188473880958,49.31105106857999,engine
Alkaid,28,206.89188491522705,49.3110509702095,engine
Alkaid,29,206.8918850930043,49.311050872176956,engine
Alkaid,30,206.89188527213807,49.311050774485416,engine
Algorab,-30,187.47007373989948,-16.518612652477927,engine
Algorab,-20,187.47007492591354,-16.518612222786306,engine
Algorab,-15,187.47007555121178,-16.51861201385524,engine
Algorab,-10,187.47007619761013,-16.51861180903832,engine
Algorab,-5,187.4700768647755,-16.51861160846126,engine
Algorab,-2,187.47007727490052,-16.518611490201742,engine
Algorab,-1,187.47007741322977,-16.51861145113558,engine
Algorab,0,187.47007755236473,-16.518611412247857,engine
Algorab,1,187.47007769230254,-16.51861137353955,engine
Algorab,2,187.4700778330404,-16.518611335011627,engine
Algorab,3,187.47007797457536,-16.518611296665036,engine
Algorab,4,187.47007811690452,-16.518611258500748,engine
Algorab,5,187.47007826002496,-16.518611220519706,engine
Algorab,6,187.47007840393394,-16.518611182722832,engine
Algorab,7,187.4700785486282,-16.518611145111137,engine
Algorab,8,187.4700786941049,-16.51861110768551,engine
Algorab,9,187.47007884036114,-16.518611070446923,engine
Algorab,10,187.4700789873939,-16.51861103339628,engine
Algorab,11,187.47007913520008,-16.518610996534534,engine
Algorab,12,187.47007928377678,-16.518610959862595,engine
Algorab,13,187.4700794331209,-16.518610923381406,engine
Algorab,14,187.47007958322942,-16.518610887091867,engine
Algorab,15,187.47007973409927,-16.518610850994914,engine
Algorab,16,187.4700798857274,-16.518610815091442,engine
Algorab,17,187.4700800381107,-16.51861077938235,engine
Algorab,18,187.47008019124598,-16.51861074386858,engine
Algorab,19,187.4700803451302,-16.518610708551023,engine
Algorab,20,187.4700804997602,-16.518610673430565,engine
Algorab,21,187.47008065513285,-16.518610638508104,engine
Algorab,22,187.4700808112449,-16.51861060378453,engine
Algorab,23,187.47008096809333,-16.518610569260733,engine
Algorab,24,187.47008112567482,-16.518610534937586,engine
Algorab,25,187.47008128398616,-16.518610500815985,engine
Algorab,26,187.4700814430242,-16.518610466896792,engine
Algorab,27,187.47008160278568,-16.51861043318087,engine
Algorab,28,187.47008176326733,-16.518610399669104,engine
Algorab,29,187.470081924466,-16.518610366362328,engine
Algorab,30,187.47008208637823,-16.518610333261453,engine
Spica,-30,201.30327685192862,-11.16356210766588,engine
Spica,-20,201.30327767744524,-11.163561742357233,engine
Spica,-15,201.30327812587998,-11.16356156219493,engine
Spica,-10,201.30327859783898,-11.163561383826405,engine
Spica,-5,201.30327909311342,-11.163561207349836,engine
Spica,-2,201.3032794013783,-11.163561102412595,engine
Spica,-1,201.3032795059724,-11.163561067596268,engine
Spica,0,201.303279611483,-11.163561032862603,engine
Spica,1,201.30327971790817,-11.163560998212374,engine
Spica,2,201.30327982524605,-11.163560963646335,engine
Spica,3,201.3032799334947,-11.163560929165259,engine
Spica,4,201.30328004265218,-11.163560894769907,engine
Spica,5,201.30328015271652,-11.16356086046104,engine
Spica,6,201.30328026368585,-11.163560826239392,engine
Spica,7,201.30328037555802,-11.16356079210577,engine
Spica,8,201.3032804883311,-11.163560758060912,engine
Spica,9,201.30328060200304,-11.163560724105567,engine
Spica,10,201.30328071657186,-11.163560690240484,engine
Spica,11,201.30328083203543,-11.163560656466416,engine
Spica,12,201.30328094839172,-11.163560622784122,engine
Spica,13,201.30328106563866,-11.163560589194342,engine
Spica,14,201.30328118377406,-11.163560555697819,engine
Spica,15,201.30328130279585,-11.163560522295306,engine
Spica,16,201.3032814227019,-11.163560488987532,engine
Spica,17,201.30328154349007,-11.163560455775228,engine
Spica,18,201.30328166515807,-11.16356042265917,engine
Spica,19,201.30328178770378,-11.163560389640077,engine
Spica,20,201.30328191112494,-11.163560356718678,engine
Spica,21,201.3032820354194,-11.163560323895707,engine
Spica,22,201.30328216058484,-11.163560291171903,engine
Spica,23,201.30328228661907,-11.16356025854799,engine
Spica,24,201.30328241351975,-11.163560226024693,engine
Spica,25,201.30328254128463,-11.163560193602738,engine
Spica,26,201.30328266991137,-11.163560161282845,engine
Spica,27,201.30328279939766,-11.163560129065754,engine
Spica,28,201.30328292974113,-11.16356009695216,engine
Spica,29,201.30328306093952,-11.163560064942775,engine
Spica,30,201.3032831929903,-11.163560033038344,engine
Arcturus,-30,213.91341978475344,19.167485565324963,engine
Arcturus,-20,213.91342027275502,19.167485102942734,engine
Arcturus,-15,213.91342055584454,19.167484873260918,engine
Arcturus,-10,213.91342086488646,19.16748464481976,engine
Arcturus,-5,213.9134211997853,19.16748441779431,engine
Arcturus,-2,213.9134214130914,19.167484282331195,engine
Arcturus,-1,213.9134214862491,19.167484237310546,engine
Arcturus,0,213.91342156043294,19.16748419235905,engine
Arcturus,1,213.91342163564192,19.16748414747812,engine
Arcturus,2,213.91342171187515,19.167484102669125,engine
Arcturus,3,213.91342178913146,19.167484057933446,engine
Arcturus,4,213.91342186740982,19.167484013272496,engine
Arcturus,5,213.91342194670918,19.167483968687623,engine
Arcturus,6,213.91342202702845,19.16748392418019,engine
Arcturus,7,213.91342210836646,19.16748387975164,engine
Arcturus,8,213.9134221907221,19.167483835403306,engine
Arcturus,9,213.91342227409416,19.167483791136586,engine
Arcturus,10,213.9134223584815,19.167483746952822,engine
Arcturus,11,213.91342244388298,19.167483702853424,engine
Arcturus,12,213.9134225302973,19.167483658839732,engine
Arcturus,13,213.91342261772328,19.167483614913117,engine
Arcturus,14,213.91342270615962,19.16748357107497,engine
Arcturus,15,213.9134227956051,19.167483527326638,engine
Arcturus,16,213.91342288605833,19.167483483669482,engine
Arcturus,17,213.91342297751817,19.16748344010485,engine
Arcturus,18,213.91342306998308,19.167483396634147,engine
Arcturus,19,213.91342316345185,19.16748335325871,engine
Arcturus,20,213.913423257923,19.167483309979886,engine
Arcturus,21,213.91342335339527,19.167483266799046,engine
Arcturus,22,213.91342344986714,19.167483223717525,engine
Arcturus,23,213.91342354733723,19.16748318073669,engine
Arcturus,24,213.9134236458041,19.16748313785789,engine
Arcturus,25,213.91342374526627,19.16748309508246,engine
Arcturus,26,213.91342384572224,19.167483052411754,engine
Arcturus,27,213.91342394717054,19.167483009847103,engine
Arcturus,28,213.91342404960957,19.167482967389873,engine
Arcturus,29,213.91342415303797,19.167482925041348,engine
Arcturus,30,213.91342425745398,19.167482882802943,engine
Alphecca,-30,233.67744808675369,26.710787017718676,engine
Alphecca,-20,233.67744796942392,26.710786336548125,engine
Alphecca,-15,233.67744795144205,26.71078599230856,engine
Alphecca,-10,233.6774479607475,26.71078564595056,engine
Alphecca,-5,233.67744799744793,26.710785297713624,engine
Alphecca,-2,233.67744803265762,26.710785087969633,engine
Alphecca,-1,233.6774480465967,26.710785017932896,engine
Alphecca,0,233.67744806163793,26.710784947838334,engine
Alphecca,1,233.67744807778212,26.710784877687896,engine
Alphecca,2,233.6774480950297,26.710784807483474,engine
Alphecca,3,233.6774481133814,26.710784737227073,engine
Alphecca,4,233.67744813283764,26.710784666920574,engine
Alphecca,5,233.67744815339898,26.710784596565922,engine
Alphecca,6,233.677448175066,26.710784526165025,engine
Alphecca,7,233.67744819783894,26.710784455719896,engine
Alphecca,8,233.6774482217186,26.710784385232444,engine
Alphecca,9,233.6774482467052,26.7107843147046,engine
Alphecca,10,233.67744827279918,26.710784244138296,engine
Alphecca,11,233.677448300001,26.7107841735355,engine
Alphecca,12,233.67744832831102,26.710784102898135,engine
Alphecca,13,233.67744835772956,26.71078403222813,engine
Alphecca,14,233.67744838825698,26.71078396152746,engine
Alphecca,15,233.67744841989358,26.710783890798062,engine
Alphecca,16,233.6774484526397,26.710783820041872,engine
Alphecca,17,233.6774484864955,26.71078374926079,engine
Alphecca,18,233.67744852146137,26.71078367845686,engine
Alphecca,19,233.6774485575374,26.710783607631978,engine
Alphecca,20,233.67744859472387,26.71078353678808,engine
Alphecca,21,233.67744863302096,26.710783465927133,engine
Alphecca,22,233.67744867242885,26.71078339505107,engine
Alphecca,23,233.67744871294764,26.71078332416186,engine
Alphecca,24,233.67744875457748,26.710783253261415,engine
Alphecca,25,233.67744879731845,26.710783182351715,engine
Alphecca,26,233.67744884117067,26.710783111434694,engine
Alphecca,27,233.6774488861341,26.7107830405123,engine
Alphecca,28,233.67744893220888,26.7107829695865,engine
Alphecca,29,233.67744897939508,26.710782898659172,engine
Alphecca,30,233.6774490276925,26.710782827732373,engine
Vega,-30,279.2372366664461,38.78052826651728,engine
Vega,-20,279.2372350362473,38.78052764600072,engine
Vega,-15,279.23723424641844,38.780527315928744,engine
Vega,-10,279.2372334742188,38.78052697289169,engine
Vega,-5,279.2372327202243,38.78052661708028,engine
Vega,-2,279.2372322768027,38.78052639754347,engine
Vega,-1,279.23723213051824,38.780526323365805,engine
Vega,0,279.23723198500267,38.78052624869153,engine
Vega,1,279.23723184026034,38.780526173522254,engine
Vega,2,279.2372316962958,38.78052609785962,engine
Vega,3,279.23723155311325,38.78052602170531,engine
Vega,4,279.23723141071724,38.780525945060994,engine
Vega,5,279.2372312691121,38.78052586792834,engine
Vega,6,279.23723112830214,38.78052579030899,engine
Vega,7,279.23723098829186,38.78052571220476,engine
Vega,8,279.2372308490855,38.7805256336173,engine
Vega,9,279.23723071068736,38.78052555454832,engine
Vega,10,279.2372305731017,38.78052547499955,engine
Vega,11,279.23723043633294,38.78052539497272,engine
Vega,12,279.23723030038525,38.7805253144696,engine
Vega,13,279.237230165263,38.780525233491915,engine
Vega,14,279.23723003097024,38.78052515204144,engine
Vega,15,279.2372298975113,38.78052507011995,engine
Vega,16,279.2372297648904,38.780524987729216,engine
Vega,17,279.23722963311167,38.780524904871,engine
Vega,18,279.2372295021794,38.78052482154721,engine
Vega,19,279.2372293720976,38.780524737759556,engine
Vega,20,279.23722924287057,38.78052465350989,engine
Vega,21,279.2372291145023,38.78052456880005,engine
Vega,22,279.237228986997,38.780524483631844,engine
Vega,23,279.23722886035875,38.78052439800711,engine
Vega,24,279.23722873459155,38.78052431192773,engine
Vega,25,279.2372286096995,38.780524225395546,engine
Vega,26,279.23722848568667,38.780524138412446,engine
Vega,27,279.2372283625571,38.780524050980276,engine
Vega,28,279.2372282403147,38.78052396310096,engine
Vega,29,279.2372281189635,38.78052387477633,engine
Vega,30,279.2372279985076,38.78052378600837,engine
Deneb Algedi,-30,326.7583893947777,-16.130108772096122,engine
Deneb Algedi,-20,326.7583876595732,-16.13010874866689,engine
Deneb Algedi,-15,326.7583867815722,-16.13010872703105,engine
Deneb Algedi,-10,326.75838589736776,-16.130108698730623,engine
Deneb Algedi,-5,326.7583850075098,-16.13010866373174,engine
Deneb Algedi,-2,326.7583844711115,-16.130108639504275,engine
Deneb Algedi,-1,326.75838429192487,-16.13010863088905,engine
Deneb Algedi,0,326.7583841125519,-16.130108622003767,engine
Deneb Algedi,1,326.7583839329971,-16.130108612848208,engine
Deneb Algedi,2,326.75838375326504,-16.130108603422173,engine
Deneb Algedi,3,326.75838357336005,-16.130108593725463,engine
Deneb Algedi,4,326.7583833932867,-16.130108583757885,engine
Deneb Algedi,5,326.75838321304934,-16.130108573519255,engine
Deneb Algedi,6,326.75838303265243,-16.130108563009365,engine
Deneb Algedi,7,326.75838285210057,-16.130108552228087,engine
Deneb Algedi,8,326.7583826713982,-16.1301085411752,engine
Deneb Algedi,9,326.7583824905498,-16.130108529850567,engine
Deneb Algedi,10,326.7583823095598,-16.130108518254,engine
Deneb Algedi,11,326.75838212843274,-16.13010850638537,engine
Deneb Algedi,12,326.75838194717295,-16.130108494244496,engine
Deneb Algedi,13,326.75838176578515,-16.130108481831243,engine
Deneb Algedi,14,326.7583815842737,-16.130108469145476,engine
Deneb Algedi,15,326.7583814026431,-16.130108456187063,engine
Deneb Algedi,16,326.7583812208979,-16.13010844295586,engine
Deneb Algedi,17,326.7583810390424,-16.130108429451727,engine
Deneb Algedi,18,326.7583808570813,-16.13010841567458,engine
Deneb Algedi,19,326.7583806750191,-16.130108401624277,engine
Deneb Algedi,20,326.75838049286034,-16.130108387300716,engine
Deneb Algedi,21,326.75838031060937,-16.130108372703795,engine
Deneb Algedi,22,326.7583801282708,-16.13010835783341,engine
Deneb Algedi,23,326.7583799458491,-16.130108342689468,engine
Deneb Algedi,24,326.7583797633488,-16.130108327271873,engine
Deneb Algedi,25,326.7583795807744,-16.130108311580553,engine
Deneb Algedi,26,326.7583793981304,-16.13010829561542,engine
Deneb Algedi,27,326.7583792154213,-16.130108279376397,engine
Deneb Algedi,28,326.7583790326517,-16.130108262863416,engine
Deneb Algedi,29,326.75837884982593,-16.130108246076425,engine
Deneb Algedi,30,326.7583786669488,-16.13010822901536,engine
Rigel,-30,78.6320135530617,-8.204454329892357,engine
Rigel,-20,78.632014364508,-8.204454460020797,engine
Rigel,-15,78.63201474037102,-8.20445452835487,engine
Rigel,-10,78.63201509588964,-8.204454598787146,engine
Rigel,-5,78.63201543074781,-8.204454671255107,engine
Rigel,-2,78.63201562161788,-8.204454715686623,engine
Rigel,-1,78.6320156835527,-8.204454730652508,engine
Rigel,0,78.6320157446393,-8.20445474569522,engine
Rigel,1,78.63201580487537,-8.204454760814247,engine
Rigel,2,78.63201586425856,-8.204454776009065,engine
Rigel,3,78.6320159227866,-8.204454791279149,engine
Rigel,4,78.63201598045715,-8.20445480662398,engine
Rigel,5,78.632016037268,-8.204454822043035,engine
Rigel,6,78.63201609321689,-8.204454837535792,engine
Rigel,7,78.63201614830153,-8.204454853101707,engine
Rigel,8,78.63201620251972,-8.204454868740266,engine
Rigel,9,78.63201625586926,-8.204454884450932,engine
Rigel,10,78.63201630834796,-8.204454900233173,engine
Rigel,11,78.63201635995365,-8.20445491608646,engine
Rigel,12,78.63201641068419,-8.204454932010258,engine
Rigel,13,78.63201646053743,-8.204454948004036,engine
Rigel,14,78.63201650951122,-8.204454964067244,engine
Rigel,15,78.63201655760349,-8.204454980199356,engine
Rigel,16,78.63201660481214,-8.204454996399827,engine
Rigel,17,78.63201665113513,-8.204455012668127,engine
Rigel,18,78.63201669657036,-8.204455029003691,engine
Rigel,19,78.63201674111579,-8.20445504540599,engine
Rigel,20,78.63201678476943,-8.204455061874476,engine
Rigel,21,78.63201682752926,-8.204455078408607,engine
Rigel,22,78.63201686939331,-8.204455095007829,engine
Rigel,23,78.6320169103596,-8.2044551116716,engine
Rigel,24,78.63201695042618,-8.204455128399363,engine
Rigel,25,78.63201698959111,-8.204455145190574,engine
Rigel,26,78.63201702785248,-8.204455162044674,engine
Rigel,27,78.63201706520839,-8.204455178961119,engine
Rigel,28,78.63201710165696,-8.204455195939342,engine
Rigel,29,78.63201713719634,-8.20445521297881,engine
Rigel,30,78.63201717182466,-8.204455230078935,engine
Betelgeuse,-30,88.79150857983772,7.405607636967163,engine
Betelgeuse,-20,88.79150964002649,7.405607887208587,engine
Betelgeuse,-15,88.79151014480995,7.405608015831583,engine
Betelgeuse,-10,88.79151063218615,7.40560814672443,engine
Betelgeuse,-5,88.79151110176568,7.405608279837073,engine
Betelgeuse,-2,88.79151137481207,7.405608360748908,engine
Betelgeuse,-1,88.7915114643593,7.405608387891075,engine
Betelgeuse,0,88.79151155316742,7.405608415118329,engine
Betelgeuse,1,88.79151164123353,7.405608442430242,engine
Betelgeuse,2,88.79151172855465,7.40560846982639,engine
Betelgeuse,3,88.7915118151279,7.405608497306355,engine
Betelgeuse,4,88.79151190095035,7.4056085248697086,engine
Betelgeuse,5,88.7915119860191,7.405608552516021,engine
Betelgeuse,6,88.79151207033136,7.405608580244888,engine
Betelgeuse,7,88.79151215388411,7.405608608055839,engine
Betelgeuse,8,88.79151223667459,7.405608635948463,engine
Betelgeuse,9,88.79151231869994,7.405608663922319,engine
Betelgeuse,10,88.79151239995737,7.405608691976977,engine
Betelgeuse,11,88.79151248044404,7.405608720112005,engine
Betelgeuse,12,88.79151256015719,7.405608748326955,engine
Betelgeuse,13,88.79151263909401,7.4056087766214,engine
Betelgeuse,14,88.79151271725176,7.405608804994885,engine
Betelgeuse,15,88.7915127946277,7.405608833446975,engine
Betelgeuse,16,88.7915128712191,7.405608861977227,engine
Betelgeuse,17,88.79151294702326,7.405608890585208,engine
Betelgeuse,18,88.79151302203742,7.405608919270442,engine
Betelgeuse,19,88.79151309625891,7.405608948032493,engine
Betelgeuse,20,88.79151316968509,7.405608976870912,engine
Betelgeuse,21,88.79151324231327,7.405609005785247,engine
Betelgeuse,22,88.79151331414084,7.405609034775045,engine
Betelgeuse,23,88.79151338516516,7.405609063839856,engine
Betelgeuse,24,88.79151345538361,7.405609092979217,engine
Betelgeuse,25,88.79151352479363,7.405609122192674,engine
Betelgeuse,26,88.79151359339262,7.405609151479768,engine
Betelgeuse,27,88.791513661178,7.405609180840041,engine
Betelgeuse,28,88.79151372814724,7.405609210273029,engine
Betelgeuse,29,88.79151379429784,7.405609239778291,engine
Betelgeuse,30,88.79151385962723,7.405609269355323,engine
Polaris,-30,37.597245107077825,89.26588586644476,engine
Polaris,-20,37.59721668807874,89.26588750899352,engine
Polaris,-15,37.597199579001014,89.26588832793387,engine
Polaris,-10,37.59718054111657,89.26588914459577,engine
Polaris,-5,37.59715957875713,89.26588995843902,engine
Polaris,-2,37.59714607974576,89.26589044516759,engine
Polaris,-1,37.59714142675467,89.26589060712172,engine
Polaris,0,37.59713669718686,89.26589076892432,engine
Polaris,1,37.59713189109471,89.26589093057112,engine
Polaris,2,37.59712700853201,89.2658910920578,engine
Polaris,3,37.59712204955406,89.26589125338009,engine
Polaris,4,37.59711701421766,89.2658914145337,engine
Polaris,5,37.59711190258098,89.26589157551433,engine
Polaris,6,37.59710671470021,89.26589173631783,engine
Polaris,7,37.59710145064348,89.26589189693969,engine
Polaris,8,37.5970961104699,89.26589205737578,engine
Polaris,9,37.59709069424355,89.26589221762181,engine
Polaris,10,37.59708520202994,89.26589237767351,engine
Polaris,11,37.59707963389604,89.26589253752663,engine
Polaris,12,37.597073989910314,89.2658926971769,engine
Polaris,13,37.59706827014259,89.26589285662007,engine
Polaris,14,37.59706247466424,89.26589301585192,engine
Polaris,15,37.597056603548026,89.26589317486815,engine
Polaris,16,37.59705065686821,89.26589333366458,engine
Polaris,17,37.597044634696395,89.26589349223703,engine
Polaris,18,37.59703853711779,89.26589365058108,engine
Polaris,19,37.59703236420694,89.2658938086926,engine
Polaris,20,37.597026116043885,89.26589396656736,engine
Polaris,21,37.597019792710064,89.26589412420117,engine
Polaris,22,37.59701339428839,89.26589428158978,engine
Polaris,23,37.59700692086319,89.26589443872899,engine
Polaris,24,37.597000372520235,89.26589459561461,engine
Polaris,25,37.59699374934679,89.26589475224242,engine
Polaris,26,37.59698705143142,89.26589490860823,engine
Polaris,27,37.59698027886425,89.26589506470786,engine
Polaris,28,37.59697343173678,89.26589522053712,engine
Polaris,29,37.59696651013727,89.26589537609192,engine
Polaris,30,37.5969595141694,89.26589553136789,engine
Castor,-30,113.64881306694133,31.888265931625163,engine
Castor,-20,113.6488148386562,31.888266395752026,engine
Castor,-15,113.64881571129895,31.88826664652955,engine
Castor,-10,113.6488165743216,31.888266909662203,engine
Castor,-5,113.64881742712244,31.88826718505198,engine
Castor,-2,113.64881793364776,31.888267356126235,engine
Castor,-1,113.64881810160183,31.88826741411923,engine
Castor,0,113.64881826910418,31.888267472594872,engine
Castor,1,113.64881843615008,31.888267531552273,engine
Castor,2,113.64881860273483,31.88826759099053,engine
Castor,3,113.6488187688537,31.88826765090871,engine
Castor,4,113.64881893450203,31.888267711305904,engine
Castor,5,113.64881909967511,31.888267772181166,engine
Castor,6,113.64881926436841,31.8882678335336,engine
Castor,7,113.64881942857703,31.888267895362198,engine
Castor,8,113.64881959229639,31.888267957665995,engine
Castor,9,113.64881975552191,31.88826802044405,engine
Castor,10,113.6488199182489,31.888268083695372,engine
Castor,11,113.64882008047277,31.888268147418987,engine
Castor,12,113.64882024218888,31.88826821161389,engine
Castor,13,113.64882040339263,31.888268276279057,engine
Castor,14,113.64882056407941,31.88826834141351,engine
Castor,15,113.64882072424466,31.888268407016177,engine
Castor,16,113.64882088388381,31.888268473086075,engine
Castor,17,113.64882104299234,31.888268539622185,engine
Castor,18,113.64882120156554,31.888268606623356,engine
Castor,19,113.64882135959893,31.88826867408859,engine
Castor,20,113.648821517088,31.888268742016802,engine
Castor,21,113.6488216740282,31.888268810406913,engine
Castor,22,113.64882183041503,31.88826887925787,engine
Castor,23,113.64882198624399,31.88826894856854,engine
Castor,24,113.64882214151056,31.88826901833784,engine
Castor,25,113.64882229621028,31.888269088564666,engine
Castor,26,113.6488224503387,31.88826915924787,engine
Castor,27,113.64882260389129,31.88826923038631,engine
Castor,28,113.64882275686365,31.888269301978898,engine
Castor,29,113.64882290925144,31.88826937402448,engine
Castor,30,113.64882306105001,31.88826944652185,engine
Altair,-30,297.69822451768664,8.867763611850007,engine
Altair,-20,297.69822294857715,8.86776359895061,engine
Altair,-15,297.6982221728126,8.867763586879715,engine
Altair,-10,297.69822140361896,8.867763571087618,engine
Altair,-5,297.69822064152515,8.867763551596259,engine
Altair,-2,297.6982201878957,8.86776353813559,engine
Altair,-1,297.6982200373155,8.867763533355578,engine
Altair,0,297.698219887057,8.867763528429354,engine
Altair,1,297.6982197371245,8.86776352335711,engine
Altair,2,297.69821958752203,8.86776351813908,engine
Altair,3,297.69821943825383,8.867763512775465,engine
Altair,4,297.69821928932396,8.867763507266488,engine
Altair,5,297.6982191407367,8.867763501612368,engine
Altair,6,297.6982189924958,8.867763495813321,engine
Altair,7,297.69821884460595,8.867763489869585,engine
Altair,8,297.6982186970709,8.867763483781387,engine
Altair,9,297.6982185498949,8.867763477548959,engine
Altair,10,297.69821840308197,8.867763471172529,engine
Altair,11,297.69821825663627,8.867763464652334,engine
Altair,12,297.69821811056187,8.867763457988627,engine
Altair,13,297.69821796486286,8.867763451181636,engine
Altair,14,297.6982178195433,8.867763444231617,engine
Altair,15,297.6982176746073,8.86776343713881,engine
Altair,16,297.69821753005886,8.867763429903473,engine
Altair,17,297.698217385902,8.867763422525845,engine
Altair,18,297.69821724214086,8.867763415006205,engine
Altair,19,297.69821709877954,8.867763407344798,engine
Altair,20,297.698216955822,8.867763399541895,engine
Altair,21,297.6982168132722,8.86776339159775,engine
Altair,22,297.6982166711342,8.867763383512637,engine
Altair,23,297.6982165294121,8.867763375286822,engine
Altair,24,297.69821638810976,8.867763366920585,engine
Altair,25,297.69821624723124,8.867763358414193,engine
Altair,26,297.69821610678054,8.867763349767925,engine
Altair,27,297.6982159667616,8.86776334098207,engine
Altair,28,297.6982158271784,8.8677633320569,engine
Altair,29,297.6982156880349,8.867763322992705,engine
Altair,30,297.69821554933503,8.867763313789787,engine
Bellatrix,-30,81.28047466497713,6.347973466702552,engine
Bellatrix,-20,81.28047554102439,6.347973706930135,engine
Bellatrix,-15,81.28047595039489,6.347973829653485,engine
Bellatrix,-10,81.28047634020085,6.347973954053436,engine
Bellatrix,-5,81.28047671010734,6.347974080081709,engine
Bellatrix,-2,81.28047692236359,6.34797415645986,engine
Bellatrix,-1,81.28047699148571,6.34797418204373,engine
Bellatrix,0,81.28047705978868,6.347974207689179,engine
Bellatrix,1,81.28047712726995,6.347974233395806,engine
Bellatrix,2,81.28047719392708,6.347974259163206,engine
Bellatrix,3,81.2804772597576,6.347974284990979,engine
Bellatrix,4,81.28047732475906,6.347974310878721,engine
Bellatrix,5,81.28047738892901,6.347974336826022,engine
Bellatrix,6,81.28047745226509,6.347974362832492,engine
Bellatrix,7,81.28047751476484,6.3479743888976925,engine
Bellatrix,8,81.28047757642585,6.347974415021232,engine
Bellatrix,9,81.28047763724582,6.3479744412026955,engine
Bellatrix,10,81.28047769722237,6.347974467441677,engine
Bellatrix,11,81.28047775635315,6.347974493737761,engine
Bellatrix,12,81.28047781463586,6.347974520090531,engine
Bellatrix,13,81.28047787206819,6.347974546499578,engine
Bellatrix,14,81.28047792864787,6.347974572964486,engine
Bellatrix,15,81.2804779843726,6.347974599484834,engine
Bellatrix,16,81.28047803924012,6.347974626060208,engine
Bellatrix,17,81.28047809324825,6.347974652690206,engine
Bellatrix,18,81.28047814639471,6.347974679374368,engine
Bellatrix,19,81.2804781986773,6.347974706112302,engine
Bellatrix,20,81.28047825009382,6.347974732903576,engine
Bellatrix,21,81.28047830064213,6.347974759747767,engine
Bellatrix,22,81.28047835032008,6.347974786644456,engine
Bellatrix,23,81.2804783991255,6.347974813593214,engine
Bellatrix,24,81.28047844705628,6.347974840593619,engine
Bellatrix,25,81.28047849411031,6.347974867645244,engine
Bellatrix,26,81.28047854028553,6.347974894747658,engine
Bellatrix,27,81.28047858557983,6.3479749219004304,engine
Bellatrix,28,81.28047862999117,6.3479749491031345,engine
Bellatrix,29,81.28047867351755,6.34797497635536,engine
Bellatrix,30,81.28047871615686,6.347975003656636,engine
