body,minute,ra,dec,source
Aldebaran,-30,68.97636549138903,16.507167693844412,engine
Aldebaran,-20,68.97636516282962,16.507168350415125,engine
Aldebaran,-15,68.97636495806731,16.507168679081616,engine
Aldebaran,-10,68.97636472629448,16.507169007786864,engine
Aldebaran,-5,68.97636446751065,16.50716933636946,engine
Aldebaran,-2,68.97636429927972,16.507169533392954,engine
Aldebaran,-1,68.97636424104363,16.507169599038694,engine
Aldebaran,0,68.9763641817283,16.507169664667916,engine
Aldebaran,1,68.97636412133403,16.50716973027931,engine
Aldebaran,2,68.97636405986106,16.507169795871604,engine
Aldebaran,3,68.97636399730965,16.507169861443497,engine
Aldebaran,4,68.97636393368013,16.50716992699371,engine
Aldebaran,5,68.97636386897285,16.507169992520954,engine
Aldebaran,6,68.9763638031881,16.507170058023974,engine
Aldebaran,7,68.97636373632632,16.507170123501403,engine
Aldebaran,8,68.97636366838788,16.507170188952,engine
Aldebaran,9,68.97636359937316,16.50717025437448,engine
Aldebaran,10,68.9763635292826,16.507170319767546,engine
Aldebaran,11,68.97636345811667,16.50717038512992,engine
Aldebaran,12,68.9763633858758,16.50717045046033,engine
Aldebaran,13,68.97636331256054,16.50717051575746,engine
Aldebaran,14,68.97636323817136,16.507170581020063,engine
Aldebaran,15,68.97636316270881,16.507170646246834,engine
Aldebaran,16,68.97636308617344,16.50717071143649,engine
Aldebaran,17,68.97636300856577,16.507170776587795,engine
Aldebaran,18,68.97636292988649,16.507170841699395,engine
Aldebaran,19,68.97636285013618,16.507170906770043,engine
Aldebaran,20,68.9763627693155,16.507170971798462,engine
Aldebaran,21,68.97636268742504,16.507171036783372,engine
Aldebaran,22,68.97636260446552,16.507171101723493,engine
Aldebaran,23,68.97636252043765,16.507171166617553,engine
Aldebaran,24,68.97636243534212,16.507171231464277,engine
Aldebaran,25,68.97636234917968,16.50717129626239,engine
Aldebaran,26,68.9763622619511,16.50717136101061,engine
Aldebaran,27,68.97636217365711,16.507171425707682,engine
Aldebaran,28,68.97636208429857,16.507171490352313,engine
Aldebaran,29,68.97636199387621,16.507171554943284,engine
Aldebaran,30,68.976361902391,16.507171619479244,engine
Antares,-30,247.35644064015196,-26.43248513971972,engine
Antares,-20,247.35644105342877,-26.43248419189878,engine
Antares,-15,247.35644130344215,-26.432483717838615,engine
Antares,-10,247.3564415823719,-26.432483244015724,engine
Antares,-5,247.35644189020076,-26.43248277068257,engine
Antares,-2,247.35644208875712,-26.432482487022824,engine
Antares,-1,247.3564421572505,-26.432482392538365,engine
Antares,0,247.35644222689723,-26.43248229809165,engine
Antares,1,247.356442297697,-26.432482203684728,engine
Antares,2,247.35644236964916,-26.432482109319572,engine
Antares,3,247.35644244275346,-26.432482014998214,engine
Antares,4,247.35644251700936,-26.43248192072268,engine
Antares,5,247.35644259241633,-26.432481826494943,engine
Antares,6,247.35644266897395,-26.432481732316994,engine
Antares,7,247.35644274668164,-26.43248163819094,engine
Antares,8,247.35644282553878,-26.432481544118744,engine
Antares,9,247.35644290554484,-26.432481450102394,engine
Antares,10,247.35644298669916,-26.43248135614392,engine
Antares,11,247.35644306900124,-26.432481262245314,engine
Antares,12,247.35644315245034,-26.432481168408582,engine
Antares,13,247.35644323704577,-26.432481074635724,engine
Antares,14,247.3564433227869,-26.43248098092875,engine
Antares,15,247.35644340967298,-26.43248088728965,engine
Antares,16,247.3564434977033,-26.432480793720437,engine
Antares,17,247.35644358687716,-26.432480700223042,engine
Antares,18,247.35644367719362,-26.43248060679958,engine
Antares,19,247.356443768652,-26.43248051345199,engine
Antares,20,247.35644386125145,-26.43248042018226,engine
Antares,21,247.3564439549911,-26.432480326992387,engine
Antares,22,247.3564440498701,-26.43248023388436,engine
Antares,23,247.3564441458876,-26.43248014086018,engine
Antares,24,247.35644424304263,-26.43248004792181,engine
Antares,25,247.3564443413343,-26.43247995507125,engine
Antares,26,247.35644444076163,-26.43247986231048,engine
Antares,27,247.35644454132367,-26.432479769641503,engine
Antares,28,247.35644464301942,-26.432479677066276,engine
Antares,29,247.35644474584788,-26.432479584586716,engine
Antares,30,247.35644484980796,-26.432479492204948,engine
Ceres,-30,78.05985651862756,25.49082017322328,engine
Ceres,-20,78.06267632009565,25.49121875847997,engine
Ceres,-15,78.06408614439329,25.49141789284502,engine
Ceres,-10,78.06549592429457,25.491616920793028,engine
Ceres,-5,78.06690566565183,25.491815841858017,engine
Ceres,-2,78.06775149387519,25.49193514291903,engine
Ceres,-1,78.06803343413549,25.49197490132435,engine
Ceres,0,78.06831537322677,25.492014655415865,engine
Ceres,1,78.06859731119197,25.4920544051899,engine
Ceres,2,78.06887924807394,25.492094150642853,engine
Ceres,3,78.0691611839157,25.49213389177119,engine
Ceres,4,78.06944311876029,25.492173628571496,engine
Ceres,5,78.06972505265075,25.49221336104034,engine
Ceres,6,78.0700069858192,25.49225308920111,engine
Ceres,7,78.07028891793071,25.49229281299725,engine
Ceres,8,78.07057084921748,25.492332532452263,engine
Ceres,9,78.07085277972267,25.49237224756307,engine
Ceres,10,78.07113470948963,25.492411958326635,engine
Ceres,11,78.0714166385615,25.492451664740035,engine
Ceres,12,78.07169856698171,25.492491366800408,engine
Ceres,13,78.0719804947935,25.492531064504963,engine
Ceres,14,78.07226242204025,25.492570757850995,engine
Ceres,15,78.07254434876545,25.49261044683583,engine
Ceres,16,78.07282627501243,25.492650131456916,engine
Ceres,17,78.07310820101374,25.492689811738366,engine
Ceres,18,78.07339012643477,25.492729487624526,engine
Ceres,19,78.07367205141671,25.49276915911555,engine
Ceres,20,78.07395397618586,25.492808826257424,engine
Ceres,21,78.07423590069435,25.49284848902382,engine
Ceres,22,78.07451782498585,25.49288814741258,engine
Ceres,23,78.07479974910396,25.49292780142169,engine
Ceres,24,78.07508167309226,25.492967451049168,engine
Ceres,25,78.07536359699449,25.493007096293088,engine
Ceres,26,78.07564552085428,25.493046737151634,engine
Ceres,27,78.07592744471536,25.49308637362307,engine
Ceres,28,78.07620936862145,25.493126005705687,engine
Ceres,29,78.07649129280534,25.493165633424475,engine
Ceres,30,78.07677321684133,25.493205256700612,engine
Chiron,-30,11.202769232572171,6.925297775481085,engine
Chiron,-20,11.203134165205292,6.925448043192884,engine
Chiron,-15,11.203316650665041,6.925523168368779,engine
Chiron,-10,11.203499150072057,6.925598287798404,engine
Chiron,-5,11.203681664376093,6.925673401545186,engine
Chiron,-2,11.203791180454383,6.9257184670735255,engine
Chiron,-1,11.20382768711,6.925733488466819,engine
Chiron,0,11.203864194424856,6.925748509635824,engine
Chiron,1,11.203900702406031,6.925763530580958,engine
Chiron,2,11.203937211056525,6.925778551301428,engine
Chiron,3,11.203973720391517,6.925793571800014,engine
Chiron,4,11.204010230413962,6.925808592075944,engine
Chiron,5,11.204046741130895,6.925823612129642,engine
Chiron,6,11.204083252569719,6.925838631970409,engine
Chiron,7,11.204119764696598,6.925853651580893,engine
Chiron,8,11.204156277538917,6.9258686709704085,engine
Chiron,9,11.204192791103633,6.925883690139392,engine
Chiron,10,11.204229305393628,6.925898709087095,engine
Chiron,11,11.204265820423949,6.9259137278163205,engine
Chiron,12,11.204302336197445,6.925928746326326,engine
Chiron,13,11.204338852721012,6.925943764617559,engine
Chiron,14,11.204375369997464,6.925958782689288,engine
Chiron,15,11.204411888041784,6.9259738005443285,engine
Chiron,16,11.204448406856764,6.925988818181961,engine
Chiron,17,11.204484926473706,6.926003835612711,engine
Chiron,18,11.2045214468464,6.926018852815724,engine
Chiron,19,11.204557968014242,6.926033869803897,engine
Chiron,20,11.20459448997996,6.926048886576523,engine
Chiron,21,11.2046310127503,6.926063903134076,engine
Chiron,22,11.204667536327959,6.926078919475859,engine
Chiron,23,11.204704060727781,6.926093935604708,engine
Chiron,24,11.204740585952415,6.926108951519932,engine
Chiron,25,11.204777112008554,6.926123967222023,engine
Chiron,26,11.204813638898814,6.926138982710292,engine
Chiron,27,11.20485016663797,6.926153997987594,engine
Chiron,28,11.204886695228605,6.926169013053253,engine
Chiron,29,11.204923224697767,6.926184027916653,engine
Chiron,30,11.204959755011204,6.926199042560537,engine
Eris,-30,26.382371778985465,-1.06620750341306,tno-rate
Eris,-20,26.382437727049858,-1.0661776539926593,tno-rate
Eris,-15,26.382470701082052,-1.066162729282459,tno-rate
Eris,-10,26.382503675114247,-1.0661478045722588,tno-rate
Eris,-5,26.382536649146445,-1.0661328798620584,tno-rate
Eris,-2,26.38255643356576,-1.0661239250359382,tno-rate
Eris,-1,26.3825630283722,-1.066120940093898,tno-rate
Eris,0,26.38256962317864,-1.066117955151858,tno-rate
Eris,1,26.38257621798508,-1.066114970209818,tno-rate
Eris,2,26.38258281279152,-1.0661119852677778,tno-rate
Eris,3,26.38258940759796,-1.0661090003257379,tno-rate
Eris,4,26.382596002404394,-1.0661060153836979,tno-rate
Eris,5,26.382602597210834,-1.0661030304416577,tno-rate
Eris,6,26.382609192017274,-1.0661000454996177,tno-rate
Eris,7,26.382615786823713,-1.0660970605575775,tno-rate
Eris,8,26.382622381630153,-1.0660940756155375,tno-rate
Eris,9,26.382628976436592,-1.0660910906734975,tno-rate
Eris,10,26.382635571243032,-1.0660881057314573,tno-rate
Eris,11,26.38264216604947,-1.0660851207894173,tno-rate
Eris,12,26.382648760855908,-1.0660821358473773,tno-rate
Eris,13,26.382655355662347,-1.0660791509053371,tno-rate
Eris,14,26.382661950468787,-1.0660761659632971,tno-rate
Eris,15,26.382668545275227,-1.0660731810212571,tno-rate
Eris,16,26.382675140081666,-1.066070196079217,tno-rate
Eris,17,26.382681734888106,-1.066067211137177,tno-rate
Eris,18,26.382688329694545,-1.066064226195137,tno-rate
Eris,19,26.38269492450098,-1.0660612412530968,tno-rate
Eris,20,26.38270151930742,-1.0660582563110568,tno-rate
Eris,21,26.38270811411386,-1.0660552713690166,tno-rate
Eris,22,26.3827147089203,-1.0660522864269766,tno-rate
Eris,23,26.38272130372674,-1.0660493014849366,tno-rate
Eris,24,26.38272789853318,-1.0660463165428964,tno-rate
Eris,25,26.38273449333962,-1.0660433316008564,tno-rate
Eris,26,26.38274108814606,-1.0660403466588164,tno-rate
Eris,27,26.382747682952495,-1.0660373617167762,tno-rate
Eris,28,26.382754277758934,-1.0660343767747362,tno-rate
Eris,29,26.382760872565374,-1.0660313918326962,tno-rate
Eris,30,26.382767467371814,-1.066028406890656,tno-rate
Fomalhaut,-30,344.41075552256694,-29.623159562812884,engine
Fomalhaut,-20,344.410753337833,-29.62315938455264,engine
Fomalhaut,-15,344.41075223943807,-29.623159276457145,engine
Fomalhaut,-10,344.4107511378876,-29.623159155672827,engine
Fomalhaut,-5,344.41075003383025,-29.62315902217332,engine
Fomalhaut,-2,344.4107493704632,-29.623158935961648,engine
Fomalhaut,-1,344.4107491492166,-29.62315890620497,engine
Fomalhaut,0,344.4107489279166,-29.62315887593838,engine
Fomalhaut,1,344.41074870656837,-29.623158845161782,engine
Fomalhaut,2,344.4107484851772,-29.62315881387509,engine
Fomalhaut,3,344.4107482637482,-29.623158782078246,engine
Fomalhaut,4,344.4107480422866,-29.62315874977117,engine
Fomalhaut,5,344.4107478207977,-29.623158716953814,engine
Fomalhaut,6,344.4107475992865,-29.62315868362611,engine
Fomalhaut,7,344.4107473777585,-29.623158649788056,engine
Fomalhaut,8,344.41074715621886,-29.623158615439618,engine
Fomalhaut,9,344.41074693467266,-29.62315858058078,engine
Fomalhaut,10,344.4107467131252,-29.62315854521153,engine
Fomalhaut,11,344.4107464915817,-29.62315850933188,engine
Fomalhaut,12,344.41074627004735,-29.623158472941842,engine
Fomalhaut,13,344.41074604852736,-29.623158436041415,engine
Fomalhaut,14,344.410745827027,-29.623158398630665,engine
Fomalhaut,15,344.41074560555137,-29.62315836070962,engine
Fomalhaut,16,344.4107453841058,-29.623158322278332,engine
Fomalhaut,17,344.4107451626953,-29.623158283336835,engine
Fomalhaut,18,344.41074494132545,-29.62315824388527,engine
Fomalhaut,19,344.4107447200012,-29.623158203923683,engine
Fomalhaut,20,344.4107444987279,-29.62315816345215,engine
Fomalhaut,21,344.4107442775107,-29.623158122470798,engine
Fomalhaut,22,344.41074405635476,-29.62315808097971,engine
Fomalhaut,23,344.4107438352653,-29.623158038979053,engine
Fomalhaut,24,344.41074361424756,-29.623157996468905,engine
Fomalhaut,25,344.41074339330675,-29.62315795344943,engine
Fomalhaut,26,344.41074317244806,-29.623157909920792,engine
Fomalhaut,27,344.4107429516767,-29.623157865883122,engine
Fomalhaut,28,344.4107427309979,-29.62315782133662,engine
Fomalhaut,29,344.4107425104167,-29.623157776281413,engine
Fomalhaut,30,344.4107422899385,-29.623157730717754,engine
Juno,-30,328.5255985161787,-4.917508029546346,engine
Juno,-20,328.5279416233822,-4.916702631004481,engine
Juno,-15,328.52911350183757,-4.916299932884995,engine
Juno,-10,328.5302855962337,-4.915897236202731,engine
Juno,-5,328.53145790671607,-4.91549454125049,engine
Juno,-2,328.5321613963463,-4.915252925347577,engine
Juno,-1,328.53239591013033,-4.915172386902665,engine
Juno,0,328.53263043242316,-4.915091848572058,engine
Juno,1,328.5328649633979,-4.915011310335167,engine
Juno,2,328.5330995028713,-4.914930772219332,engine
Juno,3,328.53333405101637,-4.914850234203962,engine
Juno,4,328.5335686077385,-4.91476969630441,engine
Juno,5,328.533803172943,-4.914689158536032,engine
Juno,6,328.5340377469596,-4.914608620824206,engine
Juno,7,328.53427232928954,-4.91452808330429,engine
Juno,8,328.5345069202621,-4.914447545901652,engine
Juno,9,328.53474151978196,-4.9143670086316416,engine
Juno,10,328.53497612775345,-4.914286471509604,engine
Juno,11,328.53521074434815,-4.914205934514915,engine
Juno,12,328.535445369381,-4.914125397674897,engine
Juno,13,328.5356800030232,-4.914044860968914,engine
Juno,14,328.53591464517837,-4.913964324412307,engine
Juno,15,328.5361492957501,-4.913883788020394,engine
Juno,16,328.536383954909,-4.913803251772545,engine
Juno,17,328.5366186226266,-4.913722715642059,engine
Juno,18,328.5368532987584,-4.9136421797163,engine
Juno,19,328.53708798336453,-4.913561643956577,engine
Juno,20,328.5373226763478,-4.9134811083782,engine
Juno,21,328.5375573778779,-4.9134005729605175,engine
Juno,22,328.5377920878571,-4.91332003771883,engine
Juno,23,328.5380268061876,-4.913239502668443,engine
Juno,24,328.5382615330385,-4.913158967788682,engine
Juno,25,328.53849626831175,-4.913078433094848,engine
Juno,26,328.53873101190896,-4.912997898602231,engine
Juno,27,328.53896576399876,-4.912917364290146,engine
Juno,28,328.53920052448245,-4.912836830173874,engine
Juno,29,328.5394352934186,-4.912756296214702,engine
Juno,30,328.5396700706604,-4.912675762499933,engine
Jupiter,-30,355.83830255781976,-2.936280348818121,engine
Jupiter,-20,355.83971504051,-2.935683788495784,engine
Jupiter,-15,355.84042142808823,-2.935385510378368,engine
Jupiter,-10,355.841127914864,-2.935087233842442,engine
Jupiter,-5,355.84183450238646,-2.9347889589133938,engine
Jupiter,-2,355.84225850366533,-2.93460999483032,engine
Jupiter,-1,355.84239984561157,-2.9345503402877737,engine
Jupiter,0,355.84254119167286,-2.9344906858203976,engine
Jupiter,1,355.84268254185884,-2.9344310314291833,engine
Jupiter,2,355.8428238962123,-2.9343713771009696,engine
Jupiter,3,355.8429652546759,-2.9343117228650173,engine
Jupiter,4,355.84310661729245,-2.9342520687081826,engine
Jupiter,5,355.84324798407107,-2.9341924146314566,engine
Jupiter,6,355.84338935514916,-2.934132760581674,engine
Jupiter,7,355.84353073027944,-2.9340731066681167,engine
Jupiter,8,355.84367210959897,-2.934013452837647,engine
Jupiter,9,355.8438134931167,-2.933953799091251,engine
Jupiter,10,355.8439548808749,-2.9338941454157768,engine
Jupiter,11,355.8440962728153,-2.933834491840537,engine
Jupiter,12,355.8442376689801,-2.9337748383523636,engine
Jupiter,13,355.8443790694111,-2.9337151849381202,engine
Jupiter,14,355.84452047405,-2.9336555316271156,engine
Jupiter,15,355.8446618829386,-2.9335958784062015,engine
Jupiter,16,355.8448032960851,-2.933536225276386,engine
Jupiter,17,355.8449447136259,-2.9334765721845306,engine
Jupiter,18,355.84508613531267,-2.9334169192399444,engine
Jupiter,19,355.84522756128166,-2.9333572663894882,engine
Jupiter,20,355.84536899154074,-2.933297613634193,engine
Jupiter,21,355.84551042613106,-2.9332379609609056,engine
Jupiter,22,355.84565186499367,-2.9331783083989498,engine
Jupiter,23,355.8457933081695,-2.9331186559352096,engine
Jupiter,24,355.84593475566624,-2.933059003570687,engine
Jupiter,25,355.84607620752456,-2.9329993512922607,engine
Jupiter,26,355.8462176636852,-2.9329396991292667,engine
Jupiter,27,355.8463591241888,-2.93288004706856,engine
Jupiter,28,355.8465005890424,-2.9328203951111824,engine
Jupiter,29,355.84664205838146,-2.93276074320401,engine
Jupiter,30,355.8467835319565,-2.932701091456363,engine
Ketu,-30,229.86218277016403,-18.335210530421065,engine
Ketu,-20,229.86218686201659,-18.33521155855214,engine
Ketu,-15,229.86218924727396,-18.33521215805854,engine
Ketu,-10,229.86219185843268,-18.335212814445082,engine
Ketu,-5,229.86219469525366,-18.33521352765155,engine
Ketu,-2,229.8621965055634,-18.335213982823625,engine
Ketu,-1,229.86219712702464,-18.335214139086126,engine
Ketu,0,229.8621977574949,-18.335214297617004,engine
Ketu,1,229.8621983969726,-18.3352144584159,engine
Ketu,2,229.8621990454553,-18.335214621482166,engine
Ketu,3,229.86219970294172,-18.335214786815502,engine
Ketu,4,229.86220036942905,-18.335214954415182,engine
Ketu,5,229.86220104491622,-18.33521512428096,engine
Ketu,6,229.86220172940142,-18.33521529641238,engine
Ketu,7,229.862202422882,-18.335215470808745,engine
Ketu,8,229.8622031253557,-18.3352156474695,engine
Ketu,9,229.86220383682146,-18.335215826394393,engine
Ketu,10,229.8622045572769,-18.335216007582808,engine
Ketu,11,229.86220528672007,-18.335216191034256,engine
Ketu,12,229.86220602514933,-18.335216376748335,engine
Ketu,13,229.86220677256247,-18.335216564724472,engine
Ketu,14,229.8622075289576,-18.3352167549622,engine
Ketu,15,229.8622082943328,-18.33521694746102,engine
Ketu,16,229.8622090686864,-18.335217142220564,engine
Ketu,17,229.86220985201655,-18.335217339240298,engine
Ketu,18,229.8622106443205,-18.335217538519565,engine
Ketu,19,229.8622114455967,-18.33521774005796,engine
Ketu,20,229.86221225584342,-18.33521794385507,engine
Ketu,21,229.86221307505897,-18.335218149910457,engine
Ketu,22,229.86221390324042,-18.33521835822337,engine
Ketu,23,229.86221474038638,-18.335218568793476,engine
Ketu,24,229.86221558649504,-18.335218781620313,engine
Ketu,25,229.8622164415644,-18.33521899670338,engine
Ketu,26,229.86221730559248,-18.335219214042183,engine
Ketu,27,229.86221817857714,-18.33521943363617,engine
Ketu,28,229.86221906051665,-18.335219655484913,engine
Ketu,29,229.86221995140957,-18.335219879588045,engine
Ketu,30,229.8622208512527,-18.335220105944757,engine
Mars,-30,334.81970636870483,-11.96069407934068,engine
Mars,-20,334.8247372496965,-11.95886404280321,engine
Mars,-15,334.8272533070597,-11.957948990722214,engine
Mars,-10,334.8297697753378,-11.957033918803592,engine
Mars,-5,334.8322866551255,-11.956118828676022,engine
Mars,-2,334.8337969800486,-11.955569766770797,engine
Mars,-1,334.8343004545456,-11.955386744908491,engine
Mars,0,334.8348039454639,-11.955203722457515,engine
Mars,1,334.8353074527988,-11.955020699432813,engine
Mars,2,334.8358109765456,-11.95483767584931,engine
Mars,3,334.83631451669896,-11.954654651721984,engine
Mars,4,334.8368180732535,-11.95447162706575,engine
Mars,5,334.83732164620324,-11.954288601895549,engine
Mars,6,334.83782523606794,-11.954105576031877,engine
Mars,7,334.83832884178935,-11.953922549878492,engine
Mars,8,334.8388324638865,-11.953739523255884,engine
Mars,9,334.83933610235226,-11.953556496178948,engine
Mars,10,334.8398397571791,-11.953373468662578,engine
Mars,11,334.84034342835935,-11.953190440721684,engine
Mars,12,334.84084711588474,-11.95300741237112,engine
Mars,13,334.841350819747,-11.952824383625778,engine
Mars,14,334.8418545399372,-11.952641354500503,engine
Mars,15,334.84235827644636,-11.952458325010138,engine
Mars,16,334.84286202926495,-11.952275295169553,engine
Mars,17,334.8433657987212,-11.952092264870855,engine
Mars,18,334.8438695841294,-11.951909234374302,engine
Mars,19,334.8443733858169,-11.951726203571978,engine
Mars,20,334.8448772037729,-11.951543172478722,engine
Mars,21,334.84538103798656,-11.951360141109296,engine
Mars,22,334.8458848884465,-11.951177109478486,engine
Mars,23,334.84638875514105,-11.950994077601077,engine
Mars,24,334.84689263805814,-11.950811045491816,engine
Mars,25,334.84739653718555,-11.950628013165444,engine
Mars,26,334.84790045251054,-11.95044498063672,engine
Mars,27,334.84840438402017,-11.950261947920353,engine
Mars,28,334.84890833170124,-11.950078915031051,engine
Mars,29,334.8494122958781,-11.949895881860781,engine
Mars,30,334.8499162758609,-11.949712848669705,engine
Mercury,-30,41.25044533868479,17.714701923048775,engine
Mercury,-20,41.26229183947556,17.719414552479044,engine
Mercury,-15,41.26821469121425,17.72176989464027,engine
Mercury,-10,41.27413729286313,17.724124589698768,engine
Mercury,-5,41.28005965981513,17.726478640343345,engine
Mercury,-2,41.283612971638576,17.727890761692922,engine
Mercury,-1,41.28479739154806,17.72836141742063,engine
Mercury,0,41.28598180254225,17.728832047276516,engine
Mercury,1,41.28716620552707,17.729302651679053,engine
Mercury,2,41.28835060020139,17.729773230441417,engine
Mercury,3,41.28953498666597,17.730243783578636,engine
Mercury,4,41.29071936502155,17.730714311106,engine
Mercury,5,41.29190373536846,17.73118481303884,engine
Mercury,6,41.29308809860098,17.73165528970812,engine
Mercury,7,41.29427245323079,17.732125740498528,engine
Mercury,8,41.29545680015171,17.732596165741295,engine
Mercury,9,41.296641139060945,17.733066565250603,engine
Mercury,10,41.29782547086202,17.733536939445884,engine
Mercury,11,41.299009795251614,17.734007288141555,engine
Mercury,12,41.30019411232846,17.73447761135392,engine
Mercury,13,41.30137842219095,17.734947909099347,engine
Mercury,14,41.302562724937204,17.735418181394405,engine
Mercury,15,41.30374702066513,17.735888428255702,engine
Mercury,16,41.30493130947233,17.73635864970007,engine
Mercury,17,41.30611559225024,17.73682884605966,engine
Mercury,18,41.3072998671059,17.737299016519373,engine
Mercury,19,41.308484135734105,17.737769161814875,engine
Mercury,20,41.3096683978295,17.738239281761878,engine
Mercury,21,41.31085265348829,17.738709376377756,engine
Mercury,22,41.312036902806526,17.73917944568009,engine
Mercury,23,41.31322114588,17.739649489686553,engine
Mercury,24,41.31440538280411,17.740119508414907,engine
Mercury,25,41.31558961327227,17.74058950168158,engine
Mercury,26,41.31677383818307,17.74105946990769,engine
Mercury,27,41.317958057229234,17.74152941290987,engine
Mercury,28,41.31914227050515,17.74199933070641,engine
Mercury,29,41.32032647889887,17.742469223630774,engine
Mercury,30,41.32151068091617,17.742939091071406,engine
Moon,-30,230.42023355537356,-19.027923360821454,engine
Moon,-20,230.54626149278488,-19.06420669473302,engine
Moon,-15,230.6091821749651,-19.08245594877472,engine
Moon,-10,230.6720335080826,-19.10077656711935,engine
Moon,-5,230.73480970159292,-19.11916812389235,engine
Moon,-2,230.77243731087208,-19.130237004761106,engine
Moon,-1,230.78497309640565,-19.13393223596955,engine
Moon,0,230.79750567023288,-19.137630321304588,engine
Moon,1,230.8100346360848,-19.141331170991467,engine
Moon,2,230.8225603042854,-19.145034867850132,engine
Moon,3,230.83508227874395,-19.14874132206655,engine
Moon,4,230.84760086984213,-19.152450616272308,engine
Moon,5,230.86011568164972,-19.15616266060904,engine
Moon,6,230.87262703306308,-19.15987754002755,engine
Moon,7,230.88513451146136,-19.163595159629544,engine
Moon,8,230.89763843586806,-19.167315604194858,engine
Moon,9,230.91013841062056,-19.171038783758146,engine
Moon,10,230.92263474641047,-19.174764780425228,engine
Moon,11,230.93512722432618,-19.178493547179055,engine
Moon,12,230.94761562544076,-19.182225036977922,engine
Moon,13,230.96010026069166,-19.185959331686064,engine
Moon,14,230.97258073474543,-19.18969634120567,engine
Moon,15,230.98505735862926,-19.19343614721494,engine
Moon,16,230.9975297371817,-19.1971786595656,engine
Moon,17,231.00999818989487,-19.200923962275724,engine
Moon,18,231.0224624815769,-19.20467200300104,engine
Moon,19,231.0349224022562,-19.20842273695386,engine
Moon,20,231.04737826318689,-19.21217624536166,engine
Moon,21,231.0598298461817,-19.215932480793473,engine
Moon,22,231.07227693309747,-19.219691395823848,engine
Moon,23,231.0847198353975,-19.223453071416085,engine
Moon,24,231.09715815860545,-19.227217417241025,engine
Moon,25,231.10959221432282,-19.23098451409074,engine
Moon,26,231.12202178470952,-19.234754314331543,engine
Moon,27,231.1344466520439,-19.238526770334072,engine
Moon,28,231.14686712810152,-19.24230196263159,engine
Moon,29,231.1592830036244,-19.24607984599597,engine
Moon,30,231.17169404448697,-19.24986036762935,engine
Neptune,-30,354.8231340917,-3.4718078660176053,engine
Neptune,-20,354.8233406457473,-3.4717212084137468,engine
Neptune,-15,354.82344393900576,-3.4716778789993126,engine
Neptune,-10,354.82354724398914,-3.4716345492110072,engine
Neptune,-5,354.8236505614099,-3.4715912190568936,engine
Neptune,-2,354.8237125581,-3.4715652208034196,engine
Neptune,-1,354.8237332247349,-3.4715565546932448,engine
Neptune,0,354.8237538919178,-3.4715478885691424,engine
Neptune,1,354.82377455964905,-3.471539222433343,engine
Neptune,2,354.82379522793906,-3.4715305562839673,engine
Neptune,3,354.82381589678795,-3.4715218901232467,engine
Neptune,4,354.8238365662061,-3.471513223949304,engine
Neptune,5,354.8238572361964,-3.471504557763346,engine
Neptune,6,354.82387790677524,-3.4714958915607705,engine
Neptune,7,354.8238985779253,-3.471487225351328,engine
Neptune,8,354.8239192496607,-3.4714785591314423,engine
Neptune,9,354.82393992199167,-3.4714698928992456,engine
Neptune,10,354.82396059491833,-3.4714612266569764,engine
Neptune,11,354.82398126845095,-3.471452560402772,engine
Neptune,12,354.82400194259225,-3.471443894137844,engine
Neptune,13,354.82402261734467,-3.4714352278634126,engine
Neptune,14,354.8240432927187,-3.47142656157761,engine
Neptune,15,354.82406396871426,-3.471417895282689,engine
Neptune,16,354.82408464534154,-3.4714092289767864,engine
Neptune,17,354.824105322617,-3.4714005626553126,engine
Neptune,18,354.82412600051555,-3.4713918963311152,engine
Neptune,19,354.82414667906113,-3.4713832299965266,engine
Neptune,20,354.82416735825376,-3.4713745636537987,engine
Neptune,21,354.82418803810356,-3.4713658973010784,engine
Neptune,22,354.8242087186104,-3.471357230940623,engine
Neptune,23,354.8242293997846,-3.4713485645705786,engine
Neptune,24,354.8242500816284,-3.471339898192178,engine
Neptune,25,354.82427076414444,-3.4713312318066536,engine
Neptune,26,354.82429144734266,-3.4713225654121582,engine
Neptune,27,354.82431213122305,-3.471313899010952,engine
Neptune,28,354.8243328157955,-3.4713052326011953,engine
Neptune,29,354.82435350107386,-3.4712965661793365,engine
Neptune,30,354.82437418704023,-3.471287899755158,engine
Pallas,-30,27.96845557255967,-3.6519634473303797,engine
Pallas,-20,27.971318187453893,-3.6514367823490654,engine
Pallas,-15,27.97274966339858,-3.651173447699378,engine
Pallas,-10,27.97418125623816,-3.650910111854954,engine
Pallas,-5,27.975612969956003,-3.6506467748906317,engine
Pallas,-2,27.976472057448444,-3.650488772271408,engine
Pallas,-1,27.9767584300409,-3.6504361046655833,engine
Pallas,0,27.977044807639444,-3.650383437018477,engine
Pallas,1,27.97733119042251,-3.650330769349029,engine
Pallas,2,27.97761757834245,-3.650278101649648,engine
Pallas,3,27.977903971426812,-3.650225433921621,engine
Pallas,4,27.978190369627793,-3.650172766157377,engine
Pallas,5,27.978476773123433,-3.650120098375887,engine
Pallas,6,27.978763182057776,-3.6500674305342744,engine
Pallas,7,27.979049595998593,-3.650014762695648,engine
Pallas,8,27.97933601531572,-3.649962094843664,engine
Pallas,9,27.979622439960874,-3.6499094269708072,engine
Pallas,10,27.979908869885637,-3.6498567590695568,engine
Pallas,11,27.980195305267532,-3.6498040911589182,engine
Pallas,12,27.980481746057965,-3.649751423231388,engine
Pallas,13,27.980768192208238,-3.6496987552794793,engine
Pallas,14,27.981054643895604,-3.649646087322211,engine
Pallas,15,27.981341101071184,-3.649593419352104,engine
Pallas,16,27.981627563685976,-3.6495407513616884,engine
Pallas,17,27.981914032109046,-3.6494880833346923,engine
Pallas,18,27.982200505907027,-3.649435415334286,engine
Pallas,19,27.982486985222728,-3.649382747317714,engine
Pallas,20,27.982773470232818,-3.649330079304033,engine
Pallas,21,27.983059960887804,-3.649277411285812,engine
Pallas,22,27.983346457138136,-3.6492247432556164,engine
Pallas,23,27.98363295916015,-3.6491720752325376,engine
Pallas,24,27.983919466904098,-3.6491194072091586,engine
Pallas,25,27.984205980320073,-3.649066739178072,engine
Pallas,26,27.984492499584153,-3.6490140711583816,engine
Pallas,27,27.98477902464623,-3.6489614031426942,engine
Pallas,28,27.985065555456153,-3.648908735123625,engine
Pallas,29,27.985352092381785,-3.648856067084982,engine
Pallas,30,27.98563863491313,-3.648803399081189,engine
Pluto,-30,300.78714136637456,-22.402505057048806,engine
Pluto,-20,300.7871836498468,-22.40251291344864,engine
Pluto,-15,300.7872048341746,-22.402516838454876,engine
Pluto,-10,300.787226047164,-22.40252076168677,engine
Pluto,-5,300.78724728899596,-22.40252468341327,engine
Pluto,-2,300.7872600480081,-22.40252703583837,engine
Pluto,-1,300.7872643033383,-22.402527819891283,engine
Pluto,0,300.7872685598336,-22.402528603903413,engine
Pluto,1,300.7872728174951,-22.40252938787693,engine
Pluto,2,300.78727707632385,-22.402530171814004,engine
Pluto,3,300.7872813363209,-22.402530955716816,engine
Pluto,4,300.78728559748737,-22.402531739587527,engine
Pluto,5,300.7872898598242,-22.402532523428317,engine
Pluto,6,300.7872941233353,-22.402533307241914,engine
Pluto,7,300.78729838801587,-22.40253409102941,engine
Pluto,8,300.7873026538697,-22.402534874793538,engine
Pluto,9,300.7873069208977,-22.40253565853647,engine
Pluto,10,300.78731118910076,-22.402536442260388,engine
Pluto,11,300.7873154584797,-22.40253722596747,engine
Pluto,12,300.78731972903535,-22.402538009659914,engine
Pluto,13,300.78732400076854,-22.402538793339914,engine
Pluto,14,300.78732827368003,-22.402539577009634,engine
Pluto,15,300.7873325477706,-22.402540360671296,engine
Pluto,16,300.7873368230408,-22.402541144327067,engine
Pluto,17,300.7873410994943,-22.402541927979655,engine
Pluto,18,300.78734537712614,-22.402542711630232,engine
Pluto,19,300.78734965593964,-22.402543495281495,engine
Pluto,20,300.78735393593547,-22.40254427893565,engine
Pluto,21,300.78735821711416,-22.402545062594882,engine
Pluto,22,300.7873624994764,-22.402545846261397,engine
Pluto,23,300.78736678302255,-22.402546629937387,engine
Pluto,24,300.7873710677532,-22.40254741362505,engine
Pluto,25,300.7873753536689,-22.402548197326585,engine
Pluto,26,300.7873796407698,-22.402548981044188,engine
Pluto,27,300.78738392905666,-22.40254976478007,engine
Pluto,28,300.7873882185296,-22.402550548536414,engine
Pluto,29,300.7873925091921,-22.40255133231596,engine
Pluto,30,300.7873968010385,-22.40255211611985,engine
Rahu,-30,49.86218277016402,18.335210530421065,engine
Rahu,-20,49.86218686201658,18.33521155855214,engine
Rahu,-15,49.86218924727397,18.33521215805854,engine
Rahu,-10,49.86219185843269,18.335212814445082,engine
Rahu,-5,49.86219469525367,18.33521352765155,engine
Rahu,-2,49.862196505563396,18.335213982823625,engine
Rahu,-1,49.862197127024636,18.335214139086126,engine
Rahu,0,49.8621977574949,18.335214297617004,engine
Rahu,1,49.8621983969726,18.3352144584159,engine
Rahu,2,49.862199045455306,18.335214621482166,engine
Rahu,3,49.86219970294172,18.335214786815502,engine
Rahu,4,49.86220036942903,18.335214954415182,engine
Rahu,5,49.862201044916205,18.33521512428096,engine
Rahu,6,49.86220172940142,18.33521529641238,engine
Rahu,7,49.862202422882,18.335215470808745,engine
Rahu,8,49.862203125355705,18.3352156474695,engine
Rahu,9,49.86220383682147,18.335215826394393,engine
Rahu,10,49.86220455727689,18.335216007582808,engine
Rahu,11,49.86220528672008,18.335216191034256,engine
Rahu,12,49.862206025149334,18.335216376748335,engine
Rahu,13,49.862206772562466,18.335216564724472,engine
Rahu,14,49.86220752895761,18.3352167549622,engine
Rahu,15,49.862208294332795,18.33521694746102,engine
Rahu,16,49.862209068686425,18.335217142220564,engine
Rahu,17,49.862209852016555,18.335217339240298,engine
Rahu,18,49.8622106443205,18.335217538519565,engine
Rahu,19,49.862211445596685,18.33521774005796,engine
Rahu,20,49.86221225584341,18.33521794385507,engine
Rahu,21,49.86221307505898,18.335218149910457,engine
Rahu,22,49.86221390324041,18.33521835822337,engine
Rahu,23,49.86221474038639,18.335218568793476,engine
Rahu,24,49.862215586495026,18.335218781620313,engine
Rahu,25,49.86221644156441,18.33521899670338,engine
Rahu,26,49.862217305592466,18.335219214042183,engine
Rahu,27,49.86221817857714,18.33521943363617,engine
Rahu,28,49.86221906051666,18.335219655484913,engine
Rahu,29,49.86221995140958,18.335219879588045,engine
Rahu,30,49.86222085125269,18.335220105944757,engine
Regulus,-30,152.09431731501434,11.96620340558969,engine
Regulus,-20,152.0943191846075,11.9662036428377,engine
Regulus,-15,152.09432011624304,11.966203769424165,engine
Regulus,-10,152.09432104500164,11.966203901303908,engine
Regulus,-5,152.0943219703083,11.966204038462521,engine
Regulus,-2,152.09432252359653,11.966204123284585,engine
Regulus,-1,152.0943227076825,11.966204151978868,engine
Regulus,0,152.09432289158912,11.966204180883022,engine
Regulus,1,152.09432307531185,11.966204209996882,engine
Regulus,2,152.0943232588461,11.966204239320282,engine
Regulus,3,152.0943234421873,11.966204268853044,engine
Regulus,4,152.09432362533093,11.966204298594999,engine
Regulus,5,152.0943238082724,11.96620432854596,engine
Regulus,6,152.09432399100731,11.96620435870577,engine
Regulus,7,152.09432417353088,11.9662043890742,engine
Regulus,8,152.09432435583867,11.966204419651072,engine
Regulus,9,152.09432453792613,11.966204450436196,engine
Regulus,10,152.09432471978874,11.96620448142938,engine
Regulus,11,152.094324901422,11.9662045126304,engine
Regulus,12,152.09432508282134,11.966204544039067,engine
Regulus,13,152.09432526398226,11.966204575655158,engine
Regulus,14,152.09432544490025,11.966204607478465,engine
Regulus,15,152.09432562557078,11.96620463950877,engine
Regulus,16,152.09432580598937,11.966204671745832,engine
Regulus,17,152.09432598615166,11.96620470418946,engine
Regulus,18,152.09432616605284,11.966204736839384,engine
Regulus,19,152.0943263456886,11.966204769695377,engine
Regulus,20,152.0943265250544,11.966204802757206,engine
Regulus,21,152.09432670414583,11.966204836024625,engine
Regulus,22,152.09432688295837,11.966204869497393,engine
Regulus,23,152.09432706148758,11.96620490317525,engine
Regulus,24,152.09432723972895,11.966204937057952,engine
Regulus,25,152.09432741767807,11.966204971145228,engine
Regulus,26,152.09432759533044,11.966205005436818,engine
Regulus,27,152.09432777268162,11.966205039932463,engine
Regulus,28,152.09432794972722,11.966205074631885,engine
Regulus,29,152.09432812646284,11.96620510953483,engine
Regulus,30,152.0943283028839,11.966205144640982,engine
Saturn,-30,325.8478863639568,-14.723727453781871,engine
Saturn,-20,325.8483771375688,-14.723579124314487,engine
Saturn,-15,325.8486226150497,-14.723504962424563,engine
Saturn,-10,325.84886815327445,-14.723430802985341,engine
Saturn,-5,325.84911375252557,-14.723356646382236,engine
Saturn,-2,325.8492611414096,-14.723312153961459,engine
Saturn,-1,325.8493102759375,-14.723297323429918,engine
Saturn,0,325.8493594129171,-14.723282493041484,engine
Saturn,1,325.8494085523633,-14.723267662795356,engine
Saturn,2,325.8494576942495,-14.723252832702954,engine
Saturn,3,325.8495068385904,-14.723238002763448,engine
Saturn,4,325.8495559853868,-14.723223172980108,engine
Saturn,5,325.8496051346396,-14.723208343356205,engine
Saturn,6,325.8496542863824,-14.723193513885036,engine
Saturn,7,325.8497034405501,-14.723178684589769,engine
Saturn,8,325.8497525971762,-14.723163855463737,engine
Saturn,9,325.8498017562612,-14.723149026510175,engine
Saturn,10,325.84985091780567,-14.723134197732378,engine
Saturn,11,325.8499000818101,-14.723119369133592,engine
Saturn,12,325.84994924827487,-14.723104540717097,engine
Saturn,13,325.84999841720025,-14.723089712486154,engine
Saturn,14,325.8500475886003,-14.723074884439958,engine
Saturn,15,325.8500967624477,-14.723060056589928,engine
Saturn,16,325.85014593875644,-14.723045228935256,engine
Saturn,17,325.8501951175595,-14.723030401469273,engine
Saturn,18,325.85024429879104,-14.723015574215117,engine
Saturn,19,325.850293482484,-14.72300074716613,engine
Saturn,20,325.85034266863823,-14.722985920325579,engine
Saturn,21,325.85039185725367,-14.722971093696716,engine
Saturn,22,325.8504410483301,-14.72295626728282,engine
Saturn,23,325.8504902418673,-14.722941441087164,engine
Saturn,24,325.8505394378787,-14.722926615108916,engine
Saturn,25,325.8505886363364,-14.722911789359523,engine
Saturn,26,325.85063783725366,-14.722896963838151,engine
Saturn,27,325.8506870406302,-14.722882138548082,engine
Saturn,28,325.8507362464652,-14.722867313492578,engine
Saturn,29,325.85078545479126,-14.722852488664955,engine
Saturn,30,325.8508346655416,-14.722837664088354,engine
Sun,-30,26.231507570589763,10.845003987391115,engine
Sun,-20,26.237909674880168,10.8474170605747,engine
Sun,-15,26.24111142611299,10.848623385063183,engine
Sun,-10,26.24431365894368,10.84982957030562,engine
Sun,-5,26.24751638614968,10.85103561850709,engine
Sun,-2,26.249438264183514,10.851759182274645,engine
Sun,-1,26.250078931077407,10.852000359448466,engine
Sun,0,26.250719618565338,10.852241531274457,engine
Sun,1,26.25136032673788,10.85248269776847,engine
Sun,2,26.252001055686033,10.852723858946682,engine
Sun,3,26.252641805499547,10.852965014825081,engine
Sun,4,26.253282576268486,10.853206165419946,engine
Sun,5,26.25392336808239,10.853447310747603,engine
Sun,6,26.254564181459703,10.853688450985997,engine
Sun,7,26.25520501563,10.853929585828238,engine
Sun,8,26.255845871110957,10.854170715452433,engine
Sun,9,26.256486747990696,10.854411839875253,engine
Sun,10,26.257127646356462,10.854652959113235,engine
Sun,11,26.25776856629542,10.854894073183132,engine
Sun,12,26.258409507894516,10.855135182101806,engine
Sun,13,26.259050471239668,10.855376285885976,engine
Sun,14,26.25969145641713,10.855617384552712,engine
Sun,15,26.260332463512057,10.855858478118869,engine
Sun,16,26.260973492609896,10.856099566601657,engine
Sun,17,26.26161454422484,10.856340650179728,engine
Sun,18,26.26225561758185,10.85658172854713,engine
Sun,19,26.26289671319427,10.856822801882647,engine
Sun,20,26.26353783114596,10.857063870203769,engine
Sun,21,26.264178971519613,10.857304933527786,engine
Sun,22,26.264820134398228,10.857545991872305,engine
Sun,23,26.265461319863707,10.85778704525477,engine
Sun,24,26.26610252799824,10.858028093692903,engine
Sun,25,26.266743758882846,10.858269137204292,engine
Sun,26,26.267385012598922,10.858510175806808,engine
Sun,27,26.26802628922663,10.858751209518148,engine
Sun,28,26.268667588846515,10.858992238356338,engine
Sun,29,26.26930891196799,10.85923326250083,engine
Sun,30,26.26995025781064,10.85947428164652,engine
Uranus,-30,41.18959904708782,15.552448948454348,engine
Uranus,-20,41.18998076672643,15.552567236666,engine
Uranus,-15,41.19017161681478,15.552626364382192,engine
Uranus,-10,41.1903624616473,15.55268548109474,engine
Uranus,-5,41.190553302245306,15.552744586781404,engine
Uranus,-2,41.19066780494471,15.552780044877379,engine
Uranus,-1,41.19070597228569,15.552791863356621,engine
Uranus,0,41.19074413952605,15.55280368139219,engine
Uranus,1,41.19078230667359,15.552815498983886,engine
Uranus,2,41.19082047373608,15.5528273161315,engine
Uranus,3,41.190858640716456,15.552839132833308,engine
Uranus,4,41.190896807632214,15.552850949092186,engine
Uranus,5,41.19093497448629,15.552862764906436,engine
Uranus,6,41.190973141312064,15.552874580283788,engine
Uranus,7,41.1910113080613,15.552886395206736,engine
Uranus,8,41.191049474777095,15.552898209686107,engine
Uranus,9,41.19108764146241,15.55291002372022,engine
Uranus,10,41.19112580812504,15.552921837308949,engine
Uranus,11,41.1911639747728,15.552933650452186,engine
Uranus,12,41.19120214140861,15.552945463148264,engine
Uranus,13,41.19124030805004,15.552957275400146,engine
Uranus,14,41.19127847470003,15.55296908720622,engine
Uranus,15,41.19131664136637,15.552980898566378,engine
Uranus,16,41.19135480805204,15.552992709479025,engine
Uranus,17,41.19139297480017,15.553004519955074,engine
Uranus,18,41.19143114156254,15.553016329977085,engine
Uranus,19,41.19146930836768,15.5530281395514,engine
Uranus,20,41.19150747523314,15.553039948681041,engine
Uranus,21,41.19154564216189,15.55305175736443,engine
Uranus,22,41.19158380916176,15.553063565601562,engine
Uranus,23,41.1916219762357,15.55307537339088,engine
Uranus,24,41.19166014340123,15.553087180735439,engine
Uranus,25,41.19169831066136,15.553098987633708,engine
Uranus,26,41.19173647802388,15.5531107940857,engine
Uranus,27,41.19177464549176,15.553122600089905,engine
Uranus,28,41.19181281308253,15.55313440564942,engine
Uranus,29,41.19185098082478,15.553146210770649,engine
Uranus,30,41.19188914867026,15.553158015436297,engine
Venus,-30,345.3506523990497,-6.884922017180605,engine
Venus,-20,345.35799226175,-6.882388132400121,engine
Venus,-15,345.361663359892,-6.881121084750674,engine
Venus,-10,345.36533523890597,-6.879853969874088,engine
Venus,-5,345.36900790218755,-6.878586789433812,engine
Venus,-2,345.371211876816,-6.877826450742697,engine
Venus,-1,345.37194659805914,-6.8775729994954045,engine
Venus,0,345.37268135079046,-6.877319545776971,engine
Venus,1,345.37341613487143,-6.877066089635,engine
Venus,2,345.37415095061516,-6.876812631022533,engine
Venus,3,345.3748857977309,-6.8765591700187265,engine
Venus,4,345.3756206765307,-6.876305706576632,engine
Venus,5,345.3763555867226,-6.876052240775403,engine
Venus,6,345.37709052911026,-6.875798772398104,engine
Venus,7,345.3778255025657,-6.875545301832317,engine
Venus,8,345.378560507439,-6.875291828955698,engine
Venus,9,345.379295544039,-6.875038353721306,engine
Venus,10,345.38003061207087,-6.874784876208316,engine
Venus,11,345.3807657118424,-6.874531396369763,engine
Venus,12,345.3815008430576,-6.874277914284818,engine
Venus,13,345.3822360060229,-6.874024429906538,engine
Venus,14,345.38297120059184,-6.873770943282546,engine
Venus,15,345.3837064266174,-6.87351745446051,engine
Venus,16,345.38444168440446,-6.873263963393425,engine
Venus,17,345.3851769741469,-6.873010469990534,engine
Venus,18,345.38591229516214,-6.872756974544798,engine
Venus,19,345.38664764764303,-6.8725034769654325,engine
Venus,20,345.387383031892,-6.872249977205439,engine
Venus,21,345.38811844775836,-6.871996475312468,engine
Venus,22,345.38885389509073,-6.871742971334151,engine
Venus,23,345.3895893741899,-6.871489465223493,engine
Venus,24,345.3903248847524,-6.871235957059676,engine
Venus,25,345.3910604270777,-6.87098244679567,engine
Venus,26,345.39179600086135,-6.870728934510694,engine
Venus,27,345.3925316064015,-6.870475420157673,engine
Venus,28,345.39326724354333,-6.870221903784244,engine
Venus,29,345.39400291262456,-6.8699683852680575,engine
Venus,30,345.3947386129552,-6.869714864902016,engine
Vesta,-30,319.849152635451,-16.56598768830115,engine
Vesta,-20,319.85206104747004,-16.5653933873126,engine
Vesta,-15,319.8535156794536,-16.565096270769345,engine
Vesta,-10,319.85497059302907,-16.564799179427872,engine
Vesta,-5,319.856425786849,-16.56450211507217,engine
Vesta,-2,319.8572990367194,-16.564323890217487,engine
Vesta,-1,319.85759014214653,-16.56426448431897,engine
Vesta,0,319.857881258636,-16.564205079634572,engine
Vesta,1,319.8581723862975,-16.56414567615736,engine
Vesta,2,319.85846352486107,-16.564086273945218,engine
Vesta,3,319.8587546744359,-16.564026872991192,engine
Vesta,4,319.85904583500445,-16.5639674733099,engine
Vesta,5,319.85933700667573,-16.563908074894343,engine
Vesta,6,319.85962818937395,-16.563848677762476,engine
Vesta,7,319.8599193828168,-16.56378928198692,engine
Vesta,8,319.86021058718137,-16.563729887542376,engine
Vesta,9,319.86050180257536,-16.563670494421757,engine
Vesta,10,319.8607930287269,-16.56361110268279,engine
Vesta,11,319.86108426574333,-16.56355171231829,engine
Vesta,12,319.86137551373196,-16.563492323321118,engine
Vesta,13,319.86166677242,-16.563432935748914,engine
Vesta,14,319.8619580419144,-16.563373549594488,engine
Vesta,15,319.86224932219494,-16.563314164872168,engine
Vesta,16,319.8625406133679,-16.56325478157475,engine
Vesta,17,319.86283191535506,-16.563195399719913,engine
Vesta,18,319.86312322787165,-16.56313601938,engine
Vesta,19,319.8634145512184,-16.56307664050786,engine
Vesta,20,319.8637058851212,-16.56301726316097,engine
Vesta,21,319.8639972296851,-16.56295788733193,engine
Vesta,22,319.86428858488836,-16.562898513034945,engine
Vesta,23,319.8645799508357,-16.562839140262582,engine
Vesta,24,319.86487132725205,-16.5627797690722,engine
Vesta,25,319.8651627142415,-16.562720399456303,engine
Vesta,26,319.86545411190804,-16.56266103140739,engine
Vesta,27,319.86574551997575,-16.56260166498272,engine
Vesta,28,319.86603693854823,-16.56254230017473,engine
Vesta,29,319.8663283679241,-16.56248293693602,engine
Vesta,30,319.86661980743617,-16.56242357540339,engine
Gonggong,-30,337.30049623941824,-11.04658058059632,tno-rate
Gonggong,-20,337.3005428748225,-11.04655971431599,tno-rate
Gonggong,-15,337.3005661925246,-11.046549281175825,tno-rate
Gonggong,-10,337.30058951022676,-11.04653884803566,tno-rate
Gonggong,-5,337.3006128279289,-11.046528414895494,tno-rate
Gonggong,-2,337.30062681855014,-11.046522155011395,tno-rate
Gonggong,-1,337.3006314820906,-11.046520068383362,tno-rate
Gonggong,0,337.300636145631,-11.04651798175533,tno-rate
Gonggong,1,337.30064080917145,-11.046515895127296,tno-rate
Gonggong,2,337.3006454727119,-11.046513808499263,tno-rate
Gonggong,3,337.3006501362523,-11.04651172187123,tno-rate
Gonggong,4,337.3006547997927,-11.046509635243197,tno-rate
Gonggong,5,337.30065946333315,-11.046507548615164,tno-rate
Gonggong,6,337.3006641268736,-11.046505461987131,tno-rate
Gonggong,7,337.300668790414,-11.046503375359098,tno-rate
Gonggong,8,337.3006734539544,-11.046501288731065,tno-rate
Gonggong,9,337.30067811749484,-11.046499202103032,tno-rate
Gonggong,10,337.3006827810353,-11.046497115474999,tno-rate
Gonggong,11,337.3006874445757,-11.046495028846966,tno-rate
Gonggong,12,337.30069210811615,-11.046492942218933,tno-rate
Gonggong,13,337.30069677165653,-11.0464908555909,tno-rate
Gonggong,14,337.30070143519697,-11.046488768962867,tno-rate
Gonggong,15,337.3007060987374,-11.046486682334834,tno-rate
Gonggong,16,337.30071076227784,-11.0464845957068,tno-rate
Gonggong,17,337.3007154258183,-11.046482509078768,tno-rate
Gonggong,18,337.30072008935866,-11.046480422450735,tno-rate
Gonggong,19,337.3007247528991,-11.046478335822702,tno-rate
Gonggong,20,337.30072941643954,-11.046476249194669,tno-rate
Gonggong,21,337.30073407998,-11.046474162566636,tno-rate
Gonggong,22,337.3007387435204,-11.046472075938603,tno-rate
Gonggong,23,337.3007434070608,-11.04646998931057,tno-rate
Gonggong,24,337.30074807060123,-11.046467902682537,tno-rate
Gonggong,25,337.30075273414167,-11.046465816054504,tno-rate
Gonggong,26,337.3007573976821,-11.04646372942647,tno-rate
Gonggong,27,337.30076206122254,-11.046461642798437,tno-rate
Gonggong,28,337.3007667247629,-11.046459556170404,tno-rate
Gonggong,29,337.30077138830336,-11.046457469542371,tno-rate
Gonggong,30,337.3007760518438,-11.046455382914338,tno-rate
Haumea,-30,216.85688352104174,15.878754790177668,tno-rate
Haumea,-20,216.8567703248385,15.878800431022706,tno-rate
Haumea,-15,216.85671372673687,15.878823251445224,tno-rate
Haumea,-10,216.85665712863525,15.878846071867743,tno-rate
Haumea,-5,216.85660053053363,15.878868892290262,tno-rate
Haumea,-2,216.85656657167266,15.878882584543772,tno-rate
Haumea,-1,216.85655525205232,15.878887148628277,tno-rate
Haumea,0,216.856543932432,15.87889171271278,tno-rate
Haumea,1,216.8565326128117,15.878896276797285,tno-rate
Haumea,2,216.85652129319135,15.878900840881789,tno-rate
Haumea,3,216.85650997357104,15.878905404966291,tno-rate
Haumea,4,216.8564986539507,15.878909969050795,tno-rate
Haumea,5,216.85648733433038,15.8789145331353,tno-rate
Haumea,6,216.85647601471007,15.878919097219804,tno-rate
Haumea,7,216.85646469508973,15.878923661304306,tno-rate
Haumea,8,216.8564533754694,15.87892822538881,tno-rate
Haumea,9,216.85644205584907,15.878932789473314,tno-rate
Haumea,10,216.85643073622876,15.878937353557818,tno-rate
Haumea,11,216.85641941660845,15.878941917642322,tno-rate
Haumea,12,216.8564080969881,15.878946481726825,tno-rate
Haumea,13,216.8563967773678,15.878951045811329,tno-rate
Haumea,14,216.85638545774748,15.878955609895833,tno-rate
Haumea,15,216.85637413812714,15.878960173980337,tno-rate
Haumea,16,216.85636281850682,15.878964738064841,tno-rate
Haumea,17,216.85635149888648,15.878969302149343,tno-rate
Haumea,18,216.85634017926617,15.878973866233848,tno-rate
Haumea,19,216.85632885964586,15.878978430318352,tno-rate
Haumea,20,216.85631754002551,15.878982994402856,tno-rate
Haumea,21,216.8563062204052,15.878987558487358,tno-rate
Haumea,22,216.85629490078486,15.878992122571862,tno-rate
Haumea,23,216.85628358116455,15.878996686656366,tno-rate
Haumea,24,216.85627226154423,15.87900125074087,tno-rate
Haumea,25,216.8562609419239,15.879005814825375,tno-rate
Haumea,26,216.85624962230358,15.879010378909877,tno-rate
Haumea,27,216.85623830268324,15.879014942994381,tno-rate
Haumea,28,216.85622698306292,15.879019507078885,tno-rate
Haumea,29,216.8562156634426,15.87902407116339,tno-rate
Haumea,30,216.85620434382227,15.879028635247893,tno-rate
Makemake,-30,198.29304723550408,23.014521164681703,tno-rate
Makemake,-20,198.29293385983033,23.014545672432778,tno-rate
Makemake,-15,198.29287717199347,23.014557926308317,tno-rate
Makemake,-10,198.2928204841566,23.014570180183856,tno-rate
Makemake,-5,198.29276379631975,23.014582434059392,tno-rate
Makemake,-2,198.29272978361763,23.014589786384715,tno-rate
Makemake,-1,198.29271844605026,23.014592237159825,tno-rate
Makemake,0,198.2927071084829,23.01459468793493,tno-rate
Makemake,1,198.29269577091551,23.014597138710037,tno-rate
Makemake,2,198.29268443334814,23.014599589485147,tno-rate
Makemake,3,198.29267309578077,23.014602040260254,tno-rate
Makemake,4,198.2926617582134,23.01460449103536,tno-rate
Makemake,5,198.29265042064603,23.01460694181047,tno-rate
Makemake,6,198.29263908307865,23.014609392585577,tno-rate
Makemake,7,198.29262774551128,23.014611843360683,tno-rate
Makemake,8,198.2926164079439,23.014614294135793,tno-rate
Makemake,9,198.29260507037654,23.0146167449109,tno-rate
Makemake,10,198.29259373280917,23.014619195686006,tno-rate
Makemake,11,198.2925823952418,23.014621646461116,tno-rate
Makemake,12,198.29257105767442,23.014624097236222,tno-rate
Makemake,13,198.29255972010705,23.01462654801133,tno-rate
Makemake,14,198.29254838253968,23.01462899878644,tno-rate
Makemake,15,198.2925370449723,23.014631449561545,tno-rate
Makemake,16,198.29252570740493,23.01463390033665,tno-rate
Makemake,17,198.29251436983756,23.01463635111176,tno-rate
Makemake,18,198.2925030322702,23.014638801886868,tno-rate
Makemake,19,198.29249169470282,23.014641252661974,tno-rate
Makemake,20,198.29248035713545,23.014643703437084,tno-rate
Makemake,21,198.29246901956807,23.01464615421219,tno-rate
Makemake,22,198.2924576820007,23.014648604987297,tno-rate
Makemake,23,198.29244634443333,23.014651055762403,tno-rate
Makemake,24,198.29243500686596,23.014653506537513,tno-rate
Makemake,25,198.29242366929856,23.01465595731262,tno-rate
Makemake,26,198.29241233173119,23.014658408087726,tno-rate
Makemake,27,198.2924009941638,23.014660858862836,tno-rate
Makemake,28,198.29238965659644,23.014663309637942,tno-rate
Makemake,29,198.29237831902907,23.01466576041305,tno-rate
Makemake,30,198.2923669814617,23.01466821118816,tno-rate
Orcus,-30,155.8166225294955,-11.646984706864945,tno-rate
Orcus,-20,155.81655900999237,-11.646922141311784,tno-rate
Orcus,-15,155.8165272502408,-11.646890858535203,tno-rate
Orcus,-10,155.81649549048922,-11.646859575758622,tno-rate
Orcus,-5,155.81646373073767,-11.646828292982041,tno-rate
Orcus,-2,155.81644467488672,-11.646809523316094,tno-rate
Orcus,-1,155.8164383229364,-11.646803266760777,tno-rate
Orcus,0,155.8164319709861,-11.64679701020546,tno-rate
Orcus,1,155.81642561903578,-11.646790753650144,tno-rate
Orcus,2,155.81641926708545,-11.646784497094828,tno-rate
Orcus,3,155.81641291513515,-11.646778240539513,tno-rate
Orcus,4,155.81640656318484,-11.646771983984197,tno-rate
Orcus,5,155.8164002112345,-11.64676572742888,tno-rate
Orcus,6,155.8163938592842,-11.646759470873564,tno-rate
Orcus,7,155.8163875073339,-11.646753214318247,tno-rate
Orcus,8,155.81638115538357,-11.646746957762932,tno-rate
Orcus,9,155.81637480343326,-11.646740701207616,tno-rate
Orcus,10,155.81636845148296,-11.6467344446523,tno-rate
Orcus,11,155.81636209953263,-11.646728188096983,tno-rate
Orcus,12,155.81635574758232,-11.646721931541666,tno-rate
Orcus,13,155.81634939563202,-11.64671567498635,tno-rate
Orcus,14,155.81634304368168,-11.646709418431035,tno-rate
Orcus,15,155.81633669173138,-11.646703161875719,tno-rate
Orcus,16,155.81633033978108,-11.646696905320402,tno-rate
Orcus,17,155.81632398783074,-11.646690648765086,tno-rate
Orcus,18,155.81631763588044,-11.64668439220977,tno-rate
Orcus,19,155.81631128393013,-11.646678135654454,tno-rate
Orcus,20,155.8163049319798,-11.646671879099138,tno-rate
Orcus,21,155.8162985800295,-11.646665622543821,tno-rate
Orcus,22,155.8162922280792,-11.646659365988505,tno-rate
Orcus,23,155.81628587612886,-11.646653109433188,tno-rate
Orcus,24,155.81627952417855,-11.646646852877874,tno-rate
Orcus,25,155.81627317222825,-11.646640596322557,tno-rate
Orcus,26,155.81626682027792,-11.64663433976724,tno-rate
Orcus,27,155.8162604683276,-11.646628083211924,tno-rate
Orcus,28,155.8162541163773,-11.646621826656608,tno-rate
Orcus,29,155.81624776442698,-11.646615570101291,tno-rate
Orcus,30,155.81624141247667,-11.646609313545977,tno-rate
Quaoar,-30,277.2427707486721,-15.214668817198916,tno-rate
Quaoar,-20,277.242738978451,-15.214648397993663,tno-rate
Quaoar,-15,277.2427230933404,-15.214638188391037,tno-rate
Quaoar,-10,277.24270720822983,-15.214627978788412,tno-rate
Quaoar,-5,277.24269132311923,-15.214617769185786,tno-rate
Quaoar,-2,277.2426817920529,-15.21461164342421,tno-rate
Quaoar,-1,277.2426786150308,-15.214609601503685,tno-rate
Quaoar,0,277.2426754380087,-15.21460755958316,tno-rate
Quaoar,1,277.2426722609866,-15.214605517662633,tno-rate
Quaoar,2,277.2426690839645,-15.21460347574211,tno-rate
Quaoar,3,277.24266590694236,-15.214601433821583,tno-rate
Quaoar,4,277.24266272992026,-15.214599391901059,tno-rate
Quaoar,5,277.24265955289815,-15.214597349980533,tno-rate
Quaoar,6,277.242656375876,-15.214595308060009,tno-rate
Quaoar,7,277.2426531988539,-15.214593266139483,tno-rate
Quaoar,8,277.24265002183176,-15.214591224218958,tno-rate
Quaoar,9,277.24264684480966,-15.214589182298432,tno-rate
Quaoar,10,277.24264366778755,-15.214587140377906,tno-rate
Quaoar,11,277.24264049076544,-15.214585098457382,tno-rate
Quaoar,12,277.24263731374333,-15.214583056536856,tno-rate
Quaoar,13,277.2426341367212,-15.214581014616332,tno-rate
Quaoar,14,277.2426309596991,-15.214578972695806,tno-rate
Quaoar,15,277.242627782677,-15.214576930775282,tno-rate
Quaoar,16,277.2426246056549,-15.214574888854756,tno-rate
Quaoar,17,277.24262142863273,-15.21457284693423,tno-rate
Quaoar,18,277.2426182516106,-15.214570805013706,tno-rate
Quaoar,19,277.2426150745885,-15.21456876309318,tno-rate
Quaoar,20,277.2426118975664,-15.214566721172655,tno-rate
Quaoar,21,277.2426087205443,-15.21456467925213,tno-rate
Quaoar,22,277.2426055435222,-15.214562637331605,tno-rate
Quaoar,23,277.2426023665001,-15.21456059541108,tno-rate
Quaoar,24,277.24259918947797,-15.214558553490555,tno-rate
Quaoar,25,277.24259601245586,-15.214556511570029,tno-rate
Quaoar,26,277.24259283543375,-15.214554469649503,tno-rate
Quaoar,27,277.24258965841165,-15.214552427728979,tno-rate
Quaoar,28,277.2425864813895,-15.214550385808453,tno-rate
Quaoar,29,277.2425833043674,-15.214548343887929,tno-rate
Quaoar,30,277.24258012734526,-15.214546301967403,tno-rate
Sedna,-30,58.69206073176322,8.285965033260865,tno-rate
Sedna,-20,58.69213637236031,8.285990724378477,tno-rate
Sedna,-15,58.69217419265885,8.286003569937282,tno-rate
Sedna,-10,58.69221201295739,8.286016415496087,tno-rate
Sedna,-5,58.69224983325593,8.286029261054892,tno-rate
Sedna,-2,58.69227252543506,8.286036968390176,tno-rate
Sedna,-1,58.692280089494766,8.286039537501937,tno-rate
Sedna,0,58.69228765355447,8.286042106613698,tno-rate
Sedna,1,58.69229521761418,8.286044675725458,tno-rate
Sedna,2,58.69230278167389,8.286047244837219,tno-rate
Sedna,3,58.692310345733596,8.286049813948981,tno-rate
Sedna,4,58.6923179097933,8.286052383060742,tno-rate
Sedna,5,58.69232547385302,8.286054952172503,tno-rate
Sedna,6,58.692333037912725,8.286057521284263,tno-rate
Sedna,7,58.69234060197243,8.286060090396026,tno-rate
Sedna,8,58.69234816603214,8.286062659507786,tno-rate
Sedna,9,58.69235573009185,8.286065228619547,tno-rate
Sedna,10,58.692363294151555,8.286067797731308,tno-rate
Sedna,11,58.69237085821126,8.286070366843068,tno-rate
Sedna,12,58.69237842227097,8.28607293595483,tno-rate
Sedna,13,58.692385986330684,8.286075505066592,tno-rate
Sedna,14,58.69239355039039,8.286078074178352,tno-rate
Sedna,15,58.6924011144501,8.286080643290113,tno-rate
Sedna,16,58.69240867850981,8.286083212401875,tno-rate
Sedna,17,58.692416242569514,8.286085781513636,tno-rate
Sedna,18,58.69242380662922,8.286088350625397,tno-rate
Sedna,19,58.69243137068893,8.286090919737157,tno-rate
Sedna,20,58.69243893474864,8.286093488848918,tno-rate
Sedna,21,58.69244649880835,8.28609605796068,tno-rate
Sedna,22,58.69245406286806,8.286098627072441,tno-rate
Sedna,23,58.692461626927766,8.286101196184202,tno-rate
Sedna,24,58.692469190987474,8.286103765295962,tno-rate
Sedna,25,58.69247675504718,8.286106334407725,tno-rate
Sedna,26,58.69248431910689,8.286108903519485,tno-rate
Sedna,27,58.692491883166596,8.286111472631246,tno-rate
Sedna,28,58.692499447226304,8.286114041743007,tno-rate
Sedna,29,58.69250701128602,8.286116610854767,tno-rate
Sedna,30,58.692514575345726,8.28611917996653,tno-rate
Transpluto,-30,154.3154253349941,10.640318372388693,engine
Transpluto,-20,154.31539237094194,10.640330872339792,engine
Transpluto,-15,154.31537589107663,10.640337121490244,engine
Transpluto,-10,154.31535941265582,10.640343370088978,engine
Transpluto,-5,154.3153429356753,10.64034961813754,engine
Transpluto,-2,154.31533305018067,10.640353366701662,engine
Transpluto,-1,154.31532975513113,10.640354616178929,engine
Transpluto,0,154.3153264601394,10.640355865634154,engine
Transpluto,1,154.31532316520534,10.64035711506735,engine
Transpluto,2,154.31531987032898,10.640358364478473,engine
Transpluto,3,154.3153165755103,10.640359613867556,engine
Transpluto,4,154.31531328074934,10.64036086323458,engine
Transpluto,5,154.31530998604612,10.640362112579558,engine
Transpluto,6,154.31530669139835,10.640363361903304,engine
Transpluto,7,154.31530339681052,10.640364611204156,engine
Transpluto,8,154.31530010228047,10.640365860482971,engine
Transpluto,9,154.315296807808,10.640367109739717,engine
Transpluto,10,154.3152935133933,10.640368358974392,engine
Transpluto,11,154.31529021903634,10.64036960818702,engine
Transpluto,12,154.31528692473708,10.640370857377627,engine
Transpluto,13,154.31528363049551,10.640372106546094,engine
Transpluto,14,154.31528033631164,10.640373355692558,engine
Transpluto,15,154.31527704218547,10.640374604816934,engine
Transpluto,16,154.31527374811705,10.640375853919261,engine
Transpluto,17,154.31527045410422,10.64037710300033,engine
Transpluto,18,154.31526716015117,10.64037835205852,engine
Transpluto,19,154.31526386625595,10.640379601094597,engine
Transpluto,20,154.31526057241834,10.640380850108661,engine
Transpluto,21,154.31525727863854,10.64038209910064,engine
Transpluto,22,154.31525398491644,10.64038334807056,engine
Transpluto,23,154.31525069125203,10.64038459701837,engine
Transpluto,24,154.31524739764538,10.640385845944122,engine
Transpluto,25,154.3152441040964,10.640387094847826,engine
Transpluto,26,154.31524081060516,10.640388343729413,engine
Transpluto,27,154.31523751717165,10.640389592588965,engine
Transpluto,28,154.31523422379593,10.640390841426429,engine
Transpluto,29,154.31523093047565,10.640392090242644,engine
Transpluto,30,154.3152276372153,10.640393339035942,engine
Part_of_Fortune,-30,7.779958185707017,-22.89116892802161,engine
Part_of_Fortune,-20,9.515148905308479,-23.59532393519965,engine
Part_of_Fortune,-15,10.381511251621305,-23.949592544241128,engine
Part_of_Fortune,-10,11.247102305065596,-24.305228030481143,engine
Part_of_Fortune,-5,12.111959255388854,-24.662159171223706,engine
Part_of_Fortune,-2,12.630536482456193,-24.876909896863268,engine
Part_of_Fortune,-1,12.803341023404755,-24.948588647449863,engine
Part_of_Fortune,0,12.976119015661084,-25.020314075583823,engine
Part_of_Fortune,1,13.148870395598124,-25.09208551320552,engine
Part_of_Fortune,2,13.321595804231151,-25.163902463458257,engine
Part_of_Fortune,3,13.49429517661406,-25.23576425647706,engine
Part_of_Fortune,4,13.666969152346951,-25.30767039347051,engine
Part_of_Fortune,5,13.839617664896195,-25.379620202678126,engine
Part_of_Fortune,6,14.012241469209812,-25.451613232100986,engine
Part_of_Fortune,7,14.184840265329626,-25.523648711430603,engine
Part_of_Fortune,8,14.357414806371594,-25.595726186554792,engine
Part_of_Fortune,9,14.529965023614523,-25.66784498240843,engine
Part_of_Fortune,10,14.702491552840002,-25.74000459468678,engine
Part_of_Fortune,11,14.874994500773255,-25.81220438967546,engine
Part_of_Fortune,12,15.047473972295279,-25.884443732346327,engine
Part_of_Fortune,13,15.2199306024242,-25.956722116185897,engine
Part_of_Fortune,14,15.392364319294927,-26.02903886195899,engine
Part_of_Fortune,15,15.564775755908954,-26.101393461076587,engine
Part_of_Fortune,16,15.737164839683317,-26.173785232893955,engine
Part_of_Fortune,17,15.909532318437073,-26.246213715894182,engine
Part_of_Fortune,18,16.08187806307052,-26.318678173299645,engine
Part_of_Fortune,19,16.25420229172647,-26.391178013729327,engine
Part_of_Fortune,20,16.42650563480663,-26.463712724571423,engine
Part_of_Fortune,21,16.598788193635983,-26.53628166425794,engine
Part_of_Fortune,22,16.771050069062937,-26.60888419055953,engine
Part_of_Fortune,23,16.9432918901407,-26.681519788597512,engine
Part_of_Fortune,24,17.11551358067743,-26.754187772067304,engine
Part_of_Fortune,25,17.287715768881924,-26.82688762464396,engine
Part_of_Fortune,26,17.459898554238066,-26.899618701468256,engine
Part_of_Fortune,27,17.632062034693604,-26.97238035656741,engine
Part_of_Fortune,28,17.804206838432606,-27.045172072047745,engine
Part_of_Fortune,29,17.976333178066852,-27.11799324946854,engine
Part_of_Fortune,30,18.14844092081114,-27.19084314385496,engine
Part_of_Spirit,-30,319.40250621613944,36.85468576840353,engine
Part_of_Spirit,-20,320.89844526949906,36.22792357541579,engine
Part_of_Spirit,-15,321.64536975391707,35.91256612343467,engine
Part_of_Spirit,-10,322.3916626067877,35.5959842443688,engine
Part_of_Spirit,-5,323.13737262450235,35.278248313575176,engine
Part_of_Spirit,-2,323.58453838907906,35.087082477208234,engine
Part_of_Spirit,-1,323.7335526927483,35.02327654338617,engine
Part_of_Spirit,0,323.882546912326,34.95942962957427,engine
Part_of_Spirit,1,324.03152177690436,34.895542224314354,engine
Part_of_Spirit,2,324.18047730703245,34.83161499013537,engine
Part_of_Spirit,3,324.32941423012517,34.7676484173062,engine
Part_of_Spirit,4,324.4783325651996,34.703643169913995,engine
Part_of_Spirit,5,324.62723303776147,34.639599740035166,engine
Part_of_Spirit,6,324.77611576600304,34.57551874992612,engine
Part_of_Spirit,7,324.92498127366696,34.511400779484966,engine
Part_of_Spirit,8,325.0738296768574,34.44724645273979,engine
Part_of_Spirit,9,325.2226616983547,34.38305626485837,engine
Part_of_Spirit,10,325.371477352732,34.318830884390145,engine
Part_of_Spirit,11,325.52027718471174,34.25457085104891,engine
Part_of_Spirit,12,325.6690617372028,34.19027670581313,engine
Part_of_Spirit,13,325.8178310235202,34.12594911895818,engine
Part_of_Spirit,14,325.9665857626383,34.06158858955777,engine
Part_of_Spirit,15,326.1153259656745,33.997195789591025,engine
Part_of_Spirit,16,326.2640523505397,33.93277121944056,engine
Part_of_Spirit,17,326.41276502709707,33.86831550901672,engine
Part_of_Spirit,18,326.5614643350804,33.803829289796695,engine
Part_of_Spirit,19,326.7101509136026,33.73931306394368,engine
Part_of_Spirit,20,326.8588247707248,33.674767506559434,engine
Part_of_Spirit,21,327.0074864443118,33.610193164384576,engine
Part_of_Spirit,22,327.15613647166447,33.54559058483277,engine
Part_of_Spirit,23,327.3047748590732,33.4809604447442,engine
Part_of_Spirit,24,327.45340231946307,33.416303249800556,engine
Part_of_Spirit,25,327.602018858002,33.351619677946104,engine
Part_of_Spirit,26,327.75062501001685,33.28691027880845,engine
Part_of_Spirit,27,327.89922130905916,33.22217560313703,engine
Part_of_Spirit,28,328.04780775992265,33.15741632992811,engine
Part_of_Spirit,29,328.196384994754,33.092632967525056,engine
Part_of_Spirit,30,328.3449533474585,33.027826154696776,engine
Ascendant,-30,163.59123220092323,6.9817584201909595,engine
Ascendant,-20,165.20679708740377,6.3162998201080685,engine
Ascendant,-15,166.01344050276919,5.9814867895967705,engine
Ascendant,-10,166.81938245592664,5.645378106943828,engine
Ascendant,-5,167.6246659399456,5.308044571175736,engine
Ascendant,-2,168.10753743576763,5.105086290172483,engine
Ascendant,-1,168.2684468580765,5.037343947968151,engine
Ascendant,0,168.42933296399352,4.969557776995221,engine
Ascendant,1,168.59019608625124,4.901728355554415,engine
Ascendant,2,168.75103655563183,4.833856263338559,engine
Ascendant,3,168.9118547033696,4.765942080414568,engine
Ascendant,4,169.07265085877327,4.697986388221744,engine
Ascendant,5,169.23342535132883,4.62998976867852,engine
Ascendant,6,169.39417861760646,4.561952758912565,engine
Ascendant,7,169.5549107694983,4.493876034027181,engine
Ascendant,8,169.71562224161445,4.425760133092501,engine
Ascendant,9,169.87631336098462,4.357605641224968,engine
Ascendant,10,170.036984452786,4.289413144851681,engine
Ascendant,11,170.1976358427425,4.221183230686726,engine
Ascendant,12,170.35826785474907,4.152916486733403,engine
Ascendant,13,170.5188808129722,4.0846135013861415,engine
Ascendant,14,170.67947504096662,4.016274863799391,engine
Ascendant,15,170.84005086079173,3.9479011642572197,engine
Ascendant,16,171.00060859511152,3.8794929932733035,engine
Ascendant,17,171.16114867276707,3.8110508965612686,engine
Ascendant,18,171.32167119907547,3.7425755582485256,engine
Ascendant,19,171.48217660266454,3.67406752510718,engine
Ascendant,20,171.64266520276573,3.6055273909940064,engine
Ascendant,21,171.80313731897385,3.5369557500633184,engine
Ascendant,22,171.9635932703637,3.4683531971366204,engine
Ascendant,23,172.12403337460694,3.399720328073344,engine
Ascendant,24,172.28445795007025,3.331057738866627,engine
Ascendant,25,172.44486731344196,3.262366026651071,engine
Ascendant,26,172.60526178212743,3.193645788670098,engine
Ascendant,27,172.76564167187638,3.124897623284813,engine
Ascendant,28,172.92600729917763,3.056122128940184,engine
Ascendant,29,173.08635908641045,2.9873198590282577,engine
Ascendant,30,173.24669713413482,2.9184915054209086,engine
Midheaven,-30,64.50395332431641,21.369158125613712,engine
Midheaven,-20,67.00904822911563,21.754814408029173,engine
Midheaven,-15,68.26164745052985,21.932821004281255,engine
Midheaven,-10,69.51428308292675,22.100923339699893,engine
Midheaven,-5,70.76695696899914,22.25910668405603,engine
Midheaven,-2,71.51858007965772,22.349250104672628,engine
Midheaven,-1,71.76912433019703,22.37850291201834,engine
Midheaven,0,72.01967020494735,22.4073580716944,engine
Midheaven,1,72.27021771545688,22.43581549877131,engine
Midheaven,2,72.52076687128742,22.46387511046994,engine
Midheaven,3,72.7713176837369,22.49153682652895,engine
Midheaven,4,73.02187016211506,22.51880056873289,engine
Midheaven,5,73.27242431700077,22.54566626121987,engine
Midheaven,6,73.52298032686296,22.572133847885702,engine
Midheaven,7,73.77353786505809,22.5982032215081,engine
Midheaven,8,74.02409710886471,22.623874330288498,engine
Midheaven,9,74.27465806881071,22.649147106679592,engine
Midheaven,10,74.52522075343128,22.674021484885248,engine
Midheaven,11,74.77578517299158,22.698497401186625,engine
Midheaven,12,75.02635133576266,22.722574793524135,engine
Midheaven,13,75.27691925127853,22.746253601769656,engine
Midheaven,14,75.52748892893966,22.769533767539773,engine
Midheaven,15,75.77806037661554,22.79241523402315,engine
Midheaven,16,76.02863360390212,22.81489794623614,engine
Midheaven,17,76.27920878689437,22.836981865353717,engine
Midheaven,18,76.5297855974588,22.85866690982812,engine
Midheaven,19,76.78036421281182,22.879953044317286,engine
Midheaven,20,77.0309446401402,22.900840219859067,engine
Midheaven,21,77.28152688788877,22.921328389050952,engine
Midheaven,22,77.53211096436341,22.941417505887525,engine
Midheaven,23,77.78269687633372,22.961107525611943,engine
Midheaven,24,78.03328463229121,22.98039840493628,engine
Midheaven,25,78.28387423872437,22.999290101710418,engine
Midheaven,26,78.53446570384247,23.017782575171502,engine
Midheaven,27,78.78505903385063,23.035875785626256,engine
Midheaven,28,79.03565423667358,23.05356969469007,engine
Midheaven,29,79.28625148627677,23.070864276446276,engine
Midheaven,30,79.53685045420785,23.08775947155332,engine
Vertex,-30,323.12230188204177,-14.582096808055805,engine
Vertex,-20,326.5942968669437,-13.423636282704788,engine
Vertex,-15,328.3493263525674,-12.815274238786508,engine
Vertex,-10,330.11651842658443,-12.1879101979649,engine
Vertex,-5,331.8954281402071,-11.541964325538256,engine
Vertex,-2,332.9681973942179,-11.145685875511175,engine
Vertex,-1,333.326666522649,-11.012168339501677,engine
Vertex,0,333.6855682459085,-10.877946596983316,engine
Vertex,1,334.04489821199417,-10.743025765501383,engine
Vertex,2,334.404652001471,-10.607411115339579,engine
Vertex,3,334.7648251330718,-10.471108068030508,engine
Vertex,4,335.125413058635,-10.334122198820248,engine
Vertex,5,335.4864111680908,-10.196459235281425,engine
Vertex,6,335.84781503026875,-10.058124965392942,engine
Vertex,7,336.2096194222307,-9.919125609807637,engine
Vertex,8,336.5718197850834,-9.779467264925655,engine
Vertex,9,336.93441125726315,-9.639156272819225,engine
Vertex,10,337.2973889124539,-9.498199130535621,engine
Vertex,11,337.66074776541296,-9.356602487959696,engine
Vertex,12,338.0244827670375,-9.214373149778575,engine
Vertex,13,338.3885888095696,-9.071518073435525,engine
Vertex,14,338.7530607250797,-8.928044369626182,engine
Vertex,15,339.11789328395923,-8.78395930273444,engine
Vertex,16,339.48308120021164,-8.639270288514092,engine
Vertex,17,339.8486193725207,-8.493984797802463,engine
Vertex,18,340.21450190615053,-8.348110745208217,engine
Vertex,19,340.5807235863434,-8.201655903031952,engine
Vertex,20,340.947278893941,-8.054628291686532,engine
Vertex,21,341.31416225581154,-7.907036079696241,engine
Vertex,22,341.6813680434952,-7.758887583548595,engine
Vertex,23,342.0488905718598,-7.610191267478018,engine
Vertex,24,342.41672410460427,-7.460955740402373,engine
Vertex,25,342.78486284954613,-7.311189756909873,engine
Vertex,26,343.15330096485775,-7.160902213730142,engine
Vertex,27,343.5220325543872,-7.010102150560539,engine
Vertex,28,343.8910516739463,-6.858798746343919,engine
Vertex,29,344.2603525744033,-6.707001217976807,engine
Vertex,30,344.6299287172508,-6.554719223896006,engine
Algol,-30,47.035621728460875,40.95518407806971,engine
Algol,-20,47.0356204091048,40.95518524218918,engine
Algol,-15,47.03561970097751,40.9551858156466,engine
Algol,-10,47.03561896089854,40.95518638290405,engine
Algol,-5,47.03561818914758,40.95518694361661,engine
Algol,-2,47.03561771101672,40.95518727676013,engine
Algol,-1,47.03561754914096,40.95518738724431,engine
Algol,0,47.03561738601996,40.95518749744217,engine
Algol,1,47.03561722165626,40.955187607351,engine
Algol,2,47.03561705605238,40.955187716968084,engine
Algol,3,47.035616889210914,40.95518782629077,engine
Algol,4,47.03561672113447,40.95518793531635,engine
Algol,5,47.03561655182566,40.95518804404217,engine
Algol,6,47.03561638128702,40.95518815246561,engine
Algol,7,47.03561620952146,40.95518826058388,engine
Algol,8,47.03561603653155,40.955188368394374,engine
Algol,9,47.03561586232,40.95518847589446,engine
Algol,10,47.03561568688957,40.95518858308148,engine
Algol,11,47.03561551024301,40.955188689952806,engine
Algol,12,47.0356153323831,40.95518879650578,engine
Algol,13,47.03561515331268,40.955188902737774,engine
Algol,14,47.03561497303456,40.95518900864619,engine
Algol,15,47.035614791551616,40.955189114228396,engine
Algol,16,47.035614608866695,40.95518921948178,engine
Algol,17,47.03561442498263,40.955189324403825,engine
Algol,18,47.03561423990254,40.95518942899177,engine
Algol,19,47.035614053629295,40.9551895332431,engine
Algol,20,47.035613866165825,40.955189637155264,engine
Algol,21,47.03561367751516,40.955189740725636,engine
Algol,22,47.03561348768031,40.95518984395165,engine
Algol,23,47.0356132966643,40.955189946830764,engine
Algol,24,47.03561310447022,40.955190049360425,engine
Algol,25,47.03561291110113,40.95519015153807,engine
Algol,26,47.03561271656016,40.95519025336113,engine
Algol,27,47.03561252085041,40.9551903548271,engine
Algol,28,47.03561232397506,40.95519045593343,engine
Algol,29,47.03561212593714,40.95519055667768,engine
Algol,30,47.03561192674014,40.95519065705719,engine
Pleiades,-30,56.86619555603223,24.104036955485014,engine
Pleiades,-20,56.866194785027254,24.10403779679166,engine
Pleiades,-15,56.86619435758823,24.104038214684756,engine
Pleiades,-10,56.86619390234244,24.10403863043354,engine
Pleiades,-5,56.86619341941958,24.104039043811362,engine
Pleiades,-2,56.86619311643992,24.104039290606014,engine
Pleiades,-1,56.866193013249614,24.104039372654768,engine
Pleiades,0,56.86619290896287,24.104039454592467,engine
Pleiades,1,56.86619280358098,24.1040395364173,engine
Pleiades,2,56.86619269710524,24.10403961812752,engine
Pleiades,3,56.86619258953701,24.104039699721305,engine
Pleiades,4,56.86619248087763,24.104039781196885,engine
Pleiades,5,56.866192371128484,24.10403986255247,engine
Pleiades,6,56.86619226029088,24.10403994378634,engine
Pleiades,7,56.866192148366395,24.10404002489661,engine
Pleiades,8,56.8661920353564,24.104040105881552,engine
Pleiades,9,56.86619192126235,24.1040401867394,engine
Pleiades,10,56.86619180608569,24.104040267468385,engine
Pleiades,11,56.86619168982798,24.104040348066725,engine
Pleiades,12,56.8661915724907,24.104040428532684,engine
Pleiades,13,56.866191454075405,24.104040508864458,engine
Pleiades,14,56.866191334583654,24.10404058906032,engine
Pleiades,15,56.86619121401706,24.10404066911851,engine
Pleiades,16,56.866191092377164,24.104040749037246,engine
Pleiades,17,56.86619096966556,24.10404082881485,engine
Pleiades,18,56.866190845884056,24.10404090844946,engine
Pleiades,19,56.866190721034215,24.104040987939396,engine
Pleiades,20,56.86619059511771,24.10404106728289,engine
Pleiades,21,56.86619046813629,24.104041146478217,engine
Pleiades,22,56.86619034009165,24.104041225523634,engine
Pleiades,23,56.86619021098555,24.1040413044174,engine
Pleiades,24,56.866190080819734,24.1040413831578,engine
Pleiades,25,56.866189949596034,24.10404146174307,engine
Pleiades,26,56.866189817316226,24.104041540171526,engine
Pleiades,27,56.86618968398214,24.10404161844141,engine
Pleiades,28,56.86618954959564,24.104041696551015,engine
Pleiades,29,56.86618941415849,24.104041774498675,engine
Pleiades,30,56.866189277672774,24.10404185228257,engine
Capella,-30,79.16812774028197,45.996852614746864,engine
Capella,-20,79.16812777357976,45.99685407379823,engine
Capella,-15,79.16812773563832,45.99685480932871,engine
Capella,-10,79.16812766108089,45.996855548329684,engine
Capella,-5,79.1681275497624,45.99685629039979,engine
Capella,-2,79.16812746527232,45.9968567369473,engine
Capella,-1,79.1681274341535,45.99685688599468,engine
Capella,0,79.16812740155555,45.99685703513576,engine
Capella,1,79.16812736747761,45.99685718436734,engine
Capella,2,79.1681273319189,45.99685733368612,engine
Capella,3,79.16812729487863,45.996857483088895,engine
Capella,4,79.1681272563561,45.99685763257242,engine
Capella,5,79.16812721635057,45.996857782133446,engine
Capella,6,79.16812717486137,45.99685793176884,engine
Capella,7,79.16812713188789,45.99685808147513,engine
Capella,8,79.16812708742945,45.99685823124918,engine
Capella,9,79.1681270414855,45.996858381087726,engine
Capella,10,79.16812699405544,45.996858530987545,engine
Capella,11,79.16812694513875,45.996858680945344,engine
Capella,12,79.16812689473494,45.996858830957926,engine
Capella,13,79.16812684284349,45.99685898102198,engine
Capella,14,79.16812678946395,45.996859131134265,engine
Capella,15,79.16812673459596,45.996859281291535,engine
Capella,16,79.16812667823905,45.99685943149054,engine
Capella,17,79.16812662039283,45.99685958172811,engine
Capella,18,79.16812656105708,45.99685973200076,engine
Capella,19,79.16812650023141,45.99685988230538,engine
Capella,20,79.16812643791557,45.99686003263868,engine
Capella,21,79.16812637410928,45.996860182997395,engine
Capella,22,79.16812630881232,45.99686033337828,engine
Capella,23,79.16812624202453,45.99686048377805,engine
Capella,24,79.1681261737457,45.996860634193474,engine
Capella,25,79.16812610397572,45.996860784621276,engine
Capella,26,79.16812603271448,45.996860935058166,engine
Capella,27,79.16812595996187,45.99686108550092,engine
Capella,28,79.16812588571787,45.99686123594625,engine
Capella,29,79.1681258099824,45.99686138639101,engine
Capella,30,79.16812573275554,45.99686153683173,engine
Sirius,-30,101.28185405337744,-16.72702589394143,engine
Sirius,-20,101.28185482483343,-16.727026277430312,engine
Sirius,-15,101.28185517718202,-16.72702647559137,engine
Sirius,-10,101.28185550683732,-16.72702667785024,engine
Sirius,-5,101.28185581348274,-16.727026884069573,engine
Sirius,-2,101.28185598629759,-16.72702700964429,engine
Sirius,-1,101.28185604202612,-16.72702705180297,engine
Sirius,0,101.28185609681252,-16.727027094110007,engine
Sirius,1,101.28185615065449,-16.727027136564235,engine
Sirius,2,101.28185620354972,-16.727027179164544,engine
Sirius,3,101.28185625549591,-16.72702722190977,engine
Sirius,4,101.28185630649081,-16.727027264798785,engine
Sirius,5,101.28185635653219,-16.727027307830436,engine
Sirius,6,101.28185640561782,-16.7270273510036,engine
Sirius,7,101.28185645374545,-16.72702739431708,engine
Sirius,8,101.28185650091288,-16.727027437769735,engine
Sirius,9,101.28185654711798,-16.727027481360427,engine
Sirius,10,101.28185659235858,-16.727027525087976,engine
Sirius,11,101.28185663663253,-16.727027568951236,engine
Sirius,12,101.28185667993772,-16.727027612949037,engine
Sirius,13,101.28185672227205,-16.727027657080207,engine
Sirius,14,101.28185676363344,-16.727027701343573,engine
Sirius,15,101.28185680401982,-16.727027745737985,engine
Sirius,16,101.28185684342918,-16.727027790262248,engine
Sirius,17,101.28185688185947,-16.727027834915216,engine
Sirius,18,101.28185691930864,-16.727027879695648,engine
Sirius,19,101.28185695577476,-16.727027924602403,engine
Sirius,20,101.28185699125582,-16.727027969634293,engine
Sirius,21,101.28185702574991,-16.72702801479012,engine
Sirius,22,101.28185705925507,-16.727028060068697,engine
Sirius,23,101.28185709176938,-16.727028105468836,engine
Sirius,24,101.28185712329099,-16.727028150989344,engine
Sirius,25,101.28185715381798,-16.72702819662903,engine
Sirius,26,101.28185718334852,-16.72702824238668,engine
Sirius,27,101.28185721188075,-16.727028288261103,engine
Sirius,28,101.28185723941289,-16.727028334251102,engine
Sirius,29,101.28185726594312,-16.727028380355495,engine
Sirius,30,101.28185729146965,-16.727028426572996,engine
Procyon,-30,114.82059467585941,5.217062915951663,engine
Procyon,-20,114.82059580722569,5.217063180081161,engine
Procyon,-15,114.82059634688878,5.217063314710095,engine
Procyon,-10,114.82059686864592,5.217063451001354,engine
Procyon,-5,114.82059737208864,5.217063588918652,engine
Procyon,-2,114.82059766519654,5.2170636724341115,engine
Procyon,-1,114.82059776138729,5.217063700398312,engine
Procyon,0,114.82059785681687,5.2170637284248595,engine
Procyon,1,114.82059795148224,5.2170637565134514,engine
Procyon,2,114.8205980453803,5.217063784663785,engine
Procyon,3,114.82059813850789,5.217063812875549,engine
Procyon,4,114.82059823086209,5.217063841148433,engine
Procyon,5,114.82059832243978,5.217063869482133,engine
Procyon,6,114.82059841323803,5.217063897876351,engine
Procyon,7,114.82059850325368,5.21706392633074,engine
Procyon,8,114.8205985924838,5.217063954845003,engine
Procyon,9,114.82059868092541,5.217063983418825,engine
Procyon,10,114.82059876857558,5.217064012051896,engine
Procyon,11,114.8205988554313,5.2170640407438915,engine
Procyon,12,114.8205989414897,5.2170640694945005,engine
Procyon,13,114.82059902674784,5.217064098303399,engine
Procyon,14,114.82059911120278,5.21706412717027,engine
Procyon,15,114.82059919485168,5.217064156094789,engine
Procyon,16,114.82059927769164,5.217064185076636,engine
Procyon,17,114.82059935971985,5.217064214115508,engine
Procyon,18,114.82059944093336,5.2170642432110395,engine
Procyon,19,114.82059952132944,5.217064272362924,engine
Procyon,20,114.82059960090521,5.217064301570838,engine
Procyon,21,114.82059967965793,5.2170643308344475,engine
Procyon,22,114.82059975758483,5.2170643601534294,engine
Procyon,23,114.82059983468308,5.21706438952745,engine
Procyon,24,114.82059991094998,5.217064418956182,engine
Procyon,25,114.82059998638282,5.217064448439291,engine
Procyon,26,114.8206000609788,5.217064477976444,engine
Procyon,27,114.8206001347353,5.217064507567307,engine
Procyon,28,114.82060020764962,5.217064537211544,engine
Procyon,29,114.82060027971913,5.217064566908844,engine
Procyon,30,114.82060035094106,5.217064596658823,engine
Alkaid,-30,206.8920725747132,49.31202737656944,engine
Alkaid,-20,206.89207486859894,49.31202656173404,engine
Alkaid,-15,206.89207606134028,49.312026173113615,engine
Alkaid,-10,206.89207728386117,49.312025797460265,engine
Alkaid,-5,206.89207853557966,49.31202543509287,engine
Alkaid,-2,206.89207930037796,49.31202522418,engine
Alkaid,-1,206.89207955757627,49.31202515497513,engine
Alkaid,0,206.89207981589914,49.312025086324034,engine
Alkaid,1,206.89208007534177,49.31202501822914,engine
Alkaid,2,206.89208033589907,49.312024950692866,engine
Alkaid,3,206.8920805975662,49.31202488371762,engine
Alkaid,4,206.89208086033813,49.312024817305826,engine
Alkaid,5,206.89208112420982,49.312024751459816,engine
Alkaid,6,206.89208138917644,49.31202468618194,engine
Alkaid,7,206.8920816552326,49.31202462147464,engine
Alkaid,8,206.89208192237336,49.31202455734027,engine
Alkaid,9,206.8920821905937,49.312024493781124,engine
Alkaid,10,206.89208245988843,49.31202443079955,engine
Alkaid,11,206.89208273025247,49.31202436839786,engine
Alkaid,12,206.89208300168065,49.31202430657836,engine
Alkaid,13,206.89208327416782,49.31202424534336,engine
Alkaid,14,206.89208354770872,49.31202418469514,engine
Alkaid,15,206.8920838222982,49.312024124635975,engine
Alkaid,16,206.892084097931,49.31202406516811,engine
Alkaid,17,206.892084374602,49.31202400629377,engine
Alkaid,18,206.89208465230567,49.31202394801529,engine
Alkaid,19,206.8920849310368,49.312023890334835,engine
Alkaid,20,206.89208521079013,49.31202383325466,engine
Alkaid,21,206.8920854915603,49.312023776776925,engine
Alkaid,22,206.89208577334196,49.31202372090384,engine
Alkaid,23,206.89208605612973,49.3120236656376,engine
Alkaid,24,206.89208633991825,49.31202361098036,engine
Alkaid,25,206.8920866247021,49.31202355693429,engine
Alkaid,26,206.8920869104758,49.31202350350155,engine
Alkaid,27,206.89208719723396,49.31202345068425,engine
Alkaid,28,206.89208748497106,49.31202339848453,engine
Alkaid,29,206.89208777368188,49.31202334690446,engine
Alkaid,30,206.8920880633605,49.31202329594624,engine
Algorab,-30,187.46980733705985,-16.518756306226784,engine
Algorab,-20,187.4698092182579,-16.518756007904617,engine
Algorab,-15,187.46981017960877,-16.51875586829399,engine
Algorab,-10,187.46981115411208,-16.518755735158713,engine
Algorab,-5,187.4698121412486,-16.518755608576157,engine
Algorab,-2,187.46981273937598,-16.51875553580298,engine
Algorab,-1,187.46981293970063,-16.51875551207812,engine
Algorab,0,187.46981314049262,-16.51875548862063,engine
Algorab,1,187.46981334174768,-16.51875546543108,engine
Algorab,2,187.46981354346153,-16.518755442510013,engine
Algorab,3,187.4698137456299,-16.518755419857985,engine
Algorab,4,187.46981394824846,-16.51875539747554,engine
Algorab,5,187.46981415131293,-16.51875537536321,engine
Algorab,6,187.46981435481914,-16.518755353521506,engine
Algorab,7,187.46981455876252,-16.51875533195101,engine
Algorab,8,187.4698147631388,-16.518755310652196,engine
Algorab,9,187.4698149679437,-16.51875528962561,engine
Algorab,10,187.4698151731729,-16.51875526887175,engine
Algorab,11,187.46981537882195,-16.51875524839112,engine
Algorab,12,187.4698155848866,-16.518755228184236,engine
Algorab,13,187.46981579136238,-16.51875520825158,engine
Algorab,14,187.46981599824497,-16.518755188593644,engine
Algorab,15,187.46981620553,-16.51875516921093,engine
Algorab,16,187.46981641321307,-16.518755150103893,engine
Algorab,17,187.46981662128985,-16.518755131273014,engine
Algorab,18,187.46981682975573,-16.518755112718786,engine
Algorab,19,187.4698170386064,-16.518755094441666,engine
Algorab,20,187.46981724783745,-16.518755076442087,engine
Algorab,21,187.46981745744446,-16.518755058720533,engine
Algorab,22,187.46981766742297,-16.518755041277437,engine
Algorab,23,187.46981787776852,-16.51875502411324,engine
Algorab,24,187.4698180884767,-16.518755007228386,engine
Algorab,25,187.46981829954302,-16.518754990623318,engine
Algorab,26,187.46981851096305,-16.518754974298442,engine
Algorab,27,187.46981872273227,-16.518754958254195,engine
Algorab,28,187.46981893484622,-16.518754942490997,engine
Algorab,29,187.46981914730057,-16.518754927009233,engine
Algorab,30,187.46981936009053,-16.518754911809328,engine
Spica,-30,201.3032960874507,-11.163606619366158,engine
Spica,-20,201.3032977230634,-11.163606294078951,engine
Spica,-15,201.30329856869145,-11.163606136852431,engine
Spica,-10,201.3032994323124,-11.163605983339464,engine
Spica,-5,201.30330031349962,-11.163605833614374,engine
Spica,-2,201.30330085046285,-11.163605745627798,engine
Spica,-1,201.30330103080465,-11.163605716610443,engine
Spica,0,201.3033012118175,-11.16360568774979,engine
Spica,1,201.3033013934979,-11.163605659046386,engine
Spica,2,201.30330157584223,-11.163605630500786,engine
Spica,3,201.30330175884689,-11.163605602113554,engine
Spica,4,201.30330194250826,-11.163605573885238,engine
Spica,5,201.3033021268227,-11.163605545816385,engine
Spica,6,201.30330231178675,-11.163605517907525,engine
Spica,7,201.3033024973965,-11.163605490159226,engine
Spica,8,201.30330268364838,-11.163605462572013,engine
Spica,9,201.30330287053872,-11.163605435146428,engine
Spica,10,201.30330305806382,-11.163605407882994,engine
Spica,11,201.30330324622008,-11.163605380782242,engine
Spica,12,201.30330343500364,-11.1636053538447,engine
Spica,13,201.30330362441092,-11.163605327070893,engine
Spica,14,201.30330381443804,-11.163605300461336,engine
Spica,15,201.3033040050814,-11.163605274016549,engine
Spica,16,201.30330419633714,-11.163605247737044,engine
Spica,17,201.3033043882016,-11.163605221623312,engine
Spica,18,201.30330458067084,-11.163605195675899,engine
Spica,19,201.3033047737412,-11.163605169895293,engine
Spica,20,201.30330496740874,-11.16360514428199,engine
Spica,21,201.30330516166973,-11.163605118836484,engine
Spica,22,201.30330535652035,-11.163605093559273,engine
Spica,23,201.30330555195675,-11.163605068450853,engine
Spica,24,201.3033057479751,-11.163605043511708,engine
Spica,25,201.30330594457143,-11.163605018742325,engine
Spica,26,201.303306141742,-11.163604994143181,engine
Spica,27,201.3033063394829,-11.16360496971475,engine
Spica,28,201.3033065377902,-11.163604945457521,engine
Spica,29,201.30330673666015,-11.163604921371936,engine
Spica,30,201.30330693608852,-11.1636048974585,engine
Arcturus,-30,213.9136868087562,19.16799933937793,engine
Arcturus,-20,213.91368821951497,19.167999004376604,engine
Arcturus,-15,213.91368895948256,19.167998843710937,engine
Arcturus,-10,213.9136897220677,19.167998687808403,engine
Arcturus,-5,213.91369050692623,19.16799853682098,engine
Arcturus,-2,213.91369098838518,19.16799844865016,engine
Arcturus,-1,213.91369115061147,19.1679984196706,engine
Arcturus,0,213.91369131370286,19.16799839089837,engine
Arcturus,1,213.91369147765636,19.16799836233462,engine
Arcturus,2,213.91369164246905,19.167998333980528,engine
Arcturus,3,213.91369180813786,19.16799830583725,engine
Arcturus,4,213.9136919746599,19.16799827790595,engine
Arcturus,5,213.91369214203203,19.16799825018778,engine
Arcturus,6,213.9136923102514,19.16799822268387,engine
Arcturus,7,213.9136924793147,19.167998195395402,engine
Arcturus,8,213.91369264921897,19.16799816832351,engine
Arcturus,9,213.9136928199611,19.16799814146932,engine
Arcturus,10,213.91369299153806,19.167998114833956,engine
Arcturus,11,213.91369316394662,19.16799808841857,engine
Arcturus,12,213.91369333718373,19.16799806222427,engine
Arcturus,13,213.91369351124624,19.16799803625219,engine
Arcturus,14,213.9136936861309,19.16799801050344,engine
Arcturus,15,213.9136938618346,19.167997984979124,engine
Arcturus,16,213.9136940383541,19.16799795968036,engine
Arcturus,17,213.91369421568635,19.167997934608234,engine
Arcturus,18,213.91369439382783,19.167997909763884,engine
Arcturus,19,213.91369457277546,19.167997885148374,engine
Arcturus,20,213.91369475252594,19.167997860762807,engine
Arcturus,21,213.913694933076,19.16799783660827,engine
Arcturus,22,213.91369511442235,19.167997812685822,engine
Arcturus,23,213.91369529656168,19.167997788996576,engine
Arcturus,24,213.91369547949068,19.16799776554158,engine
Arcturus,25,213.913695663206,19.167997742321905,engine
Arcturus,26,213.9136958477043,19.167997719338622,engine
Arcturus,27,213.91369603298222,19.16799769659279,engine
Arcturus,28,213.91369621903632,19.16799767408547,engine
Arcturus,29,213.9136964058634,19.167997651817675,engine
Arcturus,30,213.91369659345975,19.1679976297905,engine
Alphecca,-30,233.67814522849326,26.711372135314665,engine
Alphecca,-20,233.67814612635368,26.711371471037825,engine
Alphecca,-15,233.67814661765726,26.711371142760882,engine
Alphecca,-10,233.6781471370093,26.711370817387813,engine
Alphecca,-5,233.67814768424302,26.71137049516397,engine
Alphecca,-2,233.67814802589191,26.711370303442877,engine
Alphecca,-1,233.67814814198397,26.711370239816382,engine
Alphecca,0,233.67814825917793,26.71137017633336,engine
Alphecca,1,233.6781483774722,26.71137011299578,engine
Alphecca,2,233.6781484968653,26.711370049805563,engine
Alphecca,3,233.67814861735545,26.711369986764613,engine
Alphecca,4,233.6781487389411,26.71136992387487,engine
Alphecca,5,233.67814886162049,26.711369861138273,engine
Alphecca,6,233.67814898539206,26.711369798556674,engine
Alphecca,7,233.6781491102538,26.711369736132088,engine
Alphecca,8,233.6781492362043,26.711369673866376,engine
Alphecca,9,233.67814936324154,26.711369611761434,engine
Alphecca,10,233.67814949136394,26.711369549819207,engine
Alphecca,11,233.67814962056957,26.71136948804159,engine
Alphecca,12,233.6781497508567,26.711369426430448,engine
Alphecca,13,233.6781498822235,26.711369364987718,engine
Alphecca,14,233.67815001466795,26.711369303715262,engine
Alphecca,15,233.67815014818828,26.711369242614985,engine
Alphecca,16,233.67815028278264,26.71136918168881,engine
Alphecca,17,233.67815041844912,26.71136912093851,engine
Alphecca,18,233.6781505551856,26.711369060366113,engine
Alphecca,19,233.6781506929902,26.711368999973406,engine
Alphecca,20,233.67815083186088,26.711368939762288,engine
Alphecca,21,233.67815097179582,26.71136887973464,engine
Alphecca,22,233.67815111279282,26.71136881989231,engine
Alphecca,23,233.67815125484987,26.711368760237168,engine
Alphecca,24,233.6781513979649,26.711368700771065,engine
Alphecca,25,233.67815154213594,26.71136864149588,engine
Alphecca,26,233.67815168736067,26.711368582413442,engine
Alphecca,27,233.67815183363714,26.711368523525604,engine
Alphecca,28,233.67815198096312,26.711368464834226,engine
Alphecca,29,233.67815212933655,26.711368406341098,engine
Alphecca,30,233.67815227875505,26.711368348048136,engine
Vega,-30,279.23866386959077,38.78081223274803,engine
Vega,-20,279.23866300377694,38.780811218818776,engine
Vega,-15,279.23866261285826,38.78081069869988,engine
Vega,-10,279.2386622504436,38.7808101702131,engine
Vega,-5,279.23866191689984,38.78080963366446,engine
Vega,-2,279.2386617307791,38.78080930799454,engine
Vega,-1,279.2386616710896,38.780809198829424,engine
Vega,0,279.23866161258,38.78080908936424,engine
Vega,1,279.238661555253,38.780808979601524,engine
Vega,2,279.23866149911123,38.780808869543826,engine
Vega,3,279.2386614441573,38.78080875919365,engine
Vega,4,279.23866139039376,38.780808648553545,engine
Vega,5,279.23866133782326,38.780808537626065,engine
Vega,6,279.2386612864483,38.78080842641366,engine
Vega,7,279.2386612362714,38.78080831491906,engine
Vega,8,279.2386611872952,38.780808203144744,engine
Vega,9,279.23866113952204,38.78080809109326,engine
Vega,10,279.2386610929544,38.780807978767214,engine
Vega,11,279.2386610475948,38.78080786616917,engine
Vega,12,279.2386610034456,38.78080775330169,engine
Vega,13,279.2386609605091,38.78080764016737,engine
Vega,14,279.2386609187879,38.78080752676882,engine
Vega,15,279.2386608782841,38.78080741310861,engine
Vega,16,279.23866083900026,38.78080729918937,engine
Vega,17,279.2386608009385,38.78080718501362,engine
Vega,18,279.2386607641011,38.780807070584125,engine
Vega,19,279.23866072849046,38.780806955903415,engine
Vega,20,279.2386606941086,38.78080684097412,engine
Vega,21,279.238660660958,38.7808067257989,engine
Vega,22,279.2386606290405,38.7808066103803,engine
Vega,23,279.23866059835854,38.78080649472104,engine
Vega,24,279.23866056891416,38.78080637882373,engine
Vega,25,279.2386605407094,38.78080626269104,engine
Vega,26,279.2386605137465,38.78080614632557,engine
Vega,27,279.2386604880274,38.78080602973,engine
Vega,28,279.2386604635542,38.780805912906985,engine
Vega,29,279.2386604403288,38.780805795859116,engine
Vega,30,279.23866041835333,38.78080567858924,engine
Deneb Algedi,-30,326.75934372019566,-16.12975225254116,engine
Deneb Algedi,-20,326.75934187788476,-16.12975193426648,engine
Deneb Algedi,-15,326.75934096368024,-16.12975176456426,engine
Deneb Algedi,-10,326.7593400548831,-16.129751587858067,engine
Deneb Algedi,-5,326.75933915206986,-16.1297514041815,engine
Deneb Algedi,-2,326.7593386134932,-16.129751290645036,engine
Deneb Algedi,-1,326.7593384345136,-16.129751252246333,engine
Deneb Algedi,0,326.7593382558146,-16.12975121357156,engine
Deneb Algedi,1,326.7593380774008,-16.129751174621042,engine
Deneb Algedi,2,326.75933789927666,-16.12975113539514,engine
Deneb Algedi,3,326.75933772144685,-16.12975109589418,engine
Deneb Algedi,4,326.7593375439158,-16.12975105611852,engine
Deneb Algedi,5,326.75933736668804,-16.129751016068496,engine
Deneb Algedi,6,326.75933718976813,-16.129750975744468,engine
Deneb Algedi,7,326.75933701316063,-16.129750935146838,engine
Deneb Algedi,8,326.75933683687,-16.12975089427595,engine
Deneb Algedi,9,326.7593366609008,-16.129750853132172,engine
Deneb Algedi,10,326.7593364852575,-16.129750811715894,engine
Deneb Algedi,11,326.7593363099446,-16.129750770027506,engine
Deneb Algedi,12,326.7593361349666,-16.129750728067382,engine
Deneb Algedi,13,326.759335960328,-16.129750685835933,engine
Deneb Algedi,14,326.75933578603326,-16.12975064333355,engine
Deneb Algedi,15,326.7593356120868,-16.129750600560644,engine
Deneb Algedi,16,326.75933543849317,-16.129750557517628,engine
Deneb Algedi,17,326.75933526525665,-16.129750514204886,engine
Deneb Algedi,18,326.75933509238195,-16.129750470622902,engine
Deneb Algedi,19,326.7593349198734,-16.129750426772066,engine
Deneb Algedi,20,326.75933474773547,-16.129750382652816,engine
Deneb Algedi,21,326.75933457597256,-16.129750338265584,engine
Deneb Algedi,22,326.759334404589,-16.129750293610815,engine
Deneb Algedi,23,326.7593342335894,-16.129750248688957,engine
Deneb Algedi,24,326.75933406297804,-16.129750203500468,engine
Deneb Algedi,25,326.75933389275934,-16.129750158045802,engine
Deneb Algedi,26,326.75933372293764,-16.12975011232541,engine
Deneb Algedi,27,326.7593335535174,-16.129750066339778,engine
Deneb Algedi,28,326.75933338450307,-16.129750020089357,engine
Deneb Algedi,29,326.7593332158988,-16.12974997357461,engine
Deneb Algedi,30,326.75933304770916,-16.129749926796084,engine
Rigel,-30,78.63103934203967,-8.204193235068525,engine
Rigel,-20,78.63103934548776,-8.204193381213686,engine
Rigel,-15,78.63103930881813,-8.204193455503317,engine
Rigel,-10,78.63103924640359,-8.204193530499174,engine
Rigel,-5,78.63103915814759,-8.204193606121976,engine
Rigel,-2,78.63103909275462,-8.204193651763484,engine
Rigel,-1,78.63103906888004,-8.204193667018128,engine
Rigel,0,78.63103904396608,-8.204193682292114,engine
Rigel,1,78.6310390180122,-8.2041936975848,engine
Rigel,2,78.63103899101786,-8.204193712895549,engine
Rigel,3,78.63103896298259,-8.204193728223713,engine
Rigel,4,78.6310389339059,-8.20419374356866,engine
Rigel,5,78.63103890378736,-8.204193758929744,engine
Rigel,6,78.63103887262649,-8.204193774306333,engine
Rigel,7,78.63103884042293,-8.20419378969777,engine
Rigel,8,78.63103880717625,-8.204193805103419,engine
Rigel,9,78.6310387728861,-8.204193820522637,engine
Rigel,10,78.63103873755212,-8.204193835954783,engine
Rigel,11,78.63103870117395,-8.204193851399216,engine
Rigel,12,78.63103866375133,-8.204193866855292,engine
Rigel,13,78.63103862528389,-8.204193882322366,engine
Rigel,14,78.6310385857714,-8.204193897799799,engine
Rigel,15,78.63103854521364,-8.204193913286941,engine
Rigel,16,78.6310385036103,-8.204193928783148,engine
Rigel,17,78.63103846096121,-8.204193944287793,engine
Rigel,18,78.63103841726617,-8.20419395980021,engine
Rigel,19,78.63103837252501,-8.204193975319761,engine
Rigel,20,78.63103832673757,-8.2041939908458,engine
Rigel,21,78.63103827990373,-8.20419400637769,engine
Rigel,22,78.63103823202336,-8.20419402191478,engine
Rigel,23,78.63103818309636,-8.204194037456428,engine
Rigel,24,78.63103813312267,-8.204194053001984,engine
Rigel,25,78.63103808210224,-8.204194068550812,engine
Rigel,26,78.63103803003501,-8.204194084102264,engine
Rigel,27,78.63103797692101,-8.20419409965569,engine
Rigel,28,78.6310379227602,-8.204194115210443,engine
Rigel,29,78.63103786755259,-8.204194130765897,engine
Rigel,30,78.6310378112983,-8.20419414632138,engine
Betelgeuse,-30,88.7904459833515,7.4057309215706875,engine
Betelgeuse,-20,88.79044632651168,7.405731290388406,engine
Betelgeuse,-15,88.79044646180533,7.405731476616381,engine
Betelgeuse,-10,88.79044657262958,7.40573166396575,engine
Betelgeuse,-5,88.7904466587903,7.405731852367396,engine
Betelgeuse,-2,88.79044669857188,7.405731965884494,engine
Betelgeuse,-1,88.79044670983818,7.405732003799523,engine
Betelgeuse,0,88.79044672010512,7.405732041751611,engine
Betelgeuse,1,88.79044672937137,7.405732079740199,engine
Betelgeuse,2,88.79044673763562,7.405732117764729,engine
Betelgeuse,3,88.79044674489657,7.405732155824628,engine
Betelgeuse,4,88.79044675115298,7.405732193919331,engine
Betelgeuse,5,88.79044675640358,7.40573223204828,engine
Betelgeuse,6,88.79044676064714,7.405732270210931,engine
Betelgeuse,7,88.79044676388246,7.4057323084066695,engine
Betelgeuse,8,88.79044676610836,7.4057323466349505,engine
Betelgeuse,9,88.79044676732363,7.405732384895204,engine
Betelgeuse,10,88.79044676752714,7.4057324231868655,engine
Betelgeuse,11,88.79044676671778,7.405732461509371,engine
Betelgeuse,12,88.7904467648944,7.405732499862137,engine
Betelgeuse,13,88.79044676205594,7.405732538244603,engine
Betelgeuse,14,88.79044675820128,7.4057325766562,engine
Betelgeuse,15,88.7904467533294,7.405732615096352,engine
Betelgeuse,16,88.79044674743926,7.4057326535644865,engine
Betelgeuse,17,88.79044674052984,7.40573269206006,engine
Betelgeuse,18,88.79044673260013,7.4057327305824465,engine
Betelgeuse,19,88.79044672364918,7.405732769131102,engine
Betelgeuse,20,88.790446713676,7.405732807705448,engine
Betelgeuse,21,88.7904467026797,7.405732846304911,engine
Betelgeuse,22,88.7904466906593,7.405732884928916,engine
Betelgeuse,23,88.79044667761394,7.405732923576887,engine
Betelgeuse,24,88.79044666354274,7.405732962248255,engine
Betelgeuse,25,88.79044664844484,7.405733000942436,engine
Betelgeuse,26,88.79044663231939,7.405733039658858,engine
Betelgeuse,27,88.79044661516556,7.405733078396936,engine
Betelgeuse,28,88.79044659698258,7.405733117156103,engine
Betelgeuse,29,88.79044657776963,7.405733155935802,engine
Betelgeuse,30,88.79044655752598,7.405733194735404,engine
Polaris,-30,37.571023454597196,89.26480606142383,engine
Polaris,-20,37.57092594118493,89.26480750435697,engine
Polaris,-15,37.57087453874084,89.26480820693872,engine
Polaris,-10,37.57082140174693,89.26480889627466,engine
Polaris,-5,37.570766553179915,89.26480957188087,engine
Polaris,-2,37.570732832364136,89.26480997045532,engine
Polaris,-1,37.57072145797852,89.26481010215919,engine
Polaris,0,37.57071001686545,89.26481023327969,engine
Polaris,1,37.570698509224435,89.26481036381303,engine
Polaris,2,37.57068693525628,89.2648104937555,engine
Polaris,3,37.57067529516304,89.26481062310337,engine
Polaris,4,37.570663589148104,89.26481075185295,engine
Polaris,5,37.57065181741606,89.26481088000051,engine
Polaris,6,37.57063998016479,89.26481100754248,engine
Polaris,7,37.57062807761732,89.264811134475,engine
Polaris,8,37.570616109974125,89.26481126079447,engine
Polaris,9,37.57060407744477,89.26481138649729,engine
Polaris,10,37.57059198024019,89.26481151157978,engine
Polaris,11,37.570579818572455,89.26481163603833,engine
Polaris,12,37.570567592654925,89.2648117598693,engine
Polaris,13,37.570555302702154,89.26481188306913,engine
Polaris,14,37.57054294892993,89.26481200563417,engine
Polaris,15,37.570530531555335,89.26481212756089,engine
Polaris,16,37.57051805079655,89.2648122488457,engine
Polaris,17,37.57050550686465,89.26481236948514,engine
Polaris,18,37.5704928999971,89.26481248947549,engine
Polaris,19,37.570480230407384,89.26481260881329,engine
Polaris,20,37.57046749831861,89.26481272749506,engine
Polaris,21,37.570454703955036,89.26481284551726,engine
Polaris,22,37.57044184754211,89.2648129628764,engine
Polaris,23,37.57042892930653,89.26481307956902,engine
Polaris,24,37.57041594947609,89.26481319559166,engine
Polaris,25,37.570402908279895,89.26481331094082,engine
Polaris,26,37.57038980594808,89.2648134256131,engine
Polaris,27,37.57037664271205,89.26481353960504,engine
Polaris,28,37.57036341880432,89.26481365291328,engine
Polaris,29,37.57035013444972,89.26481376553441,engine
Polaris,30,37.57033678990086,89.26481387746497,engine
Castor,-30,113.64747869843892,31.88845033569851,engine
Castor,-20,113.64747999075779,31.88845126795155,engine
Castor,-15,113.64748060570825,31.88845174902565,engine
Castor,-10,113.64748119920932,31.888452239788265,engine
Castor,-5,113.64748177079146,31.888452740026317,engine
Castor,-2,113.64748210302807,31.888453044626914,engine
Castor,-1,113.64748221196643,31.88845314689283,engine
Castor,0,113.64748231999525,31.88845324952198,engine
Castor,1,113.64748242711094,31.888453352512563,engine
Castor,2,113.64748253331003,31.888453455862788,engine
Castor,3,113.64748263858893,31.888453559570834,engine
Castor,4,113.64748274294418,31.888453663634905,engine
Castor,5,113.64748284637227,31.888453768053164,engine
Castor,6,113.64748294886984,31.888453872823888,engine
Castor,7,113.64748305043327,31.888453977945087,engine
Castor,8,113.64748315105922,31.88845408341499,engine
Castor,9,113.64748325074427,31.888454189231744,engine
Castor,10,113.64748334948503,31.888454295393526,engine
Castor,11,113.6474834472781,31.888454401898407,engine
Castor,12,113.64748354412016,31.88845450874462,engine
Castor,13,113.64748364000785,31.888454615930215,engine
Castor,14,113.64748373493785,31.888454723453346,engine
Castor,15,113.64748382890689,31.88845483131214,engine
Castor,16,113.64748392191163,31.88845493950468,engine
Castor,17,113.64748401394888,31.88845504802914,engine
Castor,18,113.64748410501531,31.888455156883506,engine
Castor,19,113.64748419510771,31.88845526606589,engine
Castor,20,113.64748428422288,31.888455375574424,engine
Castor,21,113.64748437235764,31.888455485407157,engine
Castor,22,113.6474844595088,31.888455595562153,engine
Castor,23,113.64748454567324,31.888455706037497,engine
Castor,24,113.64748463084776,31.88845581683123,engine
Castor,25,113.64748471502931,31.88845592794144,engine
Castor,26,113.64748479821475,31.888456039366115,engine
Castor,27,113.64748488040104,31.88845615110334,engine
Castor,28,113.6474849615851,31.888456263151138,engine
Castor,29,113.64748504176393,31.888456375507612,engine
Castor,30,113.64748512093445,31.888456488170632,engine
Altair,-30,297.6993680115606,8.867926349981065,engine
Altair,-20,297.6993667944029,8.86792625314368,engine
Altair,-15,297.69936621054336,8.867926200000971,engine
Altair,-10,297.6993656437522,8.867926143782684,engine
Altair,-5,297.69936509446063,8.867926084545976,engine
Altair,-2,297.69936477346187,8.86792604757945,engine
Altair,-1,297.6993646679117,8.867926035022709,engine
Altair,0,297.6993645630919,8.867926022349492,engine
Altair,1,297.69936445900544,8.867926009560275,engine
Altair,2,297.6993643556558,8.86792599665555,engine
Altair,3,297.6993642530462,8.867925983635818,engine
Altair,4,297.69936415117996,8.867925970501554,engine
Altair,5,297.69936405006024,8.867925957253256,engine
Altair,6,297.6993639496901,8.867925943891409,engine
Altair,7,297.69936385007304,8.867925930416538,engine
Altair,8,297.69936375121216,8.867925916829128,engine
Altair,9,297.69936365311054,8.86792590312968,engine
Altair,10,297.69936355577136,8.867925889318698,engine
Altair,11,297.69936345919785,8.867925875396693,engine
Altair,12,297.69936336339305,8.867925861364174,engine
Altair,13,297.6993632683601,8.867925847221645,engine
Altair,14,297.6993631741021,8.867925832969632,engine
Altair,15,297.6993630806221,8.867925818608636,engine
Altair,16,297.69936298792334,8.867925804139185,engine
Altair,17,297.6993628960086,8.867925789561783,engine
Altair,18,297.6993628048811,8.867925774876966,engine
Altair,19,297.6993627145439,8.867925760085262,engine
Altair,20,297.69936262499994,8.867925745187181,engine
Altair,21,297.6993625362522,8.867925730183261,engine
Altair,22,297.6993624483037,8.867925715074026,engine
Altair,23,297.69936236115734,8.867925699860013,engine
Altair,24,297.69936227481617,8.867925684541754,engine
Altair,25,297.6993621892831,8.867925669119781,engine
Altair,26,297.6993621045609,8.86792565359464,engine
Altair,27,297.6993620206527,8.867925637966854,engine
Altair,28,297.69936193756126,8.867925622236976,engine
Altair,29,297.6993618552894,8.867925606405544,engine
Altair,30,297.6993617738401,8.867925590473114,engine
Bellatrix,-30,81.27947814343331,6.348089749233536,engine
Bellatrix,-20,81.27947823584509,6.34809008692874,engine
Bellatrix,-15,81.27947824423113,6.348090256793076,engine
Bellatrix,-10,81.27947822722108,6.348090427253456,engine
Bellatrix,-5,81.27947818469299,6.348090598248253,engine
Bellatrix,-2,81.27947814688133,6.3480907010758765,engine
Bellatrix,-1,81.27947813222339,6.348090735387234,engine
Bellatrix,0,81.27947811653713,6.348090769715502,engine
Bellatrix,1,81.27947809982183,6.348090804060179,engine
Bellatrix,2,81.27947808207675,6.348090838420776,engine
Bellatrix,3,81.27947806330121,6.348090872796789,engine
Bellatrix,4,81.2794780434945,6.348090907187719,engine
Bellatrix,5,81.279478022656,6.348090941593071,engine
Bellatrix,6,81.27947800078502,6.348090976012363,engine
Bellatrix,7,81.27947797788096,6.348091010445053,engine
Bellatrix,8,81.27947795394324,6.348091044890664,engine
Bellatrix,9,81.27947792897125,6.348091079348695,engine
Bellatrix,10,81.27947790296443,6.348091113818644,engine
Bellatrix,11,81.27947787592225,6.348091148300014,engine
Bellatrix,12,81.27947784784418,6.348091182792302,engine
Bellatrix,13,81.27947781872972,6.348091217295011,engine
Bellatrix,14,81.27947778857836,6.348091251807631,engine
Bellatrix,15,81.27947775738967,6.348091286329671,engine
Bellatrix,16,81.27947772516319,6.348091320860622,engine
Bellatrix,17,81.27947769189849,6.348091355400008,engine
Bellatrix,18,81.2794776575952,6.348091389947283,engine
Bellatrix,19,81.2794776222529,6.348091424501964,engine
Bellatrix,20,81.27947758587125,6.348091459063551,engine
Bellatrix,21,81.27947754844989,6.348091493631544,engine
Bellatrix,22,81.27947750998851,6.348091528205435,engine
Bellatrix,23,81.2794774704868,6.348091562784728,engine
Bellatrix,24,81.27947742994445,6.348091597368917,engine
Bellatrix,25,81.27947738836124,6.348091631957495,engine
Bellatrix,26,81.2794773457369,6.34809166654997,engine
Bellatrix,27,81.2794773020712,6.34809170114583,engine
Bellatrix,28,81.27947725736395,6.348091735744576,engine
Bellatrix,29,81.27947721161492,6.348091770345726,engine
Bellatrix,30,81.27947716482404,6.348091804948733,engine
