body,minute,ra,dec,source
Aldebaran,-30,68.97636323946053,16.507167261992056,engine
Aldebaran,-20,68.97636298520074,16.507167885538024,engine
Aldebaran,-15,68.97636281956149,16.507168198036982,engine
Aldebaran,-10,68.97636262820247,16.50716851081496,engine
Aldebaran,-5,68.97636241110372,16.507168823718168,engine
Aldebaran,-2,68.97636226848583,16.507169011456124,engine
Aldebaran,-1,68.97636221888675,16.507169074027395,engine
Aldebaran,0,68.97636216825786,16.507169136592594,engine
Aldebaran,1,68.97636211659926,16.507169199150482,engine
Aldebaran,2,68.97636206391101,16.50716926169983,engine
Aldebaran,3,68.97636201019324,16.507169324239413,engine
Aldebaran,4,68.97636195544612,16.507169386768,engine
Aldebaran,5,68.97636189966974,16.507169449284355,engine
Aldebaran,6,68.9763618428643,16.507169511787282,engine
Aldebaran,7,68.97636178503005,16.507169574275498,engine
Aldebaran,8,68.97636172616717,16.50716963674778,engine
Aldebaran,9,68.97636166627589,16.507169699202915,engine
Aldebaran,10,68.97636160535646,16.507169761639673,engine
Aldebaran,11,68.97636154340917,16.507169824056827,engine
Aldebaran,12,68.97636148043433,16.50716988645314,engine
Aldebaran,13,68.97636141643223,16.507169948827393,engine
Aldebaran,14,68.97636135140318,16.507170011178363,engine
Aldebaran,15,68.9763612853476,16.507170073504806,engine
Aldebaran,16,68.97636121826582,16.50717013580551,engine
Aldebaran,17,68.97636115015818,16.50717019807928,engine
Aldebaran,18,68.97636108102522,16.50717026032481,engine
Aldebaran,19,68.97636101086728,16.507170322540933,engine
Aldebaran,20,68.97636093968485,16.507170384726397,engine
Aldebaran,21,68.97636086747838,16.507170446880007,engine
Aldebaran,22,68.9763607942484,16.507170509000506,engine
Aldebaran,23,68.97636071999536,16.507170571086707,engine
Aldebaran,24,68.97636064471983,16.507170633137363,engine
Aldebaran,25,68.97636056842238,16.507170695151263,engine
Aldebaran,26,68.97636049110352,16.50717075712719,engine
Aldebaran,27,68.9763604127639,16.5071708190639,engine
Aldebaran,28,68.97636033340407,16.507170880960217,engine
Aldebaran,29,68.97636025302468,16.507170942814923,engine
Aldebaran,30,68.97636017162641,16.50717100462674,engine
Antares,-30,247.3564430163098,-26.432485749005338,engine
Antares,-20,247.35644334639002,-26.432484852015627,engine
Antares,-15,247.35644355273124,-26.432484402810147,engine
Antares,-10,247.35644378663392,-26.432483953452056,engine
Antares,-5,247.35644404810222,-26.432483504182134,engine
Antares,-2,247.35644421821152,-26.432483234762785,engine
Antares,-1,247.3564442771185,-26.43248314499164,engine
Antares,0,247.3564443371271,-26.43248305524137,engine
Antares,1,247.35644439823716,-26.4324829655139,engine
Antares,2,247.35644446044836,-26.43248287581114,engine
Antares,3,247.35644452376047,-26.432482786135026,engine
Antares,4,247.35644458817322,-26.43248269648747,engine
Antares,5,247.35644465368628,-26.43248260687041,engine
Antares,6,247.35644472029938,-26.432482517285695,engine
Antares,7,247.35644478801206,-26.432482427735373,engine
Antares,8,247.35644485682408,-26.432482338221302,engine
Antares,9,247.35644492673492,-26.43248224874541,engine
Antares,10,247.3564449977443,-26.432482159309608,engine
Antares,11,247.3564450698517,-26.432482069915824,engine
Antares,12,247.3564451430567,-26.43248198056596,engine
Antares,13,247.35644521735884,-26.432481891261954,engine
Antares,14,247.3564452927576,-26.43248180200571,engine
Antares,15,247.35644536925247,-26.43248171279914,engine
Antares,16,247.35644544684294,-26.43248162364418,engine
Antares,17,247.35644552552844,-26.432481534542656,engine
Antares,18,247.35644560530835,-26.432481445496617,engine
Antares,19,247.35644568618213,-26.4324813565079,engine
Antares,20,247.3564457681491,-26.432481267578435,engine
Antares,21,247.3564458512087,-26.432481178710113,engine
Antares,22,247.35644593536017,-26.432481089904865,engine
Antares,23,247.3564460206029,-26.43248100116457,engine
Antares,24,247.35644610693612,-26.43248091249116,engine
Antares,25,247.3564461943592,-26.43248082388652,engine
Antares,26,247.35644628287133,-26.432480735352566,engine
Antares,27,247.3564463724718,-26.43248064689118,engine
Antares,28,247.35644646315973,-26.432480558504285,engine
Antares,29,247.35644655493445,-26.432480470193706,engine
Antares,30,247.35644664779494,-26.432480381961472,engine
Ceres,-30,78.05645441658778,25.490319113541542,engine
Ceres,-20,78.05927536661993,25.490717901428468,engine
Ceres,-15,78.06068575886265,25.490917145175416,engine
Ceres,-10,78.06209610204634,25.491116287839777,engine
Ceres,-5,78.06350640183157,25.491315328895723,engine
Ceres,-2,78.06435256270898,25.491434704490256,engine
Ceres,-1,78.06463461343021,25.491474488158655,engine
Ceres,0,78.06491666276665,25.491514267721943,engine
Ceres,1,78.06519871075882,25.49155404317608,engine
Ceres,2,78.06548075744733,25.491593814517056,engine
Ceres,3,78.06576280296419,25.491633581765146,engine
Ceres,4,78.06604484716732,25.49167334486821,engine
Ceres,5,78.06632689018886,25.491713103846614,engine
Ceres,6,78.06660893225867,25.49175285872334,engine
Ceres,7,78.06689097303934,25.491792609441436,engine
Ceres,8,78.0671730127608,25.49183235602398,engine
Ceres,9,78.067455051464,25.491872098467514,engine
Ceres,10,78.06773708918983,25.491911836768594,engine
Ceres,11,78.06801912597928,25.491951570923884,engine
Ceres,12,78.06830116187335,25.491991300930103,engine
Ceres,13,78.06858319691308,25.49203102678403,engine
Ceres,14,78.06886523113961,25.492070748482544,engine
Ceres,15,78.06914726459395,25.49211046602255,engine
Ceres,16,78.06942929731734,25.49215017940106,engine
Ceres,17,78.06971132954007,25.492189888641768,engine
Ceres,18,78.0699933609251,25.492229593688567,engine
Ceres,19,78.0702753917028,25.492269294565283,engine
Ceres,20,78.07055742182308,25.49230899124506,engine
Ceres,21,78.07083945151,25.492348683773535,engine
Ceres,22,78.07112148071356,25.492388372123973,engine
Ceres,23,78.07140350947508,25.492428056293864,engine
Ceres,24,78.07168553783603,25.492467736280798,engine
Ceres,25,78.07196756583777,25.49250741208236,engine
Ceres,26,78.07224959352178,25.49254708369631,engine
Ceres,27,78.07253162092957,25.49258675112036,engine
Ceres,28,78.0728136481026,25.49262641435239,engine
Ceres,29,78.07309567527153,25.492666073416896,engine
Ceres,30,78.0733777020997,25.492705728258677,engine
Chiron,-30,11.202330913996871,6.925114286986462,engine
Chiron,-20,11.202695997285582,6.9252645810194995,engine
Chiron,-15,11.202878554933895,6.925339719625384,engine
Chiron,-10,11.203061124371779,6.925414852648787,engine
Chiron,-5,11.203243706571575,6.925489980168766,engine
Chiron,-2,11.203353262342175,6.925535054041075,engine
Chiron,-1,11.203389782050932,6.925550078228156,engine
Chiron,0,11.203426302326344,6.925565102196129,engine
Chiron,1,11.203462823183386,6.925580125947707,engine
Chiron,2,11.203499344624843,6.92559514948207,engine
Chiron,3,11.203535866657521,6.925610172799572,engine
Chiron,4,11.203572389288247,6.925625195900588,engine
Chiron,5,11.203608912523803,6.9256402187854835,engine
Chiron,6,11.203645436391415,6.925655241463518,engine
Chiron,7,11.203681960856986,6.925670263917286,engine
Chiron,8,11.203718485947702,6.925685286156058,engine
Chiron,9,11.203755011670317,6.925700308180221,engine
Chiron,10,11.203791538031549,6.925715329990162,engine
Chiron,11,11.20382806503405,6.925730351585082,engine
Chiron,12,11.203864592692653,6.925745372967745,engine
Chiron,13,11.203901121009977,6.925760394137363,engine
Chiron,14,11.2039376499927,6.925775415094338,engine
Chiron,15,11.203974179647476,6.92579043583908,engine
Chiron,16,11.204010709976885,6.925805456370809,engine
Chiron,17,11.204047241020179,6.925820476702372,engine
Chiron,18,11.204083772730923,6.9258354968128595,engine
Chiron,19,11.204120305140206,6.925850516712758,engine
Chiron,20,11.20415683825462,6.9258655364025,engine
Chiron,21,11.204193372076652,6.925880555881323,engine
Chiron,22,11.204229906621,6.9258955751520235,engine
Chiron,23,11.204266441890125,6.925910594213839,engine
Chiron,24,11.204302977890567,6.92592561306722,engine
Chiron,25,11.204339514628819,6.925940631712604,engine
Chiron,26,11.204376052107314,6.92595565014925,engine
Chiron,27,11.204412590340654,6.925970668379963,engine
Chiron,28,11.204449129331232,6.9259856864040215,engine
Chiron,29,11.20448566910999,6.9260007042319405,engine
Chiron,30,11.204522209630301,6.926015721842863,engine
Eris,-30,26.382290124599656,-1.0662438217139483,tno-rate
Eris,-20,26.382356142956766,-1.0662139729540892,tno-rate
Eris,-15,26.38238915213532,-1.0661990485741597,tno-rate
Eris,-10,26.38242216131388,-1.06618412419423,tno-rate
Eris,-5,26.382455170492435,-1.0661691998143006,tno-rate
Eris,-2,26.382474975999568,-1.0661602451863428,tno-rate
Eris,-1,26.38248157783528,-1.0661572603103568,tno-rate
Eris,0,26.38248817967099,-1.066154275434371,tno-rate
Eris,1,26.3824947815067,-1.066151290558385,tno-rate
Eris,2,26.38250138334241,-1.066148305682399,tno-rate
Eris,3,26.382507985178123,-1.066145320806413,tno-rate
Eris,4,26.382514587013834,-1.0661423359304272,tno-rate
Eris,5,26.382521188849545,-1.0661393510544412,tno-rate
Eris,6,26.382527790685256,-1.0661363661784555,tno-rate
Eris,7,26.382534392520967,-1.0661333813024696,tno-rate
Eris,8,26.382540994356678,-1.0661303964264837,tno-rate
Eris,9,26.38254759619239,-1.0661274115504977,tno-rate
Eris,10,26.3825541980281,-1.0661244266745118,tno-rate
Eris,11,26.38256079986381,-1.0661214417985259,tno-rate
Eris,12,26.38256740169952,-1.06611845692254,tno-rate
Eris,13,26.382574003535236,-1.066115472046554,tno-rate
Eris,14,26.382580605370947,-1.066112487170568,tno-rate
Eris,15,26.382587207206658,-1.0661095022945821,tno-rate
Eris,16,26.38259380904237,-1.0661065174185964,tno-rate
Eris,17,26.38260041087808,-1.0661035325426105,tno-rate
Eris,18,26.38260701271379,-1.0661005476666245,tno-rate
Eris,19,26.382613614549502,-1.0660975627906386,tno-rate
Eris,20,26.382620216385213,-1.0660945779146527,tno-rate
Eris,21,26.382626818220924,-1.0660915930386667,tno-rate
Eris,22,26.382633420056635,-1.0660886081626808,tno-rate
Eris,23,26.382640021892346,-1.0660856232866949,tno-rate
Eris,24,26.382646623728057,-1.066082638410709,tno-rate
Eris,25,26.382653225563768,-1.066079653534723,tno-rate
Eris,26,26.38265982739948,-1.0660766686587373,tno-rate
Eris,27,26.38266642923519,-1.0660736837827514,tno-rate
Eris,28,26.3826730310709,-1.0660706989067654,tno-rate
Eris,29,26.382679632906612,-1.0660677140307795,tno-rate
Eris,30,26.382686234742323,-1.0660647291547936,tno-rate
Fomalhaut,-30,344.4107564169991,-29.623158591248508,engine
Fomalhaut,-20,344.4107543732132,-29.623158442576532,engine
Fomalhaut,-15,344.410753344127,-29.62315835025797,engine
Fomalhaut,-10,344.4107523110639,-29.623158245895866,engine
Fomalhaut,-5,344.41075127464,-29.623158129455888,engine
Fomalhaut,-2,344.4107506514296,-29.6231580537825,engine
Fomalhaut,-1,344.4107504434965,-29.623158027588605,engine
Fomalhaut,0,344.4107502354735,-29.62315800090969,engine
Fomalhaut,1,344.4107500273655,-29.6231579737456,engine
Fomalhaut,2,344.4107498191775,-29.623157946096196,engine
Fomalhaut,3,344.41074961091454,-29.623157917961315,engine
Fomalhaut,4,344.4107494025815,-29.623157889340828,engine
Fomalhaut,5,344.41074919418327,-29.623157860234603,engine
Fomalhaut,6,344.41074898572487,-29.623157830642533,engine
Fomalhaut,7,344.4107487772113,-29.62315780056451,engine
Fomalhaut,8,344.41074856864765,-29.623157770000436,engine
Fomalhaut,9,344.4107483600387,-29.623157738950226,engine
Fomalhaut,10,344.41074815138956,-29.623157707413792,engine
Fomalhaut,11,344.4107479427051,-29.62315767539107,engine
Fomalhaut,12,344.41074773399026,-29.62315764288201,engine
Fomalhaut,13,344.4107475252501,-29.623157609886537,engine
Fomalhaut,14,344.4107473164896,-29.623157576404633,engine
Fomalhaut,15,344.41074710771363,-29.623157542436253,engine
Fomalhaut,16,344.4107468989272,-29.62315750798138,engine
Fomalhaut,17,344.4107466901352,-29.62315747303996,engine
Fomalhaut,18,344.4107464813428,-29.623157437612065,engine
Fomalhaut,19,344.41074627255495,-29.62315740169765,engine
Fomalhaut,20,344.41074606377646,-29.623157365296727,engine
Fomalhaut,21,344.41074585501246,-29.623157328409363,engine
Fomalhaut,22,344.4107456462678,-29.623157291035547,engine
Fomalhaut,23,344.4107454375476,-29.62315725317531,engine
Fomalhaut,24,344.4107452288566,-29.62315721482877,engine
Fomalhaut,25,344.4107450202,-29.62315717599592,engine
Fomalhaut,26,344.4107448115826,-29.623157136676863,engine
Fomalhaut,27,344.41074460300956,-29.623157096871665,engine
Fomalhaut,28,344.4107443944857,-29.623157056580432,engine
Fomalhaut,29,344.41074418601585,-29.623157015803216,engine
Fomalhaut,30,344.41074397760525,-29.623156974540173,engine
Juno,-30,328.52281030152517,-4.918490330798549,engine
Juno,-20,328.52515277553834,-4.917685015790913,engine
Juno,-15,328.52632432107356,-4.917282358438581,engine
Juno,-10,328.52749607188605,-4.916879701855218,engine
Juno,-5,328.52866802844005,-4.916477046231107,engine
Juno,-2,328.52937130079306,-4.9162354535675625,engine
Juno,-1,328.52960574134056,-4.916154922808642,engine
Juno,0,328.529840190083,-4.916074392121572,engine
Juno,1,328.53007464692786,-4.915993861521582,engine
Juno,2,328.53030911204996,-4.9159133309879275,engine
Juno,3,328.5305435853564,-4.915832800535824,engine
Juno,4,328.53077806675424,-4.915752270180482,engine
Juno,5,328.53101255641764,-4.915671739901169,engine
Juno,6,328.53124705432145,-4.915591209671069,engine
Juno,7,328.53148156032506,-4.91551067957744,engine
Juno,8,328.53171607449207,-4.9154301495814785,engine
Juno,9,328.53195059672873,-4.9153496196984054,engine
Juno,10,328.53218512720827,-4.915269089907451,engine
Juno,11,328.5324196658365,-4.915188560223827,engine
Juno,12,328.5326542125194,-4.915108030662727,engine
Juno,13,328.5328887674295,-4.915027501203386,engine
Juno,14,328.5331233304722,-4.914946971860997,engine
Juno,15,328.53335790155285,-4.914866442650759,engine
Juno,16,328.53359248084365,-4.914785913551894,engine
Juno,17,328.5338270684067,-4.914705384525595,engine
Juno,18,328.5340616638323,-4.914624855695042,engine
Juno,19,328.5342962674493,-4.914544326985456,engine
Juno,20,328.53453087916216,-4.914463798412019,engine
Juno,21,328.5347654988752,-4.9143832699899,engine
Juno,22,328.5350001267594,-4.914302741698315,engine
Juno,23,328.535234762719,-4.91422221355244,engine
Juno,24,328.53546940665746,-4.914141685567435,engine
Juno,25,328.5357040587456,-4.914061157722512,engine
Juno,26,328.5359387188868,-4.9139806300328175,engine
Juno,27,328.53617338707335,-4.913900102501538,engine
Juno,28,328.5364080632083,-4.913819575143815,engine
Juno,29,328.536642747619,-4.913739047884854,engine
Juno,30,328.5368774398936,-4.913658520847781,engine
Jupiter,-30,355.83661537566593,-2.9370045574944186,engine
Jupiter,-20,355.83802787664126,-2.936408007932374,engine
Jupiter,-15,355.8387342624953,-2.936109735158769,engine
Jupiter,-10,355.839440740199,-2.9358114639823896,engine
Jupiter,-5,355.8401473115414,-2.9355131943268593,engine
Jupiter,-2,355.8405712996626,-2.9353342333825934,engine
Jupiter,-1,355.8407126366491,-2.9352745798817317,engine
Jupiter,0,355.8408539774973,-2.935214926439502,engine
Jupiter,1,355.8409953221504,-2.9351552730851336,engine
Jupiter,2,355.8411366706514,-2.9350956198053866,engine
Jupiter,3,355.8412780230433,-2.9350359665870487,engine
Jupiter,4,355.84141937926887,-2.9349763134593254,engine
Jupiter,5,355.84156073937095,-2.934916660409012,engine
Jupiter,6,355.8417021034871,-2.934857007382887,engine
Jupiter,7,355.8418434713702,-2.9347973544901778,engine
Jupiter,8,355.8419848431578,-2.934737701677663,engine
Jupiter,9,355.84212621889213,-2.93467804893214,engine
Jupiter,10,355.8422675985157,-2.934618396282845,engine
Jupiter,11,355.8424089820708,-2.9345587437165617,engine
Jupiter,12,355.8425503695997,-2.9344990912200797,engine
Jupiter,13,355.8426917610443,-2.9344394388226545,engine
Jupiter,14,355.8428331564469,-2.934379786511061,engine
Jupiter,15,355.84297455584925,-2.9343201342721135,engine
Jupiter,16,355.84311595919337,-2.934260482135058,engine
Jupiter,17,355.84325736661583,-2.9342008300466857,engine
Jupiter,18,355.84339877796873,-2.9341411780738,engine
Jupiter,19,355.8435401932884,-2.934081526205664,engine
Jupiter,20,355.8436816126165,-2.934021874429074,engine
Jupiter,21,355.84382303596107,-2.933962222744985,engine
Jupiter,22,355.84396446336353,-2.9339025711402202,engine
Jupiter,23,355.8441058947651,-2.933842919644019,engine
Jupiter,24,355.8442473302071,-2.9337832682432166,engine
Jupiter,25,355.8443887697306,-2.9337236169246017,engine
Jupiter,26,355.8445302132765,-2.9336639657174497,engine
Jupiter,27,355.844671660886,-2.9336043146085853,engine
Jupiter,28,355.84481311259964,-2.933544663584814,engine
Jupiter,29,355.8449545684533,-2.9334850126354115,engine
Jupiter,30,355.84509602829786,-2.9334253618271924,engine
Ketu,-30,229.86217905665347,-18.335209597986523,engine
Ketu,-20,229.8621820605095,-18.335210352168684,engine
Ketu,-15,229.86218390262704,-18.335210814916792,engine
Ketu,-10,229.8621859712195,-18.335211334689493,engine
Ketu,-5,229.86218826604966,-18.335211911427045,engine
Ketu,-2,229.8621897514413,-18.335212284787364,engine
Ketu,-1,229.86219026464283,-18.335212413790952,engine
Ketu,0,229.86219078687657,-18.335212545068767,engine
Ketu,1,229.8621913181404,-18.33521267862027,engine
Ketu,2,229.86219185843268,-18.335212814445082,engine
Ketu,3,229.86219240775154,-18.3352129525427,engine
Ketu,4,229.86219296609488,-18.33521309291262,engine
Ketu,5,229.86219353346087,-18.335213235554363,engine
Ketu,6,229.86219410984833,-18.335213380467646,engine
Ketu,7,229.86219469525366,-18.33521352765155,engine
Ketu,8,229.86219528967595,-18.33521367710585,engine
Ketu,9,229.8621958931132,-18.335213828830053,engine
Ketu,10,229.8621965055634,-18.335213982823625,engine
Ketu,11,229.86219712702464,-18.335214139086126,engine
Ketu,12,229.8621977574949,-18.335214297617004,engine
Ketu,13,229.8621983969726,-18.3352144584159,engine
Ketu,14,229.8621990454553,-18.335214621482166,engine
Ketu,15,229.86219970294172,-18.335214786815502,engine
Ketu,16,229.86220036942905,-18.335214954415182,engine
Ketu,17,229.86220104491667,-18.335215124281092,engine
Ketu,18,229.86220172940142,-18.33521529641238,engine
Ketu,19,229.862202422882,-18.335215470808745,engine
Ketu,20,229.8622031253557,-18.3352156474695,engine
Ketu,21,229.86220383682146,-18.335215826394393,engine
Ketu,22,229.8622045572769,-18.335216007582808,engine
Ketu,23,229.86220528672007,-18.335216191034256,engine
Ketu,24,229.86220602514933,-18.335216376748335,engine
Ketu,25,229.86220677256247,-18.335216564724472,engine
Ketu,26,229.8622075289576,-18.3352167549622,engine
Ketu,27,229.8622082943328,-18.33521694746102,engine
Ketu,28,229.8622090686864,-18.335217142220564,engine
Ketu,29,229.86220985201655,-18.335217339240298,engine
Ketu,30,229.8622106443205,-18.335217538519565,engine
Mars,-30,334.81371139877064,-11.96291547221907,engine
Mars,-20,334.8187411630917,-11.961085916434248,engine
Mars,-15,334.821256630858,-11.960171100735812,engine
Mars,-10,334.8237724891195,-11.959256262404855,engine
Mars,-5,334.82628873907777,-11.958341402882068,engine
Mars,-2,334.8277986766534,-11.957792477896504,engine
Mars,-1,334.82830202047523,-11.957609501429475,engine
Mars,0,334.8288053801312,-11.957426524178686,engine
Mars,1,334.82930875524283,-11.957243546301754,engine
Mars,2,334.82981214599636,-11.95706056774128,engine
Mars,3,334.83031555238915,-11.95687758851154,engine
Mars,4,334.83081897441843,-11.956694608626824,engine
Mars,5,334.8313224120809,-11.956511628101406,engine
Mars,6,334.83182586571087,-11.95632864682685,engine
Mars,7,334.8323293346294,-11.956145665062785,engine
Mars,8,334.8328328191699,-11.955962682700811,engine
Mars,9,334.833336319328,-11.955779699755166,engine
Mars,10,334.83383983509907,-11.955596716240091,engine
Mars,11,334.8343433664781,-11.955413732169848,engine
Mars,12,334.83484691364805,-11.955230747486972,engine
Mars,13,334.8353504762267,-11.955047762349087,engine
Mars,14,334.83585405439646,-11.954864776698699,engine
Mars,15,334.8363576481511,-11.954681790550048,engine
Mars,16,334.8368612574841,-11.954498803917332,engine
Mars,17,334.8373648827261,-11.9543158166921,engine
Mars,18,334.8378685231948,-11.954132829133888,engine
Mars,19,334.8383721792202,-11.953949841134238,engine
Mars,20,334.8388758507947,-11.953766852707286,engine
Mars,21,334.83937953791013,-11.953583863867248,engine
Mars,22,334.83988324055804,-11.953400874628274,engine
Mars,23,334.840386958918,-11.953217884932844,engine
Mars,24,334.84089069260455,-11.953034894938455,engine
Mars,25,334.8413944417966,-11.952851904587591,engine
Mars,26,334.84189820648436,-11.952668913894364,engine
Mars,27,334.8424019866581,-11.952485922872905,engine
Mars,28,334.84290578230747,-11.95230293153731,engine
Mars,29,334.8434095937599,-11.952119939778989,engine
Mars,30,334.84391342032853,-11.951936947857433,engine
Mercury,-30,41.236225369881886,17.708978855996893,engine
Mercury,-20,41.24807633522393,17.713694587723626,engine
Mercury,-15,41.254001371220205,17.71605149044887,engine
Mercury,-10,41.2599261243844,17.718407752065993,engine
Mercury,-5,41.26585061006754,17.720763375082555,engine
Mercury,-2,41.26940517746465,17.722176442720922,engine
Mercury,-1,41.27059001322812,17.722647414325422,engine
Mercury,0,41.27177483913805,17.723118360480665,engine
Mercury,1,41.27295965529254,17.72358928119974,engine
Mercury,2,41.27414446178967,17.72406017649589,engine
Mercury,3,41.27532925872714,17.724531046382502,engine
Mercury,4,41.2765140458001,17.725001890671155,engine
Mercury,5,41.27769882391084,17.725472709779293,engine
Mercury,6,41.278883593548464,17.72594350383442,engine
Mercury,7,41.280068353221004,17.72641427221907,engine
Mercury,8,41.281253103819665,17.72688501526294,engine
Mercury,9,41.28243784544083,17.727355732980143,engine
Mercury,10,41.28362257818084,17.727826425384954,engine
Mercury,11,41.28480730213564,17.728297092491726,engine
Mercury,12,41.285992017401114,17.72876773431499,engine
Mercury,13,41.28717672407276,17.729238350869373,engine
Mercury,14,41.288361422245984,17.729708942169633,engine
Mercury,15,41.289546111613596,17.730179508028854,engine
Mercury,16,41.29073079307505,17.73065004886566,engine
Mercury,17,41.29191546711698,17.731120564808812,engine
Mercury,18,41.29310013224515,17.731591055242635,engine
Mercury,19,41.29428478934806,17.732061520497982,engine
Mercury,20,41.29546943851966,17.732531960590354,engine
Mercury,21,41.29665407985354,17.733002375535385,engine
Mercury,22,41.297838713443205,17.73347276534882,engine
Mercury,23,41.29902333938178,17.733943130046512,engine
Mercury,24,41.30020795776225,17.73441346964447,engine
Mercury,25,41.301392568677265,17.734883784158786,engine
Mercury,26,41.30257717181723,17.735354073404046,engine
Mercury,27,41.303761768078395,17.735824337799922,engine
Mercury,28,41.30494635715064,17.736294577161242,engine
Mercury,29,41.30613093991986,17.73676479181985,engine
Mercury,30,41.30731551488893,17.737234981161926,engine
Moon,-30,230.27361063176056,-19.014031169935166,engine
Moon,-20,230.39858065523362,-19.050037486289405,engine
Moon,-15,230.46098957898866,-19.06814306475319,engine
Moon,-10,230.52334065703664,-19.086316587475398,engine
Moon,-5,230.58562866835695,-19.104557784615274,engine
Moon,-2,230.62296898144186,-19.11553484533216,engine
Moon,-1,230.63541021158954,-19.119199270563463,engine
Moon,0,230.64784836631583,-19.122866335804883,engine
Moon,1,230.66028375782167,-19.12653612486215,engine
Moon,2,230.6727159910787,-19.130208548142836,engine
Moon,3,230.68514537835696,-19.13388368927211,engine
Moon,4,230.69757152474557,-19.13756145861163,engine
Moon,5,230.70999474262194,-19.14124193962074,engine
Moon,6,230.72241464551152,-19.144925045082015,engine
Moon,7,230.7348315292167,-19.148610853343,engine
Moon,8,230.74724500741345,-19.152299277145257,engine
Moon,9,230.75965539265468,-19.155990399599606,engine
Moon,10,230.7720622904096,-19.15968413093506,engine
Moon,11,230.78446601329512,-19.163380554088814,engine
Moon,12,230.7968661669652,-19.16707957924656,engine
Moon,13,230.80926306410166,-19.170781289173657,engine
Moon,14,230.8216563105045,-19.174485594012797,engine
Moon,15,230.83404621896238,-19.178192576359415,engine
Moon,16,230.84643239538673,-19.181902146304235,engine
Moon,17,230.8588151609937,-19.18561438876298,engine
Moon,18,230.87119410523547,-19.189329208809614,engine
Moon,19,230.88356954941221,-19.193046691185227,engine
Moon,20,230.89594109973655,-19.196766745893797,engine
Moon,21,230.9083090693219,-19.200489455015084,engine
Moon,22,230.9206732411991,-19.204214771496556,engine
Moon,23,230.933033398543,-19.20794264830281,engine
Moon,24,230.94538985457177,-19.211673167238764,engine
Moon,25,230.95774221591688,-19.215406238219263,engine
Moon,26,230.9700907959202,-19.219141942884924,engine
Moon,27,230.98243520137072,-19.22288019109883,engine
Moon,28,230.99477574568874,-19.226621064324096,engine
Moon,29,231.0071122207639,-19.230364517766482,engine
Moon,30,231.01944439368248,-19.23411049909896,engine
Neptune,-30,354.82288617063494,-3.4719133075853663,engine
Neptune,-20,354.823092838376,-3.4718266520409595,engine
Neptune,-15,354.8231961859164,-3.4717833237502296,engine
Neptune,-10,354.8232995434322,-3.4717399951492256,engine
Neptune,-5,354.82340291164525,-3.471696666231133,engine
Neptune,-2,354.8234649379571,-3.4716706687456163,engine
Neptune,-1,354.8234856143229,-3.471662002895604,engine
Neptune,0,354.8235062911651,-3.4716533370337244,engine
Neptune,1,354.82352696848363,-3.47164467116219,engine
Neptune,2,354.82354764628883,-3.4716360052791004,engine
Neptune,3,354.82356832458333,-3.4716273393856434,engine
Neptune,4,354.82358900336965,-3.4716186734830035,engine
Neptune,5,354.82360968265806,-3.471610007569288,engine
Neptune,6,354.82363036246494,-3.471601341639876,engine
Neptune,7,354.8236510427652,-3.4715926757075786,engine
Neptune,8,354.82367172358283,-3.471584009764696,engine
Neptune,9,354.8236924049179,-3.471575343813449,engine
Neptune,10,354.82371308678046,-3.4715666778519525,engine
Neptune,11,354.8237337691731,-3.4715580118813993,engine
Neptune,12,354.8237544520983,-3.471549345902985,engine
Neptune,13,354.8237751355661,-3.4715406799148316,engine
Neptune,14,354.8237958195791,-3.471532013918133,engine
Neptune,15,354.8238165041397,-3.4715233479140952,engine
Neptune,16,354.8238371892579,-3.471514681900836,engine
Neptune,17,354.82385787495014,-3.4715060158737496,engine
Neptune,18,354.82387856119107,-3.4714973498456607,engine
Neptune,19,354.8238992480046,-3.4714886838088836,engine
Neptune,20,354.8239199353905,-3.471480017765652,engine
Neptune,21,354.82394062335885,-3.471471351714095,engine
Neptune,22,354.8239613119121,-3.4714626856554225,engine
Neptune,23,354.8239820010524,-3.471454019590841,engine
Neptune,24,354.82400269078994,-3.4714453535184853,engine
Neptune,25,354.82402338112684,-3.471436687439568,engine
Neptune,26,354.8240440720656,-3.4714280213553037,engine
Neptune,27,354.8240647636161,-3.471419355263827,engine
Neptune,28,354.82408545577795,-3.471410689167381,engine
Neptune,29,354.8241061485751,-3.471402023058294,engine
Neptune,30,354.824126841982,-3.4713933569494064,engine
Pallas,-30,27.96502310927906,-3.652608239902214,engine
Pallas,-20,27.967886115898306,-3.6520815891038167,engine
Pallas,-15,27.969317772152507,-3.6518182620076116,engine
Pallas,-10,27.970749534546496,-3.6515549340148743,engine
Pallas,-5,27.97218140743206,-3.6512916051245883,engine
Pallas,-2,27.973040585310095,-3.6511336074675333,engine
Pallas,-1,27.97332698717449,-3.651080941534702,engine
Pallas,0,27.973613393690957,-3.6510282755787067,engine
Pallas,1,27.97389980488657,-3.6509756096006885,engine
Pallas,2,27.974186220713044,-3.6509229435929536,engine
Pallas,3,27.974472641347983,-3.650870277574334,engine
Pallas,4,27.974759066742948,-3.650817611537154,engine
Pallas,5,27.97504549692472,-3.6507649454825857,engine
Pallas,6,27.97533193211206,-3.650712279376484,engine
Pallas,7,27.975618371872123,-3.650659613281835,engine
Pallas,8,27.97590481657421,-3.650606947182179,engine
Pallas,9,27.976191266169373,-3.6505542810698794,engine
Pallas,10,27.976477720684052,-3.650501614946146,engine
Pallas,11,27.97676418006912,-3.650448948803352,engine
Pallas,12,27.977050644501478,-3.6503962826603846,engine
Pallas,13,27.977337113931895,-3.6503436165096392,engine
Pallas,14,27.97762358838638,-3.6502909503523466,engine
Pallas,15,27.977910067815525,-3.6502382841809164,engine
Pallas,16,27.97819655239587,-3.650185618014259,engine
Pallas,17,27.978483042269872,-3.650132951809483,engine
Pallas,18,27.978769537003735,-3.6500802856296435,engine
Pallas,19,27.979056036965734,-3.650027619458367,engine
Pallas,20,27.979342542106046,-3.6499749532880887,engine
Pallas,21,27.979629052450072,-3.6499222871200945,engine
Pallas,22,27.979915567947728,-3.6498696209468333,engine
Pallas,23,27.980202088774952,-3.6498169547872745,engine
Pallas,24,27.980488614881498,-3.6497642886338837,engine
Pallas,25,27.98077514621704,-3.649711622479138,engine
Pallas,26,27.981061682957193,-3.6496589563420168,engine
Pallas,27,27.981348225051462,-3.6496062902150164,engine
Pallas,28,27.981634772524583,-3.6495536240994593,engine
Pallas,29,27.981921325517973,-3.6495009579525313,engine
Pallas,30,27.98220788382263,-3.6494482918638775,engine
Pluto,-30,300.7870936038615,-22.402496134752642,engine
Pluto,-20,300.78713585765036,-22.40250404827395,engine
Pluto,-15,300.78715702421243,-22.402508001480882,engine
Pluto,-10,300.7871782174999,-22.40251195265273,engine
Pluto,-5,300.78719943771875,-22.402515902045113,engine
Pluto,-2,300.78721218285136,-22.402518270931814,engine
Pluto,-1,300.787216433404,-22.402519060448235,engine
Pluto,0,300.78722068504646,-22.40251984991184,engine
Pluto,1,300.7872249377799,-22.402520639324678,engine
Pluto,2,300.78722919160566,-22.402521428688814,engine
Pluto,3,300.7872334465249,-22.4025222180063,engine
Pluto,4,300.78723770253885,-22.40252300727919,engine
Pluto,5,300.7872419596486,-22.402523796509556,engine
Pluto,6,300.78724621785824,-22.402524585699986,engine
Pluto,7,300.7872504771631,-22.402525374851496,engine
Pluto,8,300.7872547375672,-22.40252616396667,engine
Pluto,9,300.7872589990716,-22.402526953047584,engine
Pluto,10,300.78726326167725,-22.402527742096293,engine
Pluto,11,300.7872675253853,-22.402528531114903,engine
Pluto,12,300.78727179019666,-22.402529320105455,engine
Pluto,13,300.7872760561122,-22.40253010907004,engine
Pluto,14,300.787280323133,-22.402530898010724,engine
Pluto,15,300.78728459125995,-22.40253168692959,engine
Pluto,16,300.7872888604939,-22.402532475828718,engine
Pluto,17,300.7872931308386,-22.402533264710716,engine
Pluto,18,300.78729740228914,-22.402534053576613,engine
Pluto,19,300.7873016748491,-22.402534842429006,engine
Pluto,20,300.7873059485194,-22.402535631269984,engine
Pluto,21,300.7873102233008,-22.40253642010165,engine
Pluto,22,300.7873144991939,-22.402537208926077,engine
Pluto,23,300.7873187761995,-22.40253799774534,engine
Pluto,24,300.7873230543183,-22.402538786561546,engine
Pluto,25,300.7873273335508,-22.402539575376775,engine
Pluto,26,300.7873316138979,-22.402540364193122,engine
Pluto,27,300.7873358953624,-22.402541153012887,engine
Pluto,28,300.78734017794,-22.402541941837736,engine
Pluto,29,300.7873444616367,-22.402542730670508,engine
Pluto,30,300.78734874644715,-22.40254351951223,engine
Rahu,-30,49.86217905665346,18.335209597986523,engine
Rahu,-20,49.8621820605095,18.335210352168684,engine
Rahu,-15,49.862183902627045,18.335210814916792,engine
Rahu,-10,49.86218597121949,18.335211334689493,engine
Rahu,-5,49.86218826604966,18.335211911427045,engine
Rahu,-2,49.8621897514413,18.335212284787364,engine
Rahu,-1,49.86219026464285,18.335212413790952,engine
Rahu,0,49.86219078687658,18.335212545068767,engine
Rahu,1,49.86219131814039,18.33521267862027,engine
Rahu,2,49.86219185843269,18.335212814445082,engine
Rahu,3,49.86219240775154,18.3352129525427,engine
Rahu,4,49.86219296609488,18.33521309291262,engine
Rahu,5,49.86219353346086,18.335213235554363,engine
Rahu,6,49.86219410984834,18.335213380467646,engine
Rahu,7,49.86219469525367,18.33521352765155,engine
Rahu,8,49.86219528967595,18.33521367710585,engine
Rahu,9,49.86219589311322,18.335213828830053,engine
Rahu,10,49.862196505563396,18.335213982823625,engine
Rahu,11,49.862197127024636,18.335214139086126,engine
Rahu,12,49.8621977574949,18.335214297617004,engine
Rahu,13,49.8621983969726,18.3352144584159,engine
Rahu,14,49.862199045455306,18.335214621482166,engine
Rahu,15,49.86219970294172,18.335214786815502,engine
Rahu,16,49.86220036942903,18.335214954415182,engine
Rahu,17,49.86220104491668,18.335215124281092,engine
Rahu,18,49.86220172940142,18.33521529641238,engine
Rahu,19,49.862202422882,18.335215470808745,engine
Rahu,20,49.862203125355705,18.3352156474695,engine
Rahu,21,49.86220383682147,18.335215826394393,engine
Rahu,22,49.86220455727689,18.335216007582808,engine
Rahu,23,49.86220528672008,18.335216191034256,engine
Rahu,24,49.862206025149334,18.335216376748335,engine
Rahu,25,49.862206772562466,18.335216564724472,engine
Rahu,26,49.86220752895761,18.3352167549622,engine
Rahu,27,49.862208294332795,18.33521694746102,engine
Rahu,28,49.862209068686425,18.335217142220564,engine
Rahu,29,49.862209852016555,18.335217339240298,engine
Rahu,30,49.8622106443205,18.335217538519565,engine
Regulus,-30,152.09431604644504,11.96620367060686,engine
Regulus,-20,152.09431780673032,11.966203890323987,engine
Regulus,-15,152.09431868515904,11.966204007789973,engine
Regulus,-10,152.09431956170988,11.966204130318301,engine
Regulus,-5,152.09432043583263,11.966204257899077,engine
Regulus,-2,152.0943209589122,11.966204336867644,engine
Regulus,-1,152.09432113301338,11.966204363593189,engine
Regulus,0,152.09432130697795,11.966204390519875,engine
Regulus,1,152.09432148080148,11.966204417647585,engine
Regulus,2,152.09432165447964,11.96620444497618,engine
Regulus,3,152.09432182800805,11.966204472505531,engine
Regulus,4,152.09432200138232,11.966204500235499,engine
Regulus,5,152.09432217459812,11.966204528165942,engine
Regulus,6,152.0943223476512,11.966204556296733,engine
Regulus,7,152.09432252053693,11.966204584627684,engine
Regulus,8,152.0943226932511,11.966204613158666,engine
Regulus,9,152.09432286578934,11.966204641889528,engine
Regulus,10,152.09432303814728,11.966204670820098,engine
Regulus,11,152.09432321032065,11.966204699950211,engine
Regulus,12,152.09432338230502,11.966204729279708,engine
Regulus,13,152.09432355409612,11.966204758808411,engine
Regulus,14,152.09432372568955,11.966204788536146,engine
Regulus,15,152.094323897081,11.966204818462735,engine
Regulus,16,152.09432406826622,11.966204848587983,engine
Regulus,17,152.0943242392409,11.966204878911743,engine
Regulus,18,152.0943244100005,11.966204909433776,engine
Regulus,19,152.09432458054087,11.966204940153895,engine
Regulus,20,152.09432475085768,11.966204971071916,engine
Regulus,21,152.09432492094658,11.96620500218763,engine
Regulus,22,152.09432509080332,11.966205033500835,engine
Regulus,23,152.0943252604236,11.96620506501132,engine
Regulus,24,152.09432542980306,11.966205096718866,engine
Regulus,25,152.0943255989375,11.966205128623267,engine
Regulus,26,152.09432576782257,11.966205160724291,engine
Regulus,27,152.09432593645403,11.966205193021718,engine
Regulus,28,152.0943261048276,11.966205225515319,engine
Regulus,29,152.09432627293907,11.966205258204873,engine
Regulus,30,152.09432644078402,11.966205291090123,engine
Saturn,-30,325.8473042960913,-14.723909175337509,engine
Saturn,-20,325.847794976935,-14.72376091160529,engine
Saturn,-15,325.8480404020185,-14.72368678190189,engine
Saturn,-10,325.84828588387535,-14.723612654172154,engine
Saturn,-5,325.84853142291144,-14.723538528756938,engine
Saturn,-2,325.84867877380844,-14.72349405479903,engine
Saturn,-1,325.8487278953679,-14.723479230378743,engine
Saturn,0,325.8487770192267,-14.723464406079792,engine
Saturn,1,325.8488261453863,-14.723449581905264,engine
Saturn,2,325.8488752738481,-14.723434757858286,engine
Saturn,3,325.8489244046133,-14.723419933941921,engine
Saturn,4,325.848973537697,-14.723405110155227,engine
Saturn,5,325.8490226730729,-14.723390286509424,engine
Saturn,6,325.84907181078887,-14.723375462993634,engine
Saturn,7,325.84912095078,-14.723360639630828,engine
Saturn,8,325.8491700930803,-14.723345816414163,engine
Saturn,9,325.8492192376908,-14.723330993346757,engine
Saturn,10,325.8492683846124,-14.723316170431719,engine
Saturn,11,325.849317533846,-14.723301347672157,engine
Saturn,12,325.84936668540604,-14.723286525067103,engine
Saturn,13,325.8494158392659,-14.723271702627818,engine
Saturn,14,325.84946499544,-14.723256880353338,engine
Saturn,15,325.84951415392885,-14.723242058246772,engine
Saturn,16,325.8495633147333,-14.723227236311242,engine
Saturn,17,325.8496124778866,-14.723212414539926,engine
Saturn,18,325.84966164332343,-14.723197592955795,engine
Saturn,19,325.84971081109086,-14.72318277154796,engine
Saturn,20,325.8497599811618,-14.723167950327689,engine
Saturn,21,325.84980915355027,-14.72315312929401,engine
Saturn,22,325.8498583282566,-14.72313830845006,engine
Saturn,23,325.84990750528084,-14.723123487798931,engine
Saturn,24,325.84995668462324,-14.723108667343741,engine
Saturn,25,325.8500058662839,-14.723093847087622,engine
Saturn,26,325.8500550502766,-14.723079027029597,engine
Saturn,27,325.8501042365737,-14.723064207180933,engine
Saturn,28,325.850153425189,-14.723049387540685,engine
Saturn,29,325.85020261615523,-14.723034568102019,engine
Saturn,30,325.8502518094063,-14.723019748887916,engine
Sun,-30,26.223844482561802,10.842043618302618,engine
Sun,-20,26.23024765932424,10.844457538990287,engine
Sun,-15,26.23344988727566,10.845664290666823,engine
Sun,-10,26.236652556517893,10.846870905064083,engine
Sun,-5,26.239855680462547,10.848077384548821,engine
Sun,-2,26.241777777199804,10.848801207961873,engine
Sun,-1,26.242418513761884,10.849042471822225,engine
Sun,0,26.243059269299003,10.849283730401565,engine
Sun,1,26.243700043900223,10.849524983714407,engine
Sun,2,26.244340837654903,10.84976623177555,engine
Sun,3,26.244981650651944,10.850007474599868,engine
Sun,4,26.24562248297943,10.850248712202102,engine
Sun,5,26.246263334725604,10.850489944597259,engine
Sun,6,26.246904206408118,10.850731171962183,engine
Sun,7,26.247545097254473,10.850972393988323,engine
Sun,8,26.248186007781612,10.85121361085268,engine
Sun,9,26.24882693807632,10.851454822570538,engine
Sun,10,26.249467888224522,10.85169602915709,engine
Sun,11,26.250108858312505,10.851937230627819,engine
Sun,12,26.2507498484255,10.852178426998087,engine
Sun,13,26.251390858648804,10.85241961828345,engine
Sun,14,26.252031889067464,10.852660804499575,engine
Sun,15,26.252672939765553,10.85290198566197,engine
Sun,16,26.253314010827363,10.853143161786477,engine
Sun,17,26.253955102766607,10.85338433305063,engine
Sun,18,26.254596214806565,10.853625499146762,engine
Sun,19,26.25523734746038,10.853866660252642,engine
Sun,20,26.255878500810336,10.85410781638417,engine
Sun,21,26.256519674938705,10.854348967557458,engine
Sun,22,26.257160869927613,10.854590113788738,engine
Sun,23,26.257802085858064,10.854831255094068,engine
Sun,24,26.258443322811534,10.855072391489877,engine
Sun,25,26.25908458086827,10.855313522992358,engine
Sun,26,26.25972586010895,10.855554649618067,engine
Sun,27,26.260367160613136,10.855795771383344,engine
Sun,28,26.2610084824605,10.856036888304809,engine
Sun,29,26.261649826160365,10.856278000560787,engine
Sun,30,26.262291190931062,10.856519107844502,engine
Uranus,-30,41.18913814201339,15.552303577159504,engine
Uranus,-20,41.18952006798798,15.552421886678822,engine
Uranus,-15,41.189711019713044,15.552481025966726,engine
Uranus,-10,41.189901965075514,15.552540154849636,engine
Uranus,-5,41.19009290510241,15.552599273316313,engine
Uranus,-2,41.190207466892005,15.552634739364732,engine
Uranus,-1,41.190245653833266,15.552646560542021,engine
Uranus,0,41.19028384062506,15.552658381299164,engine
Uranus,1,41.190322027274725,15.552670201635893,engine
Uranus,2,41.19036021378481,15.552682021550424,engine
Uranus,3,41.190398400172406,15.552693841045558,engine
Uranus,4,41.19043658644011,15.552705660119525,engine
Uranus,5,41.19047477259525,15.552717478772092,engine
Uranus,6,41.19051295867088,15.55272929701097,engine
Uranus,7,41.19055114462318,15.552741114820074,engine
Uranus,8,41.190589330480286,15.552752932205594,engine
Uranus,9,41.19062751625934,15.552764749170397,engine
Uranus,10,41.190665701962935,15.552776565712758,engine
Uranus,11,41.19070388759843,15.552788381832487,engine
Uranus,12,41.19074207317331,15.552800197529423,engine
Uranus,13,41.19078025869498,15.552812012803388,engine
Uranus,14,41.19081844416599,15.552823827652702,engine
Uranus,15,41.1908566296035,15.55283564208027,engine
Uranus,16,41.1908948150101,15.552847456084415,engine
Uranus,17,41.1909330004188,15.552859269672942,engine
Uranus,18,41.19097118578589,15.552871082829865,engine
Uranus,19,41.19100937113949,15.552882895561478,engine
Uranus,20,41.19104755649681,15.552894707870731,engine
Uranus,21,41.191085741860405,15.552906519755975,engine
Uranus,22,41.19112392723774,15.55291833121715,engine
Uranus,23,41.19116211263141,15.552930142252611,engine
Uranus,24,41.191200298058554,15.55294195286538,engine
Uranus,25,41.1912384835218,15.552953763053832,engine
Uranus,26,41.19127666902858,15.55296557281793,engine
Uranus,27,41.19131485458636,15.552977382157616,engine
Uranus,28,41.19135304019772,15.552989191071326,engine
Uranus,29,41.19139122590545,15.553000999570001,engine
Uranus,30,41.19142941166094,15.55301280763626,engine
Venus,-30,345.3419157925316,-6.888012965424869,engine
Venus,-20,345.3492540051554,-6.885479783014981,engine
Venus,-15,345.35292421603566,-6.884213083194288,engine
Venus,-10,345.35659516668403,-6.882946313853671,engine
Venus,-5,345.3602668616219,-6.8816794762800795,engine
Venus,-2,345.362470236232,-6.880919342020857,engine
Venus,-1,345.3632047542476,-6.880665958713879,engine
Venus,0,345.36393930202144,-6.880412572858832,engine
Venus,1,345.3646738798712,-6.880159184408069,engine
Venus,2,345.36540848751076,-6.879905793439873,engine
Venus,3,345.3661431252566,-6.879652399906572,engine
Venus,4,345.3668777929722,-6.879399003854987,engine
Venus,5,345.3676124905206,-6.879145605331956,engine
Venus,6,345.3683472187093,-6.87889220411988,engine
Venus,7,345.36908197641463,-6.878638800605437,engine
Venus,8,345.36981676399057,-6.878385394665541,engine
Venus,9,345.3705515817503,-6.878131986252545,engine
Venus,10,345.3712864295537,-6.877878575413283,engine
Venus,11,345.3720213072606,-6.8776251621946285,engine
Venus,12,345.37275621518216,-6.8773717465488895,engine
Venus,13,345.37349115302607,-6.877118328554469,engine
Venus,14,345.37422612110254,-6.876864908163685,engine
Venus,15,345.37496111926885,-6.876611485423391,engine
Venus,16,345.3756961473817,-6.876358060380487,engine
Venus,17,345.37643120624244,-6.876104632817352,engine
Venus,18,345.37716629472084,-6.875851203120723,engine
Venus,19,345.37790141316486,-6.875597771167567,engine
Venus,20,345.3786365618812,-6.875344336910179,engine
Venus,21,345.3793717407238,-6.875090900395459,engine
Venus,22,345.3801069495457,-6.874837461670285,engine
Venus,23,345.38084218865225,-6.874584020686965,engine
Venus,24,345.3815774577446,-6.874330577523899,engine
Venus,25,345.38231275712684,-6.874077132133411,engine
Venus,26,345.38304808664986,-6.873823684562356,engine
Venus,27,345.383783446164,-6.873570234857662,engine
Venus,28,345.3845188359716,-6.873316782971561,engine
Venus,29,345.38525425641507,-6.873063328781,engine
Venus,30,345.3859897063567,-6.872809872672784,engine
Vesta,-30,319.84569707007404,-16.56672031825255,engine
Vesta,-20,319.8486044178723,-16.566126320981684,engine
Vesta,-15,319.85005849839797,-16.565829350756736,engine
Vesta,-10,319.8515128480134,-16.56553240194502,engine
Vesta,-5,319.85296746581423,-16.565235476222767,engine
Vesta,-2,319.8538403643819,-16.565057332657027,engine
Vesta,-1,319.85413135177487,-16.5649979535363,engine
Vesta,0,319.8544223497677,-16.56493857546951,engine
Vesta,1,319.8547133584727,-16.564879198449216,engine
Vesta,2,319.85500437762244,-16.564819822532733,engine
Vesta,3,319.8552954073287,-16.564760447712565,engine
Vesta,4,319.85558644757674,-16.56470107400281,engine
Vesta,5,319.8558774984779,-16.564641701395942,engine
Vesta,6,319.856168559959,-16.564582329909395,engine
Vesta,7,319.85645963174056,-16.564522959615235,engine
Vesta,8,319.8567507141286,-16.564463590466065,engine
Vesta,9,319.85704180685406,-16.564404222519077,engine
Vesta,10,319.85733291002725,-16.564344855766656,engine
Vesta,11,319.8576240237581,-16.564285490201158,engine
Vesta,12,319.857915147777,-16.56422612587972,engine
Vesta,13,319.8582062821936,-16.564166762794645,engine
Vesta,14,319.8584974269906,-16.56410740095984,engine
Vesta,15,319.85878858227727,-16.564048040367595,engine
Vesta,16,319.859079747783,-16.563988681074935,engine
Vesta,17,319.8593709238117,-16.563929323034326,engine
Vesta,18,319.85966211008144,-16.563869966317547,engine
Vesta,19,319.8599533065161,-16.563810610941797,engine
Vesta,20,319.86024451322385,-16.563751256899263,engine
Vesta,21,319.8605357303124,-16.56369190418206,engine
Vesta,22,319.86082695750974,-16.563632552847128,engine
Vesta,23,319.86111819492345,-16.56357320288657,engine
Vesta,24,319.8614094426606,-16.56351385429244,engine
Vesta,25,319.8617007004485,-16.563454507121616,engine
Vesta,26,319.861991968394,-16.563395161366103,engine
Vesta,27,319.8622832466035,-16.563335817017915,engine
Vesta,28,319.86257453480385,-16.56327647413383,engine
Vesta,29,319.86286583342286,-16.563217132644407,engine
Vesta,30,319.86315714179614,-16.56315779268599,engine
Gonggong,-30,337.3004406125474,-11.046605516394242,tno-rate
Gonggong,-20,337.3004871504545,-11.046584680037547,tno-rate
Gonggong,-15,337.30051041940806,-11.0465742618592,tno-rate
Gonggong,-10,337.3005336883616,-11.046563843680854,tno-rate
Gonggong,-5,337.30055695731517,-11.046553425502507,tno-rate
Gonggong,-2,337.3005709186873,-11.0465471745955,tno-rate
Gonggong,-1,337.300575572478,-11.04654509095983,tno-rate
Gonggong,0,337.3005802262687,-11.04654300732416,tno-rate
Gonggong,1,337.30058488005943,-11.046540923688491,tno-rate
Gonggong,2,337.30058953385014,-11.046538840052822,tno-rate
Gonggong,3,337.30059418764085,-11.046536756417153,tno-rate
Gonggong,4,337.30059884143157,-11.046534672781483,tno-rate
Gonggong,5,337.3006034952223,-11.046532589145814,tno-rate
Gonggong,6,337.300608149013,-11.046530505510145,tno-rate
Gonggong,7,337.3006128028037,-11.046528421874475,tno-rate
Gonggong,8,337.3006174565944,-11.046526338238806,tno-rate
Gonggong,9,337.3006221103851,-11.046524254603137,tno-rate
Gonggong,10,337.30062676417583,-11.046522170967467,tno-rate
Gonggong,11,337.30063141796654,-11.046520087331798,tno-rate
Gonggong,12,337.30063607175725,-11.046518003696129,tno-rate
Gonggong,13,337.30064072554796,-11.04651592006046,tno-rate
Gonggong,14,337.3006453793387,-11.04651383642479,tno-rate
Gonggong,15,337.3006500331294,-11.04651175278912,tno-rate
Gonggong,16,337.3006546869201,-11.046509669153451,tno-rate
Gonggong,17,337.3006593407108,-11.046507585517782,tno-rate
Gonggong,18,337.3006639945015,-11.046505501882113,tno-rate
Gonggong,19,337.30066864829223,-11.046503418246443,tno-rate
Gonggong,20,337.30067330208294,-11.046501334610774,tno-rate
Gonggong,21,337.30067795587365,-11.046499250975103,tno-rate
Gonggong,22,337.30068260966436,-11.046497167339433,tno-rate
Gonggong,23,337.3006872634551,-11.046495083703764,tno-rate
Gonggong,24,337.3006919172458,-11.046493000068095,tno-rate
Gonggong,25,337.3006965710365,-11.046490916432425,tno-rate
Gonggong,26,337.3007012248272,-11.046488832796756,tno-rate
Gonggong,27,337.3007058786179,-11.046486749161087,tno-rate
Gonggong,28,337.30071053240863,-11.046484665525417,tno-rate
Gonggong,29,337.30071518619934,-11.046482581889748,tno-rate
Gonggong,30,337.30071983999005,-11.046480498254079,tno-rate
Haumea,-30,216.85702207186478,15.878699779645105,tno-rate
Haumea,-20,216.8569088109672,15.878745372216816,tno-rate
Haumea,-15,216.85685218051844,15.878768168502672,tno-rate
Haumea,-10,216.85679555006968,15.878790964788529,tno-rate
Haumea,-5,216.85673891962088,15.878813761074383,tno-rate
Haumea,-2,216.85670494135164,15.878827438845898,tno-rate
Haumea,-1,216.85669361526186,15.878831998103069,tno-rate
Haumea,0,216.8566822891721,15.87883655736024,tno-rate
Haumea,1,216.85667096308237,15.87884111661741,tno-rate
Haumea,2,216.8566596369926,15.878845675874581,tno-rate
Haumea,3,216.85664831090284,15.878850235131752,tno-rate
Haumea,4,216.8566369848131,15.878854794388925,tno-rate
Haumea,5,216.85662565872335,15.878859353646096,tno-rate
Haumea,6,216.85661433263357,15.878863912903267,tno-rate
Haumea,7,216.85660300654382,15.878868472160438,tno-rate
Haumea,8,216.85659168045407,15.878873031417609,tno-rate
Haumea,9,216.85658035436433,15.87887759067478,tno-rate
Haumea,10,216.85656902827455,15.87888214993195,tno-rate
Haumea,11,216.8565577021848,15.878886709189123,tno-rate
Haumea,12,216.85654637609505,15.878891268446294,tno-rate
Haumea,13,216.85653505000528,15.878895827703465,tno-rate
Haumea,14,216.85652372391553,15.878900386960636,tno-rate
Haumea,15,216.85651239782578,15.878904946217807,tno-rate
Haumea,16,216.85650107173603,15.878909505474978,tno-rate
Haumea,17,216.85648974564626,15.87891406473215,tno-rate
Haumea,18,216.8564784195565,15.878918623989321,tno-rate
Haumea,19,216.85646709346676,15.878923183246492,tno-rate
Haumea,20,216.856455767377,15.878927742503663,tno-rate
Haumea,21,216.85644444128724,15.878932301760834,tno-rate
Haumea,22,216.8564331151975,15.878936861018005,tno-rate
Haumea,23,216.85642178910774,15.878941420275176,tno-rate
Haumea,24,216.856410463018,15.878945979532348,tno-rate
Haumea,25,216.85639913692822,15.87895053878952,tno-rate
Haumea,26,216.85638781083847,15.87895509804669,tno-rate
Haumea,27,216.85637648474872,15.878959657303861,tno-rate
Haumea,28,216.85636515865895,15.878964216561032,tno-rate
Haumea,29,216.8563538325692,15.878968775818203,tno-rate
Haumea,30,216.85634250647945,15.878973335075374,tno-rate
Makemake,-30,198.2931850473114,23.014492181222,tno-rate
Makemake,-20,198.29307166946617,23.014516614289228,tno-rate
Makemake,-15,198.29301498054355,23.01452883082284,tno-rate
Makemake,-10,198.29295829162092,23.014541047356452,tno-rate
Makemake,-5,198.29290160269832,23.01455326389007,tno-rate
Makemake,-2,198.29286758934475,23.014560593810234,tno-rate
Makemake,-1,198.2928562515602,23.014563037116957,tno-rate
Makemake,0,198.2928449137757,23.01456548042368,tno-rate
Makemake,1,198.29283357599118,23.014567923730404,tno-rate
Makemake,2,198.29282223820664,23.014570367037127,tno-rate
Makemake,3,198.29281090042213,23.01457281034385,tno-rate
Makemake,4,198.2927995626376,23.01457525365057,tno-rate
Makemake,5,198.29278822485307,23.014577696957293,tno-rate
Makemake,6,198.29277688706856,23.014580140264016,tno-rate
Makemake,7,198.29276554928404,23.01458258357074,tno-rate
Makemake,8,198.2927542114995,23.014585026877462,tno-rate
Makemake,9,198.29274287371499,23.014587470184185,tno-rate
Makemake,10,198.29273153593047,23.01458991349091,tno-rate
Makemake,11,198.29272019814593,23.01459235679763,tno-rate
Makemake,12,198.29270886036142,23.01459480010435,tno-rate
Makemake,13,198.29269752257687,23.014597243411075,tno-rate
Makemake,14,198.29268618479236,23.014599686717798,tno-rate
Makemake,15,198.29267484700785,23.01460213002452,tno-rate
Makemake,16,198.2926635092233,23.014604573331244,tno-rate
Makemake,17,198.2926521714388,23.014607016637967,tno-rate
Makemake,18,198.29264083365427,23.014609459944687,tno-rate
Makemake,19,198.29262949586973,23.01461190325141,tno-rate
Makemake,20,198.29261815808522,23.014614346558133,tno-rate
Makemake,21,198.2926068203007,23.014616789864856,tno-rate
Makemake,22,198.29259548251616,23.01461923317158,tno-rate
Makemake,23,198.29258414473165,23.014621676478303,tno-rate
Makemake,24,198.29257280694713,23.014624119785026,tno-rate
Makemake,25,198.2925614691626,23.014626563091745,tno-rate
Makemake,26,198.29255013137808,23.01462900639847,tno-rate
Makemake,27,198.29253879359356,23.014631449705192,tno-rate
Makemake,28,198.29252745580902,23.014633893011915,tno-rate
Makemake,29,198.2925161180245,23.014636336318638,tno-rate
Makemake,30,198.29250478024,23.01463877962536,tno-rate
Orcus,-30,155.81669740939222,-11.647061616434623,tno-rate
Orcus,-20,155.81663403598117,-11.646999015840056,tno-rate
Orcus,-15,155.81660234927566,-11.646967715542772,tno-rate
Orcus,-10,155.81657066257014,-11.646936415245488,tno-rate
Orcus,-5,155.8165389758646,-11.646905114948204,tno-rate
Orcus,-2,155.8165199638413,-11.646886334769833,tno-rate
Orcus,-1,155.81651362650018,-11.646880074710378,tno-rate
Orcus,0,155.8165072891591,-11.64687381465092,tno-rate
Orcus,1,155.816500951818,-11.646867554591463,tno-rate
Orcus,2,155.81649461447688,-11.646861294532007,tno-rate
Orcus,3,155.8164882771358,-11.64685503447255,tno-rate
Orcus,4,155.81648193979467,-11.646848774413094,tno-rate
Orcus,5,155.81647560245358,-11.646842514353636,tno-rate
Orcus,6,155.81646926511246,-11.646836254294179,tno-rate
Orcus,7,155.81646292777137,-11.646829994234723,tno-rate
Orcus,8,155.81645659043025,-11.646823734175266,tno-rate
Orcus,9,155.81645025308916,-11.646817474115808,tno-rate
Orcus,10,155.81644391574804,-11.646811214056353,tno-rate
Orcus,11,155.81643757840695,-11.646804953996895,tno-rate
Orcus,12,155.81643124106583,-11.64679869393744,tno-rate
Orcus,13,155.81642490372474,-11.646792433877982,tno-rate
Orcus,14,155.81641856638365,-11.646786173818525,tno-rate
Orcus,15,155.81641222904253,-11.646779913759069,tno-rate
Orcus,16,155.81640589170144,-11.646773653699611,tno-rate
Orcus,17,155.81639955436032,-11.646767393640156,tno-rate
Orcus,18,155.81639321701923,-11.646761133580698,tno-rate
Orcus,19,155.8163868796781,-11.64675487352124,tno-rate
Orcus,20,155.81638054233701,-11.646748613461785,tno-rate
Orcus,21,155.8163742049959,-11.646742353402328,tno-rate
Orcus,22,155.8163678676548,-11.646736093342872,tno-rate
Orcus,23,155.81636153031369,-11.646729833283414,tno-rate
Orcus,24,155.8163551929726,-11.646723573223957,tno-rate
Orcus,25,155.8163488556315,-11.646717313164501,tno-rate
Orcus,26,155.81634251829038,-11.646711053105044,tno-rate
Orcus,27,155.8163361809493,-11.646704793045586,tno-rate
Orcus,28,155.81632984360817,-11.64669853298613,tno-rate
Orcus,29,155.81632350626708,-11.646692272926673,tno-rate
Orcus,30,155.81631716892596,-11.646686012867217,tno-rate
Quaoar,-30,277.2428129927166,-15.214694351694174,tno-rate
Quaoar,-20,277.2427810141949,-15.214673911876055,tno-rate
Quaoar,-15,277.24276502493404,-15.214663691966997,tno-rate
Quaoar,-10,277.24274903567317,-15.214653472057938,tno-rate
Quaoar,-5,277.24273304641235,-15.21464325214888,tno-rate
Quaoar,-2,277.24272345285584,-15.214637120203443,tno-rate
Quaoar,-1,277.24272025500363,-15.214635076221633,tno-rate
Quaoar,0,277.2427170571515,-15.21463303223982,tno-rate
Quaoar,1,277.24271385929933,-15.214630988258008,tno-rate
Quaoar,2,277.2427106614471,-15.214628944276198,tno-rate
Quaoar,3,277.24270746359497,-15.214626900294386,tno-rate
Quaoar,4,277.2427042657428,-15.214624856312573,tno-rate
Quaoar,5,277.2427010678906,-15.214622812330761,tno-rate
Quaoar,6,277.24269787003846,-15.21462076834895,tno-rate
Quaoar,7,277.2426946721863,-15.214618724367138,tno-rate
Quaoar,8,277.2426914743341,-15.214616680385326,tno-rate
Quaoar,9,277.24268827648194,-15.214614636403516,tno-rate
Quaoar,10,277.2426850786298,-15.214612592421703,tno-rate
Quaoar,11,277.2426818807776,-15.214610548439891,tno-rate
Quaoar,12,277.24267868292543,-15.214608504458079,tno-rate
Quaoar,13,277.2426754850733,-15.214606460476269,tno-rate
Quaoar,14,277.24267228722107,-15.214604416494456,tno-rate
Quaoar,15,277.2426690893689,-15.214602372512644,tno-rate
Quaoar,16,277.24266589151676,-15.214600328530834,tno-rate
Quaoar,17,277.24266269366456,-15.214598284549021,tno-rate
Quaoar,18,277.2426594958124,-15.214596240567209,tno-rate
Quaoar,19,277.24265629796025,-15.214594196585397,tno-rate
Quaoar,20,277.24265310010804,-15.214592152603586,tno-rate
Quaoar,21,277.2426499022559,-15.214590108621774,tno-rate
Quaoar,22,277.24264670440374,-15.214588064639962,tno-rate
Quaoar,23,277.24264350655153,-15.21458602065815,tno-rate
Quaoar,24,277.2426403086994,-15.214583976676339,tno-rate
Quaoar,25,277.2426371108472,-15.214581932694527,tno-rate
Quaoar,26,277.242633912995,-15.214579888712715,tno-rate
Quaoar,27,277.24263071514287,-15.214577844730904,tno-rate
Quaoar,28,277.2426275172907,-15.214575800749092,tno-rate
Quaoar,29,277.2426243194385,-15.21457375676728,tno-rate
Quaoar,30,277.24262112158635,-15.214571712785467,tno-rate
Sedna,-30,58.691966451465355,8.285933456368436,tno-rate
Sedna,-20,58.69204224682383,8.285959168270196,tno-rate
Sedna,-15,58.692080144503066,8.285972024221076,tno-rate
Sedna,-10,58.6921180421823,8.285984880171954,tno-rate
Sedna,-5,58.69215593986154,8.285997736122834,tno-rate
Sedna,-2,58.692178678469084,8.286005449693361,tno-rate
Sedna,-1,58.69218625800493,8.286008020883537,tno-rate
Sedna,0,58.69219383754078,8.286010592073714,tno-rate
Sedna,1,58.692201417076625,8.28601316326389,tno-rate
Sedna,2,58.69220899661247,8.286015734454066,tno-rate
Sedna,3,58.69221657614832,8.286018305644241,tno-rate
Sedna,4,58.692224155684166,8.286020876834417,tno-rate
Sedna,5,58.69223173522001,8.286023448024594,tno-rate
Sedna,6,58.69223931475586,8.28602601921477,tno-rate
Sedna,7,58.692246894291706,8.286028590404944,tno-rate
Sedna,8,58.69225447382755,8.28603116159512,tno-rate
Sedna,9,58.69226205336341,8.286033732785297,tno-rate
Sedna,10,58.692269632899254,8.286036303975473,tno-rate
Sedna,11,58.6922772124351,8.286038875165648,tno-rate
Sedna,12,58.69228479197095,8.286041446355824,tno-rate
Sedna,13,58.692292371506795,8.286044017546,tno-rate
Sedna,14,58.69229995104264,8.286046588736177,tno-rate
Sedna,15,58.69230753057849,8.286049159926351,tno-rate
Sedna,16,58.692315110114336,8.286051731116528,tno-rate
Sedna,17,58.69232268965018,8.286054302306704,tno-rate
Sedna,18,58.69233026918603,8.28605687349688,tno-rate
Sedna,19,58.69233784872188,8.286059444687055,tno-rate
Sedna,20,58.692345428257724,8.286062015877231,tno-rate
Sedna,21,58.69235300779357,8.286064587067408,tno-rate
Sedna,22,58.69236058732942,8.286067158257584,tno-rate
Sedna,23,58.692368166865265,8.286069729447759,tno-rate
Sedna,24,58.69237574640111,8.286072300637935,tno-rate
Sedna,25,58.692383325936966,8.286074871828111,tno-rate
Sedna,26,58.69239090547281,8.286077443018288,tno-rate
Sedna,27,58.69239848500866,8.286080014208462,tno-rate
Sedna,28,58.69240606454451,8.286082585398638,tno-rate
Sedna,29,58.692413644080354,8.286085156588815,tno-rate
Sedna,30,58.6924212236162,8.286087727778991,tno-rate
Transpluto,-30,154.31546489947343,10.64030336953982,engine
Transpluto,-20,154.31543192849688,10.640315872134163,engine
Transpluto,-15,154.3154154451704,10.64032212260617,engine
Transpluto,-10,154.31539896329093,10.640328372525754,engine
Transpluto,-5,154.31538248284878,10.640334621896516,engine
Transpluto,-2,154.31537259527704,10.640338371254042,engine
Transpluto,-1,154.31536929953515,10.640339620995844,engine
Transpluto,0,154.3153660038511,10.640340870715589,engine
Transpluto,1,154.31536270822463,10.6403421204133,engine
Transpluto,2,154.31535941265582,10.640343370088972,engine
Transpluto,3,154.31535611714477,10.64034461974263,engine
Transpluto,4,154.3153528216914,10.640345869374183,engine
Transpluto,5,154.31534952629573,10.640347118983733,engine
Transpluto,6,154.31534623095553,10.64034836857208,engine
Transpluto,7,154.31534293567523,10.640349618137556,engine
Transpluto,8,154.31533964045272,10.640350867680956,engine
Transpluto,9,154.31533634528785,10.640352117202337,engine
Transpluto,10,154.3153330501806,10.640353366701666,engine
Transpluto,11,154.31532975513116,10.640354616178945,engine
Transpluto,12,154.31532646013937,10.64035586563414,engine
Transpluto,13,154.3153231652053,10.64035711506735,engine
Transpluto,14,154.315319870329,10.640358364478478,engine
Transpluto,15,154.3153165755103,10.64035961386756,engine
Transpluto,16,154.31531328074936,10.640360863234568,engine
Transpluto,17,154.31530998604393,10.640362112580396,engine
Transpluto,18,154.31530669139838,10.640363361903308,engine
Transpluto,19,154.31530339681055,10.640364611204166,engine
Transpluto,20,154.31530010228042,10.640365860482962,engine
Transpluto,21,154.315296807808,10.640367109739685,engine
Transpluto,22,154.31529351339333,10.640368358974412,engine
Transpluto,23,154.31529021903634,10.640369608187019,engine
Transpluto,24,154.31528692473708,10.640370857377638,engine
Transpluto,25,154.3152836304955,10.640372106546112,engine
Transpluto,26,154.31528033631162,10.640373355692555,engine
Transpluto,27,154.3152770421855,10.640374604816927,engine
Transpluto,28,154.31527374811705,10.640375853919261,engine
Transpluto,29,154.31527045410422,10.640377103000327,engine
Transpluto,30,154.3152671601512,10.640378352058523,engine
Part_of_Fortune,-30,6.8454927324402775,-22.5493107071346,engine
Part_of_Fortune,-20,8.537013408001712,-23.232091613015633,engine
Part_of_Fortune,-15,9.38158389412797,-23.57566879432064,engine
Part_of_Fortune,-10,10.225407118132807,-23.920618032245926,engine
Part_of_Fortune,-5,11.068517223689412,-24.266874324748777,engine
Part_of_Fortune,-2,11.574054730161834,-24.475228103732583,engine
Part_of_Fortune,-1,11.742514194899172,-24.544776225445567,engine
Part_of_Fortune,0,11.91094734226931,-24.61437183458367,engine
Part_of_Fortune,1,12.079354787877605,-24.684014485270716,engine
Part_of_Fortune,2,12.247736438148536,-24.75370355685359,engine
Part_of_Fortune,3,12.416092907194297,-24.8234386015033,engine
Part_of_Fortune,4,12.584424100019078,-24.893218996765235,engine
Part_of_Fortune,5,12.75273062932672,-24.963044292907547,engine
Part_of_Fortune,6,12.92101251157618,-25.03291391257433,engine
Part_of_Fortune,7,13.089270132392471,-25.10282731045446,engine
Part_of_Fortune,8,13.25750350695398,-25.17278390744054,engine
Part_of_Fortune,9,13.42571324524755,-25.242783250088152,engine
Part_of_Fortune,10,13.59389924832044,-25.312824710762445,engine
Part_of_Fortune,11,13.762062124846011,-25.382907834219814,engine
Part_of_Fortune,12,13.930201774701118,-25.45303199117494,engine
Part_of_Fortune,13,14.09831880529191,-25.52319672462504,engine
Part_of_Fortune,14,14.26641311533075,-25.593401403673692,engine
Part_of_Fortune,15,14.434485311042977,-25.663645569600043,engine
Part_of_Fortune,16,14.602535289987145,-25.733928589926897,engine
Part_of_Fortune,17,14.770563769938235,-25.804250051424177,engine
Part_of_Fortune,18,14.93857042202967,-25.874609225775572,engine
Part_of_Fortune,19,15.106555962932589,-25.94500569808494,engine
Part_of_Fortune,20,15.274520288107851,-26.01543883285191,engine
Part_of_Fortune,21,15.442464000505197,-26.085908166437616,engine
Part_of_Fortune,22,15.610387171268826,-26.156413104879075,engine
Part_of_Fortune,23,15.778289872297023,-26.226953054037303,engine
Part_of_Fortune,24,15.946172703829689,-26.297527547442595,engine
Part_of_Fortune,25,16.11403555986118,-26.368135946439935,engine
Part_of_Fortune,26,16.28187904057654,-26.4387777834452,engine
Part_of_Fortune,27,16.4497030382297,-26.509452418080468,engine
Part_of_Fortune,28,16.617508152367463,-26.580159381429873,engine
Part_of_Fortune,29,16.785294563884975,-26.650898122261108,engine
Part_of_Fortune,30,16.953062115678165,-26.72166794641029,engine
Part_of_Spirit,-30,318.74596043404273,37.162838869340966,engine
Part_of_Spirit,-20,320.20034741618304,36.55689843754375,engine
Part_of_Spirit,-15,320.926504510702,36.25194591651938,engine
Part_of_Spirit,-10,321.6520309170953,35.94575695283304,engine
Part_of_Spirit,-5,322.3769712479006,35.63839601357942,engine
Part_of_Spirit,-2,322.81167232167775,35.453444002855484,engine
Part_of_Spirit,-1,322.95653079924386,35.391707259325806,engine
Part_of_Spirit,0,323.1013691482357,35.32992829782922,engine
Part_of_Spirit,1,323.2461873600347,35.268107731882395,engine
Part_of_Spirit,2,323.390986131301,35.20624600298318,engine
Part_of_Spirit,3,323.5357654517843,35.14434372624066,engine
Part_of_Spirit,4,323.68052601648685,35.08240134486223,engine
Part_of_Spirit,5,323.82526781353397,35.02041947552845,engine
Part_of_Spirit,6,323.9699916333694,34.95839852151407,engine
Part_of_Spirit,7,324.11469726846803,34.89633918420819,engine
Part_of_Spirit,8,324.25938550769024,34.83424186855533,engine
Part_of_Spirit,9,324.40405633609083,34.772107194252136,engine
Part_of_Spirit,10,324.5487104439503,34.70993560942185,engine
Part_of_Spirit,11,324.6933478148808,34.64772773521345,engine
Part_of_Spirit,12,324.8379691376217,34.58548402131436,engine
Part_of_Spirit,13,324.98257439438623,34.52320509028918,engine
Part_of_Spirit,14,325.1271642724567,34.46089139335105,engine
Part_of_Spirit,15,325.2717387526493,34.39854355444273,engine
Part_of_Spirit,16,325.4162985208684,34.33616202625453,engine
Part_of_Spirit,17,325.5608436534841,34.27374739220304,engine
Part_of_Spirit,18,325.70537464117183,34.21130019013718,engine
Part_of_Spirit,19,325.84989155902895,34.1488210047908,engine
Part_of_Spirit,20,325.9943950902554,34.08631029170403,engine
Part_of_Spirit,21,326.13888521173885,34.02376867870747,engine
Part_of_Spirit,22,326.2833624287259,33.96119666569152,engine
Part_of_Spirit,23,326.42782724692717,33.89859475275646,engine
Part_of_Spirit,24,326.57227964030915,33.83596357001469,engine
Part_of_Spirit,25,326.71672028976394,33.773303575983306,engine
Part_of_Spirit,26,326.861149168954,33.71061540156078,engine
Part_of_Spirit,27,327.0055669567146,33.647899506883874,engine
Part_of_Spirit,28,327.149973625911,33.58515652382794,engine
Part_of_Spirit,29,327.29436977467793,33.52238691439342,engine
Part_of_Spirit,30,327.4387557101753,33.45959126747664,engine
Ascendant,-30,162.7957265832415,7.306764081103181,engine
Ascendant,-20,164.36868041209237,6.66240341226406,engine
Ascendant,-15,165.15404420241495,6.338138561099371,engine
Ascendant,-10,165.93871901761403,6.0125694602935535,engine
Ascendant,-5,166.722744235795,5.685760844415318,engine
Ascendant,-2,167.19286352591976,5.4891079495614505,engine
Ascendant,-1,167.34952249707152,5.4234655169401185,engine
Ascendant,0,167.50615824525252,5.357778231622776,engine
Ascendant,1,167.66277107395612,5.292046623305839,engine
Ascendant,2,167.81936128472478,5.226271223064795,engine
Ascendant,3,167.9759291794893,5.160452562368679,engine
Ascendant,4,168.13247505825296,5.094591174048495,engine
Ascendant,5,168.28899922143034,5.028687591310451,engine
Ascendant,6,168.44550207247278,4.962742304469868,engine
Ascendant,7,168.60198370043025,4.896755936876861,engine
Ascendant,8,168.7584445073221,4.830728980557395,engine
Ascendant,9,168.9148847906692,4.764661972081992,engine
Ascendant,10,169.07130484613538,4.698555449329702,engine
Ascendant,11,169.22770496986342,4.63240995049682,engine
Ascendant,12,169.38408545616144,4.566226015069711,engine
Ascendant,13,169.54044659983907,4.500004182832069,engine
Ascendant,14,169.69678869389372,4.433744994838679,engine
Ascendant,15,169.85311203184614,4.367448992421345,engine
Ascendant,16,170.00941690542774,4.301116718163817,engine
Ascendant,17,170.1657037117112,4.234748670389434,engine
Ascendant,18,170.32197253160075,4.168345482180805,engine
Ascendant,19,170.47822376098077,4.10190765335293,engine
Ascendant,20,170.63445768918163,4.03543572942606,engine
Ascendant,21,170.79067460612202,3.9689302561349282,engine
Ascendant,22,170.94687479999737,3.9023917804062194,engine
Ascendant,23,171.1030585596121,3.835820849359577,engine
Ascendant,24,171.25922617206942,3.7692180112860467,engine
Ascendant,25,171.41537792481256,3.702583814771686,engine
Ascendant,26,171.57151410476527,3.6359188090577903,engine
Ascendant,27,171.72763499747214,3.5692235444017046,engine
Ascendant,28,171.88374088913926,3.502498571199033,engine
Ascendant,29,172.03983216928145,3.435744396066159,engine
Ascendant,30,172.19590891292674,3.3689616605331745,engine
Midheaven,-30,62.53490478842166,21.03835580668991,engine
Midheaven,-20,65.03989903206983,21.45498586902107,engine
Midheaven,-15,66.29244395798015,21.648528085603754,engine
Midheaven,-10,67.54502278777623,21.832193508206647,engine
Midheaven,-5,68.79763747243163,22.00596408164862,engine
Midheaven,-2,69.5492239575942,22.105470163238294,engine
Midheaven,-1,69.79975582107332,22.13784544326614,engine
Midheaven,0,70.05028922105238,22.169823832950854,engine
Midheaven,1,70.30082417003132,22.20140522677513,engine
Midheaven,2,70.55136067853071,22.232589521812248,engine
Midheaven,3,70.80189875881338,22.263376618133716,engine
Midheaven,4,71.052438421161,22.293766418285095,engine
Midheaven,5,71.30297967759579,22.32375882768354,engine
Midheaven,6,71.55352270616616,22.353353773819347,engine
Midheaven,7,71.80406718263298,22.382551127526686,engine
Midheaven,8,72.05461328479777,22.411350821560656,engine
Midheaven,9,72.30516102419145,22.439752771324514,engine
Midheaven,10,72.55571041035842,22.467756894364545,engine
Midheaven,11,72.80626145457894,22.495363110736655,engine
Midheaven,12,73.05681416614513,22.522571342535514,engine
Midheaven,13,73.30736855608346,22.549381514251024,engine
Midheaven,14,73.55792463343066,22.575793552310554,engine
Midheaven,15,73.80848240895622,22.601807385425264,engine
Midheaven,16,74.0590418914385,22.627422944145838,engine
Midheaven,17,74.30960325940876,22.65264017797496,engine
Midheaven,18,74.56016618534161,22.67745898756305,engine
Midheaven,19,74.81073084750437,22.701879326494694,engine
Midheaven,20,75.06129725414944,22.725901132963635,engine
Midheaven,21,75.31186541525787,22.749524347131686,engine
Midheaven,22,75.56243533881492,22.77274891072495,engine
Midheaven,23,75.81300703453303,22.795574767338483,engine
Midheaven,24,76.0635805101277,22.818001862046174,engine
Midheaven,25,76.31415577457444,22.840030141654672,engine
Midheaven,26,76.56473283671265,22.861659554529183,engine
Midheaven,27,76.81531170384773,22.882890050433215,engine
Midheaven,28,77.06589238500914,22.903721580765946,engine
Midheaven,29,77.3164750557275,22.9241541118107,engine
Midheaven,30,77.56705938728733,22.944187570277087,engine
Vertex,-30,321.59517687608087,-15.071949379356235,engine
Vertex,-20,324.9502094486678,-13.979812438035745,engine
Vertex,-15,326.64455236753923,-13.406424028987038,engine
Vertex,-10,328.3496974923007,-12.815144021751733,engine
Vertex,-5,330.06529413730755,-12.206298892226974,engine
Vertex,-2,331.09951057911536,-11.832723539077545,engine
Vertex,-1,331.4450398542595,-11.70684166286334,engine
Vertex,0,331.7909587850076,-11.580287829661172,engine
Vertex,1,332.1372639522609,-11.453066076934862,engine
Vertex,2,332.4839518839276,-11.32518056718383,engine
Vertex,3,332.8310190602131,-11.196635586650178,engine
Vertex,4,333.17846190862804,-11.067435547771728,engine
Vertex,5,333.52627680931886,-10.937584987780053,engine
Vertex,6,333.87446032370013,-10.807088483356969,engine
Vertex,7,334.22300826564094,-10.675950999584485,engine
Vertex,8,334.57191709741807,-10.54417736719412,engine
Vertex,9,334.92118300143494,-10.411772630534854,engine
Vertex,10,335.27080210864455,-10.278741962501941,engine
Vertex,11,335.62077050400165,-10.145090662779296,engine
Vertex,12,335.97108422154497,-10.010824159972886,engine
Vertex,13,336.32173924988945,-9.875948009727269,engine
Vertex,14,336.6727315273275,-9.740467896767234,engine
Vertex,15,337.02405694736245,-9.604389632884173,engine
Vertex,16,337.37571135382973,-9.467719158882442,engine
Vertex,17,337.7276907826085,-9.330462450195421,engine
Vertex,18,338.0799905124256,-9.192625887291515,engine
Vertex,19,338.43260648665233,-9.05421570113595,engine
Vertex,20,338.7855343645625,-8.91523834271129,engine
Vertex,21,339.1387697629073,-8.775700388748652,engine
Vertex,22,339.4923082510986,-8.63560854336459,engine
Vertex,23,339.84614535690173,-8.494969635496016,engine
Vertex,24,340.2002765616403,-8.353790620427347,engine
Vertex,25,340.55469730526954,-8.212078577345395,engine
Vertex,26,340.90940298489534,-8.069840709435505,engine
Vertex,27,341.2643889532979,-7.927084343930466,engine
Vertex,28,341.6196505240643,-7.783816929444907,engine
Vertex,29,341.97518320600875,-7.640045940372908,engine
Vertex,30,342.33098175186376,-7.49577926112914,engine
Algol,-30,47.03561956872605,40.95518282692012,engine
Algol,-20,47.035618394408104,40.95518393779134,engine
Algol,-15,47.03561776053103,40.9551844858197,engine
Algol,-10,47.03561709580911,40.95518502846122,engine
Algol,-5,47.03561640048599,40.95518556538266,engine
Algol,-2,47.03561596871059,40.95518588465218,engine
Algol,-1,47.035615822368,40.95518599057902,engine
Algol,0,47.03561567482036,40.95518609625334,engine
Algol,1,47.03561552606989,40.95518620167249,engine
Algol,2,47.03561537611885,40.95518630683391,engine
Algol,3,47.0356152249695,40.95518641173497,engine
Algol,4,47.035615072624154,40.955186516373075,engine
Algol,5,47.03561491908511,40.95518662074566,engine
Algol,6,47.03561476435466,40.955186724850165,engine
Algol,7,47.03561460843534,40.9551868286839,engine
Algol,8,47.03561445132945,40.95518693224434,engine
Algol,9,47.035614293039394,40.95518703552893,engine
Algol,10,47.03561413356762,40.95518713853509,engine
Algol,11,47.03561397291657,40.95518724126025,engine
Algol,12,47.03561381108874,40.955187343701894,engine
Algol,13,47.03561364808663,40.95518744585744,engine
Algol,14,47.03561348391276,40.95518754772434,engine
Algol,15,47.0356133185697,40.95518764930009,engine
Algol,16,47.03561315206,40.955187750582105,engine
Algol,17,47.035612984386155,40.955187851567956,engine
Algol,18,47.03561281555099,40.955187952254995,engine
Algol,19,47.03561264555705,40.95518805264076,engine
Algol,20,47.03561247440699,40.955188152722734,engine
Algol,21,47.035612302103466,40.95518825249842,engine
Algol,22,47.03561212864923,40.95518835196531,engine
Algol,23,47.03561195404696,40.955188451120925,engine
Algol,24,47.03561177829944,40.95518854996277,engine
Algol,25,47.03561160140944,40.95518864848837,engine
Algol,26,47.03561142337973,40.95518874669525,engine
Algol,27,47.035611244213136,40.955188844580924,engine
Algol,28,47.035611063912484,40.95518894214295,engine
Algol,29,47.035610882480555,40.955189039378936,engine
Algol,30,47.035610699920404,40.955189136286286,engine
Pleiades,-30,56.86619347242036,24.104036230684866,engine
Pleiades,-20,56.86619280445109,24.104037031674157,engine
Pleiades,-15,56.86619243028118,24.104037430053214,engine
Pleiades,-10,56.8661920294382,24.104037826730284,engine
Pleiades,-5,56.866191602025765,24.10403822148778,engine
Pleiades,-2,56.866191332872965,24.10403845733064,engine
Pleiades,-1,56.86619124104377,24.104038535765934,engine
Pleiades,0,56.866191148160496,24.10403861410888,engine
Pleiades,1,56.866191054224245,24.10403869235771,engine
Pleiades,2,56.866190959236086,24.104038770510773,engine
Pleiades,3,56.86619086319715,24.104038848566287,engine
Pleiades,4,56.86619076610855,24.10403892652257,engine
Pleiades,5,56.866190667971495,24.104039004377878,engine
Pleiades,6,56.866190568787,24.104039082130587,engine
Pleiades,7,56.86619046855649,24.104039159778846,engine
Pleiades,8,56.86619036728106,24.104039237321018,engine
Pleiades,9,56.86619026496195,24.104039314755397,engine
Pleiades,10,56.866190161600414,24.10403939208026,engine
Pleiades,11,56.86619005719773,24.104039469293927,engine
Pleiades,12,56.866189951755196,24.104039546394684,engine
Pleiades,13,56.866189845274114,24.104039623380835,engine
Pleiades,14,56.86618973775583,24.104039700250684,engine
Pleiades,15,56.866189629201706,24.104039777002548,engine
Pleiades,16,56.866189519613094,24.10403985363471,engine
Pleiades,17,56.866189408991325,24.10403993014556,engine
Pleiades,18,56.86618929733796,24.104040006533285,engine
Pleiades,19,56.86618918465436,24.10404008279627,engine
Pleiades,20,56.86618907094197,24.104040158932804,engine
Pleiades,21,56.86618895620227,24.104040234941234,engine
Pleiades,22,56.86618884043675,24.104040310819887,engine
Pleiades,23,56.866188723646935,24.10404038656706,engine
Pleiades,24,56.86618860583433,24.104040462181107,engine
Pleiades,25,56.866188487000514,24.10404053766035,engine
Pleiades,26,56.866188367147025,24.1040406130031,engine
Pleiades,27,56.86618824627549,24.104040688207725,engine
Pleiades,28,56.866188124387484,24.10404076327254,engine
Pleiades,29,56.86618800148458,24.10404083819595,engine
Pleiades,30,56.8661878775686,24.104040912976174,engine
Capella,-30,79.1681244284801,45.996852080857664,engine
Capella,-20,79.16812453308253,45.99685344851883,engine
Capella,-15,79.16812453377887,45.99685413896457,engine
Capella,-10,79.1681244998251,45.99685483331659,engine
Capella,-5,79.16812443105671,45.99685553119485,engine
Capella,-2,79.16812437302251,45.99685595145551,engine
Capella,-1,79.16812435087564,45.99685609177966,engine
Capella,0,79.168124327326,45.996856232217304,engine
Capella,1,79.16812430237255,45.99685637276541,engine
Capella,2,79.16812427601434,45.99685651342086,engine
Capella,3,79.16812424825044,45.99685665418061,engine
Capella,4,79.16812421907993,45.99685679504157,engine
Capella,5,79.16812418850192,45.99685693600067,engine
Capella,6,79.16812415651553,45.996857077054905,engine
Capella,7,79.16812412311997,45.996857218201036,engine
Capella,8,79.16812408831441,45.996857359436014,engine
Capella,9,79.16812405209808,45.99685750075681,engine
Capella,10,79.16812401447022,45.996857642160315,engine
Capella,11,79.1681239754301,45.99685778364343,engine
Capella,12,79.16812393497706,45.99685792520308,engine
Capella,13,79.16812389311038,45.99685806683616,engine
Capella,14,79.16812384982943,45.99685820853958,engine
Capella,15,79.1681238051336,45.99685835031024,engine
Capella,16,79.16812375902231,45.99685849214502,engine
Capella,17,79.16812371149494,45.99685863404096,engine
Capella,18,79.16812366255104,45.99685877599476,engine
Capella,19,79.16812361219007,45.996858918003404,engine
Capella,20,79.16812356041153,45.99685906006379,engine
Capella,21,79.16812350721497,45.9968592021728,engine
Capella,22,79.16812345259999,45.99685934432737,engine
Capella,23,79.16812339656617,45.99685948652436,engine
Capella,24,79.16812333911312,45.99685962876069,engine
Capella,25,79.16812328024052,45.99685977103323,engine
Capella,26,79.16812321994806,45.99685991333888,engine
Capella,27,79.16812315823543,45.996860055674546,engine
Capella,28,79.16812309510237,45.99686019803711,engine
Capella,29,79.1681230305486,45.99686034042355,engine
Capella,30,79.168122964574,45.99686048283059,engine
Sirius,-30,101.28185159537405,-16.72702613617406,engine
Sirius,-20,101.28185236480182,-16.727026480391206,engine
Sirius,-15,101.28185271847431,-16.727026658912223,engine
Sirius,-10,101.28185305101165,-16.72702684154082,engine
Sirius,-5,101.28185336209573,-16.72702702814902,engine
Sirius,-2,101.2818535383201,-16.72702714197018,engine
Sirius,-1,101.28185359530943,-16.727027180213653,engine
Sirius,0,101.28185365141871,-16.7270272186069,engine
Sirius,1,101.28185370664563,-16.72702725714888,engine
Sirius,2,101.28185376098784,-16.727027295838518,engine
Sirius,3,101.28185381444305,-16.727027334674748,engine
Sirius,4,101.28185386700895,-16.72702737365651,engine
Sirius,5,101.28185391868327,-16.72702741278272,engine
Sirius,6,101.28185396946377,-16.72702745205234,engine
Sirius,7,101.28185401934816,-16.727027491464245,engine
Sirius,8,101.28185406833421,-16.72702753101737,engine
Sirius,9,101.28185411641977,-16.727027570710636,engine
Sirius,10,101.28185416360257,-16.727027610542965,engine
Sirius,11,101.28185420988054,-16.727027650513264,engine
Sirius,12,101.28185425525142,-16.727027690620442,engine
Sirius,13,101.28185429971312,-16.727027730863416,engine
Sirius,14,101.28185434326352,-16.727027771241076,engine
Sirius,15,101.28185438590049,-16.727027811752322,engine
Sirius,16,101.28185442762197,-16.727027852396077,engine
Sirius,17,101.28185446842589,-16.72702789317125,engine
Sirius,18,101.28185450831016,-16.727027934076673,engine
Sirius,19,101.28185454727277,-16.72702797511128,engine
Sirius,20,101.28185458531172,-16.727028016273945,engine
Sirius,21,101.28185462242497,-16.727028057563572,engine
Sirius,22,101.28185465861057,-16.727028098979034,engine
Sirius,23,101.28185469386655,-16.72702814051922,engine
Sirius,24,101.28185472819096,-16.727028182183005,engine
Sirius,25,101.28185476158187,-16.727028223969267,engine
Sirius,26,101.28185479403737,-16.727028265876875,engine
Sirius,27,101.28185482555556,-16.727028307904718,engine
Sirius,28,101.2818548561346,-16.72702835005166,engine
Sirius,29,101.2818548857726,-16.72702839231658,engine
Sirius,30,101.28185491446774,-16.727028434698312,engine
Procyon,-30,114.82059245611372,5.217062840625003,engine
Procyon,-20,114.82059355352372,5.217063092762289,engine
Procyon,-15,114.82059407839492,5.217063221352286,engine
Procyon,-10,114.8205945868274,5.217063351579894,engine
Procyon,-5,114.8205950784189,5.217063483411732,engine
Procyon,-2,114.82059536512577,5.217063563266654,engine
Procyon,-1,114.82059545930137,5.21706359000927,engine
Procyon,0,114.82059555277516,5.217063616813574,engine
Procyon,1,114.82059564554407,5.217063643679282,engine
Procyon,2,114.82059573760505,5.217063670606114,engine
Procyon,3,114.82059582895509,5.217063697593783,engine
Procyon,4,114.82059591959114,5.217063724642003,engine
Procyon,5,114.82059600951021,5.2170637517504925,engine
Procyon,6,114.82059609870936,5.217063778918977,engine
Procyon,7,114.82059618718549,5.217063806147132,engine
Procyon,8,114.8205962749357,5.217063833434691,engine
Procyon,9,114.82059636195704,5.217063860781353,engine
Procyon,10,114.82059644824656,5.217063888186834,engine
Procyon,11,114.82059653380136,5.217063915650839,engine
Procyon,12,114.82059661861852,5.217063943173071,engine
Procyon,13,114.82059670269511,5.217063970753233,engine
Procyon,14,114.82059678602829,5.217063998391035,engine
Procyon,15,114.82059686861518,5.217064026086172,engine
Procyon,16,114.82059695045294,5.217064053838352,engine
Procyon,17,114.82059703153877,5.2170640816472895,engine
Procyon,18,114.82059711186973,5.217064109512647,engine
Procyon,19,114.82059719144308,5.217064137434139,engine
Procyon,20,114.82059727025603,5.217064165411463,engine
Procyon,21,114.82059734830578,5.217064193444316,engine
Procyon,22,114.8205974255896,5.217064221532395,engine
Procyon,23,114.82059750210468,5.217064249675388,engine
Procyon,24,114.82059757784832,5.217064277872992,engine
Procyon,25,114.82059765281778,5.217064306124896,engine
Procyon,26,114.82059772701041,5.217064334430791,engine
Procyon,27,114.82059780042343,5.21706436279037,engine
Procyon,28,114.82059787305425,5.217064391203316,engine
Procyon,29,114.8205979449002,5.21706441966934,engine
Procyon,30,114.82059801595855,5.217064448188086,engine
Alkaid,-30,206.89207401272304,49.312028928096844,engine
Alkaid,-20,206.89207610594028,49.31202814252507,engine
Alkaid,-15,206.89207719742498,49.312027766904116,engine
Alkaid,-10,206.89207831813897,49.31202740315352,engine
Alkaid,-5,206.892079467549,49.31202705158651,engine
Alkaid,-2,206.8920801707418,49.31202684662255,engine
Alkaid,-1,206.89208040737057,49.31202677931188,engine
Alkaid,0,206.89208064510743,49.31202671251051,engine
Alkaid,1,206.8920808839478,49.31202664622086,engine
Alkaid,2,206.8920811238872,49.3120265804453,engine
Alkaid,3,206.89208136492104,49.31202651518624,engine
Alkaid,4,206.8920816070447,49.31202645044598,engine
Alkaid,5,206.8920818502536,49.31202638622691,engine
Alkaid,6,206.89208209454327,49.31202632253134,engine
Alkaid,7,206.8920823399087,49.312026259361666,engine
Alkaid,8,206.8920825863454,49.31202619672018,engine
Alkaid,9,206.89208283384866,49.31202613460917,engine
Alkaid,10,206.8920830824138,49.312026073030985,engine
Alkaid,11,206.89208333203604,49.31202601198789,engine
Alkaid,12,206.89208358271063,49.312025951482156,engine
Alkaid,13,206.89208383443278,49.31202589151604,engine
Alkaid,14,206.89208408719776,49.31202583209186,engine
Alkaid,15,206.8920843410007,49.312025773211836,engine
Alkaid,16,206.89208459583676,49.31202571487821,engine
Alkaid,17,206.89208485170127,49.31202565709315,engine
Alkaid,18,206.89208510858901,49.312025599859,engine
Alkaid,19,206.89208536649525,49.31202554317789,engine
Alkaid,20,206.89208562541506,49.31202548705204,engine
Alkaid,21,206.89208588534356,49.31202543148362,engine
Alkaid,22,206.89208614627572,49.31202537647483,engine
Alkaid,23,206.89208640820664,49.3120253220278,engine
Alkaid,24,206.89208667113127,49.31202526814474,engine
Alkaid,25,206.89208693504463,49.31202521482776,engine
Alkaid,26,206.89208719994167,49.31202516207898,engine
Alkaid,27,206.89208746581735,49.31202510990055,engine
Alkaid,28,206.89208773266662,49.31202505829459,engine
Alkaid,29,206.89208800048453,49.31202500726314,engine
Alkaid,30,206.89208826926568,49.31202495680837,engine
Algorab,-30,187.46980750342172,-16.51875713029133,engine
Algorab,-20,187.46980924255305,-16.51875682991975,engine
Algorab,-15,187.46981013302715,-16.518756688644697,engine
Algorab,-10,187.46981103680338,-16.51875655341955,engine
Algorab,-5,187.46981195339634,-16.518756424322675,engine
Algorab,-2,187.4698125092997,-16.518756349837663,engine
Algorab,-1,187.46981269556832,-16.518756325508377,engine
Algorab,0,187.46981288231407,-16.518756301429594,engine
Algorab,1,187.46981306953293,-16.518756277601852,engine
Algorab,2,187.46981325722086,-16.51875625402575,engine
Algorab,3,187.46981344537392,-16.518756230701836,engine
Algorab,4,187.469813633988,-16.518756207630652,engine
Algorab,5,187.4698138230591,-16.518756184812784,engine
Algorab,6,187.46981401258333,-16.518756162248724,engine
Algorab,7,187.46981420255634,-16.518756139939065,engine
Algorab,8,187.46981439297423,-16.51875611788433,engine
Algorab,9,187.46981458383289,-16.51875609608504,engine
Algorab,10,187.4698147751283,-16.518756074541734,engine
Algorab,11,187.4698149668563,-16.518756053254922,engine
Algorab,12,187.46981515901285,-16.518756032225124,engine
Algorab,13,187.46981535159384,-16.518756011452865,engine
Algorab,14,187.46981554459512,-16.518755990938633,engine
Algorab,15,187.4698157380126,-16.518755970682935,engine
Algorab,16,187.4698159318422,-16.518755950686288,engine
Algorab,17,187.46981612607985,-16.518755930949133,engine
Algorab,18,187.46981632072112,-16.518755911472017,engine
Algorab,19,187.4698165157621,-16.518755892255395,engine
Algorab,20,187.4698167111985,-16.518755873299757,engine
Algorab,21,187.46981690702623,-16.518755854605548,engine
Algorab,22,187.46981710324113,-16.518755836173266,engine
Algorab,23,187.46981729983895,-16.51875581800335,engine
Algorab,24,187.4698174968156,-16.51875580009628,engine
Algorab,25,187.4698176941668,-16.51875578245248,engine
Algorab,26,187.46981789188837,-16.51875576507242,engine
Algorab,27,187.46981808997612,-16.51875574795654,engine
Algorab,28,187.4698182884258,-16.518755731105262,engine
Algorab,29,187.46981848723337,-16.51875571451902,engine
Algorab,30,187.46981868639426,-16.51875569819826,engine
Spica,-30,201.30329682072298,-11.163607211729886,engine
Spica,-20,201.30329831979554,-11.16360689138382,engine
Spica,-15,201.3032990967577,-11.163606736196325,engine
Spica,-10,201.30329989149266,-11.163606584433344,engine
Spica,-5,201.3033007036067,-11.163606436168394,engine
Spica,-2,201.30330119905,-11.163606348918465,engine
Spica,-1,201.3033013655407,-11.163606320123398,engine
Spica,0,201.30330153269742,-11.16360629147338,engine
Spica,1,201.30330170051678,-11.163606262968974,engine
Spica,2,201.30330186899553,-11.16360623461073,engine
Spica,3,201.30330203813028,-11.163606206399194,engine
Spica,4,201.30330220791774,-11.16360617833492,engine
Spica,5,201.30330237835454,-11.163606150418453,engine
Spica,6,201.30330254943735,-11.16360612265031,engine
Spica,7,201.30330272116265,-11.163606095031072,engine
Spica,8,201.30330289352713,-11.163606067561254,engine
Spica,9,201.30330306652735,-11.163606040241387,engine
Spica,10,201.3033032401599,-11.163606013072009,engine
Spica,11,201.30330341442135,-11.163605986053637,engine
Spica,12,201.30330358930829,-11.163605959186809,engine
Spica,13,201.3033037648172,-11.16360593247203,engine
Spica,14,201.3033039409447,-11.163605905909833,engine
Spica,15,201.30330411768722,-11.163605879500725,engine
Spica,16,201.3033042950413,-11.163605853245224,engine
Spica,17,201.30330447300358,-11.16360582714382,engine
Spica,18,201.30330465157027,-11.163605801197049,engine
Spica,19,201.303304830738,-11.163605775405411,engine
Spica,20,201.30330501050318,-11.163605749769399,engine
Spica,21,201.3033051908623,-11.163605724289509,engine
Spica,22,201.30330537181177,-11.16360569896624,engine
Spica,23,201.30330555334805,-11.163605673800076,engine
Spica,24,201.30330573546755,-11.163605648791522,engine
Spica,25,201.30330591816664,-11.163605623941052,engine
Spica,26,201.30330610144173,-11.163605599249149,engine
Spica,27,201.30330628528927,-11.163605574716298,engine
Spica,28,201.3033064697055,-11.163605550342973,engine
Spica,29,201.303306654687,-11.163605526129627,engine
Spica,30,201.30330684022985,-11.163605502076772,engine
Arcturus,-30,213.91368808491765,19.16799987553776,engine
Arcturus,-20,213.91368936320464,19.16799955838039,engine
Arcturus,-15,213.91369003602543,19.16799940596246,engine
Arcturus,-10,213.91369073089936,19.16799925785279,engine
Arcturus,-5,213.9136914475146,19.167999114199684,engine
Arcturus,-2,213.91369188778575,19.167999030207863,engine
Arcturus,-1,213.91369203624404,19.16799900258421,engine
Arcturus,0,213.9136921855485,19.167998975149292,engine
Arcturus,1,213.91369233569648,19.167998947904245,engine
Arcturus,2,213.9136924866852,19.167998920850206,engine
Arcturus,3,213.91369263851192,19.167998893988333,engine
Arcturus,4,213.913692791174,19.167998867319728,engine
Arcturus,5,213.91369294466858,19.16799884084555,engine
Arcturus,6,213.91369309899304,19.16799881456689,engine
Arcturus,7,213.9136932541444,19.167998788484912,engine
Arcturus,8,213.9136934101199,19.167998762600707,engine
Arcturus,9,213.91369356691675,19.1679987369154,engine
Arcturus,10,213.91369372453212,19.167998711430105,engine
Arcturus,11,213.91369388296314,19.16799868614593,engine
Arcturus,12,213.91369404220697,19.16799866106396,engine
Arcturus,13,213.91369420226067,19.16799863618531,engine
Arcturus,14,213.91369436312144,19.167998611511077,engine
Arcturus,15,213.91369452478625,19.167998587042348,engine
Arcturus,16,213.91369468725222,19.16799856278021,engine
Arcturus,17,213.91369485051652,19.167998538725733,engine
Arcturus,18,213.91369501457598,19.167998514880026,engine
Arcturus,19,213.9136951794277,19.167998491244138,engine
Arcturus,20,213.9136953450687,19.167998467819174,engine
Arcturus,21,213.91369551149597,19.16799844460617,engine
Arcturus,22,213.91369567870652,19.1679984216062,engine
Arcturus,23,213.91369584669727,19.16799839882033,engine
Arcturus,24,213.91369601546518,19.16799837624961,engine
Arcturus,25,213.9136961850072,19.167998353895086,engine
Arcturus,26,213.91369635532024,19.16799833175782,engine
Arcturus,27,213.9136965264012,19.167998309838833,engine
Arcturus,28,213.91369669824695,19.167998288139184,engine
Arcturus,29,213.91369687085452,19.16799826665988,engine
Arcturus,30,213.91369704422053,19.167998245401993,engine
Alphecca,-30,233.67814726480785,26.711372680337394,engine
Alphecca,-20,233.6781480513894,26.711372058061343,engine
Alphecca,-15,233.67814848536452,26.7113717500454,engine
Alphecca,-10,233.67814894629865,26.711371444427378,engine
Alphecca,-5,233.6781494340529,26.71137114144321,engine
Alphecca,-2,233.67814973951633,26.71137096101467,engine
Alphecca,-1,233.67814984346504,26.711370901110048,engine
Alphecca,0,233.6781499484752,26.711370841327632,engine
Alphecca,1,233.67815005454563,26.711370781669302,engine
Alphecca,2,233.6781501616748,26.71137072213692,engine
Alphecca,3,233.6781502698614,26.71137066273234,engine
Alphecca,4,233.67815037910398,26.711370603457404,engine
Alphecca,5,233.67815048940113,26.711370544313976,engine
Alphecca,6,233.6781506007514,26.711370485303867,engine
Alphecca,7,233.67815071315326,26.711370426428996,engine
Alphecca,8,233.6781508266052,26.711370367691185,engine
Alphecca,9,233.6781509411057,26.711370309092253,engine
Alphecca,10,233.67815105665332,26.71137025063406,engine
Alphecca,11,233.67815117324636,26.711370192318427,engine
Alphecca,12,233.67815129088336,26.71137013414721,engine
Alphecca,13,233.67815140956267,26.711370076122215,engine
Alphecca,14,233.67815152928262,26.711370018245276,engine
Alphecca,15,233.67815165004168,26.711369960518233,engine
Alphecca,16,233.67815177183815,26.7113699029429,engine
Alphecca,17,233.67815189467035,26.71136984552106,engine
Alphecca,18,233.6781520185365,26.71136978825461,engine
Alphecca,19,233.67815214343497,26.711369731145314,engine
Alphecca,20,233.678152269364,26.711369674194994,engine
Alphecca,21,233.6781523963218,26.711369617405456,engine
Alphecca,22,233.6781525243066,26.711369560778504,engine
Alphecca,23,233.67815265331666,26.711369504315947,engine
Alphecca,24,233.6781527833501,26.711369448019564,engine
Alphecca,25,233.67815291440513,26.71136939189117,engine
Alphecca,26,233.67815304647988,26.71136933593255,engine
Alphecca,27,233.6781531795724,26.711369280145494,engine
Alphecca,28,233.67815331368092,26.711369224531804,engine
Alphecca,29,233.67815344880356,26.711369169093178,engine
Alphecca,30,233.67815358493817,26.711369113831523,engine
Vega,-30,279.23866690062016,38.780811959966194,engine
Vega,-20,279.2386660310591,38.78081103146476,engine
Vega,-15,279.23866563539656,38.78081055401273,engine
Vega,-10,279.23866526632725,38.780810068134166,engine
Vega,-5,279.2386649242213,38.78080957411475,engine
Vega,-2,279.23866473204924,38.78080927391592,engine
Vega,-1,279.2386646701906,38.78080917323244,engine
Vega,0,279.23866460943583,38.78080907224431,engine
Vega,1,279.23866454978776,38.78080897095382,engine
Vega,2,279.238664491249,38.78080886936341,engine
Vega,3,279.2386644338222,38.78080876747541,engine
Vega,4,279.23866437750996,38.78080866529223,engine
Vega,5,279.23866432231506,38.78080856281619,engine
Vega,6,279.2386642682399,38.780808460049656,engine
Vega,7,279.2386642152874,38.78080835699517,engine
Vega,8,279.2386641634597,38.78080825365503,engine
Vega,9,279.23866411275964,38.78080815003165,engine
Vega,10,279.2386640631896,38.78080804612744,engine
Vega,11,279.2386640147522,38.780807941944836,engine
Vega,12,279.2386639674498,38.78080783748622,engine
Vega,13,279.23866392128485,38.78080773275404,engine
Vega,14,279.23866387625986,38.78080762775074,engine
Vega,15,279.2386638323772,38.780807522478746,engine
Vega,16,279.23866378963925,38.78080741694049,engine
Vega,17,279.2386637480483,38.78080731113836,engine
Vega,18,279.23866370760686,38.78080720507493,engine
Vega,19,279.23866366831714,38.780807098752604,engine
Vega,20,279.23866363018146,38.78080699217386,engine
Vega,21,279.2386635932021,38.78080688534113,engine
Vega,22,279.23866355738136,38.7808067782569,engine
Vega,23,279.2386635227214,38.78080667092367,engine
Vega,24,279.23866348922456,38.78080656334386,engine
Vega,25,279.2386634568928,38.78080645551999,engine
Vega,26,279.2386634257285,38.78080634745459,engine
Vega,27,279.2386633957336,38.7808062391501,engine
Vega,28,279.2386633669105,38.78080613060905,engine
Vega,29,279.23866333926105,38.78080602183386,engine
Vega,30,279.2386633127875,38.78080591282719,engine
Deneb Algedi,-30,326.7593452008769,-16.12975187514158,engine
Deneb Algedi,-20,326.7593434611989,-16.129751583022273,engine
Deneb Algedi,-15,326.75934259667576,-16.129751426836403,engine
Deneb Algedi,-10,326.75934173643793,-16.12975126393044,engine
Deneb Algedi,-5,326.7593408810389,-16.12975109433136,engine
Deneb Algedi,-2,326.75934037035154,-16.129750989371672,engine
Deneb Algedi,-1,326.7593402005742,-16.129750953853282,engine
Deneb Algedi,0,326.75934003103,-16.129750918069426,engine
Deneb Algedi,1,326.75933986172333,-16.12975088202038,engine
Deneb Algedi,2,326.7593396926586,-16.12975084570643,engine
Deneb Algedi,3,326.7593395238402,-16.129750809127852,engine
Deneb Algedi,4,326.7593393552724,-16.129750772284957,engine
Deneb Algedi,5,326.7593391869597,-16.12975073517804,engine
Deneb Algedi,6,326.7593390189063,-16.129750697807374,engine
Deneb Algedi,7,326.7593388511167,-16.129750660173308,engine
Deneb Algedi,8,326.7593386835952,-16.12975062227614,engine
Deneb Algedi,9,326.7593385163462,-16.129750584116195,engine
Deneb Algedi,10,326.7593383493739,-16.12975054569378,engine
Deneb Algedi,11,326.7593381826826,-16.12975050700923,engine
Deneb Algedi,12,326.75933801627684,-16.12975046806288,engine
Deneb Algedi,13,326.7593378501608,-16.129750428855072,engine
Deneb Algedi,14,326.75933768433885,-16.129750389386135,engine
Deneb Algedi,15,326.75933751881524,-16.12975034965644,engine
Deneb Algedi,16,326.7593373535943,-16.129750309666317,engine
Deneb Algedi,17,326.75933718868026,-16.1297502694161,engine
Deneb Algedi,18,326.7593370240775,-16.129750228906214,engine
Deneb Algedi,19,326.7593368597904,-16.129750188137006,engine
Deneb Algedi,20,326.7593366958231,-16.129750147108833,engine
Deneb Algedi,21,326.7593365321798,-16.12975010582209,engine
Deneb Algedi,22,326.759336368865,-16.12975006427714,engine
Deneb Algedi,23,326.75933620588273,-16.129750022474386,engine
Deneb Algedi,24,326.75933604323745,-16.129749980414214,engine
Deneb Algedi,25,326.75933588093324,-16.12974993809704,engine
Deneb Algedi,26,326.7593357189744,-16.129749895523233,engine
Deneb Algedi,27,326.7593355573652,-16.129749852693216,engine
Deneb Algedi,28,326.7593353961098,-16.129749809607407,engine
Deneb Algedi,29,326.7593352352124,-16.129749766266194,engine
Deneb Algedi,30,326.7593350746774,-16.12974972267005,engine
Rigel,-30,78.63103702553765,-8.204193302698716,engine
Rigel,-20,78.63103708023219,-8.204193430755119,engine
Rigel,-15,78.63103707127311,-8.204193496118858,engine
Rigel,-10,78.63103703794319,-8.204193562273542,engine
Rigel,-5,78.63103698013192,-8.20419362914411,engine
Rigel,-2,78.63103693365262,-8.204193669578718,engine
Rigel,-1,78.63103691618969,-8.20419368310534,engine
Rigel,0,78.6310368977407,-8.204193696655159,engine
Rigel,1,78.631036878305,-8.204193710227571,engine
Rigel,2,78.63103685788194,-8.20419372382197,engine
Rigel,3,78.63103683647091,-8.204193737437743,engine
Rigel,4,78.63103681407131,-8.20419375107429,engine
Rigel,5,78.63103679068256,-8.204193764730995,engine
Rigel,6,78.63103676630406,-8.204193778407264,engine
Rigel,7,78.63103674093531,-8.20419379210247,engine
Rigel,8,78.63103671457579,-8.204193805816006,engine
Rigel,9,78.63103668722496,-8.204193819547273,engine
Rigel,10,78.63103665888237,-8.204193833295653,engine
Rigel,11,78.6310366295475,-8.20419384706053,engine
Rigel,12,78.63103659921995,-8.20419386084131,engine
Rigel,13,78.63103656789927,-8.204193874637369,engine
Rigel,14,78.63103653558504,-8.204193888448096,engine
Rigel,15,78.63103650227688,-8.204193902272882,engine
Rigel,16,78.63103646797443,-8.204193916111118,engine
Rigel,17,78.63103643267728,-8.2041939299622,engine
Rigel,18,78.63103639638516,-8.204193943825492,engine
Rigel,19,78.63103635909772,-8.204193957700394,engine
Rigel,20,78.63103632081469,-8.204193971586296,engine
Rigel,21,78.63103628153576,-8.204193985482581,engine
Rigel,22,78.63103624126069,-8.20419399938863,engine
Rigel,23,78.63103619998924,-8.204194013303844,engine
Rigel,24,78.63103615772118,-8.204194027227599,engine
Rigel,25,78.63103611445632,-8.204194041159283,engine
Rigel,26,78.63103607019447,-8.204194055098277,engine
Rigel,27,78.63103602493547,-8.204194069043982,engine
Rigel,28,78.63103597867917,-8.204194082995764,engine
Rigel,29,78.63103593142542,-8.204194096953032,engine
Rigel,30,78.63103588317416,-8.204194110915148,engine
Betelgeuse,-30,88.79044359762545,7.405730739415935,engine
Betelgeuse,-20,88.7904439686131,7.405731091039513,engine
Betelgeuse,-15,88.7904441200247,7.405731268737708,engine
Betelgeuse,-10,88.7904442484264,7.405731447607591,engine
Betelgeuse,-5,88.79044435361553,7.405731627584116,engine
Betelgeuse,-2,88.79044440550686,7.405731736073906,engine
Betelgeuse,-1,88.79044442092474,7.405731772317982,engine
Betelgeuse,0,88.79044443540063,7.4057318086015895,engine
Betelgeuse,1,88.7904444489331,7.40573184492419,engine
Betelgeuse,2,88.79044446152078,7.405731881285255,engine
Betelgeuse,3,88.7904444731623,7.405731917684251,engine
Betelgeuse,4,88.79044448385629,7.405731954120644,engine
Betelgeuse,5,88.79044449360144,7.405731990593904,engine
Betelgeuse,6,88.79044450239643,7.405732027103521,engine
Betelgeuse,7,88.79044451023992,7.405732063648906,engine
Betelgeuse,8,88.7904445171307,7.405732100229555,engine
Betelgeuse,9,88.79044452306745,7.405732136844926,engine
Betelgeuse,10,88.79044452804897,7.405732173494483,engine
Betelgeuse,11,88.790444532074,7.405732210177692,engine
Betelgeuse,12,88.79044453514136,7.405732246894013,engine
Betelgeuse,13,88.79044453724985,7.405732283642904,engine
Betelgeuse,14,88.79044453839832,7.405732320423832,engine
Betelgeuse,15,88.79044453858559,7.405732357236248,engine
Betelgeuse,16,88.79044453781053,7.40573239407962,engine
Betelgeuse,17,88.79044453607204,7.405732430953427,engine
Betelgeuse,18,88.79044453336903,7.405732467857079,engine
Betelgeuse,19,88.79044452970041,7.405732504790058,engine
Betelgeuse,20,88.79044452506513,7.405732541751818,engine
Betelgeuse,21,88.79044451946213,7.40573257874182,engine
Betelgeuse,22,88.7904445128904,7.40573261575952,engine
Betelgeuse,23,88.79044450534896,7.405732652804369,engine
Betelgeuse,24,88.79044449683678,7.405732689875828,engine
Betelgeuse,25,88.79044448735294,7.405732726973344,engine
Betelgeuse,26,88.79044447689647,7.4057327640963795,engine
Betelgeuse,27,88.79044446546642,7.405732801244381,engine
Betelgeuse,28,88.79044445306192,7.405732838416798,engine
Betelgeuse,29,88.79044443968203,7.405732875613118,engine
Betelgeuse,30,88.79044442532594,7.405732912832739,engine
Polaris,-30,37.570920254208886,89.26480408914497,engine
Polaris,-20,37.57083220292258,89.26480546993587,engine
Polaris,-15,37.57078560877491,89.26480614345449,engine
Polaris,-10,37.57073732850385,89.26480680508475,engine
Polaris,-5,37.570687382760056,89.26480745435592,engine
Polaris,-2,37.57065662479014,89.26480783779253,engine
Polaris,-1,37.57064624143191,89.26480796456161,engine
Polaris,0,37.57063579302062,89.26480809080299,engine
Polaris,1,37.57062527973676,89.26480821651305,engine
Polaris,2,37.57061470176213,89.26480834168814,engine
Polaris,3,37.570604059279695,89.26480846632462,engine
Polaris,4,37.57059335247371,89.2648085904189,engine
Polaris,5,37.570582581529614,89.26480871396734,engine
Polaris,6,37.570571746626825,89.26480883696644,engine
Polaris,7,37.57056084796779,89.26480895941243,engine
Polaris,8,37.57054988573444,89.26480908130185,engine
Polaris,9,37.57053886011708,89.2648092026311,engine
Polaris,10,37.570527771307354,89.26480932339663,engine
Polaris,11,37.570516619497994,89.26480944359491,engine
Polaris,12,37.57050540488302,89.2648095632224,engine
Polaris,13,37.57049412765763,89.26480968227557,engine
Polaris,14,37.57048278801823,89.26480980075091,engine
Polaris,15,37.57047138616238,89.26480991864493,engine
Polaris,16,37.570459922288926,89.26481003595411,engine
Polaris,17,37.57044839659003,89.26481015267508,engine
Polaris,18,37.57043680928237,89.2648102688042,engine
Polaris,19,37.57042516056054,89.26481038433809,engine
Polaris,20,37.5704134506281,89.26481049927332,engine
Polaris,21,37.5704016796897,89.26481061360646,engine
Polaris,22,37.57038984795123,89.26481072733407,engine
Polaris,23,37.570377955619705,89.26481084045271,engine
Polaris,24,37.570366002903356,89.26481095295905,engine
Polaris,25,37.57035399001148,89.26481106484967,engine
Polaris,26,37.57034191715458,89.26481117612117,engine
Polaris,27,37.57032978454434,89.26481128677024,engine
Polaris,28,37.57031759239351,89.26481139679346,engine
Polaris,29,37.57030534090784,89.26481150618763,engine
Polaris,30,37.570293030318815,89.26481161494924,engine
Castor,-30,113.64747607164912,31.888450631733996,engine
Castor,-20,113.64747732733274,31.88845149385474,engine
Castor,-15,113.6474779265418,31.888451939614033,engine
Castor,-10,113.64747850602934,31.88845239491857,engine
Castor,-5,113.64747906533236,31.888452859572276,engine
Castor,-2,113.64747939103655,31.888453142768743,engine
Castor,-1,113.64747949793687,31.88845323789185,engine
Castor,0,113.64747960399743,31.888453333374347,engine
Castor,1,113.64747970921468,31.88845342921463,engine
Castor,2,113.64747981358518,31.888453525410945,engine
Castor,3,113.64747991710537,31.88845362196171,engine
Castor,4,113.64748001977186,31.888453718865232,engine
Castor,5,113.64748012158113,31.888453816119796,engine
Castor,6,113.64748022252986,31.88845391372381,engine
Castor,7,113.64748032261448,31.888454011675428,engine
Castor,8,113.64748042183165,31.88845410997303,engine
Castor,9,113.64748052017802,31.8884542086149,engine
Castor,10,113.64748061765017,31.888454307599332,engine
Castor,11,113.64748071424478,31.888454406924588,engine
Castor,12,113.64748080995851,31.888454506588953,engine
Castor,13,113.64748090478803,31.888454606590688,engine
Castor,14,113.64748099873006,31.888454706928055,engine
Castor,15,113.6474810917813,31.888454807599288,engine
Castor,16,113.64748118393851,31.888454908602675,engine
Castor,17,113.64748127519846,31.888455009936486,engine
Castor,18,113.64748136555781,31.88845511159883,engine
Castor,19,113.64748145501343,31.888455213588006,engine
Castor,20,113.6474815435621,31.888455315902245,engine
Castor,21,113.64748163120062,31.88845541853973,engine
Castor,22,113.64748171792588,31.888455521498706,engine
Castor,23,113.64748180373468,31.888455624777347,engine
Castor,24,113.64748188862394,31.88845572837387,engine
Castor,25,113.64748197259053,31.888455832286446,engine
Castor,26,113.64748205563131,31.888455936513274,engine
Castor,27,113.64748213774328,31.888456041052518,engine
Castor,28,113.64748221892336,31.88845614590238,engine
Castor,29,113.64748229916852,31.88845625106106,engine
Castor,30,113.64748237847569,31.88845635652659,engine
Altair,-30,297.6993702024995,8.867926039243507,engine
Altair,-20,297.6993690262368,8.867925962514041,engine
Altair,-15,297.6993684606507,8.867925919527364,engine
Altair,-10,297.69936791067187,8.86792587352667,engine
Altair,-5,297.69936737672333,8.867925824564237,engine
Altair,-2,297.69936706422214,8.86792579378742,engine
Altair,-1,297.69936696138615,8.867925783297876,engine
Altair,0,297.6993668592211,8.867925772693761,engine
Altair,1,297.69936675773016,8.867925761975526,engine
Altair,2,297.6993666569167,8.867925751143611,engine
Altair,3,297.69936655678384,8.867925740198475,engine
Altair,4,297.6993664573348,8.867925729140566,engine
Altair,5,297.6993663585728,8.86792571797033,engine
Altair,6,297.6993662605008,8.867925706688231,engine
Altair,7,297.6993661631223,8.867925695294726,engine
Altair,8,297.6993660664402,8.867925683790277,engine
Altair,9,297.6993659704578,8.867925672175348,engine
Altair,10,297.69936587517805,8.867925660450396,engine
Altair,11,297.6993657806042,8.867925648615898,engine
Altair,12,297.6993656867392,8.867925636672311,engine
Altair,13,297.69936559358626,8.867925624620113,engine
Altair,14,297.69936550114835,8.86792561245978,engine
Altair,15,297.6993654094286,8.867925600191777,engine
Altair,16,297.69936531843,8.867925587816591,engine
Altair,17,297.69936522815556,8.86792557533469,engine
Altair,18,297.6993651386083,8.867925562746569,engine
Altair,19,297.69936504979125,8.867925550052702,engine
Altair,20,297.6993649617074,8.867925537253578,engine
Altair,21,297.6993648743597,8.867925524349683,engine
Altair,22,297.69936478775094,8.86792551134151,engine
Altair,23,297.69936470188435,8.867925498229543,engine
Altair,24,297.6993646167627,8.867925485014279,engine
Altair,25,297.69936453238887,8.867925471696218,engine
Altair,26,297.6993644487658,8.867925458275845,engine
Altair,27,297.6993643658963,8.867925444753675,engine
Altair,28,297.6993642837835,8.867925431130196,engine
Altair,29,297.6993642024299,8.86792541740591,engine
Altair,30,297.69936412183847,8.867925403581337,engine
Bellatrix,-30,81.27947581001888,6.348089536568501,engine
Bellatrix,-20,81.2794759475251,6.348089860043094,engine
Bellatrix,-15,81.27947598057501,6.348090022886665,engine
Bellatrix,-10,81.2794759896244,6.348090186390449,engine
Bellatrix,-5,81.2794759745388,6.34809035049615,engine
Bellatrix,-2,81.27947595385102,6.348090449224092,engine
Bellatrix,-1,81.27947594501013,6.348090482174668,engine
Bellatrix,0,81.27947593519531,6.348090515145097,engine
Bellatrix,1,81.27947592440567,6.348090548134901,engine
Bellatrix,2,81.2794759126404,6.348090581143606,engine
Bellatrix,3,81.27947589989867,6.34809061417074,engine
Bellatrix,4,81.27947588617968,6.3480906472158365,engine
Bellatrix,5,81.27947587148269,6.348090680278412,engine
Bellatrix,6,81.27947585580688,6.348090713358025,engine
Bellatrix,7,81.27947583915156,6.348090746454148,engine
Bellatrix,8,81.27947582151599,6.3480907795663395,engine
Bellatrix,9,81.27947580289946,6.348090812694113,engine
Bellatrix,10,81.2794757833013,6.348090845837001,engine
Bellatrix,11,81.27947576272084,6.348090878994529,engine
Bellatrix,12,81.27947574115743,6.348090912166216,engine
Bellatrix,13,81.27947571861043,6.34809094535159,engine
Bellatrix,14,81.27947569507926,6.348090978550177,engine
Bellatrix,15,81.2794756705633,6.348091011761498,engine
Bellatrix,16,81.27947564506198,6.348091044985075,engine
Bellatrix,17,81.27947561857475,6.348091078220457,engine
Bellatrix,18,81.2794755911011,6.348091111467121,engine
Bellatrix,19,81.27947556264051,6.348091144724611,engine
Bellatrix,20,81.27947553319248,6.348091177992451,engine
Bellatrix,21,81.27947550275651,6.348091211270162,engine
Bellatrix,22,81.27947547133218,6.348091244557269,engine
Bellatrix,23,81.27947543891901,6.3480912778532925,engine
Bellatrix,24,81.2794754055166,6.348091311157755,engine
Bellatrix,25,81.27947537112456,6.34809134447018,engine
Bellatrix,26,81.2794753357425,6.348091377790081,engine
Bellatrix,27,81.27947529937005,6.3480914111169895,engine
Bellatrix,28,81.27947526200686,6.348091444450422,engine
Bellatrix,29,81.2794752236526,6.348091477789922,engine
Bellatrix,30,81.27947518430699,6.348091511134968,engine
