body,minute,ra,dec,source
Aldebaran,-30,68.97590986802503,16.50779866799662,engine
Aldebaran,-20,68.97590812601203,16.50779905898231,engine
Aldebaran,-15,68.97590723813883,16.507799244779783,engine
Aldebaran,-10,68.97590633971348,16.507799424027667,engine
Aldebaran,-5,68.97590543126117,16.507799596665414,engine
Aldebaran,-2,68.9759048815974,16.507799697051148,engine
Aldebaran,-1,68.97590469763632,16.50779972997758,engine
Aldebaran,0,68.97590451331247,16.507799762635557,engine
Aldebaran,1,68.97590432863014,16.507799795024646,engine
Aldebaran,2,68.97590414359362,16.507799827144435,engine
Aldebaran,3,68.97590395820724,16.50779985899451,engine
Aldebaran,4,68.97590377247529,16.507799890574464,engine
Aldebaran,5,68.9759035864021,16.50779992188389,engine
Aldebaran,6,68.97590339999185,16.50779995292241,engine
Aldebaran,7,68.97590321324917,16.50779998368959,engine
Aldebaran,8,68.97590302617826,16.507800014185086,engine
Aldebaran,9,68.97590283878343,16.507800044408487,engine
Aldebaran,10,68.97590265106906,16.50780007435942,engine
Aldebaran,11,68.9759024630395,16.507800104037525,engine
Aldebaran,12,68.97590227469911,16.507800133442426,engine
Aldebaran,13,68.97590208605229,16.507800162573773,engine
Aldebaran,14,68.97590189710338,16.507800191431187,engine
Aldebaran,15,68.97590170785676,16.50780022001434,engine
Aldebaran,16,68.97590151831686,16.507800248322884,engine
Aldebaran,17,68.97590132848791,16.50780027635649,engine
Aldebaran,18,68.97590113837455,16.50780030411478,engine
Aldebaran,19,68.9759009479811,16.507800331597455,engine
Aldebaran,20,68.97590075731196,16.507800358804186,engine
Aldebaran,21,68.97590056637151,16.507800385734654,engine
Aldebaran,22,68.97590037516419,16.50780041238854,engine
Aldebaran,23,68.97590018369443,16.50780043876554,engine
Aldebaran,24,68.97589999196666,16.50780046486536,engine
Aldebaran,25,68.97589979998531,16.507800490687682,engine
Aldebaran,26,68.97589960775481,16.50780051623223,engine
Aldebaran,27,68.97589941527963,16.507800541498714,engine
Aldebaran,28,68.9758992225642,16.507800566486846,engine
Aldebaran,29,68.97589902961288,16.507800591196357,engine
Aldebaran,30,68.9758988364303,16.507800615626973,engine
Antares,-30,247.35673387233913,-26.433077226128958,engine
Antares,-20,247.35673575641155,-26.43307678376862,engine
Antares,-15,247.35673671542847,-26.433076577936564,engine
Antares,-10,247.35673768501522,-26.433076382463604,engine
Antares,-5,247.35673866460277,-26.433076197438762,engine
Antares,-2,247.35673925691685,-26.43307609147416,engine
Antares,-1,247.35673945508745,-26.43307605699823,engine
Antares,0,247.35673965361664,-26.43307602294615,engine
Antares,1,247.35673985249977,-26.43307598931853,engine
Antares,2,247.35674005173223,-26.43307595611599,engine
Antares,3,247.35674025130922,-26.43307592333912,engine
Antares,4,247.35674045122622,-26.433075890988523,engine
Antares,5,247.35674065147853,-26.433075859064772,engine
Antares,6,247.35674085206156,-26.433075827568405,engine
Antares,7,247.35674105297042,-26.43307579650006,engine
Antares,8,247.3567412542005,-26.43307576586027,engine
Antares,9,247.35674145574717,-26.43307573564957,engine
Antares,10,247.35674165760568,-26.43307570586851,engine
Antares,11,247.3567418597713,-26.433075676517642,engine
Antares,12,247.35674206223936,-26.433075647597466,engine
Antares,13,247.35674226500515,-26.43307561910851,engine
Antares,14,247.35674246806394,-26.43307559105128,engine
Antares,15,247.35674267141096,-26.433075563426286,engine
Antares,16,247.3567428750415,-26.433075536234018,engine
Antares,17,247.35674307895098,-26.433075509474936,engine
Antares,18,247.35674328313436,-26.433075483149548,engine
Antares,19,247.35674348758704,-26.433075457258322,engine
Antares,20,247.3567436923042,-26.433075431801708,engine
Antares,21,247.35674389728115,-26.433075406780148,engine
Antares,22,247.35674410251312,-26.4330753821941,engine
Antares,23,247.35674430799534,-26.433075358044004,engine
Antares,24,247.35674451372296,-26.43307533433026,engine
Antares,25,247.35674471969128,-26.433075311053315,engine
Antares,26,247.35674492589547,-26.43307528821356,engine
Antares,27,247.3567451323308,-26.433075265811386,engine
Antares,28,247.3567453389924,-26.433075243847224,engine
Antares,29,247.3567455458756,-26.433075222321413,engine
Antares,30,247.35674575297543,-26.433075201234363,engine
Ceres,-30,115.60150662661842,25.87161786330509,engine
Ceres,-20,115.60487338514717,25.871254100221154,engine
Ceres,-15,115.60655682108396,25.8710720702206,engine
Ceres,-10,115.60824030062756,25.870889941765856,engine
Ceres,-5,115.6099238287071,25.87070771522291,engine
Ceres,-2,115.61093397061593,25.870598332425576,engine
Ceres,-1,115.61127068892989,25.87056186370292,engine
Ceres,0,115.61160740959713,25.87052539108953,engine
Ceres,1,115.61194413247233,25.87048891459278,engine
Ceres,2,115.61228085777292,25.870452434213476,engine
Ceres,3,115.6126175853535,25.8704159499591,engine
Ceres,4,115.61295431543137,25.870379461830584,engine
Ceres,5,115.61329104786101,25.870342969835512,engine
Ceres,6,115.61362778308546,25.87030647395049,engine
Ceres,7,115.61396452050752,25.870269974232162,engine
Ceres,8,115.61430126047944,25.87023347065892,engine
Ceres,9,115.61463800312755,25.87019696323361,engine
Ceres,10,115.61497474830618,25.870160451964175,engine
Ceres,11,115.61531149623222,25.87012393685196,engine
Ceres,12,115.61564824675987,25.870087417904987,engine
Ceres,13,115.61598500010601,25.87005089512475,engine
Ceres,14,115.61632175612465,25.870014368519403,engine
Ceres,15,115.61665851503257,25.86997783809052,engine
Ceres,16,115.61699527668367,25.869941303846407,engine
Ceres,17,115.61733204142979,25.869904765765916,engine
Ceres,18,115.6176688089452,25.86986822390148,engine
Ceres,19,115.61800557930943,25.86983167823707,engine
Ceres,20,115.618342352739,25.869795128774577,engine
Ceres,21,115.61867912908755,25.869758575522578,engine
Ceres,22,115.61901590848078,25.869722018484733,engine
Ceres,23,115.6193526910443,25.86968545766481,engine
Ceres,24,115.61968947663156,25.86964889307152,engine
Ceres,25,115.6200262654588,25.86961232470709,engine
Ceres,26,115.62036305737934,25.86957575258038,engine
Ceres,27,115.62069985251857,25.869539176695373,engine
Ceres,28,115.62103665100177,25.86950259705609,engine
Ceres,29,115.621373452908,25.869466013647052,engine
Ceres,30,115.62171025791075,25.869429426521467,engine
Chiron,-30,14.043823502900576,8.126782952514324,engine
Chiron,-20,14.043882760602719,8.126811897078497,engine
Chiron,-15,14.043912442034689,8.12682636261823,engine
Chiron,-10,14.043942158618187,8.126840823847221,engine
Chiron,-5,14.043971910403032,8.126855280907229,engine
Chiron,-2,14.04398977837916,8.126863953198404,engine
Chiron,-1,14.043995737187984,8.12686684364438,engine
Chiron,0,14.044001697405932,8.12686973393354,engine
Chiron,1,14.04400765903296,8.126872624067001,engine
Chiron,2,14.044013622069,8.126875514045873,engine
Chiron,3,14.044019586513928,8.126878403871272,engine
Chiron,4,14.044025552371906,8.126881293545527,engine
Chiron,5,14.044031519634148,8.126884183067311,engine
Chiron,6,14.044037488308746,8.12688707244091,engine
Chiron,7,14.044043458387437,8.126889961663537,engine
Chiron,8,14.044049429873958,8.126892850738265,engine
Chiron,9,14.044055402772296,8.126895739667411,engine
Chiron,10,14.044061377073474,8.126898628449661,engine
Chiron,11,14.044067352781415,8.126901517087337,engine
Chiron,12,14.044073329895713,8.126904405581557,engine
Chiron,13,14.04407930842021,8.126907293934645,engine
Chiron,14,14.044085288345801,8.126910182145277,engine
Chiron,15,14.044091269676278,8.126913070215789,engine
Chiron,16,14.044097252411081,8.126915958147285,engine
Chiron,17,14.044103236557936,8.126918845944033,engine
Chiron,18,14.044109222099591,8.126921733600831,engine
Chiron,19,14.044115209043683,8.126924621121942,engine
Chiron,20,14.044121197389542,8.126927508508485,engine
Chiron,21,14.044127187140727,8.126930395762775,engine
Chiron,22,14.044133178287868,8.126933282883488,engine
Chiron,23,14.044139170834482,8.126936169872948,engine
Chiron,24,14.044145164779748,8.126939056732272,engine
Chiron,25,14.04415116012707,8.12694194346377,engine
Chiron,26,14.04415715686698,8.126944830066124,engine
Chiron,27,14.044163155002831,8.126947716541649,engine
Chiron,28,14.044169154537963,8.12695060289267,engine
Chiron,29,14.044175155466792,8.12695348911979,engine
Chiron,30,14.044181157784529,8.126956375221464,engine
Eris,-30,26.9706135649004,-0.8956251038135207,tno-rate
Eris,-20,26.9706135649004,-0.8956251038135207,tno-rate
Eris,-15,26.9706135649004,-0.8956251038135207,tno-rate
Eris,-10,26.9706135649004,-0.8956251038135207,tno-rate
Eris,-5,26.9706135649004,-0.8956251038135207,tno-rate
Eris,-2,26.9706135649004,-0.8956251038135207,tno-rate
Eris,-1,26.9706135649004,-0.8956251038135207,tno-rate
Eris,0,26.9706135649004,-0.8956251038135207,tno-rate
Eris,1,26.9706135649004,-0.8956251038135207,tno-rate
Eris,2,26.9706135649004,-0.8956251038135207,tno-rate
Eris,3,26.9706135649004,-0.8956251038135207,tno-rate
Eris,4,26.9706135649004,-0.8956251038135207,tno-rate
Eris,5,26.9706135649004,-0.8956251038135207,tno-rate
Eris,6,26.9706135649004,-0.8956251038135207,tno-rate
Eris,7,26.9706135649004,-0.8956251038135207,tno-rate
Eris,8,26.9706135649004,-0.8956251038135207,tno-rate
Eris,9,26.9706135649004,-0.8956251038135207,tno-rate
Eris,10,26.9706135649004,-0.8956251038135207,tno-rate
Eris,11,26.9706135649004,-0.8956251038135207,tno-rate
Eris,12,26.9706135649004,-0.8956251038135207,tno-rate
Eris,13,26.9706135649004,-0.8956251038135207,tno-rate
Eris,14,26.9706135649004,-0.8956251038135207,tno-rate
Eris,15,26.9706135649004,-0.8956251038135207,tno-rate
Eris,16,26.9706135649004,-0.8956251038135207,tno-rate
Eris,17,26.9706135649004,-0.8956251038135207,tno-rate
Eris,18,26.9706135649004,-0.8956251038135207,tno-rate
Eris,19,26.9706135649004,-0.8956251038135207,tno-rate
Eris,20,26.9706135649004,-0.8956251038135207,tno-rate
Eris,21,26.9706135649004,-0.8956251038135207,tno-rate
Eris,22,26.9706135649004,-0.8956251038135207,tno-rate
Eris,23,26.9706135649004,-0.8956251038135207,tno-rate
Eris,24,26.9706135649004,-0.8956251038135207,tno-rate
Eris,25,26.9706135649004,-0.8956251038135207,tno-rate
Eris,26,26.9706135649004,-0.8956251038135207,tno-rate
Eris,27,26.9706135649004,-0.8956251038135207,tno-rate
Eris,28,26.9706135649004,-0.8956251038135207,tno-rate
Eris,29,26.9706135649004,-0.8956251038135207,tno-rate
Eris,30,26.9706135649004,-0.8956251038135207,tno-rate
Fomalhaut,-30,344.4182853329579,-29.620374006995622,engine
Fomalhaut,-20,344.4182845270736,-29.62037299772923,engine
Fomalhaut,-15,344.41828416119404,-29.62037248360583,engine
Fomalhaut,-10,344.4182838204463,-29.620371963466887,engine
Fomalhaut,-5,344.41828350513254,-29.620371437549345,engine
Fomalhaut,-2,344.418283328274,-29.62037111932478,engine
Fomalhaut,-1,344.4182832713897,-29.62037101281585,engine
Fomalhaut,0,344.4182832155433,-29.620370906093093,engine
Fomalhaut,1,344.4182831607371,-29.62037079915848,engine
Fomalhaut,2,344.4182831069731,-29.62037069201397,engine
Fomalhaut,3,344.4182830542536,-29.620370584661497,engine
Fomalhaut,4,344.41828300258067,-29.620370477103027,engine
Fomalhaut,5,344.4182829519564,-29.620370369340534,engine
Fomalhaut,6,344.4182829023828,-29.62037026137591,engine
Fomalhaut,7,344.4182828538622,-29.620370153211265,engine
Fomalhaut,8,344.4182828063963,-29.620370044848514,engine
Fomalhaut,9,344.41828275998733,-29.620369936289638,engine
Fomalhaut,10,344.41828271463726,-29.62036982753659,engine
Fomalhaut,11,344.4182826703481,-29.620369718591395,engine
Fomalhaut,12,344.4182826271217,-29.620369609456016,engine
Fomalhaut,13,344.41828258496014,-29.62036950013247,engine
Fomalhaut,14,344.4182825438652,-29.620369390622727,engine
Fomalhaut,15,344.4182825038389,-29.620369280928813,engine
Fomalhaut,16,344.41828246488313,-29.62036917105273,engine
Fomalhaut,17,344.4182824269996,-29.620369060996396,engine
Fomalhaut,18,344.4182823901903,-29.620368950761996,engine
Fomalhaut,19,344.418282354457,-29.620368840351446,engine
Fomalhaut,20,344.4182823198015,-29.620368729766795,engine
Fomalhaut,21,344.4182822862256,-29.620368619010037,engine
Fomalhaut,22,344.418282253731,-29.6203685080832,engine
Fomalhaut,23,344.4182822223195,-29.62036839698832,engine
Fomalhaut,24,344.4182821919928,-29.620368285727427,engine
Fomalhaut,25,344.4182821627525,-29.620368174302566,engine
Fomalhaut,26,344.41828213460036,-29.620368062715748,engine
Fomalhaut,27,344.4182821075381,-29.620367950969055,engine
Fomalhaut,28,344.41828208156727,-29.6203678390645,engine
Fomalhaut,29,344.41828205668946,-29.620367727004062,engine
Fomalhaut,30,344.4182820329063,-29.620367614789952,engine
Juno,-30,348.5809388502407,1.9837974928049762,engine
Juno,-20,348.5817298543523,1.9838956425543945,engine
Juno,-15,348.5821256162242,1.9839446782610404,engine
Juno,-10,348.58252154256337,1.9839936880512157,engine
Juno,-5,348.58291762719034,1.9840426721430497,engine
Juno,-2,348.5831553512622,1.9840720503439504,engine
Juno,-1,348.58323460450777,1.9840818410415004,engine
Juno,0,348.5833138636087,1.9840916307232481,engine
Juno,1,348.58339312851143,1.9841014193905295,engine
Juno,2,348.5834723991625,1.9841112070446734,engine
Juno,3,348.58355167550775,1.9841209936869852,engine
Juno,4,348.5836309574935,1.984130779318789,engine
Juno,5,348.58371024506545,1.984140563941378,engine
Juno,6,348.58378953822245,1.984150347562591,engine
Juno,7,348.5838688368039,1.984160130170604,engine
Juno,8,348.583948140651,1.9841699117474543,engine
Juno,9,348.58402745002354,1.9841796923459885,engine
Juno,10,348.5841067647094,1.9841894719416737,engine
Juno,11,348.5841860846535,1.9841992505357564,engine
Juno,12,348.5842654098007,1.984209028129481,engine
Juno,13,348.58434474009573,1.9842188047240623,engine
Juno,14,348.584424075483,1.9842285803207338,engine
Juno,15,348.58450341590697,1.9842383549207054,engine
Juno,16,348.5845827613118,1.9842481285251812,engine
Juno,17,348.5846621116949,1.984257901141902,engine
Juno,18,348.5847414668938,1.9842676727589457,engine
Juno,19,348.5848208269054,1.9842774433840564,engine
Juno,20,348.5849001916735,1.9842872130183882,engine
Juno,21,348.5849795611418,1.9842969816631066,engine
Juno,22,348.58505893525336,1.9843067493193576,engine
Juno,23,348.58513831395163,1.9843165159882774,engine
Juno,24,348.5852176973371,1.984326281696811,engine
Juno,25,348.5852970850382,1.984336046394469,engine
Juno,26,348.5853764771549,1.9843458101081686,engine
Juno,27,348.58545587363017,1.9843555728390172,engine
Juno,28,348.58553527440654,1.9843653345881072,engine
Juno,29,348.58561467947965,1.9843750953630614,engine
Juno,30,348.5856940886856,1.984384855151882,engine
Jupiter,-30,7.6340088311418635,1.8489951649835623,engine
Jupiter,-20,7.634438620062457,1.849140160422475,engine
Jupiter,-15,7.634653664934552,1.8492126398664483,engine
Jupiter,-10,7.634868808081323,1.84928510724049,engine
Jupiter,-5,7.635084048020758,1.8493575626619512,engine
Jupiter,-2,7.635213237725641,1.8494010301970172,engine
Jupiter,-1,7.635256308512412,1.8494155184297152,engine
Jupiter,0,7.635299383093198,1.8494300062081261,engine
Jupiter,1,7.635342461373736,1.849444493498458,engine
Jupiter,2,7.635385543380833,1.849458980318756,engine
Jupiter,3,7.635428629100749,1.8494734666697674,engine
Jupiter,4,7.635471718519757,1.8494879525522496,engine
Jupiter,5,7.635514811664293,1.8495024379842235,engine
Jupiter,6,7.635557908468517,1.8495169229416002,engine
Jupiter,7,7.635601008900971,1.8495314074229923,engine
Jupiter,8,7.635644112976354,1.8495458914388496,engine
Jupiter,9,7.635687220680381,1.8495603749899039,engine
Jupiter,10,7.635730332039108,1.8495748580941829,engine
Jupiter,11,7.635773446957265,1.8495893407178685,engine
Jupiter,12,7.635816565460736,1.8496038228789877,engine
Jupiter,13,7.6358596875348494,1.8496183045782615,engine
Jupiter,14,7.6359028132052025,1.8496327858336898,engine
Jupiter,15,7.635945942376274,1.8496472666114752,engine
Jupiter,16,7.635989075073449,1.8496617469295988,engine
Jupiter,17,7.636032211310689,1.8496762267985163,engine
Jupiter,18,7.6360753510553785,1.8496907062167829,engine
Jupiter,19,7.63611849424048,1.8497051851602968,engine
Jupiter,20,7.636161640891107,1.8497196636470528,engine
Jupiter,21,7.636204791032224,1.849734141695031,engine
Jupiter,22,7.63624794456756,1.849748619270398,engine
Jupiter,23,7.636291101521981,1.8497630963911507,engine
Jupiter,24,7.636334261879796,1.8497775730579826,engine
Jupiter,25,7.636377425665649,1.8497920492888904,engine
Jupiter,26,7.6364205927829225,1.8498065250500249,engine
Jupiter,27,7.636463763256058,1.8498210003593527,engine
Jupiter,28,7.636506937109434,1.8498354752348585,engine
Jupiter,29,7.636550114275116,1.8498499496523986,engine
Jupiter,30,7.636593294719373,1.8498644236105217,engine
Ketu,-30,228.20276208490947,-17.909200679268427,engine
Ketu,-20,228.20286509197288,-17.90922762410988,engine
Ketu,-15,228.20291654453536,-17.90924108317354,engine
Ketu,-10,228.20296796210695,-17.909254533067937,engine
Ketu,-5,228.20301934394516,-17.909267973598872,engine
Ketu,-2,228.20305015558284,-17.909276033341037,engine
Ketu,-1,228.20306042318666,-17.909278719150876,engine
Ketu,0,228.20307068930023,-17.90928140457023,engine
Ketu,1,228.2030809539244,-17.909284089599343,engine
Ketu,2,228.20309121706038,-17.909286774238517,engine
Ketu,3,228.2031014786879,-17.909289458482462,engine
Ketu,4,228.2031117388083,-17.909292142331527,engine
Ketu,5,228.20312199742222,-17.909294825785867,engine
Ketu,6,228.20313225451685,-17.909297508842148,engine
Ketu,7,228.2031425100791,-17.90930019149693,engine
Ketu,8,228.20315276411708,-17.90930287375235,engine
Ketu,9,228.2031630166111,-17.909305555603243,engine
Ketu,10,228.20317326756137,-17.90930823704968,engine
Ketu,11,228.20318351696932,-17.90931091809201,engine
Ketu,12,228.20319376481524,-17.909313598725113,engine
Ketu,13,228.20320401109987,-17.90931627894917,engine
Ketu,14,228.20321425582392,-17.909318958764334,engine
Ketu,15,228.20322449896798,-17.909321638165583,engine
Ketu,16,228.2032347405327,-17.90932431715304,engine
Ketu,17,228.20324498052582,-17.909326995728744,engine
Ketu,18,228.2032552189137,-17.909329673883917,engine
Ketu,19,228.2032654557046,-17.909332351620694,engine
Ketu,20,228.20327569089886,-17.909335028939175,engine
Ketu,21,228.20328592447703,-17.90933770583425,engine
Ketu,22,228.20329615644002,-17.909340382306212,engine
Ketu,23,228.20330638678837,-17.909343058355145,engine
Ketu,24,228.20331661550273,-17.909345733976014,engine
Ketu,25,228.2033268425838,-17.909348409169013,engine
Ketu,26,228.20333706803234,-17.909351083934315,engine
Ketu,27,228.20334729182878,-17.909353758266814,engine
Ketu,28,228.2033575139739,-17.909356432166724,engine
Ketu,29,228.20336773447548,-17.909359105636046,engine
Ketu,30,228.2033779533,-17.909361778666053,engine
Mars,-30,30.464166905003385,10.474304771721854,engine
Mars,-20,30.46877851244852,10.475966691314197,engine
Mars,-15,30.471085125689374,10.476797641740816,engine
Mars,-10,30.473392274837288,10.477628588523668,engine
Mars,-5,30.475699958300595,10.478459534203207,engine
Mars,-2,30.47708482318036,10.478958101787235,engine
Mars,-1,30.477546487095356,10.479124291097785,engine
Mars,0,30.47800817235851,10.47929048059784,engine
Mars,1,30.47846987852172,10.479456670127156,engine
Mars,2,30.47893160576958,10.479622859791176,engine
Mars,3,30.47939335428638,10.479789049695384,engine
Mars,4,30.47985512362275,10.479955239679455,engine
Mars,5,30.480316913962152,10.48012142984879,engine
Mars,6,30.480778725797276,10.480287620420219,engine
Mars,7,30.481240558058246,10.480453811010486,engine
Mars,8,30.48170241123684,10.480620001836368,engine
Mars,9,30.482164285515015,10.480786193003183,engine
Mars,10,30.482626180440903,10.480952384350495,engine
Mars,11,30.483088096195516,10.481118575983567,engine
Mars,12,30.483550032959513,10.48128476800767,engine
Mars,13,30.48401199027983,10.481450960262281,engine
Mars,14,30.484473968547405,10.481617152941183,engine
Mars,15,30.48493596730837,10.481783345883791,engine
Mars,16,30.48539798674176,10.481949539195282,engine
Mars,17,30.48586002733603,10.482115733092241,engine
Mars,18,30.486322088016447,10.48228192719111,engine
Mars,19,30.48678416927075,10.482448121708451,engine
Mars,20,30.4872462712763,10.48261431674929,engine
Mars,21,30.487708393576856,10.482780512152912,engine
Mars,22,30.488170536349088,10.48294670802433,engine
Mars,23,30.48863269976922,10.483112904468548,engine
Mars,24,30.489094883379806,10.483279101324696,engine
Mars,25,30.489557087567423,10.483445298786332,engine
Mars,26,30.490019311873773,10.483611496692582,engine
Mars,27,30.490481556473636,10.483777695148317,engine
Mars,28,30.490943821541187,10.4839438942584,engine
Mars,29,30.491406106927002,10.484110093973278,engine
Mars,30,30.491868412395835,10.484276294263493,engine
Mercury,-30,96.94370454689113,23.709743247770945,engine
Mercury,-20,96.95941557306737,23.710253869012305,engine
Mercury,-15,96.96727217904885,23.71050815493731,engine
Mercury,-10,96.97512952588725,23.710761761194796,engine
Mercury,-5,96.98298762573653,23.711014690588044,engine
Mercury,-2,96.98770284993495,23.711166124450735,engine
Mercury,-1,96.98927465309399,23.711216548619614,engine
Mercury,0,96.99084648636637,23.71126694586614,engine
Mercury,1,96.99241835117256,23.71131731631634,engine
Mercury,2,96.99399024624599,23.711367659891184,engine
Mercury,3,96.99556217300648,23.71141797671693,engine
Mercury,4,96.99713413018686,23.71146826671485,engine
Mercury,5,96.99870611853481,23.711518529960145,engine
Mercury,6,97.00027813985184,23.711568766561793,engine
Mercury,7,97.00185019076144,23.71161897637412,engine
Mercury,8,97.00342227373635,23.711669159557594,engine
Mercury,9,97.00499438750781,23.711719316034173,engine
Mercury,10,97.00656653349381,23.711769445930866,engine
Mercury,11,97.00813871042492,23.711819549169924,engine
Mercury,12,97.00971091971856,23.711869625878524,engine
Mercury,13,97.0112831601047,23.711919675979207,engine
Mercury,14,97.01285543300028,23.711969699599397,engine
Mercury,15,97.0144277371345,23.71201969666187,engine
Mercury,16,97.0160000739237,23.71206966729422,engine
Mercury,17,97.01757244315098,23.712119611453073,engine
Mercury,18,97.01914484412325,23.712169529199187,engine
Mercury,19,97.02071727662286,23.71221942048945,engine
Mercury,20,97.02228974206497,23.712269285451843,engine
Mercury,21,97.02386223917692,23.71231912401003,engine
Mercury,22,97.0254347693733,23.71236893629218,engine
Mercury,23,97.02700733138073,23.712418722222196,engine
Mercury,24,97.02857992661319,23.71246848192846,engine
Mercury,25,97.03015255379665,23.712518215335184,engine
Mercury,26,97.03172521434458,23.712567922570894,engine
Mercury,27,97.03329790698213,23.712617603560062,engine
Mercury,28,97.03487063312217,23.712667258431438,engine
Mercury,29,97.03644339254399,23.712716887143028,engine
Mercury,30,97.03801618455043,23.712766489757175,engine
Moon,-30,213.32290887734155,-12.469222477514489,engine
Moon,-20,213.40792957998937,-12.514030712725082,engine
Moon,-15,213.45006875753256,-12.53642659456706,engine
Moon,-10,213.49196147211217,-12.558815312037305,engine
Moon,-5,213.53360880409704,-12.581195667772446,engine
Moon,-2,213.55847983080864,-12.59461933992864,engine
Moon,-1,213.56675062038607,-12.599093066632589,engine
Moon,0,213.57501173571998,-12.603566388185602,engine
Moon,1,213.58326305714309,-12.608039254235216,engine
Moon,2,213.59150472409533,-12.6125116951111,engine
Moon,3,213.59973668201263,-12.616983680614355,engine
Moon,4,213.60795887637946,-12.621455180491335,engine
Moon,5,213.6161714473714,-12.625926225127438,engine
Moon,6,213.62437428148863,-12.63039676703598,engine
Moon,7,213.63256750837618,-12.634866830643254,engine
Moon,8,213.6407510148219,-12.639336368406124,engine
Moon,9,213.64892494194333,-12.6438054107857,engine
Moon,10,213.65708917127475,-12.648273907191706,engine
Moon,11,213.66524384444728,-12.652741888120115,engine
Moon,12,213.67338884323846,-12.657209302935959,engine
Moon,13,213.68152430975007,-12.661676182171222,engine
Moon,14,213.6896501260393,-12.666142475133231,engine
Moon,15,213.69776643469135,-12.670608212411173,engine
Moon,16,213.70587311802146,-12.6750733432569,engine
Moon,17,213.71397032451532,-12.679537901286162,engine
Moon,18,213.72205792589742,-12.684001829714905,engine
Moon,19,213.73013607112037,-12.688465162207338,engine
Moon,20,213.73820464305902,-12.692927847927677,engine
Moon,21,213.7462637856987,-12.697389917580926,engine
Moon,22,213.75431338217288,-12.701851320269839,engine
Moon,23,213.76235357695865,-12.706312086761972,engine
Moon,24,213.77038425342622,-12.710772166116662,engine
Moon,25,213.77840555653384,-12.715231589132017,engine
Moon,26,213.78641736991585,-12.719690304824894,engine
Moon,27,213.79441983902618,-12.72414834404585,engine
Moon,28,213.80241284774846,-12.728605655765163,engine
Moon,29,213.81039654734337,-12.733062273862798,engine
Moon,30,213.81837081125784,-12.737518141286081,engine
Neptune,-30,355.9770487920647,-3.0368036869441166,engine
Neptune,-20,355.9770153724046,-3.0368238050995675,engine
Neptune,-15,355.976998705275,-3.036833867902272,engine
Neptune,-10,355.97698206659186,-3.0368439332385635,engine
Neptune,-5,355.9769654563209,-3.0368540011469403,engine
Neptune,-2,355.97695550377586,-3.036860043141602,engine
Neptune,-1,355.97695218852914,-3.036862057349298,engine
Neptune,0,355.9769488744121,-3.0368640716636643,engine
Neptune,1,355.9769455614294,-3.0368660860828562,engine
Neptune,2,355.97694224957513,-3.036868100609328,engine
Neptune,3,355.9769389388514,-3.0368701152423045,engine
Neptune,4,355.97693562926,-3.0368721299810146,engine
Neptune,5,355.9769323207951,-3.0368741448279075,engine
Neptune,6,355.97692901345897,-3.0368761597824894,engine
Neptune,7,355.97692570725,-3.0368781748445035,engine
Neptune,8,355.9769224021705,-3.0368801900134597,engine
Neptune,9,355.9769190982143,-3.0368822052918025,engine
Neptune,10,355.9769157953834,-3.0368842206787607,engine
Neptune,11,355.9769124936794,-3.0368862361735625,engine
Neptune,12,355.97690919309616,-3.0368882517786524,engine
Neptune,13,355.97690589363816,-3.0368902674921876,engine
Neptune,14,355.976902595299,-3.0368922833166123,engine
Neptune,15,355.97689929808325,-3.03689429925008,engine
Neptune,16,355.97689600198447,-3.0368963152950377,engine
Neptune,17,355.9768927070047,-3.036898331450992,engine
Neptune,18,355.97688941314215,-3.0369003477176797,engine
Neptune,19,355.9768861203988,-3.03690236409461,engine
Neptune,20,355.97688282876817,-3.036904380584224,engine
Neptune,21,355.9768795382545,-3.0369063971846786,engine
Neptune,22,355.9768762488514,-3.0369084138984133,engine
Neptune,23,355.9768729605629,-3.036910430723585,engine
Neptune,24,355.9768696733827,-3.0369124476626332,engine
Neptune,25,355.97686638731466,-3.036914464713712,engine
Neptune,26,355.9768631023523,-3.0369164818792624,engine
Neptune,27,355.97685981849975,-3.0369184991574367,engine
Neptune,28,355.97685653575024,-3.036920516550676,engine
Neptune,29,355.9768532541057,-3.036922534058487,engine
Neptune,30,355.97684997356384,-3.0369245516806007,engine
Pallas,-30,63.68173709154414,-1.7275218681167155,engine
Pallas,-20,63.68489313742573,-1.727860279921982,engine
Pallas,-15,63.68647146525371,-1.7280295213270953,engine
Pallas,-10,63.68804999882496,-1.7281987865341117,engine
Pallas,-5,63.68962874081747,-1.7283680757233488,engine
Pallas,-2,63.69057608651425,-1.7284696607734795,engine
Pallas,-1,63.69089188535605,-1.7285035243908364,engine
Pallas,0,63.691207692559495,-1.728537388972479,engine
Pallas,1,63.691523508239854,-1.7285712545228036,engine
Pallas,2,63.69183933251221,-1.728605121046211,engine
Pallas,3,63.692155165189234,-1.7286389885370728,engine
Pallas,4,63.69247100648644,-1.7286728570031356,engine
Pallas,5,63.69278685621614,-1.7287067264387772,engine
Pallas,6,63.693102714805384,-1.7287405968744616,engine
Pallas,7,63.69341858164248,-1.7287744682591513,engine
Pallas,8,63.693734457154214,-1.7288083406233004,engine
Pallas,9,63.69405034115218,-1.7288422139613093,engine
Pallas,10,63.69436623375015,-1.7288760882775909,engine
Pallas,11,63.69468213506182,-1.7289099635765603,engine
Pallas,12,63.694998044898284,-1.728943839852613,engine
Pallas,13,63.69531396347367,-1.7289777171135143,engine
Pallas,14,63.69562989059873,-1.7290115953536593,engine
Pallas,15,63.695945826487275,-1.7290454745808197,engine
Pallas,16,63.696261770949704,-1.7290793547893917,engine
Pallas,17,63.696577724411384,-1.7291132360098753,engine
Pallas,18,63.696893686258676,-1.729147118191233,engine
Pallas,19,63.6972096568158,-1.7291810013606197,engine
Pallas,20,63.69752563619483,-1.7292148855224652,engine
Pallas,21,63.69784162420548,-1.729248770671191,engine
Pallas,22,63.69815762106028,-1.7292826568145714,engine
Pallas,23,63.69847362656856,-1.7293165439470228,engine
Pallas,24,63.698789640942586,-1.7293504320763307,engine
Pallas,25,63.699105663991276,-1.729384321196915,engine
Pallas,26,63.6994216959266,-1.7294182113165637,engine
Pallas,27,63.699737736557154,-1.7294521024297005,engine
Pallas,28,63.70005378599374,-1.729485994540772,engine
Pallas,29,63.70036984455895,-1.729519887676959,engine
Pallas,30,63.700685911637024,-1.7295537817872348,engine
Pluto,-30,299.825484423752,-22.76805140081937,engine
Pluto,-20,299.82531707017455,-22.768094550435908,engine
Pluto,-15,299.82523342314863,-22.768116140238806,engine
Pluto,-10,299.8251497951585,-22.768137740249298,engine
Pluto,-5,299.8250661855483,-22.768159350627844,engine
Pluto,-2,299.82501602835094,-22.768172321891118,engine
Pluto,-1,299.824999310682,-22.768176646492325,engine
Pluto,0,299.8249825936997,-22.76818097151855,engine
Pluto,1,299.8249658774041,-22.768185296971435,engine
Pluto,2,299.8249491617873,-22.76818962285187,engine
Pluto,3,299.8249324468414,-22.768193949160747,engine
Pluto,4,299.8249157325664,-22.768198275899646,engine
Pluto,5,299.82489901895184,-22.76820260306922,engine
Pluto,6,299.8248823059865,-22.76820693067393,engine
Pluto,7,299.82486559368465,-22.768211258708842,engine
Pluto,8,299.8248488820273,-22.768215587177703,engine
Pluto,9,299.82483217101435,-22.768219916082057,engine
Pluto,10,299.82481546063775,-22.768224245422736,engine
Pluto,11,299.8247987508896,-22.76822857520058,engine
Pluto,12,299.82478204176977,-22.768232905417094,engine
Pluto,13,299.82476533327014,-22.76823723607309,engine
Pluto,14,299.8247486253828,-22.768241567169383,engine
Pluto,15,299.82473191810755,-22.768245898707438,engine
Pluto,16,299.8247152114363,-22.76825023068807,engine
Pluto,17,299.82469850534983,-22.768254563114937,engine
Pluto,18,299.8246817998703,-22.768258895983717,engine
Pluto,19,299.82466509497846,-22.76826322929806,engine
Pluto,20,299.8246483906662,-22.76826756305871,engine
Pluto,21,299.82463168693323,-22.76827189726713,engine
Pluto,22,299.82461498377154,-22.768276231924045,engine
Pluto,23,299.8245982811729,-22.768280567030168,engine
Pluto,24,299.82458157913703,-22.768284902586927,engine
Pluto,25,299.82456487765575,-22.76828923859503,engine
Pluto,26,299.82454817672095,-22.768293575055175,engine
Pluto,27,299.82453147633237,-22.76829791196875,engine
Pluto,28,299.82451477648164,-22.768302249336436,engine
Pluto,29,299.82449807715216,-22.768306587162044,engine
Pluto,30,299.82448137835803,-22.768310925440424,engine
Rahu,-30,48.202762084909466,17.909200679268427,engine
Rahu,-20,48.20286509197289,17.90922762410988,engine
Rahu,-15,48.202916544535356,17.90924108317354,engine
Rahu,-10,48.20296796210696,17.909254533067937,engine
Rahu,-5,48.20301934394516,17.909267973598872,engine
Rahu,-2,48.20305015558286,17.909276033341037,engine
Rahu,-1,48.203060423186656,17.909278719150876,engine
Rahu,0,48.20307068930023,17.90928140457023,engine
Rahu,1,48.203080953924406,17.909284089599343,engine
Rahu,2,48.20309121706037,17.909286774238517,engine
Rahu,3,48.203101478687906,17.909289458482462,engine
Rahu,4,48.20311173880831,17.909292142331527,engine
Rahu,5,48.20312199742221,17.909294825785867,engine
Rahu,6,48.20313225451683,17.909297508842148,engine
Rahu,7,48.203142510079104,17.90930019149693,engine
Rahu,8,48.203152764117064,17.90930287375235,engine
Rahu,9,48.20316301661108,17.909305555603243,engine
Rahu,10,48.20317326756137,17.90930823704968,engine
Rahu,11,48.203183516969325,17.90931091809201,engine
Rahu,12,48.203193764815225,17.909313598725113,engine
Rahu,13,48.20320401109988,17.90931627894917,engine
Rahu,14,48.20321425582391,17.909318958764334,engine
Rahu,15,48.203224498967984,17.909321638165583,engine
Rahu,16,48.20323474053272,17.90932431715304,engine
Rahu,17,48.20324498052581,17.909326995728744,engine
Rahu,18,48.20325521891372,17.909329673883917,engine
Rahu,19,48.2032654557046,17.909332351620694,engine
Rahu,20,48.20327569089887,17.909335028939175,engine
Rahu,21,48.203285924477015,17.90933770583425,engine
Rahu,22,48.20329615644002,17.909340382306212,engine
Rahu,23,48.20330638678837,17.909343058355145,engine
Rahu,24,48.20331661550272,17.909345733976014,engine
Rahu,25,48.203326842583806,17.909348409169013,engine
Rahu,26,48.20333706803234,17.909351083934315,engine
Rahu,27,48.20334729182876,17.909353758266814,engine
Rahu,28,48.20335751397393,17.909356432166724,engine
Rahu,29,48.20336773447547,17.909359105636046,engine
Rahu,30,48.20337795329999,17.909361778666053,engine
Regulus,-30,152.08755955722773,11.968696783896647,engine
Regulus,-20,152.08755990449936,11.96869738311362,engine
Regulus,-15,152.08756004174222,11.968697685145553,engine
Regulus,-10,152.08756015449347,11.968697988649907,engine
Regulus,-5,152.08756024259554,11.968698293518505,engine
Regulus,-2,152.08756028356404,11.968698477049172,engine
Regulus,-1,152.08756029523144,11.968698538322398,engine
Regulus,0,152.08756030590266,11.968698599642346,engine
Regulus,1,152.0875603155767,11.96869866100812,engine
Regulus,2,152.08756032425254,11.968698722418848,engine
Regulus,3,152.08756033192915,11.968698783873647,engine
Regulus,4,152.08756033860558,11.968698845371646,engine
Regulus,5,152.0875603442809,11.968698906911946,engine
Regulus,6,152.08756034895416,11.968698968493719,engine
Regulus,7,152.08756035262442,11.968699030116007,engine
Regulus,8,152.08756035529075,11.96869909177794,engine
Regulus,9,152.08756035695237,11.968699153478669,engine
Regulus,10,152.0875603576083,11.968699215217281,engine
Regulus,11,152.08756035725781,11.968699276992902,engine
Regulus,12,152.08756035590002,11.968699338804637,engine
Regulus,13,152.0875603535341,11.968699400651605,engine
Regulus,14,152.08756035015932,11.968699462532918,engine
Regulus,15,152.08756034577493,11.968699524447691,engine
Regulus,16,152.0875603403801,11.96869958639503,engine
Regulus,17,152.08756033397418,11.96869964837408,engine
Regulus,18,152.08756032655643,11.968699710383875,engine
Regulus,19,152.08756031812618,11.96869977242356,engine
Regulus,20,152.08756030868273,11.968699834492257,engine
Regulus,21,152.0875602982255,11.968699896589053,engine
Regulus,22,152.08756028675379,11.968699958713067,engine
Regulus,23,152.08756027426705,11.968700020863402,engine
Regulus,24,152.08756026076463,11.968700083039172,engine
Regulus,25,152.087560246246,11.968700145239467,engine
Regulus,26,152.08756023071058,11.96870020746341,engine
Regulus,27,152.0875602141579,11.968700269710093,engine
Regulus,28,152.08756019658736,11.968700331978624,engine
Regulus,29,152.0875601779985,11.968700394268145,engine
Regulus,30,152.08756015839094,11.968700456577682,engine
Saturn,-30,326.7880974052853,-14.657599488334343,engine
Saturn,-20,326.78776953459897,-14.657732425840228,engine
Saturn,-15,326.78760564250445,-14.657798927120602,engine
Saturn,-10,326.78744177721563,-14.657865450367959,engine
Saturn,-5,326.78727793707844,-14.65793199582314,engine
Saturn,-2,326.7871796444426,-14.657971933827886,engine
Saturn,-1,326.78714688205264,-14.657985248297114,engine
Saturn,0,326.7871141205548,-14.657998563668649,engine
Saturn,1,326.7870813599517,-14.65801187993935,engine
Saturn,2,326.787048600199,-14.658025197120134,engine
Saturn,3,326.7870158412993,-14.658038515207837,engine
Saturn,4,326.7869830832552,-14.658051834199235,engine
Saturn,5,326.78695032602235,-14.658065154105236,engine
Saturn,6,326.78691756958125,-14.65807847493156,engine
Saturn,7,326.78688481396273,-14.658091796661768,engine
Saturn,8,326.78685205914724,-14.658105119301545,engine
Saturn,9,326.7868193050903,-14.65811844286176,engine
Saturn,10,326.78678655179436,-14.658131767339098,engine
Saturn,11,326.7867537992618,-14.658145092730265,engine
Saturn,12,326.78672104744805,-14.658158419046073,engine
Saturn,13,326.7866882963554,-14.658171746283193,engine
Saturn,14,326.78665554598626,-14.658185074438245,engine
Saturn,15,326.7866227962959,-14.658198403522043,engine
Saturn,16,326.78659004730224,-14.658211733526473,engine
Saturn,17,326.78655729893876,-14.65822506447122,engine
Saturn,18,326.7865245512514,-14.658238396334992,engine
Saturn,19,326.7864918042205,-14.658251729123329,engine
Saturn,20,326.78645905780127,-14.658265062846915,engine
Saturn,21,326.78642631199585,-14.658278397502293,engine
Saturn,22,326.78639356680645,-14.65829173308601,engine
Saturn,23,326.78636082218816,-14.658305069608726,engine
Saturn,24,326.78632807815865,-14.658318407062236,engine
Saturn,25,326.7862953346732,-14.658331745457154,engine
Saturn,26,326.7862625917337,-14.658345084789971,engine
Saturn,27,326.78622984934225,-14.658358425057155,engine
Saturn,28,326.78619710745386,-14.658371766269266,engine
Saturn,29,326.7861643660642,-14.658385108427,engine
Saturn,30,326.7861316251723,-14.658398451523011,engine
Sun,-30,107.44503044085448,22.466553919240567,engine
Sun,-20,107.45208129950962,22.465754831512932,engine
Sun,-15,107.45560714093259,22.465354819111884,engine
Sun,-10,107.45913327573629,22.464954497593816,engine
Sun,-5,107.46265971914156,22.464553869366213,engine
Sun,-2,107.46477573868265,22.464313346354107,engine
Sun,-1,107.46548110483293,22.464233147794484,engine
Sun,0,107.46618648432081,22.4641529371603,engine
Sun,1,107.46689187725721,22.46407271447374,engine
Sun,2,107.46759728375318,22.46399247975717,engine
Sun,3,107.46830270391906,22.463912233033124,engine
Sun,4,107.46900813786529,22.463831974324307,engine
Sun,5,107.46971358570177,22.463751703653575,engine
Sun,6,107.47041904801144,22.463671420990135,engine
Sun,7,107.47112452395741,22.46359112646487,engine
Sun,8,107.4718300141221,22.46351082004731,engine
Sun,9,107.47253551861422,22.463430501761014,engine
Sun,10,107.47324103754252,22.463350171629646,engine
Sun,11,107.47394657101509,22.463269829677138,engine
Sun,12,107.47465211914012,22.46318947592748,engine
Sun,13,107.47535768202513,22.463109110404908,engine
Sun,14,107.47606325977776,22.46302873313376,engine
Sun,15,107.47676885250485,22.462948344138585,engine
Sun,16,107.47747446031342,22.46286794344408,engine
Sun,17,107.47818008378297,22.46278753102119,engine
Sun,18,107.47888572207347,22.462707107002743,engine
Sun,19,107.47959137576407,22.462626671360045,engine
Sun,20,107.48029704496007,22.462546224118423,engine
Sun,21,107.48100272976706,22.462465765303374,engine
Sun,22,107.48170843028974,22.46238529494058,engine
Sun,23,107.48241414663298,22.462304813055884,engine
Sun,24,107.48311987890081,22.462224319675258,engine
Sun,25,107.48382562719742,22.462143814824845,engine
Sun,26,107.48453139162662,22.46206329853095,engine
Sun,27,107.48523717229149,22.46198277082005,engine
Sun,28,107.48594296929528,22.461902231718767,engine
Sun,29,107.48664878321384,22.46182168119986,engine
Sun,30,107.48735461320314,22.461741119398297,engine
Uranus,-30,45.367163568437675,16.76848526314894,engine
Uranus,-20,45.36741229267051,16.768553486718705,engine
Uranus,-15,45.367536695308274,16.768587583790342,engine
Uranus,-10,45.36766112571395,16.768621671329313,engine
Uranus,-5,45.36778558449305,16.768655749564118,engine
Uranus,-2,45.36786027359219,16.768676192126275,engine
Uranus,-1,45.367885172287885,16.768683005594017,engine
Uranus,0,45.36791007216203,16.76868981870689,engine
Uranus,1,45.3679349732138,16.768696631465243,engine
Uranus,2,45.3679598754423,16.768703443869406,engine
Uranus,3,45.36798477886179,16.768710255924145,engine
Uranus,4,45.368009683471335,16.76871706762981,engine
Uranus,5,45.368034589269946,16.768723878986744,engine
Uranus,6,45.36805949628853,16.768730690004297,engine
Uranus,7,45.36808440449262,16.768737500673705,engine
Uranus,8,45.36810931389791,16.768744310999907,engine
Uranus,9,45.36813422451845,16.76875112098767,engine
Uranus,10,45.36815913635313,16.768757930637396,engine
Uranus,11,45.36818404940084,16.76876473994946,engine
Uranus,12,45.368208963675535,16.768771548928665,engine
Uranus,13,45.36823387917603,16.768778357575407,engine
Uranus,14,45.36825879590111,16.768785165890083,engine
Uranus,15,45.36828371386466,16.768791973877512,engine
Uranus,16,45.36830863306542,16.768798781538102,engine
Uranus,17,45.368333553518774,16.768805588876827,engine
Uranus,18,45.3683584752051,16.76881239588938,engine
Uranus,19,45.36838339813976,16.76881920258077,engine
Uranus,20,45.36840832232134,16.768826008951383,engine
Uranus,21,45.36843324776356,16.7688328150061,engine
Uranus,22,45.36845817446495,16.768839620745343,engine
Uranus,23,45.36848310242404,16.768846426169546,engine
Uranus,24,45.36850803165445,16.768853231283572,engine
Uranus,25,45.368532962154624,16.768860036087858,engine
Uranus,26,45.36855789392299,16.768866840582866,engine
Uranus,27,45.36858282697307,16.768873644773453,engine
Uranus,28,45.36860776130324,16.76888044866009,engine
Uranus,29,45.36863269693362,16.768887252249275,engine
Uranus,30,45.36865763382902,16.768894055532332,engine
Venus,-30,77.3512987138129,21.845157499502584,engine
Venus,-20,77.36018448467563,21.846152303864017,engine
Venus,-15,77.36462804238921,21.84664937008097,engine
Venus,-10,77.36907205623068,21.84714621637988,engine
Venus,-5,77.37351653369569,21.847642846064467,engine
Venus,-2,77.37618344449675,21.847940721146333,engine
Venus,-1,77.377072452618,21.84803999589972,engine
Venus,0,77.37796147939314,21.848139262172424,engine
Venus,1,77.3788505254714,21.84823852008315,engine
Venus,2,77.37973959059765,21.84833776961199,engine
Venus,3,77.38062867481776,21.848437010785332,engine
Venus,4,77.38151777787589,21.848536243583354,engine
Venus,5,77.38240690041992,21.848635468125075,engine
Venus,6,77.38329604278962,21.84873468445737,engine
Venus,7,77.38418520383708,21.84883389247379,engine
Venus,8,77.38507438390135,21.848933092221408,engine
Venus,9,77.38596358362896,21.849032283819444,engine
Venus,10,77.3868528027621,21.849131467248494,engine
Venus,11,77.38774204134394,21.849230642535517,engine
Venus,12,77.38863129911599,21.849329809661228,engine
Venus,13,77.38952057672341,21.849428968745126,engine
Venus,14,77.39040987390702,21.84952811976813,engine
Venus,15,77.39129919040735,21.84962726271115,engine
Venus,16,77.39218852686842,21.84972639769386,engine
Venus,17,77.3930778836265,21.84982552476383,engine
Venus,18,77.39396725952959,21.84992464381545,engine
Venus,19,77.3948566549132,21.8500237548964,engine
Venus,20,77.39574607042002,21.8501228581266,engine
Venus,21,77.39663550578851,21.850221953487345,engine
Venus,22,77.39752496075674,21.85032104096004,engine
Venus,23,77.39841443596639,21.850420120664772,engine
Venus,24,77.39930393115482,21.85051919258303,engine
Venus,25,77.40019344636042,21.850618256742575,engine
Venus,26,77.40108298131985,21.850717313125052,engine
Venus,27,77.4019725366734,21.850816361850736,engine
Venus,28,77.40286211215701,21.850915402901393,engine
Venus,29,77.4037517081029,21.851014436325194,engine
Venus,30,77.40464132395722,21.8511134621098,engine
Vesta,-30,340.5805676197549,-14.566703419408864,engine
Vesta,-20,340.5807954755375,-14.567247470044512,engine
Vesta,-15,340.5809096380851,-14.567519705603631,engine
Vesta,-10,340.5810239446265,-14.567792082987218,engine
Vesta,-5,340.5811383857817,-14.568064603476014,engine
Vesta,-2,340.5812071110412,-14.568228184927962,engine
Vesta,-1,340.58123002917347,-14.568282723638877,engine
Vesta,0,340.5812529520018,-14.568337268154593,engine
Vesta,1,340.58127587925765,-14.568391818543736,engine
Vesta,2,340.5812988112458,-14.568446374695085,engine
Vesta,3,340.58132174769764,-14.568500936677085,engine
Vesta,4,340.58134468853535,-14.56855550449818,engine
Vesta,5,340.58136763368094,-14.568610078166756,engine
Vesta,6,340.5813905830719,-14.568664657727679,engine
Vesta,7,340.58141353640787,-14.568719243175858,engine
Vesta,8,340.5814364940084,-14.568773834436207,engine
Vesta,9,340.58145945560364,-14.568828431576671,engine
Vesta,10,340.5814824211151,-14.568883034605209,engine
Vesta,11,340.58150539046386,-14.568937643529681,engine
Vesta,12,340.5815283635711,-14.568992258357866,engine
Vesta,13,340.5815513403576,-14.56904687909749,engine
Vesta,14,340.5815743207442,-14.569101505756155,engine
Vesta,15,340.58159730446033,-14.569156138401322,engine
Vesta,16,340.5816202918089,-14.569210776920611,engine
Vesta,17,340.5816432825345,-14.569265421417965,engine
Vesta,18,340.5816662765265,-14.569320071827368,engine
Vesta,19,340.5816892737205,-14.569374728192656,engine
Vesta,20,340.5817122740364,-14.56942939052097,engine
Vesta,21,340.58173527739416,-14.569484058819304,engine
Vesta,22,340.5817582837132,-14.569538733094644,engine
Vesta,23,340.5817812929135,-14.569593413353838,engine
Vesta,24,340.5818043049143,-14.569648099603642,engine
Vesta,25,340.58182731963495,-14.569702791850775,engine
Vesta,26,340.5818503369948,-14.56975749010182,engine
Vesta,27,340.5818733567216,-14.569812194423248,engine
Vesta,28,340.58189637911687,-14.569866904701625,engine
Vesta,29,340.58191940392356,-14.569921621039935,engine
Vesta,30,340.58194243102974,-14.569976343371057,engine
Gonggong,-30,337.3353555382437,-11.01572172773831,tno-rate
Gonggong,-20,337.3353555382437,-11.01572172773831,tno-rate
Gonggong,-15,337.3353555382437,-11.01572172773831,tno-rate
Gonggong,-10,337.3353555382437,-11.01572172773831,tno-rate
Gonggong,-5,337.3353555382437,-11.01572172773831,tno-rate
Gonggong,-2,337.3353555382437,-11.01572172773831,tno-rate
Gonggong,-1,337.3353555382437,-11.01572172773831,tno-rate
Gonggong,0,337.3353555382437,-11.01572172773831,tno-rate
Gonggong,1,337.3353555382437,-11.01572172773831,tno-rate
Gonggong,2,337.3353555382437,-11.01572172773831,tno-rate
Gonggong,3,337.3353555382437,-11.01572172773831,tno-rate
Gonggong,4,337.3353555382437,-11.01572172773831,tno-rate
Gonggong,5,337.3353555382437,-11.01572172773831,tno-rate
Gonggong,6,337.3353555382437,-11.01572172773831,tno-rate
Gonggong,7,337.3353555382437,-11.01572172773831,tno-rate
Gonggong,8,337.3353555382437,-11.01572172773831,tno-rate
Gonggong,9,337.3353555382437,-11.01572172773831,tno-rate
Gonggong,10,337.3353555382437,-11.01572172773831,tno-rate
Gonggong,11,337.3353555382437,-11.01572172773831,tno-rate
Gonggong,12,337.3353555382437,-11.01572172773831,tno-rate
Gonggong,13,337.3353555382437,-11.01572172773831,tno-rate
Gonggong,14,337.3353555382437,-11.01572172773831,tno-rate
Gonggong,15,337.3353555382437,-11.01572172773831,tno-rate
Gonggong,16,337.3353555382437,-11.01572172773831,tno-rate
Gonggong,17,337.3353555382437,-11.01572172773831,tno-rate
Gonggong,18,337.3353555382437,-11.01572172773831,tno-rate
Gonggong,19,337.3353555382437,-11.01572172773831,tno-rate
Gonggong,20,337.3353555382437,-11.01572172773831,tno-rate
Gonggong,21,337.3353555382437,-11.01572172773831,tno-rate
Gonggong,22,337.3353555382437,-11.01572172773831,tno-rate
Gonggong,23,337.3353555382437,-11.01572172773831,tno-rate
Gonggong,24,337.3353555382437,-11.01572172773831,tno-rate
Gonggong,25,337.3353555382437,-11.01572172773831,tno-rate
Gonggong,26,337.3353555382437,-11.01572172773831,tno-rate
Gonggong,27,337.3353555382437,-11.01572172773831,tno-rate
Gonggong,28,337.3353555382437,-11.01572172773831,tno-rate
Gonggong,29,337.3353555382437,-11.01572172773831,tno-rate
Gonggong,30,337.3353555382437,-11.01572172773831,tno-rate
Haumea,-30,215.7807786727862,15.82540821194604,tno-rate
Haumea,-20,215.7807786727862,15.82540821194604,tno-rate
Haumea,-15,215.7807786727862,15.82540821194604,tno-rate
Haumea,-10,215.7807786727862,15.82540821194604,tno-rate
Haumea,-5,215.7807786727862,15.82540821194604,tno-rate
Haumea,-2,215.7807786727862,15.82540821194604,tno-rate
Haumea,-1,215.7807786727862,15.82540821194604,tno-rate
Haumea,0,215.7807786727862,15.82540821194604,tno-rate
Haumea,1,215.7807786727862,15.82540821194604,tno-rate
Haumea,2,215.7807786727862,15.82540821194604,tno-rate
Haumea,3,215.7807786727862,15.82540821194604,tno-rate
Haumea,4,215.7807786727862,15.82540821194604,tno-rate
Haumea,5,215.7807786727862,15.82540821194604,tno-rate
Haumea,6,215.7807786727862,15.82540821194604,tno-rate
Haumea,7,215.7807786727862,15.82540821194604,tno-rate
Haumea,8,215.7807786727862,15.82540821194604,tno-rate
Haumea,9,215.7807786727862,15.82540821194604,tno-rate
Haumea,10,215.7807786727862,15.82540821194604,tno-rate
Haumea,11,215.7807786727862,15.82540821194604,tno-rate
Haumea,12,215.7807786727862,15.82540821194604,tno-rate
Haumea,13,215.7807786727862,15.82540821194604,tno-rate
Haumea,14,215.7807786727862,15.82540821194604,tno-rate
Haumea,15,215.7807786727862,15.82540821194604,tno-rate
Haumea,16,215.7807786727862,15.82540821194604,tno-rate
Haumea,17,215.7807786727862,15.82540821194604,tno-rate
Haumea,18,215.7807786727862,15.82540821194604,tno-rate
Haumea,19,215.7807786727862,15.82540821194604,tno-rate
Haumea,20,215.7807786727862,15.82540821194604,tno-rate
Haumea,21,215.7807786727862,15.82540821194604,tno-rate
Haumea,22,215.7807786727862,15.82540821194604,tno-rate
Haumea,23,215.7807786727862,15.82540821194604,tno-rate
Haumea,24,215.7807786727862,15.82540821194604,tno-rate
Haumea,25,215.7807786727862,15.82540821194604,tno-rate
Haumea,26,215.7807786727862,15.82540821194604,tno-rate
Haumea,27,215.7807786727862,15.82540821194604,tno-rate
Haumea,28,215.7807786727862,15.82540821194604,tno-rate
Haumea,29,215.7807786727862,15.82540821194604,tno-rate
Haumea,30,215.7807786727862,15.82540821194604,tno-rate
Makemake,-30,197.5143499746033,22.70100186265583,tno-rate
Makemake,-20,197.5143499746033,22.70100186265583,tno-rate
Makemake,-15,197.5143499746033,22.70100186265583,tno-rate
Makemake,-10,197.5143499746033,22.70100186265583,tno-rate
Makemake,-5,197.5143499746033,22.70100186265583,tno-rate
Makemake,-2,197.5143499746033,22.70100186265583,tno-rate
Makemake,-1,197.5143499746033,22.70100186265583,tno-rate
Makemake,0,197.5143499746033,22.70100186265583,tno-rate
Makemake,1,197.5143499746033,22.70100186265583,tno-rate
Makemake,2,197.5143499746033,22.70100186265583,tno-rate
Makemake,3,197.5143499746033,22.70100186265583,tno-rate
Makemake,4,197.5143499746033,22.70100186265583,tno-rate
Makemake,5,197.5143499746033,22.70100186265583,tno-rate
Makemake,6,197.5143499746033,22.70100186265583,tno-rate
Makemake,7,197.5143499746033,22.70100186265583,tno-rate
Makemake,8,197.5143499746033,22.70100186265583,tno-rate
Makemake,9,197.5143499746033,22.70100186265583,tno-rate
Makemake,10,197.5143499746033,22.70100186265583,tno-rate
Makemake,11,197.5143499746033,22.70100186265583,tno-rate
Makemake,12,197.5143499746033,22.70100186265583,tno-rate
Makemake,13,197.5143499746033,22.70100186265583,tno-rate
Makemake,14,197.5143499746033,22.70100186265583,tno-rate
Makemake,15,197.5143499746033,22.70100186265583,tno-rate
Makemake,16,197.5143499746033,22.70100186265583,tno-rate
Makemake,17,197.5143499746033,22.70100186265583,tno-rate
Makemake,18,197.5143499746033,22.70100186265583,tno-rate
Makemake,19,197.5143499746033,22.70100186265583,tno-rate
Makemake,20,197.5143499746033,22.70100186265583,tno-rate
Makemake,21,197.5143499746033,22.70100186265583,tno-rate
Makemake,22,197.5143499746033,22.70100186265583,tno-rate
Makemake,23,197.5143499746033,22.70100186265583,tno-rate
Makemake,24,197.5143499746033,22.70100186265583,tno-rate
Makemake,25,197.5143499746033,22.70100186265583,tno-rate
Makemake,26,197.5143499746033,22.70100186265583,tno-rate
Makemake,27,197.5143499746033,22.70100186265583,tno-rate
Makemake,28,197.5143499746033,22.70100186265583,tno-rate
Makemake,29,197.5143499746033,22.70100186265583,tno-rate
Makemake,30,197.5143499746033,22.70100186265583,tno-rate
Orcus,-30,156.0662376574692,-11.21476537441538,tno-rate
Orcus,-20,156.0662376574692,-11.21476537441538,tno-rate
Orcus,-15,156.0662376574692,-11.21476537441538,tno-rate
Orcus,-10,156.0662376574692,-11.21476537441538,tno-rate
Orcus,-5,156.0662376574692,-11.21476537441538,tno-rate
Orcus,-2,156.0662376574692,-11.21476537441538,tno-rate
Orcus,-1,156.0662376574692,-11.21476537441538,tno-rate
Orcus,0,156.0662376574692,-11.21476537441538,tno-rate
Orcus,1,156.0662376574692,-11.21476537441538,tno-rate
Orcus,2,156.0662376574692,-11.21476537441538,tno-rate
Orcus,3,156.0662376574692,-11.21476537441538,tno-rate
Orcus,4,156.0662376574692,-11.21476537441538,tno-rate
Orcus,5,156.0662376574692,-11.21476537441538,tno-rate
Orcus,6,156.0662376574692,-11.21476537441538,tno-rate
Orcus,7,156.0662376574692,-11.21476537441538,tno-rate
Orcus,8,156.0662376574692,-11.21476537441538,tno-rate
Orcus,9,156.0662376574692,-11.21476537441538,tno-rate
Orcus,10,156.0662376574692,-11.21476537441538,tno-rate
Orcus,11,156.0662376574692,-11.21476537441538,tno-rate
Orcus,12,156.0662376574692,-11.21476537441538,tno-rate
Orcus,13,156.0662376574692,-11.21476537441538,tno-rate
Orcus,14,156.0662376574692,-11.21476537441538,tno-rate
Orcus,15,156.0662376574692,-11.21476537441538,tno-rate
Orcus,16,156.0662376574692,-11.21476537441538,tno-rate
Orcus,17,156.0662376574692,-11.21476537441538,tno-rate
Orcus,18,156.0662376574692,-11.21476537441538,tno-rate
Orcus,19,156.0662376574692,-11.21476537441538,tno-rate
Orcus,20,156.0662376574692,-11.21476537441538,tno-rate
Orcus,21,156.0662376574692,-11.21476537441538,tno-rate
Orcus,22,156.0662376574692,-11.21476537441538,tno-rate
Orcus,23,156.0662376574692,-11.21476537441538,tno-rate
Orcus,24,156.0662376574692,-11.21476537441538,tno-rate
Orcus,25,156.0662376574692,-11.21476537441538,tno-rate
Orcus,26,156.0662376574692,-11.21476537441538,tno-rate
Orcus,27,156.0662376574692,-11.21476537441538,tno-rate
Orcus,28,156.0662376574692,-11.21476537441538,tno-rate
Orcus,29,156.0662376574692,-11.21476537441538,tno-rate
Orcus,30,156.0662376574692,-11.21476537441538,tno-rate
Quaoar,-30,275.9886522094652,-15.14694481826331,tno-rate
Quaoar,-20,275.9886522094652,-15.14694481826331,tno-rate
Quaoar,-15,275.9886522094652,-15.14694481826331,tno-rate
Quaoar,-10,275.9886522094652,-15.14694481826331,tno-rate
Quaoar,-5,275.9886522094652,-15.14694481826331,tno-rate
Quaoar,-2,275.9886522094652,-15.14694481826331,tno-rate
Quaoar,-1,275.9886522094652,-15.14694481826331,tno-rate
Quaoar,0,275.9886522094652,-15.14694481826331,tno-rate
Quaoar,1,275.9886522094652,-15.14694481826331,tno-rate
Quaoar,2,275.9886522094652,-15.14694481826331,tno-rate
Quaoar,3,275.9886522094652,-15.14694481826331,tno-rate
Quaoar,4,275.9886522094652,-15.14694481826331,tno-rate
Quaoar,5,275.9886522094652,-15.14694481826331,tno-rate
Quaoar,6,275.9886522094652,-15.14694481826331,tno-rate
Quaoar,7,275.9886522094652,-15.14694481826331,tno-rate
Quaoar,8,275.9886522094652,-15.14694481826331,tno-rate
Quaoar,9,275.9886522094652,-15.14694481826331,tno-rate
Quaoar,10,275.9886522094652,-15.14694481826331,tno-rate
Quaoar,11,275.9886522094652,-15.14694481826331,tno-rate
Quaoar,12,275.9886522094652,-15.14694481826331,tno-rate
Quaoar,13,275.9886522094652,-15.14694481826331,tno-rate
Quaoar,14,275.9886522094652,-15.14694481826331,tno-rate
Quaoar,15,275.9886522094652,-15.14694481826331,tno-rate
Quaoar,16,275.9886522094652,-15.14694481826331,tno-rate
Quaoar,17,275.9886522094652,-15.14694481826331,tno-rate
Quaoar,18,275.9886522094652,-15.14694481826331,tno-rate
Quaoar,19,275.9886522094652,-15.14694481826331,tno-rate
Quaoar,20,275.9886522094652,-15.14694481826331,tno-rate
Quaoar,21,275.9886522094652,-15.14694481826331,tno-rate
Quaoar,22,275.9886522094652,-15.14694481826331,tno-rate
Quaoar,23,275.9886522094652,-15.14694481826331,tno-rate
Quaoar,24,275.9886522094652,-15.14694481826331,tno-rate
Quaoar,25,275.9886522094652,-15.14694481826331,tno-rate
Quaoar,26,275.9886522094652,-15.14694481826331,tno-rate
Quaoar,27,275.9886522094652,-15.14694481826331,tno-rate
Quaoar,28,275.9886522094652,-15.14694481826331,tno-rate
Quaoar,29,275.9886522094652,-15.14694481826331,tno-rate
Quaoar,30,275.9886522094652,-15.14694481826331,tno-rate
Sedna,-30,59.67003042375165,8.4710180803265,tno-rate
Sedna,-20,59.67003042375165,8.4710180803265,tno-rate
Sedna,-15,59.67003042375165,8.4710180803265,tno-rate
Sedna,-10,59.67003042375165,8.4710180803265,tno-rate
Sedna,-5,59.67003042375165,8.4710180803265,tno-rate
Sedna,-2,59.67003042375165,8.4710180803265,tno-rate
Sedna,-1,59.67003042375165,8.4710180803265,tno-rate
Sedna,0,59.67003042375165,8.4710180803265,tno-rate
Sedna,1,59.67003042375165,8.4710180803265,tno-rate
Sedna,2,59.67003042375165,8.4710180803265,tno-rate
Sedna,3,59.67003042375165,8.4710180803265,tno-rate
Sedna,4,59.67003042375165,8.4710180803265,tno-rate
Sedna,5,59.67003042375165,8.4710180803265,tno-rate
Sedna,6,59.67003042375165,8.4710180803265,tno-rate
Sedna,7,59.67003042375165,8.4710180803265,tno-rate
Sedna,8,59.67003042375165,8.4710180803265,tno-rate
Sedna,9,59.67003042375165,8.4710180803265,tno-rate
Sedna,10,59.67003042375165,8.4710180803265,tno-rate
Sedna,11,59.67003042375165,8.4710180803265,tno-rate
Sedna,12,59.67003042375165,8.4710180803265,tno-rate
Sedna,13,59.67003042375165,8.4710180803265,tno-rate
Sedna,14,59.67003042375165,8.4710180803265,tno-rate
Sedna,15,59.67003042375165,8.4710180803265,tno-rate
Sedna,16,59.67003042375165,8.4710180803265,tno-rate
Sedna,17,59.67003042375165,8.4710180803265,tno-rate
Sedna,18,59.67003042375165,8.4710180803265,tno-rate
Sedna,19,59.67003042375165,8.4710180803265,tno-rate
Sedna,20,59.67003042375165,8.4710180803265,tno-rate
Sedna,21,59.67003042375165,8.4710180803265,tno-rate
Sedna,22,59.67003042375165,8.4710180803265,tno-rate
Sedna,23,59.67003042375165,8.4710180803265,tno-rate
Sedna,24,59.67003042375165,8.4710180803265,tno-rate
Sedna,25,59.67003042375165,8.4710180803265,tno-rate
Sedna,26,59.67003042375165,8.4710180803265,tno-rate
Sedna,27,59.67003042375165,8.4710180803265,tno-rate
Sedna,28,59.67003042375165,8.4710180803265,tno-rate
Sedna,29,59.67003042375165,8.4710180803265,tno-rate
Sedna,30,59.67003042375165,8.4710180803265,tno-rate
Transpluto,-30,154.43802076304263,10.594054094199997,engine
Transpluto,-20,154.43807228969396,10.594034652144021,engine
Transpluto,-15,154.43809805481962,10.594024930466468,engine
Transpluto,-10,154.43812382114015,10.594015208357682,engine
Transpluto,-5,154.43814958866224,10.594005485815186,engine
Transpluto,-2,154.43816504974833,10.593999652082948,engine
Transpluto,-1,154.43817020353953,10.593997707470928,engine
Transpluto,0,154.4381753573786,10.59399576284164,engine
Transpluto,1,154.43818051126556,10.59399381819505,engine
Transpluto,2,154.43818566520045,10.593991873531158,engine
Transpluto,3,154.43819081918323,10.593989928849975,engine
Transpluto,4,154.43819597321382,10.593987984151513,engine
Transpluto,5,154.4382011272924,10.593986039435755,engine
Transpluto,6,154.43820628142223,10.593984094701431,engine
Transpluto,7,154.43821143559651,10.593982149951097,engine
Transpluto,8,154.43821658981867,10.593980205183469,engine
Transpluto,9,154.43822174408874,10.593978260398575,engine
Transpluto,10,154.43822689840664,10.5939763155964,engine
Transpluto,11,154.4382320527724,10.593974370776888,engine
Transpluto,12,154.43823720718612,10.593972425940139,engine
Transpluto,13,154.43824236164764,10.593970481086082,engine
Transpluto,14,154.43824751615696,10.59396853621476,engine
Transpluto,15,154.4382526707142,10.593966591326156,engine
Transpluto,16,154.4382578253193,10.593964646420229,engine
Transpluto,17,154.43826297997572,10.593962701495757,engine
Transpluto,18,154.43826813467652,10.5939607565553,engine
Transpluto,19,154.43827328942515,10.593958811597544,engine
Transpluto,20,154.4382784442217,10.59395686662252,engine
Transpluto,21,154.438283599066,10.593954921630194,engine
Transpluto,22,154.43828875395818,10.593952976620617,engine
Transpluto,23,154.43829390889817,10.593951031593779,engine
Transpluto,24,154.43829906388606,10.593949086549614,engine
Transpluto,25,154.4383042189218,10.593947141488185,engine
Transpluto,26,154.4383093740052,10.593945196409495,engine
Transpluto,27,154.43831452913665,10.59394325131352,engine
Transpluto,28,154.43831968431576,10.59394130620024,engine
Transpluto,29,154.43832483954625,10.59393936106842,engine
Transpluto,30,154.438329994821,10.593937415920601,engine
Part_of_Fortune,-30,311.90176136274874,-45.704155857844995,engine
Part_of_Fortune,-20,313.59401727941076,-46.34956788859038,engine
Part_of_Fortune,-15,314.4419754290783,-46.66886957494937,engine
Part_of_Fortune,-10,315.2912335499177,-46.98582861296207,engine
Part_of_Fortune,-5,316.14185422940227,-47.30039124922572,engine
Part_of_Fortune,-2,316.6529071014332,-47.48795635120576,engine
Part_of_Fortune,-1,316.8233745657337,-47.55028009465736,engine
Part_of_Fortune,0,316.9939012525551,-47.61250418695836,engine
Part_of_Fortune,1,317.1644875671237,-47.6746281697485,engine
Part_of_Fortune,2,317.33513417591007,-47.73665166605545,engine
Part_of_Fortune,3,317.505841555668,-47.798574239825726,engine
Part_of_Fortune,4,317.6766101853957,-47.86039545563942,engine
Part_of_Fortune,5,317.84744074191764,-47.92211493971705,engine
Part_of_Fortune,6,318.0183337612753,-47.98373227989856,engine
Part_of_Fortune,7,318.189289698539,-48.04524702198745,engine
Part_of_Fortune,8,318.36030909550266,-48.10665875546996,engine
Part_of_Fortune,9,318.531392643387,-48.16796711076108,engine
Part_of_Fortune,10,318.70254077712,-48.22917163817543,engine
Part_of_Fortune,11,318.8737541944407,-48.290271969843864,engine
Part_of_Fortune,12,319.04503333658784,-48.35126765769749,engine
Part_of_Fortune,13,319.2163789094244,-48.412158336069865,engine
Part_of_Fortune,14,319.3877913609699,-48.472943558558185,engine
Part_of_Fortune,15,319.55927140444317,-48.53362296135877,engine
Part_of_Fortune,16,319.73081949505996,-48.59419609979808,engine
Part_of_Fortune,17,319.90243646862496,-48.654662652376985,engine
Part_of_Fortune,18,320.074122557531,-48.71502209501644,engine
Part_of_Fortune,19,320.24587860483405,-48.775274107945975,engine
Part_of_Fortune,20,320.41770508151,-48.83541825014329,engine
Part_of_Fortune,21,320.58960272269195,-48.895454162745544,engine
Part_of_Fortune,22,320.76157200635515,-48.9553814061016,engine
Part_of_Fortune,23,320.9336136764647,-49.01519962333484,engine
Part_of_Fortune,24,321.1057282184216,-49.07490837623525,engine
Part_of_Fortune,25,321.27791638424105,-49.13450730951685,engine
Part_of_Fortune,26,321.45017866722895,-49.19399598646193,engine
Part_of_Fortune,27,321.622515827613,-49.25337405334272,engine
Part_of_Fortune,28,321.7949283667384,-49.31264107487448,engine
Part_of_Fortune,29,321.9674171685422,-49.37179673834959,engine
Part_of_Fortune,30,322.13998251216947,-49.43084053082755,engine
Part_of_Spirit,-30,100.14600448977461,24.16739693566512,engine
Part_of_Spirit,-20,101.68232071845128,23.610003199885647,engine
Part_of_Spirit,-15,102.45305219587834,23.334693252408513,engine
Part_of_Spirit,-10,103.22557715716593,23.061711006300172,engine
Part_of_Spirit,-5,103.9999560594913,22.791107825051604,engine
Part_of_Spirit,-2,104.46549891718121,22.62990902135973,engine
Part_of_Spirit,-1,104.6208355346274,22.576372334196783,engine
Part_of_Spirit,0,104.77625074975674,22.522934463733446,engine
Part_of_Spirit,1,104.93174520735192,22.469595767669404,engine
Part_of_Spirit,2,105.08731929522577,22.416356683681087,engine
Part_of_Spirit,3,105.24297359948086,22.363217587469236,engine
Part_of_Spirit,4,105.39870870836738,22.310178853991868,engine
Part_of_Spirit,5,105.55452501857833,22.25724091784498,engine
Part_of_Spirit,6,105.71042329432093,22.204404096153667,engine
Part_of_Spirit,7,105.8664037297015,22.151668892228795,engine
Part_of_Spirit,8,106.02246709410309,22.09903562143692,engine
Part_of_Spirit,9,106.1786137967288,22.046504714332343,engine
Part_of_Spirit,10,106.33484450965554,21.99407651946727,engine
Part_of_Spirit,11,106.49115964757635,21.941751465750635,engine
Part_of_Spirit,12,106.64755988839117,21.889529900029387,engine
Part_of_Spirit,13,106.80404565397455,21.83741224908239,engine
Part_of_Spirit,14,106.96061762844678,21.785398857975807,engine
Part_of_Spirit,15,107.11727624007014,21.733490151740735,engine
Part_of_Spirit,16,107.27402217964386,21.681686473603875,engine
Part_of_Spirit,17,107.4308559871603,21.62998821223772,engine
Part_of_Spirit,18,107.58777814988309,21.578395778418848,engine
Part_of_Spirit,19,107.74478921412148,21.526909559188795,engine
Part_of_Spirit,20,107.90188988531209,21.475529893948917,engine
Part_of_Spirit,21,108.05908061082869,21.424257203023053,engine
Part_of_Spirit,22,108.21636210258886,21.37309182431924,engine
Part_of_Spirit,23,108.37373481581332,21.32203417630087,engine
Part_of_Spirit,24,108.53119946937075,21.27108459534859,engine
Part_of_Spirit,25,108.68875652556822,21.22024349839687,engine
Part_of_Spirit,26,108.84640671065047,21.16951122024976,engine
Part_of_Spirit,27,109.00415049414362,21.118888176389085,engine
Part_of_Spirit,28,109.16198860983206,21.06837470009339,engine
Part_of_Spirit,29,109.31992164028316,21.01797117177573,engine
Part_of_Spirit,30,109.47795011606007,20.9676779905412,engine
Ascendant,-30,206.02388292626168,-10.768379461089939,engine
Ascendant,-20,207.63816899893104,-11.369782344352364,engine
Ascendant,-15,208.44751381247832,-11.66708816127043,engine
Ascendant,-10,209.2584053535418,-11.962058803330947,engine
Ascendant,-5,210.07090514444678,-12.254641712087055,engine
Ascendant,-2,210.5592030093072,-12.429023664923015,engine
Ascendant,-1,210.72210505018055,-12.486953880230287,engine
Ascendant,0,210.8850760011559,-12.54478486161246,engine
Ascendant,1,211.0481163872378,-12.602516201039547,engine
Ascendant,2,211.21122673556792,-12.66014749118718,engine
Ascendant,3,211.37440757757443,-12.717678326178246,engine
Ascendant,4,211.53765944688155,-12.775108300823778,engine
Ascendant,5,211.70098288024798,-12.832437010936033,engine
Ascendant,6,211.86437852779812,-12.889664091872447,engine
Ascendant,7,212.02784671412027,-12.94678906487933,engine
Ascendant,8,212.19138809480287,-13.003811567016518,engine
Ascendant,9,212.3550032200579,-13.060731198214368,engine
Ascendant,10,212.51869264338777,-13.11754755935408,engine
Ascendant,11,212.68245692100854,-13.174260252046613,engine
Ascendant,12,212.8462966124895,-13.23086887883405,engine
Ascendant,13,213.0102122816995,-13.287373043493735,engine
Ascendant,14,213.17420449470833,-13.343772350291191,engine
Ascendant,15,213.33827382225664,-13.40006640480902,engine
Ascendant,16,213.5024208373519,-13.456254813097104,engine
Ascendant,17,213.66664622789264,-13.512337220069634,engine
Ascendant,18,213.83095035370704,-13.568313158298796,engine
Ascendant,19,213.99533390947778,-13.624182274378592,engine
Ascendant,20,214.15979748341104,-13.679944178097188,engine
Ascendant,21,214.32434166676032,-13.735598479861244,engine
Ascendant,22,214.488967054472,-13.791144790891183,engine
Ascendant,23,214.653674246139,-13.846582723516985,engine
Ascendant,24,214.81846384389615,-13.901911890443328,engine
Ascendant,25,214.98333645490465,-13.95713190555999,engine
Ascendant,26,215.1482926889397,-14.012242383106086,engine
Ascendant,27,215.3133331608783,-14.067242938476818,engine
Ascendant,28,215.47845848828524,-14.122133187390542,engine
Ascendant,29,215.6436694044127,-14.176912783286927,engine
Ascendant,30,215.80896631411477,-14.231581270143177,engine
Midheaven,-30,131.34134856556486,18.02819681056009,engine
Midheaven,-20,133.85053520894604,17.360085613430304,engine
Midheaven,-15,135.1051333789529,17.012320761237053,engine
Midheaven,-10,136.35973155359753,16.655545134628294,engine
Midheaven,-5,137.61432781536527,16.289864377345634,engine
Midheaven,-2,138.36708353705149,16.06622838714079,engine
Midheaven,-1,138.61800168013576,15.99098413771047,engine
Midheaven,0,138.86891957816613,15.91539205865856,engine
Midheaven,1,139.11983721370723,15.839453147578661,engine
Midheaven,2,139.37075456794588,15.763168415706497,engine
Midheaven,3,139.62167162395465,15.686538887010348,engine
Midheaven,4,139.87258836343085,15.609565599259984,engine
Midheaven,5,140.12350476809644,15.532249603681713,engine
Midheaven,6,140.37442098888982,15.45459191255603,engine
Midheaven,7,140.62533667199975,15.376593708108347,engine
Midheaven,8,140.87625196702254,15.298256030566192,engine
Midheaven,9,141.12716685672308,15.219579985437246,engine
Midheaven,10,141.37808132389785,15.140566692051479,engine
Midheaven,11,141.62899535044338,15.061217283927595,engine
Midheaven,12,141.87990891829043,14.981532908552065,engine
Midheaven,13,142.1308220108032,14.901514727000107,engine
Midheaven,14,142.38173460951793,14.821163915040728,engine
Midheaven,15,142.63264669787355,14.740481662012806,engine
Midheaven,16,142.8835582574838,14.659469172083476,engine
Midheaven,17,143.13446944012287,14.578127608456212,engine
Midheaven,18,143.38537989097588,14.496458313040312,engine
Midheaven,19,143.63628976143679,14.414462478178157,engine
Midheaven,20,143.8871990346882,14.332141365118357,engine
Midheaven,21,144.13810769302657,14.249496249944583,engine
Midheaven,22,144.3890157187961,14.166528423328339,engine
Midheaven,23,144.6399230957873,14.083239190117908,engine
Midheaven,24,144.89082980597675,13.99962987047092,engine
Midheaven,25,145.1417358332564,13.915701798667666,engine
Midheaven,26,145.39264115970667,13.831456324402534,engine
Midheaven,27,145.64354576932618,13.746894811584387,engine
Midheaven,28,145.89444964430416,13.662018639634203,engine
Midheaven,29,146.1453529365353,13.576829145200291,engine
Midheaven,30,146.3962552932205,13.491327851384234,engine
Vertex,-30,56.649533917106965,19.90549229043361,engine
Vertex,-20,59.67069250426313,20.513874249678324,engine
Vertex,-15,61.16188999419089,20.79330316679279,engine
Vertex,-10,62.64029700549586,21.05664939145768,engine
Vertex,-5,64.10602938489984,21.30423878021116,engine
Vertex,-2,64.97943743850892,21.445365790681944,engine
Vertex,-1,65.26957470794414,21.491186191149794,engine
Vertex,0,65.55921447010483,21.536400025802468,engine
Vertex,1,65.8483578701826,21.581009936210712,engine
Vertex,2,66.13700606769436,21.625018563094002,engine
Vertex,3,66.42516023988944,21.668428546436918,engine
Vertex,4,66.71282157764536,21.71124252446473,engine
Vertex,5,66.9999912867375,21.753463133456485,engine
Vertex,6,67.28667078063857,21.795093035191414,engine
Vertex,7,67.57286091047564,21.83613480510417,engine
Vertex,8,67.85856311655127,21.87659109915213,engine
Vertex,9,68.14377866191026,21.91646454182222,engine
Vertex,10,68.42850882282102,21.955757753630294,engine
Vertex,11,68.71275488739735,21.994473350607947,engine
Vertex,12,68.99651815634186,22.032613944094237,engine
Vertex,13,69.27979994420792,22.07018214059399,engine
Vertex,14,69.56260157539998,22.107180540945233,engine
Vertex,15,69.84492438807615,22.143611740548707,engine
Vertex,16,70.1267697296404,22.179478328498472,engine
Vertex,17,70.40813914915819,22.214782911300702,engine
Vertex,18,70.68903363846945,22.249528017719783,engine
Vertex,19,70.9694547676361,22.283716240993705,engine
Vertex,20,71.24940392804052,22.31735014327854,engine
Vertex,21,71.52888251990204,22.35043227911686,engine
Vertex,22,71.80789195303835,22.382965195304358,engine
Vertex,23,72.08643364813717,22.414951430811673,engine
Vertex,24,72.36450903285495,22.446393516117862,engine
Vertex,25,72.64211954568466,22.47729397344779,engine
Vertex,26,72.9192666315544,22.507655316075304,engine
Vertex,27,73.19595174568838,22.537480048561036,engine
Vertex,28,73.47217634922715,22.56677066608739,engine
Vertex,29,73.74794209733855,22.595529673750757,engine
Vertex,30,74.02325009803545,22.623759509408455,engine
Algol,-30,47.03833841646105,40.953047534125716,engine
Algol,-20,47.038336094440396,40.953047642493026,engine
Algol,-15,47.03833493034086,40.95304767205464,engine
Algol,-10,47.03833376514865,40.95304768517858,engine
Algol,-5,47.0383325995892,40.95304768185749,engine
Algol,-2,47.038331900379376,40.95304767197111,engine
Algol,-1,47.038331667365235,40.95304766736028,engine
Algol,0,47.038331434388674,40.95304766209189,engine
Algol,1,47.03833120145549,40.95304765616602,engine
Algol,2,47.03833096857149,40.95304764958279,engine
Algol,3,47.03833073574249,40.95304764234231,engine
Algol,4,47.03833050297427,40.953047634444715,engine
Algol,5,47.038330270272674,40.95304762589014,engine
Algol,6,47.03833003764328,40.953047616678745,engine
Algol,7,47.03832980509225,40.95304760681069,engine
Algol,8,47.038329572625194,40.95304759628617,engine
Algol,9,47.03832934024791,40.95304758510536,engine
Algol,10,47.038329107966206,40.953047573268485,engine
Algol,11,47.038328875785886,40.953047560775744,engine
Algol,12,47.038328643712696,40.95304754762738,engine
Algol,13,47.03832841175247,40.953047533823636,engine
Algol,14,47.03832817991098,40.95304751936476,engine
Algol,15,47.038327948193974,40.953047504251025,engine
Algol,16,47.03832771660727,40.95304748848272,engine
Algol,17,47.03832748515649,40.95304747206011,engine
Algol,18,47.038327253847726,40.95304745498352,engine
Algol,19,47.038327022686545,40.95304743725328,engine
Algol,20,47.03832679167878,40.95304741886972,engine
Algol,21,47.03832656083017,40.95304739983317,engine
Algol,22,47.038326330146496,40.95304738014397,engine
Algol,23,47.038326099633494,40.953047359802525,engine
Algol,24,47.038325869296926,40.9530473388092,engine
Algol,25,47.038325639142556,40.95304731716438,engine
Algol,26,47.03832540917613,40.953047294868476,engine
Algol,27,47.0383251794034,40.95304727192191,engine
Algol,28,47.03832494983012,40.95304724832511,engine
Algol,29,47.03832472046186,40.953047224078496,engine
Algol,30,47.03832449130466,40.95304719918258,engine
Pleiades,-30,56.86722428510851,24.103755828213576,engine
Pleiades,-20,56.86722236941681,24.103756127700816,engine
Pleiades,-15,56.86722140204064,24.103756262462205,engine
Pleiades,-10,56.8672204290923,24.10375638717094,engine
Pleiades,-5,56.86721945116089,24.10375650178471,engine
Pleiades,-2,56.86721886225639,24.10375656569155,engine
Pleiades,-1,56.867218665625714,24.103756586181934,engine
Pleiades,0,56.867218468838395,24.10375660626595,engine
Pleiades,1,56.86721827189917,24.103756625943344,engine
Pleiades,2,56.867218074812804,24.103756645213867,engine
Pleiades,3,56.86721787758406,24.1037566640773,engine
Pleiades,4,56.867217680217706,24.103756682533433,engine
Pleiades,5,56.8672174827185,24.10375670058202,engine
Pleiades,6,56.867217285091094,24.103756718222897,engine
Pleiades,7,56.86721708734053,24.10375673545582,engine
Pleiades,8,56.86721688947142,24.103756752280617,engine
Pleiades,9,56.86721669148858,24.103756768697114,engine
Pleiades,10,56.867216493396754,24.103756784705123,engine
Pleiades,11,56.86721629520077,24.10375680030448,engine
Pleiades,12,56.86721609690537,24.10375681549503,engine
Pleiades,13,56.86721589851534,24.103756830276613,engine
Pleiades,14,56.867215700035494,24.10375684464909,engine
Pleiades,15,56.867215501470625,24.10375685861231,engine
Pleiades,16,56.867215302825485,24.10375687216617,engine
Pleiades,17,56.86721510410477,24.103756885310545,engine
Pleiades,18,56.86721490531354,24.103756898045294,engine
Pleiades,19,56.86721470645644,24.103756910370343,engine
Pleiades,20,56.86721450753826,24.103756922285584,engine
Pleiades,21,56.86721430856381,24.103756933790923,engine
Pleiades,22,56.8672141095379,24.103756944886285,engine
Pleiades,23,56.867213910465324,24.10375695557158,engine
Pleiades,24,56.86721371135087,24.103756965846774,engine
Pleiades,25,56.86721351219935,24.103756975711786,engine
Pleiades,26,56.86721331301556,24.103756985166566,engine
Pleiades,27,56.867213113804326,24.10375699421108,engine
Pleiades,28,56.86721291457044,24.103757002845292,engine
Pleiades,29,56.867212715318544,24.10375701106918,engine
Pleiades,30,56.86721251605375,24.103757018882696,engine
Capella,-30,79.16584604235398,45.99403944174985,engine
Capella,-20,79.1658438155118,45.99404020903154,engine
Capella,-15,79.16584267054719,45.99404057068287,engine
Capella,-10,79.16584150541588,45.994040917373894,engine
Capella,-5,79.16584032077631,45.994041248888166,engine
Capella,-2,79.1658396009063,45.99404144042449,engine
Capella,-1,79.16583935946757,45.99404150303139,engine
Capella,0,79.16583911729685,45.99404156501635,engine
Capella,1,79.1658388743996,45.99404162637778,engine
Capella,2,79.16583863078124,45.99404168711407,engine
Capella,3,79.16583838644729,45.99404174722368,engine
Capella,4,79.1658381414032,45.99404180670504,engine
Capella,5,79.16583789565449,45.99404186555663,engine
Capella,6,79.16583764920651,45.99404192377693,engine
Capella,7,79.16583740206511,45.99404198136436,engine
Capella,8,79.16583715423567,45.99404203831744,engine
Capella,9,79.16583690572372,45.994042094634686,engine
Capella,10,79.16583665653488,45.99404215031462,engine
Capella,11,79.16583640667469,45.99404220535574,engine
Capella,12,79.16583615614874,45.99404225975662,engine
Capella,13,79.16583590496265,45.994042313515806,engine
Capella,14,79.16583565312203,45.99404236663185,engine
Capella,15,79.16583540063253,45.99404241910336,engine
Capella,16,79.16583514749975,45.9940424709289,engine
Capella,17,79.16583489372924,45.99404252210712,engine
Capella,18,79.16583463932696,45.994042572636545,engine
Capella,19,79.1658343842984,45.994042622515884,engine
Capella,20,79.16583412864932,45.99404267174373,engine
Capella,21,79.16583387238539,45.994042720318745,engine
Capella,22,79.16583361551231,45.994042768239616,engine
Capella,23,79.16583335803581,45.99404281550501,engine
Capella,24,79.16583309996165,45.994042862113616,engine
Capella,25,79.16583284129557,45.994042908064145,engine
Capella,26,79.16583258204334,45.9940429533553,engine
Capella,27,79.1658323222107,45.99404299798582,engine
Capella,28,79.16583206180347,45.99404304195442,engine
Capella,29,79.16583180082726,45.99404308525992,engine
Capella,30,79.16583153928822,45.99404312790101,engine
Sirius,-30,101.27785576032727,-16.7230176035976,engine
Sirius,-20,101.27785459707277,-16.723017764242428,engine
Sirius,-15,101.27785398225475,-16.72301783886558,engine
Sirius,-10,101.27785334572437,-16.723017909511572,engine
Sirius,-5,101.27785268780553,-16.723017976049565,engine
Sirius,-2,101.27785228292653,-16.72301801394681,engine
Sirius,-1,101.27785214629526,-16.7230180262355,engine
Sirius,0,101.27785200883277,-16.723018038350645,engine
Sirius,1,101.27785187054187,-16.723018050291234,engine
Sirius,2,101.27785173142537,-16.72301806205626,engine
Sirius,3,101.27785159148605,-16.723018073644717,engine
Sirius,4,101.2778514507268,-16.723018085055614,engine
Sirius,5,101.27785130915042,-16.72301809628796,engine
Sirius,6,101.27785116675972,-16.723018107340753,engine
Sirius,7,101.27785102355773,-16.723018118213005,engine
Sirius,8,101.27785087954729,-16.723018128903746,engine
Sirius,9,101.2778507347313,-16.723018139411973,engine
Sirius,10,101.27785058911269,-16.723018149736728,engine
Sirius,11,101.2778504426944,-16.723018159877025,engine
Sirius,12,101.2778502954794,-16.723018169831896,engine
Sirius,13,101.27785014747063,-16.72301817960038,engine
Sirius,14,101.27784999867113,-16.72301818918151,engine
Sirius,15,101.27784984908386,-16.723018198574323,engine
Sirius,16,101.27784969871189,-16.723018207777862,engine
Sirius,17,101.2778495475581,-16.723018216791193,engine
Sirius,18,101.27784939562576,-16.723018225613338,engine
Sirius,19,101.27784924291784,-16.723018234243362,engine
Sirius,20,101.27784908943742,-16.723018242680332,engine
Sirius,21,101.27784893518762,-16.723018250923303,engine
Sirius,22,101.27784878017148,-16.723018258971354,engine
Sirius,23,101.27784862439218,-16.72301826682353,engine
Sirius,24,101.27784846785285,-16.723018274478928,engine
Sirius,25,101.27784831055662,-16.723018281936607,engine
Sirius,26,101.27784815250668,-16.723018289195654,engine
Sirius,27,101.27784799370622,-16.72301829625516,engine
Sirius,28,101.2778478341584,-16.72301830311421,engine
Sirius,29,101.27784767386636,-16.72301830977189,engine
Sirius,30,101.27784751283352,-16.72301831622731,engine
Procyon,-30,114.81555534367561,5.2192254897182115,engine
Procyon,-20,114.81555456947281,5.21922587093846,engine
Procyon,-15,114.81555414663241,5.219226060391536,engine
Procyon,-10,114.8155537002096,5.219226249011599,engine
Procyon,-5,114.81555323040106,5.2192264367529875,engine
Procyon,-2,114.81555293737692,5.219226548957167,engine
Procyon,-1,114.81555283785599,5.219226586282959,engine
Procyon,0,114.81555273741492,5.2192266235703535,engine
Procyon,1,114.81555263605544,5.219226660818993,engine
Procyon,2,114.81555253377937,5.219226698028518,engine
Procyon,3,114.81555243058858,5.219226735198575,engine
Procyon,4,114.81555232648486,5.21922677232881,engine
Procyon,5,114.81555222147011,5.219226809418864,engine
Procyon,6,114.8155521155461,5.219226846468414,engine
Procyon,7,114.81555200871485,5.219226883477054,engine
Procyon,8,114.81555190097826,5.219226920444458,engine
Procyon,9,114.81555179233823,5.2192269573702745,engine
Procyon,10,114.8155516827967,5.219226994254154,engine
Procyon,11,114.8155515723556,5.219227031095744,engine
Procyon,12,114.81555146101697,5.219227067894695,engine
Procyon,13,114.81555134878275,5.219227104650665,engine
Procyon,14,114.81555123565504,5.2192271413633,engine
Procyon,15,114.81555112163576,5.219227178032258,engine
Procyon,16,114.81555100672702,5.219227214657191,engine
Procyon,17,114.81555089093081,5.219227251237782,engine
Procyon,18,114.81555077424935,5.219227287773632,engine
Procyon,19,114.81555065668466,5.219227324264428,engine
Procyon,20,114.81555053823888,5.219227360709823,engine
Procyon,21,114.81555041891413,5.219227397109479,engine
Procyon,22,114.81555029871252,5.2192274334630575,engine
Procyon,23,114.81555017763628,5.219227469770217,engine
Procyon,24,114.8155500556876,5.219227506030616,engine
Procyon,25,114.8155499328686,5.2192275422439165,engine
Procyon,26,114.81554980918155,5.219227578409786,engine
Procyon,27,114.81554968462869,5.219227614527889,engine
Procyon,28,114.81554955921224,5.219227650597884,engine
Procyon,29,114.81554943293442,5.219227686619467,engine
Procyon,30,114.81554930579765,5.219227722592253,engine
Alkaid,-30,206.88578614522868,49.317671140019655,engine
Alkaid,-20,206.88578860769684,49.31767184426927,engine
Alkaid,-15,206.88578982247387,49.31767222365297,engine
Alkaid,-10,206.8857910252087,49.31767262104501,engine
Alkaid,-5,206.8857922151058,49.31767303631161,engine
Alkaid,-2,206.88579292255304,49.317673293992385,engine
Alkaid,-1,206.88579315724922,49.317673381299024,engine
Alkaid,0,206.88579339137522,49.31767346931017,engine
Alkaid,1,206.88579362492473,49.31767355802458,engine
Alkaid,2,206.8857938578916,49.31767364744102,engine
Alkaid,3,206.8857940902695,49.3176737375582,engine
Alkaid,4,206.88579432205233,49.31767382837487,engine
Alkaid,5,206.88579455323386,49.31767391988974,engine
Alkaid,6,206.88579478380802,49.317674012101556,engine
Alkaid,7,206.88579501376836,49.3176741050089,engine
Alkaid,8,206.88579524310882,49.31767419861049,engine
Alkaid,9,206.8857954718233,49.31767429290497,engine
Alkaid,10,206.88579569990563,49.31767438789101,engine
Alkaid,11,206.8857959273497,49.31767448356723,engine
Alkaid,12,206.88579615414943,49.31767457993226,engine
Alkaid,13,206.88579638029861,49.31767467698467,engine
Alkaid,14,206.88579660579123,49.317674774723095,engine
Alkaid,15,206.88579683062122,49.317674873146096,engine
Alkaid,16,206.88579705478247,49.317674972252235,engine
Alkaid,17,206.8857972782691,49.31767507204014,engine
Alkaid,18,206.88579750107473,49.31767517250821,engine
Alkaid,19,206.88579772319355,49.31767527365503,engine
Alkaid,20,206.8857979446195,49.31767537547913,engine
Alkaid,21,206.8857981653466,49.317675477979016,engine
Alkaid,22,206.88579838536887,49.317675581153146,engine
Alkaid,23,206.8857986046803,49.31767568500002,engine
Alkaid,24,206.88579882327494,49.31767578951808,engine
Alkaid,25,206.88579904114684,49.3176758947058,engine
Alkaid,26,206.88579925829012,49.317676000561605,engine
Alkaid,27,206.88579947469876,49.3176761070839,engine
Alkaid,28,206.88579969036695,49.31767621427112,engine
Alkaid,29,206.88579990528893,49.31767632212173,engine
Alkaid,30,206.88580011945848,49.31767643063396,engine
Algorab,-30,187.46396905108165,-16.517252771836848,engine
Algorab,-20,187.46397038118315,-16.51725287956289,engine
Algorab,-15,187.46397102319443,-16.51725294212583,engine
Algorab,-10,187.4639716492349,-16.51725301036335,engine
Algorab,-5,187.46397225885582,-16.517253084178048,engine
Algorab,-2,187.46397261656318,-16.51725313110238,engine
Algorab,-1,187.46397273443384,-16.51725314717819,engine
Algorab,0,187.46397285161615,-16.517253163469817,engine
Algorab,1,187.46397296810673,-16.517253179976425,engine
Algorab,2,187.4639730839021,-16.517253196697194,engine
Algorab,3,187.46397319899887,-16.51725321363126,engine
Algorab,4,187.46397331339364,-16.5172532307778,engine
Algorab,5,187.46397342708306,-16.51725324813596,engine
Algorab,6,187.46397354006376,-16.517253265704902,engine
Algorab,7,187.46397365233233,-16.517253283483758,engine
Algorab,8,187.46397376388543,-16.517253301471662,engine
Algorab,9,187.46397387471973,-16.517253319667763,engine
Algorab,10,187.46397398483197,-16.517253338071196,engine
Algorab,11,187.4639740942188,-16.517253356681092,engine
Algorab,12,187.46397420287693,-16.517253375496566,engine
Algorab,13,187.4639743108031,-16.517253394516754,engine
Algorab,14,187.4639744179941,-16.517253413740754,engine
Algorab,15,187.4639745244466,-16.517253433167696,engine
Algorab,16,187.46397463015742,-16.517253452796695,engine
Algorab,17,187.46397473512343,-16.517253472626848,engine
Algorab,18,187.4639748393412,-16.517253492657247,engine
Algorab,19,187.46397494280768,-16.517253512887002,engine
Algorab,20,187.4639750455197,-16.517253533315213,engine
Algorab,21,187.4639751474741,-16.517253553940954,engine
Algorab,22,187.46397524866768,-16.517253574763323,engine
Algorab,23,187.46397534909735,-16.517253595781405,engine
Algorab,24,187.46397544876,-16.51725361699427,engine
Algorab,25,187.46397554765252,-16.517253638401,engine
Algorab,26,187.46397564577182,-16.517253660000666,engine
Algorab,27,187.46397574311484,-16.517253681792354,engine
Algorab,28,187.46397583967848,-16.517253703775097,engine
Algorab,29,187.4639759354598,-16.51725372594798,engine
Algorab,30,187.46397603045568,-16.517253748310058,engine
Spica,-30,201.29863269556944,-11.161958635115363,engine
Spica,-20,201.29863425335498,-11.161958561211488,engine
Spica,-15,201.2986350177922,-11.16195853105614,engine
Spica,-10,201.2986357719058,-11.161958505375715,engine
Spica,-5,201.29863651518735,-11.161958484125412,engine
Spica,-2,201.2986369557471,-11.161958473482262,engine
Spica,-1,201.29863710167484,-11.161958470283412,engine
Spica,0,201.29863724713314,-11.161958467258327,engine
Spica,1,201.2986373921181,-11.16195846440662,engine
Spica,2,201.2986375366257,-11.161958461727888,engine
Spica,3,201.29863768065206,-11.161958459221722,engine
Spica,4,201.29863782419318,-11.161958456887717,engine
Spica,5,201.29863796724518,-11.161958454725449,engine
Spica,6,201.29863810980422,-11.16195845273452,engine
Spica,7,201.29863825186615,-11.1619584509145,engine
Spica,8,201.29863839342724,-11.161958449264976,engine
Spica,9,201.29863853448353,-11.16195844778552,engine
Spica,10,201.29863867503116,-11.161958446475694,engine
Spica,11,201.2986388150663,-11.161958445335078,engine
Spica,12,201.29863895458502,-11.161958444363236,engine
Spica,13,201.29863909358352,-11.161958443559728,engine
Spica,14,201.29863923205792,-11.161958442924101,engine
Spica,15,201.2986393700044,-11.161958442455932,engine
Spica,16,201.29863950741915,-11.161958442154758,engine
Spica,17,201.29863964429842,-11.161958442020138,engine
Spica,18,201.29863978063824,-11.16195844205161,engine
Spica,19,201.29863991643492,-11.161958442248718,engine
Spica,20,201.29864005168466,-11.161958442611004,engine
Spica,21,201.29864018638372,-11.161958443138003,engine
Spica,22,201.29864032052828,-11.161958443829246,engine
Spica,23,201.29864045411466,-11.161958444684268,engine
Spica,24,201.29864058713906,-11.161958445702599,engine
Spica,25,201.29864071959778,-11.16195844688375,engine
Spica,26,201.2986408514871,-11.161958448227251,engine
Spica,27,201.2986409828033,-11.161958449732616,engine
Spica,28,201.29864111354271,-11.161958451399368,engine
Spica,29,201.29864124370172,-11.161958453227006,engine
Spica,30,201.29864137327647,-11.161958455215045,engine
Arcturus,-30,213.90997084131232,19.17220896759286,engine
Arcturus,-20,213.90997261466507,19.172209358634355,engine
Arcturus,-15,213.9099734947294,19.172209566259657,engine
Arcturus,-10,213.90997436962408,19.172209781912837,engine
Arcturus,-5,213.90997523878124,19.17221000555779,engine
Arcturus,-2,213.9099757572861,19.172210143564303,engine
Arcturus,-1,213.90997592959576,19.17221019020104,engine
Arcturus,0,213.9099761016353,19.172210237154474,engine
Arcturus,1,213.90997627340025,19.172210284424235,engine
Arcturus,2,213.909976444886,19.17221033200995,engine
Arcturus,3,213.90997661608827,19.17221037991126,engine
Arcturus,4,213.90997678700245,19.172210428127787,engine
Arcturus,5,213.90997695762405,19.17221047665911,engine
Arcturus,6,213.90997712794885,19.172210525504912,engine
Arcturus,7,213.90997729797206,19.172210574664703,engine
Arcturus,8,213.90997746768937,19.172210624138128,engine
Arcturus,9,213.90997763709638,19.17221067392475,engine
Arcturus,10,213.90997780618858,19.17221072402418,engine
Arcturus,11,213.9099779749616,19.172210774435975,engine
Arcturus,12,213.90997814341094,19.172210825159716,engine
Arcturus,13,213.90997831153229,19.172210876194967,engine
Arcturus,14,213.90997847932113,19.172210927541293,engine
Arcturus,15,213.9099786467731,19.17221097919824,engine
Arcturus,16,213.90997881388384,19.172211031165354,engine
Arcturus,17,213.90997898064896,19.17221108344221,engine
Arcturus,18,213.90997914706395,19.172211136028277,engine
Arcturus,19,213.90997931312452,19.172211188923132,engine
Arcturus,20,213.90997947882622,19.172211242126266,engine
Arcturus,21,213.9099796441648,19.17221129563724,engine
Arcturus,22,213.9099798091358,19.17221134945553,engine
Arcturus,23,213.90997997373492,19.172211403580654,engine
Arcturus,24,213.90998013795777,19.17221145801212,engine
Arcturus,25,213.9099803018001,19.17221151274942,engine
Arcturus,26,213.9099804652575,19.172211567792022,engine
Arcturus,27,213.90998062832566,19.17221162313943,engine
Arcturus,28,213.90998079100024,19.17221167879112,engine
Arcturus,29,213.90998095327708,19.172211734746586,engine
Arcturus,30,213.90998111515168,19.172211791005232,engine
Alphecca,-30,233.676678103798,26.71662143742743,engine
Alphecca,-20,233.67668007045532,26.716621619587674,engine
Alphecca,-15,233.67668106122898,26.71662172723222,engine
Alphecca,-10,233.67668205615865,26.71662184597483,engine
Alphecca,-5,233.6766830546367,26.71662197585029,engine
Alphecca,-2,233.676683655173,26.716622059131744,engine
Alphecca,-1,233.67668385556408,26.716622087786185,engine
Alphecca,0,233.67668405605312,26.716622116887915,engine
Alphecca,1,233.67668425663527,26.716622146437125,engine
Alphecca,2,233.6766844573057,26.71662217643395,engine
Alphecca,3,233.67668465805934,26.716622206878583,engine
Alphecca,4,233.67668485889146,26.716622237771137,engine
Alphecca,5,233.67668505979708,26.716622269111785,engine
Alphecca,6,233.6766852607715,26.716622300900674,engine
Alphecca,7,233.67668546180943,26.716622333137874,engine
Alphecca,8,233.67668566290618,26.716622365823532,engine
Alphecca,9,233.67668586405688,26.71662239895774,engine
Alphecca,10,233.67668606525652,26.71662243254061,engine
Alphecca,11,233.67668626650035,26.716622466572225,engine
Alphecca,12,233.67668646778324,26.71662250105267,engine
Alphecca,13,233.67668666910055,26.716622535982022,engine
Alphecca,14,233.67668687044713,26.71662257136033,engine
Alphecca,15,233.6766870718182,26.716622607187656,engine
Alphecca,16,233.67668727320887,26.716622643464053,engine
Alphecca,17,233.67668747461425,26.71662268018957,engine
Alphecca,18,233.67668767602927,26.716622717364196,engine
Alphecca,19,233.67668787744907,26.716622754987963,engine
Alphecca,20,233.67668807886886,26.71662279306092,engine
Alphecca,21,233.67668828028357,26.71662283158303,engine
Alphecca,22,233.6766884816884,26.7166228705543,engine
Alphecca,23,233.67668868307837,26.71662290997472,engine
Alphecca,24,233.6766888844487,26.71662294984428,engine
Alphecca,25,233.6766890857943,26.716622990162907,engine
Alphecca,26,233.67668928711038,26.71662303093062,engine
Alphecca,27,233.67668948839207,26.716623072147314,engine
Alphecca,28,233.67668968963437,26.716623113812975,engine
Alphecca,29,233.67668989083248,26.716623155927554,engine
Alphecca,30,233.67669009198124,26.71662319849089,engine
Vega,-30,279.2433933480313,38.78631788172782,engine
Vega,-20,279.24339484548733,38.786317252869516,engine
Vega,-15,279.243395634056,38.78631695162918,engine
Vega,-10,279.2433964486478,38.786316659557635,engine
Vega,-5,279.24339728884433,38.78631637693148,engine
Vega,-2,279.2433978050737,38.786316212003,engine
Vega,-1,279.2433979791477,38.78631615781431,engine
Vega,0,279.24339815421456,38.78631610402291,engine
Vega,1,279.24339833027074,38.78631605063093,engine
Vega,2,279.2433985073126,38.78631599764049,engine
Vega,3,279.24339868533644,38.78631594505369,engine
Vega,4,279.2433988643387,38.78631589287266,engine
Vega,5,279.24339904431577,38.78631584109942,engine
Vega,6,279.24339922526406,38.78631578973611,engine
Vega,7,279.2433994071796,38.78631573878484,engine
Vega,8,279.2433995900588,38.786315688247655,engine
Vega,9,279.24339977389803,38.786315638126574,engine
Vega,10,279.2433999586934,38.786315588423705,engine
Vega,11,279.2434001444412,38.786315539141086,engine
Vega,12,279.24340033113765,38.78631549028074,engine
Vega,13,279.24340051877897,38.7863154418447,engine
Vega,14,279.24340070736133,38.786315393835,engine
Vega,15,279.2434008968808,38.786315346253645,engine
Vega,16,279.24340108733355,38.78631529910263,engine
Vega,17,279.243401278716,38.786315252383964,engine
Vega,18,279.24340147102384,38.78631520609963,engine
Vega,19,279.2434016642533,38.78631516025165,engine
Vega,20,279.2434018584005,38.78631511484194,engine
Vega,21,279.2434020534614,38.786315069872515,engine
Vega,22,279.2434022494321,38.78631502534529,engine
Vega,23,279.2434024463087,38.78631498126222,engine
Vega,24,279.2434026440871,38.78631493762525,engine
Vega,25,279.24340284276326,38.786314894436316,engine
Vega,26,279.2434030423332,38.78631485169734,engine
Vega,27,279.24340324279297,38.78631480941022,engine
Vega,28,279.2434034441382,38.78631476757688,engine
Vega,29,279.24340364636527,38.78631472619919,engine
Vega,30,279.24340384946964,38.78631468527908,engine
Deneb Algedi,-30,326.7661619293234,-16.127519330563242,engine
Deneb Algedi,-20,326.76616174337533,-16.127518609397143,engine
Deneb Algedi,-15,326.7661616884575,-16.127518246477063,engine
Deneb Algedi,-10,326.76616165907615,-16.12751788219615,engine
Deneb Algedi,-5,326.76616165534017,-16.12751751670295,engine
Deneb Algedi,-2,326.7661616654491,-16.127517296887255,engine
Deneb Algedi,-1,326.7661616708814,-16.127517223535914,engine
Deneb Algedi,0,326.76616167734625,-16.12751715014682,engine
Deneb Algedi,1,326.7661616848441,-16.127517076721208,engine
Deneb Algedi,2,326.7661616933757,-16.12751700326027,engine
Deneb Algedi,3,326.7661617029416,-16.127516929765196,engine
Deneb Algedi,4,326.76616171354243,-16.127516856237193,engine
Deneb Algedi,5,326.7661617251786,-16.127516782677468,engine
Deneb Algedi,6,326.76616173785084,-16.127516709087168,engine
Deneb Algedi,7,326.76616175155954,-16.127516635467614,engine
Deneb Algedi,8,326.7661617663052,-16.12751656181993,engine
Deneb Algedi,9,326.7661617820883,-16.12751648814533,engine
Deneb Algedi,10,326.76616179890937,-16.127516414445044,engine
Deneb Algedi,11,326.7661618167688,-16.12751634072024,engine
Deneb Algedi,12,326.766161835667,-16.12751626697215,engine
Deneb Algedi,13,326.7661618556043,-16.12751619320198,engine
Deneb Algedi,14,326.76616187658124,-16.127516119410917,engine
Deneb Algedi,15,326.76616189859806,-16.127516045600196,engine
Deneb Algedi,16,326.76616192165505,-16.127515971770993,engine
Deneb Algedi,17,326.7661619457527,-16.127515897924496,engine
Deneb Algedi,18,326.7661619708911,-16.127515824061998,engine
Deneb Algedi,19,326.7661619970707,-16.12751575018466,engine
Deneb Algedi,20,326.7661620242917,-16.127515676293697,engine
Deneb Algedi,21,326.7661620525543,-16.127515602390307,engine
Deneb Algedi,22,326.76616208185874,-16.1275155284757,engine
Deneb Algedi,23,326.7661621122053,-16.1275154545511,engine
Deneb Algedi,24,326.766162143594,-16.1275153806177,engine
Deneb Algedi,25,326.7661621760251,-16.127515306676724,engine
Deneb Algedi,26,326.7661622094987,-16.127515232729383,engine
Deneb Algedi,27,326.766162244015,-16.127515158776873,engine
Deneb Algedi,28,326.7661622795739,-16.127515084820413,engine
Deneb Algedi,29,326.7661623161758,-16.127515010861163,engine
Deneb Algedi,30,326.76616235382045,-16.127514936900436,engine
Rigel,-30,78.629469961975,-8.200682518229968,engine
Rigel,-20,78.6294683884447,-8.200682389610268,engine
Rigel,-15,78.62946757982776,-8.200682320982224,engine
Rigel,-10,78.62946675725213,-8.200682249415335,engine
Rigel,-5,78.62946592118278,-8.20068217486628,engine
Rigel,-2,78.62946541326029,-8.200682128687939,engine
Rigel,-1,78.62946524292877,-8.200682113051704,engine
Rigel,0,78.62946507209163,-8.200682097293205,engine
Rigel,1,78.62946490075274,-8.200682081412126,engine
Rigel,2,78.6294647289159,-8.200682065408149,engine
Rigel,3,78.62946455658499,-8.200682049280955,engine
Rigel,4,78.6294643837639,-8.20068203303024,engine
Rigel,5,78.6294642104565,-8.20068201665569,engine
Rigel,6,78.62946403666655,-8.200682000156988,engine
Rigel,7,78.6294638623982,-8.20068198353385,engine
Rigel,8,78.62946368765523,-8.20068196678597,engine
Rigel,9,78.62946351244156,-8.200681949913042,engine
Rigel,10,78.62946333676115,-8.200681932914762,engine
Rigel,11,78.62946316061787,-8.200681915790849,engine
Rigel,12,78.62946298401572,-8.200681898541006,engine
Rigel,13,78.62946280695863,-8.20068188116494,engine
Rigel,14,78.62946262945057,-8.200681863662362,engine
Rigel,15,78.6294624514955,-8.20068184603299,engine
Rigel,16,78.62946227309742,-8.200681828276544,engine
Rigel,17,78.62946209426018,-8.200681810392725,engine
Rigel,18,78.62946191498801,-8.200681792381282,engine
Rigel,19,78.62946173528482,-8.20068177424193,engine
Rigel,20,78.6294615551546,-8.20068175597439,engine
Rigel,21,78.62946137460138,-8.200681737578394,engine
Rigel,22,78.6294611936292,-8.20068171905368,engine
Rigel,23,78.62946101224207,-8.20068170039997,engine
Rigel,24,78.62946083044406,-8.200681681617018,engine
Rigel,25,78.62946064823922,-8.200681662704543,engine
Rigel,26,78.62946046563158,-8.200681643662305,engine
Rigel,27,78.62946028262526,-8.200681624490036,engine
Rigel,28,78.6294600992243,-8.200681605187485,engine
Rigel,29,78.62945991543269,-8.200681585754392,engine
Rigel,30,78.62945973125471,-8.200681566190534,engine
Betelgeuse,-30,88.78776220365857,7.407549222427018,engine
Betelgeuse,-20,88.78776080344551,7.407549608236806,engine
Betelgeuse,-15,88.787760076408,7.407549797672324,engine
Betelgeuse,-10,88.7877593319415,7.407549984729837,engine
Betelgeuse,-5,88.78775857044992,7.407550169362019,engine
Betelgeuse,-2,88.78775810555422,7.407550278957864,engine
Betelgeuse,-1,88.78775794927553,7.40755031529039,engine
Betelgeuse,0,88.78775779234573,7.4075503515226,engine
Betelgeuse,1,88.78775763476821,7.407550387654145,engine
Betelgeuse,2,88.78775747654639,7.407550423684666,engine
Betelgeuse,3,88.78775731768361,7.407550459613811,engine
Betelgeuse,4,88.78775715818338,7.407550495441233,engine
Betelgeuse,5,88.78775699804909,7.407550531166578,engine
Betelgeuse,6,88.78775683728409,7.407550566789525,engine
Betelgeuse,7,88.78775667589204,7.407550602309682,engine
Betelgeuse,8,88.78775651387633,7.407550637726731,engine
Betelgeuse,9,88.78775635124045,7.407550673040324,engine
Betelgeuse,10,88.78775618798787,7.407550708250138,engine
Betelgeuse,11,88.78775602412209,7.40755074335582,engine
Betelgeuse,12,88.78775585964667,7.4075507783570425,engine
Betelgeuse,13,88.78775569456512,7.407550813253473,engine
Betelgeuse,14,88.78775552888098,7.407550848044776,engine
Betelgeuse,15,88.78775536259782,7.407550882730627,engine
Betelgeuse,16,88.78775519571917,7.407550917310699,engine
Betelgeuse,17,88.78775502824854,7.407550951784687,engine
Betelgeuse,18,88.78775486018972,7.40755098615222,engine
Betelgeuse,19,88.78775469154621,7.40755102041301,engine
Betelgeuse,20,88.7877545223216,7.407551054566731,engine
Betelgeuse,21,88.78775435251954,7.407551088613069,engine
Betelgeuse,22,88.78775418214364,7.4075511225517054,engine
Betelgeuse,23,88.78775401119758,7.407551156382328,engine
Betelgeuse,24,88.78775383968497,7.407551190104633,engine
Betelgeuse,25,88.7877536676095,7.407551223718307,engine
Betelgeuse,26,88.78775349497485,7.407551257223043,engine
Betelgeuse,27,88.78775332178469,7.407551290618536,engine
Betelgeuse,28,88.78775314804274,7.407551323904488,engine
Betelgeuse,29,88.78775297375259,7.407551357080615,engine
Betelgeuse,30,88.78775279891819,7.407551390146581,engine
Polaris,-30,37.80708349638643,89.25897202241255,engine
Polaris,-20,37.80695109173014,89.2589716255837,engine
Polaris,-15,37.80688517649496,89.25897138978917,engine
Polaris,-10,37.806819508843226,89.2589711291559,engine
Polaris,-5,37.806754130746754,89.2589708437597,engine
Polaris,-2,37.806715060301144,89.2589706606718,engine
Polaris,-1,37.80670206489161,89.25897059767203,engine
Polaris,0,37.806689084073945,89.25897053368837,engine
Polaris,1,37.8066761181811,89.25897046872163,engine
Polaris,2,37.80666316754587,89.25897040277268,engine
Polaris,3,37.80665023250063,89.25897033584239,engine
Polaris,4,37.80663731337753,89.25897026793166,engine
Polaris,5,37.80662441050842,89.2589701990414,engine
Polaris,6,37.80661152421616,89.25897012917245,engine
Polaris,7,37.80659865484919,89.25897005832591,engine
Polaris,8,37.80658580272982,89.25896998650268,engine
Polaris,9,37.80657296818853,89.25896991370372,engine
Polaris,10,37.806560151555516,89.25896983993006,engine
Polaris,11,37.80654735316066,89.2589697651827,engine
Polaris,12,37.80653457333354,89.25896968946269,engine
Polaris,13,37.806521812403204,89.25896961277108,engine
Polaris,14,37.806509070698546,89.25896953510899,engine
Polaris,15,37.80649634854794,89.25896945647746,engine
Polaris,16,37.80648364627947,89.25896937687764,engine
Polaris,17,37.80647096421226,89.2589692963106,engine
Polaris,18,37.80645830269069,89.25896921477758,engine
Polaris,19,37.80644566203311,89.25896913227973,engine
Polaris,20,37.80643304256596,89.25896904881822,engine
Polaris,21,37.80642044461539,89.25896896439426,engine
Polaris,22,37.8064078685071,89.25896887900907,engine
Polaris,23,37.80639531456629,89.25896879266391,engine
Polaris,24,37.806382783117826,89.25896870536002,engine
Polaris,25,37.806370274486085,89.2589686170987,engine
Polaris,26,37.8063577889951,89.25896852788124,engine
Polaris,27,37.80634532696833,89.25896843770896,engine
Polaris,28,37.80633288872889,89.2589683465832,engine
Polaris,29,37.80632047459107,89.25896825450525,engine
Polaris,30,37.80630808489364,89.2589681614766,engine
Castor,-30,113.64165251435581,31.88836363827172,engine
Castor,-20,113.64165156027777,31.888364678301365,engine
Castor,-15,113.64165104161746,31.88836519152723,engine
Castor,-10,113.64165049551193,31.88836569986646,engine
Castor,-5,113.6416499222041,31.888366203051568,engine
Castor,-2,113.64164956526835,31.888366502378208,engine
Castor,-1,113.64164944414394,31.888366601710377,engine
Castor,0,113.64164932195018,31.888366700817347,engine
Castor,1,113.64164919868932,31.88836679969704,engine
Castor,2,113.64164907436356,31.888366898347368,engine
Castor,3,113.6416489489751,31.888366996766237,engine
Castor,4,113.64164882252624,31.88836709495158,engine
Castor,5,113.6416486950192,31.888367192901317,engine
Castor,6,113.64164856645624,31.88836729061346,engine
Castor,7,113.64164843683982,31.888367388085776,engine
Castor,8,113.64164830617221,31.888367485316312,engine
Castor,9,113.64164817445575,31.888367582302994,engine
Castor,10,113.64164804169279,31.888367679043764,engine
Castor,11,113.64164790788578,31.888367775536587,engine
Castor,12,113.6416477730371,31.888367871779405,engine
Castor,13,113.64164763714922,31.888367967770183,engine
Castor,14,113.64164750022455,31.888368063506924,engine
Castor,15,113.6416473622656,31.888368158987568,engine
Castor,16,113.64164722327484,31.888368254210093,engine
Castor,17,113.64164708325471,31.888368349172563,engine
Castor,18,113.64164694220793,31.88836844387282,engine
Castor,19,113.64164680013695,31.888368538308935,engine
Castor,20,113.64164665704435,31.888368632478894,engine
Castor,21,113.64164651293272,31.888368726380705,engine
Castor,22,113.64164636780468,31.888368820012367,engine
Castor,23,113.64164622166287,31.88836891337191,engine
Castor,24,113.64164607450992,31.888369006457342,engine
Castor,25,113.64164592634853,31.888369099266672,engine
Castor,26,113.64164577718137,31.888369191797977,engine
Castor,27,113.64164562701114,31.88836928404924,engine
Castor,28,113.64164547584059,31.888369376018517,engine
Castor,29,113.64164532367238,31.88836946770392,engine
Castor,30,113.64164517050943,31.88836955910339,engine
Altair,-30,297.7046733051975,8.871177744460576,engine
Altair,-20,297.70467400465077,8.87117774107393,engine
Altair,-15,297.7046743909643,8.871177740892335,engine
Altair,-10,297.704674801459,8.871177741827745,engine
Altair,-5,297.70467523596307,8.871177743961391,engine
Altair,-2,297.70467550811406,8.87117774585031,engine
Altair,-1,297.70467560072996,8.871177746585259,engine
Altair,0,297.7046756942928,8.871177747373926,engine
Altair,1,297.70467578880084,8.871177748216956,engine
Altair,2,297.7046758842526,8.871177749114986,engine
Altair,3,297.70467598064636,8.871177750068645,engine
Altair,4,297.70467607798054,8.871177751078571,engine
Altair,5,297.7046761762534,8.871177752145401,engine
Altair,6,297.70467627546327,8.871177753269766,engine
Altair,7,297.7046763756085,8.871177754452301,engine
Altair,8,297.70467647668727,8.871177755693632,engine
Altair,9,297.7046765786979,8.871177756994387,engine
Altair,10,297.70467668163866,8.871177758355204,engine
Altair,11,297.7046767855077,8.871177759776698,engine
Altair,12,297.70467689030323,8.87117776125951,engine
Altair,13,297.7046769960235,8.87117776280425,engine
Altair,14,297.7046771026667,8.871177764411549,engine
Altair,15,297.70467721023095,8.87117776608203,engine
Altair,16,297.70467731871435,8.871177767816317,engine
Altair,17,297.70467742811513,8.871177769615027,engine
Altair,18,297.7046775384312,8.871177771478774,engine
Altair,19,297.7046776496608,8.871177773408183,engine
Altair,20,297.704677761802,8.87117777540387,engine
Altair,21,297.7046778748527,8.871177777466439,engine
Altair,22,297.70467798881106,8.871177779596524,engine
Altair,23,297.704678103675,8.87117778179472,engine
Altair,24,297.70467821944266,8.871177784061645,engine
Altair,25,297.70467833611195,8.871177786397912,engine
Altair,26,297.70467845368074,8.871177788804133,engine
Altair,27,297.7046785721471,8.871177791280898,engine
Altair,28,297.7046786915089,8.871177793828826,engine
Altair,29,297.70467881176415,8.871177796448526,engine
Altair,30,297.70467893291055,8.871177799140591,engine
Bellatrix,-30,81.27761918963738,6.349992090557079,engine
Bellatrix,-20,81.27761766285624,6.34999243525618,engine
Bellatrix,-15,81.27761687629923,6.349992604259454,engine
Bellatrix,-10,81.27761607488475,6.349992770984215,engine
Bellatrix,-5,81.27761525906153,6.349992935396131,engine
Bellatrix,-2,81.2776147628409,6.3499930329192065,engine
Bellatrix,-1,81.27761459633497,6.349993065237991,engine
Bellatrix,0,81.27761442928569,6.349993097461893,engine
Bellatrix,1,81.27761426169678,6.349993129590664,engine
Bellatrix,2,81.27761409357197,6.349993161624045,engine
Bellatrix,3,81.277613924915,6.349993193561792,engine
Bellatrix,4,81.27761375572963,6.349993225403654,engine
Bellatrix,5,81.27761358601963,6.349993257149387,engine
Bellatrix,6,81.27761341578864,6.349993288798762,engine
Bellatrix,7,81.27761324504068,6.349993320351502,engine
Bellatrix,8,81.27761307377942,6.349993351807383,engine
Bellatrix,9,81.2776129020087,6.349993383166168,engine
Bellatrix,10,81.27761272973227,6.349993414427617,engine
Bellatrix,11,81.277612556954,6.349993445591497,engine
Bellatrix,12,81.27761238367769,6.349993476657578,engine
Bellatrix,13,81.2776122099072,6.349993507625624,engine
Bellatrix,14,81.27761203564637,6.349993538495403,engine
Bellatrix,15,81.27761186089909,6.349993569266694,engine
Bellatrix,16,81.27761168566919,6.349993599939269,engine
Bellatrix,17,81.27761150996044,6.349993630512923,engine
Bellatrix,18,81.27761133377696,6.349993660987396,engine
Bellatrix,19,81.27761115712256,6.349993691362484,engine
Bellatrix,20,81.2776109800011,6.349993721637974,engine
Bellatrix,21,81.27761080241653,6.349993751813646,engine
Bellatrix,22,81.27761062437276,6.349993781889284,engine
Bellatrix,23,81.27761044587373,6.349993811864681,engine
Bellatrix,24,81.27761026692336,6.3499938417396224,engine
Bellatrix,25,81.2776100875256,6.349993871513903,engine
Bellatrix,26,81.27760990768445,6.349993901187312,engine
Bellatrix,27,81.27760972740383,6.3499939307596485,engine
Bellatrix,28,81.27760954668776,6.349993960230706,engine
Bellatrix,29,81.27760936554004,6.349993989600307,engine
Bellatrix,30,81.27760918396496,6.349994018868211,engine
