body,minute,ra,dec,source
Aldebaran,-30,68.97635926894618,16.507159290619065,engine
Aldebaran,-20,68.976360333058,16.507159805617324,engine
Aldebaran,-15,68.97636083294758,16.507160069791627,engine
Aldebaran,-10,68.97636131092172,16.507160338242493,engine
Aldebaran,-5,68.97636176664024,16.50716061083731,engine
Aldebaran,-2,68.976362029251,16.507160776327307,engine
Aldebaran,-1,68.97636211496902,16.507160831806306,engine
Aldebaran,0,68.97636219977338,16.507160887441323,engine
Aldebaran,1,68.97636228366153,16.50716094323124,engine
Aldebaran,2,68.97636236663097,16.507160999174978,engine
Aldebaran,3,68.97636244867923,16.507161055271414,engine
Aldebaran,4,68.97636252980385,16.50716111151945,engine
Aldebaran,5,68.97636261000238,16.507161167917968,engine
Aldebaran,6,68.97636268927245,16.50716122446591,engine
Aldebaran,7,68.97636276761153,16.507161281162062,engine
Aldebaran,8,68.9763628450173,16.507161338005346,engine
Aldebaran,9,68.97636292148741,16.50716139499466,engine
Aldebaran,10,68.97636299701944,16.507161452128855,engine
Aldebaran,11,68.97636307161109,16.50716150940682,engine
Aldebaran,12,68.97636314526005,16.507161566827417,engine
Aldebaran,13,68.97636321796398,16.50716162438952,engine
Aldebaran,14,68.97636328972064,16.50716168209199,engine
Aldebaran,15,68.97636336052773,16.50716173993368,engine
Aldebaran,16,68.976363430383,16.507161797913447,engine
Aldebaran,17,68.9763634992843,16.507161856030216,engine
Aldebaran,18,68.97636356722931,16.50716191428273,engine
Aldebaran,19,68.97636363421587,16.50716197266989,engine
Aldebaran,20,68.97636370024183,16.507162031190557,engine
Aldebaran,21,68.97636376530502,16.507162089843547,engine
Aldebaran,22,68.97636382940328,16.50716214862774,engine
Aldebaran,23,68.97636389253455,16.507162207541956,engine
Aldebaran,24,68.97636395469667,16.50716226658503,engine
Aldebaran,25,68.9763640158876,16.507162325755807,engine
Aldebaran,26,68.97636407610524,16.507162385053128,engine
Aldebaran,27,68.97636413534757,16.5071624444758,engine
Aldebaran,28,68.97636419361255,16.507162504022677,engine
Aldebaran,29,68.97636425089823,16.507162563692606,engine
Aldebaran,30,68.97636430720253,16.507162623484344,engine
Antares,-30,247.35644652604475,-26.43249729482935,engine
Antares,-20,247.35644543288402,-26.43249655308475,engine
Antares,-15,247.35644492147566,-26.432496172126847,engine
Antares,-10,247.35644443400045,-26.432495784721773,engine
Antares,-5,247.35644397080782,-26.43249539108073,engine
Antares,-2,247.35644370468899,-26.43249515199189,engine
Antares,-1,247.35644361796466,-26.432495071821936,engine
Antares,0,247.35644353223574,-26.432494991418054,engine
Antares,1,247.3564434475047,-26.432494910781973,engine
Antares,2,247.35644336377413,-26.432494829915456,engine
Antares,3,247.35644328104647,-26.43249474882025,engine
Antares,4,247.3564431993244,-26.432494667498123,engine
Antares,5,247.35644311861026,-26.432494585950828,engine
Antares,6,247.35644303890658,-26.43249450418009,engine
Antares,7,247.35644296021587,-26.43249442218778,engine
Antares,8,247.35644288254053,-26.432494339975623,engine
Antares,9,247.35644280588295,-26.43249425754541,engine
Antares,10,247.35644273024553,-26.432494174898913,engine
Antares,11,247.3564426556307,-26.43249409203793,engine
Antares,12,247.35644258204076,-26.43249400896424,engine
Antares,13,247.35644250947806,-26.43249392567967,engine
Antares,14,247.35644243794493,-26.43249384218599,engine
Antares,15,247.35644236744363,-26.432493758485016,engine
Antares,16,247.35644229797657,-26.432493674578552,engine
Antares,17,247.3564422295458,-26.432493590468372,engine
Antares,18,247.35644216215374,-26.432493506156398,engine
Antares,19,247.35644209580255,-26.432493421644384,engine
Antares,20,247.35644203049446,-26.432493336934158,engine
Antares,21,247.35644196623153,-26.43249325202756,engine
Antares,22,247.35644190301605,-26.432493166926406,engine
Antares,23,247.35644184085015,-26.43249308163255,engine
Antares,24,247.35644177973586,-26.43249299614782,engine
Antares,25,247.35644171967533,-26.432492910474068,engine
Antares,26,247.35644166067064,-26.432492824613128,engine
Antares,27,247.3564416027239,-26.43249273856686,engine
Antares,28,247.35644154583704,-26.432492652337128,engine
Antares,29,247.35644149001217,-26.432492565925703,engine
Antares,30,247.35644143525124,-26.43249247933458,engine
Ceres,-30,78.0203367745687,25.485199826664328,engine
Ceres,-20,78.02316331069186,25.485603463161592,engine
Ceres,-15,78.02457631701286,25.485805174079758,engine
Ceres,-10,78.02598915319705,25.486006811194184,engine
Ceres,-5,78.02740182292393,25.486208372862404,engine
Ceres,-2,78.02824934620162,25.486329272961992,engine
Ceres,-1,78.02853184108837,25.486369566778123,engine
Ceres,0,78.02881432957267,25.486409857460593,engine
Ceres,1,78.0290968115927,25.486450144972604,engine
Ceres,2,78.02937928736101,25.486490429349985,engine
Ceres,3,78.02966175681611,25.486530710556046,engine
Ceres,4,78.02994421989665,25.486570988554156,engine
Ceres,5,78.03022667681556,25.48661126338028,engine
Ceres,6,78.03050912760983,25.486651535000753,engine
Ceres,7,78.0307915721138,25.486691803397594,engine
Ceres,8,78.03107401045614,25.48673206856143,engine
Ceres,9,78.03135644257621,25.48677233045585,engine
Ceres,10,78.0316388686876,25.48681258911711,engine
Ceres,11,78.03192128872993,25.48685284450896,engine
Ceres,12,78.03220370264299,25.48689309659518,engine
Ceres,13,78.03248611064079,25.486933345412147,engine
Ceres,14,78.032768512572,25.48697359089958,engine
Ceres,15,78.03305090865089,25.487013833093982,engine
Ceres,16,78.03333329881778,25.487054071959356,engine
Ceres,17,78.03361568320247,25.48709430748677,engine
Ceres,18,78.03389806164091,25.487134539658868,engine
Ceres,19,78.0341804341718,25.487174768442646,engine
Ceres,20,78.03446280101008,25.487214993874872,engine
Ceres,21,78.03474516200535,25.487255215895672,engine
Ceres,22,78.03502751737282,25.487295434541856,engine
Ceres,23,78.0353098670537,25.48733564977787,engine
Ceres,24,78.03559221098934,25.487375861568136,engine
Ceres,25,78.03587454939536,25.487416069949703,engine
Ceres,26,78.03615688212197,25.487456274862964,engine
Ceres,27,78.03643920938501,25.487496476345044,engine
Ceres,28,78.036721531035,25.487536674336468,engine
Ceres,29,78.03700384747732,25.48757686890142,engine
Ceres,30,78.03728615818409,25.48761705992662,engine
Chiron,-30,11.197661397878155,6.923191502162599,engine
Chiron,-20,11.198026401977254,6.923342107223793,engine
Chiron,-15,11.198208882857442,6.923417400887915,engine
Chiron,-10,11.198391350851153,6.9234926885877925,engine
Chiron,-5,11.198573806957098,6.923567970316632,engine
Chiron,-2,11.198683275282523,6.923613136465946,engine
Chiron,-1,11.198719763887489,6.923628191368928,engine
Chiron,0,11.198756252080738,6.92364324602979,engine
Chiron,1,11.198792739873992,6.9236583004495404,engine
Chiron,2,11.19882922727496,6.923673354628025,engine
Chiron,3,11.198865714291326,6.9236884085650745,engine
Chiron,4,11.198902200930776,6.923703462260546,engine
Chiron,5,11.198938687201043,6.92371851571428,engine
Chiron,6,11.198975173138335,6.9237335689374016,engine
Chiron,7,11.199011658693331,6.9237486219072295,engine
Chiron,8,11.199048143902276,6.923763674634898,engine
Chiron,9,11.199084628772887,6.923778727120271,engine
Chiron,10,11.199121113312891,6.923793779363211,engine
Chiron,11,11.199157597530043,6.923808831363606,engine
Chiron,12,11.19919408143206,6.9238238831213215,engine
Chiron,13,11.199230565026697,6.92383893463625,engine
Chiron,14,11.199267048321692,6.9238539859082655,engine
Chiron,15,11.199303531328868,6.923869036938452,engine
Chiron,16,11.199340014047849,6.923884087724341,engine
Chiron,17,11.199376496514917,6.923899138277098,engine
Chiron,18,11.199412978688915,6.9239141885764415,engine
Chiron,19,11.199449460602082,6.923929238632381,engine
Chiron,20,11.199485942262159,6.923944288444815,engine
Chiron,21,11.19952242367694,6.923959338013665,engine
Chiron,22,11.199558904854205,6.923974387338854,engine
Chiron,23,11.199595385801702,6.923989436420294,engine
Chiron,24,11.199631866527243,6.924004485257926,engine
Chiron,25,11.1996683470386,6.92401953385168,engine
Chiron,26,11.19970482734356,6.924034582201484,engine
Chiron,27,11.1997413074499,6.924049630307285,engine
Chiron,28,11.199777787365436,6.924064678169025,engine
Chiron,29,11.199814267122395,6.924079725796746,engine
Chiron,30,11.199850746683724,6.924094773171397,engine
Eris,-30,26.381438099912156,-1.0666254246139557,tno-rate
Eris,-20,26.38150504606554,-1.066595568846843,tno-rate
Eris,-15,26.381538519142236,-1.0665806409632863,tno-rate
Eris,-10,26.38157199221893,-1.06656571307973,tno-rate
Eris,-5,26.381605465295625,-1.0665507851961733,tno-rate
Eris,-2,26.381625549141642,-1.0665418284660395,tno-rate
Eris,-1,26.38163224375698,-1.066538842889328,tno-rate
Eris,0,26.38163893837232,-1.066535857312617,tno-rate
Eris,1,26.38164563298766,-1.0665328717359057,tno-rate
Eris,2,26.381652327602996,-1.0665298861591943,tno-rate
Eris,3,26.381659022218336,-1.0665269005824831,tno-rate
Eris,4,26.381665716833673,-1.0665239150057717,tno-rate
Eris,5,26.381672411449014,-1.0665209294290605,tno-rate
Eris,6,26.38167910606435,-1.066517943852349,tno-rate
Eris,7,26.38168580067969,-1.066514958275638,tno-rate
Eris,8,26.38169249529503,-1.0665119726989265,tno-rate
Eris,9,26.381699189910368,-1.0665089871222153,tno-rate
Eris,10,26.381705884525708,-1.066506001545504,tno-rate
Eris,11,26.381712579141045,-1.0665030159687927,tno-rate
Eris,12,26.381719273756385,-1.0665000303920813,tno-rate
Eris,13,26.381725968371725,-1.06649704481537,tno-rate
Eris,14,26.381732662987062,-1.0664940592386587,tno-rate
Eris,15,26.381739357602402,-1.0664910736619475,tno-rate
Eris,16,26.38174605221774,-1.066488088085236,tno-rate
Eris,17,26.38175274683308,-1.066485102508525,tno-rate
Eris,18,26.381759441448416,-1.0664821169318135,tno-rate
Eris,19,26.381766136063757,-1.0664791313551023,tno-rate
Eris,20,26.381772830679097,-1.066476145778391,tno-rate
Eris,21,26.381779525294434,-1.0664731602016797,tno-rate
Eris,22,26.381786219909774,-1.0664701746249683,tno-rate
Eris,23,26.38179291452511,-1.066467189048257,tno-rate
Eris,24,26.38179960914045,-1.0664642034715457,tno-rate
Eris,25,26.38180630375579,-1.0664612178948345,tno-rate
Eris,26,26.381812998371128,-1.0664582323181233,tno-rate
Eris,27,26.38181969298647,-1.066455246741412,tno-rate
Eris,28,26.381826387601805,-1.0664522611647007,tno-rate
Eris,29,26.381833082217145,-1.0664492755879893,tno-rate
Eris,30,26.381839776832482,-1.066446290011278,tno-rate
Fomalhaut,-30,344.41078173688044,-29.62315709948725,engine
Fomalhaut,-20,344.41078027577214,-29.623157552900963,engine
Fomalhaut,-15,344.41077951482157,-29.623157765568077,engine
Fomalhaut,-10,344.4107787342516,-29.623157968625918,engine
Fomalhaut,-5,344.4107779345573,-29.623158161893155,engine
Fomalhaut,-2,344.4107774457705,-29.62315827308033,engine
Fomalhaut,-1,344.41077728137105,-29.623158309338837,engine
Fomalhaut,0,344.41077711624314,-29.62315834519314,engine
Fomalhaut,1,344.410776950391,-29.623158380641854,engine
Fomalhaut,2,344.4107767838187,-29.623158415683633,engine
Fomalhaut,3,344.4107766165303,-29.623158450317145,engine
Fomalhaut,4,344.41077644853027,-29.623158484541026,engine
Fomalhaut,5,344.4107762798226,-29.623158518353968,engine
Fomalhaut,6,344.41077611041135,-29.623158551754678,engine
Fomalhaut,7,344.41077594030105,-29.623158584741795,engine
Fomalhaut,8,344.4107757694958,-29.62315861731402,engine
Fomalhaut,9,344.4107755979998,-29.623158649470074,engine
Fomalhaut,10,344.4107754258174,-29.62315868120866,engine
Fomalhaut,11,344.4107752529528,-29.623158712528497,engine
Fomalhaut,12,344.41077507941026,-29.62315874342833,engine
Fomalhaut,13,344.41077490519416,-29.623158773906848,engine
Fomalhaut,14,344.41077473030873,-29.623158803962856,engine
Fomalhaut,15,344.4107745547583,-29.62315883359506,engine
Fomalhaut,16,344.4107743785473,-29.623158862802224,engine
Fomalhaut,17,344.4107742016798,-29.623158891583152,engine
Fomalhaut,18,344.41077402416056,-29.62315891993658,engine
Fomalhaut,19,344.41077384599373,-29.6231589478613,engine
Fomalhaut,20,344.4107736671837,-29.62315897535611,engine
Fomalhaut,21,344.41077348773496,-29.623159002419804,engine
Fomalhaut,22,344.41077330765177,-29.623159029051198,engine
Fomalhaut,23,344.41077312693864,-29.62315905524911,engine
Fomalhaut,24,344.41077294560006,-29.623159081012354,engine
Fomalhaut,25,344.4107727636404,-29.62315910633977,engine
Fomalhaut,26,344.41077258106407,-29.623159131230206,engine
Fomalhaut,27,344.41077239787563,-29.623159155682508,engine
Fomalhaut,28,344.41077221407954,-29.623159179695524,engine
Fomalhaut,29,344.4107720296801,-29.62315920326817,engine
Fomalhaut,30,344.41077184468224,-29.623159226399242,engine
Juno,-30,328.4928830022913,-4.928782120007564,engine
Juno,-20,328.4952147311129,-4.927977019068387,engine
Juno,-15,328.4963808625797,-4.927574452669288,engine
Juno,-10,328.49754717539963,-4.927171876229527,engine
Juno,-5,328.4987136726109,-4.926769290000345,engine
Juno,-2,328.49941366026627,-4.926527733787921,engine
Juno,-1,328.49964700457883,-4.926447214307814,engine
Juno,0,328.49988035644134,-4.926366694465448,engine
Juno,1,328.5001137157838,-4.92628617427586,engine
Juno,2,328.5003470828035,-4.926205653718158,engine
Juno,3,328.5005804573412,-4.926125132819358,engine
Juno,4,328.50081383959383,-4.926044611558587,engine
Juno,5,328.5010472294909,-4.925964089950894,engine
Juno,6,328.50128062711826,-4.9258835679573565,engine
Juno,7,328.50151403235935,-4.925803045665104,engine
Juno,8,328.5017474452108,-4.925722523047178,engine
Juno,9,328.5019808658685,-4.925642000082751,engine
Juno,10,328.50221429417223,-4.925561476798877,engine
Juno,11,328.5024477303178,-4.925480953174725,engine
Juno,12,328.50268117423354,-4.9254004292253875,engine
Juno,13,328.5029146258478,-4.925319904965985,engine
Juno,14,328.50314808535575,-4.9252393803756895,engine
Juno,15,328.5033815525964,-4.925158855481597,engine
Juno,16,328.5036150277647,-4.925078330262903,engine
Juno,17,328.5038485108557,-4.924997804692719,engine
Juno,18,328.50408200175093,-4.924917278858241,engine
Juno,19,328.50431550053423,-4.924836752720619,engine
Juno,20,328.5045490071328,-4.924756226294992,engine
Juno,21,328.5047825217407,-4.9246756995605905,engine
Juno,22,328.50501604419577,-4.924595172544544,engine
Juno,23,328.5052495746918,-4.924514645226083,engine
Juno,24,328.5054831130661,-4.9244341176323605,engine
Juno,25,328.5057166595122,-4.924353589742612,engine
Juno,26,328.50595021386727,-4.924273061583998,engine
Juno,27,328.50618377632435,-4.9241925331357725,engine
Juno,28,328.5064173468093,-4.924112004413117,engine
Juno,29,328.5066509254045,-4.924031475377246,engine
Juno,30,328.5068845119892,-4.923950946115409,engine
Jupiter,-30,355.8185610438593,-2.9446323252355895,engine
Jupiter,-20,355.8199695969467,-2.9440357689292176,engine
Jupiter,-15,355.82067393426746,-2.943737489066327,engine
Jupiter,-10,355.82137831532856,-2.9434392081904033,engine
Jupiter,-5,355.82208274278963,-2.943140926283378,engine
Jupiter,-2,355.82250542246067,-2.9429619567113474,engine
Jupiter,-1,355.8226463196527,-2.942902300125111,engine
Jupiter,0,355.82278721890555,-2.942842643489793,engine
Jupiter,1,355.82292812017164,-2.9427829868342337,engine
Jupiter,2,355.823069023537,-2.942723330130699,engine
Jupiter,3,355.82320992895404,-2.9426636734080196,engine
Jupiter,4,355.8233508365086,-2.9426040166384655,engine
Jupiter,5,355.8234917461862,-2.942544359836746,engine
Jupiter,6,355.8236326580671,-2.9424847029775814,engine
Jupiter,7,355.8237735720479,-2.9424250461132306,engine
Jupiter,8,355.82391448817543,-2.9423653892325703,engine
Jupiter,9,355.8240554065351,-2.942305732307892,engine
Jupiter,10,355.824196327079,-2.942246075368055,engine
Jupiter,11,355.82433724989266,-2.9421864183853605,engine
Jupiter,12,355.82447817492795,-2.9421267613886912,engine
Jupiter,13,355.8246191022704,-2.9420671043503397,engine
Jupiter,14,355.8247600318717,-2.942007447299201,engine
Jupiter,15,355.82490096381724,-2.941947790207587,engine
Jupiter,16,355.82504189805877,-2.9418881331043933,engine
Jupiter,17,355.8251828347759,-2.941828475921933,engine
Jupiter,18,355.8253237737314,-2.941768818769112,engine
Jupiter,19,355.8254647151046,-2.941709161578262,engine
Jupiter,20,355.8256056588473,-2.941649504378286,engine
Jupiter,21,355.82574660504434,-2.94158984714152,engine
Jupiter,22,355.8258875536471,-2.9415301898968913,engine
Jupiter,23,355.8260285047406,-2.941470532616725,engine
Jupiter,24,355.82616945827596,-2.9414108753299595,engine
Jupiter,25,355.826310414338,-2.9413512180089443,engine
Jupiter,26,355.82645137287807,-2.9412915606826124,engine
Jupiter,27,355.82659233398067,-2.941231903323319,engine
Jupiter,28,355.82673329759683,-2.9411722459599963,engine
Jupiter,29,355.8268742639057,-2.9411125885250256,engine
Jupiter,30,355.82701523266934,-2.9410529311273477,engine
Ketu,-30,229.86222151778776,-18.335220317078996,engine
Ketu,-20,229.86221274900478,-18.335218107004607,engine
Ketu,-15,229.86220871367883,-18.335217089859167,engine
Ketu,-10,229.86220491076352,-18.335216131232762,engine
Ketu,-5,229.86220134003383,-18.33521523106878,engine
Ketu,-2,229.86219930895112,-18.335214719008686,engine
Ketu,-1,229.862198650472,-18.335214552992333,engine
Ketu,0,229.862198001264,-18.335214389310366,engine
Ketu,1,229.86219736132512,-18.335214227962297,engine
Ketu,2,229.86219673065384,-18.335214068947746,engine
Ketu,3,229.8621961092479,-18.335213912266116,engine
Ketu,4,229.86219549710634,-18.335213757917177,engine
Ketu,5,229.86219489422652,-18.335213605900286,engine
Ketu,6,229.8621943006068,-18.33521345621499,engine
Ketu,7,229.86219371624594,-18.335213308861018,engine
Ketu,8,229.86219314114157,-18.335213163837746,engine
Ketu,9,229.86219257529208,-18.33521302114479,engine
Ketu,10,229.8621920186955,-18.33521288078163,engine
Ketu,11,229.86219147135014,-18.335212742747856,engine
Ketu,12,229.86219093325383,-18.335212607042898,engine
Ketu,13,229.86219040440537,-18.335212473666513,engine
Ketu,14,229.86218988480238,-18.33521234261803,engine
Ketu,15,229.86218937444295,-18.335212213897023,engine
Ketu,16,229.86218887332592,-18.335212087503166,engine
Ketu,17,229.86218838144842,-18.335211963435746,engine
Ketu,18,229.8621878988102,-18.33521184169471,engine
Ketu,19,229.86218742540817,-18.33521172227926,engine
Ketu,20,229.86218696124087,-18.335211605189063,engine
Ketu,21,229.86218650630653,-18.335211490423635,engine
Ketu,22,229.8621860606033,-18.335211377982546,engine
Ketu,23,229.8621856241291,-18.33521126786522,engine
Ketu,24,229.8621851968825,-18.33521116007136,engine
Ketu,25,229.86218477886115,-18.335211054600325,engine
Ketu,26,229.8621843700638,-18.335210951451845,engine
Ketu,27,229.86218397048845,-18.335210850625376,engine
Ketu,28,229.86218358013252,-18.33521075212028,engine
Ketu,29,229.862183198995,-18.33521065593631,engine
Ketu,30,229.8621828270741,-18.33521056207301,engine
Mars,-30,334.7494389517296,-11.986297211753397,engine
Mars,-20,334.75444861586993,-11.984469918230795,engine
Mars,-15,334.75695393703,-11.983556164162884,engine
Mars,-10,334.7594595911887,-11.982642340741776,engine
Mars,-5,334.76196558430365,-11.98172844928506,engine
Mars,-2,334.7634693447197,-11.981180082516087,engine
Mars,-1,334.76397062581515,-11.980997288370363,engine
Mars,0,334.7644719208195,-11.980814491622798,engine
Mars,1,334.7649732297717,-11.980631692286282,engine
Mars,2,334.7654745527105,-11.9804488903738,engine
Mars,3,334.7659758896743,-11.980266085898315,engine
Mars,4,334.7664772408895,-11.980083278801246,engine
Mars,5,334.7669786060177,-11.979900469238846,engine
Mars,6,334.76747998562075,-11.979717657030042,engine
Mars,7,334.76798137906366,-11.979534842433088,engine
Mars,8,334.76848278671963,-11.97935202533854,engine
Mars,9,334.76898420862557,-11.979169205759595,engine
Mars,10,334.76948564500606,-11.978986383637839,engine
Mars,11,334.76998709552083,-11.978803559129746,engine
Mars,12,334.7704885603941,-11.978620732176953,engine
Mars,13,334.7709900396615,-11.978437902792777,engine
Mars,14,334.77149153335824,-11.978255070990558,engine
Mars,15,334.7719930415195,-11.978072236783651,engine
Mars,16,334.7724945641801,-11.977889400185434,engine
Mars,17,334.77299610189897,-11.97770656101511,engine
Mars,18,334.7734976536612,-11.977523719674572,engine
Mars,19,334.77399922002525,-11.977340875983094,engine
Mars,20,334.7745008010247,-11.977158029954156,engine
Mars,21,334.77500239669297,-11.976975181601297,engine
Mars,22,334.775504007063,-11.976792330938109,engine
Mars,23,334.7760056321675,-11.976609477978144,engine
Mars,24,334.7765072722272,-11.976426622663425,engine
Mars,25,334.7770089268978,-11.976243765150821,engine
Mars,26,334.7775105963994,-11.976060905382399,engine
Mars,27,334.7780122807634,-11.97587804337187,engine
Mars,28,334.7785139800213,-11.97569517913294,engine
Mars,29,334.7790156945402,-11.975512312556734,engine
Mars,30,334.7795174236782,-11.975329443902295,engine
Mercury,-30,41.08442241241448,17.648449040101482,engine
Mercury,-20,41.096295264636346,17.65319852222516,engine
Mercury,-15,41.1022307016972,17.65557228018209,engine
Mercury,-10,41.10816549778054,17.65794538140717,engine
Mercury,-5,41.114099668129825,17.660317825461718,engine
Mercury,-2,41.117659875157976,17.6617409758616,engine
Mercury,-1,41.1188465622334,17.662215306571632,engine
Mercury,0,41.1200332252649,17.662689610928187,engine
Mercury,1,41.12121986436589,17.66316388892602,engine
Mercury,2,41.12240647964989,17.663638140560074,engine
Mercury,3,41.123593071635476,17.664112366028753,engine
Mercury,4,41.12477963962604,17.66458656492049,engine
Mercury,5,41.125966184140395,17.66506073743404,engine
Mercury,6,41.127152706087806,17.665534883882792,engine
Mercury,7,41.12833920399091,17.666009003626552,engine
Mercury,8,41.12952567875908,17.666483096979036,engine
Mercury,9,41.13071213050621,17.666957163936175,engine
Mercury,10,41.1318985597512,17.66743120469734,engine
Mercury,11,41.13308496579801,17.667905218852148,engine
Mercury,12,41.134271349165715,17.668379206600285,engine
Mercury,13,41.13545770996826,17.66885316793824,engine
Mercury,14,41.1366440483198,17.669327102862717,engine
Mercury,15,41.13783036433443,17.669801011370506,engine
Mercury,16,41.13901665812635,17.67027489345855,engine
Mercury,17,41.140202930605106,17.67074874944168,engine
Mercury,18,41.14138918069892,17.67122257888491,engine
Mercury,19,41.14257540850781,17.671696381696933,engine
Mercury,20,41.143761614550925,17.672170158078497,engine
Mercury,21,41.14494779894248,17.672643908027332,engine
Mercury,22,41.146133961796906,17.673117631541242,engine
Mercury,23,41.1473201032284,17.67359132861821,engine
Mercury,24,41.14850622335143,17.67406499925639,engine
Mercury,25,41.14969232228027,17.674538643454035,engine
Mercury,26,41.150878400129415,17.67501226120957,engine
Mercury,27,41.152064457417765,17.675485852724684,engine
Mercury,28,41.153250493450486,17.675959417591887,engine
Mercury,29,41.15443650954189,17.67643295633062,engine
Mercury,30,41.15562250421587,17.676906468304907,engine
Moon,-30,228.6540934717413,-18.550165606067033,engine
Moon,-20,228.77898815754367,-18.582477114791068,engine
Moon,-15,228.84157778124106,-18.59873183378608,engine
Moon,-10,228.90425487849134,-18.615053368077238,engine
Moon,-5,228.96701381181637,-18.631442291322248,engine
Moon,-2,229.00470645397237,-18.641308309902307,engine
Moon,-1,229.01727658196478,-18.64460244501775,engine
Moon,0,229.02984941533347,-18.647899273122725,engine
Moon,1,229.0424252653739,-18.651198889416612,engine
Moon,2,229.05500390989945,-18.65450125268831,engine
Moon,3,229.06758530452387,-18.657806367140736,engine
Moon,4,229.08016940478512,-18.66111423692039,engine
Moon,5,229.09275598842524,-18.66442482075611,engine
Moon,6,229.10534537493814,-18.667738215655465,engine
Moon,7,229.11793732508903,-18.67105437578671,engine
Moon,8,229.13053180276108,-18.674373307305085,engine
Moon,9,229.1431287632997,-18.677695014097967,engine
Moon,10,229.15572816208444,-18.681019500000208,engine
Moon,11,229.16832977670805,-18.684346723523255,engine
Moon,12,229.18093391787914,-18.6876767789398,engine
Moon,13,229.19354036314388,-18.691009624647116,engine
Moon,14,229.2061490676996,-18.69434526426155,engine
Moon,15,229.21875998676236,-18.69768370136076,engine
Moon,16,229.23137307548097,-18.7010249394516,engine
Moon,17,229.24398829746917,-18.70436898424673,engine
Moon,18,229.25660541325607,-18.707715789516623,engine
Moon,19,229.26922474168185,-18.711065451183998,engine
Moon,20,229.28184606013622,-18.714417927378932,engine
Moon,21,229.29446932368847,-18.71777322135758,engine
Moon,22,229.3070944872842,-18.721131336310005,engine
Moon,23,229.319721505955,-18.72449227538827,engine
Moon,24,229.33235033462566,-18.727856041675285,engine
Moon,25,229.34498092825316,-18.731222638214604,engine
Moon,26,229.35761324172265,-18.7345920679867,engine
Moon,27,229.37024722995503,-18.737964333921443,engine
Moon,28,229.3828828477925,-18.741339438893153,engine
Moon,29,229.39552005858752,-18.74471738799297,engine
Moon,30,229.40815862267874,-18.748098134506716,engine
Neptune,-30,354.8202437004461,-3.473020854055605,engine
Neptune,-20,354.82045025469205,-3.4729342266250014,engine
Neptune,-15,354.82055351674074,-3.4728909120937588,engine
Neptune,-10,354.82065676971945,-3.4728475970153316,engine
Neptune,-5,354.8207600144074,-3.472804281371328,engine
Neptune,-2,354.8208219575408,-3.47277829171665,engine
Neptune,-1,354.82084260467605,-3.47276962845298,engine
Neptune,0,354.82086325153347,-3.4727609651665268,engine
Neptune,1,354.8208838981166,-3.4727523018582795,engine
Neptune,2,354.8209045444365,-3.4727436385261505,engine
Neptune,3,354.8209251904968,-3.472734975171135,engine
Neptune,4,354.8209458363034,-3.472726311793202,engine
Neptune,5,354.82096648186257,-3.4727176483923206,engine
Neptune,6,354.82098712719153,-3.4727089849636807,engine
Neptune,7,354.82100777227373,-3.472700321516822,engine
Neptune,8,354.8210284171267,-3.4726916580469345,engine
Neptune,9,354.82104906175636,-3.472682994553999,engine
Neptune,10,354.8210697061663,-3.4726743310390162,engine
Neptune,11,354.82109035036774,-3.472665667499915,engine
Neptune,12,354.8211109943642,-3.472657003937705,engine
Neptune,13,354.82113163816166,-3.472648340352366,engine
Neptune,14,354.8211522817663,-3.4726396767438823,engine
Neptune,15,354.82117292518154,-3.4726310131132676,engine
Neptune,16,354.8211935684187,-3.4726223494584585,engine
Neptune,17,354.82121421149515,-3.472613685774656,engine
Neptune,18,354.8212348543892,-3.4726050220734734,engine
Neptune,19,354.82125549711833,-3.4725963583501187,engine
Neptune,20,354.8212761396936,-3.472587694602534,engine
Neptune,21,354.8212967821187,-3.4725790308317404,engine
Neptune,22,354.82131742439964,-3.472570367037735,engine
Neptune,23,354.82133806653997,-3.472561703221541,engine
Neptune,24,354.82135870855086,-3.472553039381106,engine
Neptune,25,354.82137935043585,-3.4725443755174594,engine
Neptune,26,354.82139999219856,-3.4725357116316307,engine
Neptune,27,354.8214206338501,-3.472527047721571,engine
Neptune,28,354.821441275394,-3.472518383788311,engine
Neptune,29,354.8214619168503,-3.4725097198260504,engine
Neptune,30,354.8214825581947,-3.4725010558474483,engine
Pallas,-30,27.928408851652414,-3.6593357407068305,engine
Pallas,-20,27.93126849222677,-3.658809225129671,engine
Pallas,-15,27.93269830769535,-3.6585459626643164,engine
Pallas,-10,27.934128125333253,-3.6582826970950983,engine
Pallas,-5,27.93555794990792,-3.6580194283515493,engine
Pallas,-2,27.936415849553303,-3.657861465616653,engine
Pallas,-1,27.93670181712201,-3.6578088111174085,engine
Pallas,0,27.936987785346187,-3.657756156501385,engine
Pallas,1,27.937273754109675,-3.6577035017509405,engine
Pallas,2,27.93755972352226,-3.657650846874965,engine
Pallas,3,27.93784569369372,-3.657598191882371,engine
Pallas,4,27.938131664507893,-3.657545536755533,engine
Pallas,5,27.938417636074533,-3.6574928815033774,engine
Pallas,6,27.938703608695203,-3.657440226099531,engine
Pallas,7,27.938989581870153,-3.6573875705970136,engine
Pallas,8,27.93927555590093,-3.6573349149694723,engine
Pallas,9,27.939561530897276,-3.65728225922587,engine
Pallas,10,27.939847506742954,-3.657229603348637,engine
Pallas,11,27.940133483547694,-3.65717694734676,engine
Pallas,12,27.940419461421236,-3.6571242912292203,engine
Pallas,13,27.9407054402473,-3.657071634978494,engine
Pallas,14,27.940991420135585,-3.6570189786035705,engine
Pallas,15,27.94127740112047,-3.6569663221046382,engine
Pallas,16,27.941563383311625,-3.6569136654907113,engine
Pallas,17,27.941849366784492,-3.656861008708992,engine
Pallas,18,27.942135351265204,-3.6568083518391346,engine
Pallas,19,27.94242133705514,-3.6567556948548883,engine
Pallas,20,27.942707324037954,-3.656703037738781,engine
Pallas,21,27.942993312323235,-3.6566503804998867,engine
Pallas,22,27.943279301945243,-3.656597723138438,engine
Pallas,23,27.943565293013556,-3.656545065663528,engine
Pallas,24,27.94385128541175,-3.6564924080577232,engine
Pallas,25,27.944137279249325,-3.6564397503301342,engine
Pallas,26,27.944423274560492,-3.656387092481028,engine
Pallas,27,27.94470927145472,-3.65633443451954,engine
Pallas,28,27.944995269815507,-3.6562817764282705,engine
Pallas,29,27.94528126994409,-3.6562291181810522,engine
Pallas,30,27.945567271491,-3.6561764598488202,engine
Pluto,-30,300.7865599024785,-22.402393094909584,engine
Pluto,-20,300.78660089068205,-22.402401269384708,engine
Pluto,-15,300.786621409649,-22.402405343866004,engine
Pluto,-10,300.78664194598935,-22.402409410079848,engine
Pluto,-5,300.786662500295,-22.402413468211122,engine
Pluto,-2,300.7866748417388,-22.40241589928782,engine
Pluto,-1,300.78667895705837,-22.40241670902232,engine
Pluto,0,300.78668307313507,-22.402417518446953,engine
Pluto,1,300.7866871899783,-22.402418327563684,engine
Pluto,2,300.78669130759,-22.40241913637387,engine
Pluto,3,300.7866954259721,-22.402419944878872,engine
Pluto,4,300.7866995451341,-22.402420753080673,engine
Pluto,5,300.78670366507777,-22.402421560980663,engine
Pluto,6,300.7867077858078,-22.402422368580744,engine
Pluto,7,300.78671190732797,-22.402423175881864,engine
Pluto,8,300.7867160296429,-22.40242398288594,engine
Pluto,9,300.78672015275436,-22.40242478959438,engine
Pluto,10,300.78672427667163,-22.402425596009223,engine
Pluto,11,300.78672840139416,-22.40242640213165,engine
Pluto,12,300.78673252693096,-22.402427207963733,engine
Pluto,13,300.786736653284,-22.40242801350688,engine
Pluto,14,300.7867407804547,-22.40242881876253,engine
Pluto,15,300.7867449084524,-22.40242962373276,engine
Pluto,16,300.7867490372788,-22.402430428418988,engine
Pluto,17,300.7867531669383,-22.40243123282321,engine
Pluto,18,300.7867572974344,-22.402432036946458,engine
Pluto,19,300.7867614287716,-22.40243284079071,engine
Pluto,20,300.7867655609514,-22.402433644357433,engine
Pluto,21,300.78676969398293,-22.402434447648755,engine
Pluto,22,300.78677382786765,-22.402435250666127,engine
Pluto,23,300.78677796260706,-22.40243605341106,engine
Pluto,24,300.7867820982103,-22.402436855885664,engine
Pluto,25,300.78678623467624,-22.40243765809124,engine
Pluto,26,300.7867903720139,-22.402438460029916,engine
Pluto,27,300.78679451022464,-22.402439261703197,engine
Pluto,28,300.78679864930996,-22.402440063112614,engine
Pluto,29,300.78680278928147,-22.40244086426086,engine
Pluto,30,300.78680693013496,-22.402441665148384,engine
Rahu,-30,49.862221517787766,18.335220317078996,engine
Rahu,-20,49.86221274900478,18.335218107004607,engine
Rahu,-15,49.86220871367883,18.335217089859167,engine
Rahu,-10,49.862204910763516,18.335216131232762,engine
Rahu,-5,49.86220134003383,18.33521523106878,engine
Rahu,-2,49.86219930895112,18.335214719008686,engine
Rahu,-1,49.862198650472,18.335214552992333,engine
Rahu,0,49.86219800126399,18.335214389310366,engine
Rahu,1,49.8621973613251,18.335214227962297,engine
Rahu,2,49.86219673065384,18.335214068947746,engine
Rahu,3,49.8621961092479,18.335213912266116,engine
Rahu,4,49.862195497106335,18.335213757917177,engine
Rahu,5,49.862194894226526,18.335213605900286,engine
Rahu,6,49.8621943006068,18.33521345621499,engine
Rahu,7,49.862193716245926,18.335213308861018,engine
Rahu,8,49.86219314114158,18.335213163837746,engine
Rahu,9,49.86219257529208,18.33521302114479,engine
Rahu,10,49.8621920186955,18.33521288078163,engine
Rahu,11,49.86219147135014,18.335212742747856,engine
Rahu,12,49.862190933253814,18.335212607042898,engine
Rahu,13,49.86219040440536,18.335212473666513,engine
Rahu,14,49.862189884802376,18.33521234261803,engine
Rahu,15,49.86218937444294,18.335212213897023,engine
Rahu,16,49.86218887332592,18.335212087503166,engine
Rahu,17,49.862188381448426,18.335211963435746,engine
Rahu,18,49.862187898810205,18.33521184169471,engine
Rahu,19,49.86218742540817,18.33521172227926,engine
Rahu,20,49.862186961240866,18.335211605189063,engine
Rahu,21,49.86218650630652,18.335211490423635,engine
Rahu,22,49.86218606060331,18.335211377982546,engine
Rahu,23,49.86218562412908,18.33521126786522,engine
Rahu,24,49.862185196882514,18.33521116007136,engine
Rahu,25,49.86218477886114,18.335211054600325,engine
Rahu,26,49.86218437006381,18.335210951451845,engine
Rahu,27,49.86218397048845,18.335210850625376,engine
Rahu,28,49.86218358013253,18.33521075212028,engine
Rahu,29,49.86218319899501,18.33521065593631,engine
Rahu,30,49.862182827074086,18.33521056207301,engine
Regulus,-30,152.09429274213318,11.966202274579286,engine
Regulus,-20,152.09429426294585,11.96620222633373,engine
Regulus,-15,152.09429504353432,11.966202209112197,engine
Regulus,-10,152.09429583690707,11.966202196568071,engine
Regulus,-5,152.09429664255396,11.966202188756009,engine
Regulus,-2,152.094297131619,11.966202186362047,engine
Regulus,-1,152.09429729556186,11.966202185948717,engine
Regulus,0,152.09429745995843,11.966202185728386,engine
Regulus,1,152.09429762480443,11.966202185701444,engine
Regulus,2,152.09429779009565,11.966202185868283,engine
Regulus,3,152.09429795582793,11.966202186229278,engine
Regulus,4,152.094298121997,11.96620218678483,engine
Regulus,5,152.09429828859874,11.966202187535302,engine
Regulus,6,152.09429845562886,11.966202188481073,engine
Regulus,7,152.09429862308303,11.966202189622523,engine
Regulus,8,152.09429879095703,11.966202190960006,engine
Regulus,9,152.09429895924666,11.966202192493892,engine
Regulus,10,152.09429912794758,11.966202194224538,engine
Regulus,11,152.09429929705558,11.966202196152306,engine
Regulus,12,152.09429946656635,11.966202198277541,engine
Regulus,13,152.09429963647563,11.9662022006006,engine
Regulus,14,152.09429980677908,11.966202203121815,engine
Regulus,15,152.0942999774724,11.966202205841542,engine
Regulus,16,152.0943001485513,11.966202208760105,engine
Regulus,17,152.0943003200115,11.966202211877853,engine
Regulus,18,152.0943004918486,11.966202215195095,engine
Regulus,19,152.09430066405824,11.966202218712171,engine
Regulus,20,152.09430083663608,11.966202222429398,engine
Regulus,21,152.09430100957783,11.966202226347097,engine
Regulus,22,152.09430118287912,11.966202230465578,engine
Regulus,23,152.09430135653554,11.96620223478516,engine
Regulus,24,152.09430153054277,11.966202239306138,engine
Regulus,25,152.09430170489645,11.966202244028825,engine
Regulus,26,152.09430187959214,11.966202248953518,engine
Regulus,27,152.09430205462547,11.966202254080503,engine
Regulus,28,152.09430222999205,11.966202259410082,engine
Regulus,29,152.0943024056876,11.966202264942538,engine
Regulus,30,152.09430258170747,11.966202270678142,engine
Saturn,-30,325.8410385669496,-14.72580319961711,engine
Saturn,-20,325.8415264588371,-14.725655072566525,engine
Saturn,-15,325.84177046375197,-14.725580996839682,engine
Saturn,-10,325.8420145094884,-14.725506913384834,engine
Saturn,-5,325.8422585972422,-14.725432822484574,engine
Saturn,-2,325.8424050704875,-14.725388364509408,engine
Saturn,-1,325.8424538983901,-14.725373544625826,engine
Saturn,0,325.8425027280509,-14.725358724467174,engine
Saturn,1,325.84255155947824,-14.725343904035991,engine
Saturn,2,325.84260039268065,-14.725329083334824,engine
Saturn,3,325.84264922766647,-14.725314262366199,engine
Saturn,4,325.8426980644443,-14.725299441132705,engine
Saturn,5,325.84274690302226,-14.72528461963688,engine
Saturn,6,325.84279574344146,-14.725269797871388,engine
Saturn,7,325.8428445856446,-14.725254975858673,engine
Saturn,8,325.84289342967276,-14.725240153591395,engine
Saturn,9,325.8429422755339,-14.725225331072155,engine
Saturn,10,325.8429911232362,-14.725210508303585,engine
Saturn,11,325.8430399727877,-14.725195685288265,engine
Saturn,12,325.8430888241965,-14.725180862028857,engine
Saturn,13,325.8431376774704,-14.725166038527984,engine
Saturn,14,325.84318653261744,-14.725151214788285,engine
Saturn,15,325.84323538964543,-14.725136390812429,engine
Saturn,16,325.84328424856216,-14.725121566603065,engine
Saturn,17,325.84333310940826,-14.725106742152935,engine
Saturn,18,325.84338197212577,-14.725091917484585,engine
Saturn,19,325.8434308367554,-14.72507709259076,engine
Saturn,20,325.8434797033044,-14.72506226747418,engine
Saturn,21,325.84352857178067,-14.725047442137507,engine
Saturn,22,325.84357744219153,-14.725032616583487,engine
Saturn,23,325.8436263145447,-14.725017790814821,engine
Saturn,24,325.8436751888335,-14.725002964838325,engine
Saturn,25,325.84372406509317,-14.724988138648559,engine
Saturn,26,325.84377294331716,-14.724973312252354,engine
Saturn,27,325.8438218235127,-14.724958485652468,engine
Saturn,28,325.8438707056871,-14.724943658851645,engine
Saturn,29,325.84391958988033,-14.724928831842718,engine
Saturn,30,325.84396847603387,-14.724914004648337,engine
Sun,-30,26.14201464948776,10.81115552794005,engine
Sun,-20,26.148402094130958,10.813577558539691,engine
Sun,-15,26.15159590875398,10.814788319937334,engine
Sun,-10,26.15478980520725,10.81599891208098,engine
Sun,-5,26.15798379996287,10.817209335547782,engine
Sun,-2,26.159900250021256,10.817935508616486,engine
Sun,-1,26.16053907636429,10.818177552837396,engine
Sun,0,26.16117790774289,10.818419590329121,engine
Sun,1,26.161816744280944,10.81866162109482,engine
Sun,2,26.162455586102862,10.818903645137972,engine
Sun,3,26.163094433332375,10.819145662461928,engine
Sun,4,26.163733286093265,10.819387673070196,engine
Sun,5,26.16437214450958,10.819629676966526,engine
Sun,6,26.165011009133252,10.819871674316861,engine
Sun,7,26.16564987923094,10.820113664800447,engine
Sun,8,26.166288755354838,10.820355648583629,engine
Sun,9,26.166927637628177,10.820597625670379,engine
Sun,10,26.167566526174287,10.82083959606485,engine
Sun,11,26.168205421116127,10.821081559771219,engine
Sun,12,26.168844322577197,10.821323516793962,engine
Sun,13,26.169483230680196,10.821565467137457,engine
Sun,14,26.170122145548103,10.821807410806253,engine
Sun,15,26.170761067303424,10.82204934780492,engine
Sun,16,26.17139999606917,10.822291278138362,engine
Sun,17,26.172038932396088,10.82253320197355,engine
Sun,18,26.172677875549756,10.822775118991002,engine
Sun,19,26.17331682608067,10.823017029357924,engine
Sun,20,26.173955784111353,10.823258933079575,engine
Sun,21,26.174594749763596,10.823500830161155,engine
Sun,22,26.17523372315939,10.823742720608005,engine
Sun,23,26.175872704420396,10.823984604425567,engine
Sun,24,26.176511693668164,10.824226481619323,engine
Sun,25,26.17715069102442,10.82446835219503,engine
Sun,26,26.177789696610464,10.824710216158389,engine
Sun,27,26.178428710547394,10.824952073515215,engine
Sun,28,26.17906773295635,10.825193924271472,engine
Sun,29,26.179706764386726,10.825435768595355,engine
Sun,30,26.180345804102142,10.825677606168595,engine
Uranus,-30,41.18424830272018,15.550788705932602,engine
Uranus,-20,41.18463111539482,15.550907524917168,engine
Uranus,-15,41.18482247664362,15.550966923079649,engine
Uranus,-10,41.185013808713286,15.55102631343808,engine
Uranus,-5,41.18520511234516,15.551085695828524,engine
Uranus,-2,41.185319881144395,15.551121321357973,engine
Uranus,-1,41.18535813521666,15.551133195875813,engine
Uranus,0,41.18539638820726,15.551145070063868,engine
Uranus,1,41.18543464011232,15.551156943917764,engine
Uranus,2,41.18547289094266,15.551168817437679,engine
Uranus,3,41.18551114070902,15.551180690623827,engine
Uranus,4,41.18554938940762,15.551192563471824,engine
Uranus,5,41.185587637049316,15.55120443598191,engine
Uranus,6,41.185625883670575,15.551216308162282,engine
Uranus,7,41.1856641292164,15.551228179992629,engine
Uranus,8,41.185702373723345,15.551240051481175,engine
Uranus,9,41.18574061720233,15.551251922628165,engine
Uranus,10,41.18577885964969,15.55126379342927,engine
Uranus,11,41.18581710107638,15.551275663884732,engine
Uranus,12,41.185855341493394,15.551287533994854,engine
Uranus,13,41.18589358089714,15.5512994037553,engine
Uranus,14,41.185931819298645,15.551311273166355,engine
Uranus,15,41.18597005670896,15.551323142228316,engine
Uranus,16,41.18600829312456,15.551335010936892,engine
Uranus,17,41.186046528582146,15.551346879300347,engine
Uranus,18,41.18608476304159,15.551358747303052,engine
Uranus,19,41.18612299652503,15.551370614948727,engine
Uranus,20,41.186161229043655,15.55138248223768,engine
Uranus,21,41.18619946060374,15.551394349168731,engine
Uranus,22,41.18623769121649,15.551406215742196,engine
Uranus,23,41.186275920878515,15.551418081953857,engine
Uranus,24,41.18631414960103,15.55142994780405,engine
Uranus,25,41.18635237739532,15.551441813293154,engine
Uranus,26,41.18639060425806,15.551453678416932,engine
Uranus,27,41.1864288302005,15.551465543175768,engine
Uranus,28,41.18646705522912,15.551477407568536,engine
Uranus,29,41.18650527938088,15.551489271603552,engine
Uranus,30,41.18654350260124,15.551501135260727,engine
Venus,-30,345.2481960295586,-6.920358704550474,engine
Venus,-20,345.2554976489298,-6.917830280031836,engine
Venus,-15,345.2591492927748,-6.916565887531711,engine
Venus,-10,345.2628015084363,-6.915301377028214,engine
Venus,-5,345.26645430833906,-6.914036749768597,engine
Venus,-2,345.2686462731326,-6.913277918163946,engine
Venus,-1,345.2693769761155,-6.913024965149071,engine
Venus,0,345.27010770327297,-6.912772007581978,engine
Venus,1,345.2708384546936,-6.912519045475378,engine
Venus,2,345.2715692303149,-6.912266078873312,engine
Venus,3,345.27230003052586,-6.912013107726082,engine
Venus,4,345.2730308552628,-6.911760132077795,engine
Venus,5,345.27376170461264,-6.911507151941361,engine
Venus,6,345.2744925791517,-6.911254167160057,engine
Venus,7,345.2752234779855,-6.911001178086179,engine
Venus,8,345.27595440153897,-6.910748184594355,engine
Venus,9,345.276685350198,-6.910495186635129,engine
Venus,10,345.2774163238965,-6.910242184252868,engine
Venus,11,345.2781473227182,-6.909989177460736,engine
Venus,12,345.2788783467467,-6.909736166271897,engine
Venus,13,345.27960939606476,-6.909483150699594,engine
Venus,14,345.2803404706044,-6.909230130788375,engine
Venus,15,345.2810715707486,-6.908977106489007,engine
Venus,16,345.28180269642843,-6.908724077846087,engine
Venus,17,345.28253384821505,-6.908471044703338,engine
Venus,18,345.28326502520855,-6.908218007413542,engine
Venus,19,345.2839962278285,-6.907964965851776,engine
Venus,20,345.2847274564557,-6.907711919968969,engine
Venus,21,345.2854587110185,-6.907458869809962,engine
Venus,22,345.2861899915956,-6.907205815388319,engine
Venus,23,345.28692129826504,-6.906952756717656,engine
Venus,24,345.2876526309537,-6.9066996938429455,engine
Venus,25,345.2883839900399,-6.9064466267152715,engine
Venus,26,345.28911537544957,-6.90619355537967,engine
Venus,27,345.2898467872588,-6.905940479849902,engine
Venus,28,345.29057822539255,-6.905687400171074,engine
Venus,29,345.2913096907176,-6.905434316124709,engine
Venus,30,345.29204118217694,-6.9051812280954135,engine
Vesta,-30,319.80855548789884,-16.574309138910778,engine
Vesta,-20,319.81144800844595,-16.57371513342387,engine
Vesta,-15,319.81289466593785,-16.573418085354497,engine
Vesta,-10,319.8143415914558,-16.57312100952299,engine
Vesta,-5,319.81578878816043,-16.572823907611006,engine
Vesta,-2,319.81665723712695,-16.572645634745964,engine
Vesta,-1,319.81694674201833,-16.57258620859698,engine
Vesta,0,319.8172362579116,-16.57252678153852,engine
Vesta,1,319.8175257848241,-16.572467353585292,engine
Vesta,2,319.81781532277296,-16.572407924752024,engine
Vesta,3,319.81810487177506,-16.572348495053436,engine
Vesta,4,319.818394431847,-16.5722890645043,engine
Vesta,5,319.8186840031318,-16.572229633097812,engine
Vesta,6,319.8189735855867,-16.57217020085207,engine
Vesta,7,319.81926317896585,-16.572110767840016,engine
Vesta,8,319.8195527834792,-16.572051334036626,engine
Vesta,9,319.81984239914203,-16.57199189945676,engine
Vesta,10,319.82013202596966,-16.571932464115264,engine
Vesta,11,319.82042166397713,-16.57187302802706,engine
Vesta,12,319.82071131330554,-16.57181359118546,engine
Vesta,13,319.82100097371665,-16.571754153648524,engine
Vesta,14,319.82129064535087,-16.57169471540963,engine
Vesta,15,319.8215803282225,-16.57163527648373,engine
Vesta,16,319.82187002234537,-16.57157583688578,engine
Vesta,17,319.82215972792704,-16.571516396590926,engine
Vesta,18,319.8224494445925,-16.571456955693872,engine
Vesta,19,319.82273917267554,-16.571397514148206,engine
Vesta,20,319.82302891193586,-16.57133807201211,engine
Vesta,21,319.82331866251275,-16.571278629279053,engine
Vesta,22,319.82360842441835,-16.571219185964093,engine
Vesta,23,319.8238981976649,-16.5711597420823,engine
Vesta,24,319.8241879822643,-16.57110029764879,engine
Vesta,25,319.824477778228,-16.57104085267863,engine
Vesta,26,319.8247675855675,-16.57098140718695,engine
Vesta,27,319.82505740442036,-16.57092196116729,engine
Vesta,28,319.82534723454455,-16.57086251467796,engine
Vesta,29,319.82563707627156,-16.570803067672674,engine
Vesta,30,319.825926929223,-16.570743620246304,engine
Gonggong,-30,337.2998459329428,-11.046869965868757,tno-rate
Gonggong,-20,337.2998924609972,-11.046849340374258,tno-rate
Gonggong,-15,337.29991572502445,-11.046839027627009,tno-rate
Gonggong,-10,337.29993898905167,-11.046828714879759,tno-rate
Gonggong,-5,337.2999622530789,-11.04681840213251,tno-rate
Gonggong,-2,337.2999762114952,-11.04681221448416,tno-rate
Gonggong,-1,337.29998086430066,-11.04681015193471,tno-rate
Gonggong,0,337.2999855171061,-11.04680808938526,tno-rate
Gonggong,1,337.29999016991155,-11.04680602683581,tno-rate
Gonggong,2,337.299994822717,-11.046803964286362,tno-rate
Gonggong,3,337.29999947552244,-11.046801901736911,tno-rate
Gonggong,4,337.3000041283279,-11.046799839187461,tno-rate
Gonggong,5,337.30000878113333,-11.04679777663801,tno-rate
Gonggong,6,337.3000134339388,-11.046795714088562,tno-rate
Gonggong,7,337.3000180867442,-11.046793651539112,tno-rate
Gonggong,8,337.30002273954966,-11.046791588989661,tno-rate
Gonggong,9,337.3000273923551,-11.046789526440211,tno-rate
Gonggong,10,337.30003204516055,-11.046787463890762,tno-rate
Gonggong,11,337.300036697966,-11.046785401341312,tno-rate
Gonggong,12,337.30004135077144,-11.046783338791862,tno-rate
Gonggong,13,337.3000460035769,-11.046781276242413,tno-rate
Gonggong,14,337.3000506563823,-11.046779213692963,tno-rate
Gonggong,15,337.30005530918777,-11.046777151143512,tno-rate
Gonggong,16,337.3000599619932,-11.046775088594062,tno-rate
Gonggong,17,337.30006461479866,-11.046773026044614,tno-rate
Gonggong,18,337.3000692676041,-11.046770963495163,tno-rate
Gonggong,19,337.30007392040955,-11.046768900945713,tno-rate
Gonggong,20,337.300078573215,-11.046766838396263,tno-rate
Gonggong,21,337.30008322602043,-11.046764775846814,tno-rate
Gonggong,22,337.3000878788259,-11.046762713297364,tno-rate
Gonggong,23,337.3000925316313,-11.046760650747913,tno-rate
Gonggong,24,337.30009718443677,-11.046758588198465,tno-rate
Gonggong,25,337.3001018372422,-11.046756525649014,tno-rate
Gonggong,26,337.30010649004765,-11.046754463099564,tno-rate
Gonggong,27,337.3001111428531,-11.046752400550114,tno-rate
Gonggong,28,337.30011579565854,-11.046750338000665,tno-rate
Gonggong,29,337.300120448464,-11.046748275451215,tno-rate
Gonggong,30,337.30012510126943,-11.046746212901764,tno-rate
Haumea,-30,216.858478982466,15.878118850997113,tno-rate
Haumea,-20,216.8583647498301,15.878164256197712,tno-rate
Haumea,-15,216.8583076335121,15.878186958798011,tno-rate
Haumea,-10,216.85825051719414,15.878209661398312,tno-rate
Haumea,-5,216.8581934008762,15.878232363998611,tno-rate
Haumea,-2,216.8581591310854,15.878245985558792,tno-rate
Haumea,-1,216.85814770782181,15.878250526078851,tno-rate
Haumea,0,216.8581362845582,15.87825506659891,tno-rate
Haumea,1,216.8581248612946,15.87825960711897,tno-rate
Haumea,2,216.85811343803104,15.87826414763903,tno-rate
Haumea,3,216.85810201476744,15.87826868815909,tno-rate
Haumea,4,216.85809059150384,15.87827322867915,tno-rate
Haumea,5,216.85807916824024,15.87827776919921,tno-rate
Haumea,6,216.85806774497667,15.87828230971927,tno-rate
Haumea,7,216.85805632171306,15.87828685023933,tno-rate
Haumea,8,216.85804489844946,15.87829139075939,tno-rate
Haumea,9,216.85803347518586,15.87829593127945,tno-rate
Haumea,10,216.8580220519223,15.878300471799509,tno-rate
Haumea,11,216.8580106286587,15.87830501231957,tno-rate
Haumea,12,216.8579992053951,15.87830955283963,tno-rate
Haumea,13,216.8579877821315,15.87831409335969,tno-rate
Haumea,14,216.85797635886792,15.878318633879749,tno-rate
Haumea,15,216.85796493560431,15.87832317439981,tno-rate
Haumea,16,216.8579535123407,15.87832771491987,tno-rate
Haumea,17,216.8579420890771,15.878332255439929,tno-rate
Haumea,18,216.85793066581354,15.878336795959989,tno-rate
Haumea,19,216.85791924254994,15.87834133648005,tno-rate
Haumea,20,216.85790781928634,15.87834587700011,tno-rate
Haumea,21,216.85789639602274,15.878350417520169,tno-rate
Haumea,22,216.85788497275917,15.878354958040228,tno-rate
Haumea,23,216.85787354949557,15.87835949856029,tno-rate
Haumea,24,216.85786212623196,15.878364039080349,tno-rate
Haumea,25,216.85785070296836,15.878368579600409,tno-rate
Haumea,26,216.8578392797048,15.878373120120468,tno-rate
Haumea,27,216.8578278564412,15.87837766064053,tno-rate
Haumea,28,216.8578164331776,15.878382201160589,tno-rate
Haumea,29,216.85780500991402,15.878386741680648,tno-rate
Haumea,30,216.85779358665042,15.878391282200708,tno-rate
Makemake,-30,198.294641032251,23.0141835617088,tno-rate
Makemake,-20,198.29452695696313,23.01420761446996,tno-rate
Makemake,-15,198.2944699193192,23.01421964085054,tno-rate
Makemake,-10,198.29441288167527,23.014231667231122,tno-rate
Makemake,-5,198.29435584403132,23.0142436936117,tno-rate
Makemake,-2,198.29432162144496,23.01425090944005,tno-rate
Makemake,-1,198.29431021391616,23.014253314716164,tno-rate
Makemake,0,198.2942988063874,23.01425571999228,tno-rate
Makemake,1,198.29428739885861,23.014258125268398,tno-rate
Makemake,2,198.2942759913298,23.01426053054451,tno-rate
Makemake,3,198.29426458380104,23.01426293582063,tno-rate
Makemake,4,198.29425317627224,23.014265341096745,tno-rate
Makemake,5,198.29424176874346,23.014267746372862,tno-rate
Makemake,6,198.29423036121466,23.014270151648976,tno-rate
Makemake,7,198.29421895368588,23.014272556925093,tno-rate
Makemake,8,198.29420754615708,23.01427496220121,tno-rate
Makemake,9,198.2941961386283,23.014277367477327,tno-rate
Makemake,10,198.2941847310995,23.01427977275344,tno-rate
Makemake,11,198.29417332357073,23.014282178029557,tno-rate
Makemake,12,198.29416191604196,23.014284583305674,tno-rate
Makemake,13,198.29415050851316,23.014286988581787,tno-rate
Makemake,14,198.29413910098438,23.014289393857904,tno-rate
Makemake,15,198.29412769345558,23.01429179913402,tno-rate
Makemake,16,198.2941162859268,23.014294204410138,tno-rate
Makemake,17,198.294104878398,23.01429660968625,tno-rate
Makemake,18,198.29409347086923,23.01429901496237,tno-rate
Makemake,19,198.29408206334043,23.014301420238485,tno-rate
Makemake,20,198.29407065581165,23.014303825514602,tno-rate
Makemake,21,198.29405924828285,23.014306230790716,tno-rate
Makemake,22,198.29404784075408,23.014308636066833,tno-rate
Makemake,23,198.2940364332253,23.01431104134295,tno-rate
Makemake,24,198.2940250256965,23.014313446619063,tno-rate
Makemake,25,198.29401361816772,23.01431585189518,tno-rate
Makemake,26,198.29400221063892,23.014318257171297,tno-rate
Makemake,27,198.29399080311015,23.014320662447414,tno-rate
Makemake,28,198.29397939558135,23.014323067723527,tno-rate
Makemake,29,198.29396798805257,23.014325472999644,tno-rate
Makemake,30,198.29395658052377,23.01432787827576,tno-rate
Orcus,-30,155.81750523438325,-11.64786419416874,tno-rate
Orcus,-20,155.8174421594944,-11.647801302902467,tno-rate
Orcus,-15,155.81741062204998,-11.64776985726933,tno-rate
Orcus,-10,155.81737908460556,-11.647738411636192,tno-rate
Orcus,-5,155.81734754716112,-11.647706966003057,tno-rate
Orcus,-2,155.81732862469448,-11.647688098623174,tno-rate
Orcus,-1,155.8173223172056,-11.647681809496547,tno-rate
Orcus,0,155.8173160097167,-11.64767552036992,tno-rate
Orcus,1,155.81730970222782,-11.647669231243292,tno-rate
Orcus,2,155.81730339473893,-11.647662942116664,tno-rate
Orcus,3,155.81729708725004,-11.647656652990037,tno-rate
Orcus,4,155.81729077976118,-11.64765036386341,tno-rate
Orcus,5,155.8172844722723,-11.647644074736782,tno-rate
Orcus,6,155.8172781647834,-11.647637785610154,tno-rate
Orcus,7,155.81727185729451,-11.647631496483527,tno-rate
Orcus,8,155.81726554980563,-11.647625207356901,tno-rate
Orcus,9,155.81725924231674,-11.647618918230274,tno-rate
Orcus,10,155.81725293482785,-11.647612629103646,tno-rate
Orcus,11,155.81724662733896,-11.647606339977019,tno-rate
Orcus,12,155.8172403198501,-11.647600050850391,tno-rate
Orcus,13,155.8172340123612,-11.647593761723764,tno-rate
Orcus,14,155.81722770487232,-11.647587472597136,tno-rate
Orcus,15,155.81722139738343,-11.647581183470509,tno-rate
Orcus,16,155.81721508989455,-11.647574894343881,tno-rate
Orcus,17,155.81720878240566,-11.647568605217254,tno-rate
Orcus,18,155.81720247491677,-11.647562316090626,tno-rate
Orcus,19,155.81719616742788,-11.647556026963999,tno-rate
Orcus,20,155.81718985993902,-11.647549737837371,tno-rate
Orcus,21,155.81718355245013,-11.647543448710744,tno-rate
Orcus,22,155.81717724496124,-11.647537159584116,tno-rate
Orcus,23,155.81717093747235,-11.647530870457489,tno-rate
Orcus,24,155.81716462998347,-11.647524581330863,tno-rate
Orcus,25,155.81715832249458,-11.647518292204236,tno-rate
Orcus,26,155.8171520150057,-11.647512003077608,tno-rate
Orcus,27,155.8171457075168,-11.64750571395098,tno-rate
Orcus,28,155.81713940002794,-11.647499424824353,tno-rate
Orcus,29,155.81713309253905,-11.647493135697726,tno-rate
Orcus,30,155.81712678505016,-11.647486846571098,tno-rate
Quaoar,-30,277.24323280398863,-15.214954780598747,tno-rate
Quaoar,-20,277.24319955215964,-15.214934383244975,tno-rate
Quaoar,-15,277.24318292624514,-15.214924184568089,tno-rate
Quaoar,-10,277.2431663003306,-15.214913985891203,tno-rate
Quaoar,-5,277.2431496744161,-15.214903787214316,tno-rate
Quaoar,-2,277.24313969886737,-15.214897668008184,tno-rate
Quaoar,-1,277.2431363736845,-15.214895628272808,tno-rate
Quaoar,0,277.2431330485016,-15.21489358853743,tno-rate
Quaoar,1,277.2431297233187,-15.214891548802052,tno-rate
Quaoar,2,277.2431263981358,-15.214889509066676,tno-rate
Quaoar,3,277.24312307295287,-15.214887469331298,tno-rate
Quaoar,4,277.24311974777,-15.214885429595922,tno-rate
Quaoar,5,277.2431164225871,-15.214883389860544,tno-rate
Quaoar,6,277.2431130974042,-15.214881350125166,tno-rate
Quaoar,7,277.24310977222126,-15.21487931038979,tno-rate
Quaoar,8,277.2431064470384,-15.214877270654412,tno-rate
Quaoar,9,277.2431031218555,-15.214875230919036,tno-rate
Quaoar,10,277.2430997966726,-15.214873191183658,tno-rate
Quaoar,11,277.24309647148965,-15.214871151448282,tno-rate
Quaoar,12,277.24309314630676,-15.214869111712904,tno-rate
Quaoar,13,277.2430898211239,-15.214867071977526,tno-rate
Quaoar,14,277.243086495941,-15.21486503224215,tno-rate
Quaoar,15,277.24308317075804,-15.214862992506772,tno-rate
Quaoar,16,277.24307984557515,-15.214860952771396,tno-rate
Quaoar,17,277.24307652039226,-15.214858913036018,tno-rate
Quaoar,18,277.2430731952094,-15.21485687330064,tno-rate
Quaoar,19,277.24306987002643,-15.214854833565264,tno-rate
Quaoar,20,277.24306654484354,-15.214852793829886,tno-rate
Quaoar,21,277.24306321966066,-15.21485075409451,tno-rate
Quaoar,22,277.24305989447777,-15.214848714359132,tno-rate
Quaoar,23,277.2430565692949,-15.214846674623754,tno-rate
Quaoar,24,277.24305324411193,-15.214844634888378,tno-rate
Quaoar,25,277.24304991892905,-15.214842595153,tno-rate
Quaoar,26,277.24304659374616,-15.214840555417624,tno-rate
Quaoar,27,277.24304326856327,-15.214838515682246,tno-rate
Quaoar,28,277.2430399433803,-15.21483647594687,tno-rate
Quaoar,29,277.24303661819744,-15.214834436211492,tno-rate
Quaoar,30,277.24303329301455,-15.214832396476114,tno-rate
Sedna,-30,58.690986526871775,8.285604339295741,tno-rate
Sedna,-20,58.69106353676265,8.285630105871698,tno-rate
Sedna,-15,58.691102041708085,8.285642989159678,tno-rate
Sedna,-10,58.691140546653514,8.285655872447657,tno-rate
Sedna,-5,58.69117905159895,8.285668755735635,tno-rate
Sedna,-2,58.69120215456621,8.285676485708423,tno-rate
Sedna,-1,58.6912098555553,8.285679062366018,tno-rate
Sedna,0,58.69121755654439,8.285681639023615,tno-rate
Sedna,1,58.691225257533475,8.285684215681211,tno-rate
Sedna,2,58.69123295852256,8.285686792338806,tno-rate
Sedna,3,58.69124065951165,8.285689368996403,tno-rate
Sedna,4,58.69124836050074,8.285691945653998,tno-rate
Sedna,5,58.691256061489824,8.285694522311594,tno-rate
Sedna,6,58.69126376247891,8.28569709896919,tno-rate
Sedna,7,58.691271463468,8.285699675626786,tno-rate
Sedna,8,58.691279164457086,8.28570225228438,tno-rate
Sedna,9,58.69128686544617,8.285704828941977,tno-rate
Sedna,10,58.69129456643526,8.285707405599572,tno-rate
Sedna,11,58.69130226742435,8.285709982257169,tno-rate
Sedna,12,58.691309968413435,8.285712558914765,tno-rate
Sedna,13,58.69131766940252,8.28571513557236,tno-rate
Sedna,14,58.69132537039161,8.285717712229957,tno-rate
Sedna,15,58.69133307138069,8.285720288887552,tno-rate
Sedna,16,58.69134077236978,8.285722865545148,tno-rate
Sedna,17,58.691348473358865,8.285725442202743,tno-rate
Sedna,18,58.69135617434795,8.28572801886034,tno-rate
Sedna,19,58.69136387533704,8.285730595517935,tno-rate
Sedna,20,58.69137157632613,8.285733172175531,tno-rate
Sedna,21,58.691379277315214,8.285735748833126,tno-rate
Sedna,22,58.6913869783043,8.285738325490723,tno-rate
Sedna,23,58.69139467929339,8.28574090214832,tno-rate
Sedna,24,58.691402380282476,8.285743478805914,tno-rate
Sedna,25,58.69141008127156,8.28574605546351,tno-rate
Sedna,26,58.69141778226065,8.285748632121106,tno-rate
Sedna,27,58.69142548324974,8.285751208778702,tno-rate
Sedna,28,58.691433184238825,8.285753785436297,tno-rate
Sedna,29,58.69144088522791,8.285756362093894,tno-rate
Sedna,30,58.691448586217,8.285758938751489,tno-rate
Transpluto,-30,154.3158874371053,10.640143142300099,engine
Transpluto,-20,154.3158543923571,10.640155672990916,engine
Transpluto,-15,154.31583787214177,10.640161937515805,engine
Transpluto,-10,154.31582135336873,10.640168201492349,engine
Transpluto,-5,154.31580483603358,10.64017446492216,engine
Transpluto,-2,154.31579492632505,10.640178222716653,engine
Transpluto,-1,154.31579162320415,10.640179475270987,engine
Transpluto,0,154.31578832014077,10.640180727803438,engine
Transpluto,1,154.315785017135,10.640181980313962,engine
Transpluto,2,154.31578171418693,10.640183232802537,engine
Transpluto,3,154.31577841129644,10.640184485269259,engine
Transpluto,4,154.31577510846353,10.640185737714038,engine
Transpluto,5,154.31577180568823,10.64018699013686,engine
Transpluto,6,154.31576850296835,10.64018824253863,engine
Transpluto,7,154.31576520030828,10.640189494917674,engine
Transpluto,8,154.3157618977058,10.640190747274755,engine
Transpluto,9,154.31575859516096,10.640191999609966,engine
Transpluto,10,154.31575529267377,10.64019325192323,engine
Transpluto,11,154.3157519902442,10.64019450421457,engine
Transpluto,12,154.31574868787217,10.640195756483948,engine
Transpluto,13,154.3157453855578,10.640197008731468,engine
Transpluto,14,154.31574208330107,10.640198260957005,engine
Transpluto,15,154.31573878110194,10.640199513160647,engine
Transpluto,16,154.3157354789604,10.640200765342371,engine
Transpluto,17,154.3157321768743,10.640202017502984,engine
Transpluto,18,154.315728874848,10.640203269640832,engine
Transpluto,19,154.3157255728794,10.640204521756736,engine
Transpluto,20,154.3157222709683,10.640205773850756,engine
Transpluto,21,154.3157189691149,10.640207025922814,engine
Transpluto,22,154.3157156673191,10.640208277972937,engine
Transpluto,23,154.31571236558094,10.64020953000115,engine
Transpluto,24,154.31570906390036,10.640210782007381,engine
Transpluto,25,154.3157057622775,10.640212033991716,engine
Transpluto,26,154.31570246071217,10.640213285954093,engine
Transpluto,27,154.31569915920446,10.640214537894567,engine
Transpluto,28,154.31569585775443,10.640215789813066,engine
Transpluto,29,154.3156925563598,10.640217041710468,engine
Transpluto,30,154.315689255025,10.640218293585129,engine
Part_of_Fortune,-30,342.94544968794463,-13.92500524180769,engine
Part_of_Fortune,-20,344.7661298874185,-14.496031442203561,engine
Part_of_Fortune,-15,345.67294551363386,-14.7862202131074,engine
Part_of_Fortune,-10,346.57751654755884,-15.079459069151387,engine
Part_of_Fortune,-5,347.4799187444029,-15.375697341342459,engine
Part_of_Fortune,-2,348.0203497369094,-15.55485879622323,engine
Part_of_Fortune,-1,348.20032843318666,-15.614813221372428,engine
Part_of_Fortune,0,348.38022540896077,-15.674883881791082,engine
Part_of_Fortune,1,348.5600415782113,-15.735070453154705,engine
Part_of_Fortune,2,348.7397773187772,-15.795372474212245,engine
Part_of_Fortune,3,348.9194331827375,-15.855789528282308,engine
Part_of_Fortune,4,349.099009717946,-15.916321197558096,engine
Part_of_Fortune,5,349.2785072909675,-15.976967017943041,engine
Part_of_Fortune,6,349.45792691943933,-16.037726701612605,engine
Part_of_Fortune,7,349.63726872200755,-16.098599700977516,engine
Part_of_Fortune,8,349.81653335393037,-16.15958563548169,engine
Part_of_Fortune,9,349.99572134542393,-16.220684082468182,engine
Part_of_Fortune,10,350.1748332243408,-16.281894618614274,engine
Part_of_Fortune,11,350.3538693374476,-16.3432167743294,engine
Part_of_Fortune,12,350.53283056042886,-16.404650214505956,engine
Part_of_Fortune,13,350.7117172338126,-16.466194467622188,engine
Part_of_Fortune,14,350.8905298713321,-16.527849105966425,engine
Part_of_Fortune,15,351.0692689848052,-16.589613701229283,engine
Part_of_Fortune,16,351.24793508159837,-16.651487823598536,engine
Part_of_Fortune,17,351.42652878694514,-16.713471084247146,engine
Part_of_Fortune,18,351.6050501851007,-16.77556292305766,engine
Part_of_Fortune,19,351.7835002495069,-16.837763038964198,engine
Part_of_Fortune,20,351.96187929842074,-16.900070952998554,engine
Part_of_Fortune,21,352.14018782478183,-16.962486230268794,engine
Part_of_Fortune,22,352.3184263175107,-17.025008434429274,engine
Part_of_Fortune,23,352.49659526390985,-17.0876371284648,engine
Part_of_Fortune,24,352.6746951470283,-17.15037187377513,engine
Part_of_Fortune,25,352.8527264482974,-17.21321223107298,engine
Part_of_Fortune,26,353.0306896449871,-17.27615775947329,engine
Part_of_Fortune,27,353.20858521280763,-17.339208017377302,engine
Part_of_Fortune,28,353.38641362335613,-17.402362561578215,engine
Part_of_Fortune,29,353.56417546590393,-17.46562099059688,engine
Part_of_Fortune,30,353.7418707905647,-17.528982729081164,engine
Part_of_Spirit,-30,297.9212920434375,44.79763702620648,engine
Part_of_Spirit,-20,299.50495776059313,44.29607790445796,engine
Part_of_Spirit,-15,300.29298176865973,44.04082009433942,engine
Part_of_Spirit,-10,301.07858640099073,43.782645491165056,engine
Part_of_Spirit,-5,301.86185872069586,43.521605912397604,engine
Part_of_Spirit,-2,302.33073732900715,43.36362884081436,engine
Part_of_Spirit,-1,302.48685342198576,43.31074677433786,engine
Part_of_Spirit,0,302.6428823937796,43.25775384511261,engine
Part_of_Spirit,1,302.79882453602534,43.20465056786816,engine
Part_of_Spirit,2,302.954680671184,43.15143732144032,engine
Part_of_Spirit,3,303.1104514403545,43.09811453092302,engine
Part_of_Spirit,4,303.2661374805623,43.044682622423075,engine
Part_of_Spirit,5,303.4217396031362,42.99114197750224,engine
Part_of_Spirit,6,303.57725818782956,42.93749307833205,engine
Part_of_Spirit,7,303.7326938302914,42.883736380196794,engine
Part_of_Spirit,8,303.8880472591179,42.82987227629574,engine
Part_of_Spirit,9,304.04331909408086,42.77590119706851,engine
Part_of_Spirit,10,304.19850995252045,42.72182357351584,engine
Part_of_Spirit,11,304.3536206262637,42.66763979225955,engine
Part_of_Spirit,12,304.508651369825,42.61335037696157,engine
Part_of_Spirit,13,304.6636029688852,42.55895571594696,engine
Part_of_Spirit,14,304.8184760270291,42.50445624416918,engine
Part_of_Spirit,15,304.97327114588734,42.44985239710208,engine
Part_of_Spirit,16,305.12798892277476,42.39514461158139,engine
Part_of_Spirit,17,305.2826300567989,42.34033328819342,engine
Part_of_Spirit,18,305.4371951096881,42.28541889395758,engine
Part_of_Spirit,19,305.59168441830457,42.23040192211965,engine
Part_of_Spirit,20,305.746098746371,42.17528276791846,engine
Part_of_Spirit,21,305.90043867693214,42.12006187276867,engine
Part_of_Spirit,22,306.0547047892611,42.06473967940675,engine
Part_of_Spirit,23,306.20889766084065,42.00931663116287,engine
Part_of_Spirit,24,306.3630178651133,41.95379317281409,engine
Part_of_Spirit,25,306.51706597384,41.89816974974629,engine
Part_of_Spirit,26,306.6710425547627,41.84244680881689,engine
Part_of_Spirit,27,306.82494817399237,41.78662479749602,engine
Part_of_Spirit,28,306.9787833936838,41.73070416475103,engine
Part_of_Spirit,29,307.13254887750236,41.674685322579776,engine
Part_of_Spirit,30,307.28624515341147,41.618568752269454,engine
Ascendant,-30,140.43337086569107,15.436315892199394,engine
Ascendant,-20,142.13554382400582,14.900023231127198,engine
Ascendant,-15,142.98296364114677,14.62729994061601,engine
Ascendant,-10,143.8280514742748,14.351593211006833,engine
Ascendant,-5,144.6708887325494,14.072954285527572,engine
Ascendant,-2,145.17554353295827,13.904385022295562,engine
Ascendant,-1,145.3435909275862,13.847966776482716,engine
Ascendant,0,145.51155390137018,13.791434981660764,engine
Ascendant,1,145.67943305711833,13.734790057356726,engine
Ascendant,2,145.8472289949806,13.678032423614036,engine
Ascendant,3,146.01494231154604,13.621162501320356,engine
Ascendant,4,146.18257359925414,13.56418071243249,engine
Ascendant,5,146.35012344705186,13.507087479779598,engine
Ascendant,6,146.51759255363444,13.44988318835972,engine
Ascendant,7,146.68498127614947,13.39256833960964,engine
Ascendant,8,146.85229030652414,13.335143320407022,engine
Ascendant,9,147.01952021975242,13.27760855730016,engine
Ascendant,10,147.18667158843058,13.219964477450784,engine
Ascendant,11,147.3537449818556,13.162211508965077,engine
Ascendant,12,147.52074096512692,13.104350081227805,engine
Ascendant,13,147.68766010134888,13.046380624162383,engine
Ascendant,14,147.85450294918058,12.988303569101376,engine
Ascendant,15,148.02127006534627,12.930119347936396,engine
Ascendant,16,148.18796200218654,12.871828393991427,engine
Ascendant,17,148.35457942187202,12.813431101973137,engine
Ascendant,18,148.52112264739438,12.754927985449964,engine
Ascendant,19,148.68759233390574,12.696319441577725,engine
Ascendant,20,148.8539890223959,12.637605907459955,engine
Ascendant,21,149.020313250857,12.57878782124994,engine
Ascendant,22,149.18656555338592,12.519865622488739,engine
Ascendant,23,149.35274646237528,12.460839751349035,engine
Ascendant,24,149.51885650607076,12.401710649519481,engine
Ascendant,25,149.6848962110687,12.342478759336656,engine
Ascendant,26,149.8508660998749,12.283144524671801,engine
Ascendant,27,150.0167666934,12.223708390059357,engine
Ascendant,28,150.18259850851996,12.164170801586407,engine
Ascendant,29,150.34836217170314,12.104532165991447,engine
Ascendant,30,150.51405797198808,12.044793011594146,engine
Midheaven,-30,29.438587983098603,12.027220250312848,engine
Midheaven,-20,31.943403609527593,12.91731539668587,engine
Midheaven,-15,33.19577648122735,13.351201523730158,engine
Midheaven,-10,34.44812849651998,13.77739862370442,engine
Midheaven,-5,35.700462036550874,14.195732518724524,engine
Midheaven,-2,36.451853976255286,14.44288940117696,engine
Midheaven,-1,36.702316709393386,14.524626796109391,engine
Midheaven,0,36.952778847991105,14.606038006497856,engine
Midheaven,1,37.2032404081193,14.687121812347245,engine
Midheaven,2,37.45370140728843,14.767877008289698,engine
Midheaven,3,37.70416186305193,14.848302403064311,engine
Midheaven,4,37.95462179207404,14.928396819155545,engine
Midheaven,5,38.20508121105918,15.008159093028288,engine
Midheaven,6,38.45554030609851,15.087588128653644,engine
Midheaven,7,38.705998757602565,15.16668268357411,engine
Midheaven,8,38.9564567517366,15.24544168959536,engine
Midheaven,9,39.206914304887185,15.32386403826144,engine
Midheaven,10,39.45737143487007,15.4019486351833,engine
Midheaven,11,39.70782815953323,15.479694399523188,engine
Midheaven,12,39.95828449535993,15.557100263489568,engine
Midheaven,13,40.208740460723924,15.634165173270478,engine
Midheaven,14,40.459196072166215,15.71088808780624,engine
Midheaven,15,40.709651348115784,15.787267979856704,engine
Midheaven,16,40.960106305166164,15.863303834782052,engine
Midheaven,17,41.210561129745585,15.938994702238515,engine
Midheaven,18,41.46101550306082,16.01433949231177,engine
Midheaven,19,41.711469610189155,16.089337280402606,engine
Midheaven,20,41.961923469208784,16.163987104162025,engine
Midheaven,21,42.21237709821686,16.23828801399809,engine
Midheaven,22,42.46283051393241,16.312239072580255,engine
Midheaven,23,42.71328373495155,16.385839355718634,engine
Midheaven,24,42.96373677802438,16.45908795117873,engine
Midheaven,25,43.21418966177546,16.531983959688297,engine
Midheaven,26,43.46464240298045,16.604526493761266,engine
Midheaven,27,43.71509502028695,16.67671467869253,engine
Midheaven,28,43.96554753049103,16.7485476513909,engine
Midheaven,29,44.21600012020586,16.820024609173483,engine
Midheaven,30,44.46645247034616,16.891144617122908,engine
Vertex,-30,280.36867430914293,-23.094112484051326,engine
Vertex,-20,283.07467305852805,-22.89219509486669,engine
Vertex,-15,284.4456202884803,-22.77212996535165,engine
Vertex,-10,285.82883016660793,-22.63889020294474,engine
Vertex,-5,287.2245216899522,-22.492137615873208,engine
Vertex,-2,288.0680167900026,-22.397456357383536,engine
Vertex,-1,288.35020531663616,-22.364774174895256,engine
Vertex,0,288.6329083591942,-22.331526395766538,engine
Vertex,1,288.91612756230336,-22.297710175510883,engine
Vertex,2,289.19986456137417,-22.26332265945903,engine
Vertex,3,289.48412098068366,-22.228360983226935,engine
Vertex,4,289.76889843196557,-22.19282227314669,engine
Vertex,5,290.0541985151061,-22.15670364645068,engine
Vertex,6,290.3400230112216,-22.120002186577985,engine
Vertex,7,290.62637311155913,-22.08271504281246,engine
Vertex,8,290.9132505713784,-22.04483928241511,engine
Vertex,9,291.2006569390045,-22.00637198958366,engine
Vertex,10,291.48859375066695,-21.9673102409125,engine
Vertex,11,291.7770625285222,-21.927651105976157,engine
Vertex,12,292.06606477865216,-21.887391647944874,engine
Vertex,13,292.3556019944238,-21.84652892346817,engine
Vertex,14,292.64567565179624,-21.805059983687418,engine
Vertex,15,292.93628721321926,-21.76298187405646,engine
Vertex,16,293.2274381229158,-21.720291635398144,engine
Vertex,17,293.5191300065702,-21.676986274486467,engine
Vertex,18,293.81136388435715,-21.633062881636928,engine
Vertex,19,294.10414134574813,-21.58851845672008,engine
Vertex,20,294.39746376813093,-21.543350025231565,engine
Vertex,21,294.69133251071554,-21.497554610127978,engine
Vertex,22,294.9857489124555,-21.451129232611216,engine
Vertex,23,295.2807142954308,-21.40407091206849,engine
Vertex,24,295.5762299600269,-21.35637666731539,engine
Vertex,25,295.87229718886806,-21.3080435164653,engine
Vertex,26,296.16891724197063,-21.259068478221533,engine
Vertex,27,296.4660913606838,-21.209448571758617,engine
Vertex,28,296.7638207628181,-21.159180818064893,engine
Vertex,29,297.062106846804,-21.108262205472546,engine
Vertex,30,297.360950386325,-21.056689828067473,engine
Algol,-30,47.03562605475536,40.955166947880755,engine
Algol,-20,47.035626625185095,40.95516813355205,engine
Algol,-15,47.03562686084017,40.95516873316261,engine
Algol,-10,47.0356270632003,40.9551693368096,engine
Algol,-5,47.035627232094164,40.95516994413065,engine
Algol,-2,47.035627317301326,40.95517031013529,engine
Algol,-1,47.035627343008535,40.955170432387966,engine
Algol,0,47.03562736736634,40.95517055476136,engine
Algol,1,47.035627390373634,40.955170677252504,engine
Algol,2,47.0356274120294,40.955170799858465,engine
Algol,3,47.035627432332646,40.9551709225763,engine
Algol,4,47.03562745128236,40.95517104540312,engine
Algol,5,47.0356274688776,40.95517116833592,engine
Algol,6,47.03562748511744,40.9551712913719,engine
Algol,7,47.03562750000094,40.955171414507916,engine
Algol,8,47.03562751352725,40.955171537741094,engine
Algol,9,47.03562752569552,40.955171661068505,engine
Algol,10,47.03562753650488,40.9551717844872,engine
Algol,11,47.035627545954554,40.95517190799423,engine
Algol,12,47.03562755404379,40.95517203158663,engine
Algol,13,47.035627560771765,40.95517215526145,engine
Algol,14,47.03562756613784,40.95517227901573,engine
Algol,15,47.03562757014127,40.95517240284652,engine
Algol,16,47.03562757278139,40.95517252675085,engine
Algol,17,47.03562757405755,40.95517265072584,engine
Algol,18,47.03562757396913,40.95517277476838,engine
Algol,19,47.03562757251554,40.95517289887558,engine
Algol,20,47.03562756969621,40.95517302304449,engine
Algol,21,47.0356275655106,40.95517314727209,engine
Algol,22,47.035627559958186,40.955173271555495,engine
Algol,23,47.0356275530385,40.95517339589165,engine
Algol,24,47.03562754475105,40.95517352027764,engine
Algol,25,47.035627535095436,40.9551736447105,engine
Algol,26,47.035627524071195,40.955173769187226,engine
Algol,27,47.035627511677994,40.95517389370487,engine
Algol,28,47.03562749791545,40.95517401826044,engine
Algol,29,47.0356274827832,40.95517414285108,engine
Algol,30,47.035627466281014,40.95517426747361,engine
Pleiades,-30,56.86619458511195,24.10402540370896,engine
Pleiades,-20,56.86619536040781,24.104026159608235,engine
Pleiades,-15,56.86619570959495,24.10402654431142,engine
Pleiades,-10,56.86619603279688,24.104026933234987,engine
Pleiades,-5,56.86619632977073,24.104027326165063,engine
Pleiades,-2,56.86619649526917,24.104027563756425,engine
Pleiades,-1,56.866196548310306,24.104027643248685,engine
Pleiades,0,56.86619660028606,24.10402772288561,engine
Pleiades,1,56.866196651194706,24.10402780266547,engine
Pleiades,2,56.866196701034625,24.104027882586493,engine
Pleiades,3,56.866196749804075,24.10402796264692,engine
Pleiades,4,56.866196797501466,24.104028042845016,engine
Pleiades,5,56.86619684412518,24.10402812317901,engine
Pleiades,6,56.86619688967363,24.104028203647204,engine
Pleiades,7,56.86619693414517,24.104028284247722,engine
Pleiades,8,56.866196977538294,24.10402836497885,engine
Pleiades,9,56.86619701985147,24.10402844583882,engine
Pleiades,10,56.86619706108316,24.104028526825868,engine
Pleiades,11,56.86619710123189,24.104028607938215,engine
Pleiades,12,56.86619714029617,24.104028689174086,engine
Pleiades,13,56.86619717827455,24.10402877053171,engine
Pleiades,14,56.866197215165606,24.104028852009286,engine
Pleiades,15,56.866197250967886,24.10402893360505,engine
Pleiades,16,56.866197285680066,24.104029015317213,engine
Pleiades,17,56.86619731930077,24.10402909714405,engine
Pleiades,18,56.86619735182859,24.104029179083646,engine
Pleiades,19,56.86619738326221,24.104029261134272,engine
Pleiades,20,56.86619741360035,24.10402934329414,engine
Pleiades,21,56.86619744284171,24.104029425561446,engine
Pleiades,22,56.866197470985036,24.104029507934403,engine
Pleiades,23,56.86619749802906,24.1040295904112,engine
Pleiades,24,56.86619752397258,24.104029672990034,engine
Pleiades,25,56.8661975488144,24.104029755669117,engine
Pleiades,26,56.866197572553304,24.104029838446632,engine
Pleiades,27,56.86619759518815,24.104029921320766,engine
Pleiades,28,56.86619761671783,24.10403000428973,engine
Pleiades,29,56.86619763714119,24.10403008735174,engine
Pleiades,30,56.86619765645713,24.1040301705049,engine
Capella,-30,79.16811329436993,45.99683550132051,engine
Capella,-20,79.16811509084818,45.99683643436823,engine
Capella,-15,79.16811595140659,45.99683692150768,engine
Capella,-10,79.16811678605005,45.99683742201832,engine
Capella,-5,79.16811759419845,45.99683793561296,engine
Capella,-2,79.16811806613309,45.99683824992809,engine
Capella,-1,79.16811822125871,45.996838355711915,engine
Capella,0,79.16811837528398,45.996838461997804,engine
Capella,1,79.16811852820452,45.996838568783346,engine
Capella,2,79.16811868001594,45.99683867606608,engine
Capella,3,79.1681188307139,45.99683878384362,engine
Capella,4,79.16811898029405,45.996838892113466,engine
Capella,5,79.1681191287521,45.9968390008732,engine
Capella,6,79.16811927608384,45.996839110120405,engine
Capella,7,79.16811942228482,45.99683921985249,engine
Capella,8,79.1681195673509,45.99683933006702,engine
Capella,9,79.16811971127782,45.99683944076152,engine
Capella,10,79.16811985406144,45.99683955193347,engine
Capella,11,79.16811999569754,45.996839663580374,engine
Capella,12,79.16812013618193,45.99683977569969,engine
Capella,13,79.16812027551055,45.99683988828893,engine
Capella,14,79.16812041367922,45.99684000134551,engine
Capella,15,79.16812055068388,45.99684011486691,engine
Capella,16,79.16812068652045,45.99684022885058,engine
Capella,17,79.16812082118498,45.99684034329402,engine
Capella,18,79.16812095467327,45.996840458194484,engine
Capella,19,79.16812108698139,45.9968405735495,engine
Capella,20,79.16812121810538,45.996840689356446,engine
Capella,21,79.16812134804127,45.99684080561275,engine
Capella,22,79.16812147678513,45.996840922315805,engine
Capella,23,79.16812160433305,45.996841039462964,engine
Capella,24,79.16812173068114,45.99684115705161,engine
Capella,25,79.16812185582553,45.99684127507914,engine
Capella,26,79.16812197976239,45.99684139354288,engine
Capella,27,79.1681221024879,45.99684151244019,engine
Capella,28,79.16812222399824,45.996841631768405,engine
Capella,29,79.16812234428974,45.996841751524954,engine
Capella,30,79.16812246335849,45.99684187170698,engine
Sirius,-30,101.28183567477876,-16.727022824974284,engine
Sirius,-20,101.28183734298108,-16.727022878413294,engine
Sirius,-15,101.28183816303769,-16.727022915652448,engine
Sirius,-10,101.28183897299434,-16.72702295982812,engine
Sirius,-5,101.28183977230458,-16.727023010878675,engine
Sirius,-2,101.28184024655488,-16.727023044782094,engine
Sirius,-1,101.28184040372315,-16.72702305662554,engine
Sirius,0,101.28184056042673,-16.727023068739218,engine
Sirius,1,101.28184071666134,-16.727023081122596,engine
Sirius,2,101.28184087242268,-16.72702309377508,engine
Sirius,3,101.2818410277065,-16.727023106696134,engine
Sirius,4,101.2818411825086,-16.72702311988516,engine
Sirius,5,101.28184133682471,-16.727023133341604,engine
Sirius,6,101.28184149065072,-16.727023147064873,engine
Sirius,7,101.2818416439822,-16.727023161054383,engine
Sirius,8,101.28184179681506,-16.727023175309537,engine
Sirius,9,101.28184194914508,-16.727023189829747,engine
Sirius,10,101.28184210096808,-16.727023204614405,engine
Sirius,11,101.28184225227989,-16.72702321966291,engine
Sirius,12,101.28184240307633,-16.72702323497464,engine
Sirius,13,101.28184255335326,-16.727023250548985,engine
Sirius,14,101.28184270310649,-16.727023266385327,engine
Sirius,15,101.28184285233193,-16.727023282483035,engine
Sirius,16,101.28184300102544,-16.727023298841466,engine
Sirius,17,101.28184314918298,-16.727023315460006,engine
Sirius,18,101.28184329680025,-16.727023332337993,engine
Sirius,19,101.28184344387326,-16.727023349474788,engine
Sirius,20,101.28184359039793,-16.72702336686974,engine
Sirius,21,101.28184373637016,-16.727023384522173,engine
Sirius,22,101.2818438817859,-16.727023402431456,engine
Sirius,23,101.28184402664108,-16.7270234205969,engine
Sirius,24,101.28184417093168,-16.72702343901784,engine
Sirius,25,101.28184431465365,-16.72702345769361,engine
Sirius,26,101.28184445780298,-16.727023476623515,engine
Sirius,27,101.28184460037562,-16.727023495806865,engine
Sirius,28,101.28184474236762,-16.72702351524298,engine
Sirius,29,101.28184488377504,-16.72702353493117,engine
Sirius,30,101.28184502459374,-16.727023554870723,engine
Procyon,-30,114.82057361741359,5.21706005832594,engine
Procyon,-20,114.82057531913357,5.217060205306607,engine
Procyon,-15,114.82057616542822,5.217060282270214,engine
Procyon,-10,114.82057700792667,5.217060361539027,engine
Procyon,-5,114.82057784606698,5.217060443103978,engine
Procyon,-2,114.820578346626,5.217060493140884,engine
Procyon,-1,114.82057851306467,5.217060510002326,engine
Procyon,0,114.82057867928874,5.217060526954846,engine
Procyon,1,114.82057884529378,5.217060543998358,engine
Procyon,2,114.82057901107531,5.2170605611327625,engine
Procyon,3,114.82057917662888,5.217060578357963,engine
Procyon,4,114.82057934195007,5.217060595673867,engine
Procyon,5,114.82057950703441,5.217060613080361,engine
Procyon,6,114.82057967187761,5.217060630577365,engine
Procyon,7,114.82057983647502,5.217060648164745,engine
Procyon,8,114.8205800008223,5.21706066584241,engine
Procyon,9,114.82058016491509,5.217060683610252,engine
Procyon,10,114.82058032874892,5.217060701468163,engine
Procyon,11,114.8205804923194,5.217060719416026,engine
Procyon,12,114.8205806556221,5.217060737453739,engine
Procyon,13,114.82058081865267,5.217060755581177,engine
Procyon,14,114.82058098140672,5.217060773798228,engine
Procyon,15,114.8205811438798,5.2170607921047765,engine
Procyon,16,114.8205813060676,5.2170608105006995,engine
Procyon,17,114.8205814679658,5.217060828985887,engine
Procyon,18,114.82058162956982,5.217060847560196,engine
Procyon,19,114.82058179087542,5.21706086622351,engine
Procyon,20,114.82058195187825,5.217060884975703,engine
Procyon,21,114.82058211257392,5.217060903816647,engine
Procyon,22,114.82058227295809,5.2170609227462155,engine
Procyon,23,114.82058243302646,5.217060941764269,engine
Procyon,24,114.82058259277463,5.217060960870687,engine
Procyon,25,114.82058275219832,5.217060980065322,engine
Procyon,26,114.82058291129319,5.2170609993480435,engine
Procyon,27,114.82058307005492,5.217061018718714,engine
Procyon,28,114.8205832284792,5.217061038177192,engine
Procyon,29,114.82058338656182,5.217061057723349,engine
Procyon,30,114.82058354429827,5.217061077357014,engine
Alkaid,-30,206.89205518211568,49.31204245407519,engine
Alkaid,-20,206.89205543695317,49.312041246036806,engine
Alkaid,-15,206.8920556237522,49.31204064438213,engine
Alkaid,-10,206.89205585002938,49.31204004487355,engine
Alkaid,-5,206.89205611567954,49.31203944793692,engine
Alkaid,-2,206.89205629391782,49.312039091186335,engine
Alkaid,-1,206.89205635646545,49.31203897252504,engine
Alkaid,0,206.89205642057857,49.31203885399719,engine
Alkaid,1,206.89205648625602,49.31203873560614,engine
Alkaid,2,206.89205655349653,49.31203861735528,engine
Alkaid,3,206.89205662229884,49.31203849924798,engine
Alkaid,4,206.8920566926617,49.31203838128765,engine
Alkaid,5,206.8920567645837,49.31203826347762,engine
Alkaid,6,206.8920568380636,49.31203814582117,engine
Alkaid,7,206.89205691309994,49.31203802832187,engine
Alkaid,8,206.8920569896913,49.31203791098296,engine
Alkaid,9,206.8920570678363,49.31203779380783,engine
Alkaid,10,206.8920571475334,49.312037676799825,engine
Alkaid,11,206.8920572287811,49.312037559962285,engine
Alkaid,12,206.89205731157796,49.312037443298586,engine
Alkaid,13,206.89205739592234,49.31203732681204,engine
Alkaid,14,206.89205748181266,49.31203721050602,engine
Alkaid,15,206.89205756924733,49.312037094383854,engine
Alkaid,16,206.89205765822467,49.31203697844889,engine
Alkaid,17,206.89205774874307,49.312036862704346,engine
Alkaid,18,206.8920578408007,49.31203674715376,engine
Alkaid,19,206.8920579343959,49.31203663180033,engine
Alkaid,20,206.89205802952688,49.3120365166474,engine
Alkaid,21,206.8920581261918,49.3120364016983,engine
Alkaid,22,206.89205822438896,49.31203628695631,engine
Alkaid,23,206.8920583241164,49.31203617242477,engine
Alkaid,24,206.89205842537226,49.31203605810697,engine
Alkaid,25,206.89205852815462,49.312035944006205,engine
Alkaid,26,206.89205863246156,49.312035830125794,engine
Alkaid,27,206.89205873829107,49.312035716469026,engine
Alkaid,28,206.8920588456412,49.31203560303917,engine
Alkaid,29,206.89205895450996,49.312035489839445,engine
Alkaid,30,206.89205906489514,49.3120353768733,engine
Algorab,-30,187.4697887578553,-16.518762707039432,engine
Algorab,-20,187.46978951186284,-16.518762141667043,engine
Algorab,-15,187.46978992585505,-16.518761863518275,engine
Algorab,-10,187.46979036417548,-16.51876158859088,engine
Algorab,-5,187.46979082656156,-16.518761317030155,engine
Algorab,-2,187.4697911154311,-16.518761155769628,engine
Algorab,-1,187.46979121361377,-16.518761102302296,engine
Algorab,0,187.46979131273903,-16.518761048979925,engine
Algorab,1,187.46979141280457,-16.51876099580367,engine
Algorab,2,187.46979151380805,-16.518760942774634,engine
Algorab,3,187.4697916157471,-16.518760889893976,engine
Algorab,4,187.46979171861938,-16.518760837162795,engine
Algorab,5,187.46979182242245,-16.518760784582213,engine
Algorab,6,187.46979192715398,-16.518760732153325,engine
Algorab,7,187.46979203281143,-16.518760679877293,engine
Algorab,8,187.4697921393924,-16.518760627755213,engine
Algorab,9,187.46979224689443,-16.51876057578819,engine
Algorab,10,187.46979235531504,-16.518760523977313,engine
Algorab,11,187.46979246465173,-16.518760472323702,engine
Algorab,12,187.46979257490202,-16.518760420828453,engine
Algorab,13,187.4697926860633,-16.518760369492643,engine
Algorab,14,187.46979279813308,-16.5187603183174,engine
Algorab,15,187.46979291110878,-16.51876026730379,engine
Algorab,16,187.4697930249878,-16.518760216452897,engine
Algorab,17,187.4697931397676,-16.518760165765784,engine
Algorab,18,187.46979325544547,-16.518760115243595,engine
Algorab,19,187.46979337201878,-16.51876006488737,engine
Algorab,20,187.4697934894849,-16.51876001469819,engine
Algorab,21,187.46979360784118,-16.518759964677116,engine
Algorab,22,187.4697937270849,-16.518759914825207,engine
Algorab,23,187.46979384721334,-16.51875986514356,engine
Algorab,24,187.46979396822383,-16.51875981563321,engine
Algorab,25,187.4697940901136,-16.518759766295222,engine
Algorab,26,187.4697942128799,-16.518759717130653,engine
Algorab,27,187.46979433651993,-16.51875966814056,engine
Algorab,28,187.46979446103094,-16.518759619325976,engine
Algorab,29,187.4697945864102,-16.51875957068792,engine
Algorab,30,187.46979471265468,-16.518759522227498,engine
Spica,-30,201.30328244319415,-11.163612305372624,engine
Spica,-20,201.30328278194267,-11.163611852862275,engine
Spica,-15,201.3032829902752,-11.1636116279777,engine
Spica,-10,201.30328322443322,-11.163611404151892,engine
Spica,-5,201.30328348429137,-11.163611181492914,engine
Spica,-2,201.30328365248556,-11.163611048502403,engine
Spica,-1,201.30328371058982,-11.16361100427819,engine
Spica,0,201.30328376971192,-11.163610960108374,engine
Spica,1,201.3032838298505,-11.163610915993818,engine
Spica,2,201.3032838910044,-11.163610871935376,engine
Spica,3,201.3032839531723,-11.16361082793389,engine
Spica,4,201.3032840163529,-11.163610783990217,engine
Spica,5,201.30328408054487,-11.163610740105199,engine
Spica,6,201.30328414574691,-11.163610696279665,engine
Spica,7,201.30328421195765,-11.16361065251451,engine
Spica,8,201.3032842791757,-11.163610608810558,engine
Spica,9,201.30328434739963,-11.163610565168653,engine
Spica,10,201.30328441662812,-11.163610521589636,engine
Spica,11,201.30328448685967,-11.163610478074352,engine
Spica,12,201.30328455809286,-11.163610434623632,engine
Spica,13,201.3032846303262,-11.163610391238327,engine
Spica,14,201.3032847035582,-11.16361034791927,engine
Spica,15,201.30328477778738,-11.163610304667303,engine
Spica,16,201.30328485301217,-11.163610261483257,engine
Spica,17,201.3032849292311,-11.163610218367944,engine
Spica,18,201.30328500644248,-11.163610175322248,engine
Spica,19,201.3032850846448,-11.163610132346973,engine
Spica,20,201.30328516383645,-11.16361008944295,engine
Spica,21,201.30328524401583,-11.163610046611014,engine
Spica,22,201.30328532518124,-11.163610003851984,engine
Spica,23,201.30328540733106,-11.16360996116669,engine
Spica,24,201.3032854904636,-11.163609918555963,engine
Spica,25,201.30328557457713,-11.163609876020615,engine
Spica,26,201.30328565967,-11.163609833561479,engine
Spica,27,201.30328574574045,-11.163609791179367,engine
Spica,28,201.30328583278668,-11.163609748875109,engine
Spica,29,201.303285920807,-11.163609706649478,engine
Spica,30,201.30328600979954,-11.163609664503365,engine
Arcturus,-30,213.91367777094783,19.168005210595386,engine
Arcturus,-20,213.91367771759448,19.168004761266545,engine
Arcturus,-15,213.91367773200207,19.168004536041362,engine
Arcturus,-10,213.91367777382206,19.168004310689124,engine
Arcturus,-5,213.9136778430552,19.168004085394934,engine
Arcturus,-2,213.91367789774878,19.168003950323346,engine
Arcturus,-1,213.91367791817132,19.16800390532584,engine
Arcturus,0,213.9136779396891,19.168003860343998,engine
Arcturus,1,213.91367796230196,19.168003815379283,engine
Arcturus,2,213.91367798600962,19.16800377043317,engine
Arcturus,3,213.91367801081176,19.16800372550715,engine
Arcturus,4,213.9136780367081,19.168003680602702,engine
Arcturus,5,213.9136780636983,19.168003635721302,engine
Arcturus,6,213.91367809178203,19.16800359086439,engine
Arcturus,7,213.91367812095888,19.16800354603351,engine
Arcturus,8,213.91367815122845,19.168003501230107,engine
Arcturus,9,213.91367818259036,19.16800345645566,engine
Arcturus,10,213.9136782150442,19.16800341171165,engine
Arcturus,11,213.91367824858943,19.168003366999535,engine
Arcturus,12,213.91367828322566,19.168003322320807,engine
Arcturus,13,213.91367831895235,19.168003277676927,engine
Arcturus,14,213.913678355769,19.168003233069374,engine
Arcturus,15,213.91367839367504,19.168003188499622,engine
Arcturus,16,213.91367843266994,19.16800314396915,engine
Arcturus,17,213.9136784727531,19.16800309947938,engine
Arcturus,18,213.91367851392397,19.168003055031857,engine
Arcturus,19,213.91367855618185,19.16800301062802,engine
Arcturus,20,213.91367859952612,19.168002966269327,engine
Arcturus,21,213.91367864395616,19.168002921957267,engine
Arcturus,22,213.91367868947125,19.16800287769329,engine
Arcturus,23,213.91367873607066,19.168002833478855,engine
Arcturus,24,213.9136787837537,19.168002789315445,engine
Arcturus,25,213.91367883251965,19.168002745204515,engine
Arcturus,26,213.91367888236766,19.16800270114753,engine
Arcturus,27,213.913678933297,19.168002657145955,engine
Arcturus,28,213.9136789853069,19.168002613201253,engine
Arcturus,29,213.91367903839645,19.168002569314847,engine
Arcturus,30,213.91367909256482,19.168002525488244,engine
Alphecca,-30,233.67814469836082,26.71138142405265,engine
Alphecca,-20,233.67814400531623,26.71138082206629,engine
Alphecca,-15,233.6781436990689,26.711380514463098,engine
Alphecca,-10,233.67814341998033,26.71138020276835,engine
Alphecca,-5,233.67814316826582,26.71137988722073,engine
Alphecca,-2,233.6781430304614,26.711379696142842,engine
Alphecca,-1,233.6781429867399,26.71137963217027,engine
Alphecca,0,233.6781429441277,26.711379568060945,engine
Alphecca,1,233.6781429026261,26.711379503816826,engine
Alphecca,2,233.67814286223663,26.71137943943984,engine
Alphecca,3,233.67814282296058,26.71137937493196,engine
Alphecca,4,233.67814278479958,26.711379310295133,engine
Alphecca,5,233.67814274775486,26.711379245531287,engine
Alphecca,6,233.67814271182777,26.71137918064238,engine
Alphecca,7,233.6781426770198,26.711379115630425,engine
Alphecca,8,233.6781426433321,26.711379050497357,engine
Alphecca,9,233.67814261076614,26.71137898524512,engine
Alphecca,10,233.67814257932307,26.71137891987571,engine
Alphecca,11,233.67814254900415,26.711378854391057,engine
Alphecca,12,233.67814251981068,26.711378788793173,engine
Alphecca,13,233.67814249174384,26.711378723084003,engine
Alphecca,14,233.67814246480472,26.711378657265538,engine
Alphecca,15,233.67814243899466,26.711378591339738,engine
Alphecca,16,233.67814241431478,26.71137852530859,engine
Alphecca,17,233.67814239076606,26.711378459174032,engine
Alphecca,18,233.6781423683498,26.711378392938137,engine
Alphecca,19,233.67814234706697,26.711378326602848,engine
Alphecca,20,233.6781423269186,26.711378260170147,engine
Alphecca,21,233.67814230790583,26.71137819364203,engine
Alphecca,22,233.6781422900296,26.711378127020474,engine
Alphecca,23,233.67814227329092,26.711378060307467,engine
Alphecca,24,233.67814225769078,26.71137799350504,engine
Alphecca,25,233.67814224323016,26.711377926615157,engine
Alphecca,26,233.67814222990998,26.711377859639803,engine
Alphecca,27,233.67814221773105,26.711377792581015,engine
Alphecca,28,233.6781422066944,26.711377725440766,engine
Alphecca,29,233.67814219680082,26.71137765822103,engine
Alphecca,30,233.67814218805114,26.71137759092389,engine
Vega,-30,279.23868565754026,38.78082160856031,engine
Vega,-20,279.2386836386684,38.78082129077022,engine
Vega,-15,279.2386826481409,38.78082110934033,engine
Vega,-10,279.23868167111146,38.780820913071395,engine
Vega,-5,279.23868070824085,38.780820702110354,engine
Vega,-2,279.23868013758727,38.780820568545344,engine
Vega,-1,279.2386799485788,38.78082052286655,engine
Vega,0,279.2386797601836,38.780820476611325,engine
Vega,1,279.23867957240685,38.780820429781,engine
Vega,2,279.23867938525365,38.780820382376916,engine
Vega,3,279.23867919872924,38.780820334400346,engine
Vega,4,279.2386790128386,38.780820285852705,engine
Vega,5,279.2386788275869,38.78082023673529,engine
Vega,6,279.23867864297915,38.780820187049464,engine
Vega,7,279.23867845902066,38.780820136796656,engine
Vega,8,279.2386782757163,38.78082008597824,engine
Vega,9,279.23867809307126,38.78082003459559,engine
Vega,10,279.2386779110905,38.78081998265012,engine
Vega,11,279.2386777297791,38.780819930143245,engine
Vega,12,279.238677549142,38.78081987707642,engine
Vega,13,279.23867736918424,38.780819823451054,engine
Vega,14,279.23867718991085,38.78081976926862,engine
Vega,15,279.2386770113268,38.78081971453059,engine
Vega,16,279.238676833437,38.78081965923838,engine
Vega,17,279.23867665624635,38.78081960339351,engine
Vega,18,279.23867647976,38.78081954699749,engine
Vega,19,279.23867630398274,38.78081949005183,engine
Vega,20,279.23867612891956,38.78081943255802,engine
Vega,21,279.2386759545753,38.780819374517606,engine
Vega,22,279.23867578095485,38.780819315932085,engine
Vega,23,279.23867560806303,38.78081925680305,engine
Vega,24,279.2386754359048,38.78081919713202,engine
Vega,25,279.238675264485,38.7808191369206,engine
Vega,26,279.23867509380835,38.78081907617034,engine
Vega,27,279.2386749238797,38.78081901488283,engine
Vega,28,279.23867475470394,38.78081895305968,engine
Vega,29,279.2386745862857,38.780818890702456,engine
Vega,30,279.23867441862996,38.780818827812844,engine
Deneb Algedi,-30,326.75936891829554,-16.129753740425496,engine
Deneb Algedi,-20,326.75936729550466,-16.12975381246793,engine
Deneb Algedi,-15,326.7593664668831,-16.129753838761406,engine
Deneb Algedi,-10,326.7593656274935,-16.129753858484058,engine
Deneb Algedi,-5,326.75936477787906,-16.129753871575517,engine
Deneb Algedi,-2,326.75936426343054,-16.1297538762235,engine
Deneb Algedi,-1,326.75936409119413,-16.129753877235697,engine
Deneb Algedi,0,326.7593639185884,-16.129753877978604,engine
Deneb Algedi,1,326.7593637456177,-16.129753878451815,engine
Deneb Algedi,2,326.7593635722864,-16.129753878654906,engine
Deneb Algedi,3,326.7593633985992,-16.129753878587458,engine
Deneb Algedi,4,326.75936322456033,-16.12975387824908,engine
Deneb Algedi,5,326.7593630501744,-16.129753877639352,engine
Deneb Algedi,6,326.7593628754456,-16.129753876757906,engine
Deneb Algedi,7,326.7593627003788,-16.129753875604322,engine
Deneb Algedi,8,326.75936252497826,-16.12975387417823,engine
Deneb Algedi,9,326.75936234924865,-16.129753872479252,engine
Deneb Algedi,10,326.75936217319423,-16.12975387050702,engine
Deneb Algedi,11,326.7593619968197,-16.129753868261144,engine
Deneb Algedi,12,326.75936182012936,-16.129753865741264,engine
Deneb Algedi,13,326.75936164312793,-16.129753862947034,engine
Deneb Algedi,14,326.75936146581984,-16.12975385987809,engine
Deneb Algedi,15,326.7593612882096,-16.12975385653409,engine
Deneb Algedi,16,326.7593611103019,-16.129753852914686,engine
Deneb Algedi,17,326.75936093210095,-16.129753849019536,engine
Deneb Algedi,18,326.7593607536116,-16.12975384484831,engine
Deneb Algedi,19,326.75936057483835,-16.12975384040069,engine
Deneb Algedi,20,326.7593603957857,-16.129753835676343,engine
Deneb Algedi,21,326.7593602164582,-16.12975383067496,engine
Deneb Algedi,22,326.75936003686047,-16.129753825396225,engine
Deneb Algedi,23,326.75935985699704,-16.12975381983982,engine
Deneb Algedi,24,326.7593596768725,-16.12975381400547,engine
Deneb Algedi,25,326.75935949649147,-16.129753807892858,engine
Deneb Algedi,26,326.75935931585843,-16.129753801501696,engine
Deneb Algedi,27,326.7593591349781,-16.129753794831707,engine
Deneb Algedi,28,326.759358953855,-16.129753787882613,engine
Deneb Algedi,29,326.7593587724936,-16.129753780654127,engine
Deneb Algedi,30,326.75935859089884,-16.129753773146,engine
Rigel,-30,78.63102943841028,-8.204191851522042,engine
Rigel,-20,78.63103068627514,-8.204191892755842,engine
Rigel,-15,78.63103128349015,-8.204191917466183,engine
Rigel,-10,78.63103186234082,-8.20419194483243,engine
Rigel,-5,78.63103242242377,-8.204191974798205,engine
Rigel,-2,78.63103274930047,-8.204191994001514,engine
Rigel,-1,78.63103285671184,-8.204192000603786,engine
Rigel,0,78.63103296334434,-8.20419200730586,engine
Rigel,1,78.63103306919491,-8.204192014107258,engine
Rigel,2,78.6310331742605,-8.20419202100751,engine
Rigel,3,78.63103327853808,-8.204192028006124,engine
Rigel,4,78.63103338202467,-8.204192035102627,engine
Rigel,5,78.63103348471726,-8.204192042296542,engine
Rigel,6,78.63103358661294,-8.204192049587382,engine
Rigel,7,78.63103368770861,-8.204192056974655,engine
Rigel,8,78.63103378800139,-8.204192064457876,engine
Rigel,9,78.63103388748836,-8.204192072036559,engine
Rigel,10,78.63103398616659,-8.204192079710204,engine
Rigel,11,78.63103408403317,-8.20419208747833,engine
Rigel,12,78.63103418108525,-8.204192095340431,engine
Rigel,13,78.63103427731993,-8.204192103296013,engine
Rigel,14,78.63103437273436,-8.20419211134458,engine
Rigel,15,78.63103446732573,-8.204192119485633,engine
Rigel,16,78.63103456109118,-8.204192127718658,engine
Rigel,17,78.63103465402797,-8.20419213604317,engine
Rigel,18,78.63103474613321,-8.204192144458645,engine
Rigel,19,78.63103483740416,-8.204192152964588,engine
Rigel,20,78.63103492783806,-8.20419216156048,engine
Rigel,21,78.6310350174322,-8.204192170245813,engine
Rigel,22,78.63103510618384,-8.204192179020076,engine
Rigel,23,78.63103519409023,-8.204192187882757,engine
Rigel,24,78.63103528114874,-8.204192196833336,engine
Rigel,25,78.63103536735665,-8.204192205871294,engine
Rigel,26,78.63103545271129,-8.204192214996109,engine
Rigel,27,78.63103553721005,-8.20419222420727,engine
Rigel,28,78.63103562085027,-8.204192233504244,engine
Rigel,29,78.63103570362941,-8.204192242886519,engine
Rigel,30,78.63103578554475,-8.20419225235355,engine
Betelgeuse,-30,88.79043230261419,7.405726538752189,engine
Betelgeuse,-20,88.79043373998792,7.40572678994132,engine
Betelgeuse,-15,88.79043443748625,7.405726919712293,engine
Betelgeuse,-10,88.7904351202231,7.405727052212406,engine
Betelgeuse,-5,88.79043578773064,7.40572718739871,engine
Betelgeuse,-2,88.79043618073304,7.405727269781491,engine
Betelgeuse,-1,88.79043631046159,7.405727297452092,engine
Betelgeuse,0,88.790436439548,7.405727325226919,engine
Betelgeuse,1,88.79043656798865,7.405727353105615,engine
Betelgeuse,2,88.79043669577996,7.405727381087791,engine
Betelgeuse,3,88.79043682291834,7.40572740917309,engine
Betelgeuse,4,88.79043694940023,7.405727437361132,engine
Betelgeuse,5,88.7904370752221,7.405727465651539,engine
Betelgeuse,6,88.79043720038048,7.40572749404396,engine
Betelgeuse,7,88.79043732487168,7.405727522537967,engine
Betelgeuse,8,88.79043744869224,7.405727551133207,engine
Betelgeuse,9,88.79043757183871,7.405727579829287,engine
Betelgeuse,10,88.79043769430757,7.4057276086258295,engine
Betelgeuse,11,88.79043781609535,7.405727637522438,engine
Betelgeuse,12,88.79043793719862,7.405727666518728,engine
Betelgeuse,13,88.79043805761388,7.405727695614308,engine
Betelgeuse,14,88.79043817733773,7.405727724808787,engine
Betelgeuse,15,88.79043829636673,7.405727754101764,engine
Betelgeuse,16,88.79043841469749,7.405727783492846,engine
Betelgeuse,17,88.79043853232668,7.405727812981651,engine
Betelgeuse,18,88.79043864925076,7.405727842567742,engine
Betelgeuse,19,88.79043876546645,7.405727872250734,engine
Betelgeuse,20,88.79043888097038,7.405727902030221,engine
Betelgeuse,21,88.79043899575923,7.405727931905799,engine
Betelgeuse,22,88.79043910982966,7.405727961877055,engine
Betelgeuse,23,88.79043922317835,7.405727991943589,engine
Betelgeuse,24,88.79043933580202,7.405728022104976,engine
Betelgeuse,25,88.79043944769738,7.405728052360814,engine
Betelgeuse,26,88.79043955886114,7.405728082710683,engine
Betelgeuse,27,88.79043966929005,7.405728113154161,engine
Betelgeuse,28,88.79043977898087,7.405728143690836,engine
Betelgeuse,29,88.79043988793046,7.4057281743202985,engine
Betelgeuse,30,88.79043999613542,7.405728205042095,engine
Polaris,-30,37.57158346831201,89.26478286936988,engine
Polaris,-20,37.5715952783766,89.26478457719291,engine
Polaris,-15,37.571598173239934,89.26478543518407,engine
Polaris,-10,37.571599055873776,89.26478629514237,engine
Polaris,-5,37.57159792339488,89.26478715650242,engine
Polaris,-2,37.571596275815324,89.2647876737556,engine
Polaris,-1,37.57159556520916,89.26478784621901,engine
Polaris,0,37.57159477388509,89.26478801869769,engine
Polaris,1,37.57159390183856,89.26478819118712,engine
Polaris,2,37.57159294906665,89.26478836368275,engine
Polaris,3,37.57159191556786,89.26478853618008,engine
Polaris,4,37.57159080134234,89.26478870867453,engine
Polaris,5,37.57158960639172,89.2647888811616,engine
Polaris,6,37.57158833071835,89.26478905363686,engine
Polaris,7,37.57158697432865,89.26478922609554,engine
Polaris,8,37.571585537228124,89.26478939853322,engine
Polaris,9,37.57158401942459,89.26478957094538,engine
Polaris,10,37.57158242092744,89.26478974332747,engine
Polaris,11,37.57158074174762,89.26478991567497,engine
Polaris,12,37.571578981897595,89.26479008798333,engine
Polaris,13,37.5715771413914,89.26479026024803,engine
Polaris,14,37.571575220244576,89.26479043246457,engine
Polaris,15,37.57157321847428,89.26479060462836,engine
Polaris,16,37.571571136099124,89.26479077673491,engine
Polaris,17,37.57156897313788,89.2647909487798,engine
Polaris,18,37.57156672961516,89.26479112075829,engine
Polaris,19,37.57156440555283,89.26479129266593,engine
Polaris,20,37.571562000975746,89.26479146449824,engine
Polaris,21,37.57155951591027,89.26479163625068,engine
Polaris,22,37.57155695038432,89.26479180791871,engine
Polaris,23,37.57155430442735,89.26479197949783,engine
Polaris,24,37.571551578070356,89.26479215098352,engine
Polaris,25,37.57154877134588,89.26479232237128,engine
Polaris,26,37.571545884288035,89.26479249365657,engine
Polaris,27,37.57154291693236,89.2647926648349,engine
Polaris,28,37.57153986931609,89.26479283590174,engine
Polaris,29,37.57153674147573,89.2647930068527,engine
Polaris,30,37.57153353345577,89.26479317768306,engine
Castor,-30,113.64745425885059,31.888442187473284,engine
Castor,-20,113.64745625152828,31.88844243581032,engine
Castor,-15,113.64745724158459,31.8884425802732,engine
Castor,-10,113.6474582265723,31.888442738204596,engine
Castor,-5,113.64745920583455,31.888442909550676,engine
Castor,-2,113.64745979037123,31.888443018772538,engine
Castor,-1,113.64745998468204,31.888443056245798,engine
Castor,0,113.64746017871678,31.888443094251134,engine
Castor,1,113.64746037247026,31.88844313278801,engine
Castor,2,113.6474605659373,31.888443171855837,engine
Castor,3,113.64746075911266,31.888443211454046,engine
Castor,4,113.64746095199122,31.88844325158209,engine
Castor,5,113.64746114456777,31.888443292239334,engine
Castor,6,113.64746133683728,31.888443333425226,engine
Castor,7,113.64746152879431,31.88844337513906,engine
Castor,8,113.64746172043384,31.888443417380294,engine
Castor,9,113.64746191175071,31.888443460148245,engine
Castor,10,113.64746210273977,31.888443503442286,engine
Castor,11,113.64746229339588,31.888443547261762,engine
Castor,12,113.64746248371391,31.888443591605995,engine
Castor,13,113.64746267368871,31.888443636474356,engine
Castor,14,113.64746286331518,31.888443681866107,engine
Castor,15,113.64746305258824,31.88844372778058,engine
Castor,16,113.64746324150268,31.888443774217055,engine
Castor,17,113.6474634300536,31.888443821174853,engine
Castor,18,113.64746361823566,31.888443868653198,engine
Castor,19,113.64746380604385,31.888443916651365,engine
Castor,20,113.64746399347314,31.888443965168637,engine
Castor,21,113.6474641805184,31.88844401420423,engine
Castor,22,113.64746436717459,31.888444063757404,engine
Castor,23,113.64746455343666,31.88844411382735,engine
Castor,24,113.64746473929956,31.888444164413315,engine
Castor,25,113.64746492475824,31.888444215514507,engine
Castor,26,113.64746510980767,31.8884442671301,engine
Castor,27,113.64746529444281,31.888444319259296,engine
Castor,28,113.64746547865865,31.888444371901247,engine
Castor,29,113.64746566245026,31.888444425055198,engine
Castor,30,113.64746584581245,31.88844447872019,engine
Altair,-30,297.6993898266107,8.86792619957993,engine
Altair,-20,297.69938810193935,8.867926310741971,engine
Altair,-15,297.6993872422381,8.867926360313886,engine
Altair,-10,297.69938638505573,8.867926405887653,engine
Altair,-5,297.69938553096233,8.867926447471618,engine
Altair,-2,297.6993850202259,8.867926470511073,engine
Altair,-1,297.6993848502943,8.867926477872954,engine
Altair,0,297.69938468052715,8.86792648507603,engine
Altair,1,297.699384510929,8.867926492120404,engine
Altair,2,297.6993843415044,8.867926499006181,engine
Altair,3,297.6993841722579,8.867926505733472,engine
Altair,4,297.6993840031939,8.867926512302393,engine
Altair,5,297.69938383431713,8.867926518713057,engine
Altair,6,297.6993836656318,8.867926524965585,engine
Altair,7,297.6993834971427,8.867926531060093,engine
Altair,8,297.69938332885425,8.867926536996706,engine
Altair,9,297.699383160771,8.867926542775555,engine
Altair,10,297.6993829928973,8.867926548396774,engine
Altair,11,297.6993828252378,8.867926553860487,engine
Altair,12,297.6993826577969,8.867926559166843,engine
Altair,13,297.69938249057907,8.867926564315972,engine
Altair,14,297.6993823235889,8.867926569308024,engine
Altair,15,297.69938215683084,8.867926574143137,engine
Altair,16,297.69938199030923,8.867926578821468,engine
Altair,17,297.6993818240286,8.867926583343158,engine
Altair,18,297.6993816579935,8.867926587708375,engine
Altair,19,297.6993814922084,8.867926591917266,engine
Altair,20,297.6993813266776,8.867926595969994,engine
Altair,21,297.6993811614057,8.867926599866735,engine
Altair,22,297.6993809963971,8.86792660360764,engine
Altair,23,297.69938083165624,8.867926607192885,engine
Altair,24,297.6993806671875,8.867926610622643,engine
Altair,25,297.6993805029954,8.867926613897088,engine
Altair,26,297.69938033908426,8.867926617016405,engine
Altair,27,297.69938017545866,8.867926619980764,engine
Altair,28,297.69938001212284,8.867926622790366,engine
Altair,29,297.6993798490812,8.867926625445381,engine
Altair,30,297.6993796863383,8.867926627946014,engine
Bellatrix,-30,81.27946725607828,6.348085555729239,engine
Bellatrix,-20,81.27946855290034,6.3480858093647505,engine
Bellatrix,-15,81.2794691760551,6.348085939425469,engine
Bellatrix,-10,81.27946978179826,6.348086071591943,engine
Bellatrix,-5,81.27947036970983,6.348086205820804,engine
Bellatrix,-2,81.27947071372594,6.348086287329619,engine
Bellatrix,-1,81.27947082692336,6.348086314658984,engine
Bellatrix,0,81.27947093937807,6.348086342067619,engine
Bellatrix,1,81.27947105108693,6.3480863695551655,engine
Bellatrix,2,81.27947116204672,6.34808639712125,engine
Bellatrix,3,81.2794712722543,6.348086424765507,engine
Bellatrix,4,81.27947138170651,6.348086452487565,engine
Bellatrix,5,81.27947149040021,6.348086480287055,engine
Bellatrix,6,81.27947159833238,6.348086508163612,engine
Bellatrix,7,81.2794717054997,6.348086536116834,engine
Bellatrix,8,81.2794718118992,6.348086564146364,engine
Bellatrix,9,81.27947191752779,6.348086592251819,engine
Bellatrix,10,81.27947202238242,6.348086620432823,engine
Bellatrix,11,81.27947212646002,6.34808664868899,engine
Bellatrix,12,81.27947222975754,6.348086677019944,engine
Bellatrix,13,81.27947233227202,6.348086705425299,engine
Bellatrix,14,81.2794724340004,6.348086733904671,engine
Bellatrix,15,81.27947253493971,6.348086762457672,engine
Bellatrix,16,81.27947263508698,6.348086791083916,engine
Bellatrix,17,81.27947273443932,6.34808681978303,engine
Bellatrix,18,81.27947283299363,6.348086848554591,engine
Bellatrix,19,81.27947293074709,6.34808687739822,engine
Bellatrix,20,81.27947302769674,6.348086906313527,engine
Bellatrix,21,81.27947312383971,6.348086935300118,engine
Bellatrix,22,81.27947321917311,6.348086964357593,engine
Bellatrix,23,81.27947331369408,6.348086993485559,engine
Bellatrix,24,81.27947340739976,6.3480870226836155,engine
Bellatrix,25,81.27947350028732,6.348087051951359,engine
Bellatrix,26,81.27947359235395,6.348087081288396,engine
Bellatrix,27,81.27947368359682,6.348087110694317,engine
Bellatrix,28,81.27947377401317,6.348087140168722,engine
Bellatrix,29,81.27947386360027,6.3480871697112216,engine
Bellatrix,30,81.27947395235525,6.348087199321371,engine
