body,minute,ra,dec,source
Aldebaran,-30,68.97636481584786,16.50716322784283,engine
Aldebaran,-20,68.97636522431247,16.507163843075663,engine
Aldebaran,-15,68.97636539044649,16.50716415439221,engine
Aldebaran,-10,68.97636553092286,16.507164467971595,engine
Aldebaran,-5,68.97636564556298,16.50716478365961,engine
Aldebaran,-2,68.97636570187592,16.507164974019975,engine
Aldebaran,-1,68.97636571856077,16.50716503762387,engine
Aldebaran,0,68.9763657342005,16.50716510130092,engine
Aldebaran,1,68.97636574879392,16.507165165049845,engine
Aldebaran,2,68.9763657623399,16.50716522886941,engine
Aldebaran,3,68.97636577483723,16.507165292758348,engine
Aldebaran,4,68.97636578628483,16.5071653567154,engine
Aldebaran,5,68.97636579668156,16.50716542073933,engine
Aldebaran,6,68.97636580602635,16.507165484828906,engine
Aldebaran,7,68.9763658143181,16.507165548982776,engine
Aldebaran,8,68.97636582155577,16.507165613199728,engine
Aldebaran,9,68.97636582773835,16.5071656774785,engine
Aldebaran,10,68.97636583286481,16.507165741817833,engine
Aldebaran,11,68.97636583693419,16.507165806216445,engine
Aldebaran,12,68.97636583994547,16.507165870673084,engine
Aldebaran,13,68.97636584189773,16.507165935186478,engine
Aldebaran,14,68.97636584279007,16.507165999755365,engine
Aldebaran,15,68.97636584262152,16.50716606437847,engine
Aldebaran,16,68.97636584139124,16.50716612905451,engine
Aldebaran,17,68.97636583909834,16.50716619378228,engine
Aldebaran,18,68.97636583574196,16.50716625856041,engine
Aldebaran,19,68.97636583132132,16.50716632338767,engine
Aldebaran,20,68.97636582583557,16.50716638826277,engine
Aldebaran,21,68.97636581928394,16.50716645318446,engine
Aldebaran,22,68.97636581166566,16.507166518151454,engine
Aldebaran,23,68.97636580297998,16.50716658316247,engine
Aldebaran,24,68.9763657932262,16.507166648216234,engine
Aldebaran,25,68.97636578240358,16.50716671331147,engine
Aldebaran,26,68.97636577051145,16.50716677844689,engine
Aldebaran,27,68.97636575754916,16.50716684362122,engine
Aldebaran,28,68.97636574351604,16.507166908833177,engine
Aldebaran,29,68.9763657284115,16.507166974081517,engine
Aldebaran,30,68.9763657122349,16.507167039364887,engine
Antares,-30,247.35644094658463,-26.432491603948655,engine
Antares,-20,247.35644056635914,-26.43249071265867,engine
Antares,-15,247.35644041743777,-26.432490261646315,engine
Antares,-10,247.35644029623163,-26.432489807377543,engine
Antares,-5,247.3564402029148,-26.43248935009546,engine
Antares,-2,247.35644016037904,-26.43248907438163,engine
Antares,-1,247.3564401484502,-26.432488982264697,engine
Antares,0,247.35644013764815,-26.432488890044898,engine
Antares,1,247.35644012797403,-26.4324887977242,engine
Antares,2,247.35644011942895,-26.432488705304557,engine
Antares,3,247.35644011201404,-26.43248861278796,engine
Antares,4,247.35644010573034,-26.432488520176406,engine
Antares,5,247.3564401005789,-26.432488427471842,engine
Antares,6,247.3564400965608,-26.432488334676194,engine
Antares,7,247.356440093677,-26.432488241791585,engine
Antares,8,247.35644009192848,-26.43248814881994,engine
Antares,9,247.35644009131616,-26.43248805576322,engine
Antares,10,247.35644009184108,-26.432487962623444,engine
Antares,11,247.3564400935041,-26.43248786940257,engine
Antares,12,247.35644009630607,-26.432487776102615,engine
Antares,13,247.356440100248,-26.43248768272556,engine
Antares,14,247.35644010533065,-26.432487589273414,engine
Antares,15,247.35644011155483,-26.43248749574815,engine
Antares,16,247.3564401189214,-26.432487402151775,engine
Antares,17,247.35644012743114,-26.43248730848624,engine
Antares,18,247.3564401370848,-26.43248721475365,engine
Antares,19,247.35644014788318,-26.432487120955948,engine
Antares,20,247.35644015982695,-26.43248702709514,engine
Antares,21,247.35644017291673,-26.43248693317323,engine
Antares,22,247.35644018715337,-26.432486839192222,engine
Antares,23,247.35644020253736,-26.43248674515413,engine
Antares,24,247.3564402190695,-26.432486651060938,engine
Antares,25,247.35644023675027,-26.432486556914668,engine
Antares,26,247.35644025558028,-26.432486462717346,engine
Antares,27,247.35644027556015,-26.43248636847096,engine
Antares,28,247.35644029669044,-26.432486274177524,engine
Antares,29,247.35644031897164,-26.432486179838993,engine
Antares,30,247.35644034240417,-26.432486085457505,engine
Ceres,-30,78.04010897323622,25.48801877606313,engine
Ceres,-20,78.04293128053872,25.488420131609026,engine
Ceres,-15,78.04434225490628,25.488620671013674,engine
Ceres,-10,78.04575311552212,25.488821116523155,engine
Ceres,-5,78.04716386736587,25.489021467029442,engine
Ceres,-2,78.04801026806857,25.489141631253425,engine
Ceres,-1,78.04829239340714,25.489181678245426,engine
Ceres,0,78.04857451472479,25.48922172135643,engine
Ceres,1,78.04885663215093,25.489261760602076,engine
Ceres,2,78.0491387455409,25.489301795925584,engine
Ceres,3,78.04942085502432,25.489341827342702,engine
Ceres,4,78.04970296073083,25.489381854869247,engine
Ceres,5,78.0499850625161,25.489421878448667,engine
Ceres,6,78.05026716069918,25.48946189812372,engine
Ceres,7,78.05054925503165,25.489501913856763,engine
Ceres,8,78.05083134555868,25.489541925618237,engine
Ceres,9,78.05111343241033,25.489581933424308,engine
Ceres,10,78.05139551571689,25.489621937291176,engine
Ceres,11,78.05167759533452,25.48966193716266,engine
Ceres,12,78.05195967139366,25.48970193305511,engine
Ceres,13,78.05224174402477,25.48974192498495,engine
Ceres,14,78.05252381308438,25.489781912896184,engine
Ceres,15,78.05280587870311,25.489821896805346,engine
Ceres,16,78.05308794092035,25.48986187670492,engine
Ceres,17,78.05337000005608,25.489901852638372,engine
Ceres,18,78.05365205558883,25.489941824496402,engine
Ceres,19,78.05393410783873,25.48998179232259,engine
Ceres,20,78.0542161569369,25.490021756133856,engine
Ceres,21,78.05449820274039,25.490061715874667,engine
Ceres,22,78.05478024538046,25.49010167156206,engine
Ceres,23,78.05506228489703,25.490141623188947,engine
Ceres,24,78.05534432142156,25.490181570772496,engine
Ceres,25,78.05562635481138,25.490221514257463,engine
Ceres,26,78.05590838519812,25.490261453661123,engine
Ceres,27,78.056190412622,25.490301388976714,engine
Ceres,28,78.05647243721477,25.490341320221646,engine
Ceres,29,78.05675445902322,25.490381247367715,engine
Ceres,30,78.05703647780102,25.490421170378948,engine
Chiron,-30,11.200215534334149,6.924245233469913,engine
Chiron,-20,11.200580313066501,6.924395669341519,engine
Chiron,-15,11.200762701525331,6.924470878122354,engine
Chiron,-10,11.200945090652379,6.9245460807962935,engine
Chiron,-5,11.201127481465065,6.924621277391488,engine
Chiron,-2,11.201236917139266,6.924666392424694,engine
Chiron,-1,11.201273395940017,6.924681430282242,engine
Chiron,0,11.201309874881106,6.92469646789833,engine
Chiron,1,11.20134635396622,6.924711505271901,engine
Chiron,2,11.201382833203088,6.924726542403085,engine
Chiron,3,11.201419312599443,6.924741579292005,engine
Chiron,4,11.201455792163006,6.924756615938802,engine
Chiron,5,11.2014922719015,6.924771652343611,engine
Chiron,6,11.2015287518471,6.924786688516665,engine
Chiron,7,11.201565231958591,6.92480172443794,engine
Chiron,8,11.201601712268149,6.924816760117678,engine
Chiron,9,11.201638192779393,6.924831795554839,engine
Chiron,10,11.201674673508165,6.9248468307519575,engine
Chiron,11,11.201711154458078,6.924861865708017,engine
Chiron,12,11.201747635636805,6.924876900423184,engine
Chiron,13,11.201784117052037,6.924891934897628,engine
Chiron,14,11.201820598711429,6.924906969131524,engine
Chiron,15,11.201857080622656,6.924922003125055,engine
Chiron,16,11.201893562793368,6.924937036878403,engine
Chiron,17,11.201930045251622,6.924952070400661,engine
Chiron,18,11.201966527964256,6.924967103674218,engine
Chiron,19,11.202003010959308,6.92498213670818,engine
Chiron,20,11.202039494244405,6.924997169502735,engine
Chiron,21,11.202075977827162,6.92501220205809,engine
Chiron,22,11.202112461715213,6.925027234374461,engine
Chiron,23,11.202148945912079,6.925042266450873,engine
Chiron,24,11.202185430433502,6.925057298289906,engine
Chiron,25,11.202221915283,6.925072329890606,engine
Chiron,26,11.202258400468164,6.925087361253193,engine
Chiron,27,11.202294885996569,6.925102392377897,engine
Chiron,28,11.202331371875765,6.925117423264949,engine
Chiron,29,11.2023678581378,6.925132453924669,engine
Chiron,30,11.202404344737218,6.92514748433596,engine
Eris,-30,26.381906703300803,-1.066416845522166,tno-rate
Eris,-20,26.38197318975018,-1.0663868615814336,tno-rate
Eris,-15,26.382006432974865,-1.0663718696110676,tno-rate
Eris,-10,26.382039676199554,-1.0663568776407013,tno-rate
Eris,-5,26.382072919424242,-1.0663418856703353,tno-rate
Eris,-2,26.382092865359056,-1.0663328904881155,tno-rate
Eris,-1,26.382099514003993,-1.0663298920940423,tno-rate
Eris,0,26.38210616264893,-1.066326893699969,tno-rate
Eris,1,26.38211281129387,-1.0663238953058958,tno-rate
Eris,2,26.382119459938806,-1.0663208969118225,tno-rate
Eris,3,26.382126108583744,-1.0663178985177493,tno-rate
Eris,4,26.382132757228682,-1.066314900123676,tno-rate
Eris,5,26.38213940587362,-1.0663119017296028,tno-rate
Eris,6,26.382146054518557,-1.0663089033355295,tno-rate
Eris,7,26.382152703163495,-1.0663059049414565,tno-rate
Eris,8,26.382159351808433,-1.0663029065473832,tno-rate
Eris,9,26.38216600045337,-1.06629990815331,tno-rate
Eris,10,26.382172649098308,-1.0662969097592367,tno-rate
Eris,11,26.382179297743246,-1.0662939113651635,tno-rate
Eris,12,26.382185946388184,-1.0662909129710902,tno-rate
Eris,13,26.38219259503312,-1.066287914577017,tno-rate
Eris,14,26.38219924367806,-1.0662849161829437,tno-rate
Eris,15,26.382205892322997,-1.0662819177888705,tno-rate
Eris,16,26.382212540967934,-1.0662789193947972,tno-rate
Eris,17,26.382219189612872,-1.066275921000724,tno-rate
Eris,18,26.38222583825781,-1.0662729226066507,tno-rate
Eris,19,26.382232486902744,-1.0662699242125777,tno-rate
Eris,20,26.38223913554768,-1.0662669258185045,tno-rate
Eris,21,26.38224578419262,-1.0662639274244312,tno-rate
Eris,22,26.382252432837557,-1.066260929030358,tno-rate
Eris,23,26.382259081482495,-1.0662579306362847,tno-rate
Eris,24,26.382265730127433,-1.0662549322422115,tno-rate
Eris,25,26.38227237877237,-1.0662519338481382,tno-rate
Eris,26,26.382279027417308,-1.066248935454065,tno-rate
Eris,27,26.382285676062246,-1.0662459370599917,tno-rate
Eris,28,26.382292324707183,-1.0662429386659185,tno-rate
Eris,29,26.38229897335212,-1.0662399402718452,tno-rate
Eris,30,26.38230562199706,-1.066236941877772,tno-rate
Fomalhaut,-30,344.41076996277536,-29.62315943318434,engine
Fomalhaut,-20,344.41076802603914,-29.6231595946424,engine
Fomalhaut,-15,344.41076703856896,-29.623159658063404,engine
Fomalhaut,-10,344.41076603915485,-29.623159709791175,engine
Fomalhaut,-5,344.41076502839655,-29.62315974971682,engine
Fomalhaut,-2,344.4107644167482,-29.62315976796399,engine
Fomalhaut,-1,344.41076421202905,-29.62315977309021,engine
Fomalhaut,0,344.4107640068999,-29.62315977773706,engine
Fomalhaut,1,344.41076380136565,-29.623159781903784,engine
Fomalhaut,2,344.41076359543115,-29.623159785589603,engine
Fomalhaut,3,344.4107633891013,-29.623159788793796,engine
Fomalhaut,4,344.41076318238106,-29.623159791515604,engine
Fomalhaut,5,344.4107629752755,-29.623159793754326,engine
Fomalhaut,6,344.41076276778915,-29.623159795509242,engine
Fomalhaut,7,344.4107625599275,-29.623159796779646,engine
Fomalhaut,8,344.41076235169515,-29.623159797564824,engine
Fomalhaut,9,344.41076214309726,-29.623159797864105,engine
Fomalhaut,10,344.41076193413863,-29.623159797676802,engine
Fomalhaut,11,344.4107617248243,-29.623159797002245,engine
Fomalhaut,12,344.41076151515927,-29.62315979583978,engine
Fomalhaut,13,344.41076130514847,-29.623159794188734,engine
Fomalhaut,14,344.41076109479695,-29.623159792048508,engine
Fomalhaut,15,344.4107608841097,-29.62315978941843,engine
Fomalhaut,16,344.4107606730917,-29.623159786297904,engine
Fomalhaut,17,344.41076046174794,-29.623159782686283,engine
Fomalhaut,18,344.41076025008357,-29.623159778583005,engine
Fomalhaut,19,344.4107600381035,-29.623159773987446,engine
Fomalhaut,20,344.4107598258128,-29.62315976889903,engine
Fomalhaut,21,344.4107596132166,-29.623159763317158,engine
Fomalhaut,22,344.4107594003198,-29.62315975724131,engine
Fomalhaut,23,344.4107591871275,-29.623159750670897,engine
Fomalhaut,24,344.4107589736447,-29.623159743605385,engine
Fomalhaut,25,344.41075875987667,-29.623159736044226,engine
Fomalhaut,26,344.41075854582823,-29.623159727986902,engine
Fomalhaut,27,344.41075833150455,-29.623159719432874,engine
Fomalhaut,28,344.4107581169107,-29.623159710381646,engine
Fomalhaut,29,344.4107579020516,-29.623159700832723,engine
Fomalhaut,30,344.41075768693275,-29.6231596907856,engine
Juno,-30,328.50922082361154,-4.923145639530216,engine
Juno,-20,328.5115579558502,-4.922340309671913,engine
Juno,-15,328.51272683350464,-4.921937637030696,engine
Juno,-10,328.5138959203913,-4.92153495987713,engine
Juno,-5,328.5150652179355,-4.9211322785325695,engine
Juno,-2,328.51576689798117,-4.92089066793147,engine
Juno,-1,328.51600080824335,-4.920810130789729,engine
Juno,0,328.516234727094,-4.920729593500281,engine
Juno,1,328.51646865436254,-4.920649056090448,engine
Juno,2,328.5167025902345,-4.92056851853965,engine
Juno,3,328.5169365346279,-4.920487980863241,engine
Juno,4,328.51717048746076,-4.920407443076589,engine
Juno,5,328.5174044489179,-4.920326905159094,engine
Juno,6,328.5176384189848,-4.92024636708412,engine
Juno,7,328.51787239753224,-4.920165828939084,engine
Juno,8,328.5181063845453,-4.9200852906973305,engine
Juno,9,328.5183403802082,-4.920004752338288,engine
Juno,10,328.51857438434877,-4.919924213889316,engine
Juno,11,328.5188083971508,-4.919843675329828,engine
Juno,12,328.5190424184419,-4.919763136687201,engine
Juno,13,328.5192764484055,-4.91968259794085,engine
Juno,14,328.5195104868687,-4.919602059118149,engine
Juno,15,328.51974453401476,-4.919521520198515,engine
Juno,16,328.5199785896703,-4.9194409812093305,engine
Juno,17,328.5202126541752,-4.919360442076014,engine
Juno,18,328.5204467270419,-4.919279902933951,engine
Juno,19,328.5206808086099,-4.919199363708568,engine
Juno,20,328.5209148987051,-4.919118824427241,engine
Juno,21,328.5211489975098,-4.91903828506941,engine
Juno,22,328.52138310493854,-4.91895774565046,engine
Juno,23,328.52161722090597,-4.918877206185782,engine
Juno,24,328.5218513455938,-4.918796666654824,engine
Juno,25,328.522085478827,-4.918716127084956,engine
Juno,26,328.5223196207869,-4.918635587455629,engine
Juno,27,328.52255377129825,-4.918555047794213,engine
Juno,28,328.522787930542,-4.918474508080151,engine
Juno,29,328.5230220984995,-4.9183939682868285,engine
Juno,30,328.52325627503734,-4.91831342850169,engine
Jupiter,-30,355.82842506636797,-2.9404563563005404,engine
Jupiter,-20,355.8298351774408,-2.9398597805145306,engine
Jupiter,-15,355.83054034227075,-2.9395614924746583,engine
Jupiter,-10,355.8312455825598,-2.939263204513572,engine
Jupiter,-5,355.8319509004552,-2.9389649166606158,engine
Jupiter,-2,355.83237412921665,-2.9387859440577158,engine
Jupiter,-1,355.8325152118796,-2.9387262865550174,engine
Jupiter,0,355.8326562977836,-2.938666629064736,engine
Jupiter,1,355.8327973869772,-2.9386069715735217,engine
Jupiter,2,355.8329384794086,-2.938547314110465,engine
Jupiter,3,355.83307957512613,-2.938487656662237,engine
Jupiter,4,355.8332206741781,-2.9384279992154947,engine
Jupiter,5,355.83336177651273,-2.9383683417993414,engine
Jupiter,6,355.83350288227257,-2.938308684360461,engine
Jupiter,7,355.8336439913165,-2.938249026965509,engine
Jupiter,8,355.83378510368703,-2.938189369603612,engine
Jupiter,9,355.8339262194321,-2.9381297122614476,engine
Jupiter,10,355.83406733859954,-2.938070054925688,engine
Jupiter,11,355.834208461137,-2.9380103976254626,engine
Jupiter,12,355.8343495870921,-2.9379507403474747,engine
Jupiter,13,355.83449071651256,-2.937891083078393,engine
Jupiter,14,355.83463184934584,-2.9378314258473557,engine
Jupiter,15,355.8347729856393,-2.937771768641076,engine
Jupiter,16,355.83491412544043,-2.9377121114462335,engine
Jupiter,17,355.83505526879105,-2.937652454251974,engine
Jupiter,18,355.83519641554915,-2.93759279712502,engine
Jupiter,19,355.8353375658565,-2.937533140012056,engine
Jupiter,20,355.83547871966016,-2.9374734829422473,engine
Jupiter,21,355.8356198770071,-2.937413825902311,engine
Jupiter,22,355.83576103794434,-2.9373541688789504,engine
Jupiter,23,355.8359022024186,-2.937294511901332,engine
Jupiter,24,355.8360433704766,-2.937234854956186,engine
Jupiter,25,355.8361845421652,-2.9371751980302214,engine
Jupiter,26,355.8363257174309,-2.9371155411526195,engine
Jupiter,27,355.83646689632025,-2.9370558843101113,engine
Jupiter,28,355.83660807884627,-2.9369962275035655,engine
Jupiter,29,355.8367492651502,-2.9369365706797237,engine
Jupiter,30,355.8368904549889,-2.9368769139477804,engine
Ketu,-30,229.8621796143605,-18.33520975097155,engine
Ketu,-20,229.8621773212563,-18.335209171420512,engine
Ketu,-15,229.86217651897942,-18.335208968330804,engine
Ketu,-10,229.86217594591045,-18.335208822953863,engine
Ketu,-5,229.86217560181584,-18.33520873523086,engine
Ketu,-2,229.8621755051701,-18.33520871024662,engine
Ketu,-1,229.8621754912452,-18.335208706523918,engine
Ketu,0,229.86217548646277,-18.335208705103202,engine
Ketu,1,229.86217549082062,-18.335208705983955,engine
Ketu,2,229.86217550431678,-18.33520870916565,engine
Ketu,3,229.8621755269495,-18.33520871464786,engine
Ketu,4,229.86217555871707,-18.33520872243016,engine
Ketu,5,229.86217559961727,-18.33520873251199,engine
Ketu,6,229.86217564964858,-18.33520874489294,engine
Ketu,7,229.86217570880882,-18.33520875957249,engine
Ketu,8,229.86217577709618,-18.335208776550182,engine
Ketu,9,229.86217585450905,-18.33520879582562,engine
Ketu,10,229.86217594104522,-18.33520881739823,engine
Ketu,11,229.86217603670292,-18.335208841267548,engine
Ketu,12,229.86217614148018,-18.335208867433124,engine
Ketu,13,229.8621762553753,-18.335208895894493,engine
Ketu,14,229.8621763783862,-18.335208926651145,engine
Ketu,15,229.8621765105114,-18.335208959702722,engine
Ketu,16,229.86217665174843,-18.335208995048568,engine
Ketu,17,229.86217680209595,-18.33520903268837,engine
Ketu,18,229.86217696155177,-18.335209072621566,engine
Ketu,19,229.86217713011393,-18.33520911484768,engine
Ketu,20,229.86217730778083,-18.33520915936629,engine
Ketu,21,229.8621774945503,-18.335209206176863,engine
Ketu,22,229.86217769042054,-18.33520925527893,engine
Ketu,23,229.86217789538986,-18.335209306672077,engine
Ketu,24,229.86217810945612,-18.335209360355744,engine
Ketu,25,229.8621783326174,-18.33520941632948,engine
Ketu,26,229.86217856487184,-18.335209474592816,engine
Ketu,27,229.86217880621797,-18.335209535145346,engine
Ketu,28,229.8621790566532,-18.33520959798646,engine
Ketu,29,229.86217931617622,-18.335209663115798,engine
Ketu,30,229.86217958478483,-18.335209730532824,engine
Mars,-30,334.78453554432804,-11.973500639288028,engine
Mars,-20,334.7895551923684,-11.971671629804035,engine
Mars,-15,334.7920655972559,-11.97075705267512,engine
Mars,-10,334.7945763929642,-11.96984242981076,engine
Mars,-5,334.7970875830844,-11.968927762695953,engine
Mars,-2,334.7985944869696,-11.968378942150455,engine
Mars,-1,334.79909682006866,-11.96819599865707,engine
Mars,0,334.79959916910065,-11.968013053532207,engine
Mars,1,334.8001015340836,-11.967830106790512,engine
Mars,2,334.80060391503525,-11.96764715844661,engine
Mars,3,334.8011063119731,-11.96746420851512,engine
Mars,4,334.8016087249143,-11.967281257010724,engine
Mars,5,334.80211115387556,-11.967098303948049,engine
Mars,6,334.80261359921025,-11.966915349219168,engine
Mars,7,334.8031160602609,-11.96673239308409,engine
Mars,8,334.80361853738003,-11.966549435434851,engine
Mars,9,334.8041210305834,-11.96636647628617,engine
Mars,10,334.80462353988605,-11.9661835156528,engine
Mars,11,334.805126065303,-11.966000553549483,engine
Mars,12,334.8056286068487,-11.96581758999097,engine
Mars,13,334.80613116453753,-11.965634624992035,engine
Mars,14,334.80663373838337,-11.965451658567464,engine
Mars,15,334.8071363283998,-11.965268690732026,engine
Mars,16,334.80763893460016,-11.965085721500563,engine
Mars,17,334.80814155733447,-11.964902750765182,engine
Mars,18,334.8086441959412,-11.964719778786082,engine
Mars,19,334.80914685095826,-11.964536805383739,engine
Mars,20,334.8096495220208,-11.964353830716334,engine
Mars,21,334.8101522093289,-11.964170854727046,engine
Mars,22,334.810654912894,-11.963987877430755,engine
Mars,23,334.81115763272715,-11.9638048988423,engine
Mars,24,334.8116603688389,-11.963621918976582,engine
Mars,25,334.8121631212398,-11.963438937848496,engine
Mars,26,334.8126658899399,-11.963255955472926,engine
Mars,27,334.81316867494894,-11.963072971864761,engine
Mars,28,334.8136714762764,-11.962889987038919,engine
Mars,29,334.8141742942684,-11.96270700088764,engine
Mars,30,334.81467712825963,-11.962524013671219,engine
Mercury,-30,41.16748134230823,17.68164013355752,engine
Mercury,-20,41.179338244362306,17.686371154237946,engine
Mercury,-15,41.1852660057071,17.688735673574953,engine
Mercury,-10,41.191193324510266,17.691099531875746,engine
Mercury,-5,41.19712021695863,17.6934627303868,engine
Mercury,-2,41.20067615280784,17.69488033265675,engine
Mercury,-1,41.201861432244996,17.69535281399901,engine
Mercury,0,41.20304669561384,17.69582526897542,engine
Mercury,1,41.204231943027075,17.696297697591017,engine
Mercury,2,41.205417174597194,17.696770099850966,engine
Mercury,3,41.206602390436736,17.697242475760607,engine
Mercury,4,41.20778759065805,17.697714825325402,engine
Mercury,5,41.208972775373425,17.69818714855095,engine
Mercury,6,41.21015794548974,17.69865944575968,engine
Mercury,7,41.21134309952975,17.699131716324164,engine
Mercury,8,41.21252823840008,17.699603960567103,engine
Mercury,9,41.21371336221266,17.70007617849471,engine
Mercury,10,41.21489847107925,17.700548370113324,engine
Mercury,11,41.21608356511155,17.70102053542941,engine
Mercury,12,41.217268644421125,17.701492674449614,engine
Mercury,13,41.21845370911939,17.701964787180696,engine
Mercury,14,41.21963875931768,17.70243687362956,engine
Mercury,15,41.220823795127274,17.70290893380329,engine
Mercury,16,41.2220088166592,17.70338096770905,engine
Mercury,17,41.22319382481904,17.70385297567071,engine
Mercury,18,41.22437881812853,17.70432495706274,engine
Mercury,19,41.225563797492946,17.704796912209318,engine
Mercury,20,41.22674876302291,17.705268841118194,engine
Mercury,21,41.22793371482886,17.705740743797293,engine
Mercury,22,41.2291186530212,17.70621262025467,engine
Mercury,23,41.23030357771012,17.706684470498548,engine
Mercury,24,41.231488489005656,17.70715629453726,engine
Mercury,25,41.232673387017805,17.70762809237931,engine
Mercury,26,41.233858271856306,17.708099864033315,engine
Mercury,27,41.23504314363085,17.708571609508073,engine
Mercury,28,41.236228002450915,17.7090433288125,engine
Mercury,29,41.237412849220334,17.7095150222719,engine
Mercury,30,41.238597682056295,17.709986689060667,engine
Moon,-30,229.53462075083755,-18.782063074503995,engine
Moon,-20,229.66118719261047,-18.81631516820819,engine
Moon,-15,229.72449519872092,-18.833549465304756,engine
Moon,-10,229.78781220688924,-18.85085619597057,engine
Moon,-5,229.8511327334007,-18.868235557310285,engine
Moon,-2,229.88912417619824,-18.87869803497874,engine
Moon,-1,229.90178776833113,-18.88219139112298,engine
Moon,0,229.91445090802307,-18.88568761356835,engine
Moon,1,229.92711372707416,-18.889186747172737,engine
Moon,2,229.9397761801528,-18.892688792392402,engine
Moon,3,229.95243822190585,-18.89619374963532,engine
Moon,4,229.96509980701708,-18.899701619255772,engine
Moon,5,229.9777610672907,-18.90321244576796,engine
Moon,6,229.99042161165252,-18.90672614330888,engine
Moon,7,230.00308155496728,-18.910242751586694,engine
Moon,8,230.01574086046156,-18.913762273085037,engine
Moon,9,230.028399482859,-18.917284707873886,engine
Moon,10,230.04105755400553,-18.92081010010935,engine
Moon,11,230.05371467449984,-18.924338361453742,engine
Moon,12,230.0663709762176,-18.927869535963,engine
Moon,13,230.0790264139665,-18.931403623487007,engine
Moon,14,230.0916809425723,-18.93494062382049,engine
Moon,15,230.1043346939084,-18.938480580745463,engine
Moon,16,230.11698726877484,-18.942023405818333,engine
Moon,17,230.12963880755044,-18.945569145105807,engine
Moon,18,230.14228924820682,-18.949117793426378,engine
Moon,19,230.15493873113215,-18.952669396652777,engine
Moon,20,230.16758685727984,-18.956223866238567,engine
Moon,21,230.18023375861512,-18.95978124558888,engine
Moon,22,230.19287956713853,-18.963341577992143,engine
Moon,23,230.20552388385866,-18.966904774818843,engine
Moon,24,230.2181668408743,-18.97047087927271,engine
Moon,25,230.2308083931986,-18.974039890507914,engine
Moon,26,230.2434486729134,-18.97761185153335,engine
Moon,27,230.25608728121904,-18.981186673623498,engine
Moon,28,230.26872435023867,-18.984764399678436,engine
Moon,29,230.28136002054262,-18.988345074878854,engine
Moon,30,230.29399387653976,-18.99192860563507,engine
Neptune,-30,354.82168896774766,-3.472414414782389,engine
Neptune,-20,354.8218953744627,-3.472327771415111,engine
Neptune,-15,354.82199857865515,-3.4722844488771893,engine
Neptune,-10,354.8221017843902,-3.4722411257862844,engine
Neptune,-5,354.8222049924515,-3.4721978021365123,engine
Neptune,-2,354.8222669187026,-3.4721718076876353,engine
Neptune,-1,354.8222875610602,-3.4721631428276853,engine
Neptune,0,354.82230820356176,-3.4721544779472193,engine
Neptune,1,354.82232884621817,-3.472145813044258,engine
Neptune,2,354.8223494890331,-3.472137148119899,engine
Neptune,3,354.8223701320098,-3.472128483175251,engine
Neptune,4,354.82239077515936,-3.472119818208332,engine
Neptune,5,354.82241141848266,-3.4721111532212747,engine
Neptune,6,354.8224320620045,-3.472102488206298,engine
Neptune,7,354.8224527057007,-3.472093823176129,engine
Neptune,8,354.8224733495884,-3.472085158126068,engine
Neptune,9,354.8224939936786,-3.472076493054145,engine
Neptune,10,354.82251463797485,-3.4720678279614727,engine
Neptune,11,354.8225352824804,-3.472059162849169,engine
Neptune,12,354.8225559272061,-3.4720504977152644,engine
Neptune,13,354.822576572153,-3.4720418325619047,engine
Neptune,14,354.822597217332,-3.4720331673871323,engine
Neptune,15,354.8226178627463,-3.472024502192063,engine
Neptune,16,354.8226385083995,-3.4720158369778207,engine
Neptune,17,354.8226591543162,-3.472007171736638,engine
Neptune,18,354.8226798004696,-3.4719985064822865,engine
Neptune,19,354.8227004468844,-3.4719898412070025,engine
Neptune,20,354.822721093564,-3.4719811759119144,engine
Neptune,21,354.8227417405116,-3.471972510598149,engine
Neptune,22,354.82276238773824,-3.471963845263761,engine
Neptune,23,354.8227830352446,-3.471955179910906,engine
Neptune,24,354.82280368304157,-3.471946514537638,engine
Neptune,25,354.82282433113244,-3.4719378491450965,engine
Neptune,26,354.8228449795204,-3.471929183734414,engine
Neptune,27,354.82286562821645,-3.4719205183036466,engine
Neptune,28,354.82288627722124,-3.471911852854967,engine
Neptune,29,354.82290692655954,-3.4719031873806196,engine
Neptune,30,354.8229275762068,-3.4718945218933728,engine
Pallas,-30,27.948427383151234,-3.655649870001172,engine
Pallas,-20,27.951287693257648,-3.6551232684864954,engine
Pallas,-15,27.952717933341273,-3.654859963497951,engine
Pallas,-10,27.954148235324954,-3.654596655810204,engine
Pallas,-5,27.955578603814192,-3.6543333454332196,engine
Pallas,-2,27.956436858413568,-3.654175357995114,engine
Pallas,-1,27.956722949042803,-3.6541226953096775,engine
Pallas,0,27.957009042620484,-3.654070032523793,engine
Pallas,1,27.95729513917926,-3.654017369638143,engine
Pallas,2,27.957581238751676,-3.6539647066534178,engine
Pallas,3,27.957867341370335,-3.6539120435703096,engine
Pallas,4,27.95815344706767,-3.6538593803895334,engine
Pallas,5,27.958439555876136,-3.6538067171117934,engine
Pallas,6,27.958725668019966,-3.653754053702513,engine
Pallas,7,27.959011783072462,-3.6537013902242057,engine
Pallas,8,27.959297901408412,-3.653648726659981,engine
Pallas,9,27.9595840229847,-3.653596063001751,engine
Pallas,10,27.959870147833506,-3.65354339925027,engine
Pallas,11,27.960156275986957,-3.653490735406312,engine
Pallas,12,27.9604424074771,-3.653438071470651,engine
Pallas,13,27.96072854233594,-3.653385407444071,engine
Pallas,14,27.961014680595433,-3.6533327433273675,engine
Pallas,15,27.961300822287484,-3.653280079121344,engine
Pallas,16,27.96158696744389,-3.6532274148268096,engine
Pallas,17,27.961873116288345,-3.6531747504092693,engine
Pallas,18,27.962159268468767,-3.6531220859401814,engine
Pallas,19,27.96244542420876,-3.6530694213850676,engine
Pallas,20,27.962731583539867,-3.6530167567447727,engine
Pallas,21,27.963017746493627,-3.6529640920201505,engine
Pallas,22,27.96330391310154,-3.6529114272120666,engine
Pallas,23,27.96359008339499,-3.652858762321385,engine
Pallas,24,27.96387625733002,-3.6528060973401533,engine
Pallas,25,27.964162435088586,-3.652753432286932,engine
Pallas,26,27.964448616626548,-3.652700767153782,engine
Pallas,27,27.964734801975112,-3.652648101941601,engine
Pallas,28,27.96502099116534,-3.652595436651312,engine
Pallas,29,27.965307184420194,-3.6525427712485152,engine
Pallas,30,27.965593381386807,-3.6524901058047705,engine
Pluto,-30,300.78684838816105,-22.402449660099393,engine
Pluto,-20,300.78688993876966,-22.402457630988984,engine
Pluto,-15,300.7869107498976,-22.402461607981365,engine
Pluto,-10,300.7869315854612,-22.40246557964867,engine
Pluto,-5,300.78695244587317,-22.40246954622952,engine
Pluto,-2,300.7869649742042,-22.402471923835527,engine
Pluto,-1,300.78696915234787,-22.402472715992193,engine
Pluto,0,300.7869733315128,-22.40247350796273,engine
Pluto,1,300.7869775116994,-22.402474299748878,engine
Pluto,2,300.78698169291556,-22.40247509135303,engine
Pluto,3,300.78698587516163,-22.402475882776926,engine
Pluto,4,300.7869900584405,-22.402476674022534,engine
Pluto,5,300.78699424275254,-22.40247746509162,engine
Pluto,6,300.7869984281083,-22.402478255987102,engine
Pluto,7,300.78700261450246,-22.402479046709693,engine
Pluto,8,300.78700680194066,-22.4024798372619,engine
Pluto,9,300.78701099042297,-22.402480627645506,engine
Pluto,10,300.7870151799573,-22.40248141786293,engine
Pluto,11,300.7870193705437,-22.40248220791596,engine
Pluto,12,300.7870235621849,-22.402482997806572,engine
Pluto,13,300.7870277548809,-22.402483787536575,engine
Pluto,14,300.78703194863954,-22.40248457710839,engine
Pluto,15,300.78703614346074,-22.40248536652384,engine
Pluto,16,300.7870403393471,-22.402486155784928,engine
Pluto,17,300.7870445363014,-22.402486944893976,engine
Pluto,18,300.78704873432565,-22.402487733852396,engine
Pluto,19,300.7870529334226,-22.40248852266253,engine
Pluto,20,300.78705713359466,-22.402489311326406,engine
Pluto,21,300.78706133484434,-22.402490099846045,engine
Pluto,22,300.78706553717143,-22.40249088822328,engine
Pluto,23,300.78706974058343,-22.402491676460585,engine
Pluto,24,300.78707394508024,-22.4024924645598,engine
Pluto,25,300.787078150664,-22.40249325252296,engine
Pluto,26,300.78708235733467,-22.4024940403519,engine
Pluto,27,300.7870865650995,-22.40249482804913,engine
Pluto,28,300.78709077395825,-22.40249561561647,engine
Pluto,29,300.78709498391595,-22.40249640305652,engine
Pluto,30,300.78709919496913,-22.402497190370298,engine
Rahu,-30,49.862179614360514,18.33520975097155,engine
Rahu,-20,49.86217732125628,18.335209171420512,engine
Rahu,-15,49.86217651897944,18.335208968330804,engine
Rahu,-10,49.86217594591046,18.335208822953863,engine
Rahu,-5,49.86217560181583,18.33520873523086,engine
Rahu,-2,49.86217550517008,18.33520871024662,engine
Rahu,-1,49.86217549124522,18.335208706523918,engine
Rahu,0,49.86217548646276,18.335208705103202,engine
Rahu,1,49.862175490820626,18.335208705983955,engine
Rahu,2,49.86217550431677,18.33520870916565,engine
Rahu,3,49.86217552694951,18.33520871464786,engine
Rahu,4,49.862175558717055,18.33520872243016,engine
Rahu,5,49.86217559961729,18.33520873251199,engine
Rahu,6,49.86217564964859,18.33520874489294,engine
Rahu,7,49.862175708808806,18.33520875957249,engine
Rahu,8,49.862175777096176,18.335208776550182,engine
Rahu,9,49.86217585450905,18.33520879582562,engine
Rahu,10,49.86217594104523,18.33520881739823,engine
Rahu,11,49.862176036702905,18.335208841267548,engine
Rahu,12,49.86217614148017,18.335208867433124,engine
Rahu,13,49.86217625537529,18.335208895894493,engine
Rahu,14,49.86217637838622,18.335208926651145,engine
Rahu,15,49.86217651051142,18.335208959702722,engine
Rahu,16,49.862176651748435,18.335208995048568,engine
Rahu,17,49.86217680209594,18.33520903268837,engine
Rahu,18,49.86217696155177,18.335209072621566,engine
Rahu,19,49.86217713011392,18.33520911484768,engine
Rahu,20,49.86217730778083,18.33520915936629,engine
Rahu,21,49.86217749455031,18.335209206176863,engine
Rahu,22,49.862177690420545,18.33520925527893,engine
Rahu,23,49.86217789538987,18.335209306672077,engine
Rahu,24,49.86217810945611,18.335209360355744,engine
Rahu,25,49.86217833261738,18.33520941632948,engine
Rahu,26,49.86217856487185,18.335209474592816,engine
Rahu,27,49.862178806217955,18.335209535145346,engine
Rahu,28,49.8621790566532,18.33520959798646,engine
Rahu,29,49.862179316176224,18.335209663115798,engine
Rahu,30,49.86217958478484,18.335209730532824,engine
Regulus,-30,152.09430435877547,11.966202339267623,engine
Regulus,-20,152.0943061633929,11.96620242845576,engine
Regulus,-15,152.09430707462815,11.966202480844174,engine
Regulus,-10,152.09430799105937,11.966202538461092,engine
Regulus,-5,152.0943089121174,11.966202601327616,engine
Regulus,-2,152.09430946673527,11.966202641575165,engine
Regulus,-1,152.09430965191095,11.966202655413111,engine
Regulus,0,152.09430983723044,11.966202669462316,engine
Regulus,1,152.09431002268923,11.966202683722893,engine
Regulus,2,152.09431020828268,11.966202698194966,engine
Regulus,3,152.0943103940062,11.966202712878648,engine
Regulus,4,152.0943105798552,11.966202727774043,engine
Regulus,5,152.09431076582507,11.966202742881254,engine
Regulus,6,152.09431095191132,11.966202758200405,engine
Regulus,7,152.0943111381091,11.966202773731546,engine
Regulus,8,152.09431132441392,11.966202789474806,engine
Regulus,9,152.09431151082114,11.966202805430264,engine
Regulus,10,152.09431169732622,11.966202821597985,engine
Regulus,11,152.09431188392443,11.966202837978074,engine
Regulus,12,152.0943120706113,11.966202854570598,engine
Regulus,13,152.09431225738206,11.966202871375637,engine
Regulus,14,152.09431244423214,11.966202888393239,engine
Regulus,15,152.09431263115698,11.966202905623483,engine
Regulus,16,152.0943128181519,11.966202923066422,engine
Regulus,17,152.09431300521237,11.966202940722129,engine
Regulus,18,152.0943131923336,11.966202958590625,engine
Regulus,19,152.09431337951102,11.966202976671974,engine
Regulus,20,152.09431356674,11.966202994966222,engine
Regulus,21,152.0943137540159,11.966203013473406,engine
Regulus,22,152.09431394133412,11.966203032193551,engine
Regulus,23,152.09431412869003,11.966203051126701,engine
Regulus,24,152.094314316079,11.96620307027288,engine
Regulus,25,152.09431450349635,11.966203089632112,engine
Regulus,26,152.09431469093747,11.966203109204406,engine
Regulus,27,152.09431487839777,11.966203128989784,engine
Regulus,28,152.09431506587254,11.96620314898826,engine
Regulus,29,152.09431525335734,11.96620316919985,engine
Regulus,30,152.09431544084723,11.966203189624535,engine
Saturn,-30,325.84445744872875,-14.724765722573236,engine
Saturn,-20,325.84494662823977,-14.72461742405734,engine
Saturn,-15,325.8451912975574,-14.724543269529738,engine
Saturn,-10,325.84543602086455,-14.724469111992079,engine
Saturn,-5,325.8456807989332,-14.724394951795627,engine
Saturn,-2,325.84582769230576,-14.724350454568048,engine
Saturn,-1,325.8458766612198,-14.724335621990999,engine
Saturn,0,325.8459256323705,-14.724320789335069,engine
Saturn,1,325.84597460574923,-14.724305956607381,engine
Saturn,2,325.84602358138847,-14.7242911238028,engine
Saturn,3,325.84607255927926,-14.724276290928476,engine
Saturn,4,325.84612153942646,-14.724261457987453,engine
Saturn,5,325.8461705218349,-14.72424662498278,engine
Saturn,6,325.84621950654207,-14.724231791907583,engine
Saturn,7,325.8462684934871,-14.724216958784815,engine
Saturn,8,325.8463174827074,-14.72420212560761,engine
Saturn,9,325.8463664742075,-14.724187292379048,engine
Saturn,10,325.84641546799196,-14.724172459102192,engine
Saturn,11,325.8464644640652,-14.724157625780144,engine
Saturn,12,325.84651346243163,-14.724142792415996,engine
Saturn,13,325.84656246309567,-14.72412795901284,engine
Saturn,14,325.8466114660615,-14.724113125573767,engine
Saturn,15,325.84666047133345,-14.724098292101905,engine
Saturn,16,325.8467094789156,-14.724083458600353,engine
Saturn,17,325.84675848884507,-14.724068625062266,engine
Saturn,18,325.84680750106014,-14.724053791510675,engine
Saturn,19,325.84685651559766,-14.724038957938733,engine
Saturn,20,325.8469055324616,-14.724024124349588,engine
Saturn,21,325.8469545516559,-14.724009290746357,engine
Saturn,22,325.8470035731844,-14.723994457132191,engine
Saturn,23,325.84705259705083,-14.72397962351021,engine
Saturn,24,325.847101623259,-14.723964789883563,engine
Saturn,25,325.84715065181257,-14.723949956255394,engine
Saturn,26,325.8471996827151,-14.723935122628868,engine
Saturn,27,325.84724871597024,-14.723920289007125,engine
Saturn,28,325.8472977515815,-14.723905455393329,engine
Saturn,29,325.8473467895851,-14.723890621780694,engine
Saturn,30,325.8473958299188,-14.72387578819227,engine
Sun,-30,26.186736706970517,10.828095620960017,engine
Sun,-20,26.193128613299546,10.830512984552705,engine
Sun,-15,26.196324979756408,10.831721424552939,engine
Sun,-10,26.199521640632625,10.832929704530972,engine
Sun,-5,26.202718611221137,10.834137825928675,engine
Sun,-2,26.204636947727103,10.834862622960856,engine
Sun,-1,26.205276419646268,10.835104209411522,engine
Sun,0,26.205915904962538,10.835345789598696,engine
Sun,1,26.206555403788705,10.835587363532452,engine
Sun,2,26.207194916237256,10.835828931222943,engine
Sun,3,26.207834442420516,10.836070492680447,engine
Sun,4,26.20847398245045,10.836312047915266,engine
Sun,5,26.2091135364389,10.836553596937858,engine
Sun,6,26.209753104926172,10.836795139920687,engine
Sun,7,26.210392687165935,10.837036676550472,engine
Sun,8,26.211032283697968,10.837278206999871,engine
Sun,9,26.211671894633273,10.837519731279738,engine
Sun,10,26.212311520081954,10.837761249400847,engine
Sun,11,26.212951160154486,10.838002761374234,engine
Sun,12,26.213590814960813,10.838244267210968,engine
Sun,13,26.214230484610678,10.838485766922231,engine
Sun,14,26.21487016921349,10.838727260519246,engine
Sun,15,26.215509868878513,10.83896874801337,engine
Sun,16,26.216149583714706,10.839210229416075,engine
Sun,17,26.216789314259437,10.839451704900704,engine
Sun,18,26.217429059763255,10.839693174155048,engine
Sun,19,26.218068820763232,10.839934637352767,engine
Sun,20,26.218708597367158,10.84017609450562,engine
Sun,21,26.219348389682544,10.840417545625483,engine
Sun,22,26.219988197816818,10.840658990724389,engine
Sun,23,26.220628021876596,10.84090042981426,engine
Sun,24,26.221267861968652,10.841141862907289,engine
Sun,25,26.22190771819945,10.841383290015717,engine
Sun,26,26.222547590675024,10.841624711151841,engine
Sun,27,26.22318747950135,10.841866126328128,engine
Sun,28,26.22382738478356,10.842107535556947,engine
Sun,29,26.224467307056177,10.8423489390128,engine
Sun,30,26.225107245565823,10.842590336384594,engine
Uranus,-30,41.18692568670596,15.551619751332536,engine
Uranus,-20,41.18730778801756,15.551738329388467,engine
Uranus,-15,41.18749880973669,15.55179760384258,engine
Uranus,-10,41.187689813286234,15.551856868413212,engine
Uranus,-5,41.18788079958573,15.551916123001241,engine
Uranus,-2,41.18799538342153,15.551951670907583,engine
Uranus,-1,41.188033576755174,15.551963519397827,engine
Uranus,0,41.18807176946156,15.551975367480786,engine
Uranus,1,41.188109961547845,15.55198721515561,engine
Uranus,2,41.188148153021224,15.551999062421531,engine
Uranus,3,41.18818634388887,15.552010909277728,engine
Uranus,4,41.18822453415798,15.552022755723431,engine
Uranus,5,41.18826272383579,15.552034601757859,engine
Uranus,6,41.1883009129551,15.552046447388184,engine
Uranus,7,41.18833910147197,15.55205829259775,engine
Uranus,8,41.18837728941925,15.55207013739376,engine
Uranus,9,41.18841547680421,15.552081981775455,engine
Uranus,10,41.18845366363411,15.552093825742107,engine
Uranus,11,41.188491849916254,15.552105669292992,engine
Uranus,12,41.18853003566281,15.552117512428905,engine
Uranus,13,41.188568220871375,15.55212935514608,engine
Uranus,14,41.188606405554125,15.552141197445348,engine
Uranus,15,41.18864458971842,15.552153039326008,engine
Uranus,16,41.18868277337159,15.552164880787366,engine
Uranus,17,41.188720956546625,15.552176721836704,engine
Uranus,18,41.188759139199654,15.552188562457454,engine
Uranus,19,41.18879732136372,15.552200402656903,engine
Uranus,20,41.18883550304617,15.55221224243439,engine
Uranus,21,41.18887368425447,15.55222408178927,engine
Uranus,22,41.18891186499112,15.552235920719378,engine
Uranus,23,41.188950045273295,15.552247759227159,engine
Uranus,24,41.18898822510358,15.552259597310453,engine
Uranus,25,41.189026404489425,15.552271434968638,engine
Uranus,26,41.18906458343831,15.552283272201125,engine
Uranus,27,41.18910276195765,15.55229510900732,engine
Uranus,28,41.189140940054976,15.552306945386626,engine
Uranus,29,41.189179117763366,15.55231878134641,engine
Uranus,30,41.189217295039136,15.552330616870233,engine
Venus,-30,345.2993575767194,-6.902650122578556,engine
Venus,-20,345.3066767125955,-6.900118617115334,engine
Venus,-15,345.31033732922776,-6.8988527189217255,engine
Venus,-10,345.3139986550385,-6.897586726363874,engine
Venus,-5,345.31766069812795,-6.896320641014673,engine
Venus,-2,345.31985827080644,-6.89556094620322,engine
Venus,-1,345.32059085326097,-6.895307707396078,engine
Venus,0,345.3213234647433,-6.8950544650490215,engine
Venus,1,345.3220561056075,-6.894801219114395,engine
Venus,2,345.32278877575504,-6.894547969638707,engine
Venus,3,345.32352147508703,-6.894294716668509,engine
Venus,4,345.3242542039559,-6.894041460156219,engine
Venus,5,345.32498696211087,-6.893788200179805,engine
Venus,6,345.3257197503946,-6.893534936521901,engine
Venus,7,345.3264525677232,-6.893281669568808,engine
Venus,8,345.3271854144861,-6.8930283991973615,engine
Venus,9,345.32791829103314,-6.8927751253600595,engine
Venus,10,345.3286511972612,-6.892521848103635,engine
Venus,11,345.3293841330668,-6.89226856747482,engine
Venus,12,345.33011709879815,-6.892015283426182,engine
Venus,13,345.33085009435035,-6.891761996004485,engine
Venus,14,345.33158311961836,-6.891508705256574,engine
Venus,15,345.3323161749484,-6.891255411135032,engine
Venus,16,345.33304926008344,-6.891002113718132,engine
Venus,17,345.3337823758603,-6.890748812788657,engine
Venus,18,345.33451552118834,-6.890495508733216,engine
Venus,19,345.335248696451,-6.890242201428867,engine
Venus,20,345.33598190199183,-6.889988890828307,engine
Venus,21,345.33671513770156,-6.889735576978489,engine
Venus,22,345.3374484034705,-6.889482259926398,engine
Venus,23,345.33818169964036,-6.889228939624758,engine
Venus,24,345.33891502594946,-6.888975616152029,engine
Venus,25,345.3396483827385,-6.8887222894609454,engine
Venus,26,345.3403817698954,-6.888468959598592,engine
Venus,27,345.3411151873074,-6.888215626612031,engine
Venus,28,345.34184863531345,-6.887962290454059,engine
Venus,29,345.342582114141,-6.887708951033366,engine
Venus,30,345.343315623144,-6.88745560864251,engine
Vesta,-30,319.8288260890155,-16.570149123953744,engine
Vesta,-20,319.83172640051947,-16.569554598286967,engine
Vesta,-15,319.8331769903362,-16.569257329206764,engine
Vesta,-10,319.8346278700325,-16.568960058582125,engine
Vesta,-5,319.83607904028133,-16.568662788278214,engine
Vesta,-2,319.8369498819859,-16.568484427061676,engine
Vesta,-1,319.8372401857774,-16.56842497358303,engine
Vesta,0,319.8375305012026,-16.568365520256567,engine
Vesta,1,319.8378208282621,-16.568306067097705,engine
Vesta,2,319.8381111669558,-16.56824661412185,engine
Vesta,3,319.83840151728356,-16.56818716134438,engine
Vesta,4,319.8386918793714,-16.56812770875915,engine
Vesta,5,319.8389822529658,-16.568068256424716,engine
Vesta,6,319.83927263838683,-16.568008804295022,engine
Vesta,7,319.8395630352441,-16.56794935246524,engine
Vesta,8,319.8398534437308,-16.567889900910867,engine
Vesta,9,319.84014386384524,-16.567830449647303,engine
Vesta,10,319.84043429558557,-16.56777099868996,engine
Vesta,11,319.8407247390762,-16.56771154803263,engine
Vesta,12,319.8410151940615,-16.567652097733895,engine
Vesta,13,319.8413056606655,-16.56759264778752,engine
Vesta,14,319.84159613888534,-16.567533198208917,engine
Vesta,15,319.8418866287177,-16.56747374901344,engine
Vesta,16,319.8421771301592,-16.567414300216484,engine
Vesta,17,319.84246764340116,-16.567354851793535,engine
Vesta,18,319.8427581681765,-16.567295403818108,engine
Vesta,19,319.8430487044228,-16.56723595630887,engine
Vesta,20,319.84333925226235,-16.567176509259582,engine
Vesta,21,319.8436298116904,-16.567117062685593,engine
Vesta,22,319.84392038270204,-16.56705761660224,engine
Vesta,23,319.84421096529223,-16.566998171024863,engine
Vesta,24,319.8445015594556,-16.566938725968793,engine
Vesta,25,319.844792165313,-16.566879281427745,engine
Vesta,26,319.8450827826055,-16.56681983746024,engine
Vesta,27,319.8453734114536,-16.566760394059976,engine
Vesta,28,319.8456640518509,-16.566700951242243,engine
Vesta,29,319.8459547039857,-16.56664150898248,engine
Vesta,30,319.8462453674614,-16.56658206737569,engine
Gonggong,-30,337.3001733394819,-11.046725795050467,tno-rate
Gonggong,-20,337.30021915751297,-11.046705019172002,tno-rate
Gonggong,-15,337.3002420665285,-11.04669463123277,tno-rate
Gonggong,-10,337.300264975544,-11.046684243293535,tno-rate
Gonggong,-5,337.30028788455957,-11.046673855354303,tno-rate
Gonggong,-2,337.3003016299689,-11.046667622590764,tno-rate
Gonggong,-1,337.30030621177195,-11.046665545002917,tno-rate
Gonggong,0,337.3003107935751,-11.04666346741507,tno-rate
Gonggong,1,337.3003153753782,-11.046661389827225,tno-rate
Gonggong,2,337.3003199571813,-11.046659312239377,tno-rate
Gonggong,3,337.3003245389844,-11.046657234651532,tno-rate
Gonggong,4,337.3003291207875,-11.046655157063684,tno-rate
Gonggong,5,337.3003337025906,-11.046653079475838,tno-rate
Gonggong,6,337.3003382843937,-11.04665100188799,tno-rate
Gonggong,7,337.30034286619684,-11.046648924300145,tno-rate
Gonggong,8,337.3003474479999,-11.0466468467123,tno-rate
Gonggong,9,337.30035202980304,-11.046644769124452,tno-rate
Gonggong,10,337.30035661160616,-11.046642691536606,tno-rate
Gonggong,11,337.30036119340923,-11.046640613948759,tno-rate
Gonggong,12,337.30036577521236,-11.046638536360913,tno-rate
Gonggong,13,337.3003703570155,-11.046636458773065,tno-rate
Gonggong,14,337.30037493881855,-11.04663438118522,tno-rate
Gonggong,15,337.3003795206217,-11.046632303597372,tno-rate
Gonggong,16,337.3003841024248,-11.046630226009526,tno-rate
Gonggong,17,337.30038868422787,-11.04662814842168,tno-rate
Gonggong,18,337.300393266031,-11.046626070833833,tno-rate
Gonggong,19,337.3003978478341,-11.046623993245987,tno-rate
Gonggong,20,337.3004024296372,-11.04662191565814,tno-rate
Gonggong,21,337.3004070114403,-11.046619838070294,tno-rate
Gonggong,22,337.30041159324344,-11.046617760482446,tno-rate
Gonggong,23,337.3004161750465,-11.0466156828946,tno-rate
Gonggong,24,337.30042075684963,-11.046613605306755,tno-rate
Gonggong,25,337.30042533865276,-11.046611527718907,tno-rate
Gonggong,26,337.3004299204558,-11.046609450131061,tno-rate
Gonggong,27,337.30043450225895,-11.046607372543214,tno-rate
Gonggong,28,337.3004390840621,-11.046605294955368,tno-rate
Gonggong,29,337.30044366586515,-11.04660321736752,tno-rate
Gonggong,30,337.30044824766827,-11.046601139779675,tno-rate
Haumea,-30,216.85767924552016,15.87843649176137,tno-rate
Haumea,-20,216.85756554223914,15.878481994111922,tno-rate
Haumea,-15,216.85750869059862,15.8785047452872,tno-rate
Haumea,-10,216.85745183895813,15.878527496462477,tno-rate
Haumea,-5,216.8573949873176,15.878550247637754,tno-rate
Haumea,-2,216.8573608763333,15.87856389834292,tno-rate
Haumea,-1,216.85734950600522,15.878568448577976,tno-rate
Haumea,0,216.8573381356771,15.87857299881303,tno-rate
Haumea,1,216.857326765349,15.878577549048085,tno-rate
Haumea,2,216.85731539502092,15.878582099283141,tno-rate
Haumea,3,216.8573040246928,15.878586649518196,tno-rate
Haumea,4,216.8572926543647,15.878591199753252,tno-rate
Haumea,5,216.85728128403662,15.878595749988307,tno-rate
Haumea,6,216.8572699137085,15.878600300223363,tno-rate
Haumea,7,216.8572585433804,15.878604850458418,tno-rate
Haumea,8,216.8572471730523,15.878609400693474,tno-rate
Haumea,9,216.8572358027242,15.878613950928528,tno-rate
Haumea,10,216.8572244323961,15.878618501163585,tno-rate
Haumea,11,216.85721306206798,15.87862305139864,tno-rate
Haumea,12,216.8572016917399,15.878627601633696,tno-rate
Haumea,13,216.8571903214118,15.87863215186875,tno-rate
Haumea,14,216.85717895108368,15.878636702103806,tno-rate
Haumea,15,216.8571675807556,15.878641252338861,tno-rate
Haumea,16,216.8571562104275,15.878645802573917,tno-rate
Haumea,17,216.85714484009938,15.878650352808972,tno-rate
Haumea,18,216.85713346977127,15.878654903044028,tno-rate
Haumea,19,216.8571220994432,15.878659453279083,tno-rate
Haumea,20,216.85711072911508,15.878664003514139,tno-rate
Haumea,21,216.85709935878697,15.878668553749193,tno-rate
Haumea,22,216.8570879884589,15.878673103984248,tno-rate
Haumea,23,216.85707661813078,15.878677654219304,tno-rate
Haumea,24,216.85706524780267,15.878682204454359,tno-rate
Haumea,25,216.85705387747458,15.878686754689415,tno-rate
Haumea,26,216.85704250714647,15.87869130492447,tno-rate
Haumea,27,216.85703113681836,15.878695855159526,tno-rate
Haumea,28,216.85701976649025,15.87870040539458,tno-rate
Haumea,29,216.85700839616217,15.878704955629637,tno-rate
Haumea,30,216.85699702583406,15.878709505864691,tno-rate
Makemake,-30,198.29384163256972,23.01435202766491,tno-rate
Makemake,-20,198.293728272083,23.014376158137438,tno-rate
Makemake,-15,198.29367159183965,23.0143882233737,tno-rate
Makemake,-10,198.2936149115963,23.014400288609963,tno-rate
Makemake,-5,198.29355823135296,23.01441235384623,tno-rate
Makemake,-2,198.29352422320696,23.014419592987984,tno-rate
Makemake,-1,198.29351288715827,23.01442200603524,tno-rate
Makemake,0,198.2935015511096,23.01442441908249,tno-rate
Makemake,1,198.29349021506096,23.014426832129743,tno-rate
Makemake,2,198.29347887901227,23.014429245177,tno-rate
Makemake,3,198.2934675429636,23.01443165822425,tno-rate
Makemake,4,198.29345620691493,23.014434071271502,tno-rate
Makemake,5,198.29344487086627,23.014436484318754,tno-rate
Makemake,6,198.29343353481758,23.01443889736601,tno-rate
Makemake,7,198.29342219876892,23.01444131041326,tno-rate
Makemake,8,198.29341086272026,23.014443723460513,tno-rate
Makemake,9,198.29339952667158,23.014446136507765,tno-rate
Makemake,10,198.29338819062292,23.01444854955502,tno-rate
Makemake,11,198.29337685457423,23.01445096260227,tno-rate
Makemake,12,198.29336551852558,23.014453375649524,tno-rate
Makemake,13,198.29335418247692,23.014455788696775,tno-rate
Makemake,14,198.29334284642823,23.01445820174403,tno-rate
Makemake,15,198.29333151037957,23.014460614791282,tno-rate
Makemake,16,198.2933201743309,23.014463027838534,tno-rate
Makemake,17,198.29330883828223,23.014465440885786,tno-rate
Makemake,18,198.29329750223354,23.01446785393304,tno-rate
Makemake,19,198.29328616618488,23.014470266980293,tno-rate
Makemake,20,198.29327483013623,23.014472680027545,tno-rate
Makemake,21,198.29326349408754,23.014475093074797,tno-rate
Makemake,22,198.29325215803888,23.014477506122052,tno-rate
Makemake,23,198.2932408219902,23.014479919169304,tno-rate
Makemake,24,198.29322948594154,23.014482332216556,tno-rate
Makemake,25,198.29321814989285,23.01448474526381,tno-rate
Makemake,26,198.2932068138442,23.014487158311063,tno-rate
Makemake,27,198.29319547779554,23.014489571358315,tno-rate
Makemake,28,198.29318414174685,23.014491984405566,tno-rate
Makemake,29,198.2931728056982,23.01449439745282,tno-rate
Makemake,30,198.2931614696495,23.014496810500074,tno-rate
Orcus,-30,155.81706148387772,-11.64742506535324,tno-rate
Orcus,-20,155.81699919691462,-11.647361935300232,tno-rate
Orcus,-15,155.81696805343307,-11.64733037027373,tno-rate
Orcus,-10,155.8169369099515,-11.647298805247226,tno-rate
Orcus,-5,155.81690576646994,-11.647267240220724,tno-rate
Orcus,-2,155.816887080381,-11.647248301204822,tno-rate
Orcus,-1,155.81688085168472,-11.647241988199522,tno-rate
Orcus,0,155.8168746229884,-11.64723567519422,tno-rate
Orcus,1,155.81686839429207,-11.64722936218892,tno-rate
Orcus,2,155.81686216559578,-11.64722304918362,tno-rate
Orcus,3,155.81685593689946,-11.647216736178319,tno-rate
Orcus,4,155.81684970820314,-11.647210423173018,tno-rate
Orcus,5,155.81684347950684,-11.647204110167717,tno-rate
Orcus,6,155.81683725081052,-11.647197797162416,tno-rate
Orcus,7,155.8168310221142,-11.647191484157117,tno-rate
Orcus,8,155.8168247934179,-11.647185171151817,tno-rate
Orcus,9,155.8168185647216,-11.647178858146516,tno-rate
Orcus,10,155.8168123360253,-11.647172545141215,tno-rate
Orcus,11,155.81680610732897,-11.647166232135914,tno-rate
Orcus,12,155.81679987863265,-11.647159919130614,tno-rate
Orcus,13,155.81679364993636,-11.647153606125313,tno-rate
Orcus,14,155.81678742124004,-11.647147293120012,tno-rate
Orcus,15,155.81678119254371,-11.647140980114711,tno-rate
Orcus,16,155.81677496384742,-11.64713466710941,tno-rate
Orcus,17,155.8167687351511,-11.64712835410411,tno-rate
Orcus,18,155.81676250645478,-11.64712204109881,tno-rate
Orcus,19,155.8167562777585,-11.64711572809351,tno-rate
Orcus,20,155.81675004906216,-11.64710941508821,tno-rate
Orcus,21,155.81674382036584,-11.647103102082909,tno-rate
Orcus,22,155.81673759166955,-11.647096789077608,tno-rate
Orcus,23,155.81673136297323,-11.647090476072307,tno-rate
Orcus,24,155.8167251342769,-11.647084163067007,tno-rate
Orcus,25,155.81671890558061,-11.647077850061706,tno-rate
Orcus,26,155.8167126768843,-11.647071537056405,tno-rate
Orcus,27,155.816706448188,-11.647065224051104,tno-rate
Orcus,28,155.81670021949168,-11.647058911045804,tno-rate
Orcus,29,155.81669399079536,-11.647052598040503,tno-rate
Orcus,30,155.81668776209906,-11.647046285035202,tno-rate
Quaoar,-30,277.24300212728593,-15.214813373211314,tno-rate
Quaoar,-20,277.2429686282519,-15.214792468439859,tno-rate
Quaoar,-15,277.24295187873486,-15.214782016054132,tno-rate
Quaoar,-10,277.2429351292178,-15.214771563668405,tno-rate
Quaoar,-5,277.2429183797008,-15.214761111282677,tno-rate
Quaoar,-2,277.2429083299906,-15.21475483985124,tno-rate
Quaoar,-1,277.2429049800872,-15.214752749374096,tno-rate
Quaoar,0,277.2429016301838,-15.21475065889695,tno-rate
Quaoar,1,277.2428982802804,-15.214748568419804,tno-rate
Quaoar,2,277.24289493037696,-15.21474647794266,tno-rate
Quaoar,3,277.24289158047355,-15.214744387465513,tno-rate
Quaoar,4,277.24288823057014,-15.214742296988367,tno-rate
Quaoar,5,277.24288488066674,-15.214740206511223,tno-rate
Quaoar,6,277.2428815307633,-15.214738116034077,tno-rate
Quaoar,7,277.2428781808599,-15.214736025556931,tno-rate
Quaoar,8,277.24287483095657,-15.214733935079787,tno-rate
Quaoar,9,277.24287148105316,-15.21473184460264,tno-rate
Quaoar,10,277.24286813114975,-15.214729754125495,tno-rate
Quaoar,11,277.24286478124634,-15.21472766364835,tno-rate
Quaoar,12,277.24286143134293,-15.214725573171204,tno-rate
Quaoar,13,277.2428580814395,-15.21472348269406,tno-rate
Quaoar,14,277.2428547315361,-15.214721392216914,tno-rate
Quaoar,15,277.2428513816327,-15.214719301739768,tno-rate
Quaoar,16,277.2428480317293,-15.214717211262624,tno-rate
Quaoar,17,277.2428446818259,-15.214715120785478,tno-rate
Quaoar,18,277.2428413319225,-15.214713030308332,tno-rate
Quaoar,19,277.24283798201907,-15.214710939831187,tno-rate
Quaoar,20,277.24283463211566,-15.214708849354041,tno-rate
Quaoar,21,277.24283128221225,-15.214706758876895,tno-rate
Quaoar,22,277.2428279323089,-15.21470466839975,tno-rate
Quaoar,23,277.2428245824055,-15.214702577922605,tno-rate
Quaoar,24,277.2428212325021,-15.214700487445459,tno-rate
Quaoar,25,277.2428178825987,-15.214698396968314,tno-rate
Quaoar,26,277.24281453269526,-15.214696306491168,tno-rate
Quaoar,27,277.24281118279185,-15.214694216014022,tno-rate
Quaoar,28,277.24280783288845,-15.214692125536878,tno-rate
Quaoar,29,277.24280448298504,-15.214690035059732,tno-rate
Quaoar,30,277.2428011330816,-15.214687944582586,tno-rate
Sedna,-30,58.69152445694225,8.285783922010488,tno-rate
Sedna,-20,58.6916013314949,8.285809943047804,tno-rate
Sedna,-15,58.69163976877123,8.285822953566461,tno-rate
Sedna,-10,58.69167820604756,8.285835964085118,tno-rate
Sedna,-5,58.691716643323886,8.285848974603777,tno-rate
Sedna,-2,58.691739705689685,8.28585678091497,tno-rate
Sedna,-1,58.69174739314495,8.285859383018703,tno-rate
Sedna,0,58.69175508060022,8.285861985122434,tno-rate
Sedna,1,58.69176276805548,8.285864587226165,tno-rate
Sedna,2,58.69177045551075,8.285867189329897,tno-rate
Sedna,3,58.691778142966015,8.285869791433628,tno-rate
Sedna,4,58.69178583042128,8.28587239353736,tno-rate
Sedna,5,58.69179351787655,8.285874995641091,tno-rate
Sedna,6,58.691801205331814,8.285877597744824,tno-rate
Sedna,7,58.69180889278708,8.285880199848554,tno-rate
Sedna,8,58.691816580242346,8.285882801952287,tno-rate
Sedna,9,58.691824267697605,8.285885404056017,tno-rate
Sedna,10,58.69183195515287,8.28588800615975,tno-rate
Sedna,11,58.69183964260814,8.28589060826348,tno-rate
Sedna,12,58.6918473300634,8.285893210367211,tno-rate
Sedna,13,58.69185501751867,8.285895812470944,tno-rate
Sedna,14,58.691862704973936,8.285898414574675,tno-rate
Sedna,15,58.6918703924292,8.285901016678407,tno-rate
Sedna,16,58.69187807988447,8.285903618782138,tno-rate
Sedna,17,58.691885767339734,8.28590622088587,tno-rate
Sedna,18,58.691893454795,8.285908822989601,tno-rate
Sedna,19,58.691901142250266,8.285911425093333,tno-rate
Sedna,20,58.69190882970553,8.285914027197064,tno-rate
Sedna,21,58.6919165171608,8.285916629300797,tno-rate
Sedna,22,58.691924204616065,8.285919231404527,tno-rate
Sedna,23,58.69193189207133,8.28592183350826,tno-rate
Sedna,24,58.6919395795266,8.28592443561199,tno-rate
Sedna,25,58.691947266981856,8.285927037715721,tno-rate
Sedna,26,58.69195495443712,8.285929639819454,tno-rate
Sedna,27,58.69196264189239,8.285932241923184,tno-rate
Sedna,28,58.691970329347654,8.285934844026917,tno-rate
Sedna,29,58.69197801680292,8.285937446130648,tno-rate
Sedna,30,58.69198570425819,8.28594004823438,tno-rate
Transpluto,-30,154.31565624484665,10.640230811124471,engine
Transpluto,-20,154.31562324042946,10.640243326469577,engine
Transpluto,-15,154.31560674038127,10.640249583319086,engine
Transpluto,-10,154.3155902417763,10.640255839618606,engine
Transpluto,-5,154.3155737446103,10.640262095369705,engine
Transpluto,-2,154.31556384700394,10.640265848556195,engine
Transpluto,-1,154.31556054791702,10.640267099574379,engine
Transpluto,0,154.3155572488878,10.640268350570626,engine
Transpluto,1,154.31555394991634,10.640269601544837,engine
Transpluto,2,154.31555065100244,10.640270852497126,engine
Transpluto,3,154.3155473521462,10.640272103427414,engine
Transpluto,4,154.31554405334757,10.640273354335703,engine
Transpluto,5,154.31554075460667,10.640274605222007,engine
Transpluto,6,154.31553745592123,10.64027585608717,engine
Transpluto,7,154.3155341572956,10.640277106929508,engine
Transpluto,8,154.31553085872764,10.64027835774987,engine
Transpluto,9,154.31552756021733,10.640279608548212,engine
Transpluto,10,154.31552426176478,10.640280859324614,engine
Transpluto,11,154.31552096336975,10.640282110079003,engine
Transpluto,12,154.3155176650324,10.6402833608114,engine
Transpluto,13,154.31551436675272,10.640284611521793,engine
Transpluto,14,154.31551106853072,10.640285862210204,engine
Transpluto,15,154.31550777036645,10.640287112876619,engine
Transpluto,16,154.3155044722598,10.640288363521053,engine
Transpluto,17,154.31550117420858,10.640289614144303,engine
Transpluto,18,154.31549787621725,10.640290864744738,engine
Transpluto,19,154.3154945782836,10.640292115323156,engine
Transpluto,20,154.31549128040757,10.640293365879625,engine
Transpluto,21,154.31548798258925,10.640294616414055,engine
Transpluto,22,154.3154846848286,10.640295866926467,engine
Transpluto,23,154.31548138712552,10.640297117416914,engine
Transpluto,24,154.3154780894802,10.640298367885341,engine
Transpluto,25,154.31547479189257,10.640299618331765,engine
Transpluto,26,154.31547149436258,10.64030086875618,engine
Transpluto,27,154.31546819689027,10.640302119158608,engine
Transpluto,28,154.31546489947567,10.640303369539007,engine
Transpluto,29,154.31546160211644,10.640304619898238,engine
Transpluto,30,154.31545830481713,10.64030587023462,engine
Part_of_Fortune,-30,355.5152844133546,-18.168188561182262,engine
Part_of_Fortune,-20,357.28257006705326,-18.817235268279475,engine
Part_of_Fortune,-15,358.16404849315296,-19.14530385249831,engine
Part_of_Fortune,-10,359.04415234692806,-19.475656901594355,engine
Part_of_Fortune,-5,359.9229317210275,-19.808234289288897,engine
Part_of_Fortune,-2,0.44958347363944995,-20.008822930729195,engine
Part_of_Fortune,-1,0.6250339088300052,-20.075856609675665,engine
Part_of_Fortune,0,0.8004346324495373,-20.142974794821477,engine
Part_of_Fortune,1,0.9757861952829217,-20.210177032255274,engine
Part_of_Fortune,2,1.1510889703898783,-20.27746282285849,engine
Part_of_Fortune,3,1.3263433278061711,-20.344831665716203,engine
Part_of_Fortune,4,1.5015496370472192,-20.412283059056232,engine
Part_of_Fortune,5,1.676708442087488,-20.479816543636744,engine
Part_of_Fortune,6,1.8518198712105232,-20.54743157157487,engine
Part_of_Fortune,7,2.026884230737153,-20.6151275905413,engine
Part_of_Fortune,8,2.201902000476366,-20.682904138639415,engine
Part_of_Fortune,9,2.3768735401946515,-20.75076070697272,engine
Part_of_Fortune,10,2.551799386331254,-20.818696829937156,engine
Part_of_Fortune,11,2.72667954122295,-20.886711907691005,engine
Part_of_Fortune,12,2.901514538068227,-20.95480547199724,engine
Part_of_Fortune,13,3.07630473017889,-21.02297700867134,engine
Part_of_Fortune,14,3.2510504705031735,-21.091226002690043,engine
Part_of_Fortune,15,3.425752286253328,-21.15955198127931,engine
Part_of_Fortune,16,3.6004101732199842,-21.22795433866197,engine
Part_of_Fortune,17,3.77502477261919,-21.2964326454036,engine
Part_of_Fortune,18,3.9495961971316547,-21.36498628939877,engine
Part_of_Fortune,19,4.124125084981188,-21.433614838470028,engine
Part_of_Fortune,20,4.298611426051252,-21.502317681738646,engine
Part_of_Fortune,21,4.473055738556241,-21.57109433855355,engine
Part_of_Fortune,22,4.647458540193952,-21.63994432726988,engine
Part_of_Fortune,23,4.821819816229549,-21.708867033090048,engine
Part_of_Fortune,24,4.996140080989903,-21.77786197157681,engine
Part_of_Fortune,25,5.170419670307922,-21.846928613015322,engine
Part_of_Fortune,26,5.344659096596729,-21.916066470685752,engine
Part_of_Fortune,27,5.518858338805217,-21.985274924429525,engine
Part_of_Fortune,28,5.693017906649629,-22.054553484984368,engine
Part_of_Fortune,29,5.867138424017639,-22.1239017077967,engine
Part_of_Fortune,30,6.041219633357798,-22.193318876372146,engine
Part_of_Spirit,-30,308.8195163256205,41.05212882974576,engine
Part_of_Spirit,-20,310.3464529084314,40.47642103724232,engine
Part_of_Spirit,-15,311.10770805522395,40.18523792721708,engine
Part_of_Spirit,-10,311.86757121441485,39.89191489940873,engine
Part_of_Spirit,-5,312.6261034766684,39.59651247718902,engine
Part_of_Spirit,-2,313.08060901669717,39.418298385149996,engine
Part_of_Spirit,-1,313.2320112114603,39.35873459139334,engine
Part_of_Spirit,0,313.38336462632844,39.29909201151262,engine
Part_of_Spirit,1,313.53466954871203,39.23937118915511,engine
Part_of_Spirit,2,313.68592644255887,39.179572624372206,engine
Part_of_Spirit,3,313.83713576883554,39.11969681891533,engine
Part_of_Spirit,4,313.98829798791394,39.05974427528584,engine
Part_of_Spirit,5,314.13941338038387,38.99971554177489,engine
Part_of_Spirit,6,314.29048285775787,38.93961099488427,engine
Part_of_Spirit,7,314.44150649513443,38.87943126573303,engine
Part_of_Spirit,8,314.5924848469492,38.819176821530405,engine
Part_of_Spirit,9,314.7434183637432,38.75884817133453,engine
Part_of_Spirit,10,314.89430731848404,38.698445869083244,engine
Part_of_Spirit,11,315.04515251253224,38.637970337964944,engine
Part_of_Spirit,12,315.19595421555465,38.5774221343507,engine
Part_of_Spirit,13,315.3467128714673,38.51680177214714,engine
Part_of_Spirit,14,315.49742892378555,38.45610976598943,engine
Part_of_Spirit,15,315.64810263619347,38.39534667623836,engine
Part_of_Spirit,16,315.7987348030997,38.33451293180684,engine
Part_of_Spirit,17,315.9493257860372,38.27360905460942,engine
Part_of_Spirit,18,316.0998758202445,38.21263564576408,engine
Part_of_Spirit,19,316.25038526424333,38.15159322954106,engine
Part_of_Spirit,20,316.4008549062259,38.09048223974973,engine
Part_of_Spirit,21,316.5512850006911,38.02930324387518,engine
Part_of_Spirit,22,316.70167580155055,37.96805681016318,engine
Part_of_Spirit,23,316.8520280922654,37.906743376176166,engine
Part_of_Spirit,24,317.00234212317855,37.84536351278319,engine
Part_of_Spirit,25,317.1526183203096,37.78391774803194,engine
Part_of_Spirit,26,317.30285693212,37.72240665468463,engine
Part_of_Spirit,27,317.45305873536984,37.660830675473726,engine
Part_of_Spirit,28,317.6032239757394,37.599190385486395,engine
Part_of_Spirit,29,317.7533529970448,37.537486319986606,engine
Part_of_Spirit,30,317.9034463714099,37.47571900766718,engine
Ascendant,-30,152.16740036948755,11.441970134281751,engine
Ascendant,-20,153.81451148774232,10.82959288448142,engine
Ascendant,-15,154.63587827418846,10.519967037359384,engine
Ascendant,-10,155.45586178067143,10.208128998907188,engine
Ascendant,-5,156.27451759884795,9.894139093950061,engine
Ascendant,-2,156.76509624516834,9.704737727210398,engine
Ascendant,-1,156.92852256014518,9.641438990858838,engine
Ascendant,0,157.09189962938896,9.57805860834557,engine
Ascendant,1,157.25522787199745,9.514597078449915,engine
Ascendant,2,157.41850770647437,9.451054900756859,engine
Ascendant,3,157.58173954832085,9.387432576599561,engine
Ascendant,4,157.74492381248058,9.323730608114804,engine
Ascendant,5,157.90806091123568,9.259949499069071,engine
Ascendant,6,158.0711513644842,9.196089711654702,engine
Ascendant,7,158.2341953629358,9.132151837595869,engine
Ascendant,8,158.3971934237128,9.068136341445493,engine
Ascendant,9,158.5601459519689,9.004043732180904,engine
Ascendant,10,158.72305335240765,8.939874519573042,engine
Ascendant,11,158.8859160268776,8.875629215136971,engine
Ascendant,12,159.04873437681144,8.81130833117673,engine
Ascendant,13,159.2115088008231,8.746912381737902,engine
Ascendant,14,159.37423969714436,8.682441881649693,engine
Ascendant,15,159.5369274612234,8.617897347479524,engine
Ascendant,16,159.69957248815982,8.553279296572438,engine
Ascendant,17,159.86217527932817,8.488588204602912,engine
Ascendant,18,160.0247360086881,8.423824678182655,engine
Ascendant,19,160.18725517461226,8.358989195535516,engine
Ascendant,20,160.34973316613858,8.294082279005544,engine
Ascendant,21,160.51217036962368,8.229104452660813,engine
Ascendant,22,160.67456717087225,8.164056241446653,engine
Ascendant,23,160.83692395424748,8.098938171543058,engine
Ascendant,24,160.99924110208423,8.03375077060319,engine
Ascendant,25,161.16151899530877,7.96849456750831,engine
Ascendant,26,161.3237580143584,7.903170091999439,engine
Ascendant,27,161.4859585370875,7.837777875522098,engine
Ascendant,28,161.6481209411945,7.772318450251013,engine
Ascendant,29,161.81024571053123,7.706792306094951,engine
Ascendant,30,161.97233300238386,7.641200065647518,engine
Midheaven,-30,46.97097596546405,17.58253894867314,engine
Midheaven,-20,49.47551202624509,18.237405809023105,engine
Midheaven,-15,50.72779030984633,18.55093247972223,engine
Midheaven,-10,51.980078126212746,18.855089183164015,engine
Midheaven,-5,53.232377978733155,19.149809351385827,engine
Midheaven,-2,53.98376438053054,19.32208623564775,engine
Midheaven,-1,54.23422771486959,19.378749886392622,engine
Midheaven,0,54.484691678254855,19.435031811221982,engine
Midheaven,1,54.73515628661855,19.4909315795662,engine
Midheaven,2,54.98562155770451,19.546448769183456,engine
Midheaven,3,55.23608750734512,19.60158296523255,engine
Midheaven,4,55.48655415318222,19.656333761001626,engine
Midheaven,5,55.7370215114088,19.710700757093417,engine
Midheaven,6,55.987489766122486,19.764683597710878,engine
Midheaven,7,56.23795859841974,19.818281826218758,engine
Midheaven,8,56.48842819321581,19.87149510204336,engine
Midheaven,9,56.73889856601384,19.92432305522733,engine
Midheaven,10,56.98936973411872,19.97676532335407,engine
Midheaven,11,57.23984171291357,20.028821550668727,engine
Midheaven,12,57.49031451958098,20.080491388763694,engine
Midheaven,13,57.74078816937939,20.13177449571173,engine
Midheaven,14,57.99126267936402,20.182670536740947,engine
Midheaven,15,58.24173806466346,20.23317918338019,engine
Midheaven,16,58.49221434220069,20.283300114123247,engine
Midheaven,17,58.7426916949348,20.33303304680634,engine
Midheaven,18,58.9931698037222,20.38237760612245,engine
Midheaven,19,59.24364885138174,20.431333522891027,engine
Midheaven,20,59.4941288545574,20.479900501040913,engine
Midheaven,21,59.744609827959366,20.528078250273254,engine
Midheaven,22,59.995091787619536,20.57586648660521,engine
Midheaven,23,60.245574749494644,20.623264932007437,engine
Midheaven,24,60.496058728534805,20.67027331414168,engine
Midheaven,25,60.746543739612285,20.716891366452682,engine
Midheaven,26,60.99702979891673,20.763118828337486,engine
Midheaven,27,61.24751692069667,20.80895544445413,engine
Midheaven,28,61.498005120980935,20.85440096532252,engine
Midheaven,29,61.74849458182818,20.899455176638664,engine
Midheaven,30,61.99898498269055,20.944117779195167,engine
Vertex,-30,300.38029843187115,-20.50435607953489,engine
Vertex,-20,303.4565203280862,-19.88341856314457,engine
Vertex,-15,305.0161992565987,-19.54633839339489,engine
Vertex,-10,306.5903446610547,-19.191068531372835,engine
Vertex,-5,308.17899500603306,-18.81729256055357,engine
Vertex,-2,309.13915404735343,-18.58402014178035,engine
Vertex,-1,309.46036846136826,-18.504748009199925,engine
Vertex,0,309.78216337175036,-18.424714965369017,engine
Vertex,1,310.10453858834916,-18.3439189287818,engine
Vertex,2,310.4274938784646,-18.262357863971065,engine
Vertex,3,310.7510289614902,-18.18002978417254,engine
Vertex,4,311.0751435131499,-18.09693275159468,engine
Vertex,5,311.399837160732,-18.013064879985475,engine
Vertex,6,311.7251097026417,-17.928424278680154,engine
Vertex,7,312.05096023618455,-17.84300928136767,engine
Vertex,8,312.37738846453385,-17.75681810740278,engine
Vertex,9,312.7043938222588,-17.669849090373983,engine
Vertex,10,313.03197569694953,-17.582100622065294,engine
Vertex,11,313.36013342381153,-17.49357115534845,engine
Vertex,12,313.6888662899921,-17.404259204494863,engine
Vertex,13,314.0181735291647,-17.31416334812136,engine
Vertex,14,314.34805432587996,-17.22328222950776,engine
Vertex,15,314.6785078101422,-17.131614559594055,engine
Vertex,16,315.00953306178627,-17.0391591173014,engine
Vertex,17,315.3411293275989,-16.945914689786104,engine
Vertex,18,315.67329513589505,-16.851880323401502,engine
Vertex,19,316.00602962524954,-16.757054951625786,engine
Vertex,20,316.33933165986633,-16.661437644963605,engine
Vertex,21,316.67320004630665,-16.5650275518197,engine
Vertex,22,317.00763353732924,-16.467823898996507,engine
Vertex,23,317.3426308295537,-16.369825993965527,engine
Vertex,24,317.6781905617356,-16.27103322698859,engine
Vertex,25,318.0143113155362,-16.17144507252077,engine
Vertex,26,318.3509916169385,-16.071061090413785,engine
Vertex,27,318.6882299314202,-15.969880928985098,engine
Vertex,28,319.0260246685119,-15.867904325299877,engine
Vertex,29,319.3643744034236,-15.765131039267333,engine
Vertex,30,319.70327697307545,-15.661561130301633,engine
Algol,-30,47.03562722586157,40.955175514803734,engine
Algol,-20,47.03562684830256,40.95517676205869,engine
Algol,-15,47.035626608125234,40.95517738472777,engine
Algol,-10,47.03562633373131,40.955178006262216,engine
Algol,-5,47.03562602517765,40.95517862629113,engine
Algol,-2,47.0356258236786,40.95517899743163,engine
Algol,-1,47.03562575378843,40.95517912098125,engine
Algol,0,47.035625682537564,40.955179244444,engine
Algol,1,47.03562560992677,40.95517936781694,engine
Algol,2,47.035625535956854,40.955179491097084,engine
Algol,3,47.03562546062863,40.955179614281526,engine
Algol,4,47.03562538394294,40.95517973736732,engine
Algol,5,47.035625305900645,40.95517986035148,engine
Algol,6,47.03562522650263,40.955179983231154,engine
Algol,7,47.035625145749904,40.955180106003276,engine
Algol,8,47.03562506364333,40.95518022866496,engine
Algol,9,47.03562498018395,40.955180351213265,engine
Algol,10,47.03562489537272,40.955180473645264,engine
Algol,11,47.03562480921069,40.955180595958005,engine
Algol,12,47.03562472169891,40.955180718148604,engine
Algol,13,47.03562463283846,40.955180840214084,engine
Algol,14,47.035624542630444,40.95518096215156,engine
Algol,15,47.03562445107598,40.955181083958074,engine
Algol,16,47.03562435817628,40.955181205630716,engine
Algol,17,47.03562426393239,40.95518132716667,engine
Algol,18,47.03562416834568,40.955181448562826,engine
Algol,19,47.03562407141734,40.95518156981638,engine
Algol,20,47.0356239731486,40.95518169092439,engine
Algol,21,47.035623873540786,40.95518181188399,engine
Algol,22,47.03562377259516,40.955181932692234,engine
Algol,23,47.03562367031309,40.955182053346256,engine
Algol,24,47.03562356669593,40.95518217384313,engine
Algol,25,47.03562346174508,40.95518229417997,engine
Algol,26,47.03562335546195,40.9551824143539,engine
Algol,27,47.03562324784797,40.95518253436201,engine
Algol,28,47.03562313890461,40.9551826542014,engine
Algol,29,47.0356230286333,40.9551827738693,engine
Algol,30,47.03562291703569,40.95518289336266,engine
Pleiades,-30,56.86619778848306,24.104031006651958,engine
Pleiades,-20,56.866197808719924,24.104031849912293,engine
Pleiades,-15,56.86619777667654,24.104032273636385,engine
Pleiades,-10,56.866197716423656,24.104032698449053,engine
Pleiades,-5,56.86619762790193,24.104033124119287,engine
Pleiades,-2,56.86619756120025,24.104033379836682,engine
Pleiades,-1,56.8661975366998,24.104033465117237,engine
Pleiades,0,56.866197511065614,24.10403355041541,engine
Pleiades,1,56.86619748429752,24.104033635729348,engine
Pleiades,2,56.86619745639532,24.104033721057192,engine
Pleiades,3,56.86619742735883,24.104033806397084,engine
Pleiades,4,56.86619739718792,24.104033891747182,engine
Pleiades,5,56.86619736588245,24.10403397710561,engine
Pleiades,6,56.866197333442294,24.10403406247059,engine
Pleiades,7,56.866197299867416,24.104034147840128,engine
Pleiades,8,56.866197265157716,24.104034233212435,engine
Pleiades,9,56.86619722931317,24.104034318585658,engine
Pleiades,10,56.86619719233376,24.10403440395793,engine
Pleiades,11,56.866197154219485,24.104034489327407,engine
Pleiades,12,56.866197114970355,24.10403457469222,engine
Pleiades,13,56.86619707458644,24.104034660050523,engine
Pleiades,14,56.866197033067785,24.10403474540044,engine
Pleiades,15,56.86619699041451,24.104034830740137,engine
Pleiades,16,56.8661969466267,24.10403491606774,engine
Pleiades,17,56.866196901704456,24.104035001381472,engine
Pleiades,18,56.866196855648035,24.104035086679335,engine
Pleiades,19,56.86619680845751,24.104035171959545,engine
Pleiades,20,56.866196760133136,24.10403525722026,engine
Pleiades,21,56.866196710675155,24.104035342459596,engine
Pleiades,22,56.86619666008373,24.104035427675715,engine
Pleiades,23,56.86619660835919,24.104035512866776,engine
Pleiades,24,56.86619655550178,24.104035598030894,engine
Pleiades,25,56.86619650151184,24.104035683166245,engine
Pleiades,26,56.86619644638968,24.10403576827095,engine
Pleiades,27,56.86619639013565,24.104035853343188,engine
Pleiades,28,56.86619633275013,24.104035938381077,engine
Pleiades,29,56.86619627423347,24.10403602338285,engine
Pleiades,30,56.866196214586154,24.104036108346524,engine
Capella,-30,79.16812358599088,45.99684309633916,engine
Capella,-20,79.1681245824077,45.99684436052636,engine
Capella,-15,79.16812503222774,45.996845006580145,engine
Capella,-10,79.16812544925556,45.996845661466,engine
Capella,-5,79.1681258331109,45.99684632482284,engine
Capella,-2,79.16812604734902,45.9968467267511,engine
Capella,-1,79.1681261160655,45.99684686136192,engine
Capella,0,79.16812618342925,45.99684699628516,engine
Capella,1,79.16812624943753,45.99684713151785,engine
Capella,2,79.16812631408764,45.99684726705706,engine
Capella,3,79.16812637737691,45.996847402899775,engine
Capella,4,79.16812643930264,45.996847539043024,engine
Capella,5,79.16812649986223,45.996847675483835,engine
Capella,6,79.16812655905309,45.99684781221927,engine
Capella,7,79.16812661687258,45.99684794924616,engine
Capella,8,79.16812667331818,45.9968480865616,engine
Capella,9,79.16812672838738,45.99684822416258,engine
Capella,10,79.16812678207768,45.99684836204605,engine
Capella,11,79.16812683438657,45.99684850020901,engine
Capella,12,79.16812688531162,45.99684863864845,engine
Capella,13,79.16812693485043,45.99684877736132,engine
Capella,14,79.16812698300058,45.99684891634458,engine
Capella,15,79.16812702975972,45.99684905559518,engine
Capella,16,79.16812707512551,45.99684919511008,engine
Capella,17,79.16812711909566,45.99684933488633,engine
Capella,18,79.1681271616678,45.99684947492066,engine
Capella,19,79.16812720283971,45.996849615210124,engine
Capella,20,79.1681272426092,45.99684975575162,engine
Capella,21,79.16812728097402,45.99684989654211,engine
Capella,22,79.16812731793198,45.99685003757851,engine
Capella,23,79.16812735348095,45.99685017885772,engine
Capella,24,79.1681273876188,45.99685032037667,engine
Capella,25,79.16812742034342,45.99685046213225,engine
Capella,26,79.16812745165277,45.99685060412138,engine
Capella,27,79.16812748154477,45.99685074634095,engine
Capella,28,79.16812751001741,45.99685088878785,engine
Capella,29,79.16812753706871,45.99685103145907,engine
Capella,30,79.1681275626967,45.99685117435131,engine
Sirius,-30,101.28184639953862,-16.727023767933492,engine
Sirius,-20,101.28184771132943,-16.727024005326182,engine
Sirius,-15,101.28184834235515,-16.727024132904752,engine
Sirius,-10,101.28184895618368,-16.727024266270256,engine
Sirius,-5,101.28184955236246,-16.72702440531836,engine
Sirius,-2,101.28184990141261,-16.72702449143043,engine
Sirius,-1,101.28185001629872,-16.727024520576443,engine
Sirius,0,101.28185013044708,-16.727024549941966,engine
Sirius,1,101.28185024385424,-16.727024579526137,engine
Sirius,2,101.28185035651671,-16.72702460932805,engine
Sirius,3,101.28185046843112,-16.72702463934683,engine
Sirius,4,101.28185057959402,-16.72702466958155,engine
Sirius,5,101.28185069000202,-16.727024700031322,engine
Sirius,6,101.28185079965179,-16.727024730695256,engine
Sirius,7,101.28185090853984,-16.72702476157241,engine
Sirius,8,101.28185101666287,-16.72702479266187,engine
Sirius,9,101.28185112401756,-16.72702482396273,engine
Sirius,10,101.28185123060057,-16.727024855474067,engine
Sirius,11,101.28185133640858,-16.727024887194936,engine
Sirius,12,101.28185144143829,-16.727024919124432,engine
Sirius,13,101.28185154568645,-16.72702495126159,engine
Sirius,14,101.28185164914974,-16.727024983605503,engine
Sirius,15,101.28185175182496,-16.727025016155206,engine
Sirius,16,101.28185185370886,-16.727025048909752,engine
Sirius,17,101.28185195479824,-16.727025081868206,engine
Sirius,18,101.28185205508981,-16.72702511502959,engine
Sirius,19,101.28185215458043,-16.727025148392947,engine
Sirius,20,101.28185225326693,-16.727025181957323,engine
Sirius,21,101.28185235114614,-16.72702521572175,engine
Sirius,22,101.28185244821492,-16.727025249685248,engine
Sirius,23,101.28185254447014,-16.727025283846856,engine
Sirius,24,101.28185263990866,-16.727025318205584,engine
Sirius,25,101.28185273452743,-16.72702535276047,engine
Sirius,26,101.28185282832334,-16.727025387510498,engine
Sirius,27,101.28185292129332,-16.727025422454695,engine
Sirius,28,101.28185301343431,-16.727025457592063,engine
Sirius,29,101.28185310474338,-16.72702549292164,engine
Sirius,30,101.28185319521732,-16.72702552844237,engine
Procyon,-30,114.82058510168916,5.217061278474676,engine
Procyon,-20,114.82058661979846,5.2170614881746324,engine
Procyon,-15,114.82058736281392,5.217061596190333,engine
Procyon,-10,114.82058809444865,5.21706170628639,engine
Procyon,-5,114.82058881419373,5.217061818439022,engine
Procyon,-2,114.82058924012391,5.217061886707467,engine
Procyon,-1,114.82058938109054,5.217061909625206,engine
Procyon,0,114.82058952154547,5.217061932623399,engine
Procyon,1,114.82058966148476,5.217061955701835,engine
Procyon,2,114.82058980090443,5.217061978860304,engine
Procyon,3,114.8205899398006,5.21706200209859,engine
Procyon,4,114.82059007816926,5.2170620254164835,engine
Procyon,5,114.82059021600654,5.217062048813766,engine
Procyon,6,114.8205903533086,5.217062072290241,engine
Procyon,7,114.82059049007141,5.217062095845654,engine
Procyon,8,114.8205906262911,5.217062119479801,engine
Procyon,9,114.8205907619638,5.217062143192463,engine
Procyon,10,114.82059089708568,5.217062166983413,engine
Procyon,11,114.82059103165285,5.217062190852431,engine
Procyon,12,114.82059116566148,5.2170622147992916,engine
Procyon,13,114.82059129910773,5.217062238823764,engine
Procyon,14,114.82059143198778,5.217062262925621,engine
Procyon,15,114.82059156429779,5.217062287104633,engine
Procyon,16,114.82059169603396,5.217062311360565,engine
Procyon,17,114.82059182719259,5.217062335693208,engine
Procyon,18,114.82059195776975,5.2170623601022825,engine
Procyon,19,114.82059208776171,5.2170623845875825,engine
Procyon,20,114.82059221716474,5.2170624091488556,engine
Procyon,21,114.8205923459751,5.217062433785875,engine
Procyon,22,114.82059247418898,5.217062458498393,engine
Procyon,23,114.82059260180276,5.2170624832861705,engine
Procyon,24,114.82059272881264,5.217062508148961,engine
Procyon,25,114.82059285521495,5.217062533086526,engine
Procyon,26,114.82059298100602,5.217062558098614,engine
Procyon,27,114.82059310618214,5.217062583184978,engine
Procyon,28,114.82059323073966,5.217062608345372,engine
Procyon,29,114.82059335467495,5.217062633579557,engine
Procyon,30,114.8205934779843,5.21706265888725,engine
Alkaid,-30,206.89206025168048,49.31203426077193,engine
Alkaid,-20,206.8920615876354,49.312033171592255,engine
Alkaid,-15,206.89206231077085,49.312032638099474,engine
Alkaid,-10,206.89206307022653,49.31203211253194,engine
Alkaid,-5,206.8920638656421,49.31203159528017,engine
Alkaid,-2,206.8920643599956,49.31203128908176,engine
Alkaid,-1,206.89206452761218,49.31203118772617,engine
Alkaid,0,206.89206469663955,49.312031086730926,engine
Alkaid,1,206.89206486707448,49.31203098609912,engine
Alkaid,2,206.89206503891367,49.312030885833764,engine
Alkaid,3,206.8920652121539,49.31203078593789,engine
Alkaid,4,206.89206538679193,49.31203068641454,engine
Alkaid,5,206.8920655628243,49.31203058726671,engine
Alkaid,6,206.89206574024794,49.31203048849735,engine
Alkaid,7,206.89206591905918,49.31203039010961,engine
Alkaid,8,206.89206609925466,49.31203029210641,engine
Alkaid,9,206.89206628083105,49.31203019449073,engine
Alkaid,10,206.8920664637849,49.31203009726558,engine
Alkaid,11,206.89206664811263,49.3120300004339,engine
Alkaid,12,206.89206683381084,49.31202990399868,engine
Alkaid,13,206.89206702087594,49.31202980796288,engine
Alkaid,14,206.89206720930443,49.312029712329426,engine
Alkaid,15,206.89206739909267,49.31202961710129,engine
Alkaid,16,206.89206759023705,49.3120295222814,engine
Alkaid,17,206.89206778273407,49.31202942787261,engine
Alkaid,18,206.89206797657985,49.312029333877994,engine
Alkaid,19,206.8920681717708,49.31202924030037,engine
Alkaid,20,206.8920683683032,49.31202914714266,engine
Alkaid,21,206.89206856617332,49.312029054407766,engine
Alkaid,22,206.89206876537736,49.31202896209856,engine
Alkaid,23,206.89206896591162,49.31202887021793,engine
Alkaid,24,206.8920691677722,49.312028778768735,engine
Alkaid,25,206.89206937095526,49.31202868775385,engine
Alkaid,26,206.892069575457,49.31202859717616,engine
Alkaid,27,206.89206978127345,49.312028507038455,engine
Alkaid,28,206.89206998840075,49.31202841734362,engine
Alkaid,29,206.89207019683505,49.31202832809439,engine
Alkaid,30,206.89207040657217,49.31202823929374,engine
Algorab,-30,187.4697960220597,-16.518759047618026,engine
Algorab,-20,187.46979741477062,-16.51875859188822,engine
Algorab,-15,187.46979814140647,-16.51875837141159,engine
Algorab,-10,187.46979888769806,-16.51875815602036,engine
Algorab,-5,187.4697996532355,-16.51875794583127,engine
Algorab,-2,187.46980012162174,-16.51875782226254,engine
Algorab,-1,187.46980027924076,-16.518757781502497,engine
Algorab,0,187.4698004375992,-16.518757740958712,engine
Algorab,1,187.46980059669355,-16.518757700632058,engine
Algorab,2,187.46980075652039,-16.51875766052343,engine
Algorab,3,187.4698009170762,-16.518757620633696,engine
Algorab,4,187.46980107835756,-16.518757580963747,engine
Algorab,5,187.4698012403609,-16.518757541514425,engine
Algorab,6,187.4698014030828,-16.51875750228659,engine
Algorab,7,187.4698015665195,-16.51875746328115,engine
Algorab,8,187.4698017306676,-16.518757424498943,engine
Algorab,9,187.4698018955235,-16.518757385940805,engine
Algorab,10,187.46980206108358,-16.518757347607593,engine
Algorab,11,187.46980222734433,-16.51875730950015,engine
Algorab,12,187.46980239430212,-16.518757271619315,engine
Algorab,13,187.4698025619533,-16.51875723396591,engine
Algorab,14,187.46980273029422,-16.51875719654079,engine
Algorab,15,187.4698028993213,-16.51875715934477,engine
Algorab,16,187.46980306903083,-16.51875712237867,engine
Algorab,17,187.46980323941926,-16.51875708564328,engine
Algorab,18,187.46980341048268,-16.518757049139467,engine
Algorab,19,187.46980358221754,-16.51875701286802,engine
Algorab,20,187.46980375462007,-16.51875697682973,engine
Algorab,21,187.46980392768657,-16.518756941025412,engine
Algorab,22,187.4698041014133,-16.51875690545584,engine
Algorab,23,187.46980427579652,-16.518756870121834,engine
Algorab,24,187.46980445083244,-16.518756835024156,engine
Algorab,25,187.46980462651732,-16.5187568001636,engine
Algorab,26,187.46980480284734,-16.51875676554093,engine
Algorab,27,187.46980497981875,-16.518756731156937,engine
Algorab,28,187.4698051574277,-16.51875669701238,engine
Algorab,29,187.4698053356705,-16.518756663107993,engine
Algorab,30,187.46980551454305,-16.518756629444585,engine
Spica,-30,201.30328695279067,-11.163609247592092,engine
Spica,-20,201.30328799089753,-11.163608839514856,engine
Spica,-15,201.30328854497182,-11.163608639036207,engine
Spica,-10,201.30328912202546,-11.163608441060495,engine
Spica,-5,201.303289721769,-11.163608245683378,engine
Spica,-2,201.3032900923816,-11.163608129743814,engine
Spica,-1,201.30329021769882,-11.163608091316233,engine
Spica,0,201.3032903439017,-11.163608052999367,engine
Spica,1,201.30329047098778,-11.163608014793954,engine
Spica,2,201.30329059895445,-11.163607976700739,engine
Spica,3,201.30329072779918,-11.16360793872045,engine
Spica,4,201.3032908575194,-11.163607900853822,engine
Spica,5,201.3032909881125,-11.163607863101593,engine
Spica,6,201.303291119576,-11.163607825464469,engine
Spica,7,201.30329125190704,-11.163607787943223,engine
Spica,8,201.3032913851031,-11.163607750538558,engine
Spica,9,201.30329151916155,-11.163607713251201,engine
Spica,10,201.30329165407966,-11.163607676081869,engine
Spica,11,201.30329178985477,-11.163607639031278,engine
Spica,12,201.30329192648415,-11.163607602100154,engine
Spica,13,201.3032920639651,-11.163607565289203,engine
Spica,14,201.3032922022949,-11.163607528599144,engine
Spica,15,201.30329234147075,-11.163607492030685,engine
Spica,16,201.30329248148988,-11.163607455584527,engine
Spica,17,201.30329262234963,-11.163607419261362,engine
Spica,18,201.30329276404697,-11.163607383061938,engine
Spica,19,201.30329290657923,-11.16360734698692,engine
Spica,20,201.3032930499435,-11.163607311037017,engine
Spica,21,201.30329319413698,-11.163607275212927,engine
Spica,22,201.30329333915677,-11.163607239515338,engine
Spica,23,201.303293485,-11.163607203944942,engine
Spica,24,201.30329363166376,-11.16360716850243,engine
Spica,25,201.30329377914515,-11.16360713318848,engine
Spica,26,201.30329392744125,-11.163607098003785,engine
Spica,27,201.30329407654907,-11.163607062949024,engine
Spica,28,201.30329422646565,-11.163607028024872,engine
Spica,29,201.3032943771882,-11.163606993231983,engine
Spica,30,201.3032945287134,-11.163606958571073,engine
Arcturus,-30,213.91367969338214,19.16800209083075,engine
Arcturus,-20,213.91368040099368,19.168001663747425,engine
Arcturus,-15,213.91368079448364,19.168001453495517,engine
Arcturus,-10,213.91368121421033,19.168001245674482,engine
Arcturus,-5,213.9136816599937,19.168001040461093,engine
Arcturus,-2,213.91368193989118,19.16800091865784,engine
Arcturus,-1,213.913682035252,19.16800087828594,engine
Arcturus,0,213.9136821316409,19.16800083803095,engine
Arcturus,1,213.91368222905618,19.16800079789427,engine
Arcturus,2,213.91368232749613,19.16800075787728,engine
Arcturus,3,213.91368242695907,19.168000717981368,engine
Arcturus,4,213.91368252744326,19.168000678207914,engine
Arcturus,5,213.91368262894687,19.16800063855829,engine
Arcturus,6,213.9136827314683,19.168000599033864,engine
Arcturus,7,213.91368283500552,19.16800055963606,engine
Arcturus,8,213.91368293955688,19.168000520366217,engine
Arcturus,9,213.91368304512045,19.16800048122571,engine
Arcturus,10,213.9136831516944,19.168000442215913,engine
Arcturus,11,213.91368325927687,19.168000403338176,engine
Arcturus,12,213.91368336786596,19.168000364593887,engine
Arcturus,13,213.91368347745976,19.168000325984384,engine
Arcturus,14,213.91368358805633,19.168000287511035,engine
Arcturus,15,213.91368369965372,19.168000249175194,engine
Arcturus,16,213.91368381224996,19.168000210978217,engine
Arcturus,17,213.91368392584315,19.168000172921413,engine
Arcturus,18,213.9136840404311,19.168000135006213,engine
Arcturus,19,213.91368415601187,19.168000097233907,engine
Arcturus,20,213.9136842725834,19.168000059605845,engine
Arcturus,21,213.91368439014366,19.168000022123373,engine
Arcturus,22,213.91368450869052,19.167999984787826,engine
Arcturus,23,213.91368462822192,19.167999947600528,engine
Arcturus,24,213.91368474873568,19.167999910562813,engine
Arcturus,25,213.9136848702297,19.167999873676028,engine
Arcturus,26,213.9136849927018,19.167999836941462,engine
Arcturus,27,213.91368511614982,19.167999800360477,engine
Arcturus,28,213.91368524057154,19.167999763934375,engine
Arcturus,29,213.91368536596488,19.167999727664434,engine
Arcturus,30,213.91368549232735,19.167999691552037,engine
Alphecca,-30,233.67814216364016,26.71137691413494,engine
Alphecca,-20,233.6781422543858,26.711376231815677,engine
Alphecca,-15,233.678142343101,26.711375889214064,engine
Alphecca,-10,233.67814246076787,26.71137554598922,engine
Alphecca,-5,233.67814260741184,26.711375202394933,engine
Alphecca,-2,233.6781427093126,26.71137499616681,engine
Alphecca,-1,233.6781427455987,26.71137492742437,engine
Alphecca,0,233.67814278304436,26.711374858685442,engine
Alphecca,1,233.67814282164957,26.711374789952092,engine
Alphecca,2,233.67814286141416,26.71137472122631,engine
Alphecca,3,233.678142902338,26.71137465251016,engine
Alphecca,4,233.67814294442104,26.711374583805664,engine
Alphecca,5,233.67814298766314,26.711374515114848,engine
Alphecca,6,233.67814303206404,26.711374446439695,engine
Alphecca,7,233.6781430776236,26.711374377782352,engine
Alphecca,8,233.6781431243415,26.7113743091448,engine
Alphecca,9,233.67814317221766,26.711374240529054,engine
Alphecca,10,233.67814322125173,26.711374171937162,engine
Alphecca,11,233.67814327144342,26.711374103371135,engine
Alphecca,12,233.67814332279244,26.711374034833035,engine
Alphecca,13,233.67814337529845,26.711373966324853,engine
Alphecca,14,233.67814342896114,26.71137389784864,engine
Alphecca,15,233.67814348378005,26.711373829406423,engine
Alphecca,16,233.67814353975487,26.711373761000225,engine
Alphecca,17,233.67814359688512,26.71137369263203,engine
Alphecca,18,233.67814365517043,26.71137362430396,engine
Alphecca,19,233.6781437146102,26.711373556017993,engine
Alphecca,20,233.6781437752041,26.71137348777613,engine
Alphecca,21,233.67814383695153,26.711373419580443,engine
Alphecca,22,233.67814389985202,26.711373351432908,engine
Alphecca,23,233.67814396390494,26.711373283335572,engine
Alphecca,24,233.67814402910983,26.711373215290447,engine
Alphecca,25,233.67814409546602,26.711373147299568,engine
Alphecca,26,233.67814416297284,26.711373079364936,engine
Alphecca,27,233.67814423162972,26.71137301148859,engine
Alphecca,28,233.678144301436,26.711372943672508,engine
Alphecca,29,233.67814437239105,26.7113728759187,engine
Alphecca,30,233.67814444449408,26.711372808229264,engine
Vega,-30,279.2386727850432,38.78081816999717,engine
Vega,-20,279.2386712328339,38.78081746079512,engine
Vega,-15,279.23867048866424,38.78081708747754,engine
Vega,-10,279.23866976652096,38.78081670198943,engine
Vega,-5,279.2386690669429,38.780816304568354,engine
Vega,-2,279.23866865824783,38.780816060488974,engine
Vega,-1,279.2386685238831,38.78081597820322,engine
Vega,0,279.2386683904587,38.78081589545782,engine
Vega,1,279.2386682579788,38.780815812254794,engine
Vega,2,279.2386681264475,38.78081572859614,engine
Vega,3,279.2386679958688,38.78081564448388,engine
Vega,4,279.2386678662467,38.78081555992007,engine
Vega,5,279.2386677375854,38.78081547490676,engine
Vega,6,279.23866760988864,38.780815389445905,engine
Vega,7,279.2386674831607,38.780815303539725,engine
Vega,8,279.23866735740546,38.78081521719021,engine
Vega,9,279.2386672326268,38.78081513039946,engine
Vega,10,279.2386671088288,38.780815043169525,engine
Vega,11,279.23866698601523,38.78081495550253,engine
Vega,12,279.23866686419,38.78081486740058,engine
Vega,13,279.2386667433571,38.78081477886579,engine
Vega,14,279.2386666235203,38.78081468990024,engine
Vega,15,279.2386665046835,38.78081460050611,engine
Vega,16,279.2386663868504,38.78081451068551,engine
Vega,17,279.2386662700249,38.78081442044052,engine
Vega,18,279.2386661542109,38.780814329773435,engine
Vega,19,279.2386660394119,38.78081423868635,engine
Vega,20,279.2386659256319,38.78081414718142,engine
Vega,21,279.2386658128745,38.780814055260834,engine
Vega,22,279.23866570114336,38.78081396292678,engine
Vega,23,279.2386655904423,38.780813870181454,engine
Vega,24,279.2386654807749,38.780813777027035,engine
Vega,25,279.2386653721448,38.78081368346575,engine
Vega,26,279.23866526455566,38.78081358949983,engine
Vega,27,279.2386651580111,38.78081349513149,engine
Vega,28,279.23866505251465,38.78081340036293,engine
Vega,29,279.23866494806987,38.780813305196354,engine
Vega,30,279.2386648446804,38.78081320963416,engine
Deneb Algedi,-30,326.7593567631225,-16.12975368262838,engine
Deneb Algedi,-20,326.759354917089,-16.129753563889437,engine
Deneb Algedi,-15,326.7593539886833,-16.129753493878592,engine
Deneb Algedi,-10,326.75935305746606,-16.12975341674916,engine
Deneb Algedi,-5,326.7593521240244,-16.129753332487102,engine
Deneb Algedi,-2,326.7593515631367,-16.129753278501667,engine
Deneb Algedi,-1,326.75935137606524,-16.129753259934745,engine
Deneb Algedi,0,326.7593511889473,-16.12975324108184,engine
Deneb Algedi,1,326.7593510017874,-16.129753221942913,engine
Deneb Algedi,2,326.7593508145904,-16.12975320251792,engine
Deneb Algedi,3,326.75935062736096,-16.129753182806812,engine
Deneb Algedi,4,326.75935044010384,-16.129753162809585,engine
Deneb Algedi,5,326.7593502528237,-16.129753142526194,engine
Deneb Algedi,6,326.75935006552515,-16.129753121956618,engine
Deneb Algedi,7,326.75934987821324,-16.12975310110086,engine
Deneb Algedi,8,326.7593496908925,-16.129753079958906,engine
Deneb Algedi,9,326.7593495035677,-16.129753058530746,engine
Deneb Algedi,10,326.7593493162434,-16.12975303681639,engine
Deneb Algedi,11,326.7593491289245,-16.129753014815847,engine
Deneb Algedi,12,326.75934894161566,-16.12975299252912,engine
Deneb Algedi,13,326.7593487543216,-16.129752969956243,engine
Deneb Algedi,14,326.759348567047,-16.129752947097227,engine
Deneb Algedi,15,326.7593483797967,-16.12975292395211,engine
Deneb Algedi,16,326.7593481925753,-16.129752900520934,engine
Deneb Algedi,17,326.7593480053874,-16.129752876803714,engine
Deneb Algedi,18,326.75934781823804,-16.129752852800518,engine
Deneb Algedi,19,326.7593476311318,-16.129752828511407,engine
Deneb Algedi,20,326.7593474440733,-16.129752803936423,engine
Deneb Algedi,21,326.75934725706736,-16.129752779075638,engine
Deneb Algedi,22,326.7593470701186,-16.12975275392911,engine
Deneb Algedi,23,326.7593468832319,-16.129752728496918,engine
Deneb Algedi,24,326.7593466964118,-16.129752702779143,engine
Deneb Algedi,25,326.7593465096631,-16.129752676775862,engine
Deneb Algedi,26,326.7593463229904,-16.129752650487184,engine
Deneb Algedi,27,326.75934613639856,-16.12975262391318,engine
Deneb Algedi,28,326.75934594989224,-16.129752597053965,engine
Deneb Algedi,29,326.759345763476,-16.129752569909638,engine
Deneb Algedi,30,326.75934557715476,-16.129752542480325,engine
Rigel,-30,78.63103655663335,-8.204192351569114,engine
Rigel,-20,78.63103723861659,-8.204192458670686,engine
Rigel,-15,78.63103754546293,-8.2041925150069,engine
Rigel,-10,78.63103782917767,-8.204192573106617,engine
Rigel,-5,78.6310380894987,-8.2041926328987,engine
Rigel,-2,78.6310382343574,-8.20419266955637,engine
Rigel,-1,78.63103828074294,-8.204192681902523,engine
Rigel,0,78.63103832617495,-8.204192694311168,engine
Rigel,1,78.63103837065151,-8.204192706781722,engine
Rigel,2,78.63103841417083,-8.204192719313596,engine
Rigel,3,78.63103845673102,-8.204192731906208,engine
Rigel,4,78.63103849833026,-8.204192744558968,engine
Rigel,5,78.63103853896673,-8.204192757271285,engine
Rigel,6,78.6310385786387,-8.204192770042583,engine
Rigel,7,78.63103861734432,-8.204192782872251,engine
Rigel,8,78.63103865508188,-8.204192795759695,engine
Rigel,9,78.63103869184962,-8.20419280870434,engine
Rigel,10,78.63103872764586,-8.204192821705577,engine
Rigel,11,78.63103876246889,-8.204192834762813,engine
Rigel,12,78.63103879631703,-8.204192847875458,engine
Rigel,13,78.63103882918863,-8.204192861042904,engine
Rigel,14,78.63103886108202,-8.204192874264562,engine
Rigel,15,78.6310388919956,-8.204192887539822,engine
Rigel,16,78.63103892192777,-8.20419290086809,engine
Rigel,17,78.63103895087696,-8.204192914248774,engine
Rigel,18,78.63103897884156,-8.204192927681245,engine
Rigel,19,78.63103900582006,-8.204192941164912,engine
Rigel,20,78.63103903181091,-8.204192954699176,engine
Rigel,21,78.63103905681261,-8.204192968283422,engine
Rigel,22,78.63103908082368,-8.204192981917044,engine
Rigel,23,78.63103910384264,-8.204192995599438,engine
Rigel,24,78.63103912586804,-8.204193009329993,engine
Rigel,25,78.63103914689846,-8.204193023108104,engine
Rigel,26,78.63103916693245,-8.204193036933152,engine
Rigel,27,78.63103918596866,-8.204193050804525,engine
Rigel,28,78.63103920400569,-8.204193064721622,engine
Rigel,29,78.63103922104219,-8.204193078683826,engine
Rigel,30,78.63103923707679,-8.204193092690513,engine
Betelgeuse,-30,88.79044103653851,7.405728517245055,engine
Betelgeuse,-20,88.79044199905886,7.4057288382052295,engine
Betelgeuse,-15,88.79044245017832,7.4057290018290685,engine
Betelgeuse,-10,88.79044288072457,7.405729167471929,engine
Betelgeuse,-5,88.79044329035047,7.405729335075045,engine
Betelgeuse,-2,88.79044352594346,7.405729436553006,engine
Betelgeuse,-1,88.79044360276148,7.40572947052878,engine
Betelgeuse,0,88.79044367871867,7.405729504578639,engine
Betelgeuse,1,88.79044375381244,7.4057295387020945,engine
Betelgeuse,2,88.79044382804022,7.40572957289866,engine
Betelgeuse,3,88.79044390139947,7.4057296071678405,engine
Betelgeuse,4,88.79044397388763,7.405729641509145,engine
Betelgeuse,5,88.79044404550223,7.405729675922082,engine
Betelgeuse,6,88.79044411624076,7.405729710406177,engine
Betelgeuse,7,88.79044418610067,7.405729744960885,engine
Betelgeuse,8,88.79044425507955,7.405729779585737,engine
Betelgeuse,9,88.79044432317495,7.405729814280231,engine
Betelgeuse,10,88.79044439038441,7.40572984904387,engine
Betelgeuse,11,88.79044445670554,7.405729883876147,engine
Betelgeuse,12,88.79044452213594,7.405729918776563,engine
Betelgeuse,13,88.7904445866732,7.40572995374461,engine
Betelgeuse,14,88.79044465031498,7.405729988779786,engine
Betelgeuse,15,88.79044471305895,7.405730023881582,engine
Betelgeuse,16,88.79044477490274,7.405730059049493,engine
Betelgeuse,17,88.7904448358441,7.405730094283026,engine
Betelgeuse,18,88.79044489588064,7.4057301295816345,engine
Betelgeuse,19,88.79044495501013,7.4057301649448215,engine
Betelgeuse,20,88.79044501323031,7.4057302003720755,engine
Betelgeuse,21,88.79044507053892,7.405730235862885,engine
Betelgeuse,22,88.79044512693378,7.405730271416725,engine
Betelgeuse,23,88.79044518241263,7.405730307033092,engine
Betelgeuse,24,88.79044523697328,7.405730342711459,engine
Betelgeuse,25,88.79044529061359,7.405730378451314,engine
Betelgeuse,26,88.79044534333138,7.405730414252128,engine
Betelgeuse,27,88.79044539512454,7.405730450113386,engine
Betelgeuse,28,88.7904454459909,7.405730486034562,engine
Betelgeuse,29,88.79044549592844,7.405730522015163,engine
Betelgeuse,30,88.79044554493497,7.405730558054607,engine
Polaris,-30,37.57149705321034,89.26479487837013,engine
Polaris,-20,37.57145261042278,89.26479656207181,engine
Polaris,-15,37.57142742293247,89.26479739615932,engine
Polaris,-10,37.57140027053621,89.2647982243326,engine
Polaris,-5,37.57137116376961,89.26479904604139,engine
Polaris,-2,37.57135276635255,89.26479953573575,engine
Polaris,-1,37.57134647889817,89.26479969838589,engine
Polaris,0,37.57134011411945,89.26479986073811,engine
Polaris,1,37.571333672118676,89.26480002278808,engine
Polaris,2,37.57132715299955,89.26480018453147,engine
Polaris,3,37.571320556867306,89.26480034596393,engine
Polaris,4,37.571313883828594,89.26480050708116,engine
Polaris,5,37.571307133991596,89.26480066787886,engine
Polaris,6,37.57130030746129,89.26480082835278,engine
Polaris,7,37.57129340435801,89.26480098849841,engine
Polaris,8,37.57128642478968,89.26480114831158,engine
Polaris,9,37.571279368870364,89.26480130778799,engine
Polaris,10,37.571272236715565,89.26480146692333,engine
Polaris,11,37.57126502844222,89.26480162571337,engine
Polaris,12,37.57125774416871,89.26480178415378,engine
Polaris,13,37.571250384014974,89.26480194224034,engine
Polaris,14,37.571242948102274,89.26480209996878,engine
Polaris,15,37.571235436553415,89.26480225733482,engine
Polaris,16,37.57122784949259,89.26480241433424,engine
Polaris,17,37.57122018704031,89.26480257096291,engine
Polaris,18,37.57121244933397,89.26480272721638,engine
Polaris,19,37.57120463649705,89.26480288309051,engine
Polaris,20,37.57119674865947,89.2648030385811,engine
Polaris,21,37.571188785952714,89.26480319368396,engine
Polaris,22,37.571180748509654,89.26480334839488,engine
Polaris,23,37.57117263646456,89.26480350270964,engine
Polaris,24,37.57116444995316,89.26480365662407,engine
Polaris,25,37.57115618911265,89.26480381013398,engine
Polaris,26,37.571147854081566,89.26480396323522,engine
Polaris,27,37.57113944499993,89.26480411592362,engine
Polaris,28,37.57113096200916,89.26480426819501,engine
Polaris,29,37.57112240524635,89.26480442004534,engine
Polaris,30,37.57111377486719,89.26480457147028,engine
Castor,-30,113.64746765472673,31.888445043287685,engine
Castor,-20,113.64746941526845,31.888445657964333,engine
Castor,-15,113.64747027587848,31.888445983783885,engine
Castor,-10,113.64747112258229,31.888446321747242,engine
Castor,-5,113.64747195478917,31.888446671714437,engine
Castor,-2,113.64747244691145,31.88844688739614,engine
Castor,-1,113.6474726097241,31.88844696023312,engine
Castor,0,113.64747277191499,31.888447033539595,engine
Castor,1,113.64747293347956,31.888447107314363,engine
Castor,2,113.6474730944132,31.888447181556174,engine
Castor,3,113.64747325471137,31.888447256263778,engine
Castor,4,113.64747341436951,31.88844733143592,engine
Castor,5,113.64747357338308,31.888447407071343,engine
Castor,6,113.64747373174765,31.88844748316881,engine
Castor,7,113.6474738894585,31.888447559726924,engine
Castor,8,113.64747404651122,31.888447636744488,engine
Castor,9,113.64747420290131,31.88844771422016,engine
Castor,10,113.64747435862432,31.888447792152665,engine
Castor,11,113.64747451367576,31.88844787054063,engine
Castor,12,113.64747466805116,31.888447949382773,engine
Castor,13,113.64747482174613,31.88844802867776,engine
Castor,14,113.6474749747562,31.888448108424228,engine
Castor,15,113.64747512707697,31.88844818862083,engine
Castor,16,113.64747527870404,31.888448269266206,engine
Castor,17,113.64747542963312,31.88844835035905,engine
Castor,18,113.64747557985964,31.888448431897853,engine
Castor,19,113.64747572937931,31.888448513881293,engine
Castor,20,113.64747587818782,31.888448596307963,engine
Castor,21,113.64747602628081,31.888448679176488,engine
Castor,22,113.647476173654,31.88844876248543,engine
Castor,23,113.64747632030303,31.888448846233374,engine
Castor,24,113.64747646622362,31.888448930418893,engine
Castor,25,113.64747661141152,31.888449015040557,engine
Castor,26,113.64747675586244,31.888449100096892,engine
Castor,27,113.64747689957213,31.888449185586467,engine
Castor,28,113.64747704253637,31.888449271507817,engine
Castor,29,113.64747718475101,31.888449357859518,engine
Castor,30,113.64747732621166,31.888449444639992,engine
Altair,-30,297.6993780763004,8.86792664450506,engine
Altair,-20,297.6993765009264,8.867926645856945,engine
Altair,-15,297.6993757275838,8.867926640903754,engine
Altair,-10,297.6993749645129,8.867926632240662,engine
Altair,-5,297.6993742122388,8.867926619901999,engine
Altair,-2,297.6993737662735,8.86792661074949,engine
Altair,-1,297.699373618543,8.867926607408883,engine
Altair,0,297.69937347128183,8.8679266039239,engine
Altair,1,297.6993733244939,8.86792660029485,engine
Altair,2,297.6993731781833,8.867926596522041,engine
Altair,3,297.6993730323542,8.867926592605798,engine
Altair,4,297.6993728870106,8.867926588546414,engine
Altair,5,297.69937274215664,8.867926584344227,engine
Altair,6,297.69937259779624,8.867926579999557,engine
Altair,7,297.6993724539336,8.867926575512726,engine
Altair,8,297.69937231057276,8.867926570884068,engine
Altair,9,297.6993721677176,8.867926566113907,engine
Altair,10,297.69937202537227,8.867926561202578,engine
Altair,11,297.6993718835408,8.867926556150412,engine
Altair,12,297.69937174222696,8.867926550957758,engine
Altair,13,297.69937160143496,8.867926545624949,engine
Altair,14,297.6993714611687,8.86792654015233,engine
Altair,15,297.6993713214321,8.867926534540251,engine
Altair,16,297.6993711822293,8.867926528789056,engine
Altair,17,297.69937104356393,8.867926522899095,engine
Altair,18,297.69937090544016,8.86792651687074,engine
Altair,19,297.6993707678619,8.867926510704326,engine
Altair,20,297.6993706308331,8.867926504400229,engine
Altair,21,297.6993704943575,8.867926497958805,engine
Altair,22,297.69937035843907,8.867926491380421,engine
Altair,23,297.69937022308176,8.867926484665443,engine
Altair,24,297.6993700882894,8.86792647781424,engine
Altair,25,297.69936995406584,8.867926470827191,engine
Altair,26,297.6993698204149,8.867926463704665,engine
Altair,27,297.6993696873405,8.867926456447044,engine
Altair,28,297.6993695548464,8.867926449054707,engine
Altair,29,297.69936942293634,8.867926441528034,engine
Altair,30,297.69936929161435,8.867926433867423,engine
Bellatrix,-30,81.27947479354657,6.348087499054362,engine
Bellatrix,-20,81.27947554861936,6.348087805097729,engine
Bellatrix,-15,81.27947589307765,6.3480879603528635,engine
Bellatrix,-10,81.27947621508694,6.348088117024602,engine
Bellatrix,-5,81.27947651436304,6.34808827505788,engine
Bellatrix,-2,81.27947668290253,6.348088370508196,engine
Bellatrix,-1,81.27947673723186,6.348088402427337,engine
Bellatrix,0,81.27947679063247,6.348088434396905,engine
Bellatrix,1,81.27947684310227,6.348088466416451,engine
Bellatrix,2,81.27947689463925,6.348088498485523,engine
Bellatrix,3,81.27947694524133,6.34808853060366,engine
Bellatrix,4,81.27947699490655,6.348088562770412,engine
Bellatrix,5,81.2794770436329,6.34808859498532,engine
Bellatrix,6,81.27947709141843,6.348088627247949,engine
Bellatrix,7,81.27947713826113,6.3480886595577966,engine
Bellatrix,8,81.27947718415908,6.348088691914423,engine
Bellatrix,9,81.27947722911038,6.34808872431737,engine
Bellatrix,10,81.27947727311313,6.348088756766178,engine
Bellatrix,11,81.27947731616541,6.348088789260379,engine
Bellatrix,12,81.2794773582654,6.348088821799517,engine
Bellatrix,13,81.27947739941122,6.348088854383126,engine
Bellatrix,14,81.27947743960107,6.348088887010738,engine
Bellatrix,15,81.2794774788331,6.348088919681892,engine
Bellatrix,16,81.27947751710558,6.348088952396116,engine
Bellatrix,17,81.27947755441669,6.348088985152972,engine
Bellatrix,18,81.27947759076466,6.348089017951945,engine
Bellatrix,19,81.27947762614777,6.348089050792585,engine
Bellatrix,20,81.27947766056432,6.348089083674427,engine
Bellatrix,21,81.2794776940126,6.348089116596999,engine
Bellatrix,22,81.27947772649091,6.348089149559825,engine
Bellatrix,23,81.27947775799761,6.348089182562444,engine
Bellatrix,24,81.27947778853105,6.348089215604374,engine
Bellatrix,25,81.2794778180896,6.348089248685145,engine
Bellatrix,26,81.27947784667165,6.348089281804284,engine
Bellatrix,27,81.27947787427563,6.348089314961314,engine
Bellatrix,28,81.27947790089995,6.348089348155758,engine
Bellatrix,29,81.27947792654308,6.348089381387165,engine
Bellatrix,30,81.27947795120346,6.348089414655012,engine
