body,minute,ra,dec,source
Aldebaran,-30,68.97636189966974,16.507169449284355,engine
Aldebaran,-20,68.9763612853476,16.507170073504806,engine
Aldebaran,-15,68.97636093968485,16.507170384726397,engine
Aldebaran,-10,68.97636056842238,16.507170695151263,engine
Aldebaran,-5,68.97636017162641,16.50717100462674,engine
Aldebaran,-2,68.97635992132498,16.507171189792906,engine
Aldebaran,-1,68.976359835858,16.507171251421152,engine
Aldebaran,0,68.97635974937563,16.507171313000462,engine
Aldebaran,1,68.97635966187866,16.507171374529644,engine
Aldebaran,2,68.97635957336787,16.507171436007468,engine
Aldebaran,3,68.97635948384406,16.507171497432733,engine
Aldebaran,4,68.97635939330807,16.50717155880422,engine
Aldebaran,5,68.97635930176072,16.507171620120726,engine
Aldebaran,6,68.97635920920281,16.507171681381102,engine
Aldebaran,7,68.97635911563538,16.50717174258403,engine
Aldebaran,8,68.97635902105922,16.507171803728365,engine
Aldebaran,9,68.97635892547528,16.5071718648129,engine
Aldebaran,10,68.9763588288845,16.50717192583643,engine
Aldebaran,11,68.97635873128783,16.507171986797754,engine
Aldebaran,12,68.97635863268624,16.507172047695683,engine
Aldebaran,13,68.97635853308073,16.507172108528987,engine
Aldebaran,14,68.97635843247235,16.507172169296492,engine
Aldebaran,15,68.97635833086208,16.507172229997003,engine
Aldebaran,16,68.97635822825103,16.507172290629317,engine
Aldebaran,17,68.97635812464016,16.50717235119228,engine
Aldebaran,18,68.97635802003072,16.507172411684618,engine
Aldebaran,19,68.97635791442376,16.50717247210519,engine
Aldebaran,20,68.97635780782039,16.507172532452792,engine
Aldebaran,21,68.97635770022178,16.50717259272625,engine
Aldebaran,22,68.97635759162908,16.507172652924364,engine
Aldebaran,23,68.97635748204351,16.507172713045954,engine
Aldebaran,24,68.97635737146625,16.507172773089835,engine
Aldebaran,25,68.97635725989853,16.507172833054824,engine
Aldebaran,26,68.9763571473416,16.507172892939735,engine
Aldebaran,27,68.97635703379673,16.5071729527434,engine
Aldebaran,28,68.9763569192652,16.507173012464627,engine
Aldebaran,29,68.97635680374823,16.507173072102297,engine
Aldebaran,30,68.9763566872473,16.507173131655136,engine
Antares,-30,247.35644465368628,-26.43248260687041,engine
Antares,-20,247.35644536925247,-26.43248171279914,engine
Antares,-15,247.3564457681491,-26.432481267578435,engine
Antares,-10,247.3564461943592,-26.43248082388652,engine
Antares,-5,247.35644664779494,-26.432480381961472,engine
Antares,-2,247.3564469328832,-26.43248011775338,engine
Antares,-1,247.35644703007847,-26.432480029853203,engine
Antares,0,247.35644712835517,-26.432479942040757,engine
Antares,1,247.3564472277124,-26.43247985431795,engine
Antares,2,247.35644732814907,-26.432479766686654,engine
Antares,3,247.35644742966423,-26.43247967914876,engine
Antares,4,247.35644753225694,-26.43247959170615,engine
Antares,5,247.356447635926,-26.432479504360696,engine
Antares,6,247.35644774067057,-26.432479417114237,engine
Antares,7,247.35644784648937,-26.43247932996876,engine
Antares,8,247.3564479533814,-26.43247924292606,engine
Antares,9,247.3564480613455,-26.43247915598804,engine
Antares,10,247.35644817038056,-26.432479069156553,engine
Antares,11,247.3564482804854,-26.43247898243347,engine
Antares,12,247.3564483916589,-26.432478895820676,engine
Antares,13,247.3564485038998,-26.432478809320013,engine
Antares,14,247.35644861720687,-26.432478722933354,engine
Antares,15,247.3564487315789,-26.432478636662562,engine
Antares,16,247.35644884701466,-26.43247855050949,engine
Antares,17,247.35644896351283,-26.43247846447593,engine
Antares,18,247.3564490810721,-26.432478378563864,engine
Antares,19,247.3564491996911,-26.432478292775087,engine
Antares,20,247.35644931936858,-26.43247820711143,engine
Antares,21,247.35644944010315,-26.432478121574754,engine
Antares,22,247.35644956189338,-26.432478036166916,engine
Antares,23,247.35644968473792,-26.43247795088973,engine
Antares,24,247.3564498086353,-26.43247786574505,engine
Antares,25,247.35644993358412,-26.43247778073471,engine
Antares,26,247.35645005958287,-26.43247769586054,engine
Antares,27,247.35645018663016,-26.43247761112439,engine
Antares,28,247.35645031472438,-26.432477526528064,engine
Antares,29,247.3564504438641,-26.432477442073353,engine
Antares,30,247.35645057404767,-26.432477357762174,engine
Ceres,-30,78.06632689018886,25.491713103846614,engine
Ceres,-20,78.06914726459395,25.49211046602255,engine
Ceres,-15,78.07055742182308,25.49230899124506,engine
Ceres,-10,78.07196756583777,25.49250741208236,engine
Ceres,-5,78.0733777020997,25.492705728258677,engine
Ceres,-2,78.0742237820902,25.492824667588128,engine
Ceres,-1,78.07450580863637,25.49286430560251,engine
Ceres,0,78.07478783533037,25.49290393943586,engine
Ceres,1,78.07506986212249,25.49294356906247,engine
Ceres,2,78.07535188905443,25.49298319448083,engine
Ceres,3,78.0756339161679,25.49302281568947,engine
Ceres,4,78.07591594350465,25.493062432687033,engine
Ceres,5,78.0761979711064,25.493102045472195,engine
Ceres,6,78.07647999920407,25.49314165407027,engine
Ceres,7,78.07676202736977,25.493181258402878,engine
Ceres,8,78.0770440560172,25.493220858543697,engine
Ceres,9,78.07732608509676,25.493260454467624,engine
Ceres,10,78.07760811465026,25.493300046173673,engine
Ceres,11,78.07789014471958,25.49333963366098,engine
Ceres,12,78.07817217534648,25.493379216928716,engine
Ceres,13,78.07845420648148,25.493418795952024,engine
Ceres,14,78.07873623834917,25.493458370778495,engine
Ceres,15,78.0790182709,25.493497941383424,engine
Ceres,16,78.07930030417586,25.49353750776625,engine
Ceres,17,78.07958233840775,25.49357706995305,engine
Ceres,18,78.07986437325931,25.493616627890404,engine
Ceres,19,78.08014640887018,25.493656181580384,engine
Ceres,20,78.08042844546495,25.49369573107104,engine
Ceres,21,78.08071048299415,25.493735276338025,engine
Ceres,22,78.08099252149971,25.493774817381283,engine
Ceres,23,78.08127456093209,25.493814354176617,engine
Ceres,24,78.08155660151596,25.493853886772353,engine
Ceres,25,78.08183864320183,25.493893415144505,engine
Ceres,26,78.08212068603163,25.49393293929319,engine
Ceres,27,78.08240273004716,25.49397245921874,engine
Ceres,28,78.08268477519904,25.494011974897315,engine
Ceres,29,78.08296682190094,25.494051486404068,engine
Ceres,30,78.08324886972515,25.494090993662354,engine
Chiron,-30,11.203608912523803,6.9256402187854835,engine
Chiron,-20,11.203974179647476,6.92579043583908,engine
Chiron,-15,11.20415683825462,6.9258655364025,engine
Chiron,-10,11.204339514628819,6.925940631712604,engine
Chiron,-5,11.204522209630301,6.926015721842863,engine
Chiron,-2,11.204631835888069,6.926060773449284,engine
Chiron,-1,11.204668379556804,6.926075790243019,engine
Chiron,0,11.204704924023465,6.926090806832163,engine
Chiron,1,11.204741469302506,6.926105823219546,engine
Chiron,2,11.204778015396172,6.926120839404474,engine
Chiron,3,11.204814562310755,6.926135855387429,engine
Chiron,4,11.204851110052529,6.9261508711689,engine
Chiron,5,11.204887658623694,6.926165886748193,engine
Chiron,6,11.204924208063108,6.926180902138234,engine
Chiron,7,11.204960758323919,6.926195917318198,engine
Chiron,8,11.204997309436845,6.926210932298666,engine
Chiron,9,11.205033861404004,6.926225947078952,engine
Chiron,10,11.205070414239685,6.926240961661924,engine
Chiron,11,11.205106967945984,6.9262559760469165,engine
Chiron,12,11.205143522529012,6.926270990234435,engine
Chiron,13,11.205180077990837,6.926286004223825,engine
Chiron,14,11.205216634345666,6.9263010180179645,engine
Chiron,15,11.205253191595517,6.926316031616196,engine
Chiron,16,11.205289749746443,6.9263310450190465,engine
Chiron,17,11.205326308829,6.926346058237112,engine
Chiron,18,11.205362868796106,6.9263610712496115,engine
Chiron,19,11.205399429686402,6.92637608406951,engine
Chiron,20,11.205435991501806,6.9263910966961655,engine
Chiron,21,11.205472554248283,6.9264061091301246,engine
Chiron,22,11.205509117927692,6.9264211213707405,engine
Chiron,23,11.2055456825541,6.926436133420938,engine
Chiron,24,11.205582248129334,6.926451145280083,engine
Chiron,25,11.205618814659278,6.926466156948727,engine
Chiron,26,11.205655382149782,6.926481168427433,engine
Chiron,27,11.205691950602645,6.92649617971558,engine
Chiron,28,11.205728520031794,6.926511190816093,engine
Chiron,29,11.205765090463498,6.926526201738431,engine
Chiron,30,11.20580166185449,6.9265412124630235,engine
Eris,-30,26.38252012771151,-1.066139305756737,tno-rate
Eris,-20,26.382586542657915,-1.0661094718175594,tno-rate
Eris,-15,26.38261975013112,-1.0660945548479706,tno-rate
Eris,-10,26.382652957604325,-1.0660796378783817,tno-rate
Eris,-5,26.382686165077526,-1.0660647209087928,tno-rate
Eris,-2,26.38270608956145,-1.0660557707270395,tno-rate
Eris,-1,26.382712731056092,-1.0660527873331216,tno-rate
Eris,0,26.38271937255073,-1.066049803939204,tno-rate
Eris,1,26.38272601404537,-1.0660468205452862,tno-rate
Eris,2,26.382732655540014,-1.0660438371513683,tno-rate
Eris,3,26.382739297034654,-1.0660408537574506,tno-rate
Eris,4,26.382745938529293,-1.0660378703635327,tno-rate
Eris,5,26.382752580023936,-1.066034886969615,tno-rate
Eris,6,26.382759221518576,-1.0660319035756973,tno-rate
Eris,7,26.382765863013216,-1.0660289201817794,tno-rate
Eris,8,26.38277250450786,-1.0660259367878617,tno-rate
Eris,9,26.3827791460025,-1.066022953393944,tno-rate
Eris,10,26.382785787497138,-1.0660199700000261,tno-rate
Eris,11,26.38279242899178,-1.0660169866061084,tno-rate
Eris,12,26.38279907048642,-1.0660140032121905,tno-rate
Eris,13,26.38280571198106,-1.0660110198182728,tno-rate
Eris,14,26.382812353475703,-1.0660080364243552,tno-rate
Eris,15,26.382818994970343,-1.0660050530304372,tno-rate
Eris,16,26.382825636464982,-1.0660020696365196,tno-rate
Eris,17,26.382832277959626,-1.0659990862426019,tno-rate
Eris,18,26.382838919454265,-1.065996102848684,tno-rate
Eris,19,26.382845560948905,-1.0659931194547663,tno-rate
Eris,20,26.382852202443548,-1.0659901360608484,tno-rate
Eris,21,26.382858843938187,-1.0659871526669307,tno-rate
Eris,22,26.38286548543283,-1.065984169273013,tno-rate
Eris,23,26.38287212692747,-1.065981185879095,tno-rate
Eris,24,26.38287876842211,-1.0659782024851774,tno-rate
Eris,25,26.382885409916753,-1.0659752190912597,tno-rate
Eris,26,26.382892051411392,-1.0659722356973418,tno-rate
Eris,27,26.382898692906032,-1.065969252303424,tno-rate
Eris,28,26.382905334400675,-1.0659662689095062,tno-rate
Eris,29,26.382911975895315,-1.0659632855155885,tno-rate
Eris,30,26.382918617389954,-1.0659603021216708,tno-rate
Fomalhaut,-30,344.41074919418327,-29.623157860234603,engine
Fomalhaut,-20,344.41074710771363,-29.623157542436253,engine
Fomalhaut,-15,344.41074606377646,-29.623157365296727,engine
Fomalhaut,-10,344.4107450202,-29.62315717599592,engine
Fomalhaut,-5,344.41074397760525,-29.623156974540173,engine
Fomalhaut,-2,344.41074335277807,-29.623156847837254,engine
Fomalhaut,-1,344.41074314465374,-29.62315680463214,engine
Fomalhaut,0,344.4107429366134,-29.623156760941832,engine
Fomalhaut,1,344.4107427286619,-29.623156716766534,engine
Fomalhaut,2,344.4107425208043,-29.623156672106408,engine
Fomalhaut,3,344.4107423130456,-29.623156626961627,engine
Fomalhaut,4,344.41074210539057,-29.623156581332395,engine
Fomalhaut,5,344.4107418978444,-29.6231565352189,engine
Fomalhaut,6,344.41074169041167,-29.623156488621344,engine
Fomalhaut,7,344.41074148309775,-29.623156441539976,engine
Fomalhaut,8,344.4107412759074,-29.62315639397501,engine
Fomalhaut,9,344.4107410688456,-29.62315634592668,engine
Fomalhaut,10,344.4107408619172,-29.623156297395248,engine
Fomalhaut,11,344.4107406551272,-29.623156248380933,engine
Fomalhaut,12,344.41074044848057,-29.62315619888404,engine
Fomalhaut,13,344.4107402419822,-29.62315614890482,engine
Fomalhaut,14,344.41074003563693,-29.623156098443562,engine
Fomalhaut,15,344.4107398294499,-29.623156047500554,engine
Fomalhaut,16,344.4107396234258,-29.62315599607611,engine
Fomalhaut,17,344.4107394175696,-29.623155944170502,engine
Fomalhaut,18,344.4107392118863,-29.623155891784123,engine
Fomalhaut,19,344.4107390063809,-29.623155838917253,engine
Fomalhaut,20,344.41073880105813,-29.62315578557024,engine
Fomalhaut,21,344.41073859592296,-29.62315573174342,engine
Fomalhaut,22,344.4107383909804,-29.62315567743718,engine
Fomalhaut,23,344.4107381862351,-29.623155622651858,engine
Fomalhaut,24,344.4107379816922,-29.623155567387837,engine
Fomalhaut,25,344.4107377773565,-29.623155511645518,engine
Fomalhaut,26,344.4107375732328,-29.623155455425277,engine
Fomalhaut,27,344.4107373693261,-29.623155398727512,engine
Fomalhaut,28,344.4107371656412,-29.623155341552657,engine
Fomalhaut,29,344.41073696218297,-29.623155283901077,engine
Fomalhaut,30,344.4107367589564,-29.62315522577328,engine
Juno,-30,328.53101255641764,-4.915671739901169,engine
Juno,-20,328.53335790155285,-4.914866442650759,engine
Juno,-15,328.53453087916216,-4.914463798412019,engine
Juno,-10,328.5357040587456,-4.914061157722512,engine
Juno,-5,328.5368774398936,-4.913658520847781,engine
Juno,-2,328.5375815646706,-4.913416940787549,engine
Juno,-1,328.53781628885525,-4.913336414465612,engine
Juno,0,328.53805102110664,-4.913255888315353,engine
Juno,1,328.5382857613264,-4.913175362351882,engine
Juno,2,328.5385205095052,-4.913094836578341,engine
Juno,3,328.5387552655443,-4.913014311009854,engine
Juno,4,328.5389900296123,-4.912933785625569,engine
Juno,5,328.53922480161015,-4.912853260440592,engine
Juno,6,328.5394595815962,-4.912772735416052,engine
Juno,7,328.53969436942356,-4.912692210639065,engine
Juno,8,328.53992916515017,-4.912611686070744,engine
Juno,9,328.54016396876557,-4.912531161714188,engine
Juno,10,328.54039878016994,-4.912450637584502,engine
Juno,11,328.54063359953057,-4.9123701136608,engine
Juno,12,328.5408684267474,-4.912289589958166,engine
Juno,13,328.54110326180927,-4.912209066479686,engine
Juno,14,328.5413381046157,-4.912128543240448,engine
Juno,15,328.5415729553333,-4.912048020219544,engine
Juno,16,328.5418078138615,-4.911967497432044,engine
Juno,17,328.5420426803458,-4.91188697482703,engine
Juno,18,328.54227755437023,-4.911806452527537,engine
Juno,19,328.5425124362582,-4.911725930458666,engine
Juno,20,328.5427473259084,-4.911645408635454,engine
Juno,21,328.54298222330834,-4.911564887060963,engine
Juno,22,328.54321712835616,-4.911484365750224,engine
Juno,23,328.54345204121745,-4.9114038446822965,engine
Juno,24,328.54368696179006,-4.911323323872225,engine
Juno,25,328.5439218900609,-4.911242803323027,engine
Juno,26,328.5441568259276,-4.911162283049732,engine
Juno,27,328.5443917695548,-4.9110817630313655,engine
Juno,28,328.5446267208399,-4.911001243282953,engine
Juno,29,328.5448616799267,-4.910920723753501,engine
Juno,30,328.54509664648623,-4.910840204554003,engine
Jupiter,-30,355.84156073937095,-2.934916660409012,engine
Jupiter,-20,355.84297455584925,-2.9343201342721135,engine
Jupiter,-15,355.8436816126165,-2.934021874429074,engine
Jupiter,-10,355.8443887697306,-2.9337236169246017,engine
Jupiter,-5,355.84509602829786,-2.9334253618271924,engine
Jupiter,-2,355.84552043245174,-2.9332464100052613,engine
Jupiter,-1,355.84566190874455,-2.9331867595973935,engine
Jupiter,0,355.8458033891252,-2.9331271093097318,engine
Jupiter,1,355.8459448736339,-2.933067459129112,engine
Jupiter,2,355.84608636231087,-2.9330078090423832,engine
Jupiter,3,355.84622785509595,-2.932948159078792,engine
Jupiter,4,355.8463693520291,-2.932888509225201,engine
Jupiter,5,355.8465108531501,-2.9328288594684357,engine
Jupiter,6,355.8466523584936,-2.9327692097977818,engine
Jupiter,7,355.84679386790947,-2.9327095602800717,engine
Jupiter,8,355.8469353815322,-2.932649910862158,engine
Jupiter,9,355.8470768993012,-2.932590261573309,engine
Jupiter,10,355.8472184212559,-2.932530612400378,engine
Jupiter,11,355.8473599474355,-2.9324709633302195,engine
Jupiter,12,355.8475014777793,-2.932411314392103,engine
Jupiter,13,355.84764301232644,-2.9323516655728836,engine
Jupiter,14,355.8477845510825,-2.9322920168735713,engine
Jupiter,15,355.8479260940865,-2.932232368280989,engine
Jupiter,16,355.8480676412773,-2.9321727198244454,engine
Jupiter,17,355.84820919278854,-2.9321130714507952,engine
Jupiter,18,355.84835074846916,-2.9320534232268782,engine
Jupiter,19,355.84849230835255,-2.9319937751419944,engine
Jupiter,20,355.8486338724772,-2.9319341271830117,engine
Jupiter,21,355.84877544088164,-2.9318744793367637,engine
Jupiter,22,355.8489170135041,-2.931814831632561,engine
Jupiter,23,355.8490585903828,-2.931755184057273,engine
Jupiter,24,355.84920017155594,-2.931695536597731,engine
Jupiter,25,355.84934175696156,-2.9316358892832537,engine
Jupiter,26,355.84948334663756,-2.9315762421007094,engine
Jupiter,27,355.8496249406219,-2.9315165950369364,engine
Jupiter,28,355.8497665388523,-2.9314569481212582,engine
Jupiter,29,355.8499081414614,-2.931397301300542,engine
Jupiter,30,355.850049748297,-2.931337654641622,engine
Ketu,-30,229.86219353346087,-18.335213235554363,engine
Ketu,-20,229.86219970294172,-18.335214786815502,engine
Ketu,-15,229.8622031253557,-18.3352156474695,engine
Ketu,-10,229.86220677256247,-18.335216564724472,engine
Ketu,-5,229.8622106443205,-18.335217538519565,engine
Ketu,-2,229.86221307505897,-18.335218149910457,engine
Ketu,-1,229.86221390324042,-18.33521835822337,engine
Ketu,0,229.86221474038638,-18.335218568793476,engine
Ketu,1,229.86221558649504,-18.335218781620313,engine
Ketu,2,229.8622164415644,-18.33521899670338,engine
Ketu,3,229.86221730559248,-18.335219214042183,engine
Ketu,4,229.86221817857714,-18.33521943363617,engine
Ketu,5,229.86221906051665,-18.335219655484913,engine
Ketu,6,229.86221995140957,-18.335219879588045,engine
Ketu,7,229.8622208512527,-18.335220105944757,engine
Ketu,8,229.862221760045,-18.335220334554805,engine
Ketu,9,229.86222267778402,-18.335220565417565,engine
Ketu,10,229.86222360446823,-18.335220798532635,engine
Ketu,11,229.8622245400953,-18.335221033899433,engine
Ketu,12,229.86222548466435,-18.335221271517767,engine
Ketu,13,229.8622264381716,-18.33522151138664,engine
Ketu,14,229.86222740061623,-18.33522175350589,engine
Ketu,15,229.86222837199605,-18.335221997874903,engine
Ketu,16,229.86222935230927,-18.335222244493306,engine
Ketu,17,229.8622303415543,-18.335222493360632,engine
Ketu,18,229.862231339728,-18.335222744476148,engine
Ketu,19,229.862232346829,-18.335222997839463,engine
Ketu,20,229.86223336285553,-18.335223253450152,engine
Ketu,21,229.8622343878054,-18.335223511307657,engine
Ketu,22,229.86223542167687,-18.335223771411545,engine
Ketu,23,229.86223646446786,-18.335224033761293,engine
Ketu,24,229.8622375161763,-18.335224298356362,engine
Ketu,25,229.86223857680042,-18.33522456519633,engine
Ketu,26,229.8622396463387,-18.335224834280798,engine
Ketu,27,229.86224072478797,-18.335225105608988,engine
Ketu,28,229.86224181214692,-18.335225379180535,engine
Ketu,29,229.86224290841454,-18.335225654995224,engine
Ketu,30,229.86224401358677,-18.335225933052005,engine
Mars,-30,334.8313224120809,-11.956511628101406,engine
Mars,-20,334.8363576481511,-11.954681790550048,engine
Mars,-15,334.8388758507947,-11.953766852707286,engine
Mars,-10,334.8413944417966,-11.952851904587591,engine
Mars,-5,334.84391342032853,-11.951936947857433,engine
Mars,-2,334.84542499283515,-11.951387970446227,engine
Mars,-1,334.845928881106,-11.951204977521606,engine
Mars,0,334.84643278477216,-11.95102198438135,engine
Mars,1,334.84693670382103,-11.950838991039461,engine
Mars,2,334.8474406382394,-11.950655997509958,engine
Mars,3,334.8479445880142,-11.950473003806819,engine
Mars,4,334.8484485531316,-11.950290009944055,engine
Mars,5,334.84895253357774,-11.950107015935624,engine
Mars,6,334.8494565298647,-11.949924021601076,engine
Mars,7,334.84996054092545,-11.94974102734317,engine
Mars,8,334.8504645672714,-11.94955803298142,engine
Mars,9,334.85096860888734,-11.949375038529752,engine
Mars,10,334.8514726657579,-11.94919204400207,engine
Mars,11,334.8519767378674,-11.949009049412238,engine
Mars,12,334.8524808251997,-11.94882605477416,engine
Mars,13,334.85298492773836,-11.948643060101672,engine
Mars,14,334.8534890456552,-11.948460065336945,engine
Mars,15,334.85399317855655,-11.94827707063714,engine
Mars,16,334.85449732661357,-11.948094075944423,engine
Mars,17,334.8550014901467,-11.947911081149865,engine
Mars,18,334.855505668462,-11.94772808651265,engine
Mars,19,334.8560098618794,-11.947545091923818,engine
Mars,20,334.8565140703803,-11.947362097397146,engine
Mars,21,334.85701829413426,-11.94717910287463,engine
Mars,22,334.8575225327458,-11.946996108513387,engine
Mars,23,334.8580267863838,-11.946813114255395,engine
Mars,24,334.85853105502855,-11.946630120114344,engine
Mars,25,334.85903533866014,-11.946447126103877,engine
Mars,26,334.85953963725825,-11.946264132237632,engine
Mars,27,334.8600439509907,-11.946081138457512,engine
Mars,28,334.86054827946003,-11.945898144920532,engine
Mars,29,334.8610526231716,-11.945715151445853,engine
Mars,30,334.86155698142767,-11.945532158292428,engine
Mercury,-30,41.27769882391084,17.725472709779293,engine
Mercury,-20,41.289546111613596,17.730179508028854,engine
Mercury,-15,41.29546943851966,17.732531960590354,engine
Mercury,-10,41.301392568677265,17.734883784158786,engine
Mercury,-5,41.30731551488893,17.737234981161926,engine
Mercury,-2,41.310869198670986,17.738645399349515,engine
Mercury,-1,41.31205374652525,17.739115488856093,engine
Mercury,0,41.31323828742487,17.739585553245227,engine
Mercury,1,41.31442282226332,17.74005559293745,engine
Mercury,2,41.31560735072822,17.740525607748754,engine
Mercury,3,41.31679187290889,17.74099559769682,engine
Mercury,4,41.31797638889425,17.74146556279941,engine
Mercury,5,41.31916089877305,17.741935503074416,engine
Mercury,6,41.32034540342789,17.742405418854933,engine
Mercury,7,41.32152990135851,17.74287530952894,engine
Mercury,8,41.322714393045274,17.74334517522829,engine
Mercury,9,41.32389887937917,17.743815016374306,engine
Mercury,10,41.325083360045745,17.744284832783972,engine
Mercury,11,41.326267835132064,17.744754624475885,engine
Mercury,12,41.327452304724744,17.745224391468756,engine
Mercury,13,41.32863676891031,17.745694133781395,engine
Mercury,14,41.32982122777479,17.746163851432733,engine
Mercury,15,41.331005681404065,17.746633544441824,engine
Mercury,16,41.33219012988369,17.74710321282782,engine
Mercury,17,41.33337457369154,17.747572856723533,engine
Mercury,18,41.33455901212722,17.74804247592127,engine
Mercury,19,41.335743445668065,17.74851207055408,engine
Mercury,20,41.33692787439838,17.748981640641556,engine
Mercury,21,41.33811229840219,17.74945118620342,engine
Mercury,22,41.33929671776322,17.749920707259506,engine
Mercury,23,41.340481132564925,17.75039020382975,engine
Mercury,24,41.34166554289034,17.75085967593418,engine
Mercury,25,41.34284994842099,17.751329123391724,engine
Mercury,26,41.34403435004203,17.751798546625167,engine
Mercury,27,41.34521874743425,17.752267945453625,engine
Mercury,28,41.346403140679534,17.752737319897584,engine
Mercury,29,41.34758753065353,17.7532066702923,engine
Mercury,30,41.348771915849206,17.753675996029113,engine
Moon,-30,230.70999474262194,-19.14124193962074,engine
Moon,-20,230.83404621896238,-19.178192576359415,engine
Moon,-15,230.89594109973655,-19.196766745893797,engine
Moon,-10,230.95774221591688,-19.215406238219263,engine
Moon,-5,231.01944439368248,-19.23411049909896,engine
Moon,-2,231.05641616628728,-19.245363923086447,engine
Moon,-1,231.06873165124225,-19.249120194719264,engine
Moon,0,231.08104264486747,-19.25287897376425,engine
Moon,1,231.09334946112793,-19.256640341015103,engine
Moon,2,231.10565170761555,-19.260404206119368,engine
Moon,3,231.1179496983557,-19.264170649678757,engine
Moon,4,231.13024321773892,-19.26793962401421,engine
Moon,5,231.14253205019048,-19.271711081446938,engine
Moon,6,231.1548165182051,-19.275485104865986,engine
Moon,7,231.16709638989707,-19.279261641408088,engine
Moon,8,231.1793714582132,-19.283040645813358,engine
Moon,9,231.19164203757865,-19.286822198182,engine
Moon,10,231.20390791286638,-19.290606250603467,engine
Moon,11,231.21616886899383,-19.294392755174904,engine
Moon,12,231.2284252206518,-19.298181791749133,engine
Moon,13,231.24067675290732,-19.30197331229136,engine
Moon,14,231.2529232509945,-19.305767268799904,engine
Moon,15,231.26516502975525,-19.309563740860334,engine
Moon,16,231.27740187457186,-19.31336268034261,engine
Moon,17,231.28963357912033,-19.317164041669994,engine
Moon,18,231.3018604420475,-19.32096789908043,engine
Moon,19,231.31408225721174,-19.324774206879457,engine
Moon,20,231.32629881036002,-19.328582916830857,engine
Moon,21,231.33851041676627,-19.332394108021944,engine
Moon,22,231.35071686236287,-19.336207732092383,engine
Moon,23,231.36291810962516,-19.340023783108027,engine
Moon,24,231.3751139446761,-19.34384221268285,engine
Moon,25,231.3873046831052,-19.347663099561647,engine
Moon,26,231.39949011120078,-19.351486395252746,engine
Moon,27,231.41167019180398,-19.355312093593383,engine
Moon,28,231.42384471140875,-19.35914014606672,engine
Moon,29,231.43601399408593,-19.362970633645617,engine
Moon,30,231.44817781017466,-19.3668035025477,engine
Neptune,-30,354.82360968265806,-3.471610007569288,engine
Neptune,-20,354.8238165041397,-3.4715233479140952,engine
Neptune,-15,354.8239199353905,-3.471480017765652,engine
Neptune,-10,354.82402338112684,-3.471436687439568,engine
Neptune,-5,354.824126841982,-3.4713933569494064,engine
Neptune,-2,354.8241889259895,-3.47136735859204,engine
Neptune,-1,354.82420962193606,-3.4713586924636783,engine
Neptune,0,354.8242303185325,-3.471350026329661,engine
Neptune,1,354.82425101578104,-3.471341360191212,engine
Neptune,2,354.8242717136839,-3.4713326940495564,engine
Neptune,3,354.8242924122508,-3.4713240279028477,engine
Neptune,4,354.8243131114839,-3.471315361752312,engine
Neptune,5,354.8243338113852,-3.4713066955991834,engine
Neptune,6,354.8243545119784,-3.4712980294358005,engine
Neptune,7,354.8243752132353,-3.4712893632760475,engine
Neptune,8,354.82439591517937,-3.471280697112267,engine
Neptune,9,354.8244166178128,-3.4712720309456944,engine
Neptune,10,354.8244373211375,-3.4712633647775673,engine
Neptune,11,354.8244580251632,-3.471254698606044,engine
Neptune,12,354.82447872989184,-3.4712460324323646,engine
Neptune,13,354.82449943532544,-3.4712373662577685,engine
Neptune,14,354.82452014147356,-3.471228700080416,engine
Neptune,15,354.8245408483382,-3.471220033901552,engine
Neptune,16,354.8245615559213,-3.47121136772242,engine
Neptune,17,354.8245822642463,-3.471202701535374,engine
Neptune,18,354.82460297328726,-3.4711940353532804,engine
Neptune,19,354.82462368306005,-3.4711853691715784,engine
Neptune,20,354.8246443935741,-3.471176702988433,engine
Neptune,21,354.82466510483135,-3.4711680368050972,engine
Neptune,22,354.82468581683355,-3.4711593706228188,engine
Neptune,23,354.8247065295902,-3.471150704439772,engine
Neptune,24,354.82472724310315,-3.4711420382572062,engine
Neptune,25,354.82474795737403,-3.471133372076379,engine
Neptune,26,354.8247686724124,-3.4711247058954644,engine
Neptune,27,354.82478938822,-3.4711160397157172,engine
Neptune,28,354.8248101047985,-3.471107373538395,engine
Neptune,29,354.8248308221711,-3.471098707355868,engine
Neptune,30,354.8248515403119,-3.471090041181013,engine
Pallas,-30,27.97504549692472,-3.6507649454825857,engine
Pallas,-20,27.977910067815525,-3.6502382841809164,engine
Pallas,-15,27.979342542106046,-3.6499749532880887,engine
Pallas,-10,27.98077514621704,-3.649711622479138,engine
Pallas,-5,27.98220788382263,-3.6494482918638775,engine
Pallas,-2,27.983067591473546,-3.649290293687354,engine
Pallas,-1,27.98335417173394,-3.6492376276687497,engine
Pallas,0,27.983640757468322,-3.649184961662248,engine
Pallas,1,27.983927348851388,-3.6491322956869006,engine
Pallas,2,27.984213945831627,-3.649079629735259,engine
Pallas,3,27.984500548357477,-3.6490269637998782,engine
Pallas,4,27.984787156603296,-3.6489742978998363,engine
Pallas,5,27.985073770517324,-3.6489216320277005,engine
Pallas,6,27.985360390239872,-3.6488689661407365,engine
Pallas,7,27.98564701556061,-3.6488163003286656,engine
Pallas,8,27.985933646619667,-3.6487636345487666,engine
Pallas,9,27.986220283364844,-3.648710968793632,engine
Pallas,10,27.98650692596992,-3.648658303082369,engine
Pallas,11,27.986793574382496,-3.648605637407598,engine
Pallas,12,27.98708022855009,-3.648552971761928,engine
Pallas,13,27.98736688864615,-3.648500306164481,engine
Pallas,14,27.987653554542643,-3.6484476405990645,engine
Pallas,15,27.987940226412785,-3.6483949750848055,engine
Pallas,16,27.988226904203728,-3.6483423096143537,engine
Pallas,17,27.98851358805464,-3.6482896441450356,engine
Pallas,18,27.988800277754013,-3.6482369787666413,engine
Pallas,19,27.98908697344084,-3.6481843134365146,engine
Pallas,20,27.989373675061806,-3.6481316481473196,engine
Pallas,21,27.98966038278952,-3.6480789829182307,engine
Pallas,22,27.989947096495076,-3.648026317733093,engine
Pallas,23,27.9902338163509,-3.6479736526110926,engine
Pallas,24,27.990520542303187,-3.647920987544914,engine
Pallas,25,27.990807274298113,-3.647868322527257,engine
Pallas,26,27.991094012507723,-3.6478156575773246,engine
Pallas,27,27.991380756802606,-3.6477629926789845,engine
Pallas,28,27.991667507354585,-3.6477103278514598,engine
Pallas,29,27.991954264301647,-3.6476576630521462,engine
Pallas,30,27.992241027204827,-3.6476049983443994,engine
Pluto,-30,300.7872419596486,-22.402523796509556,engine
Pluto,-20,300.78728459125995,-22.40253168692959,engine
Pluto,-15,300.7873059485194,-22.402535631269984,engine
Pluto,-10,300.7873273335508,-22.402539575376775,engine
Pluto,-5,300.78734874644715,-22.40254351951223,engine
Pluto,-2,300.78736160758336,-22.402545886115252,engine
Pluto,-1,300.78736589686525,-22.402546675015863,engine
Pluto,0,300.787370187266,-22.402547463936436,engine
Pluto,1,300.787374478786,-22.402548252879065,engine
Pluto,2,300.78737877142555,-22.402549041845845,engine
Pluto,3,300.78738306518756,-22.402549830839114,engine
Pluto,4,300.7873873600672,-22.402550619860516,engine
Pluto,5,300.78739165606737,-22.40255140891237,engine
Pluto,6,300.78739595319104,-22.4025521979973,engine
Pluto,7,300.78740025143276,-22.402552987116362,engine
Pluto,8,300.78740455079554,-22.40255377627217,engine
Pluto,9,300.7874088512795,-22.402554565466836,engine
Pluto,10,300.78741315288494,-22.402555354702447,engine
Pluto,11,300.7874174556143,-22.402556143981332,engine
Pluto,12,300.78742175946263,-22.402556933305153,engine
Pluto,13,300.7874260644327,-22.402557722676242,engine
Pluto,14,300.78743037052425,-22.402558512096675,engine
Pluto,15,300.78743467773745,-22.402559301568566,engine
Pluto,16,300.78743898607223,-22.402560091094017,engine
Pluto,17,300.78744329553143,-22.402560880675654,engine
Pluto,18,300.78744760611175,-22.402561670314743,engine
Pluto,19,300.78745191781087,-22.40256246001346,engine
Pluto,20,300.7874562306313,-22.402563249774143,engine
Pluto,21,300.78746054457264,-22.402564039598882,engine
Pluto,22,300.787464859635,-22.402564829489776,engine
Pluto,23,300.78746917582043,-22.40256561944915,engine
Pluto,24,300.7874734931238,-22.402566409478663,engine
Pluto,25,300.7874778115474,-22.402567199580627,engine
Pluto,26,300.78748213109077,-22.40256798975714,engine
Pluto,27,300.7874864517538,-22.4025687800103,engine
Pluto,28,300.78749077353854,-22.402569570342425,engine
Pluto,29,300.7874950964425,-22.402570360755703,engine
Pluto,30,300.7874994204621,-22.40257115125139,engine
Rahu,-30,49.86219353346086,18.335213235554363,engine
Rahu,-20,49.86219970294172,18.335214786815502,engine
Rahu,-15,49.862203125355705,18.3352156474695,engine
Rahu,-10,49.862206772562466,18.335216564724472,engine
Rahu,-5,49.8622106443205,18.335217538519565,engine
Rahu,-2,49.86221307505898,18.335218149910457,engine
Rahu,-1,49.86221390324041,18.33521835822337,engine
Rahu,0,49.86221474038639,18.335218568793476,engine
Rahu,1,49.862215586495026,18.335218781620313,engine
Rahu,2,49.86221644156441,18.33521899670338,engine
Rahu,3,49.862217305592466,18.335219214042183,engine
Rahu,4,49.86221817857714,18.33521943363617,engine
Rahu,5,49.86221906051666,18.335219655484913,engine
Rahu,6,49.86221995140958,18.335219879588045,engine
Rahu,7,49.86222085125269,18.335220105944757,engine
Rahu,8,49.862221760045,18.335220334554805,engine
Rahu,9,49.86222267778403,18.335220565417565,engine
Rahu,10,49.86222360446823,18.335220798532635,engine
Rahu,11,49.8622245400953,18.335221033899433,engine
Rahu,12,49.86222548466435,18.335221271517767,engine
Rahu,13,49.8622264381716,18.33522151138664,engine
Rahu,14,49.86222740061624,18.33522175350589,engine
Rahu,15,49.86222837199605,18.335221997874903,engine
Rahu,16,49.862229352309285,18.335222244493306,engine
Rahu,17,49.862230341554294,18.335222493360632,engine
Rahu,18,49.862231339728,18.335222744476148,engine
Rahu,19,49.862232346829,18.335222997839463,engine
Rahu,20,49.862233362855534,18.335223253450152,engine
Rahu,21,49.86223438780539,18.335223511307657,engine
Rahu,22,49.86223542167686,18.335223771411545,engine
Rahu,23,49.86223646446784,18.335224033761293,engine
Rahu,24,49.862237516176286,18.335224298356362,engine
Rahu,25,49.86223857680043,18.33522456519633,engine
Rahu,26,49.86223964633871,18.335224834280798,engine
Rahu,27,49.86224072478797,18.335225105608988,engine
Rahu,28,49.86224181214692,18.335225379180535,engine
Rahu,29,49.86224290841453,18.335225654995224,engine
Rahu,30,49.862244013586775,18.335225933052005,engine
Regulus,-30,152.09432217459812,11.966204528165942,engine
Regulus,-20,152.094323897081,11.966204818462735,engine
Regulus,-15,152.09432475085768,11.966204971071916,engine
Regulus,-10,152.0943255989375,11.966205128623267,engine
Regulus,-5,152.09432644078402,11.966205291090123,engine
Regulus,-2,152.09432694267764,11.966205390917658,engine
Regulus,-1,152.0943271094143,11.966205424583283,engine
Regulus,0,152.09432727586324,11.966205458443378,engine
Regulus,1,152.09432744202027,11.966205492497679,engine
Regulus,2,152.09432760788116,11.966205526745927,engine
Regulus,3,152.09432777344168,11.966205561187852,engine
Regulus,4,152.0943279386976,11.966205595823192,engine
Regulus,5,152.09432810364473,11.966205630651666,engine
Regulus,6,152.09432826827896,11.966205665673023,engine
Regulus,7,152.0943284325959,11.966205700886942,engine
Regulus,8,152.09432859659145,11.966205736293148,engine
Regulus,9,152.0943287602614,11.966205771891369,engine
Regulus,10,152.09432892360158,11.966205807681296,engine
Regulus,11,152.09432908660781,11.966205843662648,engine
Regulus,12,152.094329249276,11.966205879835119,engine
Regulus,13,152.09432941160188,11.966205916198406,engine
Regulus,14,152.09432957358135,11.966205952752203,engine
Regulus,15,152.09432973521024,11.966205989496201,engine
Regulus,16,152.09432989648445,11.966206026430083,engine
Regulus,17,152.0943300573999,11.966206063553567,engine
Regulus,18,152.0943302179523,11.96620610086627,engine
Regulus,19,152.09433037813758,11.966206138367895,engine
Regulus,20,152.09433053795163,11.966206176058117,engine
Regulus,21,152.09433069739043,11.966206213936601,engine
Regulus,22,152.0943308564498,11.966206252003015,engine
Regulus,23,152.09433101512565,11.966206290257018,engine
Regulus,24,152.09433117341393,11.966206328698268,engine
Regulus,25,152.0943313313105,11.966206367326413,engine
Regulus,26,152.09433148881138,11.96620640614111,engine
Regulus,27,152.09433164591246,11.966206445142008,engine
Regulus,28,152.09433180260967,11.96620648432874,engine
Regulus,29,152.0943319588991,11.96620652370098,engine
Regulus,30,152.09433211477645,11.966206563258309,engine
Saturn,-30,325.8490226730729,-14.723390286509424,engine
Saturn,-20,325.84951415392885,-14.723242058246772,engine
Saturn,-15,325.8497599811618,-14.723167950327689,engine
Saturn,-10,325.8500058662839,-14.723093847087622,engine
Saturn,-5,325.8502518094063,-14.723019748887916,engine
Saturn,-2,325.85039940307746,-14.722975292560493,engine
Saturn,-1,325.85044860559674,-14.722960474236078,engine
Saturn,0,325.85049781043205,-14.722945656141858,engine
Saturn,1,325.8505470175828,-14.722930838280954,engine
Saturn,2,325.8505962270622,-14.722916020652388,engine
Saturn,3,325.8506454388421,-14.722901203267446,engine
Saturn,4,325.8506946529356,-14.72288638612514,engine
Saturn,5,325.8507438693419,-14.72287156922859,engine
Saturn,6,325.85079308809316,-14.722856752570966,engine
Saturn,7,325.85084230913634,-14.722841936171175,engine
Saturn,8,325.85089153247594,-14.722827120030523,engine
Saturn,9,325.85094075812486,-14.72281230414805,engine
Saturn,10,325.85098998608197,-14.722797488526874,engine
Saturn,11,325.8510392163462,-14.72278267317008,engine
Saturn,12,325.85108844893017,-14.722767858076683,engine
Saturn,13,325.8511376838051,-14.722753043257953,engine
Saturn,14,325.8511869209837,-14.72273822871292,engine
Saturn,15,325.85123616046445,-14.722723414444665,engine
Saturn,16,325.85128540225986,-14.722708600452204,engine
Saturn,17,325.851334646374,-14.722693786736857,engine
Saturn,18,325.85138389275306,-14.722678973317514,engine
Saturn,19,325.85143314142863,-14.72266416018733,engine
Saturn,20,325.8514823924127,-14.7226493473453,engine
Saturn,21,325.85153164567635,-14.722634534802689,engine
Saturn,22,325.85158090123144,-14.722619722558486,engine
Saturn,23,325.85163015907636,-14.722604910615793,engine
Saturn,24,325.851679419223,-14.722590098973605,engine
Saturn,25,325.851728681642,-14.722575287643142,engine
Saturn,26,325.8517779463452,-14.722560476623434,engine
Saturn,27,325.8518272133305,-14.722545665917524,engine
Saturn,28,325.8518764826099,-14.722530855524434,engine
Saturn,29,325.85192575418665,-14.722516045445445,engine
Saturn,30,325.85197502800634,-14.722501235699417,engine
Sun,-30,26.246263334725604,10.850489944597259,engine
Sun,-20,26.252672939765553,10.85290198566197,engine
Sun,-15,26.255878500810336,10.85410781638417,engine
Sun,-10,26.25908458086827,10.855313522992358,engine
Sun,-5,26.262291190931062,10.856519107844502,engine
Sun,-2,26.264215415030918,10.857242401000223,engine
Sun,-1,26.26485686658504,10.857483489209823,engine
Sun,0,26.265498340028035,10.85772457269328,engine
Sun,1,26.266139835435936,10.857965651467545,engine
Sun,2,26.26678135288482,10.85820672554979,engine
Sun,3,26.267422892450394,10.858447794957273,engine
Sun,4,26.268064454207458,10.858688859707117,engine
Sun,5,26.268706038231066,10.858929919816752,engine
Sun,6,26.269347645025412,10.859170975465075,engine
Sun,7,26.269989273804317,10.85941202634635,engine
Sun,8,26.270630925071103,10.859653072639597,engine
Sun,9,26.271272598899234,10.8598941143625,engine
Sun,10,26.271914295361007,10.860135151532551,engine
Sun,11,26.272556014529048,10.86037618416755,engine
Sun,12,26.273197756474794,10.860617212285101,engine
Sun,13,26.273839521270034,10.860858235903132,engine
Sun,14,26.27448130898541,10.861099255039376,engine
Sun,15,26.275123119691855,10.86134026971187,engine
Sun,16,26.275764953459152,10.86158127993845,engine
Sun,17,26.27640681078778,10.86182228589891,engine
Sun,18,26.277048690885916,10.862063287287958,engine
Sun,19,26.277690594253173,10.862304284285514,engine
Sun,20,26.278332520957637,10.86254527690963,engine
Sun,21,26.278974471067666,10.862786265178693,engine
Sun,22,26.279616444650543,10.863027249110909,engine
Sun,23,26.280258441773736,10.863268228724756,engine
Sun,24,26.280900462503805,10.863509204038616,engine
Sun,25,26.28154250690688,10.863750175070914,engine
Sun,26,26.282184575049143,10.863991141840295,engine
Sun,27,26.282826666995696,10.864232104365254,engine
Sun,28,26.28346878281183,10.864473062664532,engine
Sun,29,26.284110922992365,10.864714016918297,engine
Sun,30,26.284753086740555,10.864954966822287,engine
Uranus,-30,41.19047477259525,15.552717478772092,engine
Uranus,-20,41.1908566296035,15.55283564208027,engine
Uranus,-15,41.19104755649681,15.552894707870731,engine
Uranus,-10,41.1912384835218,15.552953763053832,engine
Uranus,-5,41.19142941166094,15.55301280763626,engine
Uranus,-2,41.19154396943724,15.5530482292864,engine
Uranus,-1,41.191582155560724,15.553060035654594,engine
Uranus,0,41.19162034179,15.553071841596777,engine
Uranus,1,41.19165852814222,15.553083647116033,engine
Uranus,2,41.191696714620015,15.55309545221086,engine
Uranus,3,41.1917349012308,15.553107256881313,engine
Uranus,4,41.1917730879772,15.553119061125908,engine
Uranus,5,41.1918112748764,15.553130864947788,engine
Uranus,6,41.191849461956544,15.553142668353379,engine
Uranus,7,41.19188764917393,15.553154471326957,engine
Uranus,8,41.19192583655672,15.553166273874977,engine
Uranus,9,41.19196402412209,15.5531780760006,engine
Uranus,10,41.19200221187266,15.553189877702401,engine
Uranus,11,41.192040399810956,15.553201678978962,engine
Uranus,12,41.192078587954185,15.553213479833474,engine
Uranus,13,41.192116776304914,15.553225280264527,engine
Uranus,14,41.1921549648706,15.553237080272265,engine
Uranus,15,41.192193153653804,15.55324887985529,engine
Uranus,16,41.19223134267168,15.55326067901684,engine
Uranus,17,41.19226953195241,15.553272477763452,engine
Uranus,18,41.19230772144737,15.553284276077934,engine
Uranus,19,41.1923459111993,15.553296073971449,engine
Uranus,20,41.19238410121074,15.553307871442659,engine
Uranus,21,41.19242229148429,15.553319668490223,engine
Uranus,22,41.192460482037056,15.553331465117415,engine
Uranus,23,41.192498672871615,15.553343261322915,engine
Uranus,24,41.19253686399051,15.553355057105415,engine
Uranus,25,41.19257505541087,15.553366852468212,engine
Uranus,26,41.19261324713525,15.553378647410005,engine
Uranus,27,41.19265143916615,15.553390441929524,engine
Uranus,28,41.19268963152074,15.55340223603008,engine
Uranus,29,41.19272782422712,15.553414029718315,engine
Uranus,30,41.1927660172366,15.553425822977161,engine
Venus,-30,345.3676124905206,-6.879145605331956,engine
Venus,-20,345.37496111926885,-6.876611485423391,engine
Venus,-15,345.3786365618812,-6.875344336910179,engine
Venus,-10,345.38231275712684,-6.874077132133411,engine
Venus,-5,345.3859897063567,-6.872809872672784,engine
Venus,-2,345.3881962373227,-6.87204949172355,engine
Venus,-1,345.3889318079673,-6.8717960272605465,engine
Venus,0,345.389667408743,-6.871542560755079,engine
Venus,1,345.3904030394949,-6.871289092253997,engine
Venus,2,345.3911387005203,-6.871035621709534,engine
Venus,3,345.3918743915123,-6.870782149200095,engine
Venus,4,345.39261011276704,-6.870528674677869,engine
Venus,5,345.3933458641274,-6.870275198189726,engine
Venus,6,345.3940816459291,-6.870021719612556,engine
Venus,7,345.3948174574798,-6.869768239238448,engine
Venus,8,345.395553299114,-6.8695147569442945,engine
Venus,9,345.3962891706724,-6.869261272776937,engine
Venus,10,345.39702507244755,-6.8690077866885035,engine
Venus,11,345.397761004279,-6.868754298725811,engine
Venus,12,345.39849696600567,-6.8685008089357105,engine
Venus,13,345.3992329579185,-6.868247317270282,engine
Venus,14,345.3999689798552,-6.867993823776352,engine
Venus,15,345.4007050316531,-6.867740328500709,engine
Venus,16,345.4014411136014,-6.867486831395437,engine
Venus,17,345.40217722587886,-6.867233332368905,engine
Venus,18,345.4029133677864,-6.866979831713129,engine
Venus,19,345.4036495396525,-6.866726329304884,engine
Venus,20,345.4043857413116,-6.8664728251909635,engine
Venus,21,345.40512197305014,-6.866219319323338,engine
Venus,22,345.40585823470127,-6.865965811748771,engine
Venus,23,345.4065945260976,-6.865712302514003,engine
Venus,24,345.4073308475239,-6.865458791570985,engine
Venus,25,345.40806719881175,-6.865205278966424,engine
Venus,26,345.40880357979194,-6.864951764747072,engine
Venus,27,345.4095399907477,-6.864698248864787,engine
Venus,28,345.4102764315087,-6.864444731366297,engine
Venus,29,345.41101290239806,-6.8641912121282544,engine
Venus,30,345.4117494027094,-6.863937691442537,engine
Vesta,-30,319.8558774984779,-16.564641701395942,engine
Vesta,-20,319.85878858227727,-16.564048040367595,engine
Vesta,-15,319.86024451322385,-16.563751256899263,engine
Vesta,-10,319.8617007004485,-16.563454507121616,engine
Vesta,-5,319.86315714179614,-16.56315779268599,engine
Vesta,-2,319.86403112728976,-16.562979781741557,engine
Vesta,-1,319.86432247575675,-16.562920447796287,engine
Vesta,0,319.86461383431975,-16.56286111536627,engine
Vesta,1,319.8649052027039,-16.562801784508107,engine
Vesta,2,319.8651965810134,-16.562742455213506,engine
Vesta,3,319.8654879693524,-16.56268312747423,engine
Vesta,4,319.86577936744527,-16.56262380134675,engine
Vesta,5,319.8660707755222,-16.562564476801143,engine
Vesta,6,319.8663621935026,-16.56250515385408,engine
Vesta,7,319.86665362109875,-16.562445832576714,engine
Vesta,8,319.86694505860925,-16.562386512920853,engine
Vesta,9,319.86723650575726,-16.562327194942874,engine
Vesta,10,319.867527962772,-16.56226787861266,engine
Vesta,11,319.86781942937637,-16.562208563986562,engine
Vesta,12,319.86811090567244,-16.56214925105602,engine
Vesta,13,319.8684023917623,-16.562089939812466,engine
Vesta,14,319.86869388736807,-16.562030630312133,engine
Vesta,15,319.868985392718,-16.561971322524784,engine
Vesta,16,319.8692769075338,-16.561912016506593,engine
Vesta,17,319.86956843211203,-16.561852712209088,engine
Vesta,18,319.86985996616284,-16.56179340970309,engine
Vesta,19,319.87015150960275,-16.561734109004913,engine
Vesta,20,319.87044306265886,-16.56167481008416,engine
Vesta,21,319.8707346250519,-16.561615512996852,engine
Vesta,22,319.8710261970086,-16.56155621771253,engine
Vesta,23,319.8713177782492,-16.56149692428714,engine
Vesta,24,319.87160936900005,-16.561437632690176,engine
Vesta,25,319.8719009689809,-16.561378342977516,engine
Vesta,26,319.8721925782913,-16.5613190551402,engine
Vesta,27,319.87248419703013,-16.561259769169194,engine
Vesta,28,319.87277582491674,-16.561200485120306,engine
Vesta,29,319.8730674623721,-16.5611412029231,engine
Vesta,30,319.8733591087238,-16.56108192271279,engine
Gonggong,-30,337.3006019484882,-11.046532495356164,tno-rate
Gonggong,-20,337.3006492024193,-11.046511673768928,tno-rate
Gonggong,-15,337.3006728293849,-11.046501262975308,tno-rate
Gonggong,-10,337.30069645635047,-11.04649085218169,tno-rate
Gonggong,-5,337.30072008331604,-11.04648044138807,tno-rate
Gonggong,-2,337.30073425949536,-11.046474194911898,tno-rate
Gonggong,-1,337.3007389848885,-11.046472112753175,tno-rate
Gonggong,0,337.3007437102816,-11.04647003059445,tno-rate
Gonggong,1,337.30074843567473,-11.046467948435726,tno-rate
Gonggong,2,337.30075316106786,-11.046465866277003,tno-rate
Gonggong,3,337.30075788646093,-11.046463784118279,tno-rate
Gonggong,4,337.30076261185405,-11.046461701959556,tno-rate
Gonggong,5,337.3007673372472,-11.046459619800832,tno-rate
Gonggong,6,337.3007720626403,-11.046457537642109,tno-rate
Gonggong,7,337.30077678803343,-11.046455455483384,tno-rate
Gonggong,8,337.3007815134265,-11.04645337332466,tno-rate
Gonggong,9,337.3007862388196,-11.046451291165937,tno-rate
Gonggong,10,337.30079096421275,-11.046449209007212,tno-rate
Gonggong,11,337.3007956896059,-11.04644712684849,tno-rate
Gonggong,12,337.30080041499895,-11.046445044689765,tno-rate
Gonggong,13,337.3008051403921,-11.046442962531042,tno-rate
Gonggong,14,337.3008098657852,-11.046440880372318,tno-rate
Gonggong,15,337.3008145911783,-11.046438798213593,tno-rate
Gonggong,16,337.30081931657145,-11.04643671605487,tno-rate
Gonggong,17,337.3008240419645,-11.046434633896146,tno-rate
Gonggong,18,337.30082876735764,-11.046432551737423,tno-rate
Gonggong,19,337.30083349275077,-11.046430469578699,tno-rate
Gonggong,20,337.3008382181439,-11.046428387419974,tno-rate
Gonggong,21,337.300842943537,-11.046426305261251,tno-rate
Gonggong,22,337.3008476689301,-11.046424223102527,tno-rate
Gonggong,23,337.3008523943232,-11.046422140943804,tno-rate
Gonggong,24,337.30085711971634,-11.04642005878508,tno-rate
Gonggong,25,337.30086184510947,-11.046417976626357,tno-rate
Gonggong,26,337.30086657050254,-11.046415894467632,tno-rate
Gonggong,27,337.30087129589566,-11.046413812308908,tno-rate
Gonggong,28,337.3008760212888,-11.046411730150185,tno-rate
Gonggong,29,337.3008807466819,-11.04640964799146,tno-rate
Gonggong,30,337.30088547207504,-11.046407565832737,tno-rate
Haumea,-30,216.85662694504202,15.87885917225089,tno-rate
Haumea,-20,216.85651318599386,15.878904879593504,tno-rate
Haumea,-15,216.85645630646977,15.87892773326481,tno-rate
Haumea,-10,216.85639942694567,15.878950586936117,tno-rate
Haumea,-5,216.8563425474216,15.878973440607423,tno-rate
Haumea,-2,216.85630841970715,15.878987152810208,tno-rate
Haumea,-1,216.85629704380233,15.878991723544468,tno-rate
Haumea,0,216.8562856678975,15.87899629427873,tno-rate
Haumea,1,216.8562742919927,15.879000865012992,tno-rate
Haumea,2,216.85626291608787,15.879005435747253,tno-rate
Haumea,3,216.85625154018305,15.879010006481515,tno-rate
Haumea,4,216.85624016427823,15.879014577215775,tno-rate
Haumea,5,216.85622878837341,15.879019147950038,tno-rate
Haumea,6,216.8562174124686,15.879023718684298,tno-rate
Haumea,7,216.85620603656378,15.87902828941856,tno-rate
Haumea,8,216.85619466065896,15.87903286015282,tno-rate
Haumea,9,216.85618328475414,15.879037430887083,tno-rate
Haumea,10,216.85617190884935,15.879042001621343,tno-rate
Haumea,11,216.85616053294453,15.879046572355605,tno-rate
Haumea,12,216.8561491570397,15.879051143089866,tno-rate
Haumea,13,216.8561377811349,15.879055713824128,tno-rate
Haumea,14,216.85612640523007,15.879060284558388,tno-rate
Haumea,15,216.85611502932525,15.87906485529265,tno-rate
Haumea,16,216.85610365342043,15.879069426026911,tno-rate
Haumea,17,216.85609227751561,15.879073996761173,tno-rate
Haumea,18,216.8560809016108,15.879078567495434,tno-rate
Haumea,19,216.85606952570598,15.879083138229696,tno-rate
Haumea,20,216.85605814980116,15.879087708963956,tno-rate
Haumea,21,216.85604677389634,15.879092279698218,tno-rate
Haumea,22,216.85603539799152,15.87909685043248,tno-rate
Haumea,23,216.8560240220867,15.879101421166741,tno-rate
Haumea,24,216.85601264618188,15.879105991901003,tno-rate
Haumea,25,216.85600127027706,15.879110562635264,tno-rate
Haumea,26,216.85598989437224,15.879115133369526,tno-rate
Haumea,27,216.85597851846742,15.879119704103786,tno-rate
Haumea,28,216.8559671425626,15.879124274838048,tno-rate
Haumea,29,216.85595576665781,15.879128845572309,tno-rate
Haumea,30,216.855944390753,15.879133416306571,tno-rate
Makemake,-30,198.29278984747623,23.014577541041966,tno-rate
Makemake,-20,198.29267578959025,23.01460209504948,tno-rate
Makemake,-15,198.29261876064726,23.014614372053238,tno-rate
Makemake,-10,198.29256173170427,23.014626649056996,tno-rate
Makemake,-5,198.29250470276128,23.01463892606075,tno-rate
Makemake,-2,198.29247048539548,23.014646292263006,tno-rate
Makemake,-1,198.29245907960689,23.01464874766376,tno-rate
Makemake,0,198.2924476738183,23.01465120306451,tno-rate
Makemake,1,198.2924362680297,23.01465365846526,tno-rate
Makemake,2,198.2924248622411,23.014656113866014,tno-rate
Makemake,3,198.2924134564525,23.014658569266764,tno-rate
Makemake,4,198.2924020506639,23.014661024667515,tno-rate
Makemake,5,198.2923906448753,23.01466348006827,tno-rate
Makemake,6,198.2923792390867,23.01466593546902,tno-rate
Makemake,7,198.2923678332981,23.01466839086977,tno-rate
Makemake,8,198.2923564275095,23.014670846270523,tno-rate
Makemake,9,198.2923450217209,23.014673301671273,tno-rate
Makemake,10,198.2923336159323,23.014675757072023,tno-rate
Makemake,11,198.2923222101437,23.014678212472777,tno-rate
Makemake,12,198.2923108043551,23.014680667873527,tno-rate
Makemake,13,198.2922993985665,23.014683123274278,tno-rate
Makemake,14,198.29228799277791,23.01468557867503,tno-rate
Makemake,15,198.29227658698932,23.014688034075782,tno-rate
Makemake,16,198.29226518120072,23.014690489476536,tno-rate
Makemake,17,198.29225377541212,23.014692944877286,tno-rate
Makemake,18,198.29224236962352,23.014695400278036,tno-rate
Makemake,19,198.29223096383492,23.01469785567879,tno-rate
Makemake,20,198.29221955804633,23.01470031107954,tno-rate
Makemake,21,198.29220815225773,23.01470276648029,tno-rate
Makemake,22,198.29219674646913,23.014705221881044,tno-rate
Makemake,23,198.29218534068053,23.014707677281795,tno-rate
Makemake,24,198.29217393489193,23.014710132682545,tno-rate
Makemake,25,198.29216252910334,23.0147125880833,tno-rate
Makemake,26,198.29215112331474,23.01471504348405,tno-rate
Makemake,27,198.29213971752614,23.0147174988848,tno-rate
Makemake,28,198.29212831173754,23.014719954285553,tno-rate
Makemake,29,198.29211690594894,23.014722409686303,tno-rate
Makemake,30,198.29210550016035,23.014724865087054,tno-rate
Orcus,-30,155.8164772094928,-11.646842501361053,tno-rate
Orcus,-20,155.8164130654017,-11.646779921947143,tno-rate
Orcus,-15,155.81638099335615,-11.646748632240186,tno-rate
Orcus,-10,155.8163489213106,-11.64671734253323,tno-rate
Orcus,-5,155.81631684926504,-11.646686052826276,tno-rate
Orcus,-2,155.81629760603772,-11.646667279002102,tno-rate
Orcus,-1,155.8162911916286,-11.646661021060712,tno-rate
Orcus,0,155.8162847772195,-11.64665476311932,tno-rate
Orcus,1,155.81627836281038,-11.646648505177929,tno-rate
Orcus,2,155.81627194840127,-11.646642247236539,tno-rate
Orcus,3,155.81626553399215,-11.646635989295147,tno-rate
Orcus,4,155.81625911958307,-11.646629731353755,tno-rate
Orcus,5,155.81625270517395,-11.646623473412365,tno-rate
Orcus,6,155.81624629076484,-11.646617215470974,tno-rate
Orcus,7,155.81623987635572,-11.646610957529584,tno-rate
Orcus,8,155.8162334619466,-11.646604699588192,tno-rate
Orcus,9,155.8162270475375,-11.6465984416468,tno-rate
Orcus,10,155.81622063312838,-11.64659218370541,tno-rate
Orcus,11,155.81621421871927,-11.646585925764018,tno-rate
Orcus,12,155.81620780431018,-11.646579667822627,tno-rate
Orcus,13,155.81620138990107,-11.646573409881237,tno-rate
Orcus,14,155.81619497549195,-11.646567151939845,tno-rate
Orcus,15,155.81618856108284,-11.646560893998455,tno-rate
Orcus,16,155.81618214667373,-11.646554636057063,tno-rate
Orcus,17,155.8161757322646,-11.646548378115671,tno-rate
Orcus,18,155.8161693178555,-11.646542120174281,tno-rate
Orcus,19,155.81616290344638,-11.64653586223289,tno-rate
Orcus,20,155.8161564890373,-11.646529604291498,tno-rate
Orcus,21,155.81615007462818,-11.646523346350108,tno-rate
Orcus,22,155.81614366021907,-11.646517088408716,tno-rate
Orcus,23,155.81613724580995,-11.646510830467324,tno-rate
Orcus,24,155.81613083140084,-11.646504572525934,tno-rate
Orcus,25,155.81612441699173,-11.646498314584543,tno-rate
Orcus,26,155.8161180025826,-11.646492056643153,tno-rate
Orcus,27,155.8161115881735,-11.646485798701761,tno-rate
Orcus,28,155.8161051737644,-11.64647954076037,tno-rate
Orcus,29,155.8160987593553,-11.64647328281898,tno-rate
Orcus,30,155.81609234494618,-11.646467024877587,tno-rate
Quaoar,-30,277.24270081213865,-15.214622221369783,tno-rate
Quaoar,-20,277.24266907536145,-15.214602035316535,tno-rate
Quaoar,-15,277.2426532069728,-15.214591942289912,tno-rate
Quaoar,-10,277.2426373385842,-15.214581849263288,tno-rate
Quaoar,-5,277.2426214701956,-15.214571756236664,tno-rate
Quaoar,-2,277.24261194916244,-15.214565700420689,tno-rate
Quaoar,-1,277.2426087754847,-15.214563681815365,tno-rate
Quaoar,0,277.242605601807,-15.21456166321004,tno-rate
Quaoar,1,277.24260242812926,-15.214559644604714,tno-rate
Quaoar,2,277.24259925445153,-15.21455762599939,tno-rate
Quaoar,3,277.2425960807738,-15.214555607394065,tno-rate
Quaoar,4,277.2425929070961,-15.21455358878874,tno-rate
Quaoar,5,277.24258973341836,-15.214551570183415,tno-rate
Quaoar,6,277.24258655974063,-15.214549551578092,tno-rate
Quaoar,7,277.2425833860629,-15.214547532972766,tno-rate
Quaoar,8,277.24258021238523,-15.21454551436744,tno-rate
Quaoar,9,277.2425770387075,-15.214543495762117,tno-rate
Quaoar,10,277.2425738650298,-15.214541477156791,tno-rate
Quaoar,11,277.24257069135206,-15.214539458551467,tno-rate
Quaoar,12,277.24256751767433,-15.214537439946142,tno-rate
Quaoar,13,277.2425643439966,-15.214535421340818,tno-rate
Quaoar,14,277.2425611703189,-15.214533402735492,tno-rate
Quaoar,15,277.24255799664115,-15.214531384130167,tno-rate
Quaoar,16,277.2425548229634,-15.214529365524843,tno-rate
Quaoar,17,277.2425516492857,-15.214527346919517,tno-rate
Quaoar,18,277.242548475608,-15.214525328314194,tno-rate
Quaoar,19,277.24254530193025,-15.214523309708868,tno-rate
Quaoar,20,277.2425421282525,-15.214521291103544,tno-rate
Quaoar,21,277.2425389545748,-15.214519272498219,tno-rate
Quaoar,22,277.24253578089713,-15.214517253892893,tno-rate
Quaoar,23,277.2425326072194,-15.21451523528757,tno-rate
Quaoar,24,277.2425294335417,-15.214513216682244,tno-rate
Quaoar,25,277.24252625986395,-15.21451119807692,tno-rate
Quaoar,26,277.2425230861862,-15.214509179471595,tno-rate
Quaoar,27,277.2425199125085,-15.21450716086627,tno-rate
Quaoar,28,277.2425167388308,-15.214505142260945,tno-rate
Quaoar,29,277.24251356515305,-15.21450312365562,tno-rate
Quaoar,30,277.2425103914753,-15.214501105050296,tno-rate
Sedna,-30,58.69223135169895,8.286023735439949,tno-rate
Sedna,-20,58.692307201655524,8.28604931665097,tno-rate
Sedna,-15,58.6923451266338,8.286062107256482,tno-rate
Sedna,-10,58.69238305161209,8.286074897861992,tno-rate
Sedna,-5,58.69242097659038,8.286087688467504,tno-rate
Sedna,-2,58.69244373157735,8.286095362830808,tno-rate
Sedna,-1,58.692451316573006,8.286097920951912,tno-rate
Sedna,0,58.69245890156866,8.286100479073014,tno-rate
Sedna,1,58.69246648656432,8.286103037194115,tno-rate
Sedna,2,58.69247407155998,8.286105595315219,tno-rate
Sedna,3,58.692481656555636,8.28610815343632,tno-rate
Sedna,4,58.69248924155129,8.286110711557422,tno-rate
Sedna,5,58.69249682654695,8.286113269678523,tno-rate
Sedna,6,58.69250441154261,8.286115827799627,tno-rate
Sedna,7,58.692511996538265,8.286118385920728,tno-rate
Sedna,8,58.69251958153392,8.28612094404183,tno-rate
Sedna,9,58.69252716652958,8.286123502162933,tno-rate
Sedna,10,58.69253475152524,8.286126060284035,tno-rate
Sedna,11,58.692542336520894,8.286128618405137,tno-rate
Sedna,12,58.69254992151655,8.286131176526238,tno-rate
Sedna,13,58.69255750651221,8.286133734647342,tno-rate
Sedna,14,58.692565091507866,8.286136292768443,tno-rate
Sedna,15,58.692572676503524,8.286138850889545,tno-rate
Sedna,16,58.692580261499174,8.286141409010648,tno-rate
Sedna,17,58.69258784649483,8.28614396713175,tno-rate
Sedna,18,58.69259543149049,8.286146525252851,tno-rate
Sedna,19,58.692603016486146,8.286149083373953,tno-rate
Sedna,20,58.6926106014818,8.286151641495056,tno-rate
Sedna,21,58.69261818647746,8.286154199616158,tno-rate
Sedna,22,58.69262577147312,8.28615675773726,tno-rate
Sedna,23,58.692633356468775,8.286159315858363,tno-rate
Sedna,24,58.69264094146443,8.286161873979465,tno-rate
Sedna,25,58.69264852646009,8.286164432100566,tno-rate
Sedna,26,58.69265611145575,8.28616699022167,tno-rate
Sedna,27,58.692663696451405,8.286169548342771,tno-rate
Sedna,28,58.69267128144706,8.286172106463873,tno-rate
Sedna,29,58.69267886644272,8.286174664584975,tno-rate
Sedna,30,58.69268645143838,8.286177222706078,tno-rate
Transpluto,-30,154.31534952629573,10.640347118983733,engine
Transpluto,-20,154.3153165755103,10.64035961386756,engine
Transpluto,-15,154.31530010228042,10.640365860482962,engine
Transpluto,-10,154.3152836304955,10.640372106546112,engine
Transpluto,-5,154.3152671601512,10.640378352058523,engine
Transpluto,-2,154.3152572786385,10.640382099100636,engine
Transpluto,-1,154.3152539849164,10.640383348070534,engine
Transpluto,0,154.31525069125203,10.64038459701837,engine
Transpluto,1,154.31524739764538,10.640385845944127,engine
Transpluto,2,154.31524410409637,10.64038709484781,engine
Transpluto,3,154.31524081060516,10.640388343729436,engine
Transpluto,4,154.31523751717165,10.640389592588987,engine
Transpluto,5,154.31523422379593,10.640390841426411,engine
Transpluto,6,154.31523093047565,10.640392090242614,engine
Transpluto,7,154.31522763721526,10.640393339035944,engine
Transpluto,8,154.31522434401268,10.640394587807153,engine
Transpluto,9,154.31522105086785,10.64039583655632,engine
Transpluto,10,154.31521775778072,10.640397085283357,engine
Transpluto,11,154.31521446475125,10.640398333988301,engine
Transpluto,12,154.31521117177957,10.640399582671204,engine
Transpluto,13,154.3152078788656,10.640400831332043,engine
Transpluto,14,154.31520458600937,10.640402079970752,engine
Transpluto,15,154.31520129321095,10.640403328587364,engine
Transpluto,16,154.3151980004702,10.640404577181883,engine
Transpluto,17,154.31519470778494,10.640405825755186,engine
Transpluto,18,154.31519141515966,10.64040707430554,engine
Transpluto,19,154.31518812259208,10.6404083228338,engine
Transpluto,20,154.3151848300823,10.64040957134,engine
Transpluto,21,154.31518153763022,10.640410819824096,engine
Transpluto,22,154.31517824523593,10.640412068286071,engine
Transpluto,23,154.3151749528993,10.64041331672598,engine
Transpluto,24,154.31517166062048,10.640414565143766,engine
Transpluto,25,154.3151683683993,10.640415813539448,engine
Transpluto,26,154.3151650762359,10.640417061913071,engine
Transpluto,27,154.3151617841303,10.640418310264584,engine
Transpluto,28,154.31515849208242,10.640419558593935,engine
Transpluto,29,154.31515520009003,10.640420806902117,engine
Transpluto,30,154.31515190815765,10.640422055187306,engine
Part_of_Fortune,-30,12.75273062932672,-24.963044292907547,engine
Part_of_Fortune,-20,14.434485311042977,-25.663645569600043,engine
Part_of_Fortune,-15,15.274520288107851,-26.01543883285191,engine
Part_of_Fortune,-10,16.11403555986118,-26.368135946439935,engine
Part_of_Fortune,-5,16.953062115678165,-26.72166794641029,engine
Part_of_Fortune,-2,17.456256145889597,-26.934158974224957,engine
Part_of_Fortune,-1,17.623952034525473,-27.005047960213574,engine
Part_of_Fortune,0,17.791630394627532,-27.075965285866765,engine
Part_of_Fortune,1,17.959291822677926,-27.146910476930266,engine
Part_of_Fortune,2,18.126936207221547,-27.2178828869737,engine
Part_of_Fortune,3,18.294564144000958,-27.288882040496954,engine
Part_of_Fortune,4,18.46217569758096,-27.359907332711533,engine
Part_of_Fortune,5,18.62977093334507,-27.430958158829128,engine
Part_of_Fortune,6,18.79735055735796,-27.502034088783066,engine
Part_of_Fortune,7,18.96491440969851,-27.573134421376633,engine
Part_of_Fortune,8,19.13246266619319,-27.6442585974414,engine
Part_of_Fortune,9,19.299995920828508,-27.715406138092746,engine
Part_of_Fortune,10,19.467514236557747,-27.786576435497143,engine
Part_of_Fortune,11,19.635017677221583,-27.857768881900235,engine
Part_of_Fortune,12,19.8025068349732,-27.928982996388747,engine
Part_of_Fortune,13,19.96998177320478,-28.000218170257575,engine
Part_of_Fortune,14,20.137442554034124,-28.071473793943973,engine
Part_of_Fortune,15,20.304889770069735,-28.142749385592563,engine
Part_of_Fortune,16,20.472323483038736,-28.21404433476541,engine
Part_of_Fortune,17,20.639743867928303,-28.285358079000446,engine
Part_of_Fortune,18,20.80715129109842,-28.35669003898471,engine
Part_of_Fortune,19,20.97454592724398,-28.428039651454323,engine
Part_of_Fortune,20,21.141927837497292,-28.49940630451813,engine
Part_of_Fortune,21,21.309297613459194,-28.57078951380286,engine
Part_of_Fortune,22,21.476655316026267,-28.642188666693517,engine
Part_of_Fortune,23,21.644001183599016,-28.713603193220454,engine
Part_of_Fortune,24,21.811335276882403,-28.78503248019279,engine
Part_of_Fortune,25,21.978658186739267,-28.85647604166932,engine
Part_of_Fortune,26,22.145969974564196,-28.927933264228574,engine
Part_of_Fortune,27,22.31327087727982,-28.99940357617084,engine
Part_of_Fortune,28,22.48056095647098,-29.070886363724345,engine
Part_of_Fortune,29,22.647840914306357,-29.14238118740193,engine
Part_of_Fortune,30,22.815110587054164,-29.21388733664152,engine
Part_of_Spirit,-30,323.82526781353397,35.02041947552845,engine
Part_of_Spirit,-20,325.2717387526493,34.39854355444273,engine
Part_of_Spirit,-15,325.9943950902554,34.08631029170403,engine
Part_of_Spirit,-10,326.71672028976394,33.773303575983306,engine
Part_of_Spirit,-5,327.4387557101753,33.45959126747664,engine
Part_of_Spirit,-2,327.8718546433769,33.27105367394839,engine
Part_of_Spirit,-1,328.01620246521105,33.2081594076446,engine
Part_of_Spirit,0,328.1605417849487,33.1452418070483,engine
Part_of_Spirit,1,328.30487257129397,33.08230150803503,engine
Part_of_Spirit,2,328.4491954977601,33.019338976364615,engine
Part_of_Spirit,3,328.59351053219035,32.956354848775106,engine
Part_of_Spirit,4,328.73781817051804,32.89334963473112,engine
Part_of_Spirit,5,328.88211890942625,32.83032384369825,engine
Part_of_Spirit,6,329.0264128109985,32.76727807187906,engine
Part_of_Spirit,7,329.170700177513,32.70421291413224,engine
Part_of_Spirit,8,329.31498159990895,32.64112883946451,engine
Part_of_Spirit,9,329.4592570434697,32.57802648699626,engine
Part_of_Spirit,10,329.603527001547,32.514906368774895,engine
Part_of_Spirit,11,329.747791968292,32.45176899678467,engine
Part_of_Spirit,12,329.89205190661926,32.388615011679725,engine
Part_of_Spirit,13,330.03630730993024,32.325444926131404,engine
Part_of_Spirit,14,330.1805586700159,32.26225925373459,engine
Part_of_Spirit,15,330.32480594994297,32.19905863555185,engine
Part_of_Spirit,16,330.4690496408133,32.135843585796714,engine
Part_of_Spirit,17,330.6132903312632,32.07261457613736,engine
Part_of_Spirit,18,330.75752778877523,32.00937233375207,engine
Part_of_Spirit,19,330.9017626013268,31.94611733087562,engine
Part_of_Spirit,20,331.0459952586925,31.88285008296285,engine
Part_of_Spirit,21,331.190225722062,31.81957123259841,engine
Part_of_Spirit,22,331.3344544806016,31.756281295713062,engine
Part_of_Spirit,23,331.47868184789615,31.692980830445112,engine
Part_of_Spirit,24,331.62290831253785,31.62967035325014,engine
Part_of_Spirit,25,331.7671338343426,31.566350507595804,engine
Part_of_Spirit,26,331.91135890226093,31.503021809957506,engine
Part_of_Spirit,27,332.05558382766327,31.439684819746432,engine
Part_of_Spirit,28,332.19980909927716,31.376340053738158,engine
Part_of_Spirit,29,332.34403477211924,31.3129881137259,engine
Part_of_Spirit,30,332.48826114018595,31.24962960209845,engine
Ascendant,-30,168.28899922143034,5.028687591310451,engine
Ascendant,-20,169.85311203184614,4.367448992421345,engine
Ascendant,-15,170.63445768918163,4.03543572942606,engine
Ascendant,-10,171.41537792481256,3.702583814771686,engine
Ascendant,-5,172.19590891292674,3.3689616605331745,engine
Ascendant,-2,172.66405539463327,3.1684473498617156,engine
Ascendant,-1,172.82007724986826,3.1015557237155122,engine
Ascendant,0,172.9760860897881,3.0346382605907682,engine
Ascendant,1,173.13208219698595,2.9676955155523808,engine
Ascendant,2,173.28806585249086,2.900728044695458,engine
Ascendant,3,173.44403733809565,2.8337364041390765,engine
Ascendant,4,173.59999693404947,2.766721151009795,engine
Ascendant,5,173.7559449213857,2.6996828424345622,engine
Ascendant,6,173.91188168417824,2.6326219915479974,engine
Ascendant,7,174.06780729360574,2.5655392463778064,engine
Ascendant,8,174.22372213305104,2.498435121011554,engine
Ascendant,9,174.3796264821491,2.431310174451756,engine
Ascendant,10,174.53552061905236,2.3641649666388775,engine
Ascendant,11,174.6914048227568,2.2970000574422196,engine
Ascendant,12,174.84727937079623,2.229816007645491,engine
Ascendant,13,175.0031445415675,2.1626133779369137,engine
Ascendant,14,175.15900061202498,2.095392729895311,engine
Ascendant,15,175.31484786000635,2.028154624979642,engine
Ascendant,16,175.47068656192604,1.9608996255156517,engine
Ascendant,17,175.62651709959576,1.893628248568459,engine
Ascendant,18,175.78233953993683,1.8263411473836781,engine
Ascendant,19,175.93815426428537,1.7590388397106493,engine
Ascendant,20,176.09396154809488,1.6917218892223609,engine
Ascendant,21,176.24976166776062,1.6243908593977747,engine
Ascendant,22,176.40555489831397,1.5570463145097737,engine
Ascendant,23,176.5613415157476,1.48968881861233,engine
Ascendant,24,176.71712179471012,1.422318936528677,engine
Ascendant,25,176.87289601054093,1.3549372329632419,engine
Ascendant,26,177.02866443841256,1.2875442728644668,engine
Ascendant,27,177.18442735247154,1.2201406217877948,engine
Ascendant,28,177.34018502787407,1.1527268450069075,engine
Ascendant,29,177.4959378432128,1.085303463161985,engine
Ascendant,30,177.65168586362003,1.0178711327284675,engine
Midheaven,-30,71.30297967759579,22.32375882768354,engine
Midheaven,-20,73.80848240895622,22.601807385425264,engine
Midheaven,-15,75.06129725414944,22.725901132963635,engine
Midheaven,-10,76.31415577457444,22.840030141654672,engine
Midheaven,-5,77.56705938728733,22.944187570277087,engine
Midheaven,-2,78.3188234345924,23.001893155067,engine
Midheaven,-1,78.56941515939023,23.02032994675839,engine
Midheaven,0,78.82000875006091,23.038367470011305,engine
Midheaven,1,79.07060421450939,23.056005686601598,engine
Midheaven,2,79.32120155863512,23.073244559305355,engine
Midheaven,3,79.5718007900563,23.090084052126706,engine
Midheaven,4,79.82240191438453,23.10652413000836,engine
Midheaven,5,80.07300493894901,23.12256475904912,engine
Midheaven,6,80.32361003712262,23.138205916582613,engine
Midheaven,7,80.57421687984296,23.15344754969797,engine
Midheaven,8,80.82482564018977,23.16828963790894,engine
Midheaven,9,81.07543632490857,23.182732151128707,engine
Midheaven,10,81.32604893873597,23.196775060043198,engine
Midheaven,11,81.57666348812276,23.21041833629796,engine
Midheaven,12,81.82727997751003,23.22366195226256,engine
Midheaven,13,82.07789841305245,23.23650588120707,engine
Midheaven,14,82.328518798894,23.248950097079888,engine
Midheaven,15,82.57914114089155,23.260994574674122,engine
Midheaven,16,82.82976544289022,23.27263928941883,engine
Midheaven,17,83.08039187851296,23.28388422494152,engine
Midheaven,18,83.33102011517526,23.29472934297879,engine
Midheaven,19,83.58165032619782,23.305174628765613,engine
Midheaven,20,83.83228251482417,23.315220060423137,engine
Midheaven,21,84.0829166860087,23.324865616768776,engine
Midheaven,22,84.3335528426919,23.33411127714805,engine
Midheaven,23,84.58419098952473,23.342957021559656,engine
Midheaven,24,84.83483112914384,23.35140283050097,engine
Midheaven,25,85.08547326542978,23.359448685068166,engine
Midheaven,26,85.33611740211067,23.367094566887975,engine
Midheaven,27,85.58676354136476,23.374340458063553,engine
Midheaven,28,85.83741168707947,23.381186341257685,engine
Midheaven,29,86.08806200967331,23.387632203772156,engine
Midheaven,30,86.33871417516832,23.393678020556923,engine
Vertex,-30,333.52627680931886,-10.937584987780053,engine
Vertex,-20,337.02405694736245,-9.604389632884173,engine
Vertex,-15,338.7855343645625,-8.91523834271129,engine
Vertex,-10,340.55469730526954,-8.212078577345395,engine
Vertex,-5,342.33098175186376,-7.49577926112914,engine
Vertex,-2,343.39992571032536,-7.060083203802122,engine
Vertex,-1,343.7567401756146,-6.913912666309312,engine
Vertex,0,344.1137963031735,-6.767286570528978,engine
Vertex,1,344.4710890923569,-6.620213307365053,engine
Vertex,2,344.8286135033491,-6.4727013809512375,engine
Vertex,3,345.18636446313354,-6.324759404988742,engine
Vertex,4,345.5443368608533,-6.176396103395641,engine
Vertex,5,345.90252555381437,-6.02762030650039,engine
Vertex,6,346.26092560327066,-5.878440851403296,engine
Vertex,7,346.6195313189755,-5.728866978445787,engine
Vertex,8,346.9783376965986,-5.57890773139634,engine
Vertex,9,347.33733946258855,-5.428572353245036,engine
Vertex,10,347.69653130985546,-5.277870186601023,engine
Vertex,11,348.0559079038672,-5.126810669468077,engine
Vertex,12,348.4154638780854,-4.9754033354318805,engine
Vertex,13,348.7751938400899,-4.823657809303158,engine
Vertex,14,349.13509236703203,-4.6715838071953675,engine
Vertex,15,349.4951540117861,-4.519191132039936,engine
Vertex,16,349.8553732984188,-4.3664896735583465,engine
Vertex,17,350.2157449700747,-4.213489300956921,engine
Vertex,18,350.57626301772774,-4.060200273393741,engine
Vertex,19,350.93692213633454,-3.9066326196500114,engine
Vertex,20,351.29771675380147,-3.752796548105371,engine
Vertex,21,351.65864127881616,-3.5987023394005306,engine
Vertex,22,352.01969009636116,-3.4443603461178416,engine
Vertex,23,352.3808575739604,-3.2897809878383146,engine
Vertex,24,352.74213805720416,-3.134974750735483,engine
Vertex,25,353.1035258753441,-2.9799521828222453,engine
Vertex,26,353.4650153401878,-2.8247238920232194,engine
Vertex,27,353.82660074499603,-2.669300544212929,engine
Vertex,28,354.18827637010446,-2.5136928583284206,engine
Vertex,29,354.55003672176355,-2.357911500964746,engine
Vertex,30,354.91187556467384,-2.201967500540637,engine
Algol,-30,47.03561491908511,40.95518662074566,engine
Algol,-20,47.0356133185697,40.95518764930009,engine
Algol,-15,47.03561247440699,40.955188152722734,engine
Algol,-10,47.03561160140944,40.95518864848837,engine
Algol,-5,47.035610699920404,40.955189136286286,engine
Algol,-2,47.03561014549925,40.95518942501255,engine
Algol,-1,47.03560995845509,40.95518952058127,engine
Algol,0,47.03560977029735,40.955189615809275,engine
Algol,1,47.03560958102903,40.95518971069414,engine
Algol,2,47.03560939065316,40.95518980523349,engine
Algol,3,47.0356091991728,40.95518989942489,engine
Algol,4,47.03560900659099,40.95518999326597,engine
Algol,5,47.035608812910844,40.955190086754335,engine
Algol,6,47.035608618135356,40.955190179887666,engine
Algol,7,47.035608422267934,40.95519027266347,engine
Algol,8,47.03560822531158,40.95519036507947,engine
Algol,9,47.035608027269454,40.955190457133256,engine
Algol,10,47.03560782814476,40.95519054882253,engine
Algol,11,47.03560762794076,40.9551906401449,engine
Algol,12,47.03560742666065,40.95519073109807,engine
Algol,13,47.03560722430771,40.95519082167969,engine
Algol,14,47.03560702088522,40.955190911887456,engine
Algol,15,47.03560681639647,40.95519100171901,engine
Algol,16,47.035606610844766,40.95519109117207,engine
Algol,17,47.03560640423337,40.95519118024441,engine
Algol,18,47.035606196565844,40.955191268933596,engine
Algol,19,47.035605987845486,40.955191357237396,engine
Algol,20,47.0356057780757,40.95519144515356,engine
Algol,21,47.03560556725987,40.95519153267977,engine
Algol,22,47.035605355401465,40.95519161981381,engine
Algol,23,47.035605142503925,40.955191706553386,engine
Algol,24,47.03560492857077,40.95519179289627,engine
Algol,25,47.03560471360549,40.95519187884022,engine
Algol,26,47.03560449761159,40.955191964383,engine
Algol,27,47.035604280592615,40.95519204952236,engine
Algol,28,47.03560406255213,40.95519213425611,engine
Algol,29,47.03560384349357,40.95519221858209,engine
Algol,30,47.03560362342086,40.95519230249798,engine
Pleiades,-30,56.866190667971495,24.104039004377878,engine
Pleiades,-20,56.866189629201706,24.104039777002548,engine
Pleiades,-15,56.86618907094197,24.104040158932804,engine
Pleiades,-10,56.866188487000514,24.10404053766035,engine
Pleiades,-5,56.8661878775686,24.104040912976174,engine
Pleiades,-2,56.866187499758304,24.10404113644166,engine
Pleiades,-1,56.8661873718065,24.1040412106329,engine
Pleiades,0,56.86618724285002,24.10404128467279,engine
Pleiades,1,56.866187112890664,24.10404135855969,engine
Pleiades,2,56.86618698193024,24.10404143229193,engine
Pleiades,3,56.86618684997051,24.104041505867908,engine
Pleiades,4,56.86618671701329,24.10404157928599,engine
Pleiades,5,56.866186583060475,24.10404165254453,engine
Pleiades,6,56.8661864481138,24.104041725641963,engine
Pleiades,7,56.86618631217532,24.104041798576574,engine
Pleiades,8,56.86618617524684,24.104041871346784,engine
Pleiades,9,56.8661860373303,24.104041943951,engine
Pleiades,10,56.866185898427624,24.104042016387567,engine
Pleiades,11,56.86618575854077,24.104042088654914,engine
Pleiades,12,56.86618561767171,24.104042160751415,engine
Pleiades,13,56.866185475822434,24.10404223267548,engine
Pleiades,14,56.86618533299495,24.10404230442549,engine
Pleiades,15,56.866185189191306,24.104042375999867,engine
Pleiades,16,56.86618504441354,24.104042447397013,engine
Pleiades,17,56.86618489866361,24.104042518615397,engine
Pleiades,18,56.86618475194381,24.10404258965332,engine
Pleiades,19,56.86618460425616,24.104042660509258,engine
Pleiades,20,56.86618445560276,24.10404273118163,engine
Pleiades,21,56.86618430598576,24.104042801668854,engine
Pleiades,22,56.86618415540733,24.10404287196937,engine
Pleiades,23,56.866184003869634,24.104042942081595,engine
Pleiades,24,56.866183851374885,24.104043012003974,engine
Pleiades,25,56.86618369792529,24.104043081734947,engine
Pleiades,26,56.866183543523086,24.10404315127295,engine
Pleiades,27,56.86618338817051,24.104043220616433,engine
Pleiades,28,56.86618323186985,24.10404328976385,engine
Pleiades,29,56.86618307462328,24.104043358713692,engine
Pleiades,30,56.866182916433345,24.104043427464337,engine
Capella,-30,79.16812418850192,45.99685693600067,engine
Capella,-20,79.1681238051336,45.99685835031024,engine
Capella,-15,79.16812356041153,45.99685906006379,engine
Capella,-10,79.16812328024052,45.99685977103323,engine
Capella,-5,79.168122964574,45.99686048283059,engine
Capella,-2,79.16812275812325,45.99686091014468,engine
Capella,-1,79.1681226864636,45.99686105260335,engine
Capella,0,79.16812261338244,45.99686119506713,engine
Capella,1,79.16812253887971,45.99686133753294,engine
Capella,2,79.16812246295542,45.996861479997676,engine
Capella,3,79.16812238560955,45.99686162245819,engine
Capella,4,79.16812230684215,45.9968617649114,engine
Capella,5,79.16812222665328,45.99686190735418,engine
Capella,6,79.16812214504297,45.996862049783545,engine
Capella,7,79.16812206201146,45.99686219219615,engine
Capella,8,79.16812197755883,45.99686233458901,engine
Capella,9,79.16812189168525,45.99686247695902,engine
Capella,10,79.16812180439092,45.996862619303045,engine
Capella,11,79.16812171567608,45.996862761618004,engine
Capella,12,79.16812162554096,45.99686290390077,engine
Capella,13,79.16812153398585,45.996863046148256,engine
Capella,14,79.16812144101107,45.996863188357324,engine
Capella,15,79.16812134661696,45.996863330524896,engine
Capella,16,79.16812125080384,45.99686347264786,engine
Capella,17,79.16812115357207,45.996863614723196,engine
Capella,18,79.1681210549222,45.99686375674763,engine
Capella,19,79.1681209548546,45.99686389871813,engine
Capella,20,79.16812085336973,45.99686404063163,engine
Capella,21,79.16812075046809,45.99686418248501,engine
Capella,22,79.16812064615023,45.99686432427515,engine
Capella,23,79.16812054041667,45.99686446599898,engine
Capella,24,79.168120433268,45.99686460765341,engine
Capella,25,79.16812032470484,45.99686474923529,engine
Capella,26,79.16812021472782,45.99686489074162,engine
Capella,27,79.16812010333757,45.996865032169225,engine
Capella,28,79.16811999053483,45.996865173515054,engine
Capella,29,79.16811987632019,45.996865314776095,engine
Capella,30,79.16811976069458,45.996865455949084,engine
Sirius,-30,101.28185391868327,-16.72702741278272,engine
Sirius,-20,101.28185438590049,-16.727027811752322,engine
Sirius,-15,101.28185458531172,-16.727028016273945,engine
Sirius,-10,101.28185476158187,-16.727028223969267,engine
Sirius,-5,101.28185491446774,-16.727028434698312,engine
Sirius,-2,101.28185499487776,-16.727028562533096,engine
Sirius,-1,101.28185501978338,-16.72702860537075,engine
Sirius,0,101.28185504373718,-16.727028648319546,engine
Sirius,1,101.28185506673748,-16.727028691378305,engine
Sirius,2,101.28185508878254,-16.727028734545897,engine
Sirius,3,101.28185510987068,-16.727028777821165,engine
Sirius,4,101.28185513000021,-16.727028821202957,engine
Sirius,5,101.28185514916949,-16.72702886469012,engine
Sirius,6,101.28185516737688,-16.72702890828152,engine
Sirius,7,101.28185518462074,-16.727028951975928,engine
Sirius,8,101.28185520089946,-16.727028995772244,engine
Sirius,9,101.2818552162115,-16.727029039669272,engine
Sirius,10,101.28185523055527,-16.727029083665865,engine
Sirius,11,101.28185524392924,-16.727029127760847,engine
Sirius,12,101.28185525633185,-16.727029171953053,engine
Sirius,13,101.28185526776161,-16.727029216241313,engine
Sirius,14,101.28185527821705,-16.72702926062445,engine
Sirius,15,101.28185528769667,-16.72702930510129,engine
Sirius,16,101.28185529619903,-16.727029349670648,engine
Sirius,17,101.2818553037227,-16.727029394331392,engine
Sirius,18,101.28185531026625,-16.727029439082273,engine
Sirius,19,101.28185531582831,-16.727029483922134,engine
Sirius,20,101.28185532040746,-16.7270295288498,engine
Sirius,21,101.28185532400238,-16.727029573864087,engine
Sirius,22,101.2818553266117,-16.727029618963797,engine
Sirius,23,101.28185532823414,-16.727029664147757,engine
Sirius,24,101.28185532886836,-16.727029709414754,engine
Sirius,25,101.28185532851309,-16.727029754763624,engine
Sirius,26,101.28185532716705,-16.727029800193144,engine
Sirius,27,101.28185532482902,-16.72702984570215,engine
Sirius,28,101.28185532149776,-16.727029891289423,engine
Sirius,29,101.28185531717207,-16.7270299369538,engine
Sirius,30,101.28185531185075,-16.72702998269402,engine
Procyon,-30,114.82059600951021,5.2170637517504925,engine
Procyon,-20,114.82059686861518,5.217064026086172,engine
Procyon,-15,114.82059727025603,5.217064165411463,engine
Procyon,-10,114.82059765281778,5.217064306124896,engine
Procyon,-5,114.82059801595855,5.217064448188086,engine
Procyon,-2,114.82059822438204,5.217064534057632,engine
Procyon,-1,114.820598292264,5.217064562784193,engine
Procyon,0,114.82059835934538,5.217064591561916,engine
Procyon,1,114.82059842562371,5.21706462039048,engine
Procyon,2,114.82059849109632,5.217064649269562,engine
Procyon,3,114.8205985557608,5.217064678198844,engine
Procyon,4,114.82059861961454,5.217064707178005,engine
Procyon,5,114.82059868265513,5.217064736206713,engine
Procyon,6,114.82059874488009,5.217064765284673,engine
Procyon,7,114.82059880628688,5.217064794411514,engine
Procyon,8,114.82059886687308,5.2170648235869335,engine
Procyon,9,114.82059892663626,5.217064852810602,engine
Procyon,10,114.82059898557405,5.217064882082192,engine
Procyon,11,114.82059904368404,5.217064911401378,engine
Procyon,12,114.82059910096379,5.217064940767823,engine
Procyon,13,114.82059915741098,5.217064970181203,engine
Procyon,14,114.8205992130232,5.217064999641179,engine
Procyon,15,114.82059926779819,5.217065029147425,engine
Procyon,16,114.82059932173362,5.217065058699605,engine
Procyon,17,114.82059937482715,5.217065088297405,engine
Procyon,18,114.8205994270765,5.217065117940451,engine
Procyon,19,114.8205994784794,5.2170651476284275,engine
Procyon,20,114.82059952903357,5.217065177360993,engine
Procyon,21,114.82059957873682,5.2170652071378125,engine
Procyon,22,114.8205996275869,5.2170652369585495,engine
Procyon,23,114.8205996755816,5.217065266822862,engine
Procyon,24,114.82059972271875,5.21706529673041,engine
Procyon,25,114.82059976899612,5.217065326680853,engine
Procyon,26,114.82059981441165,5.217065356673844,engine
Procyon,27,114.8205998589631,5.217065386709051,engine
Procyon,28,114.8205999026484,5.217065416786124,engine
Procyon,29,114.82059994546546,5.217065446904739,engine
Procyon,30,114.82059998741214,5.21706547706451,engine
Alkaid,-30,206.8920818502536,49.31202638622691,engine
Alkaid,-20,206.8920843410007,49.312025773211836,engine
Alkaid,-15,206.89208562541506,49.31202548705204,engine
Alkaid,-10,206.89208693504463,49.31202521482776,engine
Alkaid,-5,206.89208826926568,49.31202495680837,engine
Alkaid,-2,206.892089081338,49.312024808924654,engine
Alkaid,-1,206.8920893539212,49.31202476079715,engine
Alkaid,0,206.892089627442,49.31202471325657,engine
Alkaid,1,206.8920899018952,49.31202466630494,engine
Alkaid,2,206.89209017727546,49.312024619944296,engine
Alkaid,3,206.89209045357765,49.31202457417658,engine
Alkaid,4,206.89209073079647,49.31202452900387,engine
Alkaid,5,206.89209100892654,49.31202448442807,engine
Alkaid,6,206.8920912879629,49.31202444045115,engine
Alkaid,7,206.89209156789974,49.3120243970751,engine
Alkaid,8,206.89209184873195,49.31202435430185,engine
Alkaid,9,206.89209213045416,49.31202431213335,engine
Alkaid,10,206.89209241306105,49.31202427057149,engine
Alkaid,11,206.89209269654717,49.3120242296182,engine
Alkaid,12,206.8920929809071,49.31202418927536,engine
Alkaid,13,206.8920932661355,49.312024149544875,engine
Alkaid,14,206.89209355222684,49.3120241104286,engine
Alkaid,15,206.89209383917574,49.31202407192842,engine
Alkaid,16,206.8920941269767,49.31202403404617,engine
Alkaid,17,206.8920944156244,49.312023996783644,engine
Alkaid,18,206.89209470511298,49.31202396014276,engine
Alkaid,19,206.8920949954371,49.31202392412529,engine
Alkaid,20,206.89209528659123,49.31202388873301,engine
Alkaid,21,206.89209557856978,49.31202385396776,engine
Alkaid,22,206.89209587136727,49.312023819831296,engine
Alkaid,23,206.89209616497803,49.312023786325376,engine
Alkaid,24,206.8920964593965,49.31202375345177,engine
Alkaid,25,206.89209675461706,49.3120237212122,engine
Alkaid,26,206.89209705063405,49.312023689608424,engine
Alkaid,27,206.89209734744188,49.312023658642126,engine
Alkaid,28,206.89209764503482,49.312023628315046,engine
Alkaid,29,206.89209794340746,49.31202359862885,engine
Alkaid,30,206.8920982425537,49.31202356958526,engine
Algorab,-30,187.4698138230591,-16.518756184812784,engine
Algorab,-20,187.4698157380126,-16.518755970682935,engine
Algorab,-15,187.4698167111985,-16.518755873299757,engine
Algorab,-10,187.4698176941668,-16.51875578245248,engine
Algorab,-5,187.46981868639426,-16.51875569819826,engine
Algorab,-2,187.46981928595554,-16.518755650832997,engine
Algorab,-1,187.46981948648798,-16.51875563557828,engine
Algorab,0,187.46981968735267,-16.518755620591097,engine
Algorab,1,187.46981988854535,-16.518755605871842,engine
Algorab,2,187.46982009006166,-16.518755591420902,engine
Algorab,3,187.46982029189743,-16.518755577238665,engine
Algorab,4,187.4698204940483,-16.5187555633255,engine
Algorab,5,187.46982069651,-16.518755549681803,engine
Algorab,6,187.46982089927837,-16.51875553630792,engine
Algorab,7,187.46982110234882,-16.518755523204238,engine
Algorab,8,187.46982130571718,-16.51875551037112,engine
Algorab,9,187.4698215093791,-16.5187554978089,engine
Algorab,10,187.46982171333033,-16.518755485517943,engine
Algorab,11,187.46982191756646,-16.51875547349859,engine
Algorab,12,187.4698221220832,-16.518755461751187,engine
Algorab,13,187.4698223268762,-16.51875545027605,engine
Algorab,14,187.4698225319411,-16.518755439073527,engine
Algorab,15,187.46982273727357,-16.51875542814393,engine
Algorab,16,187.46982294286926,-16.518755417487576,engine
Algorab,17,187.46982314872392,-16.518755407104784,engine
Algorab,18,187.46982335483293,-16.51875539699586,engine
Algorab,19,187.46982356119202,-16.518755387161118,engine
Algorab,20,187.46982376779687,-16.51875537760084,engine
Algorab,21,187.46982397464305,-16.51875536831531,engine
Algorab,22,187.46982418172624,-16.51875535930485,engine
Algorab,23,187.46982438904197,-16.518755350569712,engine
Algorab,24,187.46982459658588,-16.518755342110186,engine
Algorab,25,187.4698248043536,-16.51875533392654,engine
Algorab,26,187.4698250123407,-16.518755326019022,engine
Algorab,27,187.4698252205428,-16.518755318387928,engine
Algorab,28,187.46982542895543,-16.51875531103348,engine
Algorab,29,187.46982563757433,-16.518755303955945,engine
Algorab,30,187.46982584639485,-16.518755297155565,engine
Spica,-30,201.30330237835454,-11.163606150418453,engine
Spica,-20,201.30330411768722,-11.163605879500725,engine
Spica,-15,201.30330501050318,-11.163605749769399,engine
Spica,-10,201.30330591816664,-11.163605623941052,engine
Spica,-5,201.30330684022985,-11.163605502076772,engine
Spica,-2,201.30330740019056,-11.163605430885687,engine
Spica,-1,201.3033075879426,-11.163605407479356,engine
Spica,0,201.30330777623766,-11.163605384235806,engine
Spica,1,201.3033079650721,-11.163605361155483,engine
Spica,2,201.30330815444213,-11.163605338238847,engine
Spica,3,201.3033083443441,-11.163605315486326,engine
Spica,4,201.30330853477417,-11.163605292898378,engine
Spica,5,201.30330872572864,-11.163605270475427,engine
Spica,6,201.30330891720385,-11.163605248217918,engine
Spica,7,201.30330910919577,-11.163605226126293,engine
Spica,8,201.3033093017008,-11.163605204200978,engine
Spica,9,201.30330949471505,-11.16360518244239,engine
Spica,10,201.3033096882348,-11.163605160850969,engine
Spica,11,201.3033098822562,-11.163605139427117,engine
Spica,12,201.3033100767754,-11.163605118171265,engine
Spica,13,201.30331027178863,-11.163605097083817,engine
Spica,14,201.303310467292,-11.16360507616519,engine
Spica,15,201.30331066328165,-11.163605055415797,engine
Spica,16,201.30331085975376,-11.163605034836026,engine
Spica,17,201.30331105670456,-11.163605014426278,engine
Spica,18,201.30331125412994,-11.163604994186972,engine
Spica,19,201.30331145202612,-11.163604974118488,engine
Spica,20,201.30331165038916,-11.163604954221226,engine
Spica,21,201.30331184921525,-11.163604934495568,engine
Spica,22,201.30331204850037,-11.163604914941896,engine
Spica,23,201.30331224824067,-11.163604895560589,engine
Spica,24,201.3033124484322,-11.163604876352032,engine
Spica,25,201.303312649071,-11.163604857316601,engine
Spica,26,201.30331285015313,-11.163604838454663,engine
Spica,27,201.30331305167465,-11.163604819766586,engine
Spica,28,201.30331325363156,-11.163604801252744,engine
Spica,29,201.30331345602002,-11.163604782913469,engine
Spica,30,201.30331365883578,-11.163604764749152,engine
Arcturus,-30,213.91369294466858,19.16799884084555,engine
Arcturus,-20,213.91369452478625,19.167998587042348,engine
Arcturus,-15,213.9136953450687,19.167998467819174,engine
Arcturus,-10,213.9136961850072,19.167998353895086,engine
Arcturus,-5,213.91369704422053,19.167998245401993,engine
Arcturus,-2,213.91369756883816,19.16799818296695,engine
Arcturus,-1,213.91369774520663,19.16799816260486,engine
Arcturus,0,213.9136979223177,19.167998142469266,engine
Arcturus,1,213.91369810016823,19.167998122561162,engine
Arcturus,2,213.91369827875488,19.16799810288154,engine
Arcturus,3,213.91369845807444,19.167998083431407,engine
Arcturus,4,213.91369863812363,19.16799806421176,engine
Arcturus,5,213.91369881889915,19.167998045223573,engine
Arcturus,6,213.91369900039788,19.167998026467817,engine
Arcturus,7,213.9136991826162,19.167998007945503,engine
Arcturus,8,213.91369936555097,19.167997989657593,engine
Arcturus,9,213.91369954919878,19.167997971605054,engine
Arcturus,10,213.91369973355637,19.167997953788856,engine
Arcturus,11,213.9136999186203,19.167997936209947,engine
Arcturus,12,213.9137001043872,19.167997918869297,engine
Arcturus,13,213.91370029085368,19.167997901767837,engine
Arcturus,14,213.91370047801638,19.167997884906537,engine
Arcturus,15,213.91370066587186,19.167997868286335,engine
Arcturus,16,213.9137008544166,19.167997851908154,engine
Arcturus,17,213.91370104364742,19.167997835772933,engine
Arcturus,18,213.9137012335605,19.16799781988161,engine
Arcturus,19,213.91370142415255,19.167997804235103,engine
Arcturus,20,213.91370161542008,19.167997788834338,engine
Arcturus,21,213.91370180735956,19.167997773680217,engine
Arcturus,22,213.91370199996754,19.16799775877366,engine
Arcturus,23,213.91370219324043,19.167997744115553,engine
Arcturus,24,213.91370238717474,19.16799772970682,engine
Arcturus,25,213.91370258176687,19.167997715548346,engine
Arcturus,26,213.9137027770133,19.167997701641017,engine
Arcturus,27,213.91370297291047,19.16799768798572,engine
Arcturus,28,213.91370316945475,19.16799767458335,engine
Arcturus,29,213.91370336664272,19.167997661434754,engine
Arcturus,30,213.91370356447047,19.167997648540837,engine
Alphecca,-30,233.67815048940113,26.711370544313976,engine
Alphecca,-20,233.67815165004168,26.711369960518233,engine
Alphecca,-15,233.678152269364,26.711369674194994,engine
Alphecca,-10,233.67815291440513,26.71136939189117,engine
Alphecca,-5,233.67815358493817,26.711369113831523,engine
Alphecca,-2,233.67815399939494,26.711368949125752,engine
Alphecca,-1,233.67815413955816,26.711368894589476,engine
Alphecca,0,233.67815428072348,26.711368840238947,engine
Alphecca,1,233.67815442288895,26.711368786075916,engine
Alphecca,2,233.6781545660523,26.711368732102184,engine
Alphecca,3,233.6781547102117,26.711368678319467,engine
Alphecca,4,233.67815485536482,26.711368624729513,engine
Alphecca,5,233.6781550015097,26.71136857133407,engine
Alphecca,6,233.67815514864415,26.711368518134854,engine
Alphecca,7,233.67815529676594,26.71136846513365,engine
Alphecca,8,233.67815544587282,26.711368412332195,engine
Alphecca,9,233.67815559596275,26.71136835973217,engine
Alphecca,10,233.67815574703343,26.711368307335324,engine
Alphecca,11,233.67815589908264,26.71136825514337,engine
Alphecca,12,233.67815605210814,26.711368203158035,engine
Alphecca,13,233.67815620610753,26.711368151381023,engine
Alphecca,14,233.67815636107872,26.711368099814063,engine
Alphecca,15,233.67815651701923,26.711368048458837,engine
Alphecca,16,233.67815667392676,26.71136799731706,engine
Alphecca,17,233.67815683179907,26.711367946390393,engine
Alphecca,18,233.67815699063368,26.71136789568059,engine
Alphecca,19,233.67815715042815,26.7113678451893,engine
Alphecca,20,233.6781573111802,26.711367794918228,engine
Alphecca,21,233.6781574728873,26.711367744869037,engine
Alphecca,22,233.67815763554708,26.71136769504342,engine
Alphecca,23,233.678157799157,26.711367645443044,engine
Alphecca,24,233.6781579637147,26.711367596069543,engine
Alphecca,25,233.67815812921756,26.71136754692464,engine
Alphecca,26,233.67815829566317,26.711367498009956,engine
Alphecca,27,233.67815846304887,26.711367449327145,engine
Alphecca,28,233.67815863137218,26.711367400877858,engine
Alphecca,29,233.6781588006307,26.711367352663736,engine
Alphecca,30,233.67815897082153,26.71136730468645,engine
Vega,-30,279.23866432231506,38.78080856281619,engine
Vega,-20,279.2386638323772,38.780807522478746,engine
Vega,-15,279.23866363018146,38.78080699217386,engine
Vega,-10,279.2386634568928,38.78080645551999,engine
Vega,-5,279.2386633127875,38.78080591282719,engine
Vega,-2,279.238663240442,38.78080558444298,engine
Vega,-1,279.238663218692,38.78080547453526,engine
Vega,0,279.2386631981279,38.78080536440859,engine
Vega,1,279.23866317875155,38.7808052540655,engine
Vega,2,279.23866316056495,38.780805143508545,engine
Vega,3,279.23866314357,38.78080503274027,engine
Vega,4,279.2386631277685,38.7808049217632,engine
Vega,5,279.2386631131624,38.780804810579895,engine
Vega,6,279.23866309975335,38.78080469919285,engine
Vega,7,279.2386630875434,38.78080458760475,engine
Vega,8,279.2386630765341,38.78080447581811,engine
Vega,9,279.2386630667274,38.78080436383547,engine
Vega,10,279.2386630581249,38.78080425165942,engine
Vega,11,279.2386630507284,38.78080413929251,engine
Vega,12,279.2386630445395,38.780804026737364,engine
Vega,13,279.23866303956,38.780803913996515,engine
Vega,14,279.2386630357914,38.78080380107257,engine
Vega,15,279.2386630332354,38.78080368796812,engine
Vega,16,279.23866303189357,38.780803574685756,engine
Vega,17,279.23866303176743,38.78080346122798,engine
Vega,18,279.23866303285865,38.78080334759757,engine
Vega,19,279.23866303516866,38.78080323379702,engine
Vega,20,279.23866303869903,38.78080311982898,engine
Vega,21,279.23866304345125,38.780803005696,engine
Vega,22,279.2386630494266,38.78080289140075,engine
Vega,23,279.23866305662676,38.78080277694581,engine
Vega,24,279.238663065053,38.780802662333805,engine
Vega,25,279.23866307470666,38.78080254756736,engine
Vega,26,279.2386630855892,38.7808024326491,engine
Vega,27,279.23866309770204,38.78080231758163,engine
Vega,28,279.2386631110463,38.78080220236763,engine
Vega,29,279.23866312562336,38.780802087009604,engine
Vega,30,279.2386631414345,38.78080197151035,engine
Deneb Algedi,-30,326.7593391869597,-16.12975073517804,engine
Deneb Algedi,-20,326.75933751881524,-16.12975034965644,engine
Deneb Algedi,-15,326.7593366958231,-16.129750147108833,engine
Deneb Algedi,-10,326.75933588093324,-16.12974993809704,engine
Deneb Algedi,-5,326.7593350746774,-16.12974972267005,engine
Deneb Algedi,-2,326.75933459528795,-16.129749590356184,engine
Deneb Algedi,-1,326.7593344362441,-16.129749545744534,engine
Deneb Algedi,0,326.75933427758343,-16.129749500880113,engine
Deneb Algedi,1,326.75933411931015,-16.129749455763378,engine
Deneb Algedi,2,326.7593339614286,-16.129749410394766,engine
Deneb Algedi,3,326.75933380394264,-16.12974936477476,engine
Deneb Algedi,4,326.75933364685665,-16.1297493189038,engine
Deneb Algedi,5,326.7593334901747,-16.129749272782387,engine
Deneb Algedi,6,326.75933333390077,-16.12974922641095,engine
Deneb Algedi,7,326.7593331780393,-16.12974917979003,engine
Deneb Algedi,8,326.75933302259415,-16.129749132920082,engine
Deneb Algedi,9,326.75933286756964,-16.1297490858016,engine
Deneb Algedi,10,326.7593327129697,-16.129749038435065,engine
Deneb Algedi,11,326.7593325587985,-16.12974899082099,engine
Deneb Algedi,12,326.7593324050601,-16.12974894295988,engine
Deneb Algedi,13,326.7593322517586,-16.12974889485224,engine
Deneb Algedi,14,326.759332098898,-16.129748846498575,engine
Deneb Algedi,15,326.7593319464825,-16.129748797899413,engine
Deneb Algedi,16,326.7593317945161,-16.129748749055278,engine
Deneb Algedi,17,326.75933164300267,-16.129748699966658,engine
Deneb Algedi,18,326.75933149194645,-16.129748650634156,engine
Deneb Algedi,19,326.7593313413514,-16.129748601058274,engine
Deneb Algedi,20,326.7593311912217,-16.12974855123955,engine
Deneb Algedi,21,326.75933104156104,-16.12974850117853,engine
Deneb Algedi,22,326.7593308923737,-16.129748450875777,engine
Deneb Algedi,23,326.7593307436635,-16.129748400331827,engine
Deneb Algedi,24,326.7593305954345,-16.129748349547256,engine
Deneb Algedi,25,326.7593304476907,-16.129748298522617,engine
Deneb Algedi,26,326.7593303004359,-16.129748247258494,engine
Deneb Algedi,27,326.7593301536742,-16.129748195755447,engine
Deneb Algedi,28,326.7593300074096,-16.12974814401406,engine
Deneb Algedi,29,326.7593298616458,-16.12974809203488,engine
Deneb Algedi,30,326.759329716387,-16.129748039818566,engine
Rigel,-30,78.63103679068256,-8.204193764730995,engine
Rigel,-20,78.63103650227688,-8.204193902272882,engine
Rigel,-15,78.63103632081469,-8.204193971586296,engine
Rigel,-10,78.63103611445632,-8.204194041159283,engine
Rigel,-5,78.63103588317416,-8.204194110915148,engine
Rigel,-2,78.63103573243447,-8.204194152824495,engine
Rigel,-1,78.63103568019244,-8.204194166799894,engine
Rigel,0,78.63103562695262,-8.20419418077708,engine
Rigel,1,78.63103557271505,-8.204194194755425,engine
Rigel,2,78.63103551747976,-8.204194208734329,engine
Rigel,3,78.63103546124675,-8.20419422271317,engine
Rigel,4,78.63103540401615,-8.204194236691341,engine
Rigel,5,78.63103534578799,-8.204194250668214,engine
Rigel,6,78.63103528656237,-8.204194264643192,engine
Rigel,7,78.63103522633946,-8.204194278615638,engine
Rigel,8,78.6310351651194,-8.204194292584946,engine
Rigel,9,78.63103510290235,-8.204194306550502,engine
Rigel,10,78.63103503968846,-8.204194320511695,engine
Rigel,11,78.63103497547793,-8.204194334467905,engine
Rigel,12,78.63103491027101,-8.20419434841852,engine
Rigel,13,78.63103484406791,-8.204194362362921,engine
Rigel,14,78.6310347768689,-8.204194376300505,engine
Rigel,15,78.63103470867426,-8.204194390230644,engine
Rigel,16,78.63103463948428,-8.204194404152728,engine
Rigel,17,78.63103456929922,-8.204194418066159,engine
Rigel,18,78.63103449811952,-8.204194431970295,engine
Rigel,19,78.63103442594547,-8.204194445864543,engine
Rigel,20,78.63103435277746,-8.204194459748276,engine
Rigel,21,78.63103427861586,-8.20419447362089,engine
Rigel,22,78.63103420346108,-8.20419448748177,engine
Rigel,23,78.63103412731357,-8.204194501330297,engine
Rigel,24,78.63103405017377,-8.204194515165867,engine
Rigel,25,78.63103397204213,-8.204194528987866,engine
Rigel,26,78.63103389291916,-8.20419454279568,engine
Rigel,27,78.63103381280534,-8.204194556588694,engine
Rigel,28,78.63103373170121,-8.204194570366301,engine
Rigel,29,78.63103364960723,-8.2041945841279,engine
Rigel,30,78.63103356652411,-8.204194597872856,engine
Betelgeuse,-30,88.79044449360144,7.405731990593904,engine
Betelgeuse,-20,88.79044453858559,7.405732357236248,engine
Betelgeuse,-15,88.79044452506513,7.405732541751818,engine
Betelgeuse,-10,88.79044448735294,7.405732726973344,engine
Betelgeuse,-5,88.79044442532594,7.405732912832739,engine
Betelgeuse,-2,88.7904443763918,7.405733024626066,engine
Betelgeuse,-1,88.79044435812241,7.405733061933501,engine
Betelgeuse,0,88.79044433887272,7.405733099261516,engine
Betelgeuse,1,88.79044431864195,7.4057331366095545,engine
Betelgeuse,2,88.79044429742936,7.405733173977077,engine
Betelgeuse,3,88.79044427523421,7.405733211363521,engine
Betelgeuse,4,88.79044425205583,7.405733248768341,engine
Betelgeuse,5,88.79044422789352,7.405733286190987,engine
Betelgeuse,6,88.79044420274661,7.405733323630924,engine
Betelgeuse,7,88.79044417661444,7.405733361087559,engine
Betelgeuse,8,88.79044414949642,7.405733398560356,engine
Betelgeuse,9,88.79044412139193,7.405733436048766,engine
Betelgeuse,10,88.79044409230035,7.405733473552234,engine
Betelgeuse,11,88.79044406222111,7.405733511070204,engine
Betelgeuse,12,88.7904440311537,7.40573354860213,engine
Betelgeuse,13,88.79044399909753,7.4057335861474485,engine
Betelgeuse,14,88.79044396605214,7.405733623705609,engine
Betelgeuse,15,88.79044393201698,7.405733661276054,engine
Betelgeuse,16,88.79044389699163,7.4057336988582305,engine
Betelgeuse,17,88.79044386097554,7.405733736451614,engine
Betelgeuse,18,88.79044382396839,7.405733774055587,engine
Betelgeuse,19,88.79044378596969,7.405733811669629,engine
Betelgeuse,20,88.79044374697904,7.405733849293177,engine
Betelgeuse,21,88.79044370699607,7.405733886925681,engine
Betelgeuse,22,88.79044366602041,7.40573392456658,engine
Betelgeuse,23,88.79044362405173,7.405733962215321,engine
Betelgeuse,24,88.79044358108969,7.405733999871344,engine
Betelgeuse,25,88.790443537134,7.405734037534092,engine
Betelgeuse,26,88.79044349218432,7.405734075203013,engine
Betelgeuse,27,88.79044344624046,7.405734112877546,engine
Betelgeuse,28,88.79044339930212,7.4057341505571355,engine
Betelgeuse,29,88.79044335136905,7.405734188241252,engine
Betelgeuse,30,88.79044330244112,7.405734225929282,engine
Polaris,-30,37.570582581529614,89.26480871396734,engine
Polaris,-20,37.57047138616238,89.26480991864493,engine
Polaris,-15,37.5704134506281,89.26481049927332,engine
Polaris,-10,37.57035399001148,89.26481106484967,engine
Polaris,-5,37.570293030318815,89.26481161494924,engine
Polaris,-2,37.570255746050194,89.26481193740611,engine
Polaris,-1,37.57024320118829,89.26481204360476,engine
Polaris,0,37.57023059830718,89.26481214915451,engine
Polaris,1,37.570217937628584,89.26481225405205,engine
Polaris,2,37.57020521937548,89.26481235829415,engine
Polaris,3,37.57019244377185,89.26481246187761,engine
Polaris,4,37.57017961104287,89.26481256479919,engine
Polaris,5,37.57016672141469,89.2648126670557,engine
Polaris,6,37.570153775105965,89.26481276864399,engine
Polaris,7,37.57014077236242,89.26481286956077,engine
Polaris,8,37.57012771340493,89.26481296980295,engine
Polaris,9,37.57011459846398,89.26481306936735,engine
Polaris,10,37.57010142777125,89.26481316825085,engine
Polaris,11,37.570088201559386,89.26481326645033,engine
Polaris,12,37.57007492006219,89.26481336396266,engine
Polaris,13,37.57006158351446,89.26481346078474,engine
Polaris,14,37.57004819215211,89.2648135569135,engine
Polaris,15,37.57003474621203,89.26481365234584,engine
Polaris,16,37.570021245932224,89.26481374707872,engine
Polaris,17,37.57000769154254,89.26481384110916,engine
Polaris,18,37.56999408330129,89.26481393443397,engine
Polaris,19,37.56998042144043,89.26481402705024,engine
Polaris,20,37.569966706202116,89.26481411895492,engine
Polaris,21,37.56995293782943,89.26481421014503,engine
Polaris,22,37.56993911656658,89.26481430061762,engine
Polaris,23,37.56992524265871,89.26481439036968,engine
Polaris,24,37.569911316352034,89.26481447939828,engine
Polaris,25,37.56989733789369,89.2648145677005,engine
Polaris,26,37.569883307531875,89.26481465527338,engine
Polaris,27,37.569869225515816,89.26481474211403,engine
Polaris,28,37.569855092095594,89.26481482821956,engine
Polaris,29,37.56984090751288,89.26481491358713,engine
Polaris,30,37.56982667203886,89.26481499821377,engine
Castor,-30,113.64748012158113,31.888453816119796,engine
Castor,-20,113.6474810917813,31.888454807599288,engine
Castor,-15,113.6474815435621,31.888455315902245,engine
Castor,-10,113.64748197259053,31.888455832286446,engine
Castor,-5,113.64748237847569,31.88845635652659,engine
Castor,-2,113.64748261073946,31.888456674746283,engine
Castor,-1,113.64748268626492,31.888456781421006,engine
Castor,0,113.64748276083756,31.888456888393364,engine
Castor,1,113.64748283445452,31.88845699566149,engine
Castor,2,113.64748290711287,31.8884571032235,engine
Castor,3,113.64748297880972,31.88845721107751,engine
Castor,4,113.64748304954223,31.888457319221626,engine
Castor,5,113.64748311930755,31.888457427653943,engine
Castor,6,113.64748318810295,31.88845753637266,engine
Castor,7,113.64748325592548,31.888457645375688,engine
Castor,8,113.6474833227724,31.888457754661196,engine
Castor,9,113.64748338864098,31.888457864227295,engine
Castor,10,113.64748345352848,31.888457974072022,engine
Castor,11,113.64748351743211,31.888458084193473,engine
Castor,12,113.64748358034925,31.8884581945897,engine
Castor,13,113.64748364227714,31.88845830525876,engine
Castor,14,113.64748370321314,31.888458416198713,engine
Castor,15,113.6474837631546,31.88845852740763,engine
Castor,16,113.64748382209883,31.888458638883506,engine
Castor,17,113.64748388004335,31.8884587506245,engine
Castor,18,113.64748393698541,31.88845886262848,engine
Castor,19,113.64748399292252,31.88845897489355,engine
Castor,20,113.64748404785212,31.888459087417743,engine
Castor,21,113.64748410177164,31.88845920019907,engine
Castor,22,113.64748415467858,31.888459313235543,engine
Castor,23,113.64748420657044,31.888459426525163,engine
Castor,24,113.64748425744476,31.888459540065973,engine
Castor,25,113.64748430729907,31.888459653855914,engine
Castor,26,113.64748435613092,31.888459767893043,engine
Castor,27,113.6474844039379,31.888459882175308,engine
Castor,28,113.6474844507176,31.888459996700696,engine
Castor,29,113.64748449646767,31.888460111467285,engine
Castor,30,113.64748454118569,31.88846022647289,engine
Altair,-30,297.6993663585728,8.86792571797033,engine
Altair,-20,297.6993654094286,8.867925600191777,engine
Altair,-15,297.6993649617074,8.867925537253578,engine
Altair,-10,297.69936453238887,8.867925471696218,engine
Altair,-5,297.69936412183847,8.867925403581337,engine
Altair,-2,297.6993638846659,8.867925361510919,engine
Altair,-1,297.6993638071514,8.867925347290253,engine
Altair,0,297.69936373041315,8.867925332971847,engine
Altair,1,297.6993636544538,8.867925318556212,engine
Altair,2,297.69936357927617,8.86792530404387,engine
Altair,3,297.69936350488285,8.86792528943535,engine
Altair,4,297.6993634312766,8.867925274731158,engine
Altair,5,297.6993633584602,8.867925259931823,engine
Altair,6,297.69936328643615,8.867925245037867,engine
Altair,7,297.69936321520726,8.867925230049838,engine
Altair,8,297.69936314477616,8.867925214968245,engine
Altair,9,297.6993630751454,8.86792519979363,engine
Altair,10,297.6993630063177,8.86792518452652,engine
Altair,11,297.69936293829556,8.867925169167451,engine
Altair,12,297.6993628710816,8.86792515371696,engine
Altair,13,297.6993628046784,8.867925138175586,engine
Altair,14,297.69936273908854,8.867925122543864,engine
Altair,15,297.69936267431444,8.867925106822343,engine
Altair,16,297.6993626103588,8.867925091011568,engine
Altair,17,297.69936254722387,8.867925075112057,engine
Altair,18,297.69936248491246,8.867925059124396,engine
Altair,19,297.69936242342675,8.867925043049116,engine
Altair,20,297.6993623627694,8.867925026886764,engine
Altair,21,297.69936230294275,8.8679250106379,engine
Altair,22,297.69936224394934,8.86792499430308,engine
Altair,23,297.6993621857914,8.867924977882842,engine
Altair,24,297.6993621284715,8.867924961377756,engine
Altair,25,297.6993620719919,8.867924944788383,engine
Altair,26,297.69936201635505,8.867924928115274,engine
Altair,27,297.6993619615632,8.867924911358998,engine
Altair,28,297.69936190761877,8.867924894520115,engine
Altair,29,297.69936185452394,8.867924877599178,engine
Altair,30,297.6993618022812,8.867924860596773,engine
Bellatrix,-30,81.27947587148269,6.348090680278412,engine
Bellatrix,-20,81.2794756705633,6.348091011761498,engine
Bellatrix,-15,81.27947553319248,6.348091177992451,engine
Bellatrix,-10,81.27947537112456,6.34809134447018,engine
Bellatrix,-5,81.27947518430699,6.348091511134968,engine
Bellatrix,-2,81.27947506031921,6.3480916111987185,engine
Bellatrix,-1,81.27947501700548,6.348091644561243,engine
Bellatrix,0,81.27947497269913,6.348091677926935,engine
Bellatrix,1,81.27947492739997,6.348091711295324,engine
Bellatrix,2,81.27947488110784,6.348091744665923,engine
Bellatrix,3,81.27947483382259,6.348091778038255,engine
Bellatrix,4,81.27947478554407,6.348091811411842,engine
Bellatrix,5,81.27947473627215,6.348091844786203,engine
Bellatrix,6,81.27947468600674,6.348091878160881,engine
Bellatrix,7,81.27947463474779,6.348091911535352,engine
Bellatrix,8,81.27947458249524,6.348091944909157,engine
Bellatrix,9,81.27947452924901,6.348091978281822,engine
Bellatrix,10,81.27947447500912,6.348092011652859,engine
Bellatrix,11,81.27947441977555,6.348092045021801,engine
Bellatrix,12,81.2794743635483,6.348092078388153,engine
Bellatrix,13,81.27947430632744,6.348092111751445,engine
Bellatrix,14,81.279474248113,6.348092145111199,engine
Bellatrix,15,81.27947418890507,6.348092178466934,engine
Bellatrix,16,81.27947412870373,6.348092211818169,engine
Bellatrix,17,81.27947406750904,6.3480922451644455,engine
Bellatrix,18,81.27947400532125,6.348092278505247,engine
Bellatrix,19,81.27947394214043,6.3480923118401105,engine
Bellatrix,20,81.27947387796678,6.3480923451685625,engine
Bellatrix,21,81.27947381280048,6.348092378490118,engine
Bellatrix,22,81.27947374664171,6.348092411804303,engine
Bellatrix,23,81.27947367949074,6.348092445110641,engine
Bellatrix,24,81.27947361134777,6.348092478408648,engine
Bellatrix,25,81.2794735422131,6.34809251169785,engine
Bellatrix,26,81.27947347208699,6.348092544977769,engine
Bellatrix,27,81.27947340096976,6.348092578247926,engine
Bellatrix,28,81.27947332886173,6.348092611507847,engine
Bellatrix,29,81.27947325576318,6.348092644757073,engine
Bellatrix,30,81.27947318167456,6.3480926779950835,engine
