body,minute,ra,dec,source
Aldebaran,-30,68.97636596387738,16.507165195074247,engine
Aldebaran,-20,68.97636605074437,16.507165832107333,engine
Aldebaran,-15,68.97636605481236,16.507166152874728,engine
Aldebaran,-10,68.97636603248132,16.50716647493259,engine
Aldebaran,-5,68.97636598365047,16.50716679812268,engine
Aldebaran,-2,68.97636594159488,16.507166992514104,engine
Aldebaran,-1,68.97636592544632,16.507167057383175,engine
Aldebaran,0,68.97636590823176,16.507167122286067,engine
Aldebaran,1,68.97636588995061,16.507167187221526,engine
Aldebaran,2,68.97636587060235,16.507167252188275,engine
Aldebaran,3,68.97636585018648,16.507167317185026,engine
Aldebaran,4,68.97636582870247,16.50716738221052,engine
Aldebaran,5,68.97636580614984,16.507167447263445,engine
Aldebaran,6,68.97636578252813,16.5071675123426,engine
Aldebaran,7,68.97636575783693,16.5071675774466,engine
Aldebaran,8,68.9763657320758,16.507167642574206,engine
Aldebaran,9,68.97636570524433,16.507167707724154,engine
Aldebaran,10,68.97636567734217,16.50716777289515,engine
Aldebaran,11,68.97636564836894,16.507167838085916,engine
Aldebaran,12,68.97636561832431,16.50716790329518,engine
Aldebaran,13,68.97636558720798,16.507167968521642,engine
Aldebaran,14,68.97636555501961,16.50716803376404,engine
Aldebaran,15,68.97636552175898,16.50716809902107,engine
Aldebaran,16,68.97636548742581,16.507168164291464,engine
Aldebaran,17,68.97636545201983,16.507168229573978,engine
Aldebaran,18,68.9763654155409,16.507168294867252,engine
Aldebaran,19,68.97636537798876,16.507168360170024,engine
Aldebaran,20,68.97636533936328,16.507168425481034,engine
Aldebaran,21,68.97636529966431,16.507168490798968,engine
Aldebaran,22,68.9763652588917,16.507168556122576,engine
Aldebaran,23,68.97636521704534,16.507168621450557,engine
Aldebaran,24,68.97636517412514,16.507168686781625,engine
Aldebaran,25,68.97636513013104,16.507168752114545,engine
Aldebaran,26,68.97636508506302,16.5071688174479,engine
Aldebaran,27,68.97636503892099,16.507168882780537,engine
Aldebaran,28,68.97636499170495,16.507168948111136,engine
Aldebaran,29,68.97636494341491,16.507169013438446,engine
Aldebaran,30,68.97636489405096,16.50716907876109,engine
Antares,-30,247.35643991465886,-26.432488657749257,engine
Antares,-20,247.35643988109564,-26.432487735889286,engine
Antares,-15,247.35643990670096,-26.432487271872734,engine
Antares,-10,247.35643996070712,-26.432486806128825,engine
Antares,-5,247.35644004320446,-26.432486338906184,engine
Antares,-2,247.35644010641104,-26.432486057966617,engine
Antares,-1,247.35644012976792,-26.432485964231077,engine
Antares,0,247.35644015426956,-26.43248587045438,engine
Antares,1,247.3564401799165,-26.432485776638504,engine
Antares,2,247.35644020670912,-26.43248568278547,engine
Antares,3,247.3564402346479,-26.43248558889727,engine
Antares,4,247.35644026373316,-26.432485494975918,engine
Antares,5,247.3564402939654,-26.4324854010234,engine
Antares,6,247.3564403253448,-26.43248530704168,engine
Antares,7,247.3564403578718,-26.43248521303288,engine
Antares,8,247.3564403915467,-26.432485118998947,engine
Antares,9,247.35644042636974,-26.43248502494188,engine
Antares,10,247.35644046234117,-26.432484930863694,engine
Antares,11,247.35644049946129,-26.432484836766413,engine
Antares,12,247.35644053773026,-26.432484742652004,engine
Antares,13,247.3564405771484,-26.432484648522507,engine
Antares,14,247.3564406177157,-26.43248455437993,engine
Antares,15,247.35644065943245,-26.432484460226267,engine
Antares,16,247.3564407022987,-26.432484366063534,engine
Antares,17,247.3564407463146,-26.432484271893685,engine
Antares,18,247.35644079148022,-26.43248417771884,engine
Antares,19,247.35644083779567,-26.432484083540967,engine
Antares,20,247.3564408852609,-26.43248398936206,engine
Antares,21,247.356440933876,-26.432483895184134,engine
Antares,22,247.35644098364094,-26.43248380100919,engine
Antares,23,247.3564410345557,-26.432483706839253,engine
Antares,24,247.35644108662026,-26.43248361267632,engine
Antares,25,247.35644113983457,-26.432483518522346,engine
Antares,26,247.3564411941984,-26.432483424379516,engine
Antares,27,247.35644124971185,-26.43248333024967,engine
Antares,28,247.35644130637456,-26.43248323613487,engine
Antares,29,247.35644136418662,-26.432483142037054,engine
Antares,30,247.35644142314763,-26.43248304795837,engine
Ceres,-30,78.04544615214684,25.488783458715695,engine
Ceres,-20,78.04826712041347,25.489183675586972,engine
Ceres,-15,78.04967746946899,25.489383636144655,engine
Ceres,-10,78.05108773477002,25.48958349682124,engine
Ceres,-5,78.0524979217188,25.48978325678953,engine
Ceres,-2,78.05334399799195,25.48990306400031,engine
Ceres,-1,78.05362601780276,25.48994299160035,engine
Ceres,0,78.05390803473684,25.489982915084827,engine
Ceres,1,78.05419004892602,25.490022834471485,engine
Ceres,2,78.05447206041069,25.49006274975396,engine
Ceres,3,78.0547540692314,25.490102660925977,engine
Ceres,4,78.05503607552015,25.49014256800545,engine
Ceres,5,78.05531807913486,25.49018247093794,engine
Ceres,6,78.05560008039674,25.490222369768258,engine
Ceres,7,78.05588207896842,25.490262264436918,engine
Ceres,8,78.05616407507988,25.4903021549647,engine
Ceres,9,78.05644606877205,25.49034204134577,engine
Ceres,10,78.0567280601773,25.490381923598438,engine
Ceres,11,78.05701004915403,25.4904218016687,engine
Ceres,12,78.05729203583469,25.49046167557503,engine
Ceres,13,78.0575740202605,25.490501545311844,engine
Ceres,14,78.05785600247279,25.490541410873632,engine
Ceres,15,78.05813798251282,25.490581272254918,engine
Ceres,16,78.05841996042201,25.490621129450343,engine
Ceres,17,78.05870193652227,25.490660982505467,engine
Ceres,18,78.05898391029422,25.4907008313133,engine
Ceres,19,78.05926588205986,25.490740675919543,engine
Ceres,20,78.05954785186084,25.49078051631911,engine
Ceres,21,78.05982981973885,25.490820352506972,engine
Ceres,22,78.06011178573564,25.490860184478155,engine
Ceres,23,78.060393749893,25.49090001222781,engine
Ceres,24,78.06067571225277,25.490939835751085,engine
Ceres,25,78.06095767285544,25.490979655043446,engine
Ceres,26,78.06123963164816,25.491019470097303,engine
Ceres,27,78.06152158886692,25.491059280913337,engine
Ceres,28,78.0618035444561,25.49109908748448,engine
Ceres,29,78.06208549864684,25.49113888983295,engine
Ceres,30,78.06236745110319,25.491178687901,engine
Chiron,-30,11.200903905396613,6.924530565024129,engine
Chiron,-20,11.201268740441922,6.924680929627561,engine
Chiron,-15,11.201451165948118,6.924756102938679,engine
Chiron,-10,11.201633598016269,6.924831270271921,engine
Chiron,-5,11.20181603764327,6.924906431672287,engine
Chiron,-2,11.201925505416368,6.924951525665827,engine
Chiron,-1,11.201961995387386,6.924966556524835,engine
Chiron,0,11.201998485727568,6.924981587148159,engine
Chiron,1,11.202034976440338,6.924996617534864,engine
Chiron,2,11.20207146754131,6.925011647687565,engine
Chiron,3,11.202107959033881,6.925026677605335,engine
Chiron,4,11.202144450925527,6.925041707288436,engine
Chiron,5,11.202180943223675,6.9250567367371225,engine
Chiron,6,11.20221743595619,6.925071765960564,engine
Chiron,7,11.20225392908969,6.925086794941238,engine
Chiron,8,11.202290422652005,6.925101823688311,engine
Chiron,9,11.202326916650552,6.925116852202072,engine
Chiron,10,11.20236341109273,6.9251318804827955,engine
Chiron,11,11.202399905981865,6.925146908529588,engine
Chiron,12,11.202436401333468,6.925161936345102,engine
Chiron,13,11.202472897150852,6.92517696392845,engine
Chiron,14,11.202509393441373,6.925191991279935,engine
Chiron,15,11.202545890212386,6.925207018399855,engine
Chiron,16,11.202582387467162,6.925222045287339,engine
Chiron,17,11.202618885245634,6.925237071955132,engine
Chiron,18,11.202655383502112,6.925252098382216,engine
Chiron,19,11.202691882268368,6.925267124578984,engine
Chiron,20,11.202728381547645,6.92528215054458,engine
Chiron,21,11.202764881355337,6.9252971762816875,engine
Chiron,22,11.202801381694664,6.9253122017894535,engine
Chiron,23,11.202837882572881,6.925327227068221,engine
Chiron,24,11.202874383993176,6.9253422521171375,engine
Chiron,25,11.202910885970654,6.925357276938898,engine
Chiron,26,11.202947388484503,6.925372301522612,engine
Chiron,27,11.20298389159064,6.925387325888775,engine
Chiron,28,11.20302039527178,6.925402350027652,engine
Chiron,29,11.20305689955552,6.9254173739485,engine
Chiron,30,11.203093404408214,6.925432397633893,engine
Eris,-30,26.382031295544767,-1.0663601120180648,tno-rate
Eris,-20,26.38209747697483,-1.0663301678532873,tno-rate
Eris,-15,26.382130567689863,-1.0663151957708985,tno-rate
Eris,-10,26.382163658404895,-1.0663002236885095,tno-rate
Eris,-5,26.382196749119927,-1.0662852516061208,tno-rate
Eris,-2,26.382216603548947,-1.0662762683566875,tno-rate
Eris,-1,26.38222322169195,-1.0662732739402097,tno-rate
Eris,0,26.38222983983496,-1.066270279523732,tno-rate
Eris,1,26.382236457977967,-1.0662672851072543,tno-rate
Eris,2,26.38224307612097,-1.0662642906907764,tno-rate
Eris,3,26.38224969426398,-1.0662612962742988,tno-rate
Eris,4,26.382256312406984,-1.066258301857821,tno-rate
Eris,5,26.38226293054999,-1.0662553074413432,tno-rate
Eris,6,26.382269548693,-1.0662523130248653,tno-rate
Eris,7,26.382276166836004,-1.0662493186083877,tno-rate
Eris,8,26.38228278497901,-1.0662463241919098,tno-rate
Eris,9,26.382289403122016,-1.0662433297754321,tno-rate
Eris,10,26.382296021265024,-1.0662403353589545,tno-rate
Eris,11,26.38230263940803,-1.0662373409424766,tno-rate
Eris,12,26.382309257551036,-1.066234346525999,tno-rate
Eris,13,26.382315875694044,-1.066231352109521,tno-rate
Eris,14,26.38232249383705,-1.0662283576930434,tno-rate
Eris,15,26.382329111980056,-1.0662253632765655,tno-rate
Eris,16,26.382335730123064,-1.0662223688600878,tno-rate
Eris,17,26.382342348266068,-1.0662193744436101,tno-rate
Eris,18,26.382348966409076,-1.0662163800271323,tno-rate
Eris,19,26.382355584552084,-1.0662133856106546,tno-rate
Eris,20,26.382362202695088,-1.0662103911941767,tno-rate
Eris,21,26.382368820838096,-1.066207396777699,tno-rate
Eris,22,26.3823754389811,-1.0662044023612212,tno-rate
Eris,23,26.382382057124108,-1.0662014079447435,tno-rate
Eris,24,26.382388675267116,-1.0661984135282656,tno-rate
Eris,25,26.38239529341012,-1.066195419111788,tno-rate
Eris,26,26.382401911553128,-1.0661924246953103,tno-rate
Eris,27,26.382408529696132,-1.0661894302788324,tno-rate
Eris,28,26.38241514783914,-1.0661864358623547,tno-rate
Eris,29,26.382421765982148,-1.0661834414458768,tno-rate
Eris,30,26.382428384125152,-1.0661804470293992,tno-rate
Fomalhaut,-30,344.410763115914,-29.62316004389194,engine
Fomalhaut,-20,344.41076105573035,-29.62316005775356,engine
Fomalhaut,-15,344.4107600122202,-29.623160046546435,engine
Fomalhaut,-10,344.41075896059147,-29.62316002314039,engine
Fomalhaut,-5,344.4107579014691,-29.623159987462422,engine
Fomalhaut,-2,344.41075726266024,-29.623159960137,engine
Fomalhaut,-1,344.4107570491983,-29.623159950039025,engine
Fomalhaut,0,344.41075683548206,-29.623159939445507,engine
Fomalhaut,1,344.4107566215164,-29.623159928355943,engine
Fomalhaut,2,344.4107564073065,-29.6231599167699,engine
Fomalhaut,3,344.41075619285743,-29.62315990468693,engine
Fomalhaut,4,344.4107559781743,-29.623159892106568,engine
Fomalhaut,5,344.4107557632621,-29.623159879028403,engine
Fomalhaut,6,344.41075554812585,-29.62315986545198,engine
Fomalhaut,7,344.4107553327709,-29.623159851376933,engine
Fomalhaut,8,344.41075511720226,-29.623159836802824,engine
Fomalhaut,9,344.4107549014249,-29.623159821729285,engine
Fomalhaut,10,344.41075468544415,-29.62315980615589,engine
Fomalhaut,11,344.41075446926493,-29.623159790082287,engine
Fomalhaut,12,344.4107542528924,-29.62315977350813,engine
Fomalhaut,13,344.4107540363317,-29.62315975643303,engine
Fomalhaut,14,344.4107538195879,-29.62315973885666,engine
Fomalhaut,15,344.4107536026662,-29.62315972077867,engine
Fomalhaut,16,344.4107533855717,-29.623159702198752,engine
Fomalhaut,17,344.4107531683094,-29.623159683116565,engine
Fomalhaut,18,344.4107529508846,-29.623159663531833,engine
Fomalhaut,19,344.4107527333024,-29.62315964344422,engine
Fomalhaut,20,344.410752515568,-29.62315962285346,engine
Fomalhaut,21,344.41075229768643,-29.62315960175928,engine
Fomalhaut,22,344.41075207966287,-29.623159580161385,engine
Fomalhaut,23,344.41075186150255,-29.623159558059534,engine
Fomalhaut,24,344.41075164321046,-29.623159535453485,engine
Fomalhaut,25,344.4107514247917,-29.623159512342976,engine
Fomalhaut,26,344.4107512062519,-29.623159488727804,engine
Fomalhaut,27,344.4107509875958,-29.623159464607706,engine
Fomalhaut,28,344.41075076882856,-29.6231594399825,engine
Fomalhaut,29,344.4107505499553,-29.623159414851962,engine
Fomalhaut,30,344.4107503309815,-29.623159389215925,engine
Juno,-30,328.5136598968819,-4.921615596490106,engine
Juno,-20,328.51599972178417,-4.920810227233699,engine
Juno,-15,328.51716995336983,-4.920407538804508,engine
Juno,-10,328.51834039853003,-4.920004848455992,engine
Juno,-5,328.5195110580115,-4.919602156515171,engine
Juno,-2,328.52021355650965,-4.919360540830492,engine
Juno,-1,328.5204477399142,-4.9192800021875955,engine
Juno,0,328.52068193182293,-4.919199463525661,engine
Juno,1,328.5209161324162,-4.919118924824118,engine
Juno,2,328.52115034151774,-4.919038386110318,engine
Juno,3,328.5213845593073,-4.918957847363703,engine
Juno,4,328.52161878569746,-4.918877308599638,engine
Juno,5,328.5218530206004,-4.9187967698335076,engine
Juno,6,328.5220872643526,-4.918716230990728,engine
Juno,7,328.5223215164627,-4.918635692206678,engine
Juno,8,328.52255577726675,-4.91855515340677,engine
Juno,9,328.5227900465872,-4.918474614618374,engine
Juno,10,328.5230243246027,-4.918394075820908,engine
Juno,11,328.5232586111354,-4.91831353704174,engine
Juno,12,328.5234929063635,-4.918232998260289,engine
Juno,13,328.523727210198,-4.918152459491937,engine
Juno,14,328.52396152254937,-4.918071920752061,engine
Juno,15,328.5241958435955,-4.917991382020076,engine
Juno,16,328.52443017315755,-4.917910843323351,engine
Juno,17,328.52466451157005,-4.917830304587293,engine
Juno,18,328.5248988583397,-4.9177497659472795,engine
Juno,19,328.52513321380053,-4.917669227328718,engine
Juno,20,328.5253675777731,-4.9175886887589755,engine
Juno,21,328.52560195043424,-4.917508150217461,engine
Juno,22,328.525836331693,-4.9174276117195435,engine
Juno,23,328.5260707214585,-4.917347073280602,engine
Juno,24,328.52630511990697,-4.917266534880039,engine
Juno,25,328.526539526858,-4.917185996545104,engine
Juno,26,328.5267739423303,-4.917105458309439,engine
Juno,27,328.52700836645727,-4.917024920092266,engine
Juno,28,328.52724279925735,-4.916944381926999,engine
Juno,29,328.52747724079575,-4.916863843775004,engine
Juno,30,328.5277116906659,-4.91678330575964,engine
Jupiter,-30,355.8310961745546,-2.939323511494662,engine
Jupiter,-20,355.8325073373225,-2.9387269187427933,engine
Jupiter,-15,355.83321304500447,-2.9384286231700885,engine
Jupiter,-10,355.8339188391683,-2.938130328301651,engine
Jupiter,-5,355.83462472164456,-2.937832034192295,engine
Jupiter,-2,355.8350482941402,-2.9376530581667604,engine
Jupiter,-1,355.83518949221485,-2.937593399571834,engine
Jupiter,0,355.83533069397123,-2.937533741002,engine
Jupiter,1,355.83547189935547,-2.93747408248644,engine
Jupiter,2,355.83561310841344,-2.937414424011885,engine
Jupiter,3,355.83575432119113,-2.9373547655650825,engine
Jupiter,4,355.8358955376345,-2.9372951071752302,engine
Jupiter,5,355.8360367577891,-2.9372354488290617,engine
Jupiter,6,355.83617798176215,-2.9371757904874776,engine
Jupiter,7,355.83631920940985,-2.9371161322172417,engine
Jupiter,8,355.8364604407724,-2.9370564740075427,engine
Jupiter,9,355.83660167589517,-2.936996815845139,engine
Jupiter,10,355.8367429148237,-2.936937157716807,engine
Jupiter,11,355.8368841575031,-2.9368774996517266,engine
Jupiter,12,355.8370254039787,-2.9368178416366777,engine
Jupiter,13,355.83716665426226,-2.9367581836725836,engine
Jupiter,14,355.8373079083989,-2.9366985257462015,engine
Jupiter,15,355.83744916633344,-2.936638867886759,engine
Jupiter,16,355.83759042811096,-2.936579210081019,engine
Jupiter,17,355.83773169387086,-2.9365195522757612,engine
Jupiter,18,355.8378729633684,-2.9364598945802163,engine
Jupiter,19,355.838014236743,-2.9364002369411697,engine
Jupiter,20,355.8381555140059,-2.9363405793595385,engine
Jupiter,21,355.83829679520153,-2.93628092182212,engine
Jupiter,22,355.83843808027433,-2.9362212643581542,engine
Jupiter,23,355.8385793692686,-2.9361616069544136,engine
Jupiter,24,355.83872066219527,-2.936101949611861,engine
Jupiter,25,355.8388619590981,-2.9360422923172376,engine
Jupiter,26,355.8390032598271,-2.9359826351398612,engine
Jupiter,27,355.8391445646154,-2.9359229779865093,engine
Jupiter,28,355.83928587341217,-2.9358633208839677,engine
Jupiter,29,355.839427186256,-2.9358036638214915,engine
Jupiter,30,355.83956850300103,-2.9357440068658947,engine
Ketu,-30,229.862176042199,-18.33520884741509,engine
Ketu,-20,229.86217549124524,-18.335208706523918,engine
Ketu,-15,229.86217555871707,-18.33520872243016,engine
Ketu,-10,229.8621758545088,-18.335208795825555,engine
Ketu,-5,229.8621763783862,-18.335208926651145,engine
Ketu,-2,229.862176802096,-18.335209032688386,engine
Ketu,-1,229.86217696155154,-18.335209072621517,engine
Ketu,0,229.86217713011385,-18.335209114847657,engine
Ketu,1,229.86217730778068,-18.335209159366254,engine
Ketu,2,229.86217749455005,-18.335209206176796,engine
Ketu,3,229.86217769042042,-18.3352092552789,engine
Ketu,4,229.8621778953898,-18.33520930667206,engine
Ketu,5,229.86217810945593,-18.33520936035571,engine
Ketu,6,229.8621783326174,-18.33520941632948,engine
Ketu,7,229.86217856487184,-18.335209474592816,engine
Ketu,8,229.86217880621797,-18.335209535145346,engine
Ketu,9,229.8621790566532,-18.33520959798646,engine
Ketu,10,229.8621793161761,-18.33520966311577,engine
Ketu,11,229.8621795847847,-18.335209730532785,engine
Ketu,12,229.86217986247698,-18.335209800237,engine
Ketu,13,229.862180149251,-18.335209872227935,engine
Ketu,14,229.8621804451054,-18.335209946505223,engine
Ketu,15,229.86218075003754,-18.33521002306821,engine
Ketu,16,229.86218106404584,-18.33521010191652,engine
Ketu,17,229.86218138712894,-18.335210183049785,engine
Ketu,18,229.86218171928374,-18.335210266467225,engine
Ketu,19,229.86218206050924,-18.33521035216862,engine
Ketu,20,229.8621824108033,-18.335210440153396,engine
Ketu,21,229.86218277016383,-18.335210530421012,engine
Ketu,22,229.8621831385892,-18.33521062297111,engine
Ketu,23,229.8621835160775,-18.33521071780318,engine
Ketu,24,229.86218390262653,-18.335210814916664,engine
Ketu,25,229.86218429823455,-18.335210914311126,engine
Ketu,26,229.86218470289964,-18.335211015986093,engine
Ketu,27,229.86218511662017,-18.335211119941153,engine
Ketu,28,229.86218553939386,-18.335211226175726,engine
Ketu,29,229.86218597121928,-18.335211334689443,engine
Ketu,30,229.8621864120938,-18.335211445481644,engine
Mars,-30,334.79406742510787,-11.970020052116578,engine
Mars,-20,334.7990920532555,-11.968190645380826,engine
Mars,-15,334.801604967437,-11.967275886498413,engine
Mars,-10,334.8041182837604,-11.966361093146274,engine
Mars,-5,334.80663200402245,-11.965446267066504,engine
Mars,-2,334.8081404303455,-11.96489735657671,engine
Mars,-1,334.80864327157116,-11.964714384016428,engine
Mars,0,334.8091461290368,-11.964531410282387,engine
Mars,1,334.8096490027506,-11.964348435389413,engine
Mars,2,334.8101518927204,-11.96416545935237,engine
Mars,3,334.81065479895364,-11.963982482186108,engine
Mars,4,334.8111577214576,-11.96379950390548,engine
Mars,5,334.8116606602391,-11.963616524525385,engine
Mars,6,334.8121636156419,-11.963433543937969,engine
Mars,7,334.81266658699775,-11.96325056240352,engine
Mars,8,334.81316957464975,-11.963067579814206,engine
Mars,9,334.81367257860353,-11.962884596184937,engine
Mars,10,334.81417559886427,-11.962701611530587,engine
Mars,11,334.8146786354369,-11.962518625866055,engine
Mars,12,334.81518168832605,-11.962335639206225,engine
Mars,13,334.81568475753596,-11.962152651566013,engine
Mars,14,334.8161878430707,-11.961969662960287,engine
Mars,15,334.8166909449337,-11.961786673403992,engine
Mars,16,334.8171940631284,-11.961603682912019,engine
Mars,17,334.8176971979951,-11.961420691376556,engine
Mars,18,334.81820034886175,-11.961237699057914,engine
Mars,19,334.81870351606807,-11.961054705848325,engine
Mars,20,334.81920669961596,-11.960871711762692,engine
Mars,21,334.8197098995073,-11.960688716815907,engine
Mars,22,334.8202131157433,-11.960505721022907,engine
Mars,23,334.82071634832505,-11.960322724398562,engine
Mars,24,334.8212195972533,-11.96013972695782,engine
Mars,25,334.8217228625283,-11.959956728715047,engine
Mars,26,334.82222614400104,-11.959773729737257,engine
Mars,27,334.82272944196967,-11.959590729936735,engine
Mars,28,334.82323275628437,-11.959407729379434,engine
Mars,29,334.8237360872819,-11.95922472795754,engine
Mars,30,334.82423943428574,-11.959041725931385,engine
Mercury,-30,41.189938059573265,17.690614876966787,engine
Mercury,-20,41.20179254813792,17.695339996521938,engine
Mercury,-15,41.20771923203297,17.697701571850704,engine
Mercury,-10,41.21364556039357,17.700062491930126,engine
Mercury,-5,41.219571548144756,17.702422758153197,engine
Mercury,-2,41.22312698172596,17.703838603925337,engine
Mercury,-1,41.224312100675625,17.70431050037498,engine
Mercury,0,41.225497206950145,17.704782370735657,engine
Mercury,1,41.22668230065773,17.705254215016765,engine
Mercury,2,41.22786738190647,17.705726033227847,engine
Mercury,3,41.22905245080431,17.706197825378563,engine
Mercury,4,41.230237507459044,17.70666959147875,engine
Mercury,5,41.231422551978234,17.707141331538345,engine
Mercury,6,41.23260758526394,17.70761304588375,engine
Mercury,7,41.233792605834275,17.708084733892605,engine
Mercury,8,41.234977614590996,17.708556395891602,engine
Mercury,9,41.236162611237795,17.709028031688945,engine
Mercury,10,41.23734759668791,17.709499641699882,engine
Mercury,11,41.23853257064468,17.709971225732925,engine
Mercury,12,41.23971753321461,17.710442783798992,engine
Mercury,13,41.2409024845039,17.71091431590914,engine
Mercury,14,41.242087424618695,17.711385822074607,engine
Mercury,15,41.24327235366486,17.711857302306697,engine
Mercury,16,41.244457271748104,17.712328756616913,engine
Mercury,17,41.24564217976847,17.712800185332974,engine
Mercury,18,41.246827075839334,17.71327158763224,engine
Mercury,19,41.24801196166631,17.713742964247103,engine
Mercury,20,41.24919683695142,17.714214314987395,engine
Mercury,21,41.25038170179939,17.714685639865287,engine
Mercury,22,41.251566556314856,17.715156938893085,engine
Mercury,23,41.25275140060214,17.715628212083217,engine
Mercury,24,41.25393623476546,17.716099459448266,engine
Mercury,25,41.25512105890504,17.71657068100042,engine
Mercury,26,41.25630587233774,17.71704187643762,engine
Mercury,27,41.25749067634942,17.71751304620212,engine
Mercury,28,41.2586754710547,17.71798419039531,engine
Mercury,29,41.25986025694827,17.71845530914419,engine
Mercury,30,41.26104503254428,17.718926401830373,engine
Moon,-30,229.80745981351856,-18.851816702558022,engine
Moon,-20,229.93383902386324,-18.887032764532826,engine
Moon,-15,229.99700080805974,-18.90474916562713,engine
Moon,-10,230.06013619602362,-18.922537687556137,engine
Moon,-5,230.1232397853822,-18.94039831015316,engine
Moon,-2,230.1610844149072,-18.9511492651489,engine
Moon,-1,230.1736962103746,-18.954738700994987,engine
Moon,0,230.18630615515167,-18.95833096838676,engine
Moon,1,230.19891438180076,-18.961926110088005,engine
Moon,2,230.21152102290046,-18.96552416875217,engine
Moon,3,230.22412568007834,-18.969125055160287,engine
Moon,4,230.23672848597178,-18.97272881186917,engine
Moon,5,230.24932957324927,-18.976335481309366,engine
Moon,6,230.26192855209678,-18.979944976605406,engine
Moon,7,230.27452553838773,-18.983557335267985,engine
Moon,8,230.28712067325634,-18.987172601916882,engine
Moon,9,230.29971355867565,-18.990790687203294,engine
Moon,10,230.3123043274112,-18.994411633238933,engine
Moon,11,230.32489311231663,-18.998035482025777,engine
Moon,12,230.3374795154484,-19.00166214413164,engine
Moon,13,230.3500638466557,-19.005291705210777,engine
Moon,14,230.36264570810906,-19.008924075787416,engine
Moon,15,230.37522523277676,-19.012559297614448,engine
Moon,16,230.38780255363298,-19.016197412328115,engine
Moon,17,230.4003772814927,-19.01983833281954,engine
Moon,18,230.41294970941485,-19.02348213941713,engine
Moon,19,230.42551944832894,-19.027128744970586,engine
Moon,20,230.43808663135673,-19.030778190866023,engine
Moon,21,230.45065139169103,-19.034430518378866,engine
Moon,22,230.46321333194766,-19.0380856378419,engine
Moon,23,230.4757727622556,-19.041743634021632,engine
Moon,24,230.48832928535472,-19.045404417201247,engine
Moon,25,230.50088321320206,-19.049068072150888,engine
Moon,26,230.51343413672583,-19.05273450628889,engine
Moon,27,230.52598220797387,-19.056403765599274,engine
Moon,28,230.53852755193842,-19.060075888386567,engine
Moon,29,230.55106978015235,-19.063750787285812,engine
Moon,30,230.56360918610235,-19.067428541507773,engine
Neptune,-30,354.82207753730415,-3.472249947530641,engine
Neptune,-20,354.82228400670056,-3.4721632907921,engine
Neptune,-15,354.82238724908103,-3.4721199616599674,engine
Neptune,-10,354.8224904975412,-3.4720766320421617,engine
Neptune,-5,354.82259375283587,-3.4720333019395837,engine
Neptune,-2,354.8226557095796,-3.472007303656971,engine
Neptune,-1,354.8226763624561,-3.471998637526735,engine
Neptune,0,354.8226970156598,-3.471989971377303,engine
Neptune,1,354.822717669194,-3.471981305209822,engine
Neptune,2,354.82273832306174,-3.471972639025439,engine
Neptune,3,354.82275897727396,-3.4719639728222202,engine
Neptune,4,354.8227796318311,-3.471955306602341,engine
Neptune,5,354.82280028674404,-3.4719466403638717,engine
Neptune,6,354.82282094202975,-3.4719379741021545,engine
Neptune,7,354.8228415976636,-3.4719293078299622,engine
Neptune,8,354.8228622536702,-3.4719206415395605,engine
Neptune,9,354.82288291005017,-3.4719119752331333,engine
Neptune,10,354.82290356681426,-3.4719033089087543,engine
Neptune,11,354.8229242239629,-3.4718946425686106,engine
Neptune,12,354.8229448815068,-3.471885976210783,engine
Neptune,13,354.82296553944917,-3.471877309836434,engine
Neptune,14,354.8229861977929,-3.4718686434467263,engine
Neptune,15,354.8230068565488,-3.4718599770397436,engine
Neptune,16,354.82302751571723,-3.4718513106176814,engine
Neptune,17,354.82304817532275,-3.4718426441728107,engine
Neptune,18,354.82306883533823,-3.4718339777189566,engine
Neptune,19,354.823089495788,-3.4718253112483946,engine
Neptune,20,354.82311015667517,-3.4718166447622942,engine
Neptune,21,354.82313081800265,-3.4718079782618307,engine
Neptune,22,354.82315147978113,-3.4717993117450985,engine
Neptune,23,354.8231721420109,-3.471790645214301,engine
Neptune,24,354.8231928047026,-3.4717819786675346,engine
Neptune,25,354.82321346785653,-3.4717733121069996,engine
Neptune,26,354.82323413146963,-3.4717646455366187,engine
Neptune,27,354.8232547955723,-3.4717559789459447,engine
Neptune,28,354.8232754601538,-3.4717473123419715,engine
Neptune,29,354.8232961252384,-3.471738645716995,engine
Neptune,30,354.8233167907987,-3.471729979084845,engine
Pallas,-30,27.95384268882596,-3.6546506624163997,engine
Pallas,-20,27.95670387345251,-3.6541239878700473,engine
Pallas,-15,27.958134588090882,-3.6538606471859705,engine
Pallas,-10,27.959565389244357,-3.6535973043970955,engine
Pallas,-5,27.96099628137435,-3.6533339595553094,engine
Pallas,-2,27.961854861621674,-3.653175951735477,engine
Pallas,-1,27.962141062774702,-3.653123282316067,engine
Pallas,0,27.962427267835064,-3.6530706128236607,engine
Pallas,1,27.962713476833404,-3.653017943259198,engine
Pallas,2,27.962999689800327,-3.6529652736236238,engine
Pallas,3,27.963285906766348,-3.6529126039178976,engine
Pallas,4,27.96357212776193,-3.652859934142979,engine
Pallas,5,27.963858352742093,-3.6528072642910083,engine
Pallas,6,27.964144582079776,-3.652754594345316,engine
Pallas,7,27.964430815346013,-3.652701924368699,engine
Pallas,8,27.96471705276294,-3.652649254326823,engine
Pallas,9,27.96500329436061,-3.652596584220704,engine
Pallas,10,27.965289540169078,-3.6525439140513494,engine
Pallas,11,27.96557579014297,-3.6524912438109434,engine
Pallas,12,27.965862044462835,-3.6524385735181935,engine
Pallas,13,27.96614830308313,-3.652385903165295,engine
Pallas,14,27.966434566033612,-3.6523332327532936,engine
Pallas,15,27.966720833343945,-3.652280562283246,engine
Pallas,16,27.967007105043713,-3.6522278917562083,engine
Pallas,17,27.96729338127903,-3.6521752211290957,engine
Pallas,18,27.967579661846113,-3.6521225504912986,engine
Pallas,19,27.967865946890907,-3.652069879799745,engine
Pallas,20,27.968152236442716,-3.652017209055529,engine
Pallas,21,27.968438530530747,-3.6519645382597514,engine
Pallas,22,27.96872482910876,-3.6519118674046793,engine
Pallas,23,27.969011132356464,-3.6518591965091085,engine
Pallas,24,27.96929744022753,-3.651806525565326,engine
Pallas,25,27.969583752749788,-3.651753854574422,engine
Pallas,26,27.969870069686753,-3.6517011835640956,engine
Pallas,27,27.97015639160078,-3.651648512482497,engine
Pallas,28,27.97044271825319,-3.6515958413572625,engine
Pallas,29,27.97072904986452,-3.6515431701542345,engine
Pallas,30,27.97101538600393,-3.6514904989363797,engine
Pluto,-30,300.7869259447542,-22.40246370536117,engine
Pluto,-20,300.7869678391006,-22.402471614468524,engine
Pluto,-15,300.78698882534457,-22.402475562841595,engine
Pluto,-10,300.7870098380652,-22.402479507425817,engine
Pluto,-5,300.78703087757447,-22.40248344847448,engine
Pluto,-2,300.78704351425597,-22.402485811511745,engine
Pluto,-1,300.7870477286605,-22.402486598937926,engine
Pluto,0,300.78705194415704,-22.402487386241045,engine
Pluto,1,300.7870561607477,-22.402488173423162,engine
Pluto,2,300.78706037843443,-22.402488960486355,engine
Pluto,3,300.787064597217,-22.402489747432448,engine
Pluto,4,300.78706881710247,-22.402490534263944,engine
Pluto,5,300.7870730380904,-22.40249132098272,engine
Pluto,6,300.78707726018547,-22.402492107591367,engine
Pluto,7,300.7870814833842,-22.402492894090912,engine
Pluto,8,300.7870857076913,-22.40249368048396,engine
Pluto,9,300.7870899331087,-22.40249446677261,engine
Pluto,10,300.7870941596358,-22.402495252958712,engine
Pluto,11,300.78709838727957,-22.402496039044802,engine
Pluto,12,300.78710261603925,-22.402496825032756,engine
Pluto,13,300.7871068459168,-22.402497610924673,engine
Pluto,14,300.7871110769139,-22.40249839672264,engine
Pluto,15,300.7871153090326,-22.402499182428777,engine
Pluto,16,300.78711954227424,-22.402499968045166,engine
Pluto,17,300.7871237766412,-22.402500753574248,engine
Pluto,18,300.7871280121345,-22.402501539017507,engine
Pluto,19,300.78713224875594,-22.40250232437735,engine
Pluto,20,300.78713648650734,-22.402503109655893,engine
Pluto,21,300.7871407253903,-22.402503894855275,engine
Pluto,22,300.7871449654065,-22.402504679977593,engine
Pluto,23,300.7871492065574,-22.40250546502499,engine
Pluto,24,300.78715344884455,-22.40250624999958,engine
Pluto,25,300.7871576922694,-22.4025070349034,engine
Pluto,26,300.7871619368283,-22.402507819738013,engine
Pluto,27,300.78716618253327,-22.402508604506945,engine
Pluto,28,300.7871704293804,-22.402509389211577,engine
Pluto,29,300.7871746773741,-22.402510173854594,engine
Pluto,30,300.78717892650985,-22.402510958437066,engine
Rahu,-30,49.862176042198996,18.33520884741509,engine
Rahu,-20,49.862175491245225,18.335208706523918,engine
Rahu,-15,49.862175558717055,18.33520872243016,engine
Rahu,-10,49.862175854508806,18.335208795825555,engine
Rahu,-5,49.86217637838622,18.335208926651145,engine
Rahu,-2,49.862176802095995,18.335209032688386,engine
Rahu,-1,49.862176961551555,18.335209072621517,engine
Rahu,0,49.86217713011384,18.335209114847657,engine
Rahu,1,49.86217730778069,18.335209159366254,engine
Rahu,2,49.86217749455005,18.335209206176796,engine
Rahu,3,49.86217769042044,18.3352092552789,engine
Rahu,4,49.862177895389806,18.33520930667206,engine
Rahu,5,49.86217810945593,18.33520936035571,engine
Rahu,6,49.86217833261738,18.33520941632948,engine
Rahu,7,49.86217856487185,18.335209474592816,engine
Rahu,8,49.862178806217955,18.335209535145346,engine
Rahu,9,49.8621790566532,18.33520959798646,engine
Rahu,10,49.8621793161761,18.33520966311577,engine
Rahu,11,49.862179584784705,18.335209730532785,engine
Rahu,12,49.862179862476985,18.335209800237,engine
Rahu,13,49.86218014925101,18.335209872227935,engine
Rahu,14,49.86218044510539,18.335209946505223,engine
Rahu,15,49.862180750037545,18.33521002306821,engine
Rahu,16,49.86218106404583,18.33521010191652,engine
Rahu,17,49.862181387128935,18.335210183049785,engine
Rahu,18,49.86218171928373,18.335210266467225,engine
Rahu,19,49.86218206050924,18.33521035216862,engine
Rahu,20,49.86218241080331,18.335210440153396,engine
Rahu,21,49.86218277016382,18.335210530421012,engine
Rahu,22,49.862183138589195,18.33521062297111,engine
Rahu,23,49.86218351607748,18.33521071780318,engine
Rahu,24,49.862183902626526,18.335210814916664,engine
Rahu,25,49.862184298234546,18.335210914311126,engine
Rahu,26,49.862184702899626,18.335211015986093,engine
Rahu,27,49.86218511662016,18.335211119941153,engine
Rahu,28,49.862185539393856,18.335211226175726,engine
Rahu,29,49.86218597121929,18.335211334689443,engine
Rahu,30,49.862186412093784,18.335211445481644,engine
Regulus,-30,152.09431067247343,11.966202507732719,engine
Regulus,-20,152.09431251894452,11.966202661838722,engine
Regulus,-15,152.09431344580338,11.966202746803704,engine
Regulus,-10,152.09431437431215,11.96620283705484,engine
Regulus,-5,152.09431530389588,11.966202932597621,engine
Regulus,-2,152.09431586192255,11.966202992464611,engine
Regulus,-1,152.09431604794986,11.966203012843895,engine
Regulus,0,152.09431623397873,11.966203033434994,engine
Regulus,1,152.09431642000447,11.9662030542379,engine
Regulus,2,152.0943166060226,11.966203075252608,engine
Regulus,3,152.09431679202845,11.966203096479102,engine
Regulus,4,152.09431697801736,11.96620311791736,engine
Regulus,5,152.09431716398478,11.966203139567373,engine
Regulus,6,152.09431734992623,11.966203161429123,engine
Regulus,7,152.09431753583686,11.966203183502552,engine
Regulus,8,152.09431772171214,11.966203205787647,engine
Regulus,9,152.09431790754752,11.96620322828436,engine
Regulus,10,152.09431809333833,11.966203250992656,engine
Regulus,11,152.09431827908006,11.966203273912498,engine
Regulus,12,152.09431846476804,11.966203297043823,engine
Regulus,13,152.09431865039767,11.966203320386587,engine
Regulus,14,152.09431883596437,11.966203343940721,engine
Regulus,15,152.09431902146358,11.966203367706171,engine
Regulus,16,152.0943192068906,11.96620339168288,engine
Regulus,17,152.09431939224103,11.966203415870782,engine
Regulus,18,152.09431957751002,11.966203440269778,engine
Regulus,19,152.0943197626931,11.966203464879799,engine
Regulus,20,152.09431994778566,11.966203489700774,engine
Regulus,21,152.0943201327831,11.96620351473261,engine
Regulus,22,152.09432031768088,11.966203539975222,engine
Regulus,23,152.0943205024744,11.966203565428504,engine
Regulus,24,152.09432068715907,11.966203591092375,engine
Regulus,25,152.09432087173042,11.966203616966727,engine
Regulus,26,152.09432105618347,11.966203643051431,engine
Regulus,27,152.09432124051406,11.966203669346418,engine
Regulus,28,152.09432142471746,11.96620369585156,engine
Regulus,29,152.09432160878927,11.96620372256674,engine
Regulus,30,152.09432179272466,11.966203749491816,engine
Saturn,-30,325.84538473311505,-14.724482645145823,engine
Saturn,-20,325.8458746719734,-14.724334300717759,engine
Saturn,-15,325.84611972644035,-14.724260126759203,engine
Saturn,-10,325.8463648382706,-14.724185952164127,engine
Saturn,-5,325.84661000802305,-14.724111777300987,engine
Saturn,-2,325.8467571378339,-14.724067272427652,engine
Saturn,-1,325.84680618578835,-14.724052437495132,engine
Saturn,0,325.8468552360905,-14.724037602580488,engine
Saturn,1,325.8469042887436,-14.724022767686874,engine
Saturn,2,325.84695334375084,-14.724007932817445,engine
Saturn,3,325.84700240111545,-14.723993097975349,engine
Saturn,4,325.8470514608405,-14.723978263163758,engine
Saturn,5,325.84710052292905,-14.723963428385831,engine
Saturn,6,325.847149587417,-14.723948593634807,engine
Saturn,7,325.8471986542414,-14.723933758933741,engine
Saturn,8,325.8472477234382,-14.723918924275846,engine
Saturn,9,325.84729679501004,-14.723904089664325,engine
Saturn,10,325.8473458689598,-14.723889255102343,engine
Saturn,11,325.84739494529015,-14.723874420593091,engine
Saturn,12,325.8474440240038,-14.723859586139755,engine
Saturn,13,325.8474931051032,-14.723844751745519,engine
Saturn,14,325.847542188591,-14.723829917413573,engine
Saturn,15,325.84759127446966,-14.72381508314712,engine
Saturn,16,325.8476403627416,-14.72380024894935,engine
Saturn,17,325.84768945344206,-14.723785414813522,engine
Saturn,18,325.84773854650757,-14.723770580762723,engine
Saturn,19,325.8477876419733,-14.72375574679021,engine
Saturn,20,325.8478367398414,-14.7237409128992,engine
Saturn,21,325.84788584011403,-14.723726079092895,engine
Saturn,22,325.8479349427933,-14.723711245374515,engine
Saturn,23,325.8479840478812,-14.723696411747255,engine
Saturn,24,325.84803315537965,-14.723681578214336,engine
Saturn,25,325.84808226529054,-14.72366674477888,engine
Saturn,26,325.84813137758294,-14.72365191145425,engine
Saturn,27,325.84818049232433,-14.723637078223687,engine
Saturn,28,325.84822960948367,-14.723622245100334,engine
Saturn,29,325.84827872909545,-14.7236074120775,engine
Saturn,30,325.84832785109546,-14.723592579178275,engine
Sun,-30,26.198815712956037,10.832673668341732,engine
Sun,-20,26.205211702179945,10.835089282116344,engine
Sun,-15,26.208410238746282,10.836296859345255,engine
Sun,-10,26.211609154191613,10.837504285109286,engine
Sun,-5,26.214808462772925,10.838711561194092,engine
Sun,-2,26.216728241671703,10.839435855452793,engine
Sun,-1,26.217368200935205,10.839677275064172,engine
Sun,0,26.218008176854468,10.839918688792542,engine
Sun,1,26.218648169532837,10.840160096650516,engine
Sun,2,26.219288179073928,10.840401498650984,engine
Sun,3,26.219928205580807,10.840642894806836,engine
Sun,4,26.220568249156315,10.840884285131075,engine
Sun,5,26.221208309903066,10.841125669636822,engine
Sun,6,26.221848388352107,10.841367048498984,engine
Sun,7,26.222488483747064,10.841608421407143,engine
Sun,8,26.223128596618697,10.841849788536491,engine
Sun,9,26.22376872706836,10.842091149900492,engine
Sun,10,26.224408875196676,10.842332505512514,engine
Sun,11,26.22504904110438,10.842573855386203,engine
Sun,12,26.225689224891912,10.84281519953527,engine
Sun,13,26.22632942665884,10.843056537973336,engine
Sun,14,26.226969646504976,10.843297870714292,engine
Sun,15,26.227609884529574,10.843539197772028,engine
Sun,16,26.228250140831822,10.843780519160603,engine
Sun,17,26.228890415939254,10.844021835055777,engine
Sun,18,26.229530709091726,10.84426314514813,engine
Sun,19,26.23017102081663,10.844504449613764,engine
Sun,20,26.230811351211294,10.844745748466872,engine
Sun,21,26.231451700373093,10.844987041721895,engine
Sun,22,26.232092068399215,10.845228329393379,engine
Sun,23,26.23273245538581,10.845469611495743,engine
Sun,24,26.233372861429377,10.845710888043683,engine
Sun,25,26.23401328662253,10.84595215905144,engine
Sun,26,26.23465373063782,10.846193424372956,engine
Sun,27,26.23529419442608,10.846434684346184,engine
Sun,28,26.235934677652942,10.846675938824367,engine
Sun,29,26.236575180841985,10.84691718798415,engine
Sun,30,26.23721570322858,10.847158431517187,engine
Uranus,-30,41.18764701364825,15.551845084987848,engine
Uranus,-20,41.18802891468735,15.551963535358222,engine
Uranus,-15,41.188219844592545,15.552022745080151,engine
Uranus,-10,41.188410761933625,15.552081944365437,engine
Uranus,-5,41.18860166768056,15.55214113314855,engine
Uranus,-2,41.1887162059206,15.552176641336908,engine
Uranus,-1,41.188754384513096,15.552188476550068,engine
Uranus,0,41.188792562707604,15.552200311337474,engine
Uranus,1,41.188830740511584,15.552212145698572,engine
Uranus,2,41.18886891793253,15.552223979632833,engine
Uranus,3,41.18890709497793,15.552235813139724,engine
Uranus,4,41.188945271655285,15.552247646218705,engine
Uranus,5,41.188983447967246,15.552259478867745,engine
Uranus,6,41.18902162395664,15.552271311097318,engine
Uranus,7,41.18905979957497,15.552283142889532,engine
Uranus,8,41.18909797485533,15.552294974251845,engine
Uranus,9,41.18913614980528,15.552306805183754,engine
Uranus,10,41.18917432443237,15.552318635684804,engine
Uranus,11,41.18921249874418,15.552330465754514,engine
Uranus,12,41.189250672748265,15.55234229539244,engine
Uranus,13,41.18928884645217,15.552354124598128,engine
Uranus,14,41.18932701985866,15.552365953369625,engine
Uranus,15,41.189365192985036,15.552377781709534,engine
Uranus,16,41.18940336583403,15.552389609615933,engine
Uranus,17,41.18944153843884,15.55240143709631,engine
Uranus,18,41.189479710755904,15.552413264134426,engine
Uranus,19,41.18951788281842,15.5524250907378,engine
Uranus,20,41.189556054634025,15.552436916906064,engine
Uranus,21,41.18959422620547,15.552448742637283,engine
Uranus,22,41.18963239755014,15.552460567934164,engine
Uranus,23,41.18967056867081,15.55247239279482,engine
Uranus,24,41.18970873957514,15.552484217218895,engine
Uranus,25,41.1897469102705,15.552496041206055,engine
Uranus,26,41.189785080739505,15.552507864748017,engine
Uranus,27,41.18982325103588,15.55251968785879,engine
Uranus,28,41.18986142115144,15.552531510533186,engine
Uranus,29,41.189899591114596,15.552543332777306,engine
Uranus,30,41.189937760881826,15.55255515457499,engine
Venus,-30,345.313240864331,-6.897837806389747,engine
Venus,-20,345.32056898581544,-6.895305466297961,engine
Venus,-15,345.32423415340077,-6.894039168273648,engine
Venus,-10,345.32790006595144,-6.892772787676845,engine
Venus,-5,345.33156672938867,-6.891506326159699,engine
Venus,-2,345.3337670894943,-6.890746411376436,engine
Venus,-1,345.33450060337117,-6.890493100234969,engine
Venus,0,345.33523414776295,-6.890239785970778,engine
Venus,1,345.3359677224033,-6.889986468662342,engine
Venus,2,345.33670132762813,-6.889733148262463,engine
Venus,3,345.3374349633206,-6.889479824818229,engine
Venus,4,345.33816862936334,-6.88922649837675,engine
Venus,5,345.3389023260905,-6.88897316889088,engine
Venus,6,345.3396360537248,-6.888719836269278,engine
Venus,7,345.3403698116153,-6.8884665008046,engine
Venus,8,345.3411036001342,-6.88821316237409,engine
Venus,9,345.34183741916115,-6.887959821024966,engine
Venus,10,345.3425712690276,-6.8877064767101,engine
Venus,11,345.3433051494611,-6.887453129508156,engine
Venus,12,345.34403906079206,-6.887199779372038,engine
Venus,13,345.3447730028977,-6.886946426348978,engine
Venus,14,345.3455069756547,-6.886693070486216,engine
Venus,15,345.3462409793915,-6.8864397117367115,engine
Venus,16,345.346975013833,-6.886186350179176,engine
Venus,17,345.3477090797986,-6.885932985596636,engine
Venus,18,345.3484431761783,-6.885679618376223,engine
Venus,19,345.3491773033382,-6.885426248395339,engine
Venus,20,345.34991146160365,-6.8851728756069335,engine
Venus,21,345.3506456506966,-6.884919500089812,engine
Venus,22,345.35137987094134,-6.884666121796955,engine
Venus,23,345.3521141222094,-6.884412740775709,engine
Venus,24,345.3528484043716,-6.884159357073454,engine
Venus,25,345.3535827177498,-6.883905970642611,engine
Venus,26,345.35431706157203,-6.883652581733053,engine
Venus,27,345.3550514371436,-6.883399189957413,engine
Venus,28,345.35578584368994,-6.8831457955644755,engine
Venus,29,345.35652028202384,-6.882892398337331,engine
Venus,30,345.35725475102754,-6.882638998663202,engine
Vesta,-30,319.83434093445,-16.569012857121788,engine
Vesta,-20,319.8372449753601,-16.56841836796858,engine
Vesta,-15,319.8386974288753,-16.568121134895954,engine
Vesta,-10,319.84015017024876,-16.567823912115465,engine
Vesta,-5,319.84160319958426,-16.56752670141175,engine
Vesta,-2,319.8424751549053,-16.567348381623212,engine
Vesta,-1,319.84276582956346,-16.567288942895217,engine
Vesta,0,319.84305651567365,-16.56722950478967,engine
Vesta,1,319.8433472132284,-16.567170067321765,engine
Vesta,2,319.84363792222035,-16.567110630506658,engine
Vesta,3,319.84392864276816,-16.567051194337925,engine
Vesta,4,319.84421937461104,-16.566991758873886,engine
Vesta,5,319.844510117867,-16.56693232410808,engine
Vesta,6,319.8448008727228,-16.566872890015777,engine
Vesta,7,319.8450916387796,-16.566813456691797,engine
Vesta,8,319.8453824162235,-16.5667540241114,engine
Vesta,9,319.84567320517186,-16.56669459226808,engine
Vesta,10,319.8459640053622,-16.566635161220088,engine
Vesta,11,319.8462548169112,-16.566575730960913,engine
Vesta,12,319.84654563980916,-16.56651630150561,engine
Vesta,13,319.8468364740458,-16.566456872869214,engine
Vesta,14,319.84712731973724,-16.566397445045173,engine
Vesta,15,319.84741817661984,-16.5663380180917,engine
Vesta,16,319.84770904480916,-16.566278592002185,engine
Vesta,17,319.84799992448916,-16.56621916675177,engine
Vesta,18,319.8482908152583,-16.566159742435154,engine
Vesta,19,319.84858171742667,-16.566100319005844,engine
Vesta,20,319.8488726307294,-16.56604089652196,engine
Vesta,21,319.84916355528065,-16.565981474976862,engine
Vesta,22,319.8494544910683,-16.565922054385474,engine
Vesta,23,319.84974543807976,-16.565862634762677,engine
Vesta,24,319.8500363964287,-16.56580321610179,engine
Vesta,25,319.8503273658495,-16.56574379846034,engine
Vesta,26,319.85061834625935,-16.565684381872465,engine
Vesta,27,319.8509093380354,-16.565624966272818,engine
Vesta,28,319.85120034109525,-16.56556555169446,engine
Vesta,29,319.85149135536705,-16.565506138155545,engine
Vesta,30,319.85178238057284,-16.56544672572896,engine
Gonggong,-30,337.30025897295087,-11.046686352061478,tno-rate
Gonggong,-20,337.3003047060104,-11.046665558135048,tno-rate
Gonggong,-15,337.3003275725402,-11.046655161171834,tno-rate
Gonggong,-10,337.30035043907003,-11.046644764208619,tno-rate
Gonggong,-5,337.3003733055998,-11.046634367245405,tno-rate
Gonggong,-2,337.3003870255177,-11.046628129067475,tno-rate
Gonggong,-1,337.30039159882364,-11.046626049674833,tno-rate
Gonggong,0,337.3003961721296,-11.04662397028219,tno-rate
Gonggong,1,337.3004007454355,-11.046621890889545,tno-rate
Gonggong,2,337.30040531874147,-11.046619811496903,tno-rate
Gonggong,3,337.30040989204747,-11.04661773210426,tno-rate
Gonggong,4,337.3004144653534,-11.046615652711617,tno-rate
Gonggong,5,337.30041903865936,-11.046613573318973,tno-rate
Gonggong,6,337.3004236119653,-11.046611493926331,tno-rate
Gonggong,7,337.3004281852713,-11.046609414533687,tno-rate
Gonggong,8,337.30043275857724,-11.046607335141045,tno-rate
Gonggong,9,337.3004373318832,-11.046605255748402,tno-rate
Gonggong,10,337.30044190518913,-11.04660317635576,tno-rate
Gonggong,11,337.30044647849513,-11.046601096963116,tno-rate
Gonggong,12,337.3004510518011,-11.046599017570474,tno-rate
Gonggong,13,337.300455625107,-11.04659693817783,tno-rate
Gonggong,14,337.30046019841296,-11.046594858785188,tno-rate
Gonggong,15,337.30046477171896,-11.046592779392544,tno-rate
Gonggong,16,337.3004693450249,-11.046590699999902,tno-rate
Gonggong,17,337.30047391833085,-11.046588620607258,tno-rate
Gonggong,18,337.3004784916368,-11.046586541214616,tno-rate
Gonggong,19,337.3004830649428,-11.046584461821972,tno-rate
Gonggong,20,337.30048763824874,-11.04658238242933,tno-rate
Gonggong,21,337.3004922115547,-11.046580303036686,tno-rate
Gonggong,22,337.3004967848606,-11.046578223644044,tno-rate
Gonggong,23,337.3005013581666,-11.0465761442514,tno-rate
Gonggong,24,337.30050593147257,-11.046574064858758,tno-rate
Gonggong,25,337.3005105047785,-11.046571985466114,tno-rate
Gonggong,26,337.30051507808446,-11.046569906073472,tno-rate
Gonggong,27,337.30051965139046,-11.046567826680828,tno-rate
Gonggong,28,337.3005242246964,-11.046565747288186,tno-rate
Gonggong,29,337.30052879800235,-11.046563667895542,tno-rate
Gonggong,30,337.3005333713083,-11.0465615885029,tno-rate
Haumea,-30,216.85746521782735,15.878522433237167,tno-rate
Haumea,-20,216.8573518511018,15.8785679019647,tno-rate
Haumea,-15,216.857295167739,15.878590636328468,tno-rate
Haumea,-10,216.85723848437624,15.878613370692236,tno-rate
Haumea,-5,216.85718180101347,15.878636105056003,tno-rate
Haumea,-2,216.8571477909958,15.878649745674263,tno-rate
Haumea,-1,216.85713645432324,15.878654292547017,tno-rate
Haumea,0,216.8571251176507,15.87865883941977,tno-rate
Haumea,1,216.85711378097815,15.878663386292525,tno-rate
Haumea,2,216.85710244430558,15.878667933165278,tno-rate
Haumea,3,216.85709110763304,15.87867248003803,tno-rate
Haumea,4,216.85707977096047,15.878677026910784,tno-rate
Haumea,5,216.85706843428792,15.878681573783538,tno-rate
Haumea,6,216.85705709761535,15.878686120656292,tno-rate
Haumea,7,216.8570457609428,15.878690667529044,tno-rate
Haumea,8,216.85703442427027,15.878695214401798,tno-rate
Haumea,9,216.8570230875977,15.878699761274552,tno-rate
Haumea,10,216.85701175092515,15.878704308147306,tno-rate
Haumea,11,216.85700041425258,15.87870885502006,tno-rate
Haumea,12,216.85698907758004,15.878713401892812,tno-rate
Haumea,13,216.85697774090747,15.878717948765566,tno-rate
Haumea,14,216.85696640423492,15.87872249563832,tno-rate
Haumea,15,216.85695506756238,15.878727042511073,tno-rate
Haumea,16,216.8569437308898,15.878731589383827,tno-rate
Haumea,17,216.85693239421727,15.87873613625658,tno-rate
Haumea,18,216.8569210575447,15.878740683129333,tno-rate
Haumea,19,216.85690972087215,15.878745230002087,tno-rate
Haumea,20,216.85689838419958,15.878749776874841,tno-rate
Haumea,21,216.85688704752704,15.878754323747593,tno-rate
Haumea,22,216.85687571085447,15.878758870620347,tno-rate
Haumea,23,216.85686437418192,15.8787634174931,tno-rate
Haumea,24,216.85685303750938,15.878767964365855,tno-rate
Haumea,25,216.8568417008368,15.878772511238608,tno-rate
Haumea,26,216.85683036416427,15.87877705811136,tno-rate
Haumea,27,216.8568190274917,15.878781604984114,tno-rate
Haumea,28,216.85680769081915,15.878786151856868,tno-rate
Haumea,29,216.85679635414658,15.878790698729622,tno-rate
Haumea,30,216.85678501747404,15.878795245602374,tno-rate
Makemake,-30,198.29362832101327,23.01439759599929,tno-rate
Makemake,-20,198.29351523858148,23.01442175371012,tno-rate
Makemake,-15,198.29345869736557,23.014433832565533,tno-rate
Makemake,-10,198.29340215614968,23.014445911420946,tno-rate
Makemake,-5,198.29334561493377,23.01445799027636,tno-rate
Makemake,-2,198.29331169020423,23.014465237589608,tno-rate
Makemake,-1,198.29330038196107,23.01446765336069,tno-rate
Makemake,0,198.2932890737179,23.01447006913177,tno-rate
Makemake,1,198.2932777654747,23.014472484902853,tno-rate
Makemake,2,198.29326645723154,23.014474900673935,tno-rate
Makemake,3,198.29325514898835,23.01447731644502,tno-rate
Makemake,4,198.29324384074516,23.014479732216103,tno-rate
Makemake,5,198.293232532502,23.014482147987184,tno-rate
Makemake,6,198.29322122425882,23.014484563758266,tno-rate
Makemake,7,198.29320991601563,23.01448697952935,tno-rate
Makemake,8,198.29319860777244,23.014489395300433,tno-rate
Makemake,9,198.29318729952928,23.014491811071515,tno-rate
Makemake,10,198.2931759912861,23.014494226842597,tno-rate
Makemake,11,198.2931646830429,23.01449664261368,tno-rate
Makemake,12,198.29315337479974,23.014499058384764,tno-rate
Makemake,13,198.29314206655656,23.014501474155846,tno-rate
Makemake,14,198.29313075831337,23.014503889926928,tno-rate
Makemake,15,198.2931194500702,23.01450630569801,tno-rate
Makemake,16,198.29310814182702,23.014508721469095,tno-rate
Makemake,17,198.29309683358383,23.014511137240177,tno-rate
Makemake,18,198.29308552534064,23.01451355301126,tno-rate
Makemake,19,198.29307421709748,23.01451596878234,tno-rate
Makemake,20,198.2930629088543,23.014518384553423,tno-rate
Makemake,21,198.2930516006111,23.014520800324508,tno-rate
Makemake,22,198.29304029236795,23.01452321609559,tno-rate
Makemake,23,198.29302898412476,23.01452563186667,tno-rate
Makemake,24,198.29301767588157,23.014528047637754,tno-rate
Makemake,25,198.2930063676384,23.01453046340884,tno-rate
Makemake,26,198.29299505939522,23.01453287917992,tno-rate
Makemake,27,198.29298375115204,23.014535294951003,tno-rate
Makemake,28,198.29297244290888,23.014537710722085,tno-rate
Makemake,29,198.2929611346657,23.014540126493166,tno-rate
Makemake,30,198.2929498264225,23.014542542264252,tno-rate
Orcus,-30,155.81694433849262,-11.647305896399581,tno-rate
Orcus,-20,155.81688205442066,-11.647242925564374,tno-rate
Orcus,-15,155.81685091238467,-11.647211440146771,tno-rate
Orcus,-10,155.81681977034867,-11.647179954729168,tno-rate
Orcus,-5,155.8167886283127,-11.647148469311563,tno-rate
Orcus,-2,155.81676994309112,-11.647129578061001,tno-rate
Orcus,-1,155.8167637146839,-11.647123280977482,tno-rate
Orcus,0,155.8167574862767,-11.64711698389396,tno-rate
Orcus,1,155.81675125786953,-11.64711068681044,tno-rate
Orcus,2,155.8167450294623,-11.64710438972692,tno-rate
Orcus,3,155.81673880105512,-11.647098092643398,tno-rate
Orcus,4,155.81673257264794,-11.647091795559877,tno-rate
Orcus,5,155.81672634424072,-11.647085498476358,tno-rate
Orcus,6,155.81672011583353,-11.647079201392836,tno-rate
Orcus,7,155.81671388742635,-11.647072904309315,tno-rate
Orcus,8,155.81670765901913,-11.647066607225796,tno-rate
Orcus,9,155.81670143061194,-11.647060310142274,tno-rate
Orcus,10,155.81669520220476,-11.647054013058753,tno-rate
Orcus,11,155.81668897379754,-11.647047715975233,tno-rate
Orcus,12,155.81668274539035,-11.647041418891712,tno-rate
Orcus,13,155.81667651698316,-11.647035121808191,tno-rate
Orcus,14,155.81667028857595,-11.647028824724671,tno-rate
Orcus,15,155.81666406016876,-11.64702252764115,tno-rate
Orcus,16,155.81665783176157,-11.647016230557629,tno-rate
Orcus,17,155.81665160335436,-11.64700993347411,tno-rate
Orcus,18,155.81664537494717,-11.647003636390588,tno-rate
Orcus,19,155.81663914653998,-11.646997339307067,tno-rate
Orcus,20,155.81663291813277,-11.646991042223547,tno-rate
Orcus,21,155.81662668972558,-11.646984745140026,tno-rate
Orcus,22,155.81662046131837,-11.646978448056505,tno-rate
Orcus,23,155.81661423291118,-11.646972150972985,tno-rate
Orcus,24,155.816608004504,-11.646965853889464,tno-rate
Orcus,25,155.81660177609677,-11.646959556805943,tno-rate
Orcus,26,155.8165955476896,-11.646953259722423,tno-rate
Orcus,27,155.8165893192824,-11.646946962638902,tno-rate
Orcus,28,155.81658309087518,-11.64694066555538,tno-rate
Orcus,29,155.816576862468,-11.646934368471861,tno-rate
Orcus,30,155.8165706340608,-11.64692807138834,tno-rate
Quaoar,-30,277.24293936903723,-15.214773675000357,tno-rate
Quaoar,-20,277.2429062122194,-15.21475281508308,tno-rate
Quaoar,-15,277.2428896338105,-15.214742385124444,tno-rate
Quaoar,-10,277.24287305540156,-15.214731955165806,tno-rate
Quaoar,-5,277.24285647699264,-15.214721525207167,tno-rate
Quaoar,-2,277.2428465299473,-15.214715267231986,tno-rate
Quaoar,-1,277.2428432142655,-15.214713181240258,tno-rate
Quaoar,0,277.2428398985837,-15.21471109524853,tno-rate
Quaoar,1,277.24283658290193,-15.214709009256802,tno-rate
Quaoar,2,277.24283326722013,-15.214706923265075,tno-rate
Quaoar,3,277.2428299515384,-15.214704837273347,tno-rate
Quaoar,4,277.2428266358566,-15.21470275128162,tno-rate
Quaoar,5,277.2428233201748,-15.214700665289893,tno-rate
Quaoar,6,277.242820004493,-15.214698579298165,tno-rate
Quaoar,7,277.2428166888112,-15.214696493306437,tno-rate
Quaoar,8,277.2428133731294,-15.21469440731471,tno-rate
Quaoar,9,277.2428100574477,-15.214692321322982,tno-rate
Quaoar,10,277.2428067417659,-15.214690235331254,tno-rate
Quaoar,11,277.2428034260841,-15.214688149339528,tno-rate
Quaoar,12,277.2428001104023,-15.2146860633478,tno-rate
Quaoar,13,277.2427967947205,-15.214683977356072,tno-rate
Quaoar,14,277.24279347903877,-15.214681891364345,tno-rate
Quaoar,15,277.242790163357,-15.214679805372617,tno-rate
Quaoar,16,277.2427868476752,-15.214677719380889,tno-rate
Quaoar,17,277.2427835319934,-15.214675633389161,tno-rate
Quaoar,18,277.2427802163116,-15.214673547397435,tno-rate
Quaoar,19,277.24277690062985,-15.214671461405707,tno-rate
Quaoar,20,277.24277358494805,-15.21466937541398,tno-rate
Quaoar,21,277.24277026926626,-15.214667289422252,tno-rate
Quaoar,22,277.24276695358446,-15.214665203430524,tno-rate
Quaoar,23,277.24276363790267,-15.214663117438796,tno-rate
Quaoar,24,277.2427603222209,-15.214661031447068,tno-rate
Quaoar,25,277.24275700653914,-15.21465894545534,tno-rate
Quaoar,26,277.24275369085734,-15.214656859463615,tno-rate
Quaoar,27,277.24275037517555,-15.214654773471887,tno-rate
Quaoar,28,277.24274705949375,-15.214652687480159,tno-rate
Quaoar,29,277.24274374381196,-15.214650601488431,tno-rate
Quaoar,30,277.2427404281302,-15.214648515496703,tno-rate
Sedna,-30,58.691669175061136,8.285833275915888,tno-rate
Sedna,-20,58.691745706144864,8.285859253079437,tno-rate
Sedna,-15,58.69178397168673,8.285872241661211,tno-rate
Sedna,-10,58.6918222372286,8.285885230242986,tno-rate
Sedna,-5,58.69186050277046,8.28589821882476,tno-rate
Sedna,-2,58.69188346209558,8.285906011973825,tno-rate
Sedna,-1,58.69189111520395,8.28590860969018,tno-rate
Sedna,0,58.69189876831233,8.285911207406535,tno-rate
Sedna,1,58.691906421420704,8.28591380512289,tno-rate
Sedna,2,58.69191407452907,8.285916402839245,tno-rate
Sedna,3,58.69192172763745,8.2859190005556,tno-rate
Sedna,4,58.69192938074582,8.285921598271955,tno-rate
Sedna,5,58.691937033854195,8.28592419598831,tno-rate
Sedna,6,58.691944686962565,8.285926793704665,tno-rate
Sedna,7,58.69195234007094,8.28592939142102,tno-rate
Sedna,8,58.69195999317931,8.285931989137374,tno-rate
Sedna,9,58.69196764628769,8.28593458685373,tno-rate
Sedna,10,58.691975299396056,8.285937184570084,tno-rate
Sedna,11,58.69198295250443,8.28593978228644,tno-rate
Sedna,12,58.6919906056128,8.285942380002794,tno-rate
Sedna,13,58.69199825872118,8.285944977719149,tno-rate
Sedna,14,58.69200591182955,8.285947575435504,tno-rate
Sedna,15,58.69201356493792,8.285950173151859,tno-rate
Sedna,16,58.69202121804629,8.285952770868214,tno-rate
Sedna,17,58.69202887115467,8.285955368584569,tno-rate
Sedna,18,58.69203652426304,8.285957966300924,tno-rate
Sedna,19,58.692044177371415,8.285960564017278,tno-rate
Sedna,20,58.69205183047979,8.285963161733633,tno-rate
Sedna,21,58.69205948358816,8.285965759449988,tno-rate
Sedna,22,58.69206713669654,8.285968357166343,tno-rate
Sedna,23,58.692074789804906,8.285970954882698,tno-rate
Sedna,24,58.69208244291328,8.285973552599053,tno-rate
Sedna,25,58.69209009602165,8.285976150315408,tno-rate
Sedna,26,58.69209774913003,8.285978748031763,tno-rate
Sedna,27,58.6921054022384,8.285981345748118,tno-rate
Sedna,28,58.69211305534677,8.285983943464473,tno-rate
Sedna,29,58.69212070845514,8.285986541180828,tno-rate
Sedna,30,58.69212836156352,8.285989138897182,tno-rate
Transpluto,-30,154.31559354138423,10.64025458840181,engine
Transpluto,-20,154.31556054791926,10.64026709957355,engine
Transpluto,-15,154.3155440533476,10.640273354335688,engine
Transpluto,-10,154.31552756021952,10.64027960854737,engine
Transpluto,-5,154.31551106853072,10.640285862210188,engine
Transpluto,-2,154.31550117421074,10.640289614143496,engine
Transpluto,-1,154.31549787621944,10.6402908647439,engine
Transpluto,0,154.3154945782858,10.64029211532233,engine
Transpluto,1,154.31549128040973,10.640293365878776,engine
Transpluto,2,154.31548798259143,10.640294616413177,engine
Transpluto,3,154.3154846848308,10.640295866925644,engine
Transpluto,4,154.3154813871278,10.640297117416093,engine
Transpluto,5,154.31547808948244,10.640298367884483,engine
Transpluto,6,154.31547479189257,10.640299618331728,engine
Transpluto,7,154.31547149436258,10.640300868756174,engine
Transpluto,8,154.3154681968903,10.640302119158596,engine
Transpluto,9,154.31546489947564,10.640303369538993,engine
Transpluto,10,154.3154616021187,10.640304619897409,engine
Transpluto,11,154.31545830481937,10.640305870233782,engine
Transpluto,12,154.31545500757773,10.640307120548178,engine
Transpluto,13,154.31545171039377,10.640308370840554,engine
Transpluto,14,154.3154484132675,10.640309621110909,engine
Transpluto,15,154.31544511619893,10.640310871359242,engine
Transpluto,16,154.31544181918798,10.640312121585625,engine
Transpluto,17,154.31543852223254,10.64031337179073,engine
Transpluto,18,154.31543522533693,10.64031462197306,engine
Transpluto,19,154.31543192849907,10.640315872133328,engine
Transpluto,20,154.3154286317189,10.640317122271622,engine
Transpluto,21,154.31542533499635,10.640318372387842,engine
Transpluto,22,154.31542203833152,10.640319622482101,engine
Transpluto,23,154.31541874172427,10.64032087255429,engine
Transpluto,24,154.3154154451748,10.640322122604502,engine
Transpluto,25,154.31541214868307,10.64032337263264,engine
Transpluto,26,154.31540885225155,10.640324622637824,engine
Transpluto,27,154.31540555587512,10.64032587262195,engine
Transpluto,28,154.31540225955638,10.640327122583999,engine
Transpluto,29,154.31539896329315,10.640328372524909,engine
Transpluto,30,154.31539566708977,10.640329622442946,engine
Part_of_Fortune,-30,0.9100222188243947,-20.187843120574424,engine
Part_of_Fortune,-20,2.654831216713717,-20.862399787115827,engine
Part_of_Fortune,-15,3.525538564580529,-21.202628547255607,engine
Part_of_Fortune,-10,4.395172055697799,-21.544739159969172,engine
Part_of_Fortune,-5,5.263774484348403,-21.888667033915738,engine
Part_of_Fortune,-2,5.784458277804333,-22.095868785099498,engine
Part_of_Fortune,-1,5.957942017158928,-22.165073736037513,engine
Part_of_Fortune,0,6.131387299541984,-22.2343465935007,engine
Part_of_Fortune,1,6.304794624187878,-22.303686868209027,engine
Part_of_Fortune,2,6.47816449027016,-22.37309407007789,engine
Part_of_Fortune,3,6.651496863550619,-22.442567575487153,engine
Part_of_Fortune,4,6.824792240453746,-22.512106891787546,engine
Part_of_Fortune,5,6.998051116203214,-22.581711525038966,engine
Part_of_Fortune,6,7.171273569124196,-22.651380894788208,engine
Part_of_Fortune,7,7.344459860104564,-22.72111441138776,engine
Part_of_Fortune,8,7.517610596050588,-22.790911623536935,engine
Part_of_Fortune,9,7.690725737009757,-22.860771901036976,engine
Part_of_Fortune,10,7.863805771765385,-22.930694743646647,engine
Part_of_Fortune,11,8.036851188044238,-23.000679649885804,engine
Part_of_Fortune,12,8.20986194224406,-23.070725985962994,engine
Part_of_Fortune,13,8.38283869743941,-23.140833292057568,engine
Part_of_Fortune,14,8.555781407026188,-23.211000931740678,engine
Part_of_Fortune,15,8.728690555306684,-23.28122839920206,engine
Part_of_Fortune,16,8.901566624318207,-23.351515186926655,engine
Part_of_Fortune,17,9.074409681537418,-23.42186070280865,engine
Part_of_Fortune,18,9.247220152034515,-23.492264386393828,engine
Part_of_Fortune,19,9.419998101340468,-23.562725643343608,engine
Part_of_Fortune,20,9.592744007481429,-23.633243961583105,engine
Part_of_Fortune,21,9.765458348742868,-23.703818828363367,engine
Part_of_Fortune,22,9.938141070646111,-23.774449598446836,engine
Part_of_Fortune,23,10.110792826441298,-23.84513580048248,engine
Part_of_Fortune,24,10.283413559828773,-23.915876787105287,engine
Part_of_Fortune,25,10.456003923970457,-23.98667208490652,engine
Part_of_Fortune,26,10.628563849285854,-24.057521041450034,engine
Part_of_Fortune,27,10.801093826302576,-24.128423142836592,engine
Part_of_Fortune,28,10.973594317669892,-24.19937786550358,engine
Part_of_Fortune,29,11.146065379678305,-24.270384605053064,engine
Part_of_Fortune,30,11.318507426764313,-24.341442786710246,engine
Part_of_Spirit,-30,313.69273401769937,39.181137621225076,engine
Part_of_Spirit,-20,315.19757657334713,38.58184430618251,engine
Part_of_Spirit,-15,315.94835742595365,38.27946350268916,engine
Part_of_Spirit,-10,316.6981179720338,37.97534478536167,engine
Part_of_Spirit,-5,317.4469118391299,37.66955270877877,engine
Part_of_Spirit,-2,317.8957459313333,37.48530145610388,engine
Part_of_Spirit,-1,318.0452859982801,37.423758216080806,engine
Part_of_Spirit,0,318.1947913429476,37.362152720857914,engine
Part_of_Spirit,1,318.344262199652,37.30048554526802,engine
Part_of_Spirit,2,318.49369880261713,37.23875726472842,engine
Part_of_Spirit,3,318.64310191455553,37.176968324447095,engine
Part_of_Spirit,4,318.7924717668228,37.115119302212946,engine
Part_of_Spirit,5,318.9418085895108,37.053210776853405,engine
Part_of_Spirit,6,319.09111324163484,36.99124315542057,engine
Part_of_Spirit,7,319.24038575082324,36.92921710196249,engine
Part_of_Spirit,8,319.3896264427753,36.867133157369814,engine
Part_of_Spirit,9,319.5388360737952,36.80499177317059,engine
Part_of_Spirit,10,319.68801486733634,36.74279353385625,engine
Part_of_Spirit,11,319.8371630456197,36.680539024938156,engine
Part_of_Spirit,12,319.9862813611311,36.618228701370825,engine
Part_of_Spirit,13,320.13536985744565,36.55586319431065,engine
Part_of_Spirit,14,320.28442928381804,36.49344296126274,engine
Part_of_Spirit,15,320.4334598588124,36.43096859157089,engine
Part_of_Spirit,16,320.5824617987159,36.36844067605078,engine
Part_of_Spirit,17,320.7314359504305,36.30585963294198,engine
Part_of_Spirit,18,320.8803821513883,36.24322618273669,engine
Part_of_Spirit,19,321.02930124631587,36.180540745825084,engine
Part_of_Spirit,20,321.17819344719055,36.11780391708268,engine
Part_of_Spirit,21,321.327058966107,36.05501629183816,engine
Part_of_Spirit,22,321.47589854354925,35.99217833602372,engine
Part_of_Spirit,23,321.62471221270175,35.929290690552264,engine
Part_of_Spirit,24,321.77350071197804,35.86635382338457,engine
Part_of_Spirit,25,321.9222640708114,35.80336837749813,engine
Part_of_Spirit,26,322.07100303710985,35.74033481987365,engine
Part_of_Spirit,27,322.21971779920693,35.67725375705432,engine
Part_of_Spirit,28,322.36840856909896,35.61412578891829,engine
Part_of_Spirit,29,322.5170761810576,35.550951345486865,engine
Part_of_Spirit,30,322.6657204610168,35.487731159339674,engine
Ascendant,-30,157.30137811826188,9.496647250325328,engine
Ascendant,-20,158.92620389503043,8.859722259533342,engine
Ascendant,-15,159.73694799526712,8.538417477716777,engine
Ascendant,-10,160.5466450138658,8.215302812696251,engine
Ascendant,-5,161.35534316173914,7.890442837431516,engine
Ascendant,-2,161.8401021045688,7.694716335502194,engine
Ascendant,-1,162.00161400771952,7.629342240021646,engine
Ascendant,0,162.16308932124483,7.563903063678606,engine
Ascendant,1,162.32452841191994,7.498399338529495,engine
Ascendant,2,162.48593164644367,7.432831597325263,engine
Ascendant,3,162.64729938905307,7.367200374479973,engine
Ascendant,4,162.80863200363828,7.301506205212701,engine
Ascendant,5,162.969929852857,7.235749625907221,engine
Ascendant,6,163.13119340537952,7.169931130316182,engine
Ascendant,7,163.2924228054639,7.104051345287367,engine
Ascendant,8,163.45361851941294,7.038110766916438,engine
Ascendant,9,163.61478090540248,6.972109936066809,engine
Ascendant,10,163.77591031955086,6.906049395104801,engine
Ascendant,11,163.937007116832,6.839929687526178,engine
Ascendant,12,164.09807165168755,6.773751357703917,engine
Ascendant,13,164.25910427744253,6.7075149511265435,engine
Ascendant,14,164.42010534542212,6.6412210147610296,engine
Ascendant,15,164.58107520705954,6.574870096184416,engine
Ascendant,16,164.74201421151704,6.508462744562063,engine
Ascendant,17,164.902922815984,6.441999465066665,engine
Ascendant,18,165.06380115171143,6.375480898171432,engine
Ascendant,19,165.22464967382817,6.308907551240739,engine
Ascendant,20,165.38546872733596,6.242279977749787,engine
Ascendant,21,165.54625865742494,6.175598731737395,engine
Ascendant,22,165.70701980709768,6.108864368788443,engine
Ascendant,23,165.8677525195715,6.042077445034891,engine
Ascendant,24,166.0284571359034,5.975238518139643,engine
Ascendant,25,166.18913399739094,5.908348146295808,engine
Ascendant,26,166.34978344319785,5.84140688921181,engine
Ascendant,27,166.51040581275475,5.774415307108864,engine
Ascendant,28,166.67100144338443,5.707373961707356,engine
Ascendant,29,166.83157078036794,5.640283370216899,engine
Ascendant,30,166.99211394389056,5.573144186314716,engine
Midheaven,-30,54.683787800314064,19.479498126605808,engine
Midheaven,-20,57.18847170304238,20.018176692837702,engine
Midheaven,-15,58.4408436123761,20.27305233978305,engine
Midheaven,-10,59.69323796160418,20.518229096490572,engine
Midheaven,-5,60.94565705130221,20.753669804542245,engine
Midheaven,-2,61.6971210000018,20.89024681349915,engine
Midheaven,-1,61.947611172487846,20.934989745108528,engine
Midheaven,0,62.198102465233475,20.979340912265354,engine
Midheaven,1,62.4485948920884,21.023300085326714,engine
Midheaven,2,62.69908846867708,21.066867040091967,engine
Midheaven,3,62.94958320867517,21.110041557066392,engine
Midheaven,4,63.20007912706547,21.152823421947236,engine
Midheaven,5,63.45057623874102,21.195212425295924,engine
Midheaven,6,63.70107472508729,21.237208390253667,engine
Midheaven,7,63.95157426532193,21.27881106062768,engine
Midheaven,8,64.20207504064437,21.320020269156746,engine
Midheaven,9,64.45257706604282,21.360835825140263,engine
Midheaven,10,64.70308035501405,21.401257542115317,engine
Midheaven,11,64.9535849209587,21.441285238011613,engine
Midheaven,12,65.20409077811048,21.480918735220754,engine
Midheaven,13,65.45459794060488,21.520157860367114,engine
Midheaven,14,65.70510642108162,21.559002444016556,engine
Midheaven,15,65.95561623394156,21.59745232110936,engine
Midheaven,16,66.20612739162235,21.635507330308506,engine
Midheaven,17,66.45664007630948,21.673167339618395,engine
Midheaven,18,66.70715396425773,21.71043214499501,engine
Midheaven,19,66.95766923744328,21.74730162235719,engine
Midheaven,20,67.20818590788772,21.78377562567972,engine
Midheaven,21,67.45870398936708,21.81985401285656,engine
Midheaven,22,67.7092234936886,21.85553664508851,engine
Midheaven,23,67.95974443441233,21.8908233873491,engine
Midheaven,24,68.21026682312741,21.925714107785698,engine
Midheaven,25,68.46079067317393,21.960208678175167,engine
Midheaven,26,68.71131599591892,21.994306973337903,engine
Midheaven,27,68.96184280447892,22.028008871583353,engine
Midheaven,28,69.21237110999522,22.061314254137148,engine
Midheaven,29,69.46290109335722,22.094223027511433,engine
Midheaven,30,69.71343242947697,22.126735034939273,engine
Vertex,-30,310.22202087758063,-18.314320953446373,engine
Vertex,-20,313.4697873683536,-17.46384947840155,engine
Vertex,-15,315.1148729375561,-17.009605881691915,engine
Vertex,-10,316.77395468776706,-16.535809358408844,engine
Vertex,-5,318.4468888299127,-16.042353496656492,engine
Vertex,-2,319.4572254880039,-15.736817870897461,engine
Vertex,-1,319.79509085407625,-15.633394470487628,engine
Vertex,0,320.13349656349004,-15.529182027803714,engine
Vertex,1,320.4724407891242,-15.424180717394515,engine
Vertex,2,320.8119216476116,-15.318390809991698,engine
Vertex,3,321.1519371939353,-15.211812675789009,engine
Vertex,4,321.49248542548906,-15.104446784783729,engine
Vertex,5,321.83356427984637,-14.996293709068908,engine
Vertex,6,322.17517186177486,-14.887354051828707,engine
Vertex,7,322.5173055306997,-14.777628740361209,engine
Vertex,8,322.8599632697689,-14.667118591066417,engine
Vertex,9,323.20314277469515,-14.555824601174912,engine
Vertex,10,323.54684167791544,-14.443747879056145,engine
Vertex,11,323.8910575502249,-14.330889645259983,engine
Vertex,12,324.23578790179937,-14.217251233730117,engine
Vertex,13,324.5810301806763,-14.10283409383688,engine
Vertex,14,324.9267817705937,-13.987639792625734,engine
Vertex,15,325.27303999526464,-13.871670014911041,engine
Vertex,16,325.6198021130346,-13.754926566553747,engine
Vertex,17,325.96706555487276,-13.637411295219941,engine
Vertex,18,326.31482698723806,-13.519126409367933,engine
Vertex,19,326.663083714288,-13.400074005176444,engine
Vertex,20,327.01183274143096,-13.280256384469658,engine
Vertex,21,327.36107101307164,-13.159675975846062,engine
Vertex,22,327.710795407318,-13.038335337872068,engine
Vertex,23,328.0610027410732,-12.916237158672502,engine
Vertex,24,328.4116897647601,-12.79338425908383,engine
Vertex,25,328.7628531674626,-12.669779592154953,engine
Vertex,26,329.11448957166795,-12.545426246253164,engine
Vertex,27,329.46659553845797,-12.420327444469326,engine
Vertex,28,329.81916756227196,-12.294486547669308,engine
Vertex,29,330.1722023130387,-12.16790696866899,engine
Vertex,30,330.52569568370166,-12.040592515246045,engine
Algol,-30,47.03562556138072,40.9551796762645,engine
Algol,-20,47.0356247662905,40.95518089531821,engine
Algol,-15,47.035624318368164,40.95518150049637,engine
Algol,-10,47.035623837042365,40.95518210229051,engine
Algol,-5,47.035623322468986,40.95518270033916,engine
Algol,-2,47.035622997837045,40.955183057220665,engine
Algol,-1,47.035622886987106,40.955183175839345,engine
Algol,0,47.03562277482005,40.95518329428235,engine
Algol,1,47.035622661337435,40.95518341254682,engine
Algol,2,47.035622546540836,40.955183530629895,engine
Algol,3,47.035622430431836,40.95518364852874,engine
Algol,4,47.03562231301208,40.955183766240495,engine
Algol,5,47.03562219428324,40.95518388376231,engine
Algol,6,47.03562207424688,40.95518400109146,engine
Algol,7,47.03562195290488,40.95518411822492,engine
Algol,8,47.03562183025888,40.95518423515995,engine
Algol,9,47.035621706310664,40.95518435189372,engine
Algol,10,47.03562158106196,40.95518446842338,engine
Algol,11,47.03562145451462,40.955184584746185,engine
Algol,12,47.03562132667042,40.95518470085925,engine
Algol,13,47.035621197531256,40.95518481675979,engine
Algol,14,47.03562106709899,40.95518493244498,engine
Algol,15,47.035620935375526,40.95518504791204,engine
Algol,16,47.0356208023628,40.95518516315815,engine
Algol,17,47.035620668062656,40.95518527818061,engine
Algol,18,47.03562053247724,40.95518539297647,engine
Algol,19,47.03562039560852,40.955185507543014,engine
Algol,20,47.035620257458454,40.955185621877455,engine
Algol,21,47.035620118029144,40.95518573597703,engine
Algol,22,47.03561997732264,40.955185849838955,engine
Algol,23,47.03561983534103,40.955185963460465,engine
Algol,24,47.035619692086456,40.9551860768388,engine
Algol,25,47.035619547560984,40.95518618997129,engine
Algol,26,47.03561940176705,40.955186302854926,engine
Algol,27,47.035619254706546,40.955186415487184,engine
Algol,28,47.03561910638185,40.955186527865266,engine
Algol,29,47.035618956795034,40.95518663998648,engine
Algol,30,47.035618805948616,40.95518675184796,engine
Pleiades,-30,56.866197565499455,24.104033759978964,engine
Pleiades,-20,56.86619723742329,24.104034607682216,engine
Pleiades,-15,56.86619703108924,24.10403503148978,engine
Pleiades,-10,56.866196796567564,24.10403545496033,engine
Pleiades,-5,56.86619653388226,24.10403587786347,engine
Pleiades,-2,56.86619636276768,24.104036131237162,engine
Pleiades,-1,56.86619630348111,24.10403621562265,engine
Pleiades,0,56.86619624307104,24.104036299968875,engine
Pleiades,1,56.86619618153794,24.104036384273996,engine
Pleiades,2,56.866196118882264,24.104036468536183,engine
Pleiades,3,56.866196055104524,24.104036552753595,engine
Pleiades,4,56.86619599020522,24.1040366369244,engine
Pleiades,5,56.866195924184886,24.10403672104676,engine
Pleiades,6,56.86619585704406,24.104036805118902,engine
Pleiades,7,56.866195788783415,24.104036889138865,engine
Pleiades,8,56.86619571940348,24.104036973104908,engine
Pleiades,9,56.86619564890488,24.104037057015166,engine
Pleiades,10,56.86619557728827,24.10403714086783,engine
Pleiades,11,56.866195504554334,24.104037224661067,engine
Pleiades,12,56.86619543070374,24.10403730839305,engine
Pleiades,13,56.866195355737176,24.104037392061954,engine
Pleiades,14,56.866195279655415,24.104037475665947,engine
Pleiades,15,56.86619520245918,24.10403755920323,engine
Pleiades,16,56.86619512414927,24.104037642671955,engine
Pleiades,17,56.86619504472639,24.10403772607037,engine
Pleiades,18,56.866194964191486,24.104037809396537,engine
Pleiades,19,56.86619488254535,24.104037892648694,engine
Pleiades,20,56.866194799788815,24.104037975825037,engine
Pleiades,21,56.86619471592278,24.10403805892374,engine
Pleiades,22,56.86619463094813,24.104038141942986,engine
Pleiades,23,56.8661945448658,24.104038224880984,engine
Pleiades,24,56.866194457676734,24.104038307735888,engine
Pleiades,25,56.866194369381844,24.104038390505988,engine
Pleiades,26,56.866194279982274,24.104038473189274,engine
Pleiades,27,56.86619418947884,24.104038555784125,engine
Pleiades,28,56.866194097872665,24.104038638288678,engine
Pleiades,29,56.86619400516472,24.10403872070118,engine
Pleiades,30,56.86619391135619,24.104038803019726,engine
Capella,-30,79.1681266974484,45.996847436946375,engine
Capella,-20,79.16812727700034,45.99684879556753,engine
Capella,-15,79.16812751537311,45.996849485392836,engine
Capella,-10,79.16812771907848,45.99685018172491,engine
Capella,-5,79.16812788783825,45.996850884182855,engine
Capella,-2,79.16812797221071,45.99685130843828,engine
Capella,-1,79.1681279975089,45.996851450301705,engine
Capella,0,79.16812802139087,45.99685159238243,engine
Capella,1,79.16812804385472,45.99685173467734,engine
Capella,2,79.16812806489857,45.99685187718338,engine
Capella,3,79.16812808452057,45.99685201989739,engine
Capella,4,79.1681281027189,45.996852162816275,engine
Capella,5,79.16812811949175,45.99685230593691,engine
Capella,6,79.16812813483739,45.99685244925628,engine
Capella,7,79.16812814875405,45.996852592771035,engine
Capella,8,79.16812816124002,45.99685273647819,engine
Capella,9,79.16812817229362,45.996852880374576,engine
Capella,10,79.16812818191322,45.99685302445706,engine
Capella,11,79.16812819009714,45.996853168722495,engine
Capella,12,79.16812819684381,45.996853313167755,engine
Capella,13,79.16812820215164,45.996853457789676,engine
Capella,14,79.16812820601909,45.99685360258513,engine
Capella,15,79.16812820844466,45.996853747550915,engine
Capella,16,79.16812820942681,45.99685389268391,engine
Capella,17,79.16812820896412,45.99685403798105,engine
Capella,18,79.16812820705513,45.99685418343896,engine
Capella,19,79.16812820369844,45.99685432905459,engine
Capella,20,79.16812819889267,45.99685447482476,engine
Capella,21,79.16812819263646,45.996854620746284,engine
Capella,22,79.16812818492849,45.996854766815986,engine
Capella,23,79.16812817576746,45.99685491303072,engine
Capella,24,79.1681281651521,45.99685505938726,engine
Capella,25,79.1681281530812,45.99685520588256,engine
Capella,26,79.16812813955347,45.99685535251309,engine
Capella,27,79.16812812456779,45.99685549927599,engine
Capella,28,79.16812810812294,45.99685564616795,engine
Capella,29,79.16812809021783,45.996855793185915,engine
Capella,30,79.16812807085137,45.99685594032644,engine
Sirius,-30,101.28185076887067,-16.727024842387138,engine
Sirius,-20,101.28185185231072,-16.727025146781887,engine
Sirius,-15,101.28185236525475,-16.727025306818962,engine
Sirius,-10,101.28185285847236,-16.727025471927114,engine
Sirius,-5,101.2818533315687,-16.72702564198682,engine
Sirius,-2,101.28185360560752,-16.72702574634874,engine
Sirius,-1,101.28185369529908,-16.72702578151781,engine
Sirius,0,101.28185378415829,-16.727025816876097,engine
Sirius,1,101.28185387218218,-16.727025852422607,engine
Sirius,2,101.2818539593678,-16.727025888156337,engine
Sirius,3,101.2818540457122,-16.72702592407626,engine
Sirius,4,101.28185413121244,-16.727025960181386,engine
Sirius,5,101.28185421586564,-16.727025996470687,engine
Sirius,6,101.28185429966895,-16.727026032943183,engine
Sirius,7,101.28185438261939,-16.72702606959778,engine
Sirius,8,101.28185446471416,-16.727026106433485,engine
Sirius,9,101.2818545459504,-16.727026143449272,engine
Sirius,10,101.28185462632527,-16.72702618064411,engine
Sirius,11,101.28185470583601,-16.727026218016963,engine
Sirius,12,101.28185478447978,-16.727026255566773,engine
Sirius,13,101.28185486225384,-16.727026293292514,engine
Sirius,14,101.28185493915538,-16.72702633119314,engine
Sirius,15,101.28185501518169,-16.72702636926759,engine
Sirius,16,101.28185509033005,-16.727026407514817,engine
Sirius,17,101.28185516459779,-16.72702644593379,engine
Sirius,18,101.28185523798211,-16.727026484523403,engine
Sirius,19,101.28185531048041,-16.72702652328261,engine
Sirius,20,101.28185538208999,-16.727026562210334,engine
Sirius,21,101.28185545280823,-16.72702660130552,engine
Sirius,22,101.2818555226325,-16.727026640567097,engine
Sirius,23,101.2818555915602,-16.727026679993983,engine
Sirius,24,101.28185565958873,-16.727026719585087,engine
Sirius,25,101.2818557267156,-16.72702675933939,engine
Sirius,26,101.28185579293805,-16.727026799255686,engine
Sirius,27,101.28185585825372,-16.727026839332982,engine
Sirius,28,101.28185592266001,-16.727026879570168,engine
Sirius,29,101.28185598615448,-16.727026919966153,engine
Sirius,30,101.28185604873457,-16.727026960519794,engine
Procyon,-30,114.82059025244227,5.217061833897169,engine
Procyon,-20,114.82059161138109,5.217062068171938,engine
Procyon,-15,114.82059227030253,5.21706218822617,engine
Procyon,-10,114.82059291489055,5.217062310187154,engine
Procyon,-5,114.82059354467789,5.217062434025428,engine
Procyon,-2,114.82059391525407,5.217062509216878,engine
Procyon,-1,114.82059403754153,5.21706253442729,engine
Procyon,0,114.820594159204,5.217062559710588,engine
Procyon,1,114.82059428023787,5.21706258506651,engine
Procyon,2,114.82059440063958,5.217062610494808,engine
Procyon,3,114.8205945204055,5.217062635995221,engine
Procyon,4,114.82059463953213,5.217062661567499,engine
Procyon,5,114.82059475801586,5.217062687211379,engine
Procyon,6,114.82059487585325,5.217062712926614,engine
Procyon,7,114.82059499304066,5.217062738712915,engine
Procyon,8,114.82059510957458,5.2170627645700405,engine
Procyon,9,114.82059522545156,5.217062790497716,engine
Procyon,10,114.82059534066804,5.217062816495681,engine
Procyon,11,114.82059545522063,5.217062842563669,engine
Procyon,12,114.8205955691058,5.217062868701415,engine
Procyon,13,114.82059568232016,5.217062894908646,engine
Procyon,14,114.8205957948602,5.217062921185093,engine
Procyon,15,114.82059590672255,5.217062947530484,engine
Procyon,16,114.82059601790377,5.217062973944546,engine
Procyon,17,114.82059612840054,5.217063000427021,engine
Procyon,18,114.82059623820932,5.2170630269776,engine
Procyon,19,114.82059634732683,5.217063053596019,engine
Procyon,20,114.82059645574967,5.217063080282005,engine
Procyon,21,114.82059656347452,5.217063107035277,engine
Procyon,22,114.82059667049805,5.21706313385555,engine
Procyon,23,114.82059677681694,5.217063160742546,engine
Procyon,24,114.82059688242785,5.21706318769598,engine
Procyon,25,114.82059698732763,5.217063214715578,engine
Procyon,26,114.8205970915127,5.217063241801015,engine
Procyon,27,114.82059719498007,5.2170632689520495,engine
Procyon,28,114.82059729772635,5.2170632961683765,engine
Procyon,29,114.82059739974845,5.217063323449725,engine
Procyon,30,114.82059750104294,5.217063350795762,engine
Alkaid,-30,206.89206526236825,49.31203043651619,engine
Alkaid,-20,206.89206702999044,49.31202945954672,engine
Alkaid,-15,206.89206796512084,49.31202898563042,engine
Alkaid,-10,206.8920689338766,49.31202852191599,engine
Alkaid,-5,206.89206993579714,49.312028068764356,engine
Alkaid,-2,206.89207055267087,49.312027802091876,engine
Alkaid,-1,206.89207076089235,49.31202771408773,engine
Alkaid,0,206.8920709704057,49.312027626531616,engine
Alkaid,1,206.89207118120692,49.31202753942629,engine
Alkaid,2,206.892071393292,49.312027452774544,engine
Alkaid,3,206.89207160665697,49.31202736657917,engine
Alkaid,4,206.89207182129766,49.3120272808429,engine
Alkaid,5,206.89207203721006,49.312027195568504,engine
Alkaid,6,206.89207225439017,49.31202711075866,engine
Alkaid,7,206.89207247283358,49.312027026416246,engine
Alkaid,8,206.89207269253626,49.31202694254391,engine
Alkaid,9,206.89207291349408,49.312026859144375,engine
Alkaid,10,206.89207313570276,49.31202677622034,engine
Alkaid,11,206.8920733591581,49.31202669377452,engine
Alkaid,12,206.89207358385582,49.31202661180962,engine
Alkaid,13,206.8920738097917,49.31202653032828,engine
Alkaid,14,206.8920740369614,49.312026449333224,engine
Alkaid,15,206.89207426536058,49.31202636882707,engine
Alkaid,16,206.8920744949849,49.31202628881251,engine
Alkaid,17,206.89207472583018,49.3120262092921,engine
Alkaid,18,206.89207495789165,49.312026130268606,engine
Alkaid,19,206.8920751911651,49.3120260517446,engine
Alkaid,20,206.89207542564606,49.312025973722704,engine
Alkaid,21,206.89207566133007,49.31202589620549,engine
Alkaid,22,206.89207589821265,49.312025819195604,engine
Alkaid,23,206.89207613628926,49.312025742695575,engine
Alkaid,24,206.89207637555538,49.312025666708045,engine
Alkaid,25,206.89207661600662,49.312025591235454,engine
Alkaid,26,206.8920768576379,49.3120255162806,engine
Alkaid,27,206.89207710044514,49.312025441845826,engine
Alkaid,28,206.8920773444235,49.31202536793375,engine
Alkaid,29,206.89207758956854,49.312025294546814,engine
Alkaid,30,206.89207783587523,49.312025221687676,engine
Algorab,-30,187.46980105729398,-16.51875771014959,engine
Algorab,-20,187.46980267535056,-16.518757321317384,engine
Algorab,-15,187.46980351060773,-16.51875713528808,engine
Algorab,-10,187.4698043627498,-16.518756954987918,engine
Algorab,-5,187.4698052313163,-16.518756780516863,engine
Algorab,-2,187.46980576014505,-16.518756678672794,engine
Algorab,-1,187.4698059376801,-16.51875664520244,engine
Algorab,0,187.46980611583817,-16.51875661197219,engine
Algorab,1,187.4698062946154,-16.518756578982774,engine
Algorab,2,187.46980647400804,-16.518756546234936,engine
Algorab,3,187.46980665401213,-16.518756513729418,engine
Algorab,4,187.46980683462385,-16.518756481466948,engine
Algorab,5,187.46980701583928,-16.518756449448254,engine
Algorab,6,187.4698071976547,-16.51875641767404,engine
Algorab,7,187.46980738006596,-16.518756386145064,engine
Algorab,8,187.46980756306922,-16.518756354862017,engine
Algorab,9,187.46980774666054,-16.518756323825603,engine
Algorab,10,187.46980793083605,-16.51875629303653,engine
Algorab,11,187.46980811559177,-16.51875626249551,engine
Algorab,12,187.46980830092375,-16.51875623220322,engine
Algorab,13,187.469808486828,-16.518756202160368,engine
Algorab,14,187.46980867330052,-16.51875617236761,engine
Algorab,15,187.46980886033734,-16.51875614282564,engine
Algorab,16,187.46980904793443,-16.51875611353515,engine
Algorab,17,187.46980923608797,-16.518756084496772,engine
Algorab,18,187.46980942479362,-16.518756055711215,engine
Algorab,19,187.46980961404745,-16.51875602717911,engine
Algorab,20,187.46980980384546,-16.518755998901135,engine
Algorab,21,187.4698099941836,-16.518755970877933,engine
Algorab,22,187.46981018505778,-16.51875594311014,engine
Algorab,23,187.46981037646393,-16.5187559155984,engine
Algorab,24,187.4698105683979,-16.518755888343346,engine
Algorab,25,187.46981076085584,-16.518755861345614,engine
Algorab,26,187.46981095383313,-16.51875583460586,engine
Algorab,27,187.4698111473261,-16.51875580812467,engine
Algorab,28,187.4698113413305,-16.51875578190266,engine
Algorab,29,187.46981153584235,-16.518755755940433,engine
Algorab,30,187.46981173085717,-16.518755730238635,engine
Spica,-30,201.30329079027882,-11.16360805342102,engine
Spica,-20,201.30329209913106,-11.163607679752836,engine
Spica,-15,201.30329278558432,-11.163607497320898,engine
Spica,-10,201.30329349293626,-11.16360731794191,engine
Spica,-5,201.30329422083506,-11.163607141702613,engine
Spica,-2,201.30329466728662,-11.16360703750166,engine
Spica,-1,201.30329481770488,-11.163607003029162,engine
Spica,0,201.30329496891866,-11.16360696868835,engine
Spica,1,201.30329512092507,-11.163606934479894,engine
Spica,2,201.303295273721,-11.163606900404456,engine
Spica,3,201.30329542730342,-11.163606866462697,engine
Spica,4,201.30329558166935,-11.163606832655272,engine
Spica,5,201.30329573681564,-11.163606798982833,engine
Spica,6,201.30329589273938,-11.163606765446014,engine
Spica,7,201.30329604943725,-11.163606732045508,engine
Spica,8,201.30329620690623,-11.163606698781944,engine
Spica,9,201.30329636514324,-11.163606665655957,engine
Spica,10,201.30329652414505,-11.163606632668197,engine
Spica,11,201.30329668390863,-11.163606599819293,engine
Spica,12,201.30329684443072,-11.163606567109895,engine
Spica,13,201.30329700570817,-11.163606534540623,engine
Spica,14,201.3032971677378,-11.163606502112119,engine
Spica,15,201.3032973305164,-11.163606469825007,engine
Spica,16,201.3032974940407,-11.163606437679906,engine
Spica,17,201.3032976583076,-11.163606405677434,engine
Spica,18,201.30329782331367,-11.163606373818235,engine
Spica,19,201.30329798905566,-11.16360634210292,engine
Spica,20,201.30329815553037,-11.163606310532087,engine
Spica,21,201.30329832273452,-11.163606279106364,engine
Spica,22,201.3032984906647,-11.163606247826353,engine
Spica,23,201.30329865931762,-11.163606216692658,engine
Spica,24,201.30329882869,-11.163606185705888,engine
Spica,25,201.3032989987786,-11.163606154866624,engine
Spica,26,201.30329916957965,-11.163606124175518,engine
Spica,27,201.30329934109014,-11.163606093633105,engine
Spica,28,201.30329951330657,-11.163606063240005,engine
Spica,29,201.30329968622564,-11.16360603299678,engine
Spica,30,201.30329985984378,-11.163606002904062,engine
Arcturus,-30,213.9136824317073,19.168000462431625,engine
Arcturus,-20,213.9136834542265,19.16800007193504,engine
Arcturus,-15,213.9136840031338,19.167999881564622,engine
Arcturus,-10,213.91368457682074,19.167999694671334,engine
Arcturus,-5,213.91368517503352,19.167999511421918,engine
Arcturus,-2,213.91368554562348,19.1679994032901,engine
Arcturus,-1,213.91368567108412,19.167999367557,engine
Arcturus,0,213.91368579750633,19.167999331981505,engine
Arcturus,1,213.91368592488791,19.167999296564897,engine
Arcturus,2,213.91368605322657,19.167999261308488,engine
Arcturus,3,213.91368618252002,19.167999226213556,engine
Arcturus,4,213.9136863127659,19.167999191281403,engine
Arcturus,5,213.91368644396198,19.167999156513318,engine
Arcturus,6,213.9136865761059,19.167999121910555,engine
Arcturus,7,213.91368670919516,19.167999087474445,engine
Arcturus,8,213.9136868432275,19.167999053206252,engine
Arcturus,9,213.91368697820047,19.16799901910724,engine
Arcturus,10,213.9136871141117,19.167998985178688,engine
Arcturus,11,213.9136872509587,19.167998951421858,engine
Arcturus,12,213.91368738873902,19.167998917838016,engine
Arcturus,13,213.9136875274502,19.167998884428428,engine
Arcturus,14,213.9136876670898,19.167998851194355,engine
Arcturus,15,213.91368780765524,19.16799881813704,engine
Arcturus,16,213.91368794914402,19.167998785257744,engine
Arcturus,17,213.91368809155367,19.167998752557693,engine
Arcturus,18,213.91368823488148,19.16799872003818,engine
Arcturus,19,213.91368837912495,19.167998687700422,engine
Arcturus,20,213.91368852428144,19.167998655545656,engine
Arcturus,21,213.91368867034842,19.167998623575116,engine
Arcturus,22,213.9136888173232,19.16799859179002,engine
Arcturus,23,213.9136889652031,19.167998560191624,engine
Arcturus,24,213.91368911398555,19.16799852878114,engine
Arcturus,25,213.91368926366786,19.16799849755973,engine
Arcturus,26,213.91368941424713,19.16799846652874,engine
Arcturus,27,213.91368956572086,19.167998435689277,engine
Arcturus,28,213.91368971808626,19.167998405042606,engine
Arcturus,29,213.91368987134067,19.16799837458987,engine
Arcturus,30,213.91369002548112,19.167998344332343,engine
Alphecca,-30,233.6781427780991,26.71137436418536,engine
Alphecca,-20,233.67814322495653,26.711373683954044,engine
Alphecca,-15,233.67814349153892,26.71137334473688,engine
Alphecca,-10,233.67814378683363,26.711373006454895,engine
Alphecca,-5,233.67814411078112,26.711372669359566,engine
Alphecca,-2,233.67814431887297,26.711372467776457,engine
Alphecca,-1,233.6781443905202,26.71137240070647,engine
Alphecca,0,233.6781444633079,26.71137233370199,engine
Alphecca,1,233.6781445372354,26.71137226676503,engine
Alphecca,2,233.67814461230182,26.71137219989761,engine
Alphecca,3,233.67814468850642,26.711372133101698,engine
Alphecca,4,233.67814476584837,26.71137206637931,engine
Alphecca,5,233.67814484432694,26.711371999732428,engine
Alphecca,6,233.67814492394126,26.711371933163015,engine
Alphecca,7,233.67814500469032,26.711371866673133,engine
Alphecca,8,233.67814508657335,26.711371800264725,engine
Alphecca,9,233.6781451695894,26.711371733939814,engine
Alphecca,10,233.6781452537375,26.711371667700366,engine
Alphecca,11,233.6781453390168,26.711371601548368,engine
Alphecca,12,233.6781454254262,26.71137153548579,engine
Alphecca,13,233.67814551296473,26.711371469514642,engine
Alphecca,14,233.67814560163143,26.711371403636875,engine
Alphecca,15,233.6781456914252,26.71137133785448,engine
Alphecca,16,233.67814578234493,26.711371272169444,engine
Alphecca,17,233.67814587438974,26.7113712065837,engine
Alphecca,18,233.6781459675582,26.711371141099267,engine
Alphecca,19,233.6781460618494,26.71137107571814,engine
Alphecca,20,233.67814615726215,26.711371010442235,engine
Alphecca,21,233.6781462537953,26.71137094527354,engine
Alphecca,22,233.67814635144748,26.71137088021401,engine
Alphecca,23,233.67814645021775,26.71137081526564,engine
Alphecca,24,233.67814655010469,26.711370750430337,engine
Alphecca,25,233.67814665110708,26.711370685710037,engine
Alphecca,26,233.67814675322361,26.711370621106852,engine
Alphecca,27,233.67814685645303,26.711370556622597,engine
Alphecca,28,233.67814696079392,26.71137049225925,engine
Alphecca,29,233.67814706624515,26.71137042801874,engine
Alphecca,30,233.67814717280513,26.71137036390309,engine
Vega,-30,279.2386676310957,38.78081542271787,engine
Vega,-20,279.2386663697933,38.78081457333738,engine
Vega,-15,279.238665775706,38.78081413228986,engine
Vega,-10,279.23866520663586,38.78081368068819,engine
Vega,-5,279.23866466304844,38.78081321880157,engine
Vega,-2,279.23866434931705,38.78081293684678,engine
Vega,-1,279.23866424683143,38.78081284207135,engine
Vega,0,279.23866414539754,38.78081274690438,engine
Vega,1,279.23866404501877,38.78081265134815,engine
Vega,2,279.23866394569865,38.780812555404886,engine
Vega,3,279.2386638474406,38.78081245907686,engine
Vega,4,279.238663750248,38.780812362366355,engine
Vega,5,279.2386636541243,38.780812265275635,engine
Vega,6,279.23866355907285,38.7808121678069,engine
Vega,7,279.2386634650971,38.78081206996261,engine
Vega,8,279.2386633722004,38.780811971744996,engine
Vega,9,279.23866328038594,38.78081187315633,engine
Vega,10,279.2386631896572,38.780811774198945,engine
Vega,11,279.2386631000174,38.78081167487519,engine
Vega,12,279.2386630114697,38.78081157518734,engine
Vega,13,279.2386629240175,38.78081147513775,engine
Vega,14,279.23866283766387,38.78081137472877,engine
Vega,15,279.23866275241215,38.78081127396275,engine
Vega,16,279.2386626682655,38.78081117284203,engine
Vega,17,279.23866258522685,38.78081107136891,engine
Vega,18,279.2386625032997,38.78081096954591,engine
Vega,19,279.2386624224869,38.78081086737531,engine
Vega,20,279.2386623427917,38.780810764859496,engine
Vega,21,279.2386622642171,38.780810662000896,engine
Vega,22,279.2386621867662,38.78081055880185,engine
Vega,23,279.2386621104419,38.78081045526478,engine
Vega,24,279.23866203524733,38.78081035139212,engine
Vega,25,279.2386619611854,38.780810247186174,engine
Vega,26,279.2386618882593,38.780810142649585,engine
Vega,27,279.2386618164717,38.780810037784605,engine
Vega,28,279.23866174582554,38.7808099325937,engine
Vega,29,279.23866167632383,38.780809827079246,engine
Vega,30,279.2386616079695,38.78080972124383,engine
Deneb Algedi,-30,326.7593503289565,-16.1297533864526,engine
Deneb Algedi,-20,326.75934847101286,-16.129753179882496,engine
Deneb Algedi,-15,326.75934754208663,-16.129753065930963,engine
Deneb Algedi,-10,326.7593466139728,-16.12975294487214,engine
Deneb Algedi,-5,326.75934568725717,-16.129752816713008,engine
Deneb Algedi,-2,326.7593451321425,-16.129752736413582,engine
Deneb Algedi,-1,326.75934494728483,-16.129752709080382,engine
Deneb Algedi,0,326.7593447625252,-16.129752681464005,engine
Deneb Algedi,1,326.7593445778683,-16.12975265356457,engine
Deneb Algedi,2,326.7593443933187,-16.129752625382206,engine
Deneb Algedi,3,326.7593442088813,-16.129752596917047,engine
Deneb Algedi,4,326.75934402456056,-16.129752568169234,engine
Deneb Algedi,5,326.75934384036117,-16.1297525391389,engine
Deneb Algedi,6,326.75934365628774,-16.129752509826186,engine
Deneb Algedi,7,326.75934347234517,-16.12975248023127,engine
Deneb Algedi,8,326.75934328853793,-16.129752450354307,engine
Deneb Algedi,9,326.7593431048707,-16.129752420195448,engine
Deneb Algedi,10,326.7593429213482,-16.129752389754874,engine
Deneb Algedi,11,326.7593427379749,-16.12975235903276,engine
Deneb Algedi,12,326.7593425547557,-16.129752328029276,engine
Deneb Algedi,13,326.75934237169497,-16.129752296744613,engine
Deneb Algedi,14,326.7593421887975,-16.129752265178965,engine
Deneb Algedi,15,326.75934200606804,-16.129752233332525,engine
Deneb Algedi,16,326.759341823511,-16.129752201205502,engine
Deneb Algedi,17,326.75934164113096,-16.12975216879807,engine
Deneb Algedi,18,326.7593414589328,-16.129752136110504,engine
Deneb Algedi,19,326.7593412769211,-16.12975210314298,engine
Deneb Algedi,20,326.7593410951003,-16.129752069895734,engine
Deneb Algedi,21,326.7593409134752,-16.129752036369,engine
Deneb Algedi,22,326.7593407320503,-16.12975200256299,engine
Deneb Algedi,23,326.7593405508303,-16.129751968477972,engine
Deneb Algedi,24,326.7593403698197,-16.12975193411416,engine
Deneb Algedi,25,326.759340189023,-16.12975189947184,engine
Deneb Algedi,26,326.7593400084452,-16.12975186455126,engine
Deneb Algedi,27,326.7593398280905,-16.12975182935265,engine
Deneb Algedi,28,326.7593396479637,-16.129751793876306,engine
Deneb Algedi,29,326.75933946806913,-16.129751758122445,engine
Deneb Algedi,30,326.7593392884117,-16.129751722091434,engine
Rigel,-30,78.63103868198915,-8.204192937451426,engine
Rigel,-20,78.63103907015082,-8.204193063479146,engine
Rigel,-15,78.63103922801567,-8.204193128599417,engine
Rigel,-10,78.63103936146331,-8.20419319502482,engine
Rigel,-5,78.63103947030356,-8.204193262680214,engine
Rigel,-2,78.6310395237214,-8.204193303832353,engine
Rigel,-1,78.63103953953807,-8.204193317639232,engine
Rigel,0,78.63103955435788,-8.204193331489842,engine
Rigel,1,78.63103956817957,-8.20419334538357,engine
Rigel,2,78.63103958100184,-8.20419335931981,engine
Rigel,3,78.63103959282344,-8.204193373297938,engine
Rigel,4,78.63103960364313,-8.204193387317344,engine
Rigel,5,78.63103961345968,-8.204193401377417,engine
Rigel,6,78.63103962227193,-8.204193415477542,engine
Rigel,7,78.63103963007863,-8.204193429617089,engine
Rigel,8,78.6310396368787,-8.204193443795447,engine
Rigel,9,78.63103964267096,-8.204193458012002,engine
Rigel,10,78.63103964745426,-8.204193472266127,engine
Rigel,11,78.63103965122755,-8.204193486557205,engine
Rigel,12,78.63103965398972,-8.204193500884623,engine
Rigel,13,78.63103965573971,-8.204193515247749,engine
Rigel,14,78.63103965647646,-8.20419352964597,engine
Rigel,15,78.63103965619898,-8.204193544078654,engine
Rigel,16,78.63103965490625,-8.204193558545187,engine
Rigel,17,78.63103965259725,-8.204193573044948,engine
Rigel,18,78.63103964927105,-8.204193587577295,engine
Rigel,19,78.6310396449267,-8.204193602141613,engine
Rigel,20,78.63103963956326,-8.204193616737275,engine
Rigel,21,78.63103963317982,-8.204193631363658,engine
Rigel,22,78.63103962577551,-8.20419364602013,engine
Rigel,23,78.63103961734944,-8.204193660706064,engine
Rigel,24,78.63103960790079,-8.204193675420832,engine
Rigel,25,78.63103959742872,-8.204193690163834,engine
Rigel,26,78.63103958593238,-8.20419370493438,engine
Rigel,27,78.63103957341102,-8.20419371973188,engine
Rigel,28,78.63103955986385,-8.204193734555695,engine
Rigel,29,78.63103954529011,-8.20419374940521,engine
Rigel,30,78.63103952968909,-8.204193764279767,engine
Betelgeuse,-30,88.79044416062924,7.405729453903001,engine
Betelgeuse,-20,88.79044485744203,7.405729797340796,engine
Betelgeuse,-15,88.79044517281899,7.405729971634244,engine
Betelgeuse,-10,88.79044546578329,7.405730147560386,engine
Betelgeuse,-5,88.79044573605361,7.40573032505555,engine
Betelgeuse,-2,88.79044588720964,7.405730432278965,engine
Betelgeuse,-1,88.79044593574798,7.4057304681380405,engine
Betelgeuse,0,88.79044598335935,7.405730504055223,engine
Betelgeuse,1,88.79044603004172,7.405730540029974,engine
Betelgeuse,2,88.79044607579307,7.4057305760617735,engine
Betelgeuse,3,88.79044612061139,7.405730612150106,engine
Betelgeuse,4,88.79044616449471,7.405730648294435,engine
Betelgeuse,5,88.79044620744104,7.405730684494236,engine
Betelgeuse,6,88.79044624944845,7.405730720749,engine
Betelgeuse,7,88.79044629051498,7.405730757058149,engine
Betelgeuse,8,88.79044633063872,7.40573079342118,engine
Betelgeuse,9,88.79044636981777,7.405730829837555,engine
Betelgeuse,10,88.79044640805027,7.40573086630675,engine
Betelgeuse,11,88.79044644533435,7.405730902828221,engine
Betelgeuse,12,88.79044648166816,7.40573093940144,engine
Betelgeuse,13,88.79044651704989,7.405730976025861,engine
Betelgeuse,14,88.7904465514777,7.4057310127009615,engine
Betelgeuse,15,88.79044658494985,7.405731049426191,engine
Betelgeuse,16,88.79044661746454,7.405731086201015,engine
Betelgeuse,17,88.79044664902003,7.405731123024918,engine
Betelgeuse,18,88.79044667961458,7.405731159897304,engine
Betelgeuse,19,88.79044670924645,7.405731196817667,engine
Betelgeuse,20,88.79044673791398,7.405731233785455,engine
Betelgeuse,21,88.79044676561548,7.4057312708001275,engine
Betelgeuse,22,88.7904467923493,7.405731307861141,engine
Betelgeuse,23,88.79044681811378,7.405731344967948,engine
Betelgeuse,24,88.79044684290731,7.405731382120003,engine
Betelgeuse,25,88.79044686672835,7.405731419316775,engine
Betelgeuse,26,88.79044688957516,7.405731456557656,engine
Betelgeuse,27,88.79044691144628,7.405731493842167,engine
Betelgeuse,28,88.79044693234015,7.405731531169729,engine
Betelgeuse,29,88.79044695225524,7.405731568539822,engine
Betelgeuse,30,88.79044697119002,7.405731605951834,engine
Polaris,-30,37.57132263400229,89.26480065249999,engine
Polaris,-20,37.571254493898856,89.26480224249906,engine
Polaris,-15,37.57121758314893,89.26480302476739,engine
Polaris,-10,37.571178798593124,89.26480379784206,engine
Polaris,-5,37.57113815633458,89.26480456119918,engine
Polaris,-2,37.57111288632463,89.26480501433262,engine
Polaris,-1,37.57110431638664,89.26480516453884,engine
Polaris,0,37.57109567338759,89.26480531431909,engine
Polaris,1,37.57108695747342,89.26480546366925,engine
Polaris,2,37.5710781687914,89.26480561258523,engine
Polaris,3,37.57106930749022,89.26480576106296,engine
Polaris,4,37.57106037371998,89.26480590909834,engine
Polaris,5,37.57105136763208,89.26480605668733,engine
Polaris,6,37.57104228937335,89.26480620382596,engine
Polaris,7,37.5710331391101,89.26480635050997,engine
Polaris,8,37.571023916991955,89.26480649673543,engine
Polaris,9,37.57101462317588,89.26480664249831,engine
Polaris,10,37.57100525782025,89.26480678779458,engine
Polaris,11,37.570995821084786,89.26480693262022,engine
Polaris,12,37.570986313130604,89.26480707697125,engine
Polaris,13,37.57097673412017,89.26480722084364,engine
Polaris,14,37.57096708421734,89.26480736423343,engine
Polaris,15,37.570957363587254,89.26480750713661,engine
Polaris,16,37.570947572396506,89.26480764954924,engine
Polaris,17,37.570937710806284,89.26480779146745,engine
Polaris,18,37.570927778999156,89.2648079328871,engine
Polaris,19,37.570917777139044,89.26480807380432,engine
Polaris,20,37.57090770539796,89.26480821421522,engine
Polaris,21,37.57089756394912,89.26480835411586,engine
Polaris,22,37.57088735296715,89.26480849350231,engine
Polaris,23,37.57087707262798,89.26480863237069,engine
Polaris,24,37.570866723108914,89.26480877071711,engine
Polaris,25,37.570856304582215,89.26480890853782,engine
Polaris,26,37.570845817247445,89.26480904582857,engine
Polaris,27,37.570835261265515,89.26480918258584,engine
Polaris,28,37.57082463682598,89.26480931880567,engine
Polaris,29,37.570813944105524,89.26480945448434,engine
Polaris,30,37.57080318330365,89.26480958961778,engine
Castor,-30,113.64747361652653,31.888447133006814,engine
Castor,-20,113.64747518377666,31.888447891239206,engine
Castor,-15,113.64747594251799,31.888448287374313,engine
Castor,-10,113.64747668393562,31.88844869463329,engine
Castor,-5,113.64747740748926,31.888449112843016,engine
Castor,-2,113.64747783282493,31.888449368951164,engine
Castor,-1,113.64747797311215,31.88844945517553,engine
Castor,0,113.64747811264671,31.888449541824958,engine
Castor,1,113.64747825142449,31.88844962889796,engine
Castor,2,113.64747838944132,31.88844971639303,engine
Castor,3,113.64747852669306,31.88844980430866,engine
Castor,4,113.64747866317566,31.88844989264334,engine
Castor,5,113.64747879888493,31.888449981395574,engine
Castor,6,113.64747893381697,31.888450070563888,engine
Castor,7,113.64747906796748,31.888450160146625,engine
Castor,8,113.6474792013325,31.8884502501423,engine
Castor,9,113.64747933390798,31.888450340549362,engine
Castor,10,113.64747946568994,31.888450431366262,engine
Castor,11,113.64747959667432,31.888450522591434,engine
Castor,12,113.64747972685718,31.888450614223306,engine
Castor,13,113.6474798562345,31.888450706260294,engine
Castor,14,113.64747998480233,31.888450798700813,engine
Castor,15,113.6474801125567,31.888450891543254,engine
Castor,16,113.64748023949373,31.88845098478603,engine
Castor,17,113.64748036560955,31.888451078427583,engine
Castor,18,113.64748049090012,31.888451172466166,engine
Castor,19,113.64748061536162,31.88845126690023,engine
Castor,20,113.64748073899017,31.888451361728137,engine
Castor,21,113.64748086178194,31.88845145694824,engine
Castor,22,113.64748098373309,31.88845155255888,engine
Castor,23,113.64748110483978,31.8884516485584,engine
Castor,24,113.64748122509826,31.888451744945154,engine
Castor,25,113.6474813445048,31.888451841717526,engine
Castor,26,113.64748146305534,31.888451938873644,engine
Castor,27,113.6474815807464,31.888452036412026,engine
Castor,28,113.64748169757415,31.88845213433089,engine
Castor,29,113.64748181353497,31.888452232628627,engine
Castor,30,113.64748192862497,31.88845233130338,engine
Altair,-30,297.6993727157744,8.867926406495629,engine
Altair,-20,297.6993712865892,8.867926363631653,engine
Altair,-15,297.6993705910148,8.86792633694006,engine
Altair,-10,297.69936990877886,8.867926306798843,engine
Altair,-5,297.69936924036784,8.867926273252644,engine
Altair,-2,297.6993688461572,8.867926251509719,engine
Altair,-1,297.69936871591585,8.867926243995147,engine
Altair,0,297.69936858626187,8.867926236347746,engine
Altair,1,297.69936845719906,8.867926228567912,engine
Altair,2,297.6993683287311,8.86792622065603,engine
Altair,3,297.6993682008618,8.867926212612492,engine
Altair,4,297.6993680735949,8.867926204437707,engine
Altair,5,297.69936794693405,8.867926196132053,engine
Altair,6,297.69936782088297,8.867926187695938,engine
Altair,7,297.6993676954454,8.867926179129782,engine
Altair,8,297.69936757062504,8.867926170433966,engine
Altair,9,297.6993674464255,8.867926161608919,engine
Altair,10,297.69936732285055,8.867926152655041,engine
Altair,11,297.6993671999037,8.867926143572749,engine
Altair,12,297.6993670775886,8.86792613436245,engine
Altair,13,297.69936695590894,8.867926125024578,engine
Altair,14,297.6993668348682,8.867926115559545,engine
Altair,15,297.6993667144702,8.867926105967776,engine
Altair,16,297.69936659471836,8.867926096249688,engine
Altair,17,297.6993664756162,8.867926086405715,engine
Altair,18,297.69936635716755,8.867926076436293,engine
Altair,19,297.69936623937565,8.867926066341846,engine
Altair,20,297.6993661222442,8.86792605612282,engine
Altair,21,297.6993660057768,8.867926045779646,engine
Altair,22,297.6993658899768,8.867926035312765,engine
Altair,23,297.69936577484776,8.867926024722616,engine
Altair,24,297.69936566039314,8.867926014009651,engine
Altair,25,297.6993655466163,8.867926003174292,engine
Altair,26,297.699365433521,8.867925992217032,engine
Altair,27,297.6993653211105,8.867925981138299,engine
Altair,28,297.6993652093883,8.867925969938547,engine
Altair,29,297.69936509835765,8.867925958618223,engine
Altair,30,297.69936498802207,8.867925947177804,engine
Bellatrix,-30,81.27947717900247,6.34808837750504,engine
Bellatrix,-20,81.27947764777826,6.34808869877865,engine
Bellatrix,-15,81.2794778468048,6.3480888611224495,engine
Bellatrix,-10,81.27947802195274,6.3480890245273045,engine
Bellatrix,-5,81.27947817300816,6.348089188934949,engine
Bellatrix,-2,81.2794782519923,6.348089288036411,engine
Bellatrix,-1,81.27947827636943,6.348089321143544,engine
Bellatrix,0,81.2794782997686,6.348089354286542,engine
Bellatrix,1,81.27947832218828,6.34808938746493,engine
Bellatrix,2,81.27947834362705,6.348089420678235,engine
Bellatrix,3,81.2794783640834,6.348089453925973,engine
Bellatrix,4,81.27947838355594,6.348089487207676,engine
Bellatrix,5,81.27947840204325,6.348089520522859,engine
Bellatrix,6,81.27947841954393,6.348089553871069,engine
Bellatrix,7,81.27947843605659,6.3480895872517795,engine
Bellatrix,8,81.27947845157988,6.348089620664537,engine
Bellatrix,9,81.27947846611248,6.348089654108855,engine
Bellatrix,10,81.27947847965305,6.348089687584259,engine
Bellatrix,11,81.2794784922003,6.348089721090262,engine
Bellatrix,12,81.27947850375294,6.348089754626384,engine
Bellatrix,13,81.2794785143097,6.3480897881921425,engine
Bellatrix,14,81.27947852386937,6.348089821787055,engine
Bellatrix,15,81.2794785324307,6.3480898554106355,engine
Bellatrix,16,81.2794785399925,6.3480898890624005,engine
Bellatrix,17,81.27947854655356,6.348089922741887,engine
Bellatrix,18,81.27947855211274,6.348089956448563,engine
Bellatrix,19,81.27947855666888,6.3480899901819665,engine
Bellatrix,20,81.27947856022085,6.348090023941615,engine
Bellatrix,21,81.27947856276752,6.3480900577270125,engine
Bellatrix,22,81.27947856430785,6.348090091537679,engine
Bellatrix,23,81.27947856484074,6.348090125373125,engine
Bellatrix,24,81.27947856436515,6.348090159232857,engine
Bellatrix,25,81.27947856288007,6.348090193116407,engine
Bellatrix,26,81.27947856038442,6.348090227023231,engine
Bellatrix,27,81.27947855687724,6.348090260952898,engine
Bellatrix,28,81.27947855235757,6.348090294904897,engine
Bellatrix,29,81.27947854682444,6.348090328878758,engine
Bellatrix,30,81.27947854027693,6.348090362873944,engine
