body,minute,ra,dec,source
Aldebaran,-30,68.9759035864021,16.50779992188389,engine
Aldebaran,-20,68.97590170785676,16.50780022001434,engine
Aldebaran,-15,68.97590075731196,16.507800358804186,engine
Aldebaran,-10,68.97589979998531,16.507800490687682,engine
Aldebaran,-5,68.9758988364303,16.507800615626973,engine
Aldebaran,-2,68.9758982555393,16.507800687242757,engine
Aldebaran,-1,68.97589806147612,16.50780071055517,engine
Aldebaran,0,68.97589786720393,16.507800733587406,engine
Aldebaran,1,68.97589767272726,16.507800756339226,engine
Aldebaran,2,68.97589747805058,16.50780077881039,engine
Aldebaran,3,68.97589728317838,16.50780080100069,engine
Aldebaran,4,68.97589708811519,16.507800822909882,engine
Aldebaran,5,68.97589689286545,16.507800844537762,engine
Aldebaran,6,68.9758966974336,16.507800865884125,engine
Aldebaran,7,68.97589650182434,16.50780088694873,engine
Aldebaran,8,68.9758963060421,16.5078009077314,engine
Aldebaran,9,68.97589611009136,16.50780092823194,engine
Aldebaran,10,68.97589591397666,16.507800948450157,engine
Aldebaran,11,68.9758957177025,16.507800968385855,engine
Aldebaran,12,68.97589552127342,16.507800988038863,engine
Aldebaran,13,68.97589532469392,16.507801007409007,engine
Aldebaran,14,68.97589512796856,16.507801026496114,engine
Aldebaran,15,68.97589493110185,16.507801045300024,engine
Aldebaran,16,68.97589473409832,16.507801063820583,engine
Aldebaran,17,68.9758945369624,16.507801082057636,engine
Aldebaran,18,68.97589433969885,16.507801100011026,engine
Aldebaran,19,68.97589414231213,16.50780111768061,engine
Aldebaran,20,68.97589394480674,16.507801135066256,engine
Aldebaran,21,68.97589374718726,16.507801152167843,engine
Aldebaran,22,68.97589354945806,16.507801168985235,engine
Aldebaran,23,68.97589335162402,16.50780118551831,engine
Aldebaran,24,68.97589315368964,16.507801201766952,engine
Aldebaran,25,68.97589295565925,16.507801217731053,engine
Aldebaran,26,68.9758927575375,16.507801233410532,engine
Aldebaran,27,68.97589255932895,16.50780124880526,engine
Aldebaran,28,68.97589236103818,16.507801263915162,engine
Aldebaran,29,68.97589216266961,16.50780127874014,engine
Aldebaran,30,68.97589196422807,16.507801293280103,engine
Antares,-30,247.35674065147853,-26.433075859064772,engine
Antares,-20,247.35674267141096,-26.433075563426286,engine
Antares,-15,247.3567436923042,-26.433075431801708,engine
Antares,-10,247.35674471969128,-26.433075311053315,engine
Antares,-5,247.35674575297543,-26.433075201234363,engine
Antares,-2,247.3567463755269,-26.433075140609365,engine
Antares,-1,247.3567465834454,-26.433075121280904,engine
Antares,0,247.35674679155653,-26.43307510239296,engine
Antares,1,247.35674699985543,-26.433075083945837,engine
Antares,2,247.35674720833728,-26.433075065939864,engine
Antares,3,247.3567474169973,-26.433075048375354,engine
Antares,4,247.3567476258306,-26.433075031252592,engine
Antares,5,247.35674783483236,-26.433075014571873,engine
Antares,6,247.35674804399787,-26.433074998333492,engine
Antares,7,247.35674825332202,-26.433074982537722,engine
Antares,8,247.35674846280006,-26.433074967184815,engine
Antares,9,247.35674867242716,-26.433074952275053,engine
Antares,10,247.3567488821985,-26.433074937808648,engine
Antares,11,247.35674909210914,-26.43307492378589,engine
Antares,12,247.35674930215424,-26.433074910206976,engine
Antares,13,247.35674951232906,-26.433074897072135,engine
Antares,14,247.35674972262856,-26.433074884381597,engine
Antares,15,247.35674993304795,-26.433074872135546,engine
Antares,16,247.35675014358236,-26.433074860334205,engine
Antares,17,247.35675035422707,-26.433074848977732,engine
Antares,18,247.3567505649769,-26.433074838066347,engine
Antares,19,247.35675077582712,-26.4330748276002,engine
Antares,20,247.35675098677285,-26.433074817579456,engine
Antares,21,247.35675119780922,-26.433074808004285,engine
Antares,22,247.35675140893147,-26.433074798874813,engine
Antares,23,247.35675162013442,-26.433074790191196,engine
Antares,24,247.35675183141322,-26.43307478195356,engine
Antares,25,247.35675204276322,-26.433074774162023,engine
Antares,26,247.35675225417947,-26.433074766816695,engine
Antares,27,247.356752465657,-26.433074759917695,engine
Antares,28,247.35675267719094,-26.433074753465092,engine
Antares,29,247.3567528887765,-26.433074747459003,engine
Antares,30,247.35675310040864,-26.433074741899492,engine
Ceres,-30,115.61329104786101,25.870342969835512,engine
Ceres,-20,115.61665851503257,25.86997783809052,engine
Ceres,-15,115.618342352739,25.869795128774577,engine
Ceres,-10,115.6200262654588,25.86961232470709,engine
Ceres,-5,115.62171025791075,25.869429426521467,engine
Ceres,-2,115.62272069328772,25.86931964275554,engine
Ceres,-1,115.6230575120142,25.869283040723204,engine
Ceres,0,115.62339433414382,25.869246434981346,engine
Ceres,1,115.62373115980138,25.86920982553445,engine
Ceres,2,115.62406798911158,25.86917321238709,engine
Ceres,3,115.62440482192703,25.86913659554884,engine
Ceres,4,115.62474165837227,25.869099975024376,engine
Ceres,5,115.62507849857185,25.869063350818404,engine
Ceres,6,115.625415342604,25.869026722916157,engine
Ceres,7,115.62575219014136,25.868990091371565,engine
Ceres,8,115.62608904153406,25.868953456165002,engine
Ceres,9,115.62642589663426,25.868916817306363,engine
Ceres,10,115.62676275556613,25.868880174800708,engine
Ceres,11,115.62709961845373,25.86884352865307,engine
Ceres,12,115.627436485149,25.868806878873563,engine
Ceres,13,115.62777335577589,25.868770225467383,engine
Ceres,14,115.62811023036748,25.868733568441435,engine
Ceres,15,115.62844710904763,25.868696907801,engine
Ceres,16,115.62878399166792,25.868660243556402,engine
Ceres,17,115.6291208785779,25.86862357568848,engine
Ceres,18,115.62945776944927,25.868586904251885,engine
Ceres,19,115.62979466435938,25.868550229232515,engine
Ceres,20,115.63013156343153,25.868513550635946,engine
Ceres,21,115.63046846669842,25.86847686846948,engine
Ceres,22,115.63080537428203,25.868440182738553,engine
Ceres,23,115.6311422860358,25.868403493454387,engine
Ceres,24,115.63147920185567,25.868366800647145,engine
Ceres,25,115.63181612222577,25.86833010427514,engine
Ceres,26,115.6321530470431,25.86829340436887,engine
Ceres,27,115.63248997615837,25.86825670093928,engine
Ceres,28,115.63282690969433,25.868219993992412,engine
Ceres,29,115.6331638479088,25.868183283511346,engine
Ceres,30,115.63350079047252,25.868146569551474,engine
Chiron,-30,14.044031519634148,8.126884183067311,engine
Chiron,-20,14.044091269676278,8.126913070215789,engine
Chiron,-15,14.044121197389542,8.126927508508485,engine
Chiron,-10,14.04415116012707,8.12694194346377,engine
Chiron,-5,14.044181157784529,8.126956375221464,engine
Chiron,-2,14.044199173088854,8.126965032797651,engine
Chiron,-1,14.044205180967333,8.126967918416295,engine
Chiron,0,14.04421119023737,8.126970803918148,engine
Chiron,1,14.044217200889133,8.126973689301883,engine
Chiron,2,14.044223212925633,8.126976574569799,engine
Chiron,3,14.044229226349875,8.126979459724227,engine
Chiron,4,14.044235241151924,8.12698234476383,engine
Chiron,5,14.044241257334683,8.126985229690906,engine
Chiron,6,14.044247274905118,8.126988114509716,engine
Chiron,7,14.044253293845076,8.126990999215044,engine
Chiron,8,14.044259314161437,8.126993883811137,engine
Chiron,9,14.044265335856993,8.126996768300298,engine
Chiron,10,14.044271358921602,8.126999652681192,engine
Chiron,11,14.044277383357985,8.12700253695613,engine
Chiron,12,14.044283409168832,8.127005421127405,engine
Chiron,13,14.044289436343886,8.127008305193684,engine
Chiron,14,14.044295464885797,8.127011189157258,engine
Chiron,15,14.044301494797145,8.127014073020447,engine
Chiron,16,14.044307526067566,8.12701695678189,engine
Chiron,17,14.044313558707959,8.127019840447039,engine
Chiron,18,14.044319592699798,8.127022724010681,engine
Chiron,19,14.044325628049595,8.127025607477039,engine
Chiron,20,14.044331664759786,8.12702849084843,engine
Chiron,21,14.044337702819831,8.127031374123476,engine
Chiron,22,14.044343742236482,8.127034257305667,engine
Chiron,23,14.044349782999008,8.127037140393714,engine
Chiron,24,14.044355825105711,8.127040023387934,engine
Chiron,25,14.044361868566979,8.127042906294507,engine
Chiron,26,14.04436791336804,8.12704578911011,engine
Chiron,27,14.04437395951542,8.127048671838269,engine
Chiron,28,14.044380006998363,8.127051554477607,engine
Chiron,29,14.044386055827342,8.12705443703357,engine
Chiron,30,14.04439210598345,8.127057319500924,engine
Eris,-30,26.97061977147139,-0.8956265546500973,tno-rate
Eris,-20,26.97063617880823,-0.89563026313339,tno-rate
Eris,-15,26.970644382476653,-0.8956321173750363,tno-rate
Eris,-10,26.97065258614507,-0.8956339716166827,tno-rate
Eris,-5,26.970660789813493,-0.895635825858329,tno-rate
Eris,-2,26.970665712014544,-0.8956369384033168,tno-rate
Eris,-1,26.97066735274823,-0.8956373092516461,tno-rate
Eris,0,26.97066899348191,-0.8956376800999754,tno-rate
Eris,1,26.970670634215594,-0.8956380509483046,tno-rate
Eris,2,26.97067227494928,-0.8956384217966339,tno-rate
Eris,3,26.970673915682962,-0.8956387926449632,tno-rate
Eris,4,26.970675556416648,-0.8956391634932924,tno-rate
Eris,5,26.97067719715033,-0.8956395343416217,tno-rate
Eris,6,26.970678837884016,-0.895639905189951,tno-rate
Eris,7,26.970680478617698,-0.8956402760382802,tno-rate
Eris,8,26.970682119351384,-0.8956406468866095,tno-rate
Eris,9,26.970683760085066,-0.8956410177349388,tno-rate
Eris,10,26.970685400818752,-0.895641388583268,tno-rate
Eris,11,26.970687041552434,-0.8956417594315973,tno-rate
Eris,12,26.97068868228612,-0.8956421302799266,tno-rate
Eris,13,26.970690323019802,-0.8956425011282558,tno-rate
Eris,14,26.970691963753488,-0.8956428719765851,tno-rate
Eris,15,26.97069360448717,-0.8956432428249144,tno-rate
Eris,16,26.970695245220856,-0.8956436136732436,tno-rate
Eris,17,26.97069688595454,-0.8956439845215729,tno-rate
Eris,18,26.970698526688224,-0.8956443553699022,tno-rate
Eris,19,26.970700167421906,-0.8956447262182314,tno-rate
Eris,20,26.970701808155592,-0.8956450970665607,tno-rate
Eris,21,26.970703448889275,-0.89564546791489,tno-rate
Eris,22,26.97070508962296,-0.8956458387632192,tno-rate
Eris,23,26.970706730356643,-0.8956462096115485,tno-rate
Eris,24,26.97070837109033,-0.8956465804598778,tno-rate
Eris,25,26.97071001182401,-0.895646951308207,tno-rate
Eris,26,26.970711652557696,-0.8956473221565363,tno-rate
Eris,27,26.97071329329138,-0.8956476930048656,tno-rate
Eris,28,26.970714934025064,-0.8956480638531948,tno-rate
Eris,29,26.970716574758747,-0.8956484347015241,tno-rate
Eris,30,26.970718215492433,-0.8956488055498534,tno-rate
Fomalhaut,-30,344.4182829519564,-29.620370369340534,engine
Fomalhaut,-20,344.4182825038389,-29.620369280928813,engine
Fomalhaut,-15,344.4182823198015,-29.620368729766795,engine
Fomalhaut,-10,344.4182821627525,-29.620368174302566,engine
Fomalhaut,-5,344.4182820329063,-29.620367614789952,engine
Fomalhaut,-2,344.4182819681403,-29.62036727724561,engine
Fomalhaut,-1,344.4182819487512,-29.620367164437035,engine
Fomalhaut,0,344.41828193046445,-29.620367051485005,engine
Fomalhaut,1,344.41828191328136,-29.620366938391566,engine
Fomalhaut,2,344.41828189720354,-29.620366825158833,engine
Fomalhaut,3,344.4182818822323,-29.620366711788826,engine
Fomalhaut,4,344.41828186836904,-29.620366598283656,engine
Fomalhaut,5,344.4182818556152,-29.620366484645384,engine
Fomalhaut,6,344.41828184397207,-29.620366370876035,engine
Fomalhaut,7,344.4182818334411,-29.620366256977817,engine
Fomalhaut,8,344.41828182402355,-29.62036614295275,engine
Fomalhaut,9,344.41828181572066,-29.620366028802938,engine
Fomalhaut,10,344.4182818085337,-29.620365914530442,engine
Fomalhaut,11,344.4182818024641,-29.620365800137385,engine
Fomalhaut,12,344.41828179751286,-29.620365685625853,engine
Fomalhaut,13,344.41828179368133,-29.620365570997922,engine
Fomalhaut,14,344.4182817909706,-29.620365456255715,engine
Fomalhaut,15,344.4182817893819,-29.62036534140134,engine
Fomalhaut,16,344.4182817889164,-29.620365226436864,engine
Fomalhaut,17,344.4182817895752,-29.620365111364368,engine
Fomalhaut,18,344.41828179135933,-29.62036499618606,engine
Fomalhaut,19,344.41828179427,-29.620364880904017,engine
Fomalhaut,20,344.4182817983081,-29.620364765520332,engine
Fomalhaut,21,344.4182818034749,-29.62036465003712,engine
Fomalhaut,22,344.41828180977114,-29.620364534456424,engine
Fomalhaut,23,344.418281817198,-29.620364418780515,engine
Fomalhaut,24,344.4182818257565,-29.620364303011513,engine
Fomalhaut,25,344.41828183544743,-29.620364187151385,engine
Fomalhaut,26,344.4182818462718,-29.620364071202324,engine
Fomalhaut,27,344.4182818582305,-29.62036395516646,engine
Fomalhaut,28,344.4182818713244,-29.62036383904591,engine
Fomalhaut,29,344.4182818855544,-29.620363722842754,engine
Fomalhaut,30,344.4182819009214,-29.620363606559252,engine
Juno,-30,348.58371024506545,1.984140563941378,engine
Juno,-20,348.58450341590697,1.9842383549207054,engine
Juno,-15,348.5849001916735,1.9842872130183882,engine
Juno,-10,348.5852970850382,1.984336046394469,engine
Juno,-5,348.5856940886856,1.984384855151882,engine
Juno,-2,348.5859323408406,1.9844141286513868,engine
Juno,-1,348.5860117662113,1.984423884532401,engine
Juno,0,348.586091195478,1.9844336394390694,engine
Juno,1,348.5861706285821,1.9844433933724064,engine
Juno,2,348.58625006546526,1.98445314633343,engine
Juno,3,348.5863295062261,1.9844628983489396,engine
Juno,4,348.58640895049126,1.9844726493683236,engine
Juno,5,348.58648839835917,1.98448239941837,engine
Juno,6,348.58656784982423,1.9844921485065912,engine
Juno,7,348.58664730472077,1.984501896620871,engine
Juno,8,348.5867267630428,1.9845116437687196,engine
Juno,9,348.58680622473116,1.9845213899510705,engine
Juno,10,348.58688568972633,1.9845311351688655,engine
Juno,11,348.58696515812613,1.98454087944883,engine
Juno,12,348.5870446295562,1.9845506227402747,engine
Juno,13,348.5871241041143,1.984560365069914,engine
Juno,14,348.5872035817404,1.9845701064386487,engine
Juno,15,348.58728306237464,1.9845798468473677,engine
Juno,16,348.58736254595703,1.9845895862969434,engine
Juno,17,348.5874420326379,1.984599324820589,engine
Juno,18,348.58752152193586,1.9846090623544925,engine
Juno,19,348.5876010140011,1.9846187989318373,engine
Juno,20,348.5876805087732,1.9846285345534649,engine
Juno,21,348.58776000619156,1.9846382692202107,engine
Juno,22,348.587839506355,1.984648002958678,engine
Juno,23,348.5879190088839,1.9846577357181105,engine
Juno,24,348.5879985138235,1.984667467518571,engine
Juno,25,348.58807802121953,1.9846771983739013,engine
Juno,26,348.58815753095763,1.984686928278359,engine
Juno,27,348.58823704313403,1.9846966572585232,engine
Juno,28,348.5883165573728,1.9847063852635487,engine
Juno,29,348.5883960738234,1.9847161123265058,engine
Juno,30,348.5884755923177,1.9847258384351094,engine
Jupiter,-30,7.635514811664293,1.8495024379842235,engine
Jupiter,-20,7.635945942376274,1.8496472666114752,engine
Jupiter,-15,7.636161640891107,1.8497196636470528,engine
Jupiter,-10,7.636377425665649,1.8497920492888904,engine
Jupiter,-5,7.636593294719373,1.8498644236105217,engine
Jupiter,-2,7.636722855774462,1.8499078428108442,engine
Jupiter,-1,7.636766049325491,1.8499223149943165,engine
Jupiter,0,7.636809246061365,1.8499367867142533,engine
Jupiter,1,7.636852446005696,1.84995125798859,engine
Jupiter,2,7.636895649182098,1.8499657288352986,engine
Jupiter,3,7.636938855492868,1.84998019922049,engine
Jupiter,4,7.6369820649614555,1.8499946691621254,engine
Jupiter,5,7.637025277611108,1.8500091386781377,engine
Jupiter,6,7.6370684933729045,1.8500236077443433,engine
Jupiter,7,7.637111712212044,1.8500380763592916,engine
Jupiter,8,7.637154934180546,1.8500525445506164,engine
Jupiter,9,7.637198159180215,1.8500670122844205,engine
Jupiter,10,7.637241387233971,1.850081479578648,engine
Jupiter,11,7.637284618364602,1.8500959464512166,engine
Jupiter,12,7.637327852473647,1.8501104128682284,engine
Jupiter,13,7.637371089624178,1.850124878864893,engine
Jupiter,14,7.637414329717584,1.8501393444072987,engine
Jupiter,15,7.637457572776287,1.8501538095133614,engine
Jupiter,16,7.637500818822738,1.850168274201,engine
Jupiter,17,7.637544067787061,1.850182738446009,engine
Jupiter,18,7.637587319673854,1.8501972022641495,engine
Jupiter,19,7.637630574413154,1.8502116656312435,engine
Jupiter,20,7.637673832067385,1.850226128582441,engine
Jupiter,21,7.637717092537357,1.850240591083823,engine
Jupiter,22,7.637760355845667,1.8502550531532862,engine
Jupiter,23,7.637803622012817,1.850269514808742,engine
Jupiter,24,7.63784689091101,1.850283976006556,engine
Jupiter,25,7.637890162660365,1.8502984368012945,engine
Jupiter,26,7.63793343713227,1.8503128971493046,engine
Jupiter,27,7.6379767143886435,1.8503273570857586,engine
Jupiter,28,7.638019994329765,1.85034181657672,engine
Jupiter,29,7.638063277046356,1.8503562756670138,engine
Jupiter,30,7.638106562380557,1.8503707343033355,engine
Ketu,-30,228.20312199742222,-17.909294825785867,engine
Ketu,-20,228.20322449896798,-17.909321638165583,engine
Ketu,-15,228.20327569089886,-17.909335028939175,engine
Ketu,-10,228.2033268425838,-17.909348409169013,engine
Ketu,-5,228.2033779533,-17.909361778666053,engine
Ketu,-2,228.20340859974107,-17.909369795127894,engine
Ketu,-1,228.20341881185252,-17.909372466399294,engine
Ketu,0,228.20342902227748,-17.909375137228903,engine
Ketu,1,228.20343923099628,-17.90937780761158,engine
Ketu,2,228.20344943800995,-17.909380477547582,engine
Ketu,3,228.2034596433193,-17.909383147037115,engine
Ketu,4,228.20346984690417,-17.90938581607491,engine
Ketu,5,228.20348004876593,-17.90938848466134,engine
Ketu,6,228.20349024891215,-17.90939115279837,engine
Ketu,7,228.20350044730935,-17.909393820477245,engine
Ketu,8,228.20351064396525,-17.90939648769997,engine
Ketu,9,228.20352083888088,-17.909399154466854,engine
Ketu,10,228.20353103203627,-17.909401820772633,engine
Ketu,11,228.20354122343235,-17.909404486617593,engine
Ketu,12,228.20355141307,-17.90940715200192,engine
Ketu,13,228.20356160092962,-17.909409816920512,engine
Ketu,14,228.2035717870118,-17.909412481373508,engine
Ketu,15,228.2035819713177,-17.909415145361223,engine
Ketu,16,228.20359215382732,-17.909417808878423,engine
Ketu,17,228.20360233454872,-17.909420471927227,engine
Ketu,18,228.20361251346887,-17.909423134504223,engine
Ketu,19,228.2036226905747,-17.909425796605973,engine
Ketu,20,228.20363286586743,-17.909428458232828,engine
Ketu,21,228.20364303934755,-17.909431119384873,engine
Ketu,22,228.20365321099558,-17.909433780057046,engine
Ketu,23,228.20366338081254,-17.909436440249614,engine
Ketu,24,228.2036735487922,-17.909439099960945,engine
Ketu,25,228.2036837149285,-17.909441759189434,engine
Ketu,26,228.20369387921554,-17.90944441793355,engine
Ketu,27,228.20370404165402,-17.90944707619349,engine
Ketu,28,228.2037142022245,-17.90944973396416,engine
Ketu,29,228.20372436093456,-17.90945239124754,engine
Ketu,30,228.20373451777132,-17.909455048040257,engine
Mars,-30,30.480316913962152,10.48012142984879,engine
Mars,-20,30.48493596730837,10.481783345883791,engine
Mars,-15,30.4872462712763,10.48261431674929,engine
Mars,-10,30.489557087567423,10.483445298786332,engine
Mars,-5,30.491868412395835,10.484276294263493,engine
Mars,-2,30.493255449088966,10.48477489870743,engine
Mars,-1,30.493717834690052,10.484941101463102,engine
Mars,0,30.494180240490188,10.485107304986066,engine
Mars,1,30.494642666027197,10.485273509115151,engine
Mars,2,30.495105111471897,10.485439713954964,engine
Mars,3,30.495567576994674,10.485605919610029,engine
Mars,4,30.496030062132224,10.48577212591908,engine
Mars,5,30.496492567265257,10.485938333075213,engine
Mars,6,30.496955092239908,10.486104541028547,engine
Mars,7,30.497417636815793,10.486270749749186,engine
Mars,8,30.49788020083823,10.486436959187198,engine
Mars,9,30.498342784475334,10.486603169446932,engine
Mars,10,30.498805387894837,10.486769380632694,engine
Mars,11,30.499268010630747,10.486935592583007,engine
Mars,12,30.499730653061174,10.487101805490706,engine
Mars,13,30.500193314719294,10.487268019194238,engine
Mars,14,30.500655995982484,10.487434233886372,engine
Mars,15,30.50111869638329,10.487600449405486,engine
Mars,16,30.501581416298226,10.487766665944266,engine
Mars,17,30.502044155569358,10.487932883452489,engine
Mars,18,30.50250691374082,10.488099101811258,engine
Mars,19,30.502969691287316,10.488265321236048,engine
Mars,20,30.50343248773937,10.488431541565065,engine
Mars,21,30.503895303471783,10.488597762990786,engine
Mars,22,30.504358138016162,10.48876398535085,engine
Mars,23,30.50482099174302,10.488930208838726,engine
Mars,24,30.505283863872865,10.489096433180496,engine
Mars,25,30.505746755399716,10.489262658791416,engine
Mars,26,30.506209665541622,10.489428885398025,engine
Mars,27,30.506672594671084,10.48959511319259,engine
Mars,28,30.507135542315822,10.489761342013033,engine
Mars,29,30.507598509158093,10.489927572162992,engine
Mars,30,30.50806149410389,10.490093803257391,engine
Mercury,-30,96.99870611853481,23.711518529960145,engine
Mercury,-20,97.0144277371345,23.71201969666187,engine
Mercury,-15,97.02228974206497,23.712269285451843,engine
Mercury,-10,97.03015255379665,23.712518215335184,engine
Mercury,-5,97.03801618455043,23.712766489757175,engine
Mercury,-2,97.04273475837871,23.712915141128306,engine
Mercury,-1,97.04430768225787,23.712964639502037,engine
Mercury,0,97.04588064011261,23.713014111947714,engine
Mercury,1,97.04745363066489,23.713063558390978,engine
Mercury,2,97.04902665532494,23.713112978961416,engine
Mercury,3,97.05059971281405,23.713162373584897,engine
Mercury,4,97.05217280454174,23.713211742391174,engine
Mercury,5,97.05374592990074,23.713261085357296,engine
Mercury,6,97.05531908933843,23.713310402493548,engine
Mercury,7,97.05689228215351,23.71335969386375,engine
Mercury,8,97.0584655081204,23.713408959427532,engine
Mercury,9,97.06003876864702,23.71345819931508,engine
Mercury,10,97.06161206312436,23.713507413503994,engine
Mercury,11,97.06318539094308,23.71355660197208,engine
Mercury,12,97.0647587535101,23.713605764849753,engine
Mercury,13,97.06633214954311,23.713654902064125,engine
Mercury,14,97.06790558044844,23.713704013745826,engine
Mercury,15,97.06947904561527,23.713753099873045,engine
Mercury,16,97.07105254443243,23.713802160424095,engine
Mercury,17,97.07262607936048,23.713851195562714,engine
Mercury,18,97.07419964700472,23.713900205150846,engine
Mercury,19,97.07577324982518,23.713949189352412,engine
Mercury,20,97.07734688720913,23.713998148146132,engine
Mercury,21,97.07892055854354,23.7140470815109,engine
Mercury,22,97.08049426522992,23.714095989576833,engine
Mercury,23,97.08206800665896,23.714144872325214,engine
Mercury,24,97.08364178115889,23.71419372970135,engine
Mercury,25,97.08521559224312,23.714242561902267,engine
Mercury,26,97.08678943824148,23.714291368874544,engine
Mercury,27,97.08836331853867,23.714340150597707,engine
Mercury,28,97.08993723453638,23.714388907203475,engine
Mercury,29,97.09151118667408,23.71443763870414,engine
Mercury,30,97.09308517222436,23.71448634501424,engine
Moon,-30,213.6161714473714,-12.625926225127438,engine
Moon,-20,213.69776643469135,-12.670608212411173,engine
Moon,-15,213.73820464305902,-12.692927847927677,engine
Moon,-10,213.77840555653384,-12.715231589132017,engine
Moon,-5,213.81837081125784,-12.737518141286081,engine
Moon,-2,213.84223769950862,-12.750881320771366,engine
Moon,-1,213.8501746593088,-12.755334178705512,engine
Moon,0,213.85810239845597,-12.7597862796579,engine
Moon,1,213.86602080187927,-12.764237572421079,engine
Moon,2,213.87393001737428,-12.768688088088544,engine
Moon,3,213.8818299301277,-12.77313777540491,engine
Moon,4,213.88972068840675,-12.777586665533027,engine
Moon,5,213.89760217767545,-12.782034707170357,engine
Moon,6,213.90547455192186,-12.786481934504044,engine
Moon,7,213.91333768630457,-12.790928290235858,engine
Moon,8,213.92119173531617,-12.795373808604678,engine
Moon,9,213.9290365849014,-12.79981843823864,engine
Moon,10,213.93687238475027,-12.804262210445442,engine
Moon,11,213.94469902104711,-12.808705073821114,engine
Moon,12,213.95251657797237,-12.813147039003898,engine
Moon,13,213.96032513993063,-12.817588116705355,engine
Moon,14,213.96812459353242,-12.822028255447742,engine
Moon,15,213.97591508959513,-12.826467486685203,engine
Moon,16,213.98369651498282,-12.830905758917252,engine
Moon,17,213.99146902619148,-12.835343106616278,engine
Moon,18,213.9992324998936,-12.839779472304965,engine
Moon,19,214.00698709304245,-12.844214890512827,engine
Moon,20,214.0147326930208,-12.848649309667785,engine
Moon,21,214.022469385784,-12.853082740577026,engine
Moon,22,214.03019725678007,-12.857515194415615,engine
Moon,23,214.03791619542133,-12.86194661890803,engine
Moon,24,214.04562634857163,-12.866377043123215,engine
Moon,25,214.05332761458072,-12.870806421345376,engine
Moon,26,214.0610201416001,-12.875234782377163,engine
Moon,27,214.06870381786604,-12.879662074531357,engine
Moon,28,214.07637873077823,-12.884088308732967,engine
Moon,29,214.0840449731556,-12.888513498949871,engine
Moon,30,214.09170242332857,-12.892937587497586,engine
Neptune,-30,355.9769323207951,-3.0368741448279075,engine
Neptune,-20,355.97689929808325,-3.03689429925008,engine
Neptune,-15,355.97688282876817,-3.036904380584224,engine
Neptune,-10,355.97686638731466,-3.036914464713712,engine
Neptune,-5,355.97684997356384,-3.0369245516806007,engine
Neptune,-2,355.9768401385483,-3.0369306052352685,engine
Neptune,-1,355.976836862405,-3.036932623318676,engine
Neptune,0,355.97683358736015,-3.0369346415170746,engine
Neptune,1,355.9768303134099,-3.036936659831827,engine
Neptune,2,355.97682704055,-3.0369386782643004,engine
Neptune,3,355.97682376878413,-3.0369406968126427,engine
Neptune,4,355.97682049810544,-3.036942715479293,engine
Neptune,5,355.97681722851763,-3.036944734262397,engine
Neptune,6,355.9768139600116,-3.036946753165749,engine
Neptune,7,355.97681069259534,-3.0369487721847856,engine
Neptune,8,355.9768074262624,-3.0369507913222247,engine
Neptune,9,355.9768041610084,-3.03695281057943,engine
Neptune,10,355.97680089683683,-3.0369548299545506,engine
Neptune,11,355.9767976337408,-3.036956849450019,engine
Neptune,12,355.97679437172366,-3.0369588690639775,engine
Neptune,13,355.97679111078105,-3.0369608887977955,engine
Neptune,14,355.97678785090847,-3.0369629086528276,engine
Neptune,15,355.9767845921094,-3.036964928627223,engine
Neptune,16,355.97678133437927,-3.036966948722339,engine
Neptune,17,355.97677807771134,-3.0369689689408914,engine
Neptune,18,355.9767748221134,-3.036970989278314,engine
Neptune,19,355.97677156757595,-3.0369730097383942,engine
Neptune,20,355.97676831410234,-3.036975030319273,engine
Neptune,21,355.97676506168796,-3.0369770510223093,engine
Neptune,22,355.9767618103281,-3.036979071848849,engine
Neptune,23,355.976758560026,-3.036981092797057,engine
Neptune,24,355.976755310779,-3.0369831138669223,engine
Neptune,25,355.9767520625782,-3.036985135062512,engine
Neptune,26,355.97674881542883,-3.036987156380611,engine
Neptune,27,355.97674556932606,-3.036989177822577,engine
Neptune,28,355.9767423242652,-3.0369911993897607,engine
Neptune,29,355.97673908024706,-3.0369932210816604,engine
Neptune,30,355.9767358372711,-3.0369952428969142,engine
Pallas,-30,63.69278685621614,-1.7287067264387772,engine
Pallas,-20,63.695945826487275,-1.7290454745808197,engine
Pallas,-15,63.69752563619483,-1.7292148855224652,engine
Pallas,-10,63.699105663991276,-1.729384321196915,engine
Pallas,-5,63.700685911637024,-1.7295537817872348,engine
Pallas,-2,63.70163416612054,-1.7296554701368374,engine
Pallas,-1,63.70195026859434,-1.7296893682588932,engine
Pallas,0,63.70226637993958,-1.7297232673866867,engine
Pallas,1,63.70258250026572,-1.7297571675246826,engine
Pallas,2,63.702898629379675,-1.7297910686673212,engine
Pallas,3,63.70321476749136,-1.7298249708224063,engine
Pallas,4,63.70353091440733,-1.7298588739843868,engine
Pallas,5,63.703847070337126,-1.7298927781610614,engine
Pallas,6,63.70416323529902,-1.7299266833696236,engine
Pallas,7,63.70447940897745,-1.7299605895690715,engine
Pallas,8,63.70479559169263,-1.7299944967866046,engine
Pallas,9,63.7051117832503,-1.73002840501668,engine
Pallas,10,63.70542798385915,-1.7300623142671074,engine
Pallas,11,63.705744193324584,-1.7300962245323515,engine
Pallas,12,63.70606041185495,-1.7301301358202232,engine
Pallas,13,63.706376639255275,-1.7301640481251797,engine
Pallas,14,63.706692875632775,-1.7301979614517011,engine
Pallas,15,63.70700912109454,-1.7302318758042652,engine
Pallas,16,63.70732537544505,-1.7302657911773407,engine
Pallas,17,63.70764163910392,-1.7302997076014843,engine
Pallas,18,63.70795791145112,-1.7303336250256842,engine
Pallas,19,63.70827419290591,-1.7303675434804975,engine
Pallas,20,63.70859048327212,-1.7304014629604032,engine
Pallas,21,63.70890678265576,-1.7304353834698802,engine
Pallas,22,63.7092230911625,-1.730469305013374,engine
Pallas,23,63.709539408596,-1.7305032275854417,engine
Pallas,24,63.70985573495029,-1.730537151171125,engine
Pallas,25,63.710172070452494,-1.7305710758103867,engine
Pallas,26,63.710488415096485,-1.7306050014883165,engine
Pallas,27,63.71080476868486,-1.730638928199384,engine
Pallas,28,63.71112113132243,-1.7306728559480895,engine
Pallas,29,63.711437503325975,-1.7307067847616766,engine
Pallas,30,63.71175388407332,-1.7307407145891154,engine
Pluto,-30,299.82489901895184,-22.76820260306922,engine
Pluto,-20,299.82473191810755,-22.768245898707438,engine
Pluto,-15,299.8246483906662,-22.76826756305871,engine
Pluto,-10,299.82456487765575,-22.76828923859503,engine
Pluto,-5,299.82448137835803,-22.768310925440424,engine
Pluto,-2,299.8244312850853,-22.768323943020384,engine
Pluto,-1,299.8244145883448,-22.768328283131467,engine
Pluto,0,299.82439789210275,-22.768332623702815,engine
Pluto,1,299.82438119635384,-22.768336964735283,engine
Pluto,2,299.8243645010896,-22.768341306229473,engine
Pluto,3,299.82434780630956,-22.768345648186664,engine
Pluto,4,299.82433111200555,-22.768349990607465,engine
Pluto,5,299.82431441817175,-22.768354333492663,engine
Pluto,6,299.82429772478866,-22.768358676845747,engine
Pluto,7,299.8242810318782,-22.768363020662154,engine
Pluto,8,299.8242643394208,-22.768367364945338,engine
Pluto,9,299.8242476474108,-22.76837170969609,engine
Pluto,10,299.82423095583977,-22.768376054914913,engine
Pluto,11,299.8242142647072,-22.768380400603043,engine
Pluto,12,299.8241975740047,-22.768384746760994,engine
Pluto,13,299.8241808837265,-22.768389093389512,engine
Pluto,14,299.82416419386425,-22.768393440489085,engine
Pluto,15,299.8241475044173,-22.7683977880609,engine
Pluto,16,299.8241308153772,-22.76840213610542,engine
Pluto,17,299.82411412672707,-22.768406484626283,engine
Pluto,18,299.82409743848336,-22.768410833618333,engine
Pluto,19,299.82408075062654,-22.768415183084958,engine
Pluto,20,299.8240640631559,-22.768419533027267,engine
Pluto,21,299.82404737606305,-22.768423883445724,engine
Pluto,22,299.8240306893423,-22.76842823434095,engine
Pluto,23,299.8240140029849,-22.7684325857134,engine
Pluto,24,299.82399731700133,-22.768436937561237,engine
Pluto,25,299.8239806313609,-22.76844128989069,engine
Pluto,26,299.8239639460689,-22.768445642699465,engine
Pluto,27,299.82394726111943,-22.768449995988185,engine
Pluto,28,299.82393057650654,-22.768454349757416,engine
Pluto,29,299.82391389221056,-22.768458704010477,engine
Pluto,30,299.82389720825313,-22.76846305874255,engine
Rahu,-30,48.20312199742221,17.909294825785867,engine
Rahu,-20,48.203224498967984,17.909321638165583,engine
Rahu,-15,48.20327569089887,17.909335028939175,engine
Rahu,-10,48.203326842583806,17.909348409169013,engine
Rahu,-5,48.20337795329999,17.909361778666053,engine
Rahu,-2,48.203408599741074,17.909369795127894,engine
Rahu,-1,48.20341881185252,17.909372466399294,engine
Rahu,0,48.20342902227746,17.909375137228903,engine
Rahu,1,48.203439230996274,17.90937780761158,engine
Rahu,2,48.20344943800996,17.909380477547582,engine
Rahu,3,48.20345964331929,17.909383147037115,engine
Rahu,4,48.20346984690417,17.90938581607491,engine
Rahu,5,48.203480048765925,17.90938848466134,engine
Rahu,6,48.20349024891214,17.90939115279837,engine
Rahu,7,48.20350044730936,17.909393820477245,engine
Rahu,8,48.20351064396524,17.90939648769997,engine
Rahu,9,48.203520838880884,17.909399154466854,engine
Rahu,10,48.20353103203626,17.909401820772633,engine
Rahu,11,48.20354122343235,17.909404486617593,engine
Rahu,12,48.20355141306999,17.90940715200192,engine
Rahu,13,48.20356160092963,17.909409816920512,engine
Rahu,14,48.203571787011796,17.909412481373508,engine
Rahu,15,48.203581971317696,17.909415145361223,engine
Rahu,16,48.203592153827316,17.909417808878423,engine
Rahu,17,48.20360233454871,17.909420471927227,engine
Rahu,18,48.203612513468876,17.909423134504223,engine
Rahu,19,48.20362269057469,17.909425796605973,engine
Rahu,20,48.203632865867434,17.909428458232828,engine
Rahu,21,48.203643039347554,17.909431119384873,engine
Rahu,22,48.20365321099558,17.909433780057046,engine
Rahu,23,48.20366338081254,17.909436440249614,engine
Rahu,24,48.20367354879221,17.909439099960945,engine
Rahu,25,48.20368371492849,17.909441759189434,engine
Rahu,26,48.20369387921553,17.90944441793355,engine
Rahu,27,48.20370404165401,17.90944707619349,engine
Rahu,28,48.203714202224496,17.90944973396416,engine
Rahu,29,48.20372436093456,17.90945239124754,engine
Rahu,30,48.20373451777132,17.909455048040257,engine
Regulus,-30,152.0875603442809,11.968698906911946,engine
Regulus,-20,152.08756034577493,11.968699524447691,engine
Regulus,-15,152.08756030868273,11.968699834492257,engine
Regulus,-10,152.087560246246,11.968700145239467,engine
Regulus,-5,152.08756015839094,11.968700456577682,engine
Regulus,-2,152.08756009345103,11.968700643617645,engine
Regulus,-1,152.08756006976398,11.968700705998423,engine
Regulus,0,152.0875600450561,11.968700768394774,engine
Regulus,1,152.087560019327,11.968700830805778,engine
Regulus,2,152.08755999257633,11.968700893230562,engine
Regulus,3,152.08755996480383,11.968700955668206,engine
Regulus,4,152.08755993600917,11.968701018117832,engine
Regulus,5,152.0875599061921,11.968701080578514,engine
Regulus,6,152.08755987535227,11.96870114304941,engine
Regulus,7,152.08755984348957,11.96870120552954,engine
Regulus,8,152.08755981060375,11.968701268018025,engine
Regulus,9,152.08755977669452,11.96870133051399,engine
Regulus,10,152.08755974176182,11.968701393016515,engine
Regulus,11,152.0875597058054,11.968701455524712,engine
Regulus,12,152.0875596688252,11.96870151803767,engine
Regulus,13,152.087559630821,11.968701580554491,engine
Regulus,14,152.0875595917928,11.96870164307428,engine
Regulus,15,152.08755955174047,11.968701705596123,engine
Regulus,16,152.08755951066394,11.968701768119134,engine
Regulus,17,152.08755946856314,11.968701830642441,engine
Regulus,18,152.0875594254381,11.968701893165074,engine
Regulus,19,152.08755938128883,11.968701955686148,engine
Regulus,20,152.08755933611533,11.968702018204795,engine
Regulus,21,152.0875592899176,11.968702080720082,engine
Regulus,22,152.08755924269573,11.968702143231164,engine
Regulus,23,152.08755919444982,11.968702205737056,engine
Regulus,24,152.08755914517994,11.968702268236864,engine
Regulus,25,152.08755909488616,11.96870233072976,engine
Regulus,26,152.0875590435687,11.968702393214812,engine
Regulus,27,152.0875589912276,11.96870245569111,engine
Regulus,28,152.08755893786315,11.968702518157755,engine
Regulus,29,152.08755888347545,11.968702580613888,engine
Regulus,30,152.08755882806477,11.968702643058537,engine
Saturn,-30,326.78695032602235,-14.658065154105236,engine
Saturn,-20,326.7866227962959,-14.658198403522043,engine
Saturn,-15,326.78645905780127,-14.658265062846915,engine
Saturn,-10,326.7862953346732,-14.658331745457154,engine
Saturn,-5,326.7861316251723,-14.658398451523011,engine
Saturn,-2,326.78603340532294,-14.658438486472464,engine
Saturn,-1,326.78600066627473,-14.658451833344811,engine
Saturn,0,326.78596792763346,-14.658465181169836,engine
Saturn,1,326.7859351894166,-14.65847852993912,engine
Saturn,2,326.78590245157903,-14.658491879663144,engine
Saturn,3,326.7858697141382,-14.658505230333494,engine
Saturn,4,326.7858369770489,-14.658518581960584,engine
Saturn,5,326.7858042403131,-14.658531934540694,engine
Saturn,6,326.78577150391027,-14.658545288079035,engine
Saturn,7,326.7857387678393,-14.658558642568075,engine
Saturn,8,326.78570603209556,-14.658571998008282,engine
Saturn,9,326.7856732966338,-14.65858535441002,engine
Saturn,10,326.78564056147127,-14.658598711764759,engine
Saturn,11,326.7856078265628,-14.658612070082821,engine
Saturn,12,326.7855750919256,-14.658625429355672,engine
Saturn,13,326.7855423575143,-14.658638789593592,engine
Saturn,14,326.7855096233463,-14.658652150788006,engine
Saturn,15,326.7854768893762,-14.658665512949177,engine
Saturn,16,326.7854441556212,-14.658678876068514,engine
Saturn,17,326.7854114220139,-14.658692240165195,engine
Saturn,18,326.7853786886155,-14.658705605212669,engine
Saturn,19,326.78534595535865,-14.658718971230078,engine
Saturn,20,326.78531322226047,-14.658732338208786,engine
Saturn,21,326.78528048929115,-14.658745706154248,engine
Saturn,22,326.7852477564214,-14.658759075071865,engine
Saturn,23,326.78521502366743,-14.658772444952987,engine
Saturn,24,326.7851822910061,-14.658785815798739,engine
Saturn,25,326.7851495584107,-14.65879918761833,engine
Saturn,26,326.78511682585764,-14.65881256041288,engine
Saturn,27,326.785084093364,-14.658825934173617,engine
Saturn,28,326.7850513608842,-14.65883930891061,engine
Saturn,29,326.7850186284134,-14.658852684624026,engine
Saturn,30,326.78498589596563,-14.658866061301246,engine
Sun,-30,107.46971358570177,22.463751703653575,engine
Sun,-20,107.47676885250485,22.462948344138585,engine
Sun,-15,107.48029704496007,22.462546224118423,engine
Sun,-10,107.48382562719742,22.462143814824845,engine
Sun,-5,107.48735461320314,22.461741119398297,engine
Sun,-2,107.48947220345315,22.46149936624529,engine
Sun,-1,107.49017810063518,22.461418759369547,engine
Sun,0,107.490884014868,22.461338141294124,engine
Sun,1,107.49158994625206,22.461257512046938,engine
Sun,2,107.49229589488725,22.46117687165599,engine
Sun,3,107.49300186087343,22.461096220149454,engine
Sun,4,107.49370784430968,22.461015557555644,engine
Sun,5,107.49441384529507,22.46093488390305,engine
Sun,6,107.49511986440184,22.46085419916619,engine
Sun,7,107.49582590078117,22.46077350348205,engine
Sun,8,107.49653195500453,22.46069279682546,engine
Sun,9,107.49723802716956,22.460612079225474,engine
Sun,10,107.49794411737322,22.460531350711367,engine
Sun,11,107.49865022571258,22.460450611312474,engine
Sun,12,107.49935635228418,22.460369861058325,engine
Sun,13,107.50006249718389,22.460289099978585,engine
Sun,14,107.50076866050762,22.46020832810309,engine
Sun,15,107.50147484235089,22.460127545461795,engine
Sun,16,107.50218104280847,22.460046752084782,engine
Sun,17,107.50288726244877,22.459965947948163,engine
Sun,18,107.50359350041892,22.459885133190646,engine
Sun,19,107.50429975728629,22.459804307788634,engine
Sun,20,107.50500603314448,22.459723471772808,engine
Sun,21,107.50571232808664,22.45964262517396,engine
Sun,22,107.50641864220238,22.459561768021995,engine
Sun,23,107.50712497559046,22.459480900350208,engine
Sun,24,107.50783132786604,22.459400022242978,engine
Sun,25,107.50853770006812,22.45931913362324,engine
Sun,26,107.50924409181414,22.459238234576734,engine
Sun,27,107.50995050319506,22.459157325135156,engine
Sun,28,107.51065693430131,22.45907640533032,engine
Sun,29,107.5113633856968,22.458995475139833,engine
Sun,30,107.51206985652354,22.45891453470441,engine
Uranus,-30,45.368034589269946,16.768723878986744,engine
Uranus,-20,45.36828371386466,16.768791973877512,engine
Uranus,-15,45.36840832232134,16.768826008951383,engine
Uranus,-10,45.368532962154624,16.768860036087858,engine
Uranus,-5,45.36865763382902,16.768894055532332,engine
Uranus,-2,45.36873245227922,16.768914463603426,engine
Uranus,-1,45.368757394359776,16.768921265707093,engine
Uranus,0,45.36878233774343,16.76892806752044,engine
Uranus,1,45.36880728242829,16.76893486904395,engine
Uranus,2,45.36883222842759,16.76894167028253,engine
Uranus,3,45.368857175739386,16.768948471236676,engine
Uranus,4,45.36888212436673,16.76895527190837,engine
Uranus,5,45.368907074307636,16.76896207229811,engine
Uranus,6,45.368932025591924,16.768968872415385,engine
Uranus,7,45.36895697818406,16.768975672251578,engine
Uranus,8,45.36898193209869,16.768982471811775,engine
Uranus,9,45.369006887348824,16.768989271100914,engine
Uranus,10,45.36903184393227,16.768996070119503,engine
Uranus,11,45.36905680185192,16.769002868869563,engine
Uranus,12,45.36908176110551,16.7690096673516,engine
Uranus,13,45.36910672170596,16.769016465570566,engine
Uranus,14,45.36913168365095,16.769023263527025,engine
Uranus,15,45.369156646943225,16.769030061222956,engine
Uranus,16,45.36918161158042,16.769036858658918,engine
Uranus,17,45.36920657759204,16.769043655844435,engine
Uranus,18,45.36923154494218,16.769050452770923,engine
Uranus,19,45.3692565136502,16.769057249444973,engine
Uranus,20,45.36928148371358,16.769064045867143,engine
Uranus,21,45.369306455144994,16.76907084204242,engine
Uranus,22,45.36933142794179,16.76907763797127,engine
Uranus,23,45.369356402106604,16.769084433655888,engine
Uranus,24,45.369381377620016,16.769091229092208,engine
Uranus,25,45.369406354527996,16.769098024294337,engine
Uranus,26,45.36943133281116,16.76910481925828,engine
Uranus,27,45.36945631247182,16.769111613986098,engine
Uranus,28,45.36948129350724,16.769118408478356,engine
Uranus,29,45.36950627594657,16.76912520274462,engine
Uranus,30,45.36953125975348,16.769131996776355,engine
Venus,-30,77.38240690041992,21.848635468125075,engine
Venus,-20,77.39129919040735,21.84962726271115,engine
Venus,-15,77.39574607042002,21.8501228581266,engine
Venus,-10,77.40019344636042,21.850618256742575,engine
Venus,-5,77.40464132395722,21.8511134621098,engine
Venus,-2,77.40731029280117,21.851410493984815,engine
Venus,-1,77.40819998982879,21.85150948957506,engine
Venus,0,77.40908970693634,21.851608477641193,engine
Venus,1,77.4099794447609,21.851707458303974,engine
Venus,2,77.41086920303529,21.85180643154563,engine
Venus,3,77.41175898179321,21.85190539739466,engine
Venus,4,77.4126487807667,21.85200435583335,engine
Venus,5,77.41353860059147,21.85210330698271,engine
Venus,6,77.41442844159555,21.852202250891484,engine
Venus,7,77.41531830231648,21.852301187409473,engine
Venus,8,77.4162081839856,21.852400116724123,engine
Venus,9,77.41709808633311,21.852499038818014,engine
Venus,10,77.41798800908887,21.852597953673794,engine
Venus,11,77.41887795288646,21.85269686141266,engine
Venus,12,77.41976791745498,21.85279576201736,engine
Venus,13,77.42065790252322,21.852894655470674,engine
Venus,14,77.42154790872358,21.852993541893948,engine
Venus,15,77.42243793578415,21.853092421270045,engine
Venus,16,77.42332798343259,21.853191293581894,engine
Venus,17,77.42421805289709,21.853290159017252,engine
Venus,18,77.4251081427109,21.853389017426522,engine
Venus,19,77.4259982531974,21.853487868859055,engine
Venus,20,77.4268883849869,21.853586713436464,engine
Venus,21,77.42777853780518,21.853685551141826,engine
Venus,22,77.42866871137674,21.853784381957343,engine
Venus,23,77.42955890633269,21.85388320600675,engine
Venus,24,77.43044912179977,21.85398202320603,engine
Venus,25,77.43133935869619,21.854080833670988,engine
Venus,26,77.43222961705315,21.854179637457165,engine
Venus,27,77.43311989629281,21.854278434501804,engine
Venus,28,77.4340101970425,21.85437722492677,engine
Venus,29,77.43490051962208,21.85447600878174,engine
Venus,30,77.43579086255994,21.854574785917762,engine
Vesta,-30,340.58136763368094,-14.568610078166756,engine
Vesta,-20,340.58159730446033,-14.569156138401322,engine
Vesta,-15,340.5817122740364,-14.56942939052097,engine
Vesta,-10,340.58182731963495,-14.569702791850775,engine
Vesta,-5,340.58194243102974,-14.569976343371057,engine
Vesta,-2,340.58201152542307,-14.570140546602754,engine
Vesta,-1,340.5820345609739,-14.570195293112791,engine
Vesta,0,340.5820575984317,-14.570250045682338,engine
Vesta,1,340.58208063771457,-14.570304804317173,engine
Vesta,2,340.58210367874045,-14.57035956902294,engine
Vesta,3,340.5821267214272,-14.57041433980522,engine
Vesta,4,340.58214976569275,-14.57046911666951,engine
Vesta,5,340.5821728114547,-14.570523899621174,engine
Vesta,6,340.5821958586461,-14.57057868870231,engine
Vesta,7,340.58221890715356,-14.570633483844654,engine
Vesta,8,340.58224195690997,-14.570688285090064,engine
Vesta,9,340.5822650078327,-14.570743092443612,engine
Vesta,10,340.58228805983873,-14.570797905910245,engine
Vesta,11,340.58231111284545,-14.570852725494834,engine
Vesta,12,340.5823341667698,-14.570907551202218,engine
Vesta,13,340.5823572215287,-14.570962383037052,engine
Vesta,14,340.5823802772303,-14.571017220944032,engine
Vesta,15,340.58240333340893,-14.571072065047552,engine
Vesta,16,340.5824263901725,-14.571126915292107,engine
Vesta,17,340.5824494474531,-14.571181771718825,engine
Vesta,18,340.5824725051364,-14.571236634258428,engine
Vesta,19,340.5824955631543,-14.57129150295185,engine
Vesta,20,340.5825186214231,-14.571346377803193,engine
Vesta,21,340.58254167985933,-14.57140125881645,engine
Vesta,22,340.5825647383821,-14.571456145995386,engine
Vesta,23,340.5825877969015,-14.571511039344093,engine
Vesta,24,340.58261085532143,-14.571565938829368,engine
Vesta,25,340.5826339135886,-14.571620844528441,engine
Vesta,26,340.582656971795,-14.571675756348181,engine
Vesta,27,340.5826800294739,-14.57173067441189,engine
Vesta,28,340.5827030867324,-14.571785598662984,engine
Vesta,29,340.5827261435018,-14.571840529141632,engine
Vesta,30,340.5827491996669,-14.571895465777317,engine
Gonggong,-30,337.33533186659906,-11.015728399987253,tno-rate
Gonggong,-20,337.3352900429222,-11.015742813931602,tno-rate
Gonggong,-15,337.33526913108386,-11.015750020903777,tno-rate
Gonggong,-10,337.33524821924544,-11.015757227875952,tno-rate
Gonggong,-5,337.335227307407,-11.015764434848126,tno-rate
Gonggong,-2,337.335214760304,-11.015768759031431,tno-rate
Gonggong,-1,337.33521057793627,-11.015770200425866,tno-rate
Gonggong,0,337.3352063955686,-11.0157716418203,tno-rate
Gonggong,1,337.33520221320094,-11.015773083214736,tno-rate
Gonggong,2,337.3351980308332,-11.01577452460917,tno-rate
Gonggong,3,337.33519384846556,-11.015775966003606,tno-rate
Gonggong,4,337.3351896660979,-11.01577740739804,tno-rate
Gonggong,5,337.3351854837302,-11.015778848792475,tno-rate
Gonggong,6,337.3351813013625,-11.01578029018691,tno-rate
Gonggong,7,337.3351771189948,-11.015781731581345,tno-rate
Gonggong,8,337.33517293662715,-11.01578317297578,tno-rate
Gonggong,9,337.3351687542595,-11.015784614370215,tno-rate
Gonggong,10,337.33516457189177,-11.01578605576465,tno-rate
Gonggong,11,337.3351603895241,-11.015787497159085,tno-rate
Gonggong,12,337.33515620715644,-11.01578893855352,tno-rate
Gonggong,13,337.3351520247887,-11.015790379947955,tno-rate
Gonggong,14,337.33514784242107,-11.01579182134239,tno-rate
Gonggong,15,337.33514366005335,-11.015793262736825,tno-rate
Gonggong,16,337.3351394776857,-11.01579470413126,tno-rate
Gonggong,17,337.335135295318,-11.015796145525695,tno-rate
Gonggong,18,337.3351311129503,-11.01579758692013,tno-rate
Gonggong,19,337.33512693058265,-11.015799028314564,tno-rate
Gonggong,20,337.335122748215,-11.015800469709,tno-rate
Gonggong,21,337.33511856584727,-11.015801911103434,tno-rate
Gonggong,22,337.3351143834796,-11.01580335249787,tno-rate
Gonggong,23,337.33511020111195,-11.015804793892304,tno-rate
Gonggong,24,337.3351060187442,-11.015806235286739,tno-rate
Gonggong,25,337.33510183637657,-11.015807676681174,tno-rate
Gonggong,26,337.33509765400885,-11.015809118075609,tno-rate
Gonggong,27,337.3350934716412,-11.015810559470044,tno-rate
Gonggong,28,337.3350892892735,-11.015812000864479,tno-rate
Gonggong,29,337.3350851069058,-11.015813442258914,tno-rate
Gonggong,30,337.33508092453815,-11.015814883653348,tno-rate
Haumea,-30,215.78076514915514,15.825381715828497,tno-rate
Haumea,-20,215.780733354419,15.825328139064192,tno-rate
Haumea,-15,215.7807174570509,15.82530135068204,tno-rate
Haumea,-10,215.78070155968285,15.825274562299885,tno-rate
Haumea,-5,215.78068566231477,15.825247773917733,tno-rate
Haumea,-2,215.78067612389393,15.825231700888441,tno-rate
Haumea,-1,215.78067294442033,15.82522634321201,tno-rate
Haumea,0,215.7806697649467,15.82522098553558,tno-rate
Haumea,1,215.78066658547309,15.82521562785915,tno-rate
Haumea,2,215.7806634059995,15.825210270182719,tno-rate
Haumea,3,215.78066022652587,15.825204912506289,tno-rate
Haumea,4,215.78065704705224,15.825199554829858,tno-rate
Haumea,5,215.78065386757865,15.825194197153428,tno-rate
Haumea,6,215.78065068810503,15.825188839476997,tno-rate
Haumea,7,215.7806475086314,15.825183481800567,tno-rate
Haumea,8,215.78064432915778,15.825178124124136,tno-rate
Haumea,9,215.7806411496842,15.825172766447706,tno-rate
Haumea,10,215.78063797021056,15.825167408771275,tno-rate
Haumea,11,215.78063479073694,15.825162051094845,tno-rate
Haumea,12,215.78063161126335,15.825156693418412,tno-rate
Haumea,13,215.78062843178972,15.825151335741982,tno-rate
Haumea,14,215.7806252523161,15.825145978065551,tno-rate
Haumea,15,215.7806220728425,15.82514062038912,tno-rate
Haumea,16,215.78061889336888,15.82513526271269,tno-rate
Haumea,17,215.78061571389526,15.82512990503626,tno-rate
Haumea,18,215.78061253442164,15.82512454735983,tno-rate
Haumea,19,215.78060935494804,15.825119189683399,tno-rate
Haumea,20,215.78060617547442,15.825113832006968,tno-rate
Haumea,21,215.7806029960008,15.825108474330538,tno-rate
Haumea,22,215.7805998165272,15.825103116654107,tno-rate
Haumea,23,215.78059663705358,15.825097758977677,tno-rate
Haumea,24,215.78059345757995,15.825092401301246,tno-rate
Haumea,25,215.78059027810636,15.825087043624816,tno-rate
Haumea,26,215.78058709863274,15.825081685948385,tno-rate
Haumea,27,215.7805839191591,15.825076328271955,tno-rate
Haumea,28,215.7805807396855,15.825070970595524,tno-rate
Haumea,29,215.7805775602119,15.825065612919094,tno-rate
Haumea,30,215.78057438073827,15.825060255242663,tno-rate
Makemake,-30,197.51435705162166,22.70096720303615,tno-rate
Makemake,-20,197.5143653634811,22.70089727991716,tno-rate
Makemake,-15,197.51436951941082,22.700862318357665,tno-rate
Makemake,-10,197.51437367534055,22.700827356798168,tno-rate
Makemake,-5,197.51437783127028,22.700792395238675,tno-rate
Makemake,-2,197.51438032482812,22.700771418302978,tno-rate
Makemake,-1,197.51438115601405,22.70076442599108,tno-rate
Makemake,0,197.5143819872,22.70075743367918,tno-rate
Makemake,1,197.51438281838597,22.70075044136728,tno-rate
Makemake,2,197.5143836495719,22.70074344905538,tno-rate
Makemake,3,197.51438448075785,22.70073645674348,tno-rate
Makemake,4,197.51438531194378,22.700729464431582,tno-rate
Makemake,5,197.51438614312974,22.700722472119683,tno-rate
Makemake,6,197.51438697431567,22.700715479807783,tno-rate
Makemake,7,197.51438780550163,22.700708487495884,tno-rate
Makemake,8,197.51438863668758,22.70070149518399,tno-rate
Makemake,9,197.5143894678735,22.70069450287209,tno-rate
Makemake,10,197.51439029905947,22.70068751056019,tno-rate
Makemake,11,197.5143911302454,22.70068051824829,tno-rate
Makemake,12,197.51439196143136,22.70067352593639,tno-rate
Makemake,13,197.51439279261731,22.700666533624492,tno-rate
Makemake,14,197.51439362380324,22.700659541312593,tno-rate
Makemake,15,197.5143944549892,22.700652549000694,tno-rate
Makemake,16,197.51439528617513,22.700645556688794,tno-rate
Makemake,17,197.5143961173611,22.700638564376895,tno-rate
Makemake,18,197.51439694854702,22.700631572064996,tno-rate
Makemake,19,197.51439777973297,22.700624579753097,tno-rate
Makemake,20,197.51439861091893,22.700617587441197,tno-rate
Makemake,21,197.51439944210486,22.700610595129298,tno-rate
Makemake,22,197.51440027329082,22.7006036028174,tno-rate
Makemake,23,197.51440110447675,22.7005966105055,tno-rate
Makemake,24,197.5144019356627,22.700589618193604,tno-rate
Makemake,25,197.51440276684866,22.700582625881705,tno-rate
Makemake,26,197.5144035980346,22.700575633569805,tno-rate
Makemake,27,197.51440442922055,22.700568641257906,tno-rate
Makemake,28,197.51440526040648,22.700561648946007,tno-rate
Makemake,29,197.51440609159243,22.700554656634107,tno-rate
Makemake,30,197.51440692277836,22.700547664322208,tno-rate
Orcus,-30,156.06629147220949,-11.214766280256978,tno-rate
Orcus,-20,156.06639349593857,-11.214769339951856,tno-rate
Orcus,-15,156.06644450780314,-11.214770869799294,tno-rate
Orcus,-10,156.06649551966768,-11.214772399646732,tno-rate
Orcus,-5,156.06654653153225,-11.214773929494172,tno-rate
Orcus,-2,156.06657713865098,-11.214774847402634,tno-rate
Orcus,-1,156.06658734102388,-11.214775153372122,tno-rate
Orcus,0,156.0665975433968,-11.21477545934161,tno-rate
Orcus,1,156.06660774576972,-11.214775765311098,tno-rate
Orcus,2,156.0666179481426,-11.214776071280586,tno-rate
Orcus,3,156.06662815051553,-11.214776377250073,tno-rate
Orcus,4,156.06663835288845,-11.21477668321956,tno-rate
Orcus,5,156.06664855526134,-11.214776989189048,tno-rate
Orcus,6,156.06665875763426,-11.214777295158536,tno-rate
Orcus,7,156.06666896000718,-11.214777601128024,tno-rate
Orcus,8,156.06667916238007,-11.214777907097512,tno-rate
Orcus,9,156.066689364753,-11.214778213067,tno-rate
Orcus,10,156.0666995671259,-11.214778519036487,tno-rate
Orcus,11,156.0667097694988,-11.214778825005974,tno-rate
Orcus,12,156.06671997187172,-11.214779130975462,tno-rate
Orcus,13,156.06673017424464,-11.21477943694495,tno-rate
Orcus,14,156.06674037661753,-11.214779742914438,tno-rate
Orcus,15,156.06675057899045,-11.214780048883926,tno-rate
Orcus,16,156.06676078136337,-11.214780354853414,tno-rate
Orcus,17,156.06677098373626,-11.2147806608229,tno-rate
Orcus,18,156.06678118610918,-11.214780966792388,tno-rate
Orcus,19,156.0667913884821,-11.214781272761876,tno-rate
Orcus,20,156.06680159085502,-11.214781578731364,tno-rate
Orcus,21,156.0668117932279,-11.214781884700852,tno-rate
Orcus,22,156.06682199560083,-11.21478219067034,tno-rate
Orcus,23,156.06683219797375,-11.214782496639828,tno-rate
Orcus,24,156.06684240034664,-11.214782802609314,tno-rate
Orcus,25,156.06685260271956,-11.214783108578802,tno-rate
Orcus,26,156.06686280509248,-11.21478341454829,tno-rate
Orcus,27,156.06687300746538,-11.214783720517778,tno-rate
Orcus,28,156.0668832098383,-11.214784026487266,tno-rate
Orcus,29,156.06689341221121,-11.214784332456754,tno-rate
Orcus,30,156.0669036145841,-11.214784638426242,tno-rate
Quaoar,-30,275.9885844357297,-15.14694796933318,tno-rate
Quaoar,-20,275.9884493846316,-15.146957774702807,tno-rate
Quaoar,-15,275.98838185908255,-15.14696267738762,tno-rate
Quaoar,-10,275.9883143335335,-15.146967580072433,tno-rate
Quaoar,-5,275.98824680798447,-15.146972482757247,tno-rate
Quaoar,-2,275.98820629265504,-15.146975424368135,tno-rate
Quaoar,-1,275.9881927875452,-15.146976404905098,tno-rate
Quaoar,0,275.9881792824354,-15.14697738544206,tno-rate
Quaoar,1,275.9881657773256,-15.146978365979022,tno-rate
Quaoar,2,275.98815227221576,-15.146979346515986,tno-rate
Quaoar,3,275.98813876710597,-15.146980327052948,tno-rate
Quaoar,4,275.9881252619962,-15.146981307589911,tno-rate
Quaoar,5,275.9881117568863,-15.146982288126873,tno-rate
Quaoar,6,275.98809825177653,-15.146983268663837,tno-rate
Quaoar,7,275.98808474666674,-15.146984249200798,tno-rate
Quaoar,8,275.9880712415569,-15.146985229737762,tno-rate
Quaoar,9,275.9880577364471,-15.146986210274724,tno-rate
Quaoar,10,275.9880442313373,-15.146987190811688,tno-rate
Quaoar,11,275.98803072622746,-15.14698817134865,tno-rate
Quaoar,12,275.9880172211177,-15.146989151885613,tno-rate
Quaoar,13,275.9880037160078,-15.146990132422575,tno-rate
Quaoar,14,275.98799021089803,-15.146991112959538,tno-rate
Quaoar,15,275.98797670578824,-15.1469920934965,tno-rate
Quaoar,16,275.9879632006784,-15.146993074033464,tno-rate
Quaoar,17,275.9879496955686,-15.146994054570426,tno-rate
Quaoar,18,275.9879361904588,-15.146995035107388,tno-rate
Quaoar,19,275.98792268534896,-15.146996015644351,tno-rate
Quaoar,20,275.98790918023917,-15.146996996181313,tno-rate
Quaoar,21,275.9878956751294,-15.146997976718277,tno-rate
Quaoar,22,275.98788217001953,-15.146998957255239,tno-rate
Quaoar,23,275.98786866490974,-15.146999937792202,tno-rate
Quaoar,24,275.98785515979995,-15.147000918329164,tno-rate
Quaoar,25,275.9878416546901,-15.147001898866128,tno-rate
Quaoar,26,275.9878281495803,-15.14700287940309,tno-rate
Quaoar,27,275.9878146444705,-15.147003859940053,tno-rate
Quaoar,28,275.98780113936067,-15.147004840477015,tno-rate
Quaoar,29,275.9877876342509,-15.147005821013979,tno-rate
Quaoar,30,275.9877741291411,-15.14700680155094,tno-rate
Sedna,-30,59.670062579224556,8.47101993948708,tno-rate
Sedna,-20,59.67012846206552,8.471021913009379,tno-rate
Sedna,-15,59.670161403486006,8.471022899770528,tno-rate
Sedna,-10,59.670194344906484,8.471023886531677,tno-rate
Sedna,-5,59.67022728632697,8.471024873292826,tno-rate
Sedna,-2,59.67024705117925,8.471025465349516,tno-rate
Sedna,-1,59.670253639463354,8.471025662701745,tno-rate
Sedna,0,59.67026022774745,8.471025860053976,tno-rate
Sedna,1,59.67026681603154,8.471026057406206,tno-rate
Sedna,2,59.670273404315644,8.471026254758435,tno-rate
Sedna,3,59.67027999259974,8.471026452110666,tno-rate
Sedna,4,59.67028658088383,8.471026649462894,tno-rate
Sedna,5,59.67029316916793,8.471026846815125,tno-rate
Sedna,6,59.67029975745203,8.471027044167355,tno-rate
Sedna,7,59.67030634573612,8.471027241519584,tno-rate
Sedna,8,59.67031293402022,8.471027438871815,tno-rate
Sedna,9,59.67031952230432,8.471027636224044,tno-rate
Sedna,10,59.67032611058841,8.471027833576274,tno-rate
Sedna,11,59.67033269887251,8.471028030928505,tno-rate
Sedna,12,59.67033928715661,8.471028228280733,tno-rate
Sedna,13,59.6703458754407,8.471028425632964,tno-rate
Sedna,14,59.6703524637248,8.471028622985193,tno-rate
Sedna,15,59.67035905200889,8.471028820337423,tno-rate
Sedna,16,59.67036564029299,8.471029017689654,tno-rate
Sedna,17,59.67037222857709,8.471029215041883,tno-rate
Sedna,18,59.67037881686118,8.471029412394113,tno-rate
Sedna,19,59.67038540514528,8.471029609746344,tno-rate
Sedna,20,59.67039199342938,8.471029807098573,tno-rate
Sedna,21,59.67039858171347,8.471030004450803,tno-rate
Sedna,22,59.670405169997565,8.471030201803032,tno-rate
Sedna,23,59.670411758281666,8.471030399155262,tno-rate
Sedna,24,59.67041834656576,8.471030596507493,tno-rate
Sedna,25,59.670424934849855,8.471030793859722,tno-rate
Sedna,26,59.670431523133956,8.471030991211952,tno-rate
Sedna,27,59.67043811141805,8.471031188564181,tno-rate
Sedna,28,59.670444699702145,8.471031385916412,tno-rate
Sedna,29,59.67045128798624,8.471031583268642,tno-rate
Sedna,30,59.67045787627034,8.471031780620871,tno-rate
Transpluto,-30,154.4382011272924,10.593986039435755,engine
Transpluto,-20,154.4382526707142,10.593966591326156,engine
Transpluto,-15,154.4382784442217,10.59395686662252,engine
Transpluto,-10,154.4383042189218,10.593947141488185,engine
Transpluto,-5,154.438329994821,10.593937415920601,engine
Transpluto,-2,154.43834546093237,10.593931580373532,engine
Transpluto,-1,154.43835061639842,10.593929635156623,engine
Transpluto,0,154.43835577191228,10.593927689922447,engine
Transpluto,1,154.43836092747398,10.593925744670988,engine
Transpluto,2,154.43836608308345,10.59392379940229,engine
Transpluto,3,154.4383712387407,10.593921854116319,engine
Transpluto,4,154.4383763944458,10.59391990881304,engine
Transpluto,5,154.43838155019864,10.593917963492496,engine
Transpluto,6,154.43838670600277,10.59391601815341,engine
Transpluto,7,154.43839186185122,10.59391407279833,engine
Transpluto,8,154.4383970177475,10.59391212742599,engine
Transpluto,9,154.43840217369146,10.5939101820364,engine
Transpluto,10,154.43840732968332,10.593908236629503,engine
Transpluto,11,154.43841248572286,10.593906291205371,engine
Transpluto,12,154.4384176418102,10.593904345763995,engine
Transpluto,13,154.43842279794532,10.593902400305252,engine
Transpluto,14,154.4384279541282,10.593900454829345,engine
Transpluto,15,154.43843311035886,10.593898509336142,engine
Transpluto,16,154.4384382666373,10.593896563825687,engine
Transpluto,17,154.438443422967,10.593894618296668,engine
Transpluto,18,154.43844857934087,10.593892672751656,engine
Transpluto,19,154.43845373576258,10.593890727189404,engine
Transpluto,20,154.438458892232,10.593888781609886,engine
Transpluto,21,154.4384640487493,10.593886836013096,engine
Transpluto,22,154.43846920531422,10.593884890399089,engine
Transpluto,23,154.43847436192698,10.59388294476776,engine
Transpluto,24,154.4384795185843,10.59388099912039,engine
Transpluto,25,154.43848467529253,10.593879053454554,engine
Transpluto,26,154.4384898320485,10.59387710777149,engine
Transpluto,27,154.43849498885217,10.593875162071136,engine
Transpluto,28,154.43850014570347,10.59387321635356,engine
Transpluto,29,154.43850530260613,10.59387127061743,engine
Transpluto,30,154.438510459553,10.593869324865317,engine
Part_of_Fortune,-30,317.84744074191764,-47.92211493971705,engine
Part_of_Fortune,-20,319.55927140444317,-48.53362296135877,engine
Part_of_Fortune,-15,320.41770508151,-48.83541825014329,engine
Part_of_Fortune,-10,321.27791638424105,-49.13450730951685,engine
Part_of_Fortune,-5,322.13998251216947,-49.43084053082755,engine
Part_of_Fortune,-2,322.65814548469575,-49.607297166982676,engine
Part_of_Fortune,-1,322.8310242154995,-49.66588980240282,engine
Part_of_Fortune,0,323.00398300414895,-49.72436869391828,engine
Part_of_Fortune,1,323.1770223869809,-49.78273341179766,engine
Part_of_Fortune,2,323.35014316654645,-49.840983608904395,engine
Part_of_Fortune,3,323.5233458870995,-49.89911885633313,engine
Part_of_Fortune,4,323.6966313609464,-49.95713880835925,engine
Part_of_Fortune,5,323.87000014198804,-50.01504303733747,engine
Part_of_Fortune,6,324.04345316753904,-50.07283123717231,engine
Part_of_Fortune,7,324.21699076743243,-50.13050290352539,engine
Part_of_Fortune,8,324.3906138890535,-50.18805773163407,engine
Part_of_Fortune,9,324.5643231048091,-50.245495295791734,engine
Part_of_Fortune,10,324.7381192545406,-50.302815253133076,engine
Part_of_Fortune,11,324.9120029204833,-50.360017178914134,engine
Part_of_Fortune,12,325.08597488633853,-50.4171007104604,engine
Part_of_Fortune,13,325.2600359420256,-50.4740654859644,engine
Part_of_Fortune,14,325.4341866832306,-50.53091108142018,engine
Part_of_Fortune,15,325.60842797593557,-50.5876371565069,engine
Part_of_Fortune,16,325.7827604261349,-50.64424328799939,engine
Part_of_Fortune,17,325.9571850258748,-50.700729173735205,engine
Part_of_Fortune,18,326.1317021589425,-50.75709431581743,engine
Part_of_Fortune,19,326.3063128278098,-50.81333841280508,engine
Part_of_Fortune,20,326.4810176590601,-50.869461042572,engine
Part_of_Fortune,21,326.65581748392685,-50.92546184589965,engine
Part_of_Fortune,22,326.8307131370861,-50.98134046377078,engine
Part_of_Fortune,23,327.00570526366096,-51.037096474301016,engine
Part_of_Fortune,24,327.18079477075804,-51.09272953679387,engine
Part_of_Fortune,25,327.35598232214346,-51.148239236140526,engine
Part_of_Fortune,26,327.5312688372723,-51.20362523175738,engine
Part_of_Fortune,27,327.7066549806657,-51.25888710262468,engine
Part_of_Fortune,28,327.8821416221441,-51.31402449060805,engine
Part_of_Fortune,29,328.0577297551549,-51.36903707455639,engine
Part_of_Fortune,30,328.2334198254872,-51.42392435969355,engine
Part_of_Spirit,-30,105.55452501857833,22.25724091784498,engine
Part_of_Spirit,-20,107.11727624007014,21.733490151740735,engine
Part_of_Spirit,-15,107.90188988531209,21.475529893948917,engine
Part_of_Spirit,-10,108.68875652556822,21.22024349839687,engine
Part_of_Spirit,-5,109.47795011606007,20.9676779905412,engine
Part_of_Spirit,-2,109.95261449258484,20.817464207050648,engine
Part_of_Spirit,-1,110.11103109815221,20.7676160737473,engine
Part_of_Spirit,0,110.26954623697303,20.717880147985767,engine
Part_of_Spirit,1,110.42816067572649,20.668256757138373,engine
Part_of_Spirit,2,110.58687492157237,20.618746310584672,engine
Part_of_Spirit,3,110.74568974859092,20.569349134775592,engine
Part_of_Spirit,4,110.90460567275224,20.520065637818092,engine
Part_of_Spirit,5,111.06362347722725,20.470896144809338,engine
Part_of_Spirit,6,111.22274379249903,20.421841030168153,engine
Part_of_Spirit,7,111.38196719638566,20.372900683910423,engine
Part_of_Spirit,8,111.54129432843023,20.324075479226202,engine
Part_of_Spirit,9,111.7007259893454,20.275365739136497,engine
Part_of_Spirit,10,111.86026271978649,20.22677186918054,engine
Part_of_Spirit,11,112.01990532981425,20.178294191353046,engine
Part_of_Spirit,12,112.17965443496213,20.12993308966404,engine
Part_of_Spirit,13,112.33951065653211,20.081688947403475,engine
Part_of_Spirit,14,112.49947481718101,20.03356208568149,engine
Part_of_Spirit,15,112.65954748144705,19.985552907787095,engine
Part_of_Spirit,16,112.81972948178623,19.937661734004678,engine
Part_of_Spirit,17,112.98002149838938,19.889888935393678,engine
Part_of_Spirit,18,113.14042415999317,19.84223489517378,engine
Part_of_Spirit,19,113.30093815629748,19.79469998379784,engine
Part_of_Spirit,20,113.46156433930751,19.74728452030919,engine
Part_of_Spirit,21,113.6223033685321,19.699988885602327,engine
Part_of_Spirit,22,113.78315590793072,19.652813461104444,engine
Part_of_Spirit,23,113.94412282399922,19.605758564215456,engine
Part_of_Spirit,24,114.10520472934685,19.55882459393852,engine
Part_of_Spirit,25,114.26640249311826,19.512011873796705,engine
Part_of_Spirit,26,114.4277167377004,19.46532080215041,engine
Part_of_Spirit,27,114.58914835132376,19.41875169670834,engine
Part_of_Spirit,28,114.75069802919027,19.372304937518518,engine
Part_of_Spirit,29,114.91236658023732,19.32598087362302,engine
Part_of_Spirit,30,115.07415469187717,19.279779884710443,engine
Ascendant,-30,211.70098288024798,-12.832437010936033,engine
Ascendant,-20,213.33827382225664,-13.40006640480902,engine
Ascendant,-15,214.15979748341104,-13.679944178097188,engine
Ascendant,-10,214.98333645490465,-13.95713190555999,engine
Ascendant,-5,215.80896631411477,-14.231581270143177,engine
Ascendant,-2,216.3053799886403,-14.394916479966016,engine
Ascendant,-1,216.47102765682584,-14.449136864327764,engine
Ascendant,0,216.636764620561,-14.503244272966256,engine
Ascendant,1,216.8025915313537,-14.55723832732964,engine
Ascendant,2,216.9685090440594,-14.61111864915986,engine
Ascendant,3,217.1345178178452,-14.66488486077877,engine
Ascendant,4,217.3006185168493,-14.718536585270575,engine
Ascendant,5,217.46681180960763,-14.772073446264065,engine
Ascendant,6,217.63309848001904,-14.825495103502076,engine
Ascendant,7,217.79947898190906,-14.878801109807485,engine
Ascendant,8,217.96595410874187,-14.931991126203933,engine
Ascendant,9,218.13252454707725,-14.985064778327619,engine
Ascendant,10,218.29919098716354,-15.038021691976269,engine
Ascendant,11,218.46595412514878,-15.090861493780546,engine
Ascendant,12,218.63281466065033,-15.14358381039818,engine
Ascendant,13,218.79977329927885,-15.196188269280466,engine
Ascendant,14,218.96683075020582,-15.248674497869347,engine
Ascendant,15,219.1339877286913,-15.301042124359904,engine
Ascendant,16,219.30124495396058,-15.353290776997353,engine
Ascendant,17,219.4686032621321,-15.405420119170765,engine
Ascendant,18,219.63606315946785,-15.457429710321824,engine
Ascendant,19,219.80362549205364,-15.509319214503622,engine
Ascendant,20,219.97129099918382,-15.561088261131406,engine
Ascendant,21,220.13906042622946,-15.612736480148659,engine
Ascendant,22,220.3069345225084,-15.664263501333165,engine
Ascendant,23,220.4749140438301,-15.715668955042782,engine
Ascendant,24,220.64299975005244,-15.766952471427675,engine
Ascendant,25,220.81119240763087,-15.818113681171912,engine
Ascendant,26,220.97949278748635,-15.869152214803485,engine
Ascendant,27,221.14790166599474,-15.920067702958171,engine
Ascendant,28,221.3164198256672,-15.970859776544767,engine
Ascendant,29,221.48504816769614,-16.021528100466686,engine
Ascendant,30,221.6537872586822,-16.072072237491554,engine
Midheaven,-30,140.12350476809644,15.532249603681713,engine
Midheaven,-20,142.63264669787355,14.740481662012806,engine
Midheaven,-15,143.8871990346882,14.332141365118357,engine
Midheaven,-10,145.1417358332564,13.915701798667666,engine
Midheaven,-5,146.3962552932205,13.491327851384234,engine
Midheaven,-2,147.14895758903006,13.232967148271026,engine
Midheaven,-1,147.39985670823077,13.146232820360268,engine
Midheaven,0,147.65075497629599,13.059193907331819,engine
Midheaven,1,147.90165237776733,12.971851908486592,engine
Midheaven,2,148.15254889585526,12.884208338826998,engine
Midheaven,3,148.40344451383794,12.796264728601733,engine
Midheaven,4,148.65433921599532,12.708022623002815,engine
Midheaven,5,148.90523298667722,12.619483582513094,engine
Midheaven,6,149.15612597761682,12.530649123588795,engine
Midheaven,7,149.4070178358898,12.441520956832928,engine
Midheaven,8,149.65790871430886,12.35210062925532,engine
Midheaven,9,149.9087985975184,12.26238976270111,engine
Midheaven,10,150.15968746884147,12.172389994894441,engine
Midheaven,11,150.41057531354264,12.082102978281613,engine
Midheaven,12,150.66146211510176,11.991530381376924,engine
Midheaven,13,150.91234785894295,11.900673887427395,engine
Midheaven,14,151.16323252870765,11.809535195763257,engine
Midheaven,15,151.41411610998387,11.71811602044921,engine
Midheaven,16,151.66499858704543,11.626418091468258,engine
Midheaven,17,151.91588011202046,11.534443092615527,engine
Midheaven,18,152.16676033521236,11.442192907186294,engine
Midheaven,19,152.41763940892343,11.349669249958616,engine
Midheaven,20,152.66851731777427,11.256873912511775,engine
Midheaven,21,152.91939404787306,11.163808701281813,engine
Midheaven,22,153.17026958355464,11.070475438754979,engine
Midheaven,23,153.42114391110974,10.976875962067973,engine
Midheaven,24,153.67201701505806,10.883012124375734,engine
Midheaven,25,153.92288888187727,10.788885793438762,engine
Midheaven,26,154.17375949674243,10.694498852818334,engine
Midheaven,27,154.42462884492474,10.599853201328951,engine
Midheaven,28,154.6754969127249,10.504950752656262,engine
Midheaven,29,154.92636385476752,10.409793371779154,engine
Midheaven,30,155.17722931970113,10.314383130881023,engine
Vertex,-30,66.9999912867375,21.753463133456485,engine
Vertex,-20,69.84492438807615,22.143611740548707,engine
Vertex,-15,71.24940392804052,22.31735014327854,engine
Vertex,-10,72.64211954568466,22.47729397344779,engine
Vertex,-5,74.02325009803545,22.623759509408455,engine
Vertex,-2,74.84644360215421,22.705298717115504,engine
Vertex,-1,75.11993626544749,22.73143650843786,engine
Vertex,0,75.39297885538937,22.757057379186186,engine
Vertex,1,75.66557288996815,22.782163744723256,engine
Vertex,2,75.93771989142986,22.80675800952304,engine
Vertex,3,76.20942138757687,22.830842567175118,engine
Vertex,4,76.48067891255128,22.854419800334885,engine
Vertex,5,76.7514940056016,22.877492080499245,engine
Vertex,6,77.0218683910224,22.900061782766375,engine
Vertex,7,77.29180325401765,22.922131225606044,engine
Vertex,8,77.56130032933312,22.943702761632604,engine
Vertex,9,77.8303611745194,22.964778716537463,engine
Vertex,10,78.09898734968718,22.985361404177144,engine
Vertex,11,78.36718042080345,23.005453126749675,engine
Vertex,12,78.63494195550248,23.025056174397623,engine
Vertex,13,78.9022735268772,23.04417282542155,engine
Vertex,14,79.16917670930891,23.062805345908085,engine
Vertex,15,79.43565308225251,23.080955989938584,engine
Vertex,16,79.70170422657868,23.098626999273815,engine
Vertex,17,79.96733190337311,23.115820614734538,engine
Vertex,18,80.23253734499424,23.13253903056025,engine
Vertex,19,80.49732231772055,23.148784463144775,engine
Vertex,20,80.76168841225609,23.16455910477514,engine
Vertex,21,81.02563722280276,23.179865135324025,engine
Vertex,22,81.28917034345766,23.194704722002776,engine
Vertex,23,81.5522893719715,23.209080019548544,engine
Vertex,24,81.8149959056711,23.22299316996762,engine
Vertex,25,82.07729154521112,23.236446302716615,engine
Vertex,26,82.33917789100072,23.249441534490753,engine
Vertex,27,82.60065654451803,23.261980969280273,engine
Vertex,28,82.86172910912903,23.274066698392964,engine
Vertex,29,83.12239736362854,23.285700808036022,engine
Vertex,30,83.38266256172338,23.29688534833707,engine
Algol,-30,47.038330270272674,40.95304762589014,engine
Algol,-20,47.038327948193974,40.953047504251025,engine
Algol,-15,47.03832679167878,40.95304741886972,engine
Algol,-10,47.038325639142556,40.95304731716438,engine
Algol,-5,47.03832449130466,40.95304719918258,engine
Algol,-2,47.03832380515584,40.95304712060355,engine
Algol,-1,47.03832357689958,40.9530470931151,engine
Algol,0,47.03832334888284,40.95304706497976,engine
Algol,1,47.038323121111354,40.95304703619811,engine
Algol,2,47.03832289359081,40.95304700677063,engine
Algol,3,47.03832266632689,40.95304697669793,engine
Algol,4,47.038322439325334,40.95304694598056,engine
Algol,5,47.038322212591815,40.953046914619094,engine
Algol,6,47.038321986131855,40.95304688261408,engine
Algol,7,47.038321759951465,40.95304684996621,engine
Algol,8,47.038321534056124,40.95304681667604,engine
Algol,9,47.03832130845153,40.95304678274424,engine
Algol,10,47.038321083143366,40.95304674817142,engine
Algol,11,47.038320858137254,40.95304671295823,engine
Algol,12,47.03832063343885,40.95304667710535,engine
Algol,13,47.03832040905383,40.95304664061345,engine
Algol,14,47.03832018498782,40.95304660348325,engine
Algol,15,47.03831996124644,40.95304656571541,engine
Algol,16,47.03831973783532,40.95304652731066,engine
Algol,17,47.03831951475996,40.9530464882697,engine
Algol,18,47.03831929202626,40.95304644859334,engine
Algol,19,47.03831906963968,40.95304640828228,engine
Algol,20,47.0383188476058,40.9530463673373,engine
Algol,21,47.03831862593025,40.953046325759146,engine
Algol,22,47.03831840461841,40.95304628354863,engine
Algol,23,47.03831818367625,40.95304624070656,engine
Algol,24,47.03831796310929,40.953046197233775,engine
Algol,25,47.03831774292281,40.95304615313103,engine
Algol,26,47.03831752312253,40.953046108399185,engine
Algol,27,47.03831730371399,40.953046063039096,engine
Algol,28,47.03831708470275,40.95304601705163,engine
Algol,29,47.038316866094185,40.95304597043762,engine
Algol,30,47.03831664789411,40.95304592319801,engine
Pleiades,-30,56.8672174827185,24.10375670058202,engine
Pleiades,-20,56.867215501470625,24.10375685861231,engine
Pleiades,-15,56.86721450753826,24.103756922285584,engine
Pleiades,-10,56.86721351219935,24.103756975711786,engine
Pleiades,-5,56.86721251605375,24.103757018882696,engine
Pleiades,-2,56.867211918229096,24.10375703986112,engine
Pleiades,-1,56.86721171896014,24.10375704603322,engine
Pleiades,0,56.86721151970217,24.103757051794993,engine
Pleiades,1,56.86721132045998,24.10375705714648,engine
Pleiades,2,56.86721112123836,24.103757062087702,engine
Pleiades,3,56.867210922042155,24.103757066618705,engine
Pleiades,4,56.86721072287612,24.10375707073955,engine
Pleiades,5,56.8672105237451,24.10375707445028,engine
Pleiades,6,56.867210324653726,24.103757077750984,engine
Pleiades,7,56.867210125607095,24.103757080641724,engine
Pleiades,8,56.86720992660986,24.103757083122588,engine
Pleiades,9,56.86720972766682,24.103757085193678,engine
Pleiades,10,56.867209528782766,24.103757086855065,engine
Pleiades,11,56.86720932996254,24.103757088106864,engine
Pleiades,12,56.86720913121089,24.103757088949223,engine
Pleiades,13,56.86720893253263,24.103757089382214,engine
Pleiades,14,56.86720873393254,24.103757089406017,engine
Pleiades,15,56.867208535415436,24.103757089020736,engine
Pleiades,16,56.8672083369861,24.103757088226523,engine
Pleiades,17,56.867208138649175,24.103757087023546,engine
Pleiades,18,56.86720794040972,24.10375708541196,engine
Pleiades,19,56.86720774227239,24.103757083391923,engine
Pleiades,20,56.86720754424199,24.103757080963618,engine
Pleiades,21,56.86720734632327,24.10375707812724,engine
Pleiades,22,56.867207148520826,24.103757074882967,engine
Pleiades,23,56.86720695083984,24.103757071231023,engine
Pleiades,24,56.86720675328497,24.103757067171596,engine
Pleiades,25,56.86720655586077,24.103757062704922,engine
Pleiades,26,56.86720635857215,24.1037570578312,engine
Pleiades,27,56.86720616142384,24.103757052550666,engine
Pleiades,28,56.867205964420634,24.10375704686359,engine
Pleiades,29,56.86720576756715,24.103757040770187,engine
Pleiades,30,56.86720557086842,24.10375703427072,engine
Capella,-30,79.16583789565449,45.99404186555663,engine
Capella,-20,79.16583540063253,45.99404241910336,engine
Capella,-15,79.16583412864932,45.99404267174373,engine
Capella,-10,79.16583284129557,45.994042908064145,engine
Capella,-5,79.16583153928822,45.99404312790101,engine
Capella,-2,79.16583075135131,45.99404325182585,engine
Capella,-1,79.16583048761854,45.99404329179734,engine
Capella,0,79.16583022335196,45.994043331098474,engine
Capella,1,79.16582995855742,45.9940433697281,engine
Capella,2,79.16582969324084,45.994043407685055,engine
Capella,3,79.16582942740807,45.99404344496823,engine
Capella,4,79.16582916106503,45.99404348157649,engine
Capella,5,79.16582889421761,45.99404351750875,engine
Capella,6,79.16582862687157,45.99404355276392,engine
Capella,7,79.16582835903318,45.994043587340876,engine
Capella,8,79.16582809070822,45.994043621238596,engine
Capella,9,79.16582782190262,45.99404365445599,engine
Capella,10,79.16582755262233,45.994043686992065,engine
Capella,11,79.16582728287332,45.99404371884575,engine
Capella,12,79.1658270126616,45.994043750016054,engine
Capella,13,79.1658267419931,45.99404378050197,engine
Capella,14,79.16582647087382,45.99404381030251,engine
Capella,15,79.1658261993098,45.994043839416705,engine
Capella,16,79.16582592730701,45.99404386784357,engine
Capella,17,79.1658256548713,45.99404389558221,engine
Capella,18,79.16582538200905,45.99404392263162,engine
Capella,19,79.16582510872614,45.99404394899091,engine
Capella,20,79.16582483502856,45.99404397465918,engine
Capella,21,79.16582456092242,45.9940439996355,engine
Capella,22,79.16582428641352,45.99404402391907,engine
Capella,23,79.16582401150838,45.99404404750892,engine
Capella,24,79.16582373621303,45.99404407040424,engine
Capella,25,79.16582346053318,45.99404409260416,engine
Capella,26,79.1658231844751,45.994044114107915,engine
Capella,27,79.16582290804489,45.99404413491463,engine
Capella,28,79.16582263124867,45.99404415502352,engine
Capella,29,79.16582235409234,45.99404417443381,engine
Capella,30,79.16582207658239,45.9940441931447,engine
Sirius,-30,101.27785130915042,-16.72301809628796,engine
Sirius,-20,101.27784984908386,-16.723018198574323,engine
Sirius,-15,101.27784908943742,-16.723018242680332,engine
Sirius,-10,101.27784831055662,-16.723018281936607,engine
Sirius,-5,101.27784751283352,-16.72301831622731,engine
Sirius,-2,101.27784702532203,-16.723018334370956,engine
Sirius,-1,101.2778468613581,-16.723018340008345,engine
Sirius,0,101.27784669666961,-16.723018345438987,engine
Sirius,1,101.27784653125985,-16.723018350662034,engine
Sirius,2,101.27784636513219,-16.723018355676594,engine
Sirius,3,101.2778461982899,-16.723018360481785,engine
Sirius,4,101.27784603073637,-16.72301836507676,engine
Sirius,5,101.27784586247495,-16.723018369460643,engine
Sirius,6,101.27784569350892,-16.723018373632577,engine
Sirius,7,101.27784552384188,-16.723018377591696,engine
Sirius,8,101.27784535347713,-16.72301838133716,engine
Sirius,9,101.27784518241808,-16.723018384868112,engine
Sirius,10,101.27784501066817,-16.723018388183718,engine
Sirius,11,101.27784483823086,-16.723018391283123,engine
Sirius,12,101.27784466510958,-16.723018394165514,engine
Sirius,13,101.2778444913078,-16.723018396830042,engine
Sirius,14,101.27784431682903,-16.723018399275894,engine
Sirius,15,101.27784414167674,-16.723018401502227,engine
Sirius,16,101.27784396585446,-16.723018403508235,engine
Sirius,17,101.27784378936556,-16.723018405293107,engine
Sirius,18,101.27784361221386,-16.723018406856017,engine
Sirius,19,101.27784343440275,-16.72301840819617,engine
Sirius,20,101.27784325593584,-16.723018409312772,engine
Sirius,21,101.27784307681664,-16.72301841020501,engine
Sirius,22,101.27784289704864,-16.723018410872122,engine
Sirius,23,101.2778427166357,-16.723018411313266,engine
Sirius,24,101.27784253558141,-16.72301841152768,engine
Sirius,25,101.27784235388916,-16.723018411514598,engine
Sirius,26,101.2778421715627,-16.723018411273227,engine
Sirius,27,101.27784198860567,-16.72301841080281,engine
Sirius,28,101.27784180502175,-16.723018410102565,engine
Sirius,29,101.27784162081446,-16.723018409171743,engine
Sirius,30,101.27784143598777,-16.723018408009565,engine
Procyon,-30,114.81555222147011,5.219226809418864,engine
Procyon,-20,114.81555112163576,5.219227178032258,engine
Procyon,-15,114.81555053823888,5.219227360709823,engine
Procyon,-10,114.8155499328686,5.2192275422439165,engine
Procyon,-5,114.81554930579765,5.219227722592253,engine
Procyon,-2,114.81554891925627,5.219227830214666,engine
Procyon,-1,114.81554878870658,5.219227865989054,engine
Procyon,0,114.81554865730949,5.219227901713018,engine
Procyon,1,114.81554852506746,5.219227937386228,engine
Procyon,2,114.81554839198282,5.219227973008365,engine
Procyon,3,114.815548258058,5.219228008579093,engine
Procyon,4,114.81554812329546,5.219228044098097,engine
Procyon,5,114.81554798769763,5.219228079565049,engine
Procyon,6,114.81554785126684,5.2192281149796464,engine
Procyon,7,114.8155477140058,5.219228150341529,engine
Procyon,8,114.81554757591691,5.219228185650393,engine
Procyon,9,114.81554743700268,5.219228220905918,engine
Procyon,10,114.8155472972656,5.219228256107792,engine
Procyon,11,114.81554715670823,5.219228291255691,engine
Procyon,12,114.81554701533314,5.219228326349301,engine
Procyon,13,114.81554687314288,5.219228361388307,engine
Procyon,14,114.81554673014004,5.219228396372395,engine
Procyon,15,114.81554658632724,5.219228431301248,engine
Procyon,16,114.8155464417071,5.219228466174557,engine
Procyon,17,114.81554629628214,5.219228500992033,engine
Procyon,18,114.81554615005521,5.219228535753317,engine
Procyon,19,114.81554600302889,5.219228570458131,engine
Procyon,20,114.81554585520584,5.219228605106155,engine
Procyon,21,114.81554570658876,5.219228639697096,engine
Procyon,22,114.8155455571803,5.219228674230645,engine
Procyon,23,114.81554540698335,5.219228708706482,engine
Procyon,24,114.81554525600063,5.21922874312429,engine
Procyon,25,114.81554510423472,5.219228777483816,engine
Procyon,26,114.81554495168852,5.219228811784731,engine
Procyon,27,114.8155447983648,5.219228846026736,engine
Procyon,28,114.81554464426631,5.219228880209535,engine
Procyon,29,114.81554448939582,5.219228914332846,engine
Procyon,30,114.81554433375636,5.21922894839633,engine
Alkaid,-30,206.88579455323386,49.31767391988974,engine
Alkaid,-20,206.88579683062122,49.317674873146096,engine
Alkaid,-15,206.8857979446195,49.31767537547913,engine
Alkaid,-10,206.88579904114684,49.3176758947058,engine
Alkaid,-5,206.88580011945848,49.31767643063396,engine
Alkaid,-2,206.8858007573951,49.317676760124485,engine
Alkaid,-1,206.88580096849714,49.317676871267096,engine
Alkaid,0,206.8858011788178,49.31767698306316,engine
Alkaid,1,206.88580138835124,49.317677095510966,engine
Alkaid,2,206.8858015970917,49.3176772086088,engine
Alkaid,3,206.88580180503345,49.317677322354946,engine
Alkaid,4,206.88580201217067,49.31767743674771,engine
Alkaid,5,206.88580221849773,49.31767755178533,engine
Alkaid,6,206.885802424009,49.31767766746613,engine
Alkaid,7,206.88580262869849,49.31767778378817,engine
Alkaid,8,206.8858028325607,49.317677900749786,engine
Alkaid,9,206.88580303558996,49.317678018349184,engine
Alkaid,10,206.88580323778058,49.317678136584526,engine
Alkaid,11,206.88580343912696,49.31767825545404,engine
Alkaid,12,206.8858036396235,49.31767837495588,engine
Alkaid,13,206.88580383926455,49.31767849508822,engine
Alkaid,14,206.88580403804457,49.317678615849175,engine
Alkaid,15,206.885804235958,49.31767873723693,engine
Alkaid,16,206.8858044329992,49.31767885924958,engine
Alkaid,17,206.8858046291629,49.31767898188534,engine
Alkaid,18,206.88580482444323,49.31767910514211,engine
Alkaid,19,206.88580501883484,49.31767922901812,engine
Alkaid,20,206.88580521233226,49.31767935351142,engine
Alkaid,21,206.88580540493,49.31767947862004,engine
Alkaid,22,206.88580559662284,49.31767960434215,engine
Alkaid,23,206.8858057874049,49.31767973067564,engine
Alkaid,24,206.8858059772709,49.31767985761853,engine
Alkaid,25,206.88580616621567,49.317679985169015,engine
Alkaid,26,206.8858063542337,49.31768011332499,engine
Alkaid,27,206.8858065413196,49.31768024208448,engine
Alkaid,28,206.8858067274681,49.31768037144543,engine
Alkaid,29,206.88580691267393,49.31768050140595,engine
Alkaid,30,206.88580709693153,49.3176806319638,engine
Algorab,-30,187.46397342708306,-16.51725324813596,engine
Algorab,-20,187.4639745244466,-16.517253433167696,engine
Algorab,-15,187.4639750455197,-16.517253533315213,engine
Algorab,-10,187.46397554765252,-16.517253638401,engine
Algorab,-5,187.46397603045568,-16.517253748310058,engine
Algorab,-2,187.4639763107007,-16.517253816521894,engine
Algorab,-1,187.4639764025249,-16.51725383963121,engine
Algorab,0,187.46397649354878,-16.51725386292495,engine
Algorab,1,187.4639765837694,-16.517253886402145,engine
Algorab,2,187.46397667318385,-16.51725391006183,engine
Algorab,3,187.46397676178918,-16.517253933903035,engine
Algorab,4,187.4639768495826,-16.517253957924773,engine
Algorab,5,187.4639769365611,-16.517253982126086,engine
Algorab,6,187.46397702272196,-16.517254006506,engine
Algorab,7,187.4639771080622,-16.517254031063487,engine
Algorab,8,187.46397719257908,-16.517254055797597,engine
Algorab,9,187.46397727626973,-16.517254080707314,engine
Algorab,10,187.46397735913143,-16.517254105791665,engine
Algorab,11,187.46397744116135,-16.51725413104963,engine
Algorab,12,187.4639775223567,-16.517254156480217,engine
Algorab,13,187.46397760271483,-16.517254182082443,engine
Algorab,14,187.4639776822329,-16.517254207855256,engine
Algorab,15,187.46397776090825,-16.51725423379768,engine
Algorab,16,187.4639778387382,-16.517254259908682,engine
Algorab,17,187.46397791572005,-16.517254286187274,engine
Algorab,18,187.4639779918511,-16.517254312632378,engine
Algorab,19,187.4639780671287,-16.517254339243024,engine
Algorab,20,187.46397814155023,-16.517254366018147,engine
Algorab,21,187.46397821511306,-16.517254392956726,engine
Algorab,22,187.46397828781474,-16.51725442005777,engine
Algorab,23,187.4639783596524,-16.517254447320184,engine
Algorab,24,187.46397843062363,-16.517254474742913,engine
Algorab,25,187.46397850072586,-16.51725450232497,engine
Algorab,26,187.4639785699566,-16.517254530065287,engine
Algorab,27,187.4639786383133,-16.51725455796283,engine
Algorab,28,187.46397870579344,-16.517254586016513,engine
Algorab,29,187.46397877239457,-16.517254614225326,engine
Algorab,30,187.46397883811417,-16.517254642588163,engine
Spica,-30,201.29863796724518,-11.161958454725449,engine
Spica,-20,201.2986393700044,-11.161958442455932,engine
Spica,-15,201.29864005168466,-11.161958442611004,engine
Spica,-10,201.29864071959778,-11.16195844688375,engine
Spica,-5,201.29864137327647,-11.161958455215045,engine
Spica,-2,201.29864175845915,-11.1619584621366,engine
Spica,-1,201.29864188566074,-11.16195846476126,engine
Spica,0,201.29864201225993,-11.161958467543823,engine
Spica,1,201.2986421382532,-11.161958470483766,engine
Spica,2,201.29864226363685,-11.161958473580576,engine
Spica,3,201.2986423884074,-11.161958476833751,engine
Spica,4,201.2986425125612,-11.161958480242765,engine
Spica,5,201.2986426360947,-11.16195848380709,engine
Spica,6,201.29864275900448,-11.161958487526208,engine
Spica,7,201.29864288128684,-11.16195849139959,engine
Spica,8,201.29864300293826,-11.1619584954267,engine
Spica,9,201.29864312395532,-11.161958499607016,engine
Spica,10,201.2986432443345,-11.161958503939989,engine
Spica,11,201.29864336407226,-11.161958508425085,engine
Spica,12,201.2986434831652,-11.161958513061759,engine
Spica,13,201.2986436016098,-11.16195851784947,engine
Spica,14,201.29864371940263,-11.161958522787666,engine
Spica,15,201.2986438365403,-11.161958527875804,engine
Spica,16,201.29864395301928,-11.16195853311331,engine
Spica,17,201.29864406883632,-11.161958538499649,engine
Spica,18,201.29864418398782,-11.161958544034242,engine
Spica,19,201.29864429847052,-11.161958549716545,engine
Spica,20,201.298644412281,-11.161958555545985,engine
Spica,21,201.2986445254159,-11.161958561521985,engine
Spica,22,201.29864463787203,-11.161958567644003,engine
Spica,23,201.29864474964577,-11.161958573911427,engine
Spica,24,201.29864486073387,-11.161958580323686,engine
Spica,25,201.2986449711332,-11.161958586880223,engine
Spica,26,201.29864508084032,-11.161958593580438,engine
Spica,27,201.298645189852,-11.161958600423754,engine
Spica,28,201.29864529816496,-11.161958607409582,engine
Spica,29,201.298645405776,-11.161958614537342,engine
Spica,30,201.2986455126817,-11.161958621806413,engine
Arcturus,-30,213.90997695762405,19.17221047665911,engine
Arcturus,-20,213.9099786467731,19.17221097919824,engine
Arcturus,-15,213.90997947882622,19.172211242126266,engine
Arcturus,-10,213.9099803018001,19.17221151274942,engine
Arcturus,-5,213.90998111515168,19.172211791005232,engine
Arcturus,-2,213.90998159831952,19.172211961595007,engine
Arcturus,-1,213.90998175854259,19.172212019061035,engine
Arcturus,0,213.90998191834208,19.172212076827513,engine
Arcturus,1,213.90998207771378,19.172212134893876,engine
Arcturus,2,213.90998223665343,19.172212193259544,engine
Arcturus,3,213.90998239515676,19.172212251923927,engine
Arcturus,4,213.90998255321958,19.17221231088645,engine
Arcturus,5,213.90998271083768,19.172212370146525,engine
Arcturus,6,213.90998286800686,19.17221242970358,engine
Arcturus,7,213.9099830247228,19.17221248955693,engine
Arcturus,8,213.90998318098144,19.17221254970602,engine
Arcturus,9,213.90998333677845,19.17221261015023,engine
Arcturus,10,213.90998349210977,19.17221267088893,engine
Arcturus,11,213.90998364697123,19.172212731921498,engine
Arcturus,12,213.9099838013586,19.172212793247308,engine
Arcturus,13,213.9099839552678,19.17221285486571,engine
Arcturus,14,213.90998410869463,19.17221291677607,engine
Arcturus,15,213.90998426163497,19.17221297897773,engine
Arcturus,16,213.90998441408476,19.17221304147005,engine
Arcturus,17,213.90998456603987,19.172213104252393,engine
Arcturus,18,213.90998471749612,19.172213167324024,engine
Arcturus,19,213.9099848684494,19.172213230684314,engine
Arcturus,20,213.90998501889575,19.17221329433258,engine
Arcturus,21,213.90998516883099,19.172213358268134,engine
Arcturus,22,213.90998531825124,19.172213422490312,engine
Arcturus,23,213.90998546715213,19.17221348699839,engine
Arcturus,24,213.90998561552968,19.172213551791625,engine
Arcturus,25,213.9099857633801,19.172213616869424,engine
Arcturus,26,213.9099859106992,19.17221368223102,engine
Arcturus,27,213.90998605748294,19.172213747875706,engine
Arcturus,28,213.90998620372739,19.17221381380274,engine
Arcturus,29,213.90998634942858,19.17221388001147,engine
Arcturus,30,213.9099864945824,19.17221394650106,engine
Alphecca,-30,233.67668505979708,26.716622269111785,engine
Alphecca,-20,233.6766870718182,26.716622607187656,engine
Alphecca,-15,233.67668807886886,26.71662279306092,engine
Alphecca,-10,233.6766890857943,26.716622990162907,engine
Alphecca,-5,233.67669009198124,26.71662319849089,engine
Alphecca,-2,233.6766906950836,26.716623328872934,engine
Alphecca,-1,233.6766908959867,26.716623373230608,engine
Alphecca,0,233.67669109681609,26.7166234180366,engine
Alphecca,1,233.67669129756678,26.716623463290777,engine
Alphecca,2,233.67669149823413,26.716623508993003,engine
Alphecca,3,233.67669169881304,26.71662355514314,engine
Alphecca,4,233.67669189929862,26.716623601741034,engine
Alphecca,5,233.67669209968608,26.71662364878652,engine
Alphecca,6,233.67669229997054,26.71662369627947,engine
Alphecca,7,233.67669250014697,26.71662374421965,engine
Alphecca,8,233.67669270021054,26.716623792606875,engine
Alphecca,9,233.67669290015638,26.71662384144098,engine
Alphecca,10,233.6766930999796,26.716623890721753,engine
Alphecca,11,233.67669329967538,26.716623940448983,engine
Alphecca,12,233.67669349923875,26.71662399062244,engine
Alphecca,13,233.67669369866485,26.71662404124192,engine
Alphecca,14,233.67669389794884,26.71662409230718,engine
Alphecca,15,233.6766940970859,26.716624143817942,engine
Alphecca,16,233.6766942960711,26.71662419577399,engine
Alphecca,17,233.67669449489966,26.71662424817509,engine
Alphecca,18,233.67669469356653,26.716624301020886,engine
Alphecca,19,233.676694892067,26.71662435431113,engine
Alphecca,20,233.67669509039615,26.716624408045554,engine
Alphecca,21,233.67669528854913,26.716624462223848,engine
Alphecca,22,233.67669548652137,26.71662451684572,engine
Alphecca,23,233.67669568430748,26.716624571910835,engine
Alphecca,24,233.67669588190287,26.71662462741885,engine
Alphecca,25,233.67669607930287,26.716624683369506,engine
Alphecca,26,233.6766962765025,26.716624739762416,engine
Alphecca,27,233.67669647349695,26.716624796597245,engine
Alphecca,28,233.6766966702814,26.716624853873633,engine
Alphecca,29,233.67669686685116,26.716624911591246,engine
Alphecca,30,233.6766970632011,26.716624969749653,engine
Vega,-30,279.24339904431577,38.78631584109942,engine
Vega,-20,279.2434008968808,38.786315346253645,engine
Vega,-15,279.2434018584005,38.78631511484194,engine
Vega,-10,279.24340284276326,38.786314894436316,engine
Vega,-5,279.24340384946964,38.78631468527908,engine
Vega,-2,279.2434044640062,38.78631456528277,engine
Vega,-1,279.243404670579,38.78631452621158,engine
Vega,0,279.2434048780086,38.786314487607235,engine
Vega,1,279.2434050862907,38.78631444947158,engine
Vega,2,279.24340529542104,38.78631441180646,engine
Vega,3,279.24340550539546,38.78631437461365,engine
Vega,4,279.2434057162097,38.78631433789499,engine
Vega,5,279.24340592785944,38.786314301652276,engine
Vega,6,279.24340614034054,38.786314265887256,engine
Vega,7,279.2434063536485,38.78631423060178,engine
Vega,8,279.2434065677791,38.78631419579758,engine
Vega,9,279.243406782728,38.78631416147641,engine
Vega,10,279.2434069984909,38.78631412764004,engine
Vega,11,279.24340721506337,38.7863140942902,engine
Vega,12,279.2434074324411,38.78631406142865,engine
Vega,13,279.2434076506196,38.78631402905705,engine
Vega,14,279.2434078695946,38.78631399717718,engine
Vega,15,279.24340808936154,38.78631396579073,engine
Vega,16,279.2434083099161,38.78631393489938,engine
Vega,17,279.2434085312539,38.78631390450481,engine
Vega,18,279.2434087533702,38.78631387460873,engine
Vega,19,279.2434089762607,38.78631384521279,engine
Vega,20,279.24340919992085,38.78631381631864,engine
Vega,21,279.24340942434617,38.78631378792795,engine
Vega,22,279.2434096495322,38.78631376004227,engine
Vega,23,279.24340987547424,38.78631373266337,engine
Vega,24,279.2434101021676,38.786313705792814,engine
Vega,25,279.24341032960814,38.7863136794322,engine
Vega,26,279.243410557791,38.78631365358309,engine
Vega,27,279.24341078671165,38.78631362824715,engine
Vega,28,279.2434110163655,38.786313603425896,engine
Vega,29,279.24341124674794,38.78631357912091,engine
Vega,30,279.24341147785424,38.786313555333784,engine
Deneb Algedi,-30,326.7661617251786,-16.127516782677468,engine
Deneb Algedi,-20,326.76616189859806,-16.127516045600196,engine
Deneb Algedi,-15,326.7661620242917,-16.127515676293697,engine
Deneb Algedi,-10,326.7661621760251,-16.127515306676724,engine
Deneb Algedi,-5,326.76616235382045,-16.127514936900436,engine
Deneb Algedi,-2,326.7661624730119,-16.12751471502118,engine
Deneb Algedi,-1,326.76616251482824,-16.127514641066444,engine
Deneb Algedi,0,326.7661625576874,-16.127514567116222,engine
Deneb Algedi,1,326.7661626015894,-16.12751449317175,engine
Deneb Algedi,2,326.76616264653404,-16.12751441923421,engine
Deneb Algedi,3,326.7661626925214,-16.127514345304828,engine
Deneb Algedi,4,326.76616273955113,-16.12751427138482,engine
Deneb Algedi,5,326.76616278762333,-16.127514197475378,engine
Deneb Algedi,6,326.76616283673764,-16.12751412357767,engine
Deneb Algedi,7,326.766162886894,-16.127514049693005,engine
Deneb Algedi,8,326.7661629380922,-16.127513975822556,engine
Deneb Algedi,9,326.76616299033185,-16.127513901967507,engine
Deneb Algedi,10,326.7661630436129,-16.12751382812909,engine
Deneb Algedi,11,326.766163097935,-16.127513754308488,engine
Deneb Algedi,12,326.766163153298,-16.12751368050693,engine
Deneb Algedi,13,326.7661632097014,-16.12751360672563,engine
Deneb Algedi,14,326.76616326714503,-16.127513532965768,engine
Deneb Algedi,15,326.76616332562844,-16.127513459228577,engine
Deneb Algedi,16,326.7661633851514,-16.127513385515247,engine
Deneb Algedi,17,326.7661634457134,-16.127513311826945,engine
Deneb Algedi,18,326.7661635073141,-16.127513238164966,engine
Deneb Algedi,19,326.76616356995305,-16.127513164530466,engine
Deneb Algedi,20,326.76616363362984,-16.127513090924655,engine
Deneb Algedi,21,326.76616369834403,-16.127513017348743,engine
Deneb Algedi,22,326.7661637640951,-16.127512943803872,engine
Deneb Algedi,23,326.76616383088253,-16.12751287029135,engine
Deneb Algedi,24,326.76616389870577,-16.127512796812375,engine
Deneb Algedi,25,326.76616396756435,-16.127512723368056,engine
Deneb Algedi,26,326.76616403745777,-16.127512649959638,engine
Deneb Algedi,27,326.76616410838534,-16.12751257658832,engine
Deneb Algedi,28,326.7661641803465,-16.1275125032553,engine
Deneb Algedi,29,326.76616425334066,-16.127512429961744,engine
Deneb Algedi,30,326.76616432736716,-16.127512356708934,engine
Rigel,-30,78.6294642104565,-8.20068201665569,engine
Rigel,-20,78.6294624514955,-8.20068184603299,engine
Rigel,-15,78.6294615551546,-8.20068175597439,engine
Rigel,-10,78.62946064823922,-8.200681662704543,engine
Rigel,-5,78.62945973125471,-8.200681566190534,engine
Rigel,-2,78.62945917644313,-8.200681506711842,engine
Rigel,-1,78.62945899076041,-8.20068148662243,engine
Rigel,0,78.62945880471182,-8.200681466401043,engine
Rigel,1,78.62945861830146,-8.200681446047438,engine
Rigel,2,78.62945843153348,-8.200681425561383,engine
Rigel,3,78.62945824441204,-8.200681404942658,engine
Rigel,4,78.62945805694129,-8.200681384191032,engine
Rigel,5,78.62945786912539,-8.200681363306282,engine
Rigel,6,78.6294576809684,-8.200681342288178,engine
Rigel,7,78.62945749247471,-8.200681321136523,engine
Rigel,8,78.62945730364842,-8.20068129985109,engine
Rigel,9,78.62945711449368,-8.20068127843167,engine
Rigel,10,78.62945692501471,-8.20068125687805,engine
Rigel,11,78.62945673521568,-8.200681235190022,engine
Rigel,12,78.62945654510084,-8.20068121336738,engine
Rigel,13,78.62945635467437,-8.200681191409927,engine
Rigel,14,78.62945616394049,-8.200681169317463,engine
Rigel,15,78.62945597290343,-8.20068114708978,engine
Rigel,16,78.62945578156743,-8.200681124726692,engine
Rigel,17,78.62945558993658,-8.20068110222799,engine
Rigel,18,78.62945539801542,-8.200681079593515,engine
Rigel,19,78.62945520580801,-8.200681056823065,engine
Rigel,20,78.62945501331862,-8.20068103391646,engine
Rigel,21,78.62945482055154,-8.20068101087351,engine
Rigel,22,78.62945462751085,-8.200680987694046,engine
Rigel,23,78.62945443420114,-8.200680964377879,engine
Rigel,24,78.62945424062663,-8.200680940924862,engine
Rigel,25,78.62945404679138,-8.200680917334784,engine
Rigel,26,78.62945385269978,-8.200680893607494,engine
Rigel,27,78.62945365835614,-8.200680869742827,engine
Rigel,28,78.62945346376472,-8.200680845740626,engine
Rigel,29,78.62945326892972,-8.200680821600706,engine
Rigel,30,78.62945307385569,-8.200680797322944,engine
Betelgeuse,-30,88.78775699804909,7.407550531166578,engine
Betelgeuse,-20,88.78775536259782,7.407550882730627,engine
Betelgeuse,-15,88.7877545223216,7.407551054566731,engine
Betelgeuse,-10,88.7877536676095,7.407551223718307,engine
Betelgeuse,-5,88.78775279891819,7.407551390146581,engine
Betelgeuse,-2,88.78775227118612,7.407551488680675,engine
Betelgeuse,-1,88.78775209421163,7.407551521303141,engine
Betelgeuse,0,88.78775191671156,7.407551553813998,engine
Betelgeuse,1,88.78775173868962,7.407551586212976,engine
Betelgeuse,2,88.78775156014966,7.407551618499781,engine
Betelgeuse,3,88.78775138109546,7.407551650674138,engine
Betelgeuse,4,88.78775120153082,7.407551682735769,engine
Betelgeuse,5,88.78775102145958,7.407551714684394,engine
Betelgeuse,6,88.78775084088544,7.407551746519759,engine
Betelgeuse,7,88.78775065981247,7.407551778241555,engine
Betelgeuse,8,88.78775047824443,7.407551809849523,engine
Betelgeuse,9,88.78775029618515,7.4075518413434045,engine
Betelgeuse,10,88.78775011363852,7.407551872722932,engine
Betelgeuse,11,88.78774993060841,7.407551903987835,engine
Betelgeuse,12,88.7877497470987,7.4075519351378585,engine
Betelgeuse,13,88.78774956311328,7.407551966172746,engine
Betelgeuse,14,88.78774937865609,7.407551997092232,engine
Betelgeuse,15,88.787749193731,7.4075520278960605,engine
Betelgeuse,16,88.78774900834198,7.4075520585839945,engine
Betelgeuse,17,88.78774882249279,7.4075520891557876,engine
Betelgeuse,18,88.78774863618766,7.4075521196111636,engine
Betelgeuse,19,88.7877484494304,7.407552149949882,engine
Betelgeuse,20,88.78774826222497,7.4075521801717095,engine
Betelgeuse,21,88.78774807457533,7.407552210276407,engine
Betelgeuse,22,88.78774788648532,7.407552240263732,engine
Betelgeuse,23,88.7877476979592,7.407552270133441,engine
Betelgeuse,24,88.78774750900098,7.4075522998852845,engine
Betelgeuse,25,88.78774731961437,7.407552329519071,engine
Betelgeuse,26,88.78774712980352,7.407552359034547,engine
Betelgeuse,27,88.78774693957244,7.407552388431488,engine
Betelgeuse,28,88.78774674892517,7.407552417709668,engine
Betelgeuse,29,88.78774655786562,7.407552446868878,engine
Betelgeuse,30,88.78774636639805,7.407552475908864,engine
Polaris,-30,37.80662441050842,89.2589701990414,engine
Polaris,-20,37.80649634854794,89.25896945647746,engine
Polaris,-15,37.80643304256596,89.25896904881822,engine
Polaris,-10,37.806370274486085,89.2589686170987,engine
Polaris,-5,37.80630808489364,89.2589681614766,engine
Polaris,-2,37.806271065608534,89.25896787670011,engine
Polaris,-1,37.80625877685164,89.25896777988252,engine
Polaris,0,37.806246514130514,89.25896768212131,engine
Polaris,1,37.806234277764396,89.25896758341796,engine
Polaris,2,37.80622206807202,89.25896748377396,engine
Polaris,3,37.80620988537168,89.25896738319084,engine
Polaris,4,37.8061977299811,89.25896728167012,engine
Polaris,5,37.80618560221743,89.25896717921337,engine
Polaris,6,37.80617350238928,89.25896707582208,engine
Polaris,7,37.806161430829036,89.258966971498,engine
Polaris,8,37.80614938784415,89.25896686624264,engine
Polaris,9,37.80613737374968,89.25896676005763,engine
Polaris,10,37.80612538886013,89.25896665294464,engine
Polaris,11,37.806113433489436,89.25896654490529,engine
Polaris,12,37.806101507951,89.25896643594128,engine
Polaris,13,37.80608961255758,89.2589663260543,engine
Polaris,14,37.80607774762145,89.25896621524609,engine
Polaris,15,37.806065913454184,89.25896610351833,engine
Polaris,16,37.806054110366894,89.25896599087281,engine
Polaris,17,37.80604233866224,89.2589658773112,engine
Polaris,18,37.806030598665686,89.25896576283546,engine
Polaris,19,37.80601889067868,89.25896564744727,engine
Polaris,20,37.80600721500988,89.25896553114849,engine
Polaris,21,37.80599557196725,89.25896541394094,engine
Polaris,22,37.80598396184749,89.25896529582643,engine
Polaris,23,37.805972384978894,89.25896517680694,engine
Polaris,24,37.80596084166447,89.25896505688436,engine
Polaris,25,37.80594933219426,89.25896493606047,engine
Polaris,26,37.80593785688087,89.25896481433725,engine
Polaris,27,37.80592641602851,89.25896469171664,engine
Polaris,28,37.805915009940655,89.25896456820062,engine
Polaris,29,37.805903638912554,89.25896444379106,engine
Polaris,30,37.80589230326169,89.25896431849011,engine
Castor,-30,113.6416486950192,31.888367192901317,engine
Castor,-20,113.6416473622656,31.888368158987568,engine
Castor,-15,113.64164665704435,31.888368632478894,engine
Castor,-10,113.64164592634853,31.888369099266672,engine
Castor,-5,113.64164517050943,31.88836955910339,engine
Castor,-2,113.64164470507971,31.888369831566983,engine
Castor,-1,113.64164454796558,31.8883699218035,engine
Castor,0,113.64164438987076,31.888370011744453,engine
Castor,1,113.64164423079815,31.888370101387952,engine
Castor,2,113.6416440707506,31.888370190732058,engine
Castor,3,113.64164390973109,31.888370279774865,engine
Castor,4,113.64164374774253,31.888370368514497,engine
Castor,5,113.64164358478786,31.88837045694906,engine
Castor,6,113.64164342086997,31.888370545076718,engine
Castor,7,113.64164325599202,31.88837063289545,engine
Castor,8,113.64164309015699,31.888370720403472,engine
Castor,9,113.64164292336785,31.8883708075989,engine
Castor,10,113.64164275562769,31.88837089447986,engine
Castor,11,113.64164258693954,31.88837098104452,engine
Castor,12,113.6416424173065,31.888371067291004,engine
Castor,13,113.64164224673166,31.88837115321748,engine
Castor,14,113.64164207521819,31.888371238822103,engine
Castor,15,113.64164190276912,31.888371324103037,engine
Castor,16,113.64164172938773,31.88837140905847,engine
Castor,17,113.641641555077,31.888371493686616,engine
Castor,18,113.64164137984038,31.888371577985566,engine
Castor,19,113.64164120368095,31.888371661953546,engine
Castor,20,113.64164102660196,31.88837174558878,engine
Castor,21,113.64164084860661,31.888371828889454,engine
Castor,22,113.64164066969813,31.88837191185385,engine
Castor,23,113.64164048987993,31.888371994480053,engine
Castor,24,113.6416403091554,31.888372076766313,engine
Castor,25,113.64164012752757,31.888372158710947,engine
Castor,26,113.64163994499988,31.88837224031214,engine
Castor,27,113.64163976157569,31.888372321568145,engine
Castor,28,113.64163957725837,31.888372402477206,engine
Castor,29,113.6416393920512,31.888372483037628,engine
Castor,30,113.6416392059578,31.888372563247586,engine
Altair,-30,297.7046761762534,8.871177752145401,engine
Altair,-20,297.70467721023095,8.87117776608203,engine
Altair,-15,297.704677761802,8.87117777540387,engine
Altair,-10,297.70467833611195,8.871177786397912,engine
Altair,-5,297.70467893291055,8.871177799140591,engine
Altair,-2,297.704679301676,8.87117780765701,engine
Altair,-1,297.70467942636594,8.87117781064455,engine
Altair,0,297.7046795519364,8.871177813707455,engine
Altair,1,297.70467967838516,8.87117781684632,engine
Altair,2,297.7046798057099,8.871177820061737,engine
Altair,3,297.70467993390844,8.8711778233543,engine
Altair,4,297.70468006297847,8.871177826724596,engine
Altair,5,297.7046801929178,8.871177830173215,engine
Altair,6,297.7046803237241,8.871177833700747,engine
Altair,7,297.704680455395,8.871177837307767,engine
Altair,8,297.7046805879283,8.871177840994875,engine
Altair,9,297.7046807213215,8.871177844762643,engine
Altair,10,297.7046808555723,8.871177848611655,engine
Altair,11,297.70468099067836,8.87117785254249,engine
Altair,12,297.7046811266373,8.871177856555727,engine
Altair,13,297.7046812634467,8.871177860651947,engine
Altair,14,297.70468140110404,8.871177864831715,engine
Altair,15,297.704681539607,8.871177869095613,engine
Altair,16,297.70468167895314,8.871177873444212,engine
Altair,17,297.70468181914,8.871177877878077,engine
Altair,18,297.7046819601649,8.87117788239778,engine
Altair,19,297.70468210202546,8.871177887003883,engine
Altair,20,297.70468224471915,8.871177891696961,engine
Altair,21,297.7046823882435,8.871177896477565,engine
Altair,22,297.7046825325959,8.871177901346243,engine
Altair,23,297.70468267777375,8.871177906303604,engine
Altair,24,297.70468282377436,8.871177911350165,engine
Altair,25,297.70468297059534,8.871177916486504,engine
Altair,26,297.7046831182341,8.871177921713167,engine
Altair,27,297.7046832666878,8.871177927030708,engine
Altair,28,297.7046834159539,8.871177932439679,engine
Altair,29,297.7046835660299,8.871177937940633,engine
Altair,30,297.7046837169128,8.871177943534109,engine
Bellatrix,-30,81.27761358601963,6.349993257149387,engine
Bellatrix,-20,81.27761186089909,6.349993569266694,engine
Bellatrix,-15,81.2776109800011,6.349993721637974,engine
Bellatrix,-10,81.2776100875256,6.349993871513903,engine
Bellatrix,-5,81.27760918396496,6.349994018868211,engine
Bellatrix,-2,81.27760863671473,6.349994106059898,engine
Bellatrix,-1,81.27760845346972,6.349994134919145,engine
Bellatrix,0,81.27760826981729,6.349994163675749,engine
Bellatrix,1,81.27760808576149,6.349994192329523,engine
Bellatrix,2,81.27760790130634,6.349994220880282,engine
Bellatrix,3,81.27760771645592,6.349994249327842,engine
Bellatrix,4,81.27760753121429,6.349994277672024,engine
Bellatrix,5,81.27760734558548,6.349994305912648,engine
Bellatrix,6,81.2776071595735,6.349994334049552,engine
Bellatrix,7,81.27760697318269,6.349994362082525,engine
Bellatrix,8,81.27760678641695,6.349994390011415,engine
Bellatrix,9,81.27760659928043,6.349994417836049,engine
Bellatrix,10,81.27760641177723,6.34999444555626,engine
Bellatrix,11,81.27760622391145,6.349994473171873,engine
Bellatrix,12,81.27760603568721,6.349994500682732,engine
Bellatrix,13,81.27760584710867,6.349994528088668,engine
Bellatrix,14,81.27760565817994,6.349994555389522,engine
Bellatrix,15,81.27760546890515,6.349994582585133,engine
Bellatrix,16,81.27760527928845,6.34999460967534,engine
Bellatrix,17,81.2776050893339,6.349994636660016,engine
Bellatrix,18,81.27760489904588,6.349994663538962,engine
Bellatrix,19,81.27760470842844,6.349994690312046,engine
Bellatrix,20,81.27760451748576,6.349994716979127,engine
Bellatrix,21,81.27760432622202,6.34999474354005,engine
Bellatrix,22,81.27760413464124,6.349994769994674,engine
Bellatrix,23,81.27760394274793,6.349994796342854,engine
Bellatrix,24,81.27760375054626,6.3499948225844225,engine
Bellatrix,25,81.27760355804016,6.349994848719287,engine
Bellatrix,26,81.27760336523399,6.349994874747291,engine
Bellatrix,27,81.27760317213196,6.349994900668298,engine
Bellatrix,28,81.27760297873829,6.349994926482174,engine
Bellatrix,29,81.27760278505708,6.3499949521888075,engine
Bellatrix,30,81.27760259109282,6.349994977788035,engine
