body,minute,ra,dec,source
Aldebaran,-30,68.97635744421412,16.5071746738672,engine
Aldebaran,-20,68.97635597003934,16.5071752859996,engine
Aldebaran,-15,68.97635519529156,16.50717558732614,engine
Aldebaran,-10,68.97635439577905,16.50717588529452,engine
Aldebaran,-5,68.976353571773,16.50717617975806,engine
Aldebaran,-2,68.97635306572985,16.507176354693406,engine
Aldebaran,-1,68.97635289512282,16.50717641270781,engine
Aldebaran,0,68.97635272355672,16.507176470571633,engine
Aldebaran,1,68.97635255103395,16.507176528283708,engine
Aldebaran,2,68.97635237755694,16.507176585842906,engine
Aldebaran,3,68.9763522031281,16.507176643248098,engine
Aldebaran,4,68.97635202774988,16.507176700498146,engine
Aldebaran,5,68.9763518514248,16.507176757591925,engine
Aldebaran,6,68.97635167415517,16.507176814528354,engine
Aldebaran,7,68.97635149594373,16.507176871306218,engine
Aldebaran,8,68.97635131679291,16.507176927924437,engine
Aldebaran,9,68.97635113670526,16.507176984381896,engine
Aldebaran,10,68.97635095568329,16.507177040677494,engine
Aldebaran,11,68.97635077372962,16.507177096810107,engine
Aldebaran,12,68.97635059084682,16.50717715277863,engine
Aldebaran,13,68.97635040703751,16.507177208581957,engine
Aldebaran,14,68.97635022230433,16.507177264219,engine
Aldebaran,15,68.9763500366499,16.507177319688633,engine
Aldebaran,16,68.97634985007691,16.50717737498979,engine
Aldebaran,17,68.97634966258791,16.50717743012139,engine
Aldebaran,18,68.97634947418584,16.50717748508229,engine
Aldebaran,19,68.97634928487331,16.507177539871435,engine
Aldebaran,20,68.97634909465302,16.507177594487743,engine
Aldebaran,21,68.97634890352776,16.507177648930142,engine
Aldebaran,22,68.97634871150028,16.507177703197538,engine
Aldebaran,23,68.97634851857337,16.507177757288883,engine
Aldebaran,24,68.97634832474984,16.50717781120309,engine
Aldebaran,25,68.97634813003249,16.5071778649391,engine
Aldebaran,26,68.97634793442421,16.507177918495852,engine
Aldebaran,27,68.97634773792777,16.507177971872288,engine
Aldebaran,28,68.97634754054613,16.507178025067354,engine
Aldebaran,29,68.97634734228197,16.507178078080027,engine
Aldebaran,30,68.97634714313854,16.507178130909193,engine
Antares,-30,247.3564499055105,-26.432475134162534,engine
Antares,-20,247.35645154012033,-26.432474268492324,engine
Antares,-15,247.35645239721057,-26.432473843486875,engine
Antares,-10,247.35645328043606,-26.43247342400778,engine
Antares,-5,247.35645418949022,-26.43247301028152,engine
Antares,-2,247.35645474718808,-26.432472764900417,engine
Antares,-1,247.35645493511595,-26.432472683593147,engine
Antares,0,247.35645512405367,-26.432472602532034,engine
Antares,1,247.35645531399854,-26.43247252171885,engine
Antares,2,247.35645550494786,-26.432472441155326,engine
Antares,3,247.35645569689885,-26.432472360843228,engine
Antares,4,247.35645588984892,-26.432472280784296,engine
Antares,5,247.3564560837951,-26.432472200980264,engine
Antares,6,247.35645627873487,-26.432472121432816,engine
Antares,7,247.35645647466512,-26.4324720421438,engine
Antares,8,247.3564566715832,-26.43247196311487,engine
Antares,9,247.35645686948615,-26.432471884347756,engine
Antares,10,247.35645706837124,-26.432471805844166,engine
Antares,11,247.35645726823554,-26.432471727605808,engine
Antares,12,247.35645746907613,-26.432471649634405,engine
Antares,13,247.35645767089017,-26.43247157193163,engine
Antares,14,247.3564578736746,-26.432471494499197,engine
Antares,15,247.35645807742654,-26.43247141733878,engine
Antares,16,247.356458282143,-26.432471340452082,engine
Antares,17,247.35645848782113,-26.432471263840714,engine
Antares,18,247.35645869445764,-26.432471187506454,engine
Antares,19,247.3564589020497,-26.432471111450933,engine
Antares,20,247.35645911059416,-26.432471035675793,engine
Antares,21,247.35645932008802,-26.432470960182698,engine
Antares,22,247.35645953052813,-26.432470884973313,engine
Antares,23,247.35645974191146,-26.432470810049267,engine
Antares,24,247.3564599542349,-26.432470735412203,engine
Antares,25,247.35646016749521,-26.432470661063782,engine
Antares,26,247.3564603816894,-26.4324705870056,engine
Antares,27,247.35646059681412,-26.4324705132393,engine
Antares,28,247.35646081286626,-26.4324704397665,engine
Antares,29,247.35646102984276,-26.432470366588753,engine
Antares,30,247.35646124774007,-26.432470293707773,engine
Ceres,-30,78.09059239310515,25.495152843841954,engine
Ceres,-20,78.09341186341027,25.495546741156154,engine
Ceres,-15,78.0948216969988,25.495743523373644,engine
Ceres,-10,78.09623160324062,25.495940195065266,engine
Ceres,-5,78.09764158819893,25.49613675676048,engine
Ceres,-2,78.09848761891625,25.496254641115684,engine
Ceres,-1,78.09876963613323,25.496293927169837,engine
Ceres,0,78.09905165678997,25.49633320883339,engine
Ceres,1,78.09933368111264,25.496372486158922,engine
Ceres,2,78.09961570896205,25.496411759102546,engine
Ceres,3,78.09989774056429,25.496451027716997,engine
Ceres,4,78.10017977577996,25.496490291958573,engine
Ceres,5,78.10046181483517,25.49652955188013,engine
Ceres,6,78.10074385777955,25.49656880746442,engine
Ceres,7,78.10102590446071,25.496608058711832,engine
Ceres,8,78.10130795492827,25.49664730560526,engine
Ceres,9,78.10159000940807,25.496686548197854,engine
Ceres,10,78.10187206776037,25.496725786446362,engine
Ceres,11,78.10215413021086,25.49676502040408,engine
Ceres,12,78.1024361966198,25.496804250027896,engine
Ceres,13,78.1027182671214,25.49684347534713,engine
Ceres,14,78.10300034184985,25.496882696391154,engine
Ceres,15,78.10328242066514,25.49692191311711,engine
Ceres,16,78.1035645037927,25.49696112557862,engine
Ceres,17,78.10384659128164,25.49700033375927,engine
Ceres,18,78.10412868288752,25.497039537636105,engine
Ceres,19,78.10441077893337,25.49707873726521,engine
Ceres,20,78.10469287927896,25.497117932604056,engine
Ceres,21,78.10497498414937,25.497157123706618,engine
Ceres,22,78.10525709340416,25.497196310530573,engine
Ceres,23,78.10553920717697,25.49723549310591,engine
Ceres,24,78.10582132560137,25.497274671462776,engine
Ceres,25,78.10610344853669,25.497313845558978,engine
Ceres,26,78.10638557620778,25.497353015448887,engine
Ceres,27,78.10666770847384,25.4973921810905,engine
Ceres,28,78.10694984546815,25.497431342514204,engine
Ceres,29,78.10723198751313,25.497470499776707,engine
Ceres,30,78.10751413408943,25.49750965278371,engine
Chiron,-30,11.206750220660744,6.92693597414705,engine
Chiron,-20,11.207116001190943,6.927086010400457,engine
Chiron,-15,11.207298937560143,6.927161021782245,engine
Chiron,-10,11.207481905541446,6.927236028774194,engine
Chiron,-5,11.20766490583715,6.927311031486414,engine
Chiron,-2,11.207774721764629,6.927356031086716,engine
Chiron,-1,11.207811329729081,6.927371030620447,engine
Chiron,0,11.207847939034908,6.927386029990505,engine
Chiron,1,11.207884549682973,6.927401029196467,engine
Chiron,2,11.207921161678186,6.927416028239097,engine
Chiron,3,11.207957775021365,6.927431027117974,engine
Chiron,4,11.2079943897255,6.927446025836242,engine
Chiron,5,11.208031005791339,6.927461024393486,engine
Chiron,6,11.208067623244188,6.927476022799359,engine
Chiron,7,11.20810424204783,6.927491021036882,engine
Chiron,8,11.208140862227506,6.927506019115719,engine
Chiron,9,11.208177483787924,6.927521017036652,engine
Chiron,10,11.208214106729704,6.927536014799272,engine
Chiron,11,11.208250731065636,6.927551012406742,engine
Chiron,12,11.208287356796301,6.927566009858669,engine
Chiron,13,11.208323983926284,6.927581007155841,engine
Chiron,14,11.208360612456099,6.927596004297874,engine
Chiron,15,11.208397242398428,6.92761100128793,engine
Chiron,16,11.208433873753709,6.927625998125625,engine
Chiron,17,11.20847050655101,6.927640994821819,engine
Chiron,18,11.208507140741583,6.927655991356017,engine
Chiron,19,11.208543776362555,6.927670987741454,engine
Chiron,20,11.20858041341427,6.927685983977751,engine
Chiron,21,11.20861705190109,6.92770098006572,engine
Chiron,22,11.208653691823306,6.927715976005003,engine
Chiron,23,11.208690333193346,6.927730971798767,engine
Chiron,24,11.20872697601144,6.927745967446656,engine
Chiron,25,11.208763620281838,6.9277609629494865,engine
Chiron,26,11.2088002660047,6.927775958306901,engine
Chiron,27,11.208836913192355,6.9277909535220905,engine
Chiron,28,11.2088735618449,6.927805948594699,engine
Chiron,29,11.20891021199105,6.92782094353561,engine
Chiron,30,11.208946863581696,6.927835938324369,engine
Eris,-30,26.383090486844452,-1.065881928925657,tno-rate
Eris,-20,26.38315614880762,-1.0658520819953021,tno-rate
Eris,-15,26.383188979789203,-1.065837158530125,tno-rate
Eris,-10,26.383221810770785,-1.0658222350649476,tno-rate
Eris,-5,26.38325464175237,-1.0658073115997704,tno-rate
Eris,-2,26.383274340341316,-1.065798357520664,tno-rate
Eris,-1,26.383280906537635,-1.0657953728276284,tno-rate
Eris,0,26.38328747273395,-1.065792388134593,tno-rate
Eris,1,26.383294038930266,-1.0657894034415576,tno-rate
Eris,2,26.383300605126585,-1.065786418748522,tno-rate
Eris,3,26.3833071713229,-1.0657834340554866,tno-rate
Eris,4,26.383313737519217,-1.0657804493624512,tno-rate
Eris,5,26.383320303715532,-1.0657774646694156,tno-rate
Eris,6,26.38332686991185,-1.0657744799763802,tno-rate
Eris,7,26.383333436108167,-1.0657714952833448,tno-rate
Eris,8,26.383340002304482,-1.0657685105903092,tno-rate
Eris,9,26.3833465685008,-1.0657655258972738,tno-rate
Eris,10,26.383353134697117,-1.0657625412042384,tno-rate
Eris,11,26.383359700893433,-1.065759556511203,tno-rate
Eris,12,26.38336626708975,-1.0657565718181674,tno-rate
Eris,13,26.383372833286067,-1.065753587125132,tno-rate
Eris,14,26.383379399482383,-1.0657506024320966,tno-rate
Eris,15,26.3833859656787,-1.065747617739061,tno-rate
Eris,16,26.383392531875018,-1.0657446330460256,tno-rate
Eris,17,26.383399098071333,-1.0657416483529902,tno-rate
Eris,18,26.38340566426765,-1.0657386636599546,tno-rate
Eris,19,26.383412230463968,-1.0657356789669192,tno-rate
Eris,20,26.383418796660283,-1.0657326942738838,tno-rate
Eris,21,26.3834253628566,-1.0657297095808482,tno-rate
Eris,22,26.383431929052918,-1.0657267248878128,tno-rate
Eris,23,26.383438495249234,-1.0657237401947774,tno-rate
Eris,24,26.38344506144555,-1.0657207555017418,tno-rate
Eris,25,26.383451627641865,-1.0657177708087064,tno-rate
Eris,26,26.383458193838184,-1.065714786115671,tno-rate
Eris,27,26.3834647600345,-1.0657118014226354,tno-rate
Eris,28,26.383471326230815,-1.0657088167296,tno-rate
Eris,29,26.383477892427134,-1.0657058320365647,tno-rate
Eris,30,26.38348445862345,-1.065702847343529,tno-rate
Fomalhaut,-30,344.4107319240655,-29.623155491866665,engine
Fomalhaut,-20,344.410729790751,-29.623154767959704,engine
Fomalhaut,-15,344.41072873896525,-29.623154387537724,engine
Fomalhaut,-10,344.41072769792936,-29.623153994932064,engine
Fomalhaut,-5,344.4107266682634,-29.623153590246353,engine
Fomalhaut,-2,344.4107260561775,-29.62315334168187,engine
Fomalhaut,-1,344.41072585313054,-29.62315325787361,engine
Fomalhaut,0,344.41072565058244,-29.623153173590193,engine
Fomalhaut,1,344.41072544853813,-29.62315308883255,engine
Fomalhaut,2,344.41072524700246,-29.62315300360163,engine
Fomalhaut,3,344.41072504598026,-29.623152917898384,engine
Fomalhaut,4,344.41072484547635,-29.623152831723786,engine
Fomalhaut,5,344.41072464549546,-29.623152745078812,engine
Fomalhaut,6,344.41072444604237,-29.62315265796439,engine
Fomalhaut,7,344.4107242471221,-29.623152570381635,engine
Fomalhaut,8,344.4107240487394,-29.623152482331484,engine
Fomalhaut,9,344.4107238508989,-29.623152393814937,engine
Fomalhaut,10,344.4107236536054,-29.62315230483305,engine
Fomalhaut,11,344.41072345686365,-29.62315221538683,engine
Fomalhaut,12,344.4107232606784,-29.62315212547732,engine
Fomalhaut,13,344.41072306505447,-29.623152035105555,engine
Fomalhaut,14,344.4107228699965,-29.62315194427262,engine
Fomalhaut,15,344.4107226755092,-29.623151852979557,engine
Fomalhaut,16,344.41072248159725,-29.623151761227458,engine
Fomalhaut,17,344.4107222882653,-29.623151669017318,engine
Fomalhaut,18,344.41072209551817,-29.62315157635038,engine
Fomalhaut,19,344.41072190336047,-29.623151483227677,engine
Fomalhaut,20,344.41072171179684,-29.6231513896503,engine
Fomalhaut,21,344.41072152083194,-29.623151295619405,engine
Fomalhaut,22,344.4107213304703,-29.62315120113607,engine
Fomalhaut,23,344.4107211407167,-29.623151106201476,engine
Fomalhaut,24,344.4107209515757,-29.62315101081673,engine
Fomalhaut,25,344.41072076305187,-29.62315091498301,engine
Fomalhaut,26,344.41072057514975,-29.623150818701475,engine
Fomalhaut,27,344.410720387874,-29.623150721973268,engine
Fomalhaut,28,344.41072020122914,-29.623150624799607,engine
Fomalhaut,29,344.41072001521957,-29.62315052718159,engine
Fomalhaut,30,344.41071982985017,-29.62315042912055,engine
Juno,-30,328.5511728861816,-4.908722048493651,engine
Juno,-20,328.5535250440906,-4.907916828734243,engine
Juno,-15,328.5547014124332,-4.907514233316983,engine
Juno,-10,328.55587797011765,-4.907111648113118,engine
Juno,-5,328.55705471489546,-4.906709073371339,engine
Juno,-2,328.55776085012434,-4.906467533775574,engine
Juno,-1,328.5579962431865,-4.906387021457768,engine
Juno,0,328.55823164352205,-4.906306509587128,engine
Juno,1,328.5584670511078,-4.906225998166491,engine
Juno,2,328.55870246592065,-4.906145487198706,engine
Juno,3,328.5589378879372,-4.906064976686596,engine
Juno,4,328.5591733171338,-4.905984466632989,engine
Juno,5,328.5594087534869,-4.905903957040695,engine
Juno,6,328.5596441971304,-4.905823447858531,engine
Juno,7,328.5598796477247,-4.905742939197271,engine
Juno,8,328.56011510540355,-4.905662431005704,engine
Juno,9,328.5603505701426,-4.905581923286611,engine
Juno,10,328.5605860419175,-4.905501416042762,engine
Juno,11,328.56082152061447,-4.905420909288913,engine
Juno,12,328.561057006387,-4.905340403003809,engine
Juno,13,328.5612924991213,-4.905259897202196,engine
Juno,14,328.56152799879214,-4.9051793918868,engine
Juno,15,328.5617635053746,-4.905098887060342,engine
Juno,16,328.5619990188431,-4.905018382725532,engine
Juno,17,328.5622345393303,-4.9049378788310944,engine
Juno,18,328.56247006649465,-4.904857375487674,engine
Juno,19,328.5627056004685,-4.904776872643983,engine
Juno,20,328.56294114122585,-4.904696370302682,engine
Juno,21,328.5631766887407,-4.904615868466449,engine
Juno,22,328.563412242987,-4.904535367137921,engine
Juno,23,328.56364780393824,-4.904454866319755,engine
Juno,24,328.5638833715681,-4.90437436601457,engine
Juno,25,328.56411894585,-4.904293866224995,engine
Juno,26,328.5643545267572,-4.904213366953646,engine
Juno,27,328.5645901142628,-4.904132868203123,engine
Juno,28,328.56482570833987,-4.904052369976015,engine
Juno,29,328.5650613091192,-4.903971872220935,engine
Juno,30,328.5652969162575,-4.9038913750484046,engine
Jupiter,-30,355.8537160152001,-2.92977427640393,engine
Jupiter,-20,355.85513307515174,-2.929177820892558,engine
Jupiter,-15,355.8558417818886,-2.928879599277763,engine
Jupiter,-10,355.8565506065322,-2.928581382012414,engine
Jupiter,-5,355.8572595494406,-2.928283169125808,engine
Jupiter,-2,355.8576849718465,-2.9281042436057136,engine
Jupiter,-1,355.85782678875825,-2.928044602141178,engine
Jupiter,0,355.8579686104301,-2.927984960849714,engine
Jupiter,1,355.85811043679496,-2.927925319760712,engine
Jupiter,2,355.8582522678857,-2.927865678861146,engine
Jupiter,3,355.8583941037352,-2.927806038137945,engine
Jupiter,4,355.85853594427596,-2.9277463976205222,engine
Jupiter,5,355.8586777895407,-2.927686757295819,engine
Jupiter,6,355.858819639657,-2.9276271171107875,engine
Jupiter,7,355.85896149436684,-2.9275674771748155,engine
Jupiter,8,355.8591033537977,-2.9275078374348715,engine
Jupiter,9,355.8592452179819,-2.9274481978778835,engine
Jupiter,10,355.85938708685126,-2.9273885585332584,engine
Jupiter,11,355.85952896043796,-2.927328919387951,engine
Jupiter,12,355.85967083877387,-2.927269280428894,engine
Jupiter,13,355.85981272179066,-2.9272096416854887,engine
Jupiter,14,355.8599546095534,-2.9271500031305373,engine
Jupiter,15,355.8600965019937,-2.9270903647934285,engine
Jupiter,16,355.8602383991431,-2.927030726661105,engine
Jupiter,17,355.8603803011281,-2.926971088680536,engine
Jupiter,18,355.86052220768966,-2.9269114509610787,engine
Jupiter,19,355.8606641189874,-2.926851813435542,engine
Jupiter,20,355.8608060349526,-2.926792176133327,engine
Jupiter,21,355.8609479556161,-2.9267325390413603,engine
Jupiter,22,355.8610898810089,-2.926672902146597,engine
Jupiter,23,355.86123181106177,-2.9266132654784216,engine
Jupiter,24,355.86137374583876,-2.926553629009622,engine
Jupiter,25,355.8615156852705,-2.926493992769595,engine
Jupiter,26,355.8616576293874,-2.9264343567452817,engine
Jupiter,27,355.86179957822003,-2.926374720923607,engine
Jupiter,28,355.86194153169856,-2.9263150853339677,engine
Jupiter,29,355.8620834899819,-2.9262554499091658,engine
Jupiter,30,355.86222545280964,-2.9261958147585614,engine
Ketu,-30,229.86227586750118,-18.335233947973723,engine
Ketu,-20,229.86228971430572,-18.335237432317097,engine
Ketu,-15,229.86229696904138,-18.335239257915287,engine
Ketu,-10,229.86230444432954,-18.335241139046385,engine
Ketu,-5,229.8623121399218,-18.33524307564785,engine
Ketu,-2,229.86231686291723,-18.335244264207788,engine
Ketu,-1,229.862318454845,-18.335244664824927,engine
Ketu,0,229.86232005556545,-18.335245067655958,engine
Ketu,1,229.8623216650782,-18.33524547270082,engine
Ketu,2,229.8623232833807,-18.335245879958833,engine
Ketu,3,229.86232491047127,-18.335246289429598,engine
Ketu,4,229.8623265463475,-18.335246701112492,engine
Ketu,5,229.8623281910079,-18.335247115007142,engine
Ketu,6,229.86232984445127,-18.335247531113275,engine
Ketu,7,229.86233150667334,-18.335247949429785,engine
Ketu,8,229.8623331776734,-18.33524836995649,engine
Ketu,9,229.8623348574491,-18.335248792692806,engine
Ketu,10,229.86233654599855,-18.335249217638268,engine
Ketu,11,229.86233824331987,-18.335249644792377,engine
Ketu,12,229.86233994941094,-18.33525007415464,engine
Ketu,13,229.86234166426982,-18.335250505724538,engine
Ketu,14,229.86234338789535,-18.335250939501773,engine
Ketu,15,229.86234512028352,-18.33525137548534,engine
Ketu,16,229.86234686143317,-18.335251813674958,engine
Ketu,17,229.86234861134352,-18.335252254070436,engine
Ketu,18,229.8623503700106,-18.335252696670757,engine
Ketu,19,229.862352137433,-18.335253141475565,engine
Ketu,20,229.86235391360873,-18.335253588484377,engine
Ketu,21,229.86235569853613,-18.335254037696767,engine
Ketu,22,229.86235749221305,-18.33525448911217,engine
Ketu,23,229.86235929463712,-18.335254942730014,engine
Ketu,24,229.86236110580688,-18.335255398549936,engine
Ketu,25,229.86236292571968,-18.335255856571244,engine
Ketu,26,229.86236475437408,-18.335256316793622,engine
Ketu,27,229.86236659176726,-18.33525677921629,engine
Ketu,28,229.86236843789808,-18.335257243839013,engine
Ketu,29,229.86237029276634,-18.33525771066172,engine
Ketu,30,229.86237215636527,-18.33525817968271,engine
Mars,-30,334.8746100140123,-11.940730540881795,engine
Mars,-20,334.87965829674346,-11.938900166484876,engine
Mars,-15,334.88218300747275,-11.937985004844437,engine
Mars,-10,334.88470809214715,-11.937069862567979,engine
Mars,-5,334.88723354690285,-11.936154741168728,engine
Mars,-2,334.8887489952252,-11.935605679148379,engine
Mars,-1,334.8892541736464,-11.93542266037396,engine
Mars,0,334.889759366526,-11.93523964255903,engine
Mars,1,334.8902645740139,-11.935056625644949,engine
Mars,2,334.890769795695,-11.934873609788246,engine
Mars,3,334.8912750317187,-11.93469059493022,engine
Mars,4,334.8917802820458,-11.934507581083862,engine
Mars,5,334.89228554663674,-11.934324568262143,engine
Mars,6,334.892790825979,-11.934141556283526,engine
Mars,7,334.8932961189783,-11.933958545549809,engine
Mars,8,334.8938014261214,-11.933775535879395,engine
Mars,9,334.8943067473677,-11.933592527285079,engine
Mars,10,334.89481208286463,-11.933409519707935,engine
Mars,11,334.8953174321944,-11.93322651330415,engine
Mars,12,334.8958227955039,-11.933043508014705,engine
Mars,13,334.89632817275145,-11.932860503852268,engine
Mars,14,334.89683356408324,-11.932677500757745,engine
Mars,15,334.89733896908047,-11.932494498887182,engine
Mars,16,334.8978443878889,-11.932311498181397,engine
Mars,17,334.8983498209928,-11.932128498458457,engine
Mars,18,334.8988552672947,-11.93194550011976,engine
Mars,19,334.89936072727863,-11.931762502983249,engine
Mars,20,334.8998662009007,-11.931579507061384,engine
Mars,21,334.9003716883053,-11.931396512294741,engine
Mars,22,334.9008771890717,-11.931213518839149,engine
Mars,23,334.90138270334387,-11.93103052663511,engine
Mars,24,334.90188823126505,-11.930847535623164,engine
Mars,25,334.9023937724139,-11.930664545958972,engine
Mars,26,334.90289932693344,-11.930481557582967,engine
Mars,27,334.90340489477796,-11.930298570507244,engine
Mars,28,334.90391047609006,-11.930115584672171,engine
Mars,29,334.90441607078617,-11.92993260011056,engine
Mars,30,334.90492167833014,-11.92974961700804,engine
Mercury,-30,41.37951907694454,17.765961735698095,engine
Mercury,-20,41.39135808667456,17.770646844967345,engine
Mercury,-15,41.39727757624261,17.77298849782183,engine
Mercury,-10,41.403197067484086,17.775329553555395,engine
Mercury,-5,41.40911657027214,17.77767001568449,engine
Mercury,-2,41.412668280347155,17.779074009100093,engine
Mercury,-1,41.41385218576183,17.779541959869107,engine
Mercury,0,41.41503609225197,17.780009887132117,engine
Mercury,1,41.41621999988531,17.780477790916557,engine
Mercury,2,41.417403908329185,17.78094567104943,engine
Mercury,3,41.41858781845058,17.781413527959494,engine
Mercury,4,41.41977172991594,17.781881361473882,engine
Mercury,5,41.42095564279134,17.782349171620407,engine
Mercury,6,41.42213955793627,17.782816958740632,engine
Mercury,7,41.42332347382827,17.783284722235216,engine
Mercury,8,41.42450739092605,17.783752462245427,engine
Mercury,9,41.42569131009386,17.784220179200403,engine
Mercury,10,41.42687523099563,17.78468787292789,engine
Mercury,11,41.428059153694896,17.78515554345622,engine
Mercury,12,41.42924307825478,17.78562319081382,engine
Mercury,13,41.43042700473778,17.786090815029183,engine
Mercury,14,41.43161093280646,17.786558415930486,engine
Mercury,15,41.43279486332207,17.787025993947246,engine
Mercury,16,41.43397879594619,17.787493548907808,engine
Mercury,17,41.43516273153352,17.787961081154457,engine
Mercury,18,41.4363466685568,17.78842859008915,engine
Mercury,19,41.4375306078699,17.78889607605438,engine
Mercury,20,41.43871454913273,17.78936353887889,engine
Mercury,21,41.43989849320372,17.78983097899255,engine
Mercury,22,41.44108243974188,17.790298396224237,engine
Mercury,23,41.44226638880546,17.79076579060328,engine
Mercury,24,41.44345034045218,17.791233162159074,engine
Mercury,25,41.444634294739416,17.79170051092108,engine
Mercury,26,41.44581825172401,17.792167836918882,engine
Mercury,27,41.447002211062944,17.79263513998183,engine
Mercury,28,41.44818617361114,17.793102420540187,engine
Mercury,29,41.44937013981855,17.79356967873674,engine
Mercury,30,41.450554108152474,17.79403691397476,engine
Moon,-30,231.77701741930716,-19.424560055273105,engine
Moon,-20,231.89859098857482,-19.463778356282987,engine
Moon,-15,231.95911706353604,-19.483476385203492,engine
Moon,-10,232.019463554815,-19.50323231181276,engine
Moon,-5,232.07962589467928,-19.523045003202622,engine
Moon,-2,232.11563309224974,-19.53495939383634,engine
Moon,-1,232.12762025222136,-19.538935265133727,engine
Moon,0,232.13959973596923,-19.542913324766843,engine
Moon,1,232.15157150976816,-19.54689356334444,engine
Moon,2,232.16353553994625,-19.55087597140903,engine
Moon,3,232.17549179302407,-19.554860539469196,engine
Moon,4,232.187440235609,-19.558847257965315,engine
Moon,5,232.19938083445876,-19.56283611729217,engine
Moon,6,232.21131356446136,-19.566827110472783,engine
Moon,7,232.2232383766354,-19.570820222446255,engine
Moon,8,232.23515524612833,-19.574815446136224,engine
Moon,9,232.24706414022995,-19.57881277172558,engine
Moon,10,232.25896502635888,-19.582812189360318,engine
Moon,11,232.27085787206073,-19.58681368913301,engine
Moon,12,232.2827426450203,-19.590817261078488,engine
Moon,13,232.29461931307674,-19.594822895190987,engine
Moon,14,232.3064878441464,-19.598830581400843,engine
Moon,15,232.31834820637127,-19.602840309605586,engine
Moon,16,232.33020036796364,-19.606852069639935,engine
Moon,17,232.34204430522618,-19.61086585398307,engine
Moon,18,232.35387997079593,-19.614881646996817,engine
Moon,19,232.36570751723585,-19.618899482179728,engine
Moon,20,232.37752656137812,-19.622919266912845,engine
Moon,21,232.38933724810835,-19.626941031922115,engine
Moon,22,232.40113954651278,-19.630964766745777,engine
Moon,23,232.4129334257963,-19.634990460876878,engine
Moon,24,232.42471885532055,-19.639018103762503,engine
Moon,25,232.4364958045577,-19.643047684795782,engine
Moon,26,232.44826424314948,-19.647079193315697,engine
Moon,27,232.46002414088034,-19.651112618624342,engine
Moon,28,232.47177546767432,-19.655147949961453,engine
Moon,29,232.4835182014511,-19.659185179239966,engine
Moon,30,232.49525229669237,-19.663224290195746,engine
Neptune,-30,354.8253880909882,-3.470862544311976,engine
Neptune,-20,354.82559533457527,-3.470775877957293,engine
Neptune,-15,354.82569899273886,-3.4707325449850988,engine
Neptune,-10,354.825802675777,-3.4706892122064414,engine
Neptune,-5,354.82590638419157,-3.4706458796449273,engine
Neptune,-2,354.8259686215973,-3.470619880233614,engine
Neptune,-1,354.8259893694825,-3.470611213785007,engine
Neptune,0,354.82601011841473,-3.470602547347983,engine
Neptune,1,354.82603086839504,-3.4705938809238726,engine
Neptune,2,354.826051619432,-3.4705852145109235,engine
Neptune,3,354.82607237152644,-3.470576548110464,engine
Neptune,4,354.8260931246819,-3.4705678817227987,engine
Neptune,5,354.82611387889926,-3.4705592153492595,engine
Neptune,6,354.8261346342008,-3.470550548982288,engine
Neptune,7,354.8261553905596,-3.4705418826348375,engine
Neptune,8,354.8261761479904,-3.4705332163024316,engine
Neptune,9,354.82619690650154,-3.470524549983325,engine
Neptune,10,354.82621766609384,-3.470515883678853,engine
Neptune,11,354.82623842677054,-3.4705072173893274,engine
Neptune,12,354.82625918853233,-3.4704985511160795,engine
Neptune,13,354.8262799513876,-3.4704898848573738,engine
Neptune,14,354.82630071533697,-3.470481218614544,engine
Neptune,15,354.8263214803836,-3.470472552387906,engine
Neptune,16,354.8263422465282,-3.4704638861788006,engine
Neptune,17,354.82636301379284,-3.4704552199796765,engine
Neptune,18,354.82638378215023,-3.4704465538034954,engine
Neptune,19,354.82640455161743,-3.4704378876447683,engine
Neptune,20,354.82642532219495,-3.4704292215048347,engine
Neptune,21,354.8264460938909,-3.4704205553819585,engine
Neptune,22,354.8264668667058,-3.470411889277485,engine
Neptune,23,354.82648764064265,-3.470403223191735,engine
Neptune,24,354.8265084157018,-3.4703945571260544,engine
Neptune,25,354.8265291918913,-3.47038589107871,engine
Neptune,26,354.82654996921167,-3.47037722505105,engine
Neptune,27,354.82657074766564,-3.4703685590433975,engine
Neptune,28,354.8265915272562,-3.470359893056073,engine
Neptune,29,354.82661230799755,-3.4703512270846177,engine
Neptune,30,354.8266330898697,-3.470342561138925,engine
Pallas,-30,27.999682023211744,-3.646216577935456,engine
Pallas,-20,28.002550642666737,-3.6456899131031717,engine
Pallas,-15,28.00398522364407,-3.645426584220688,engine
Pallas,-10,28.005419988284288,-3.645163258051711,engine
Pallas,-5,28.006854939240018,-3.644899934769027,engine
Pallas,-2,28.007715999821325,-3.644741942310346,engine
Pallas,-1,28.008003035119348,-3.644689278415459,engine
Pallas,0,28.008290078084297,-3.644636614663084,engine
Pallas,1,28.00857712858134,-3.644583951037491,engine
Pallas,2,28.008864186777014,-3.6445312875582756,engine
Pallas,3,28.009151252536224,-3.6444786242097207,engine
Pallas,4,28.009438325949827,-3.644425961002592,engine
Pallas,5,28.00972540710855,-3.6443732979476784,engine
Pallas,6,28.010012496069436,-3.644320634993953,engine
Pallas,7,28.010299592613233,-3.6442679722316567,engine
Pallas,8,28.01058669679669,-3.6442153096097805,engine
Pallas,9,28.010873808710002,-3.6441626471391135,engine
Pallas,10,28.011160928443164,-3.6441099848304614,engine
Pallas,11,28.011448055860004,-3.64405732266813,engine
Pallas,12,28.011735191125624,-3.644004660671756,engine
Pallas,13,28.012022334103552,-3.643951998825665,engine
Pallas,14,28.012309484883275,-3.643899337140664,engine
Pallas,15,28.01259664355409,-3.6438466756275782,engine
Pallas,16,28.012883809979105,-3.6437940142707257,engine
Pallas,17,28.01317098451531,-3.6437413530544607,engine
Pallas,18,28.013458166640376,-3.6436886920337463,engine
Pallas,19,28.01374535663565,-3.643636031184099,engine
Pallas,20,28.01403255458973,-3.6435833705163563,engine
Pallas,21,28.014319760365016,-3.6435307100148684,engine
Pallas,22,28.014606974125186,-3.6434780496993073,engine
Pallas,23,28.01489419573237,-3.643425389554028,engine
Pallas,24,28.01518142527459,-3.6433727295898835,engine
Pallas,25,28.01546866283977,-3.6433200698177233,engine
Pallas,26,28.01575590828957,-3.643267410221924,engine
Pallas,27,28.01604316178698,-3.643214750822164,engine
Pallas,28,28.016330423193363,-3.643162091602823,engine
Pallas,29,28.016617692788675,-3.643109432539456,engine
Pallas,30,28.01690497027487,-3.6430567737135564,engine
Pluto,-30,300.78760689272656,-22.402590114033174,engine
Pluto,-20,300.78765043596763,-22.402597973213908,engine
Pluto,-15,300.787672252249,-22.40260190842621,engine
Pluto,-10,300.7876940980773,-22.402605847752035,engine
Pluto,-5,300.78771597327705,-22.40260979146609,engine
Pluto,-2,300.787729112409,-22.402612159913463,engine
Pluto,-1,300.7877334944431,-22.40261294977861,engine
Pluto,0,300.78773787763674,-22.402613739838777,engine
Pluto,1,300.7877422619907,-22.40261453009635,engine
Pluto,2,300.78774664749807,-22.402615320553025,engine
Pluto,3,300.78775103416194,-22.40261611121139,engine
Pluto,4,300.78775542197553,-22.40261690207316,engine
Pluto,5,300.7877598109418,-22.40261769314091,engine
Pluto,6,300.78776420105686,-22.402618484416884,engine
Pluto,7,300.7877685923178,-22.40261927590258,engine
Pluto,8,300.7877729847205,-22.40262006760024,engine
Pluto,9,300.78777737826806,-22.402620859512428,engine
Pluto,10,300.7877817729533,-22.40262165164082,engine
Pluto,11,300.7877861687792,-22.402622443988005,engine
Pluto,12,300.78779056573865,-22.402623236555648,engine
Pluto,13,300.78779496383453,-22.4026240293463,engine
Pluto,14,300.7877993630596,-22.40262482236164,engine
Pluto,15,300.7878037634167,-22.402625615604236,engine
Pluto,16,300.78780816489876,-22.402626409075744,engine
Pluto,17,300.7878125675113,-22.402627202779236,engine
Pluto,18,300.7878169712413,-22.402627996715317,engine
Pluto,19,300.7878213760943,-22.402628790887047,engine
Pluto,20,300.78782578206307,-22.40262958529609,engine
Pluto,21,300.7878301891502,-22.40263037994496,engine
Pluto,22,300.78783459734836,-22.402631174835324,engine
Pluto,23,300.78783900666014,-22.402631969969697,engine
Pluto,24,300.7878434170781,-22.40263276534972,engine
Pluto,25,300.78784782860487,-22.40263356097789,engine
Pluto,26,300.7878522412328,-22.402634356855856,engine
Pluto,27,300.78785665496457,-22.40263515298612,engine
Pluto,28,300.78786106979516,-22.402635949370534,engine
Pluto,29,300.78786548572236,-22.402636746011463,engine
Pluto,30,300.78786990274267,-22.402637542910337,engine
Rahu,-30,49.86227586750119,18.335233947973723,engine
Rahu,-20,49.86228971430572,18.335237432317097,engine
Rahu,-15,49.862296969041395,18.335239257915287,engine
Rahu,-10,49.86230444432955,18.335241139046385,engine
Rahu,-5,49.8623121399218,18.33524307564785,engine
Rahu,-2,49.86231686291721,18.335244264207788,engine
Rahu,-1,49.862318454844996,18.335244664824927,engine
Rahu,0,49.862320055565455,18.335245067655958,engine
Rahu,1,49.86232166507821,18.33524547270082,engine
Rahu,2,49.86232328338071,18.335245879958833,engine
Rahu,3,49.86232491047128,18.335246289429598,engine
Rahu,4,49.86232654634752,18.335246701112492,engine
Rahu,5,49.86232819100788,18.335247115007142,engine
Rahu,6,49.862329844451274,18.335247531113275,engine
Rahu,7,49.86233150667335,18.335247949429785,engine
Rahu,8,49.86233317767341,18.33524836995649,engine
Rahu,9,49.86233485744909,18.335248792692806,engine
Rahu,10,49.862336545998545,18.335249217638268,engine
Rahu,11,49.86233824331986,18.335249644792377,engine
Rahu,12,49.86233994941094,18.33525007415464,engine
Rahu,13,49.862341664269806,18.335250505724538,engine
Rahu,14,49.86234338789536,18.335250939501773,engine
Rahu,15,49.862345120283514,18.33525137548534,engine
Rahu,16,49.86234686143317,18.335251813674958,engine
Rahu,17,49.86234861134352,18.335252254070436,engine
Rahu,18,49.862350370010596,18.335252696670757,engine
Rahu,19,49.86235213743298,18.335253141475565,engine
Rahu,20,49.86235391360874,18.335253588484377,engine
Rahu,21,49.86235569853615,18.335254037696767,engine
Rahu,22,49.862357492213064,18.33525448911217,engine
Rahu,23,49.862359294637116,18.335254942730014,engine
Rahu,24,49.86236110580687,18.335255398549936,engine
Rahu,25,49.86236292571967,18.335255856571244,engine
Rahu,26,49.862364754374084,18.335256316793622,engine
Rahu,27,49.86236659176726,18.33525677921629,engine
Rahu,28,49.86236843789809,18.335257243839013,engine
Rahu,29,49.86237029276636,18.33525771066172,engine
Rahu,30,49.862372156365275,18.33525817968271,engine
Regulus,-30,152.0943365648963,11.966206850610687,engine
Regulus,-20,152.09433814828463,11.966207308230505,engine
Regulus,-15,152.09433891888855,11.966207543990464,engine
Regulus,-10,152.09433967476363,11.966207784299007,engine
Regulus,-5,152.0943404154173,11.966208029089916,engine
Regulus,-2,152.09434085230095,11.966208178087577,engine
Regulus,-1,152.09434099665427,11.966208228103975,engine
Regulus,0,152.09434114036404,11.966208278294689,engine
Regulus,1,152.09434128342636,11.966208328659137,engine
Regulus,2,152.09434142583748,11.966208379196761,engine
Regulus,3,152.09434156759363,11.966208429906965,engine
Regulus,4,152.09434170869105,11.966208480789184,engine
Regulus,5,152.09434184912595,11.966208531842819,engine
Regulus,6,152.09434198889477,11.966208583067338,engine
Regulus,7,152.09434212799354,11.966208634462053,engine
Regulus,8,152.0943422664186,11.966208686026434,engine
Regulus,9,152.09434240416635,11.966208737759864,engine
Regulus,10,152.09434254123306,11.966208789661746,engine
Regulus,11,152.09434267761506,11.966208841731474,engine
Regulus,12,152.09434281330866,11.966208893968455,engine
Regulus,13,152.0943429483103,11.96620894637207,engine
Regulus,14,152.09434308261623,11.966208998941694,engine
Regulus,15,152.09434321622294,11.966209051676726,engine
Regulus,16,152.09434334912675,11.966209104576537,engine
Regulus,17,152.09434348132422,11.966209157640549,engine
Regulus,18,152.0943436128115,11.966209210868058,engine
Regulus,19,152.09434374358523,11.966209264258481,engine
Regulus,20,152.09434387364175,11.96620931781116,engine
Regulus,21,152.09434400297758,11.966209371525492,engine
Regulus,22,152.09434413158925,11.96620942540082,engine
Regulus,23,152.0943442594731,11.966209479436507,engine
Regulus,24,152.09434438662578,11.966209533631902,engine
Regulus,25,152.09434451304375,11.966209587986366,engine
Regulus,26,152.09434463872353,11.966209642499246,engine
Regulus,27,152.09434476366167,11.966209697169884,engine
Regulus,28,152.09434488785476,11.966209751997633,engine
Regulus,29,152.09434501129942,11.966209806981853,engine
Regulus,30,152.0943451339921,11.966209862121831,engine
Saturn,-30,325.8532453398616,-14.72210949603061,engine
Saturn,-20,325.8537387350907,-14.721961391621953,engine
Saturn,-15,325.8539855222647,-14.721887355378456,engine
Saturn,-10,325.85423236842945,-14.72181333031061,engine
Saturn,-5,325.85447927307246,-14.72173931679549,engine
Saturn,-2,325.854627443641,-14.721694914405495,engine
Saturn,-1,325.8546768384441,-14.721680114576772,engine
Saturn,0,325.85472623552715,-14.721665315242609,engine
Saturn,1,325.8547756348987,-14.721650516402006,engine
Saturn,2,325.85482503656726,-14.721635718053948,engine
Saturn,3,325.85487444050005,-14.721620920209677,engine
Saturn,4,325.8549238467192,-14.721606122864088,engine
Saturn,5,325.85497325519174,-14.721591326028397,engine
Saturn,6,325.8550226659729,-14.721576529687571,engine
Saturn,7,325.8550720789634,-14.721561733872676,engine
Saturn,8,325.85512149421834,-14.721546938568647,engine
Saturn,9,325.8551709117044,-14.721532143786693,engine
Saturn,10,325.8552203314299,-14.721517349525746,engine
Saturn,11,325.85526975340264,-14.72150255578476,engine
Saturn,12,325.8553191775895,-14.72148776257491,engine
Saturn,13,325.85536860401197,-14.721472969891035,engine
Saturn,14,325.8554180326367,-14.7214581777443,engine
Saturn,15,325.85546746348535,-14.721443386129542,engine
Saturn,16,325.85551689652425,-14.721428595057906,engine
Saturn,17,325.8555663318081,-14.721413804514306,engine
Saturn,18,325.85561576923686,-14.72139901452971,engine
Saturn,19,325.85566520886516,-14.721384225088995,engine
Saturn,20,325.8557146506592,-14.721369436203323,engine
Saturn,21,325.8557640946403,-14.721354647867434,engine
Saturn,22,325.8558135407881,-14.721339860088412,engine
Saturn,23,325.8558629890828,-14.721325072873237,engine
Saturn,24,325.8559124395453,-14.72131028621671,engine
Saturn,25,325.8559618921417,-14.7212955001299,engine
Saturn,26,325.85601134689284,-14.72128071460759,engine
Saturn,27,325.8560608037647,-14.721265929660843,engine
Saturn,28,325.85611026277815,-14.721251145284402,engine
Saturn,29,325.85615972393214,-14.721236361479425,engine
Saturn,30,325.8562091871811,-14.721221578260463,engine
Sun,-30,26.301384653274095,10.871307504877757,engine
Sun,-20,26.307810622822927,10.873715170891794,engine
Sun,-15,26.311024636047858,10.874918862241266,engine
Sun,-10,26.31423934312132,10.87612246256037,engine
Sun,-5,26.31745475109714,10.877325974922991,engine
Sun,-2,26.319384334304686,10.878048041101172,engine
Sun,-1,26.32002758542632,10.878288723104147,engine
Sun,0,26.320670864980823,10.878529401782894,engine
Sun,1,26.32131417301173,10.87877007716,engine
Sun,2,26.321957509561706,10.879010749257938,engine
Sun,3,26.322600874672926,10.879251418099251,engine
Sun,4,26.323244268386933,10.879492083706474,engine
Sun,5,26.323887690745273,10.87973274610235,engine
Sun,6,26.32453114221987,10.879973405470862,engine
Sun,7,26.32517462198787,10.880214061511944,engine
Sun,8,26.32581813052018,10.880454714409638,engine
Sun,9,26.326461667856194,10.880695364186836,engine
Sun,10,26.327105234034217,10.880936010866275,engine
Sun,11,26.327748829092247,10.881176654470755,engine
Sun,12,26.328392453067767,10.881417295023184,engine
Sun,13,26.329036105997435,10.881657932546336,engine
Sun,14,26.329679787918074,10.881898567063315,engine
Sun,15,26.330323498865248,10.882139198596962,engine
Sun,16,26.330967238874315,10.882379827170297,engine
Sun,17,26.331611008411564,10.882620452967606,engine
Sun,18,26.332254806648173,10.882861075689355,engine
Sun,19,26.332898634049343,10.883101695519908,engine
Sun,20,26.333542490648217,10.883342312482363,engine
Sun,21,26.334186376477376,10.883582926599862,engine
Sun,22,26.334830291568757,10.883823537895493,engine
Sun,23,26.335474235954216,10.884064146392573,engine
Sun,24,26.336118209664537,10.884304752114238,engine
Sun,25,26.336762212730186,10.884545355083732,engine
Sun,26,26.33740624518101,10.884785955324324,engine
Sun,27,26.338050307046252,10.885026552859248,engine
Sun,28,26.338694398354992,10.885267147711929,engine
Sun,29,26.3393385195673,10.88550774006698,engine
Sun,30,26.339982669847032,10.8857483296251,engine
Uranus,-30,41.193760142780576,15.553737579195424,engine
Uranus,-20,41.19414191909925,15.553855390373604,engine
Uranus,-15,41.19433282889392,15.553914279513254,engine
Uranus,-10,41.19452375436567,15.553973157775296,engine
Uranus,-5,41.19471469650777,15.554032025251741,engine
Uranus,-2,41.19482927016678,15.554067340588967,engine
Uranus,-1,41.19486746282592,15.55407911151371,engine
Uranus,0,41.19490565622373,15.55409088201454,engine
Uranus,1,41.194943850358015,15.554102652089139,engine
Uranus,2,41.19498204524595,15.554114421741307,engine
Uranus,3,41.19502024088526,15.554126190968725,engine
Uranus,4,41.19505843729311,15.554137959775243,engine
Uranus,5,41.1950966344672,15.554149728158551,engine
Uranus,6,41.19513483245028,15.554161496130382,engine
Uranus,7,41.19517303118883,15.554173263672686,engine
Uranus,8,41.19521123072555,15.554185030797209,engine
Uranus,9,41.195249431058095,15.554196797501696,engine
Uranus,10,41.19528763220353,15.554208563790027,engine
Uranus,11,41.195325834159526,15.554220329659952,engine
Uranus,12,41.19536403694309,15.55423209511536,engine
Uranus,13,41.195402240551864,15.554243860154038,engine
Uranus,14,41.19544044500285,15.554255624779888,engine
Uranus,15,41.19547865029363,15.55426738899071,engine
Uranus,16,41.1955168564412,15.55427915279041,engine
Uranus,17,41.19555506346873,15.554290916184701,engine
Uranus,18,41.19559327133706,15.554302679160225,engine
Uranus,19,41.195631480083954,15.554314441727266,engine
Uranus,20,41.19566968970687,15.554326203883676,engine
Uranus,21,41.19570790022273,15.554337965633406,engine
Uranus,22,41.195746111629035,15.55434972697432,engine
Uranus,23,41.19578432394266,15.554361487910393,engine
Uranus,24,41.19582253716106,15.554373248439495,engine
Uranus,25,41.19586075130107,15.554385008565616,engine
Uranus,26,41.19589896636009,15.554396768286649,engine
Uranus,27,41.19593718235501,15.554408527606611,engine
Uranus,28,41.19597539928314,15.554420286523394,engine
Uranus,29,41.19601361718696,15.554432045048902,engine
Uranus,30,41.19605183601252,15.5544438031653,engine
Venus,-30,345.43078881915767,-6.8572645376623855,engine
Venus,-20,345.4381625074021,-6.854728300625841,engine
Venus,-15,345.4418505133335,-6.853460141431969,engine
Venus,-10,345.44553928628676,-6.852191957933904,engine
Venus,-5,345.44922882180344,-6.850923751680257,engine
Venus,-2,345.4514429060125,-6.8501628180098075,engine
Venus,-1,345.4521809942279,-6.849909171892887,engine
Venus,0,345.4529191126326,-6.849655524978753,engine
Venus,1,345.45365726102415,-6.849401877314165,engine
Venus,2,345.45439543919923,-6.8491482289458485,engine
Venus,3,345.45513364740697,-6.848894579825361,engine
Venus,4,345.45587188544306,-6.848640929999359,engine
Venus,5,345.4566101531024,-6.848387279514487,engine
Venus,6,345.45734845112776,-6.848133628152105,engine
Venus,7,345.45808677832287,-6.847879976298972,engine
Venus,8,345.45882513497605,-6.847626323831563,engine
Venus,9,345.45956352133317,-6.8473726707011995,engine
Venus,10,345.46030193718656,-6.8471190169544105,engine
Venus,11,345.4610403823277,-6.846865362637642,engine
Venus,12,345.461778857001,-6.846611707702129,engine
Venus,13,345.46251736099674,-6.846358052194302,engine
Venus,14,345.46325589410515,-6.8461043961605155,engine
Venus,15,345.4639944565685,-6.845850739551898,engine
Venus,16,345.46473304817596,-6.845597082414777,engine
Venus,17,345.46547166936193,-6.845343424593578,engine
Venus,18,345.4662103189237,-6.84508976647478,engine
Venus,19,345.46694899759694,-6.844836107839236,engine
Venus,20,345.46768770516826,-6.844582448733146,engine
Venus,21,345.46842644142373,-6.844328789202668,engine
Venus,22,345.46916520660216,-6.844075129198666,engine
Venus,23,345.46990400048844,-6.843821468767223,engine
Venus,24,345.47064282301824,-6.843567807922642,engine
Venus,25,345.47138167397543,-6.843314146710963,engine
Venus,26,345.47212055359654,-6.843060485082884,engine
Venus,27,345.4728594616645,-6.842806823084348,engine
Venus,28,345.47359839811253,-6.842553160729535,engine
Venus,29,345.474337363218,-6.842299497894231,engine
Venus,30,345.47507635622435,-6.842045834869174,engine
Vesta,-30,319.8808972580101,-16.559506157659715,engine
Vesta,-20,319.88381708706993,-16.558913459663223,engine
Vesta,-15,319.8852773393708,-16.558617201478253,engine
Vesta,-10,319.8867378106439,-16.55832100587492,engine
Vesta,-5,319.88819849641595,-16.558024874272053,engine
Vesta,-2,319.8890750086369,-16.557847226672713,engine
Vesta,-1,319.8893671958647,-16.557788016113157,engine
Vesta,0,319.88965939143844,-16.557728808197087,engine
Vesta,1,319.8899515950651,-16.557669602979015,engine
Vesta,2,319.8902438069572,-16.557610400426885,engine
Vesta,3,319.8905360269477,-16.55755120057347,engine
Vesta,4,319.8908282548695,-16.557492003451546,engine
Vesta,5,319.8911204909348,-16.557432809028878,engine
Vesta,6,319.89141273517185,-16.55737361729843,engine
Vesta,7,319.89170498702106,-16.55731442837218,engine
Vesta,8,319.89199724689,-16.557255242178083,engine
Vesta,9,319.89228951448405,-16.557196058770266,engine
Vesta,10,319.8925817900145,-16.557136878116275,engine
Vesta,11,319.89287407331295,-16.55707770024851,engine
Vesta,12,319.8931663642107,-16.557018525199318,engine
Vesta,13,319.8934586629185,-16.55695935293608,engine
Vesta,14,319.89375096926744,-16.556900183491067,engine
Vesta,15,319.8940432830883,-16.556841016896456,engine
Vesta,16,319.89433560459145,-16.55678185311949,engine
Vesta,17,319.8946279338033,-16.556722692152604,engine
Vesta,18,319.8949202702887,-16.556663534085544,engine
Vesta,19,319.8952126140739,-16.556604378910606,engine
Vesta,20,319.89550496536845,-16.55654522659486,engine
Vesta,21,319.89579732400216,-16.556486077170174,engine
Vesta,22,319.8960896898048,-16.556426930668383,engine
Vesta,23,319.8963820629853,-16.556367787056367,engine
Vesta,24,319.8966744433732,-16.556308646365864,engine
Vesta,25,319.896966830924,-16.556249508606903,engine
Vesta,26,319.8972592254668,-16.55619037381111,engine
Vesta,27,319.89755162721013,-16.556131241945153,engine
Vesta,28,319.89784403598253,-16.55607211304055,engine
Vesta,29,319.8981364519353,-16.556012987067497,engine
Vesta,30,319.8984288745045,-16.55595386413668,engine
Gonggong,-30,337.3010050438744,-11.046352817550972,tno-rate
Gonggong,-20,337.3010520603432,-11.046331837136318,tno-rate
Gonggong,-15,337.3010755685776,-11.046321346928991,tno-rate
Gonggong,-10,337.3010990768119,-11.046310856721664,tno-rate
Gonggong,-5,337.3011225850463,-11.046300366514338,tno-rate
Gonggong,-2,337.30113668998695,-11.04629407238994,tno-rate
Gonggong,-1,337.3011413916338,-11.046291974348476,tno-rate
Gonggong,0,337.3011460932807,-11.04628987630701,tno-rate
Gonggong,1,337.3011507949276,-11.046287778265546,tno-rate
Gonggong,2,337.30115549657444,-11.04628568022408,tno-rate
Gonggong,3,337.30116019822134,-11.046283582182614,tno-rate
Gonggong,4,337.3011648998682,-11.046281484141149,tno-rate
Gonggong,5,337.3011696015151,-11.046279386099684,tno-rate
Gonggong,6,337.30117430316193,-11.046277288058219,tno-rate
Gonggong,7,337.30117900480883,-11.046275190016754,tno-rate
Gonggong,8,337.3011837064557,-11.046273091975287,tno-rate
Gonggong,9,337.3011884081026,-11.046270993933822,tno-rate
Gonggong,10,337.3011931097495,-11.046268895892357,tno-rate
Gonggong,11,337.3011978113963,-11.046266797850892,tno-rate
Gonggong,12,337.3012025130432,-11.046264699809427,tno-rate
Gonggong,13,337.30120721469007,-11.04626260176796,tno-rate
Gonggong,14,337.30121191633697,-11.046260503726495,tno-rate
Gonggong,15,337.3012166179838,-11.04625840568503,tno-rate
Gonggong,16,337.3012213196307,-11.046256307643565,tno-rate
Gonggong,17,337.30122602127756,-11.0462542096021,tno-rate
Gonggong,18,337.30123072292446,-11.046252111560634,tno-rate
Gonggong,19,337.3012354245713,-11.046250013519169,tno-rate
Gonggong,20,337.3012401262182,-11.046247915477704,tno-rate
Gonggong,21,337.3012448278651,-11.046245817436239,tno-rate
Gonggong,22,337.30124952951195,-11.046243719394774,tno-rate
Gonggong,23,337.30125423115885,-11.046241621353307,tno-rate
Gonggong,24,337.3012589328057,-11.046239523311842,tno-rate
Gonggong,25,337.3012636344526,-11.046237425270377,tno-rate
Gonggong,26,337.30126833609944,-11.046235327228912,tno-rate
Gonggong,27,337.30127303774634,-11.046233229187447,tno-rate
Gonggong,28,337.3012777393932,-11.04623113114598,tno-rate
Gonggong,29,337.3012824410401,-11.046229033104515,tno-rate
Gonggong,30,337.301287142687,-11.04622693506305,tno-rate
Haumea,-30,216.85564967880458,15.879252820373335,tno-rate
Haumea,-20,216.8555367357389,15.879298636781632,tno-rate
Haumea,-15,216.85548026420605,15.879321544985782,tno-rate
Haumea,-10,216.85542379267318,15.879344453189931,tno-rate
Haumea,-5,216.85536732114033,15.879367361394081,tno-rate
Haumea,-2,216.85533343822064,15.87938110631657,tno-rate
Haumea,-1,216.85532214391407,15.8793856879574,tno-rate
Haumea,0,216.8553108496075,15.87939026959823,tno-rate
Haumea,1,216.85529955530092,15.879394851239061,tno-rate
Haumea,2,216.85528826099434,15.879399432879891,tno-rate
Haumea,3,216.85527696668777,15.87940401452072,tno-rate
Haumea,4,216.85526567238122,15.87940859616155,tno-rate
Haumea,5,216.85525437807465,15.87941317780238,tno-rate
Haumea,6,216.85524308376807,15.87941775944321,tno-rate
Haumea,7,216.8552317894615,15.87942234108404,tno-rate
Haumea,8,216.85522049515492,15.87942692272487,tno-rate
Haumea,9,216.85520920084835,15.8794315043657,tno-rate
Haumea,10,216.8551979065418,15.87943608600653,tno-rate
Haumea,11,216.85518661223523,15.87944066764736,tno-rate
Haumea,12,216.85517531792865,15.879445249288189,tno-rate
Haumea,13,216.85516402362208,15.879449830929019,tno-rate
Haumea,14,216.8551527293155,15.87945441256985,tno-rate
Haumea,15,216.85514143500893,15.87945899421068,tno-rate
Haumea,16,216.85513014070239,15.87946357585151,tno-rate
Haumea,17,216.8551188463958,15.879468157492338,tno-rate
Haumea,18,216.85510755208924,15.879472739133169,tno-rate
Haumea,19,216.85509625778266,15.879477320773999,tno-rate
Haumea,20,216.8550849634761,15.87948190241483,tno-rate
Haumea,21,216.8550736691695,15.879486484055658,tno-rate
Haumea,22,216.85506237486297,15.879491065696488,tno-rate
Haumea,23,216.8550510805564,15.879495647337318,tno-rate
Haumea,24,216.85503978624982,15.879500228978149,tno-rate
Haumea,25,216.85502849194324,15.879504810618979,tno-rate
Haumea,26,216.85501719763667,15.879509392259807,tno-rate
Haumea,27,216.8550059033301,15.879513973900638,tno-rate
Haumea,28,216.85499460902355,15.879518555541468,tno-rate
Haumea,29,216.85498331471697,15.879523137182298,tno-rate
Haumea,30,216.8549720204104,15.879527718823127,tno-rate
Makemake,-30,198.29181125917006,23.014788872105374,tno-rate
Makemake,-20,198.29169789723053,23.01481365920774,tno-rate
Makemake,-15,198.29164121626079,23.01482605275892,tno-rate
Makemake,-10,198.29158453529104,23.014838446310105,tno-rate
Makemake,-5,198.29152785432126,23.014850839861285,tno-rate
Makemake,-2,198.2914938457394,23.014858275991998,tno-rate
Makemake,-1,198.29148250954546,23.014860754702234,tno-rate
Makemake,0,198.2914711733515,23.01486323341247,tno-rate
Makemake,1,198.29145983715756,23.014865712122706,tno-rate
Makemake,2,198.2914485009636,23.014868190832942,tno-rate
Makemake,3,198.29143716476966,23.01487066954318,tno-rate
Makemake,4,198.2914258285757,23.014873148253415,tno-rate
Makemake,5,198.29141449238176,23.014875626963654,tno-rate
Makemake,6,198.2914031561878,23.01487810567389,tno-rate
Makemake,7,198.29139181999386,23.014880584384127,tno-rate
Makemake,8,198.2913804837999,23.014883063094363,tno-rate
Makemake,9,198.29136914760593,23.0148855418046,tno-rate
Makemake,10,198.29135781141198,23.014888020514835,tno-rate
Makemake,11,198.29134647521803,23.01489049922507,tno-rate
Makemake,12,198.29133513902408,23.014892977935308,tno-rate
Makemake,13,198.29132380283014,23.014895456645544,tno-rate
Makemake,14,198.29131246663619,23.01489793535578,tno-rate
Makemake,15,198.29130113044224,23.01490041406602,tno-rate
Makemake,16,198.29128979424829,23.014902892776256,tno-rate
Makemake,17,198.29127845805434,23.014905371486492,tno-rate
Makemake,18,198.2912671218604,23.014907850196728,tno-rate
Makemake,19,198.29125578566644,23.014910328906964,tno-rate
Makemake,20,198.2912444494725,23.0149128076172,tno-rate
Makemake,21,198.29123311327854,23.014915286327437,tno-rate
Makemake,22,198.2912217770846,23.014917765037673,tno-rate
Makemake,23,198.29121044089064,23.01492024374791,tno-rate
Makemake,24,198.2911991046967,23.014922722458145,tno-rate
Makemake,25,198.2911877685027,23.014925201168385,tno-rate
Makemake,26,198.29117643230876,23.01492767987862,tno-rate
Makemake,27,198.2911650961148,23.014930158588857,tno-rate
Makemake,28,198.29115375992086,23.014932637299093,tno-rate
Makemake,29,198.2911424237269,23.01493511600933,tno-rate
Makemake,30,198.29113108753296,23.014937594719566,tno-rate
Orcus,-30,155.81592963551267,-11.646302396222566,tno-rate
Orcus,-20,155.81586555648582,-11.646239977606207,tno-rate
Orcus,-15,155.8158335169724,-11.646208768298028,tno-rate
Orcus,-10,155.81580147745896,-11.64617755898985,tno-rate
Orcus,-5,155.81576943794553,-11.64614634968167,tno-rate
Orcus,-2,155.81575021423748,-11.646127624096762,tno-rate
Orcus,-1,155.81574380633478,-11.646121382235126,tno-rate
Orcus,0,155.8157373984321,-11.64611514037349,tno-rate
Orcus,1,155.81573099052943,-11.646108898511855,tno-rate
Orcus,2,155.81572458262673,-11.64610265665022,tno-rate
Orcus,3,155.81571817472405,-11.646096414788584,tno-rate
Orcus,4,155.81571176682135,-11.646090172926947,tno-rate
Orcus,5,155.81570535891868,-11.646083931065311,tno-rate
Orcus,6,155.815698951016,-11.646077689203675,tno-rate
Orcus,7,155.8156925431133,-11.64607144734204,tno-rate
Orcus,8,155.81568613521063,-11.646065205480404,tno-rate
Orcus,9,155.81567972730795,-11.646058963618769,tno-rate
Orcus,10,155.81567331940525,-11.646052721757131,tno-rate
Orcus,11,155.81566691150257,-11.646046479895496,tno-rate
Orcus,12,155.81566050359987,-11.64604023803386,tno-rate
Orcus,13,155.8156540956972,-11.646033996172225,tno-rate
Orcus,14,155.81564768779452,-11.64602775431059,tno-rate
Orcus,15,155.81564127989182,-11.646021512448954,tno-rate
Orcus,16,155.81563487198915,-11.646015270587318,tno-rate
Orcus,17,155.81562846408644,-11.64600902872568,tno-rate
Orcus,18,155.81562205618377,-11.646002786864045,tno-rate
Orcus,19,155.8156156482811,-11.64599654500241,tno-rate
Orcus,20,155.8156092403784,-11.645990303140774,tno-rate
Orcus,21,155.81560283247572,-11.645984061279139,tno-rate
Orcus,22,155.81559642457302,-11.645977819417503,tno-rate
Orcus,23,155.81559001667034,-11.645971577555866,tno-rate
Orcus,24,155.81558360876767,-11.64596533569423,tno-rate
Orcus,25,155.81557720086496,-11.645959093832595,tno-rate
Orcus,26,155.8155707929623,-11.645952851970959,tno-rate
Orcus,27,155.81556438505962,-11.645946610109323,tno-rate
Orcus,28,155.8155579771569,-11.645940368247688,tno-rate
Orcus,29,155.81555156925424,-11.645934126386052,tno-rate
Orcus,30,155.81554516135154,-11.645927884524415,tno-rate
Quaoar,-30,277.2424249162135,-15.214445891213135,tno-rate
Quaoar,-20,277.24239394242557,-15.214425562542283,tno-rate
Quaoar,-15,277.24237845553154,-15.214415398206858,tno-rate
Quaoar,-10,277.24236296863756,-15.214405233871432,tno-rate
Quaoar,-5,277.2423474817436,-15.214395069536007,tno-rate
Quaoar,-2,277.2423381896072,-15.21438897093475,tno-rate
Quaoar,-1,277.2423350922284,-15.214386938067666,tno-rate
Quaoar,0,277.2423319948496,-15.21438490520058,tno-rate
Quaoar,1,277.2423288974708,-15.214382872333495,tno-rate
Quaoar,2,277.24232580009203,-15.21438083946641,tno-rate
Quaoar,3,277.24232270271324,-15.214378806599324,tno-rate
Quaoar,4,277.24231960533444,-15.214376773732239,tno-rate
Quaoar,5,277.24231650795565,-15.214374740865154,tno-rate
Quaoar,6,277.24231341057686,-15.21437270799807,tno-rate
Quaoar,7,277.24231031319806,-15.214370675130985,tno-rate
Quaoar,8,277.24230721581927,-15.2143686422639,tno-rate
Quaoar,9,277.2423041184405,-15.214366609396814,tno-rate
Quaoar,10,277.2423010210617,-15.214364576529729,tno-rate
Quaoar,11,277.2422979236829,-15.214362543662643,tno-rate
Quaoar,12,277.2422948263041,-15.214360510795558,tno-rate
Quaoar,13,277.2422917289253,-15.214358477928473,tno-rate
Quaoar,14,277.2422886315465,-15.214356445061387,tno-rate
Quaoar,15,277.2422855341677,-15.214354412194302,tno-rate
Quaoar,16,277.2422824367889,-15.214352379327217,tno-rate
Quaoar,17,277.2422793394101,-15.214350346460133,tno-rate
Quaoar,18,277.2422762420313,-15.214348313593048,tno-rate
Quaoar,19,277.2422731446525,-15.214346280725962,tno-rate
Quaoar,20,277.2422700472737,-15.214344247858877,tno-rate
Quaoar,21,277.2422669498949,-15.214342214991792,tno-rate
Quaoar,22,277.2422638525161,-15.214340182124706,tno-rate
Quaoar,23,277.2422607551373,-15.214338149257621,tno-rate
Quaoar,24,277.2422576577585,-15.214336116390536,tno-rate
Quaoar,25,277.2422545603797,-15.21433408352345,tno-rate
Quaoar,26,277.2422514630009,-15.214332050656365,tno-rate
Quaoar,27,277.2422483656221,-15.214330017789282,tno-rate
Quaoar,28,277.2422452682433,-15.214327984922196,tno-rate
Quaoar,29,277.24224217086453,-15.21432595205511,tno-rate
Quaoar,30,277.24223907348573,-15.214323919188026,tno-rate
Sedna,-30,58.692884753986,8.286245214915033,tno-rate
Sedna,-20,58.69295977669975,8.28627081850571,tno-rate
Sedna,-15,58.692997288056624,8.286283620301049,tno-rate
Sedna,-10,58.693034799413496,8.286296422096388,tno-rate
Sedna,-5,58.693072310770376,8.286309223891726,tno-rate
Sedna,-2,58.693094817584495,8.28631690496893,tno-rate
Sedna,-1,58.693102319855875,8.286319465327997,tno-rate
Sedna,0,58.69310982212725,8.286322025687065,tno-rate
Sedna,1,58.69311732439862,8.286324586046133,tno-rate
Sedna,2,58.69312482667,8.2863271464052,tno-rate
Sedna,3,58.693132328941374,8.286329706764269,tno-rate
Sedna,4,58.69313983121275,8.286332267123337,tno-rate
Sedna,5,58.69314733348412,8.286334827482404,tno-rate
Sedna,6,58.6931548357555,8.286337387841472,tno-rate
Sedna,7,58.69316233802687,8.286339948200538,tno-rate
Sedna,8,58.693169840298246,8.286342508559606,tno-rate
Sedna,9,58.69317734256962,8.286345068918674,tno-rate
Sedna,10,58.693184844841,8.286347629277742,tno-rate
Sedna,11,58.69319234711237,8.28635018963681,tno-rate
Sedna,12,58.693199849383745,8.286352749995878,tno-rate
Sedna,13,58.69320735165512,8.286355310354946,tno-rate
Sedna,14,58.6932148539265,8.286357870714014,tno-rate
Sedna,15,58.69322235619787,8.286360431073081,tno-rate
Sedna,16,58.693229858469245,8.28636299143215,tno-rate
Sedna,17,58.693237360740625,8.286365551791217,tno-rate
Sedna,18,58.693244863012,8.286368112150285,tno-rate
Sedna,19,58.69325236528337,8.286370672509353,tno-rate
Sedna,20,58.693259867554744,8.28637323286842,tno-rate
Sedna,21,58.693267369826124,8.286375793227487,tno-rate
Sedna,22,58.6932748720975,8.286378353586555,tno-rate
Sedna,23,58.69328237436887,8.286380913945623,tno-rate
Sedna,24,58.69328987664024,8.28638347430469,tno-rate
Sedna,25,58.69329737891162,8.286386034663758,tno-rate
Sedna,26,58.693304881182996,8.286388595022826,tno-rate
Sedna,27,58.69331238345437,8.286391155381894,tno-rate
Sedna,28,58.69331988572574,8.286393715740962,tno-rate
Sedna,29,58.69332738799712,8.28639627610003,tno-rate
Sedna,30,58.693334890268495,8.286398836459098,tno-rate
Transpluto,-30,154.31506633818208,10.640454502842594,engine
Transpluto,-20,154.31503343704983,10.64046697872766,engine
Transpluto,-15,154.3150169886493,10.640473215840347,engine
Transpluto,-10,154.31500054169535,10.640479452398562,engine
Transpluto,-5,154.31498409618388,10.640485688403801,engine
Transpluto,-2,154.31497422957176,10.640489429740578,engine
Transpluto,-1,154.3149709408167,10.640490676808517,engine
Transpluto,0,154.31496765211932,10.640491923854295,engine
Transpluto,1,154.31496436347985,10.640493170877908,engine
Transpluto,2,154.31496107489812,10.64049441787934,engine
Transpluto,3,154.31495778637418,10.640495664858642,engine
Transpluto,4,154.31495449790802,10.640496911815772,engine
Transpluto,5,154.31495120949967,10.6404981587507,engine
Transpluto,6,154.31494792114697,10.640499405664336,engine
Transpluto,7,154.31494463285418,10.640500652554962,engine
Transpluto,8,154.31494134461929,10.6405018994234,engine
Transpluto,9,154.31493805644217,10.640503146269664,engine
Transpluto,10,154.31493476832284,10.640504393093773,engine
Transpluto,11,154.31493148026124,10.640505639895682,engine
Transpluto,12,154.31492819225755,10.640506886675436,engine
Transpluto,13,154.31492490431157,10.640508133433029,engine
Transpluto,14,154.3149216164235,10.640509380168458,engine
Transpluto,15,154.31491832859322,10.640510626881644,engine
Transpluto,16,154.3149150408207,10.640511873572716,engine
Transpluto,17,154.31491175310381,10.640513120242389,engine
Transpluto,18,154.31490846544693,10.640514366889096,engine
Transpluto,19,154.3149051778479,10.64051561351359,engine
Transpluto,20,154.3149018903066,10.640516860115921,engine
Transpluto,21,154.3148986028232,10.640518106696057,engine
Transpluto,22,154.31489531539754,10.640519353254016,engine
Transpluto,23,154.3148920280297,10.640520599789797,engine
Transpluto,24,154.31488874071968,10.640521846303379,engine
Transpluto,25,154.3148854534675,10.640523092794762,engine
Transpluto,26,154.31488216627318,10.640524339263976,engine
Transpluto,27,154.31487887913661,10.640525585710956,engine
Transpluto,28,154.31487559205786,10.640526832135794,engine
Transpluto,29,154.31487230503475,10.640528078539282,engine
Transpluto,30,154.3148690180717,10.640529324919715,engine
Part_of_Fortune,-30,26.22294289152552,-30.61952210947253,engine
Part_of_Fortune,-20,27.95785921385152,-31.362917519930757,engine
Part_of_Fortune,-15,28.82520073647322,-31.734392390990582,engine
Part_of_Fortune,-10,29.692512335455262,-32.10561218726425,engine
Part_of_Fortune,-5,30.559830163668778,-32.476497272278735,engine
Part_of_Fortune,-2,31.08023884079762,-32.6988345301491,engine
Part_of_Fortune,-1,31.25371316183896,-32.772910846544605,engine
Part_of_Fortune,0,31.427190353549122,-32.846968055349016,engine
Part_of_Fortune,1,31.60067070973014,-32.92100552318792,engine
Part_of_Fortune,2,31.774154525556582,-32.995022617523084,engine
Part_of_Fortune,3,31.947642096822733,-33.069018706308846,engine
Part_of_Fortune,4,32.12113371894395,-33.14299315758254,engine
Part_of_Fortune,5,32.29462968913987,-33.21694534040755,engine
Part_of_Fortune,6,32.46813042066617,-33.29087467354356,engine
Part_of_Fortune,7,32.641635978344425,-33.36478042755679,engine
Part_of_Fortune,8,32.81514677754046,-33.43866202268481,engine
Part_of_Fortune,9,32.988663116711166,-33.51251882960483,engine
Part_of_Fortune,10,33.162185295852964,-33.58635021996337,engine
Part_of_Fortune,11,33.33571361560655,-33.660155565984425,engine
Part_of_Fortune,12,33.50924837637672,-33.733934240090406,engine
Part_of_Fortune,13,33.68278988046876,-33.807685615836185,engine
Part_of_Fortune,14,33.85633842961079,-33.881409066865494,engine
Part_of_Fortune,15,34.029894327526506,-33.955103967986716,engine
Part_of_Fortune,16,34.20345787737915,-34.02876969412337,engine
Part_of_Fortune,17,34.3770295006716,-34.10240567074173,engine
Part_of_Fortune,18,34.55060926927456,-34.176011175342715,engine
Part_of_Fortune,19,34.72419778214913,-34.24958567588239,engine
Part_of_Fortune,20,34.89779499349538,-34.32312846772887,engine
Part_of_Fortune,21,35.071401387407604,-34.39663897086482,engine
Part_of_Fortune,22,35.24501727161885,-34.470116564336905,engine
Part_of_Fortune,23,35.418642955845485,-34.5435606284396,engine
Part_of_Fortune,24,35.5922787494232,-34.61697054369701,engine
Part_of_Fortune,25,35.7659249636867,-34.69034569189494,engine
Part_of_Fortune,26,35.93958190962644,-34.763685455064525,engine
Part_of_Fortune,27,36.11324990028851,-34.836989216537866,engine
Part_of_Fortune,28,36.28692924836821,-34.91025635990758,engine
Part_of_Fortune,29,36.46062038510047,-34.98348631918519,engine
Part_of_Fortune,30,36.63432339201211,-35.05667838136634,engine
Part_of_Spirit,-30,335.2716773594594,29.97221301082919,engine
Part_of_Spirit,-20,336.7762984823477,29.3120695344188,engine
Part_of_Spirit,-15,337.52901588149683,28.982398103898934,engine
Part_of_Spirit,-10,338.282063912068,28.653097361482004,engine
Part_of_Spirit,-5,339.0354878765045,28.324244683972495,engine
Part_of_Spirit,-2,339.4877413249076,28.127180339725925,engine
Part_of_Spirit,-1,339.63852782824887,28.061537129931143,engine
Part_of_Spirit,0,339.7893326115724,27.995917397750453,engine
Part_of_Spirit,1,339.94015603621733,27.93032175782096,engine
Part_of_Spirit,2,340.0909984647875,27.86475082381086,engine
Part_of_Spirit,3,340.24186026012046,27.79920520882805,engine
Part_of_Spirit,4,340.3927417844999,27.733685525761043,engine
Part_of_Spirit,5,340.54364340171287,27.66819238638149,engine
Part_of_Spirit,6,340.6945655761832,27.602726358343723,engine
Part_of_Spirit,7,340.8455084690494,27.537288140359614,engine
Part_of_Spirit,8,340.9964725463242,27.47187829840691,engine
Part_of_Spirit,9,341.14745817196365,27.406497442219997,engine
Part_of_Spirit,10,341.2984657112036,27.34114618048982,engine
Part_of_Spirit,11,341.44949552966966,27.275825121223107,engine
Part_of_Spirit,12,341.60054799247166,27.210534872112937,engine
Part_of_Spirit,13,341.75162346631015,27.145276039638464,engine
Part_of_Spirit,14,341.90272231715414,27.08004923006282,engine
Part_of_Spirit,15,342.0538449125145,27.014855048418383,engine
Part_of_Spirit,16,342.2049916192005,26.94969409949709,engine
Part_of_Spirit,17,342.3561629070424,26.884566943159626,engine
Part_of_Spirit,18,342.507358940979,26.81947427002963,engine
Part_of_Spirit,19,342.6585800157761,26.75441667951688,engine
Part_of_Spirit,20,342.8098268520356,26.689394691061544,engine
Part_of_Spirit,21,342.96109964414563,26.624408946179134,engine
Part_of_Spirit,22,343.1123987617308,26.559460044945634,engine
Part_of_Spirit,23,343.2637245761614,26.494548586099302,engine
Part_of_Spirit,24,343.41507745811117,26.429675168056473,engine
Part_of_Spirit,25,343.56645778003167,26.364840387864085,engine
Part_of_Spirit,26,343.7178659136895,26.300044842215524,engine
Part_of_Spirit,27,343.8693022326203,26.23528912642932,engine
Part_of_Spirit,28,344.0207671097295,26.17057383543919,engine
Part_of_Spirit,29,344.1722610213329,26.1058995194287,engine
Part_of_Spirit,30,344.32378413832146,26.04126685827535,engine
Ascendant,-30,180.74731012549245,-0.3236545493216699,engine
Ascendant,-20,182.36707884809962,-1.0254239927559796,engine
Ascendant,-15,183.17710830898503,-1.3759971435458234,engine
Ascendant,-10,183.98728812376163,-1.7262574128911239,engine
Ascendant,-5,184.79765902008663,-2.0761262941531196,engine
Ascendant,-2,185.2839900828526,-2.2858270952115882,engine
Ascendant,-1,185.4461204950439,-2.355686858306729,engine
Ascendant,0,185.60826148256075,-2.4255253287992806,engine
Ascendant,1,185.77041337297374,-2.4953418826834803,engine
Ascendant,2,185.93257649517204,-2.565135896856113,engine
Ascendant,3,186.09475117847163,-2.634906748740398,engine
Ascendant,4,186.25693775172192,-2.704653815910747,engine
Ascendant,5,186.41913654542637,-2.774376477013028,engine
Ascendant,6,186.5813479984247,-2.844074157599918,engine
Ascendant,7,186.74357222369693,-2.913746143598588,engine
Ascendant,8,186.90580966193235,-2.983391862138951,engine
Ascendant,9,187.0680606443374,-3.0530106936924164,engine
Ascendant,10,187.2303255035283,-3.1226020197367754,engine
Ascendant,11,187.3926045726381,-3.192165222380657,engine
Ascendant,12,187.5548981844242,-3.2616996839887324,engine
Ascendant,13,187.71720667338946,-3.3312047880988596,engine
Ascendant,14,187.87953037338244,-3.4006799184013383,engine
Ascendant,15,188.0418696200205,-3.470124459784166,engine
Ascendant,16,188.20422474828982,-3.5395377973131397,engine
Ascendant,17,188.366596203857,-3.6089193637910526,engine
Ascendant,18,188.52898410512677,-3.6782684526565443,engine
Ascendant,19,188.69138889896263,-3.7475844981827566,engine
Ascendant,20,188.85381092276552,-3.8168668883336636,engine
Ascendant,21,189.01625051577662,-3.8861150123428443,engine
Ascendant,22,189.1787080166748,-3.9553282596956363,engine
Ascendant,23,189.34118376600344,-4.02450602117015,engine
Ascendant,24,189.5036781037672,-4.093647687820268,engine
Ascendant,25,189.66619137185918,-4.162752652015427,engine
Ascendant,26,189.828723911658,-4.2318203064245,engine
Ascendant,27,189.99127606645442,-4.300850045054273,engine
Ascendant,28,190.15384817904885,-4.369841262234193,engine
Ascendant,29,190.31644070321667,-4.438793399878246,engine
Ascendant,30,190.47905376516678,-4.5077057615454965,engine
Midheaven,-30,91.25798618730636,23.43134686544227,engine
Midheaven,-20,93.7650174188161,23.3912561761201,engine
Midheaven,-15,95.01860887535032,23.356198329205295,engine
Midheaven,-10,96.27225027347752,23.31113172258502,engine
Midheaven,-5,97.52594153185358,23.25605646034636,engine
Midheaven,-2,98.27817982978613,23.218207360515542,engine
Midheaven,-1,98.52892984205967,23.20479037553488,engine
Midheaven,0,98.7796818032267,23.19097309571455,engine
Midheaven,1,99.03043570720588,23.17675553106323,engine
Midheaven,2,99.28119154916435,23.162137692439583,engine
Midheaven,3,99.53194932412048,23.147119591656182,engine
Midheaven,4,99.78270902554698,23.131701241596758,engine
Midheaven,5,100.03347064863212,23.115882656050854,engine
Midheaven,6,100.28423435517655,23.099663838934394,engine
Midheaven,7,100.5349998023633,23.083044828012433,engine
Midheaven,8,100.78576715309578,23.066025629581176,engine
Midheaven,9,101.03653640011211,23.04860626195618,engine
Midheaven,10,101.2873075374023,23.03078674454647,engine
Midheaven,11,101.53808055881139,23.012567097982302,engine
Midheaven,12,101.78885545664232,22.99394734425727,engine
Midheaven,13,102.03963222491736,22.97492750652705,engine
Midheaven,14,102.29041085565191,22.955507609425098,engine
Midheaven,15,102.54119134258181,22.935687678818997,engine
Midheaven,16,102.79197367743706,22.915467742139754,engine
Midheaven,17,103.04275802184043,22.8948478141666,engine
Midheaven,18,103.29354403089752,22.873827952946765,engine
Midheaven,19,103.54433186594778,22.852408176567796,engine
Midheaven,20,103.79512151815726,22.83058851855444,engine
Midheaven,21,104.04591298041575,22.808369013901242,engine
Midheaven,22,104.29670624361086,22.785749699441787,engine
Midheaven,23,104.5475013003552,22.762730613564322,engine
Midheaven,24,104.7982981412603,22.73931179659441,engine
Midheaven,25,105.04909675866418,22.715493290500202,engine
Midheaven,26,105.29989714290495,22.691275139288642,engine
Midheaven,27,105.55069928604857,22.666657388700273,engine
Midheaven,28,105.8015031781624,22.641640086619073,engine
Midheaven,29,106.0523089792286,22.61622326557892,engine
Midheaven,30,106.3031163426766,22.590407011630624,engine
Vertex,-30,2.1426088234322864,0.9282215126408566,engine
Vertex,-20,5.952917455128308,2.573888552293684,engine
Vertex,-15,7.853638300015854,3.3896004960402064,engine
Vertex,-10,9.750147796974664,4.198435382849359,engine
Vertex,-5,11.641529898160368,4.998864337118578,engine
Vertex,-2,12.773525711769913,5.474475721829247,engine
Vertex,-1,13.150343440494083,5.632170536797199,engine
Vertex,0,13.526892601130143,5.789425843791562,engine
Vertex,1,13.903166389482207,5.946230832767522,engine
Vertex,2,14.279158055579796,6.102574832467478,engine
Vertex,3,14.654860902649194,6.258447311927655,engine
Vertex,4,15.030268286070902,6.413837881901048,engine
Vertex,5,15.405373619287277,6.568736299069121,engine
Vertex,6,15.780170621145551,6.7231325694698745,engine
Vertex,7,16.154652313849457,6.877016537549776,engine
Vertex,8,16.528812533984784,7.030378510119928,engine
Vertex,9,16.902644923039837,7.183208841655799,engine
Vertex,10,17.27614318460552,7.335498041678485,engine
Vertex,11,17.649301083159784,7.487236775474304,engine
Vertex,12,18.022112442837468,7.638415864730667,engine
Vertex,13,18.39457115310039,7.789026290882222,engine
Vertex,14,18.76667116399136,7.939059194139065,engine
Vertex,15,19.13840649243584,8.08850587689882,engine
Vertex,16,19.509771217453284,8.237357802591447,engine
Vertex,17,19.880759735043668,8.385606698083095,engine
Vertex,18,20.25136575850056,8.533244155093989,engine
Vertex,19,20.62158381725118,8.680262229663336,engine
Vertex,20,20.991408256617458,8.826653042575971,engine
Vertex,21,21.360833492827652,8.97240888174875,engine
Vertex,22,21.72985400809955,9.117522200546322,engine
Vertex,23,22.09846435668292,9.261985620344888,engine
Vertex,24,22.466659159900527,9.40579192868124,engine
Vertex,25,22.834433112124927,9.54893408161426,engine
Vertex,26,23.201780975778284,9.691405201712906,engine
Vertex,27,23.56869758724253,9.833198580220476,engine
Vertex,28,23.93517785181931,9.974307674888072,engine
Vertex,29,24.301216994882992,10.114726205876053,engine
Vertex,30,24.666809575263766,10.254447777255447,engine
Algol,-30,47.035602382984294,40.95519535052668,engine
Algol,-20,47.03559978848131,40.95519615323208,engine
Algol,-15,47.035598455006166,40.95519653569907,engine
Algol,-10,47.03559709813051,40.955196905231375,engine
Algol,-5,47.03559571842924,40.9551972615786,engine
Algol,-2,47.03559487989584,40.95519746895622,engine
Algol,-1,47.0355945986277,40.95519753699879,engine
Algol,0,47.035594316489025,40.95519760449654,engine
Algol,1,47.035594033484614,40.955197671447586,engine
Algol,2,47.03559374961932,40.955197737850064,engine
Algol,3,47.035593464897964,40.95519780370211,engine
Algol,4,47.03559317932543,40.955197869001886,engine
Algol,5,47.03559289290656,40.955197933747534,engine
Algol,6,47.03559260564606,40.95519799793729,engine
Algol,7,47.03559231754923,40.955198061569234,engine
Algol,8,47.03559202862081,40.9551981246416,engine
Algol,9,47.03559173886572,40.955198187152604,engine
Algol,10,47.03559144828893,40.95519824910048,engine
Algol,11,47.03559115689538,40.9551983104834,engine
Algol,12,47.035590864690114,40.95519837129964,engine
Algol,13,47.03559057167807,40.95519843154744,engine
Algol,14,47.03559027786431,40.95519849122505,engine
Algol,15,47.03558998325385,40.95519855033074,engine
Algol,16,47.03558968785176,40.9551986088628,engine
Algol,17,47.03558939166285,40.955198666819555,engine
Algol,18,47.03558909469265,40.955198724199214,engine
Algol,19,47.03558879694603,40.95519878100016,engine
Algol,20,47.03558849842808,40.95519883722069,engine
Algol,21,47.03558819914399,40.95519889285915,engine
Algol,22,47.03558789909882,40.955198947913885,engine
Algol,23,47.03558759829776,40.95519900238324,engine
Algol,24,47.03558729674599,40.955199056265606,engine
Algol,25,47.03558699444865,40.95519910955934,engine
Algol,26,47.03558669141098,40.95519916226286,engine
Algol,27,47.03558638763815,40.955199214374545,engine
Algol,28,47.035586083135385,40.955199265892816,engine
Algol,29,47.03558577790777,40.955199316816135,engine
Algol,30,47.03558547196091,40.95519936714286,engine
Pleiades,-30,56.86618270243714,24.10404551408789,engine
Pleiades,-20,56.86618078922716,24.10404619973855,engine
Pleiades,-15,56.86617979771931,24.10404653284286,engine
Pleiades,-10,56.86617878345487,24.104046859215767,engine
Pleiades,-5,56.86617774683107,24.104047178673362,engine
Pleiades,-2,56.866177114293826,24.104047366953225,engine
Pleiades,-1,56.86617690170747,24.104047429138816,engine
Pleiades,0,56.86617668825641,24.104047491034876,engine
Pleiades,1,56.866176473944016,24.10404755264,engine
Pleiades,2,56.866176258773706,24.104047613952762,engine
Pleiades,3,56.86617604274889,24.104047674971795,engine
Pleiades,4,56.86617582587298,24.10404773569571,engine
Pleiades,5,56.86617560814947,24.10404779612308,engine
Pleiades,6,56.866175389581635,24.104047856252603,engine
Pleiades,7,56.866175170173264,24.104047916082823,engine
Pleiades,8,56.86617494992772,24.1040479756124,engine
Pleiades,9,56.866174728848506,24.104048034839984,engine
Pleiades,10,56.86617450693915,24.104048093764202,engine
Pleiades,11,56.8661742842032,24.104048152383726,engine
Pleiades,12,56.8661740606442,24.104048210697194,engine
Pleiades,13,56.86617383626576,24.104048268703274,engine
Pleiades,14,56.866173611071446,24.104048326400626,engine
Pleiades,15,56.8661733850649,24.104048383787937,engine
Pleiades,16,56.86617315824969,24.10404844086388,engine
Pleiades,17,56.86617293062936,24.104048497627165,engine
Pleiades,18,56.86617270220783,24.104048554076428,engine
Pleiades,19,56.86617247298862,24.104048610210395,engine
Pleiades,20,56.86617224297546,24.104048666027754,engine
Pleiades,21,56.86617201217199,24.104048721527235,engine
Pleiades,22,56.86617178058196,24.104048776707565,engine
Pleiades,23,56.8661715482091,24.10404883156743,engine
Pleiades,24,56.866171315057144,24.104048886105574,engine
Pleiades,25,56.86617108112986,24.10404894032074,engine
Pleiades,26,56.866170846431025,24.104048994211656,engine
Pleiades,27,56.86617061096441,24.104049047777067,engine
Pleiades,28,56.866170374733855,24.10404910101573,engine
Pleiades,29,56.866170137743,24.10404915392644,engine
Pleiades,30,56.86616989999601,24.104049206507888,engine
Capella,-30,79.16812188530731,45.99686863654755,engine
Capella,-20,79.16812032438071,45.9968701281784,engine
Capella,-15,79.16811948857806,45.99687086690988,engine
Capella,-10,79.16811861616942,45.99687160038253,engine
Capella,-5,79.16811770739156,45.99687232819759,engine
Capella,-2,79.16811714477288,45.99687276200589,engine
Capella,-1,79.168116954354,45.99687290610962,engine
Capella,0,79.16811676249914,45.99687304995857,engine
Capella,1,79.16811656921051,45.996873193549625,engine
Capella,2,79.16811637449034,45.996873336879645,engine
Capella,3,79.16811617834095,45.996873479945506,engine
Capella,4,79.16811598076464,45.99687362274407,engine
Capella,5,79.16811578176375,45.996873765272234,engine
Capella,6,79.16811558134049,45.99687390752699,engine
Capella,7,79.16811537949754,45.99687404950501,engine
Capella,8,79.16811517623718,45.99687419120331,engine
Capella,9,79.16811497156188,45.9968743326188,engine
Capella,10,79.16811476547407,45.99687447374838,engine
Capella,11,79.16811455797631,45.99687461458895,engine
Capella,12,79.16811434907106,45.99687475513747,engine
Capella,13,79.16811413876093,45.99687489539083,engine
Capella,14,79.16811392704848,45.99687503534596,engine
Capella,15,79.16811371393632,45.9968751749998,engine
Capella,16,79.1681134994271,45.99687531434932,engine
Capella,17,79.1681132835233,45.99687545339154,engine
Capella,18,79.16811306622795,45.99687559212324,engine
Capella,19,79.16811284754358,45.99687573054145,engine
Capella,20,79.16811262747295,45.99687586864316,engine
Capella,21,79.16811240601884,45.99687600642532,engine
Capella,22,79.16811218318401,45.99687614388493,engine
Capella,23,79.16811195897132,45.99687628101897,engine
Capella,24,79.16811173338361,45.99687641782442,engine
Capella,25,79.16811150642374,45.9968765542983,engine
Capella,26,79.16811127809461,45.996876690437595,engine
Capella,27,79.16811104839918,45.9968768262393,engine
Capella,28,79.16811081734038,45.99687696170047,engine
Capella,29,79.16811058492101,45.9968770968182,engine
Capella,30,79.16811035114442,45.99687723158934,engine
Sirius,-30,101.28185835113645,-16.727030595105425,engine
Sirius,-20,101.2818580698126,-16.727031113155522,engine
Sirius,-15,101.28185788811923,-16.72703137381218,engine
Sirius,-10,101.28185767897133,-16.727031635336083,engine
Sirius,-5,101.28185744231011,-16.727031897561435,engine
Sirius,-2,101.28185728708746,-16.727032055164162,engine
Sirius,-1,101.28185723314044,-16.72703210773501,engine
Sirius,0,101.28185717808996,-16.727032160321937,engine
Sirius,1,101.28185712193577,-16.72703221292361,engine
Sirius,2,101.28185706467771,-16.727032265538714,engine
Sirius,3,101.28185700631556,-16.727032318165893,engine
Sirius,4,101.2818569468492,-16.727032370803812,engine
Sirius,5,101.28185688627849,-16.72703242345117,engine
Sirius,6,101.28185682460327,-16.72703247610663,engine
Sirius,7,101.28185676182352,-16.727032528768806,engine
Sirius,8,101.28185669793918,-16.727032581436397,engine
Sirius,9,101.28185663295015,-16.727032634108063,engine
Sirius,10,101.28185656685642,-16.727032686782486,engine
Sirius,11,101.28185649965799,-16.727032739458313,engine
Sirius,12,101.28185643135487,-16.727032792134224,engine
Sirius,13,101.28185636194709,-16.727032844808875,engine
Sirius,14,101.28185629143474,-16.727032897480935,engine
Sirius,15,101.28185621981785,-16.72703295014907,engine
Sirius,16,101.28185614709655,-16.727033002811947,engine
Sirius,17,101.28185607327092,-16.72703305546826,engine
Sirius,18,101.28185599834117,-16.727033108116604,engine
Sirius,19,101.28185592230744,-16.727033160755703,engine
Sirius,20,101.2818558451699,-16.727033213384193,engine
Sirius,21,101.28185576692879,-16.727033266000767,engine
Sirius,22,101.28185568758428,-16.727033318604075,engine
Sirius,23,101.28185560713668,-16.727033371192782,engine
Sirius,24,101.2818555255862,-16.72703342376557,engine
Sirius,25,101.28185544293316,-16.727033476321086,engine
Sirius,26,101.28185535917787,-16.727033528858012,engine
Sirius,27,101.28185527432066,-16.727033581375025,engine
Sirius,28,101.28185518836189,-16.72703363387077,engine
Sirius,29,101.28185510130187,-16.72703368634397,engine
Sirius,30,101.28185501314111,-16.727033738793214,engine
Procyon,-30,114.82060358366918,5.217066028892898,engine
Procyon,-20,114.82060383903081,5.217066353161074,engine
Procyon,-15,114.82060392962197,5.217066516534418,engine
Procyon,-10,114.82060399521293,5.217066680668384,engine
Procyon,-5,114.82060403561339,5.217066845513412,engine
Procyon,-2,114.82060404768754,5.217066944740959,engine
Procyon,-1,114.82060404967638,5.217066977867828,engine
Procyon,0,114.82060405064504,5.2170670110195285,engine
Procyon,1,114.82060405059228,5.21706704419567,engine
Procyon,2,114.82060404951682,5.217067077395841,engine
Procyon,3,114.82060404741736,5.217067110619639,engine
Procyon,4,114.82060404429276,5.2170671438666645,engine
Procyon,5,114.82060404014173,5.217067177136505,engine
Procyon,6,114.82060403496311,5.21706721042878,engine
Procyon,7,114.82060402875572,5.217067243743042,engine
Procyon,8,114.82060402151842,5.217067277078909,engine
Procyon,9,114.82060401325006,5.217067310435967,engine
Procyon,10,114.82060400394954,5.217067343813817,engine
Procyon,11,114.82060399361573,5.217067377212045,engine
Procyon,12,114.82060398224762,5.2170674106302455,engine
Procyon,13,114.8206039698441,5.217067444068015,engine
Procyon,14,114.82060395640417,5.2170674775249415,engine
Procyon,15,114.82060394192679,5.2170675110006135,engine
Procyon,16,114.82060392641098,5.217067544494627,engine
Procyon,17,114.82060390985576,5.217067578006592,engine
Procyon,18,114.8206038922602,5.217067611536057,engine
Procyon,19,114.82060387362334,5.217067645082623,engine
Procyon,20,114.82060385394425,5.217067678645898,engine
Procyon,21,114.82060383322205,5.217067712225456,engine
Procyon,22,114.82060381145588,5.217067745820892,engine
Procyon,23,114.82060378864487,5.217067779431796,engine
Procyon,24,114.82060376478822,5.217067813057754,engine
Procyon,25,114.82060373988506,5.217067846698354,engine
Procyon,26,114.8206037139346,5.2170678803531825,engine
Procyon,27,114.8206036869361,5.21706791402183,engine
Procyon,28,114.8206036588888,5.217067947703882,engine
Procyon,29,114.82060362979192,5.217067981398946,engine
Procyon,30,114.82060359964478,5.2170680151065705,engine
Alkaid,-30,206.89210184022502,49.31202100081394,engine
Alkaid,-20,206.8921052308421,49.31202082692599,engine
Alkaid,-15,206.89210695036988,49.31202076752417,engine
Alkaid,-10,206.8921086849522,49.312020726710244,engine
Alkaid,-5,206.8921104337619,49.31202070464292,engine
Alkaid,-2,206.89211148952978,49.31202070046357,engine
Alkaid,-1,206.89211184249254,49.31202070058753,engine
Alkaid,0,206.8921121959641,49.31202070147193,engine
Alkaid,1,206.8921125499378,49.312020703117845,engine
Alkaid,2,206.8921129044068,49.31202070552635,engine
Alkaid,3,206.89211325936438,49.31202070869851,engine
Alkaid,4,206.89211361480375,49.31202071263538,engine
Alkaid,5,206.89211397071816,49.312020717338015,engine
Alkaid,6,206.89211432710098,49.312020722807425,engine
Alkaid,7,206.892114683945,49.31202072904462,engine
Alkaid,8,206.89211504124364,49.31202073605059,engine
Alkaid,9,206.89211539899006,49.31202074382632,engine
Alkaid,10,206.8921157571774,49.312020752372774,engine
Alkaid,11,206.89211611579887,49.312020761690896,engine
Alkaid,12,206.89211647484763,49.31202077178163,engine
Alkaid,13,206.8921168343168,49.31202078264589,engine
Alkaid,14,206.8921171941995,49.3120207942846,engine
Alkaid,15,206.8921175544889,49.31202080669861,engine
Alkaid,16,206.89211791517812,49.31202081988884,engine
Alkaid,17,206.8921182762605,49.31202083385614,engine
Alkaid,18,206.89211863772866,49.312020848601335,engine
Alkaid,19,206.89211899957596,49.312020864125266,engine
Alkaid,20,206.89211936179547,49.31202088042876,engine
Alkaid,21,206.89211972438028,49.312020897512625,engine
Alkaid,22,206.89212008732346,49.31202091537762,engine
Alkaid,23,206.89212045061814,49.31202093402453,engine
Alkaid,24,206.8921208142573,49.31202095345414,engine
Alkaid,25,206.89212117823405,49.31202097366711,engine
Alkaid,26,206.89212154254145,49.31202099466427,engine
Alkaid,27,206.8921219071725,49.31202101644626,engine
Alkaid,28,206.89212227212028,49.31202103901381,engine
Alkaid,29,206.89212263737804,49.31202106236761,engine
Alkaid,30,206.89212300293832,49.312021086508295,engine
Algorab,-30,187.46982942683186,-16.51875421257778,engine
Algorab,-20,187.46983171756062,-16.518754210952697,engine
Algorab,-15,187.46983286583554,-16.51875422146283,engine
Algorab,-10,187.4698340152472,-16.518754239534076,engine
Algorab,-5,187.46983516519262,-16.518754265171385,engine
Algorab,-2,187.4698358551648,-16.518754284186194,engine
Algorab,-1,187.4698360851274,-16.51875429112983,engine
Algorab,0,187.46983631506788,-16.518754298376102,engine
Algorab,1,187.46983654498143,-16.518754305924993,engine
Algorab,2,187.4698367748632,-16.51875431377647,engine
Algorab,3,187.46983700470838,-16.518754321930484,engine
Algorab,4,187.4698372345121,-16.518754330387,engine
Algorab,5,187.46983746426963,-16.518754339145943,engine
Algorab,6,187.4698376939762,-16.518754348207274,engine
Algorab,7,187.46983792362673,-16.518754357570913,engine
Algorab,8,187.46983815321656,-16.518754367236806,engine
Algorab,9,187.46983838274082,-16.518754377204854,engine
Algorab,10,187.46983861219474,-16.518754387475,engine
Algorab,11,187.46983884157345,-16.518754398047133,engine
Algorab,12,187.46983907087218,-16.518754408921183,engine
Algorab,13,187.4698393000861,-16.518754420097032,engine
Algorab,14,187.46983952921042,-16.518754431574592,engine
Algorab,15,187.46983975824028,-16.51875444335374,engine
Algorab,16,187.46983998717087,-16.518754455434348,engine
Algorab,17,187.4698402159976,-16.518754467816322,engine
Algorab,18,187.4698404447153,-16.5187544804995,engine
Algorab,19,187.46984067331928,-16.518754493483776,engine
Algorab,20,187.46984090180482,-16.518754506769,engine
Algorab,21,187.4698411301671,-16.518754520355024,engine
Algorab,22,187.46984135840128,-16.518754534241697,engine
Algorab,23,187.46984158650264,-16.518754548428884,engine
Algorab,24,187.4698418144663,-16.518754562916378,engine
Algorab,25,187.46984204228752,-16.518754577704044,engine
Algorab,26,187.4698422699615,-16.518754592791694,engine
Algorab,27,187.46984249748346,-16.518754608179147,engine
Algorab,28,187.46984272484863,-16.518754623866236,engine
Algorab,29,187.46984295205232,-16.51875463985276,engine
Algorab,30,187.46984317908954,-16.51875465613851,engine
Spica,-30,201.30331640562633,-11.163603771780163,engine
Spica,-20,201.3033186824632,-11.163603625201496,engine
Spica,-15,201.3033198332864,-11.163603559295662,engine
Spica,-10,201.30332099162786,-11.163603498356151,engine
Spica,-5,201.30332215691976,-11.163603442412954,engine
Spica,-2,201.3033228591934,-11.163603411256865,engine
Spica,-1,201.3033230937735,-11.163603401274397,engine
Spica,0,201.3033233285904,-11.163603391493703,engine
Spica,1,201.3033235636395,-11.163603381914989,engine
Spica,2,201.30332379891615,-11.163603372538434,engine
Spica,3,201.30332403441577,-11.163603363364231,engine
Spica,4,201.30332427013374,-11.163603354392563,engine
Spica,5,201.3033245060654,-11.163603345623603,engine
Spica,6,201.3033247422063,-11.16360333705752,engine
Spica,7,201.30332497855156,-11.163603328694503,engine
Spica,8,201.3033252150966,-11.16360332053471,engine
Spica,9,201.30332545183683,-11.1636033125783,engine
Spica,10,201.30332568876761,-11.163603304825434,engine
Spica,11,201.30332592588428,-11.163603297276266,engine
Spica,12,201.30332616318222,-11.163603289930958,engine
Spica,13,201.30332640065674,-11.163603282789639,engine
Spica,14,201.3033266383032,-11.163603275852465,engine
Spica,15,201.30332687611693,-11.163603269119571,engine
Spica,16,201.3033271140933,-11.1636032625911,engine
Spica,17,201.30332735222774,-11.163603256267166,engine
Spica,18,201.30332759051535,-11.163603250147913,engine
Spica,19,201.30332782895152,-11.16360324423346,engine
Spica,20,201.30332806753165,-11.163603238523926,engine
Spica,21,201.30332830625102,-11.163603233019428,engine
Spica,22,201.30332854510502,-11.16360322772008,engine
Spica,23,201.30332878408885,-11.163603222625984,engine
Spica,24,201.3033290231979,-11.163603217737247,engine
Spica,25,201.30332926242747,-11.163603213053973,engine
Spica,26,201.30332950177285,-11.163603208576255,engine
Spica,27,201.30332974122942,-11.163603204304183,engine
Spica,28,201.3033299807924,-11.163603200237848,engine
Spica,29,201.30333022045727,-11.16360319637734,engine
Spica,30,201.30333046021903,-11.163603192722723,engine
Arcturus,-30,213.91370553419418,19.167996648165634,engine
Arcturus,-20,213.91370780584316,19.167996558555437,engine
Arcturus,-15,213.91370896296678,19.167996524902737,engine
Arcturus,-10,213.91371013358065,19.16799649881092,engine
Arcturus,-5,213.91371131714524,19.167996480369933,engine
Arcturus,-2,213.91371203327324,19.167996473013805,engine
Arcturus,-1,213.9137122729544,19.16799647118387,engine
Arcturus,0,213.91371251311412,19.167996469666093,engine
Arcturus,1,213.91371275374797,19.167996468461105,engine
Arcturus,2,213.9137129948515,19.167996467569576,engine
Arcturus,3,213.9137132364202,19.167996466992122,engine
Arcturus,4,213.91371347844972,19.167996466729377,engine
Arcturus,5,213.91371372093548,19.16799646678198,engine
Arcturus,6,213.91371396387322,19.16799646715053,engine
Arcturus,7,213.91371420725812,19.16799646783565,engine
Arcturus,8,213.91371445108587,19.167996468837938,engine
Arcturus,9,213.9137146953519,19.167996470158013,engine
Arcturus,10,213.91371494005176,19.167996471796457,engine
Arcturus,11,213.91371518518088,19.167996473753853,engine
Arcturus,12,213.91371543073478,19.167996476030797,engine
Arcturus,13,213.91371567670888,19.167996478627863,engine
Arcturus,14,213.91371592309864,19.167996481545604,engine
Arcturus,15,213.91371616989952,19.167996484784602,engine
Arcturus,16,213.91371641710694,19.167996488345416,engine
Arcturus,17,213.91371666471653,19.16799649222859,engine
Arcturus,18,213.91371691272334,19.167996496434665,engine
Arcturus,19,213.91371716112297,19.167996500964197,engine
Arcturus,20,213.91371740991084,19.167996505817698,engine
Arcturus,21,213.91371765908232,19.16799651099571,engine
Arcturus,22,213.9137179086328,19.16799651649875,engine
Arcturus,23,213.9137181585577,19.167996522327336,engine
Arcturus,24,213.91371840885242,19.167996528481968,engine
Arcturus,25,213.91371865951226,19.167996534963162,engine
Arcturus,26,213.9137189105326,19.16799654177139,engine
Arcturus,27,213.9137191619088,19.167996548907166,engine
Arcturus,28,213.91371941363627,19.16799655637095,engine
Arcturus,29,213.91371966571046,19.167996564163257,engine
Arcturus,30,213.91371991812636,19.167996572284526,engine
Alphecca,-30,233.67815946257457,26.711365653652432,engine
Alphecca,-20,233.67816150228057,26.7113651825795,engine
Alphecca,-15,233.67816255626943,26.71136495837745,engine
Alphecca,-10,233.6781636324549,26.71136474199569,engine
Alphecca,-5,233.67816473040364,26.711364533627577,engine
Alphecca,-2,233.6781653994348,26.711364412532312,engine
Alphecca,-1,233.6781656241339,26.711364372830463,engine
Alphecca,0,233.6781658496713,26.711364333462708,engine
Alphecca,1,233.67816607604328,26.711364294430513,engine
Alphecca,2,233.67816630324623,26.71136425573536,engine
Alphecca,3,233.67816653127645,26.711364217378687,engine
Alphecca,4,233.67816676013013,26.711364179361958,engine
Alphecca,5,233.67816698980363,26.71136414168661,engine
Alphecca,6,233.67816722029337,26.711364104354082,engine
Alphecca,7,233.67816745159521,26.711364067365842,engine
Alphecca,8,233.67816768370554,26.711364030723292,engine
Alphecca,9,233.67816791662062,26.711363994427845,engine
Alphecca,10,233.67816815033663,26.71136395848092,engine
Alphecca,11,233.67816838484967,26.711363922883912,engine
Alphecca,12,233.67816862015601,26.711363887638253,engine
Alphecca,13,233.67816885625174,26.711363852745333,engine
Alphecca,14,233.67816909313294,26.71136381820648,engine
Alphecca,15,233.67816933079578,26.71136378402314,engine
Alphecca,16,233.67816956923642,26.711363750196647,engine
Alphecca,17,233.6781698084511,26.711363716728393,engine
Alphecca,18,233.6781700484354,26.711363683619723,engine
Alphecca,19,233.67817028918566,26.711363650872006,engine
Alphecca,20,233.67817053069794,26.711363618486565,engine
Alphecca,21,233.6781707729683,26.711363586464763,engine
Alphecca,22,233.6781710159927,26.711363554807907,engine
Alphecca,23,233.67817125976708,26.71136352351734,engine
Alphecca,24,233.67817150428746,26.711363492594366,engine
Alphecca,25,233.6781717495499,26.7113634620403,engine
Alphecca,26,233.6781719955502,26.711363431856455,engine
Alphecca,27,233.67817224228443,26.711363402044125,engine
Alphecca,28,233.6781724897485,26.711363372604584,engine
Alphecca,29,233.6781727379384,26.711363343539112,engine
Alphecca,30,233.6781729868498,26.711363314849013,engine
Vega,-30,279.23865956096046,38.780800145374464,engine
Vega,-20,279.2386600086818,38.780798863966574,engine
Vega,-15,279.2386602831632,38.78079822069042,engine
Vega,-10,279.2386605914798,38.78079757618098,engine
Vega,-5,279.23866093367747,38.78079693080001,engine
Vega,-2,279.2386611552719,38.78079654330388,engine
Vega,-1,279.23866123185036,38.78079641411129,engine
Vega,0,279.23866130978575,38.780796284909954,engine
Vega,1,279.2386613890782,38.78079615570274,engine
Vega,2,279.2386614697276,38.780796026492546,engine
Vega,3,279.2386615517341,38.780795897282324,engine
Vega,4,279.23866163509757,38.78079576807493,engine
Vega,5,279.238661719818,38.78079563887326,engine
Vega,6,279.2386618058955,38.780795509680146,engine
Vega,7,279.23866189332966,38.78079538049866,engine
Vega,8,279.23866198212056,38.78079525133162,engine
Vega,9,279.2386620722679,38.78079512218192,engine
Vega,10,279.2386621637716,38.78079499305246,engine
Vega,11,279.2386622566314,38.78079486394615,engine
Vega,12,279.2386623508471,38.780794734865886,engine
Vega,13,279.2386624464185,38.78079460581455,engine
Vega,14,279.2386625433453,38.78079447679504,engine
Vega,15,279.23866264162706,38.780794347810286,engine
Vega,16,279.2386627412636,38.780794218863164,engine
Vega,17,279.23866284225454,38.78079408995647,engine
Vega,18,279.2386629445994,38.7807939610933,engine
Vega,19,279.23866304829784,38.78079383227644,engine
Vega,20,279.23866315334936,38.780793703508806,engine
Vega,21,279.2386632597536,38.78079357479327,engine
Vega,22,279.2386633675099,38.78079344613273,engine
Vega,23,279.23866347661794,38.78079331753007,engine
Vega,24,279.23866358707704,38.7807931889882,engine
Vega,25,279.2386636988867,38.78079306051,engine
Vega,26,279.23866381204635,38.78079293209834,engine
Vega,27,279.23866392655526,38.780792803756135,engine
Vega,28,279.2386640424129,38.78079267548626,engine
Vega,29,279.2386641596186,38.78079254729148,engine
Vega,30,279.2386642781716,38.7807924191749,engine
Deneb Algedi,-30,326.75932518766774,-16.129747663318714,engine
Deneb Algedi,-20,326.7593237392892,-16.129747057604554,engine
Deneb Algedi,-15,326.75932303976,-16.12974674598324,engine
Deneb Algedi,-10,326.7593223573092,-16.129746428649145,engine
Deneb Algedi,-5,326.7593216924052,-16.129746105703074,engine
Deneb Algedi,-2,326.7593213020771,-16.129745909284736,engine
Deneb Algedi,-1,326.7593211734254,-16.129745843375208,engine
Deneb Algedi,0,326.7593210455084,-16.12974577724874,engine
Deneb Algedi,1,326.7593209183297,-16.129745710906185,engine
Deneb Algedi,2,326.75932079189295,-16.129745644348393,engine
Deneb Algedi,3,326.75932066620175,-16.129745577576237,engine
Deneb Algedi,4,326.7593205412596,-16.129745510590585,engine
Deneb Algedi,5,326.75932041707,-16.129745443392324,engine
Deneb Algedi,6,326.7593202936364,-16.129745375982274,engine
Deneb Algedi,7,326.75932017096244,-16.129745308361414,engine
Deneb Algedi,8,326.75932004905155,-16.129745240530585,engine
Deneb Algedi,9,326.7593199279072,-16.129745172490672,engine
Deneb Algedi,10,326.7593198075328,-16.12974510424258,engine
Deneb Algedi,11,326.7593196879319,-16.12974503578721,engine
Deneb Algedi,12,326.7593195691078,-16.129744967125458,engine
Deneb Algedi,13,326.75931945106396,-16.129744898258213,engine
Deneb Algedi,14,326.7593193338038,-16.129744829186418,engine
Deneb Algedi,15,326.75931921733064,-16.12974475991097,engine
Deneb Algedi,16,326.7593191016479,-16.129744690432787,engine
Deneb Algedi,17,326.75931898675884,-16.129744620752756,engine
Deneb Algedi,18,326.75931887266694,-16.12974455087188,engine
Deneb Algedi,19,326.7593187593755,-16.129744480791057,engine
Deneb Algedi,20,326.7593186468877,-16.129744410511208,engine
Deneb Algedi,21,326.75931853520694,-16.12974434003329,engine
Deneb Algedi,22,326.7593184243364,-16.129744269358227,engine
Deneb Algedi,23,326.7593183142795,-16.129744198486968,engine
Deneb Algedi,24,326.7593182050393,-16.129744127420462,engine
Deneb Algedi,25,326.7593180966191,-16.12974405615966,engine
Deneb Algedi,26,326.7593179890221,-16.129743984705534,engine
Deneb Algedi,27,326.7593178822516,-16.129743913059016,engine
Deneb Algedi,28,326.75931777631064,-16.1297438412211,engine
Deneb Algedi,29,326.7593176712023,-16.129743769192686,engine
Deneb Algedi,30,326.75931756693006,-16.129743696974845,engine
Rigel,-30,78.63103501395896,-8.204194854484603,engine
Rigel,-20,78.63103389805603,-8.204195007942625,engine
Rigel,-15,78.63103330135715,-8.20419508330132,engine
Rigel,-10,78.63103267903504,-8.20419515764025,engine
Rigel,-5,78.63103203126114,-8.204195230880378,engine
Rigel,-2,78.631031630456,-8.204195274264322,engine
Rigel,-1,78.63103149483995,-8.20419528862853,engine
Rigel,0,78.63103135821939,-8.204195302943146,engine
Rigel,1,78.63103122059591,-8.204195317207546,engine
Rigel,2,78.63103108197114,-8.204195331421108,engine
Rigel,3,78.63103094234673,-8.204195345583212,engine
Rigel,4,78.6310308017243,-8.204195359693244,engine
Rigel,5,78.63103066010557,-8.204195373750586,engine
Rigel,6,78.63103051749215,-8.204195387754618,engine
Rigel,7,78.63103037388593,-8.204195401704721,engine
Rigel,8,78.63103022928856,-8.204195415600283,engine
Rigel,9,78.63103008370182,-8.204195429440688,engine
Rigel,10,78.63102993712745,-8.204195443225318,engine
Rigel,11,78.63102978956728,-8.204195456953578,engine
Rigel,12,78.6310296410231,-8.20419547062484,engine
Rigel,13,78.63102949149676,-8.204195484238504,engine
Rigel,14,78.6310293409901,-8.20419549779396,engine
Rigel,15,78.631029189505,-8.204195511290596,engine
Rigel,16,78.63102903704335,-8.204195524727806,engine
Rigel,17,78.63102888360696,-8.204195538105003,engine
Rigel,18,78.63102872919795,-8.204195551421556,engine
Rigel,19,78.63102857381817,-8.20419556467687,engine
Rigel,20,78.63102841746958,-8.204195577870344,engine
Rigel,21,78.63102826015418,-8.204195591001383,engine
Rigel,22,78.63102810187397,-8.204195604069387,engine
Rigel,23,78.63102794263094,-8.20419561707375,engine
Rigel,24,78.63102778242715,-8.204195630013883,engine
Rigel,25,78.63102762126468,-8.20419564288919,engine
Rigel,26,78.63102745914557,-8.204195655699067,engine
Rigel,27,78.63102729607193,-8.20419566844293,engine
Rigel,28,78.63102713204586,-8.204195681120183,engine
Rigel,29,78.6310269670694,-8.204195693730243,engine
Rigel,30,78.6310268011449,-8.204195706272511,engine
Betelgeuse,-30,88.79044545811395,7.405735048876164,engine
Betelgeuse,-20,88.79044470813677,7.405735445519387,engine
Betelgeuse,-15,88.79044429327833,7.405735643351332,engine
Betelgeuse,-10,88.79044385191247,7.405735840757883,engine
Betelgeuse,-5,88.79044338410925,7.405736037665171,engine
Betelgeuse,-2,88.79044309077139,7.4057361555392,engine
Betelgeuse,-1,88.7904429908871,7.40573619478196,engine
Betelgeuse,0,88.79044288995162,7.405736233999453,engine
Betelgeuse,1,88.79044278796573,7.405736273191083,engine
Betelgeuse,2,88.79044268493027,7.4057363123562725,engine
Betelgeuse,3,88.79044258084606,7.405736351494432,engine
Betelgeuse,4,88.790442475714,7.405736390604985,engine
Betelgeuse,5,88.79044236953496,7.405736429687336,engine
Betelgeuse,6,88.79044226230975,7.405736468740931,engine
Betelgeuse,7,88.79044215403947,7.405736507765136,engine
Betelgeuse,8,88.79044204472497,7.405736546759394,engine
Betelgeuse,9,88.79044193436722,7.405736585723125,engine
Betelgeuse,10,88.79044182296721,7.405736624655744,engine
Betelgeuse,11,88.79044171052594,7.405736663556672,engine
Betelgeuse,12,88.79044159704443,7.405736702425329,engine
Betelgeuse,13,88.79044148252375,7.4057367412611335,engine
Betelgeuse,14,88.79044136696491,7.405736780063508,engine
Betelgeuse,15,88.79044125036906,7.405736818831873,engine
Betelgeuse,16,88.79044113273726,7.405736857565652,engine
Betelgeuse,17,88.79044101407055,7.405736896264292,engine
Betelgeuse,18,88.79044089437025,7.405736934927168,engine
Betelgeuse,19,88.79044077363746,7.405736973553729,engine
Betelgeuse,20,88.79044065187333,7.405737012143396,engine
Betelgeuse,21,88.79044052907908,7.4057370506956,engine
Betelgeuse,22,88.79044040525594,7.4057370892097625,engine
Betelgeuse,23,88.79044028040512,7.4057371276853186,engine
Betelgeuse,24,88.79044015452791,7.405737166121689,engine
Betelgeuse,25,88.7904400276256,7.405737204518304,engine
Betelgeuse,26,88.79043989969946,7.405737242874593,engine
Betelgeuse,27,88.79043977075084,7.405737281189988,engine
Betelgeuse,28,88.79043964078106,7.40573731946392,engine
Betelgeuse,29,88.7904395097914,7.405737357695842,engine
Betelgeuse,30,88.79043937778341,7.405737395885141,engine
Polaris,-30,37.569699898806796,89.26481905012423,engine
Polaris,-20,37.56953538727346,89.26481979316073,engine
Polaris,-15,37.56945139657415,89.26482013184628,engine
Polaris,-10,37.56936629945536,89.26482044821809,engine
Polaris,-5,37.56928013420235,89.26482074197067,engine
Polaris,-2,37.569227938487,89.26482090724186,engine
Polaris,-1,37.56921045903128,89.26482096048836,engine
Polaris,0,37.56919293965838,89.26482101280916,engine
Polaris,1,37.56917538068444,89.264821064202,engine
Polaris,2,37.569157782426274,89.26482111466468,engine
Polaris,3,37.5691401452014,89.26482116419498,engine
Polaris,4,37.56912246932825,89.26482121279075,engine
Polaris,5,37.56910475512579,89.2648212604498,engine
Polaris,6,37.569087002901924,89.26482130717004,engine
Polaris,7,37.56906921300107,89.26482135294923,engine
Polaris,8,37.56905138573251,89.26482139778534,engine
Polaris,9,37.56903352141827,89.26482144167628,engine
Polaris,10,37.569015620381016,89.26482148461993,engine
Polaris,11,37.568997682944094,89.26482152661427,engine
Polaris,12,37.56897970943164,89.26482156765726,engine
Polaris,13,37.56896170016841,89.26482160774688,engine
Polaris,14,37.56894365547989,89.26482164688113,engine
Polaris,15,37.56892557569217,89.26482168505802,engine
Polaris,16,37.568907461132135,89.26482172227557,engine
Polaris,17,37.56888931211503,89.2648217585319,engine
Polaris,18,37.56887112899339,89.26482179382499,engine
Polaris,19,37.56885291208381,89.26482182815299,engine
Polaris,20,37.56883466171579,89.264821861514,engine
Polaris,21,37.56881637821934,89.26482189390613,engine
Polaris,22,37.568798061925285,89.26482192532754,engine
Polaris,23,37.5687797131649,89.2648219557764,engine
Polaris,24,37.568761332270206,89.26482198525088,engine
Polaris,25,37.568742919573765,89.2648220137492,engine
Polaris,26,37.568724475408814,89.26482204126955,engine
Polaris,27,37.56870600010913,89.26482206781021,engine
Polaris,28,37.56868749400917,89.26482209336942,engine
Polaris,29,37.568668957431406,89.26482211794547,engine
Polaris,30,37.56865039073638,89.26482214153661,engine
Castor,-30,113.64748870551868,31.888461857244323,engine
Castor,-20,113.6474889541347,31.888463139541816,engine
Castor,-15,113.64748903460179,31.888463787866044,engine
Castor,-10,113.64748908553801,31.888464440589757,engine
Castor,-5,113.64748910673335,31.88846509742242,engine
Castor,-2,113.64748910509287,31.888465493372514,engine
Castor,-1,113.6474891021441,31.888465625650205,engine
Castor,0,113.64748909799198,31.88846575807113,engine
Castor,1,113.64748909263508,31.88846589063293,engine
Castor,2,113.64748908607201,31.888466023333226,engine
Castor,3,113.64748907830145,31.888466156169667,engine
Castor,4,113.647489069322,31.888466289139878,engine
Castor,5,113.64748905913241,31.888466422241482,engine
Castor,6,113.64748904773136,31.88846655547219,engine
Castor,7,113.64748903511756,31.888466688829467,engine
Castor,8,113.64748902128983,31.888466822311006,engine
Castor,9,113.64748900624689,31.88846695591442,engine
Castor,10,113.64748898998758,31.888467089637345,engine
Castor,11,113.6474889725107,31.88846722347737,engine
Castor,12,113.6474889538151,31.88846735743213,engine
Castor,13,113.64748893389968,31.888467491499203,engine
Castor,14,113.64748891276331,31.88846762567624,engine
Castor,15,113.6474888904049,31.888467759960797,engine
Castor,16,113.64748886682344,31.888467894350516,engine
Castor,17,113.64748884201782,31.888468028843057,engine
Castor,18,113.64748881598712,31.888468163435842,engine
Castor,19,113.6474887887303,31.888468298126583,engine
Castor,20,113.64748876024639,31.88846843291286,engine
Castor,21,113.64748873053446,31.88846856779227,engine
Castor,22,113.64748869959361,31.888468702762385,engine
Castor,23,113.64748866742295,31.888468837820824,engine
Castor,24,113.64748863402156,31.888468972965143,engine
Castor,25,113.64748859938865,31.88846910819295,engine
Castor,26,113.64748856352338,31.888469243501827,engine
Castor,27,113.64748852642495,31.888469378889354,engine
Castor,28,113.64748848809256,31.888469514353098,engine
Castor,29,113.64748844852548,31.888469649890755,engine
Castor,30,113.647488407723,31.88846978549971,engine
Altair,-30,297.6993580559721,8.867924851234298,engine
Altair,-20,297.6993576857877,8.867924640290159,engine
Altair,-15,297.69935753729266,8.867924532229427,engine
Altair,-10,297.69935741350804,8.86792442255209,engine
Altair,-5,297.69935731465307,8.867924311340968,engine
Altair,-2,297.69935726739317,8.867924243912839,engine
Altair,-1,297.6993572536583,8.867924221323916,engine
Altair,0,297.6993572409353,8.867924198679678,engine
Altair,1,297.69935722922565,8.867924175980804,engine
Altair,2,297.6993572185308,8.86792415322797,engine
Altair,3,297.6993572088523,8.867924130421851,engine
Altair,4,297.6993572001916,8.86792410756313,engine
Altair,5,297.69935719255017,8.867924084652488,engine
Altair,6,297.6993571859294,8.86792406169059,engine
Altair,7,297.6993571803307,8.867924038678147,engine
Altair,8,297.6993571757555,8.86792401561584,engine
Altair,9,297.6993571722051,8.867923992504338,engine
Altair,10,297.6993571696809,8.86792396934433,engine
Altair,11,297.69935716818424,8.867923946136504,engine
Altair,12,297.6993571677164,8.867923922881548,engine
Altair,13,297.6993571682787,8.86792389958015,engine
Altair,14,297.69935716987237,8.867923876233002,engine
Altair,15,297.6993571724987,8.867923852840786,engine
Altair,16,297.6993571761589,8.867923829404202,engine
Altair,17,297.6993571808542,8.86792380592392,engine
Altair,18,297.69935718658564,8.867923782400664,engine
Altair,19,297.69935719335473,8.86792375883512,engine
Altair,20,297.6993572011623,8.867923735227969,engine
Altair,21,297.69935721000957,8.867923711579916,engine
Altair,22,297.6993572198977,8.867923687891654,engine
Altair,23,297.69935723082784,8.867923664163879,engine
Altair,24,297.69935724280094,8.867923640397285,engine
Altair,25,297.69935725581803,8.867923616592579,engine
Altair,26,297.6993572698803,8.867923592750452,engine
Altair,27,297.69935728498865,8.867923568871602,engine
Altair,28,297.69935730114406,8.867923544956742,engine
Altair,29,297.6993573183476,8.867923521006544,engine
Altair,30,297.69935733660014,8.867923497021744,engine
Bellatrix,-30,81.27947481381,6.3480934589589655,engine
Bellatrix,-20,81.27947379439405,6.348093804338484,engine
Bellatrix,-15,81.27947324566853,6.3480939760287765,engine
Bellatrix,-10,81.27947267110405,6.34809414696967,engine
Bellatrix,-5,81.27947207084544,6.348094317099356,engine
Bellatrix,-2,81.27947169842209,6.348094418762179,engine
Bellatrix,-1,81.27947157224418,6.348094452577684,engine
Bellatrix,0,81.27947144505013,6.348094486356326,engine
Bellatrix,1,81.27947131684137,6.348094520097621,engine
Bellatrix,2,81.27947118761928,6.348094553801075,engine
Bellatrix,3,81.27947105738531,6.348094587466207,engine
Bellatrix,4,81.27947092614092,6.348094621092533,engine
Bellatrix,5,81.27947079388758,6.348094654679565,engine
Bellatrix,6,81.27947066062666,6.348094688226847,engine
Bellatrix,7,81.2794705263599,6.348094721733847,engine
Bellatrix,8,81.27947039108871,6.348094755200112,engine
Bellatrix,9,81.27947025481465,6.348094788625157,engine
Bellatrix,10,81.27947011753928,6.348094822008501,engine
Bellatrix,11,81.2794699792642,6.348094855349666,engine
Bellatrix,12,81.27946983999102,6.348094888648172,engine
Bellatrix,13,81.27946969972135,6.348094921903547,engine
Bellatrix,14,81.27946955845685,6.348094955115306,engine
Bellatrix,15,81.27946941619918,6.348094988282974,engine
Bellatrix,16,81.27946927295001,6.348095021406084,engine
Bellatrix,17,81.27946912871094,6.348095054484173,engine
Bellatrix,18,81.27946898348394,6.348095087516732,engine
Bellatrix,19,81.2794688372706,6.348095120503308,engine
Bellatrix,20,81.27946869007269,6.348095153443425,engine
Bellatrix,21,81.279468541892,6.348095186336617,engine
Bellatrix,22,81.27946839273032,6.348095219182414,engine
Bellatrix,23,81.27946824258947,6.348095251980343,engine
Bellatrix,24,81.27946809147129,6.348095284729938,engine
Bellatrix,25,81.2794679393776,6.348095317430736,engine
Bellatrix,26,81.2794677863103,6.348095350082264,engine
Bellatrix,27,81.27946763227129,6.34809538268406,engine
Bellatrix,28,81.27946747726246,6.34809541523566,engine
Bellatrix,29,81.27946732128564,6.348095447736621,engine
Bellatrix,30,81.27946716434298,6.34809548018644,engine
