body,minute,ra,dec,source
Aldebaran,-30,68.97636574501416,16.507168474999123,engine
Aldebaran,-20,68.97636528997874,16.507169135839217,engine
Aldebaran,-15,68.97636502173836,16.507169466072046,engine
Aldebaran,-10,68.97636472636789,16.50716979596367,engine
Aldebaran,-5,68.97636440389725,16.50717012535213,engine
Aldebaran,-2,68.97636419742418,16.507170322676306,engine
Aldebaran,-1,68.97636412643712,16.50717038839179,engine
Aldebaran,0,68.9763640543695,16.507170454075503,engine
Aldebaran,1,68.97636398122178,16.507170519726163,engine
Aldebaran,2,68.9763639069945,16.507170585342454,engine
Aldebaran,3,68.97636383168815,16.50717065092311,engine
Aldebaran,4,68.9763637553033,16.50717071646683,engine
Aldebaran,5,68.97636367784052,16.507170781972338,engine
Aldebaran,6,68.97636359930034,16.50717084743838,engine
Aldebaran,7,68.9763635196835,16.507170912863593,engine
Aldebaran,8,68.97636343899057,16.507170978246727,engine
Aldebaran,9,68.97636335722221,16.50717104358649,engine
Aldebaran,10,68.97636327437908,16.507171108881604,engine
Aldebaran,11,68.97636319046188,16.507171174130786,engine
Aldebaran,12,68.97636310547135,16.507171239332763,engine
Aldebaran,13,68.97636301940818,16.507171304486235,engine
Aldebaran,14,68.97636293227316,16.507171369589933,engine
Aldebaran,15,68.97636284406705,16.507171434642576,engine
Aldebaran,16,68.97636275479066,16.50717149964288,engine
Aldebaran,17,68.97636266444475,16.507171564589623,engine
Aldebaran,18,68.97636257303027,16.507171629481427,engine
Aldebaran,19,68.97636248054803,16.507171694317055,engine
Aldebaran,20,68.97636238699891,16.50717175909526,engine
Aldebaran,21,68.97636229238378,16.507171823814748,engine
Aldebaran,22,68.9763621967036,16.507171888474247,engine
Aldebaran,23,68.9763620999593,16.50717195307249,engine
Aldebaran,24,68.97636200215183,16.507172017608212,engine
Aldebaran,25,68.97636190328218,16.507172082080135,engine
Aldebaran,26,68.97636180335134,16.507172146486997,engine
Aldebaran,27,68.97636170236036,16.507172210827534,engine
Aldebaran,28,68.97636160031026,16.507172275100462,engine
Aldebaran,29,68.97636149720202,16.50717233930459,engine
Aldebaran,30,68.9763613930369,16.507172403438553,engine
Antares,-30,247.35644045087645,-26.43248394530355,engine
Antares,-20,247.35644100000934,-26.432482992187634,engine
Antares,-15,247.35644131814465,-26.43248251637162,engine
Antares,-10,247.35644166528215,-26.43248204138851,engine
Antares,-5,247.35644204137185,-26.432481567491365,engine
Antares,-2,247.35644228089663,-26.432481283779513,engine
Antares,-1,247.35644236304654,-26.432481189325415,engine
Antares,0,247.35644244634963,-26.432481094932935,engine
Antares,1,247.35644253080517,-26.432481000604074,engine
Antares,2,247.35644261641247,-26.432480906340867,engine
Antares,3,247.35644270317087,-26.4324808121453,engine
Antares,4,247.3564427910796,-26.432480718019402,engine
Antares,5,247.35644288013785,-26.432480623965173,engine
Antares,6,247.356442970345,-26.43248052998457,engine
Antares,7,247.35644306170005,-26.432480436079704,engine
Antares,8,247.35644315420228,-26.43248034225254,engine
Antares,9,247.3564432478509,-26.432480248505062,engine
Antares,10,247.35644334264492,-26.432480154839272,engine
Antares,11,247.35644343858357,-26.43248006125718,engine
Antares,12,247.35644353566585,-26.43247996776078,engine
Antares,13,247.3564436338909,-26.432479874352072,engine
Antares,14,247.35644373325775,-26.43247978103305,engine
Antares,15,247.3564438337654,-26.432479687805706,engine
Antares,16,247.35644393541287,-26.43247959467203,engine
Antares,17,247.3564440381992,-26.432479501633946,engine
Antares,18,247.35644414212322,-26.432479408693577,engine
Antares,19,247.35644424718402,-26.43247931585283,engine
Antares,20,247.35644435338037,-26.432479223113713,engine
Antares,21,247.35644446071126,-26.432479130478193,engine
Antares,22,247.35644456917555,-26.432479037948237,engine
Antares,23,247.35644467877202,-26.43247894552586,engine
Antares,24,247.3564447894996,-26.432478853213002,engine
Antares,25,247.35644490135707,-26.432478761011655,engine
Antares,26,247.35644501434314,-26.432478668923792,engine
Antares,27,247.3564451284567,-26.43247857695137,engine
Antares,28,247.35644524369638,-26.43247848509637,engine
Antares,29,247.3564453600611,-26.43247839336069,engine
Antares,30,247.35644547754924,-26.43247830174641,engine
Ceres,-30,78.06096836004191,25.49098448275562,engine
Ceres,-20,78.0637877388889,25.491382622233527,engine
Ceres,-15,78.0651973699501,25.49158153089228,engine
Ceres,-10,78.06660696877245,25.491780331385108,engine
Ceres,-5,78.06801654121318,25.491979023325698,engine
Ceres,-2,78.0688622740611,25.492098186180492,engine
Ceres,-1,78.06914418352036,25.492137898397754,engine
Ceres,0,78.06942609230715,25.49217760624296,engine
Ceres,1,78.06970800046496,25.492217309713283,engine
Ceres,2,78.0699899080374,25.492257008805982,engine
Ceres,3,78.07027181497673,25.492296703494215,engine
Ceres,4,78.07055372150933,25.492336393823674,engine
Ceres,5,78.07083562758747,25.49237607976769,engine
Ceres,6,78.07111753344392,25.49241576135043,engine
Ceres,7,78.07139943874435,25.492455438516263,engine
Ceres,8,78.07168134372154,25.492495111289518,engine
Ceres,9,78.07196324841925,25.49253477966795,engine
Ceres,10,78.07224515288135,25.49257444364941,engine
Ceres,11,78.07252705715162,25.492614103231823,engine
Ceres,12,78.07280896127395,25.492653758413166,engine
Ceres,13,78.0730908652922,25.49269340919152,engine
Ceres,14,78.07337276925027,25.492733055565,engine
Ceres,15,78.07365467310075,25.492772697507725,engine
Ceres,16,78.07393657707028,25.49281233506623,engine
Ceres,17,78.0742184813005,25.492851968241336,engine
Ceres,18,78.07450038545734,25.492891596978314,engine
Ceres,19,78.07478228977381,25.492931221302257,engine
Ceres,20,78.07506419429394,25.492970841211786,engine
Ceres,21,78.07534609906178,25.49301045670552,engine
Ceres,22,78.07562800412133,25.49305006778223,engine
Ceres,23,78.07590990942532,25.493089674416584,engine
Ceres,24,78.07619181520056,25.49312927665576,engine
Ceres,25,78.07647372139975,25.493168874474556,engine
Ceres,26,78.076755628067,25.493208467872037,engine
Ceres,27,78.07703753524643,25.493248056847303,engine
Ceres,28,78.07731944298217,25.493287641399537,engine
Ceres,29,78.07760135141598,25.49332722153044,engine
Ceres,30,78.07788326039669,25.493366797234508,engine
Chiron,-30,11.202912065815203,6.925358107887231,engine
Chiron,-20,11.203277047768239,6.925508349699172,engine
Chiron,-15,11.20345956122453,6.925583462039349,engine
Chiron,-10,11.203642090825792,6.925658568714894,engine
Chiron,-5,11.203824637506495,6.925733669795087,engine
Chiron,-2,11.203934174060034,6.92577872777034,engine
Chiron,-1,11.203970687708289,6.9257937466521335,engine
Chiron,0,11.204007202106103,6.925808765314786,engine
Chiron,1,11.204043717256353,6.925823783757567,engine
Chiron,2,11.204080233161893,6.925838801979754,engine
Chiron,3,11.204116749837741,6.925853819984148,engine
Chiron,4,11.204153267286728,6.925868837770037,engine
Chiron,5,11.204189785515721,6.9258838553378785,engine
Chiron,6,11.204226304552003,6.925898872697036,engine
Chiron,7,11.204262824361546,6.925913889830186,engine
Chiron,8,11.204299344971608,6.925928906746702,engine
Chiron,9,11.204335866384913,6.9259439234458755,engine
Chiron,10,11.204372388616378,6.92595893993055,engine
Chiron,11,11.204408911668711,6.925973956200031,engine
Chiron,12,11.204445435548658,6.925988972254799,engine
Chiron,13,11.204481960258887,6.926003988094167,engine
Chiron,14,11.204518485814239,6.926019003720992,engine
Chiron,15,11.204555012217346,6.926034019134594,engine
Chiron,16,11.204591539470824,6.926049034334289,engine
Chiron,17,11.204628067613958,6.926064049333016,engine
Chiron,18,11.204664596600336,6.926079064109966,engine
Chiron,19,11.204701126461067,6.926094078675713,engine
Chiron,20,11.20473765719871,6.926109093029603,engine
Chiron,21,11.204774188827962,6.926124107174511,engine
Chiron,22,11.20481072135134,6.926139121109777,engine
Chiron,23,11.204847254771332,6.926154134834755,engine
Chiron,24,11.20488378910258,6.926169148352329,engine
Chiron,25,11.204920324347546,6.926184161661851,engine
Chiron,26,11.20495686050865,6.926199174762682,engine
Chiron,27,11.2049933976005,6.926214187657722,engine
Chiron,28,11.20502993562548,6.926229200346328,engine
Chiron,29,11.205066474614524,6.926244212839129,engine
Chiron,30,11.205103014520986,6.926259225115342,engine
Eris,-30,26.38239627722759,-1.066195521857136,tno-rate
Eris,-20,26.382462332336225,-1.0661656728584532,tno-rate
Eris,-15,26.382495359890545,-1.066150748359112,tno-rate
Eris,-10,26.382528387444864,-1.0661358238597707,tno-rate
Eris,-5,26.38256141499918,-1.0661208993604292,tno-rate
Eris,-2,26.382581231531773,-1.0661119446608245,tno-rate
Eris,-1,26.382587837042635,-1.066108959760956,tno-rate
Eris,0,26.3825944425535,-1.066105974861088,tno-rate
Eris,1,26.382601048064366,-1.0661029899612198,tno-rate
Eris,2,26.382607653575228,-1.0661000050613514,tno-rate
Eris,3,26.382614259086093,-1.0660970201614832,tno-rate
Eris,4,26.382620864596955,-1.0660940352616148,tno-rate
Eris,5,26.38262747010782,-1.0660910503617467,tno-rate
Eris,6,26.382634075618682,-1.0660880654618783,tno-rate
Eris,7,26.382640681129548,-1.0660850805620101,tno-rate
Eris,8,26.38264728664041,-1.0660820956621417,tno-rate
Eris,9,26.382653892151275,-1.0660791107622736,tno-rate
Eris,10,26.382660497662137,-1.0660761258624052,tno-rate
Eris,11,26.382667103173002,-1.066073140962537,tno-rate
Eris,12,26.382673708683864,-1.0660701560626686,tno-rate
Eris,13,26.38268031419473,-1.0660671711628005,tno-rate
Eris,14,26.38268691970559,-1.066064186262932,tno-rate
Eris,15,26.382693525216457,-1.066061201363064,tno-rate
Eris,16,26.38270013072732,-1.0660582164631955,tno-rate
Eris,17,26.382706736238184,-1.0660552315633274,tno-rate
Eris,18,26.38271334174905,-1.066052246663459,tno-rate
Eris,19,26.38271994725991,-1.0660492617635908,tno-rate
Eris,20,26.382726552770777,-1.0660462768637227,tno-rate
Eris,21,26.38273315828164,-1.0660432919638543,tno-rate
Eris,22,26.382739763792504,-1.0660403070639861,tno-rate
Eris,23,26.382746369303366,-1.0660373221641177,tno-rate
Eris,24,26.38275297481423,-1.0660343372642496,tno-rate
Eris,25,26.382759580325093,-1.0660313523643812,tno-rate
Eris,26,26.38276618583596,-1.066028367464513,tno-rate
Eris,27,26.38277279134682,-1.0660253825646446,tno-rate
Eris,28,26.382779396857686,-1.0660223976647765,tno-rate
Eris,29,26.382786002368547,-1.066019412764908,tno-rate
Eris,30,26.382792607879413,-1.06601642786504,tno-rate
Fomalhaut,-30,344.4107526075208,-29.62315975633079,engine
Fomalhaut,-20,344.4107503915057,-29.623159519336745,engine
Fomalhaut,-15,344.4107492797279,-29.62315938166956,engine
Fomalhaut,-10,344.41074816630834,-29.6231592311959,engine
Fomalhaut,-5,344.4107470519015,-29.623159067903565,engine
Fomalhaut,-2,344.4107463830563,-29.623158963772465,engine
Fomalhaut,-1,344.4107461601058,-29.623158928036045,engine
Fomalhaut,0,344.41074593716303,-29.623158891786595,engine
Fomalhaut,1,344.41074571423314,-29.623158855024133,engine
Fomalhaut,2,344.4107454913215,-29.623158817748728,engine
Fomalhaut,3,344.4107452684333,-29.623158779960367,engine
Fomalhaut,4,344.4107450455737,-29.623158741659132,engine
Fomalhaut,5,344.4107448227481,-29.62315870284509,engine
Fomalhaut,6,344.4107445999614,-29.623158663518254,engine
Fomalhaut,7,344.4107443772193,-29.623158623678787,engine
Fomalhaut,8,344.41074415452687,-29.62315858332672,engine
Fomalhaut,9,344.4107439318893,-29.62315854246219,engine
Fomalhaut,10,344.41074370931176,-29.623158501085292,engine
Fomalhaut,11,344.4107434867996,-29.623158459196134,engine
Fomalhaut,12,344.4107432643581,-29.623158416794844,engine
Fomalhaut,13,344.4107430419923,-29.623158373881566,engine
Fomalhaut,14,344.4107428197076,-29.62315833045644,engine
Fomalhaut,15,344.4107425975092,-29.62315828651963,engine
Fomalhaut,16,344.41074237540226,-29.623158242071337,engine
Fomalhaut,17,344.41074215339194,-29.623158197111653,engine
Fomalhaut,18,344.4107419314837,-29.623158151640865,engine
Fomalhaut,19,344.41074170968267,-29.623158105659122,engine
Fomalhaut,20,344.410741487994,-29.623158059166638,engine
Fomalhaut,21,344.4107412664231,-29.623158012163607,engine
Fomalhaut,22,344.4107410449749,-29.623157964650286,engine
Fomalhaut,23,344.4107408236548,-29.623157916626912,engine
Fomalhaut,24,344.41074060246797,-29.62315786809371,engine
Fomalhaut,25,344.4107403814196,-29.62315781905095,engine
Fomalhaut,26,344.41074016051493,-29.6231577694989,engine
Fomalhaut,27,344.41073993975914,-29.623157719437817,engine
Fomalhaut,28,344.4107397191575,-29.62315766886799,engine
Fomalhaut,29,344.4107394987149,-29.623157617789698,engine
Fomalhaut,30,344.41073927843706,-29.623157566203304,engine
Juno,-30,328.5265336078485,-4.917182561574864,engine
Juno,-20,328.5288777877879,-4.9163771589372525,engine
Juno,-15,328.53005020348087,-4.915974460272599,engine
Juno,-10,328.531222835403,-4.915571764039231,engine
Juno,-5,328.53239568325876,-4.915169070553493,engine
Juno,-2,328.53309949517285,-4.9149274560128235,engine
Juno,-1,328.5333341162599,-4.914846918114308,engine
Juno,0,328.53356874601224,-4.9147663803462756,engine
Juno,1,328.5338033842449,-4.914685842736064,engine
Juno,2,328.53403803112866,-4.914605305263059,engine
Juno,3,328.5342726865672,-4.914524767942608,engine
Juno,4,328.53450735046374,-4.914444230790052,engine
Juno,5,328.53474202298895,-4.914363693784774,engine
Juno,6,328.53497670411394,-4.91428315690008,engine
Juno,7,328.5352113936943,-4.914202620223361,engine
Juno,8,328.5354460917898,-4.914122083715932,engine
Juno,9,328.5356807983032,-4.914041547393131,engine
Juno,10,328.5359155134039,-4.913961011234307,engine
Juno,11,328.5361502369941,-4.913880475254782,engine
Juno,12,328.53638496897577,-4.9137999394698735,engine
Juno,13,328.536619709518,-4.913719403858929,engine
Juno,14,328.53685445843325,-4.9136388684492385,engine
Juno,15,328.53708921589026,-4.913558333220146,engine
Juno,16,328.5373239817904,-4.913477798186955,engine
Juno,17,328.5375587561921,-4.913397263310957,engine
Juno,18,328.5377935389486,-4.9133167286794865,engine
Juno,19,328.5380283301182,-4.91323619425382,engine
Juno,20,328.53826312960155,-4.91315566004926,engine
Juno,21,328.53849793756615,-4.91307512604511,engine
Juno,22,328.5387327539123,-4.912994592256639,engine
Juno,23,328.53896757854005,-4.912914058699138,engine
Juno,24,328.53920241161654,-4.912833525351887,engine
Juno,25,328.5394372530415,-4.912752992230172,engine
Juno,26,328.5396721027145,-4.912672459349231,engine
Juno,27,328.53990696080206,-4.912591926688369,engine
Juno,28,328.5401418272035,-4.912511394262817,engine
Juno,29,328.5403767019753,-4.9124308620338395,engine
Juno,30,328.54061158496853,-4.912350330088697,engine
Jupiter,-30,355.8388617307114,-2.9360403593051045,engine
Jupiter,-20,355.8402746765879,-2.9354437892198013,engine
Jupiter,-15,355.84098130139927,-2.93514550661438,engine
Jupiter,-10,355.84168802901235,-2.9348472258579066,engine
Jupiter,-5,355.84239486085755,-2.9345489469794437,engine
Jupiter,-2,355.8428190103194,-2.9343699806724954,engine
Jupiter,-1,355.84296040196904,-2.9343103253919045,engine
Jupiter,0,355.8431017978311,-2.9342506702117195,engine
Jupiter,1,355.84324319794746,-2.934191015118829,engine
Jupiter,2,355.8433846023267,-2.9341313601142307,engine
Jupiter,3,355.84352601101057,-2.934071705184787,engine
Jupiter,4,355.8436674239407,-2.9340120503598026,engine
Jupiter,5,355.84380884115865,-2.933952395626165,engine
Jupiter,6,355.84395026276746,-2.933892740944862,engine
Jupiter,7,355.84409168861885,-2.9338330863827857,engine
Jupiter,8,355.84423311874895,-2.9337734319292488,engine
Jupiter,9,355.844374553199,-2.933713777571112,engine
Jupiter,10,355.8445159919768,-2.933654123309408,engine
Jupiter,11,355.8446574351233,-2.933594469131023,engine
Jupiter,12,355.8447988825794,-2.933534815065258,engine
Jupiter,13,355.8449403343862,-2.933475161099007,engine
Jupiter,14,355.845081790551,-2.9334155072333004,engine
Jupiter,15,355.84522325111436,-2.933355853455009,engine
Jupiter,16,355.845364716017,-2.9332961997934763,engine
Jupiter,17,355.84550618539424,-2.9332365461955714,engine
Jupiter,18,355.8456476590634,-2.933176892742337,engine
Jupiter,19,355.84578913715967,-2.9331172393806653,engine
Jupiter,20,355.8459306196232,-2.933057586139889,engine
Jupiter,21,355.84607210649415,-2.9329979330068947,engine
Jupiter,22,355.8462135977793,-2.9329382799827255,engine
Jupiter,23,355.8463550935185,-2.932878627054275,engine
Jupiter,24,355.8464965936516,-2.932818974250878,engine
Jupiter,25,355.8466380982183,-2.9327593215594443,engine
Jupiter,26,355.8467796072251,-2.932699668981003,engine
Jupiter,27,355.8469211207114,-2.9326400165024564,engine
Jupiter,28,355.8470626386167,-2.9325803641531634,engine
Jupiter,29,355.8472041610753,-2.9325207118800103,engine
Jupiter,30,355.8473456879033,-2.9324610597640492,engine
Ketu,-30,229.86218429823487,-18.335210914311215,engine
Ketu,-20,229.86218875214246,-18.33521203360486,engine
Ketu,-15,229.8621913181404,-18.33521267862027,engine
Ketu,-10,229.86219410984802,-18.335213380467568,engine
Ketu,-5,229.86219712702464,-18.335214139086126,engine
Ketu,-2,229.8621990454553,-18.335214621482166,engine
Ketu,-1,229.86219970294172,-18.335214786815502,engine
Ketu,0,229.86220036942905,-18.335214954415182,engine
Ketu,1,229.86220104491622,-18.33521512428096,engine
Ketu,2,229.86220172940082,-18.335215296412226,engine
Ketu,3,229.86220242288144,-18.335215470808603,engine
Ketu,4,229.86220312535536,-18.335215647469415,engine
Ketu,5,229.8622038368209,-18.335215826394247,engine
Ketu,6,229.8622045572769,-18.335216007582808,engine
Ketu,7,229.86220528672007,-18.335216191034256,engine
Ketu,8,229.86220602514933,-18.335216376748335,engine
Ketu,9,229.86220677256247,-18.335216564724472,engine
Ketu,10,229.8622075289576,-18.3352167549622,engine
Ketu,11,229.8622082943328,-18.33521694746102,engine
Ketu,12,229.8622090686864,-18.335217142220564,engine
Ketu,13,229.8622098520159,-18.335217339240135,engine
Ketu,14,229.86221064431993,-18.33521753851942,engine
Ketu,15,229.86221144559613,-18.33521774005782,engine
Ketu,16,229.86221225584276,-18.335217943854907,engine
Ketu,17,229.86221307505897,-18.335218149910457,engine
Ketu,18,229.86221390324042,-18.33521835822337,engine
Ketu,19,229.86221474038638,-18.335218568793476,engine
Ketu,20,229.86221558649504,-18.335218781620313,engine
Ketu,21,229.8622164415644,-18.33521899670338,engine
Ketu,22,229.86221730559248,-18.335219214042183,engine
Ketu,23,229.86221817857714,-18.33521943363617,engine
Ketu,24,229.86221906051665,-18.335219655484913,engine
Ketu,25,229.86221995140906,-18.33521987958791,engine
Ketu,26,229.86222085125212,-18.33522010594461,engine
Ketu,27,229.86222176004432,-18.33522033455463,engine
Ketu,28,229.86222267778345,-18.335220565417412,engine
Ketu,29,229.86222360446823,-18.335220798532635,engine
Ketu,30,229.8622245400953,-18.335221033899433,engine
Mars,-30,334.82171294288395,-11.959952600566053,engine
Mars,-20,334.8267458030197,-11.958122485916551,engine
Mars,-15,334.8292628533351,-11.957207401426507,engine
Mars,-10,334.8317803162424,-11.956292301516392,engine
Mars,-5,334.8342981918566,-11.955377187819707,engine
Mars,-2,334.83580911465015,-11.954828113896971,engine
Mars,-1,334.83631278847673,-11.954645088382899,engine
Mars,0,334.8368164787378,-11.954462062457186,engine
Mars,1,334.8373201854249,-11.954279036134775,engine
Mars,2,334.83782390852946,-11.954096009430602,engine
Mars,3,334.83832764804237,-11.953912982359622,engine
Mars,4,334.8388314039542,-11.953729954936746,engine
Mars,5,334.83933517625525,-11.953546927176902,engine
Mars,6,334.8398389652735,-11.953363898972228,engine
Mars,7,334.84034277032265,-11.953180870583116,engine
Mars,8,334.84084659173016,-11.952997841901714,engine
Mars,9,334.8413504294848,-11.95281481294289,engine
Mars,10,334.8418542835754,-11.9526317837215,engine
Mars,11,334.84235815399023,-11.952448754252407,engine
Mars,12,334.8428620407174,-11.952265724550427,engine
Mars,13,334.8433659437446,-11.952082694630423,engine
Mars,14,334.84386986305907,-11.9518996645072,engine
Mars,15,334.8443737986481,-11.951716634195545,engine
Mars,16,334.8448777506866,-11.951533603638573,engine
Mars,17,334.8453817191223,-11.95135057287172,engine
Mars,18,334.8458857034539,-11.951167542083496,engine
Mars,19,334.8463897040049,-11.950984511165952,engine
Mars,20,334.84689372076093,-11.950801480133796,engine
Mars,21,334.84739775370696,-11.950618449001778,engine
Mars,22,334.847901802828,-11.9504354177846,engine
Mars,23,334.84840586810833,-11.950252386496956,engine
Mars,24,334.8489099495323,-11.95006935515352,engine
Mars,25,334.84941404708354,-11.949886323768972,engine
Mars,26,334.8499181607459,-11.94970329235793,engine
Mars,27,334.8504222905023,-11.949520260935069,engine
Mars,28,334.85092643633584,-11.949337229514981,engine
Mars,29,334.85143059856705,-11.949154197989541,engine
Mars,30,334.8519347765021,-11.948971166618811,engine
Mercury,-30,41.25513740084027,17.7165888446836,engine
Mercury,-20,41.26698402397274,17.72129984669969,engine
Mercury,-15,41.272906985230726,17.723654379472435,engine
Mercury,-10,41.27882972938455,17.72600826883752,engine
Mercury,-5,41.28475226995662,17.728361516881698,engine
Mercury,-2,41.288305701401185,17.72977315855584,engine
Mercury,-1,41.289490163705324,17.73024365469544,engine
Mercury,0,41.290674618350785,17.730714125117814,engine
Mercury,1,41.291859066241045,17.73118457024295,engine
Mercury,2,41.29304350707254,17.731654989885655,engine
Mercury,3,41.29422794094372,17.732125384062645,engine
Mercury,4,41.29541236795278,17.732595752790758,engine
Mercury,5,41.29659678819767,17.733066096086954,engine
Mercury,6,41.29778120216803,17.733536414081943,engine
Mercury,7,41.29896560917723,17.7340067065657,engine
Mercury,8,41.30015000971444,17.734476973669203,engine
Mercury,9,41.30133440387643,17.734947215409935,engine
Mercury,10,41.30251879175985,17.735417431805487,engine
Mercury,11,41.30370317346098,17.735887622873598,engine
Mercury,12,41.30488754867383,17.736357788430478,engine
Mercury,13,41.30607191829817,17.736827928897405,engine
Mercury,14,41.307256282027446,17.73729804409082,engine
Mercury,15,41.308440639956856,17.737768134028975,engine
Mercury,16,41.30962499218127,17.738238198730215,engine
Mercury,17,41.31080933958944,17.73870823852817,engine
Mercury,18,41.311993680285525,17.73917825260956,engine
Mercury,19,41.313178015961526,17.73964824171142,engine
Mercury,20,41.314362346309245,17.740118205651047,engine
Mercury,21,41.31554667142209,17.74058814444738,engine
Mercury,22,41.3167309913933,17.741058058119542,engine
Mercury,23,41.31791530631564,17.74152794668676,engine
Mercury,24,41.31909961587997,17.741997809966833,engine
Mercury,25,41.32028392098204,17.74246764838227,engine
Mercury,26,41.32146822131205,17.74293746175113,engine
Mercury,27,41.32265251696163,17.743407250093124,engine
Mercury,28,41.32383680802212,17.74387701342806,engine
Mercury,29,41.325021095378624,17.74434675209086,engine
Mercury,30,41.326205377132105,17.74481646527022,engine
Moon,-30,230.49222047141498,-19.04103793408624,engine
Moon,-20,230.61802423919139,-19.077714779296087,engine
Moon,-15,230.68081263690877,-19.096160171548338,engine
Moon,-10,230.74351781210098,-19.114676286605373,engine
Moon,-5,230.80613473617674,-19.133262786263554,engine
Moon,-2,230.84366023957813,-19.144448263755777,engine
Moon,-1,230.85616091986972,-19.14818229926598,engine
Moon,0,230.86865785429978,-19.151919157029578,engine
Moon,1,230.88115064722126,-19.155658746746507,engine
Moon,2,230.89363960947014,-19.159401150399283,engine
Moon,3,230.90612434552526,-19.163146277628663,engine
Moon,4,230.9186051663397,-19.16689421024584,engine
Moon,5,230.9310818531359,-19.1706449008496,engine
Moon,6,230.94355419560313,-19.17439830456575,engine
Moon,7,230.956022488144,-19.1781544979128,engine
Moon,8,230.96848652055255,-19.18191343586885,engine
Moon,9,230.9809460743913,-19.185675070937982,engine
Moon,10,230.99340146097398,-19.18943948439123,engine
Moon,11,231.00585228543312,-19.19320658568021,engine
Moon,12,231.01829885918713,-19.196976455896614,engine
Moon,13,231.03074096409804,-19.200749047329378,engine
Moon,14,231.04317838210173,-19.204524312265253,engine
Moon,15,231.05561142482628,-19.20830233153248,engine
Moon,16,231.06803987432718,-19.21208305729441,engine
Moon,17,231.08046352117364,-19.215866444258328,engine
Moon,18,231.09288266048847,-19.21965256791742,engine
Moon,19,231.10529708292736,-19.223441382841937,engine
Moon,20,231.11770657097634,-19.22723284109539,engine
Moon,21,231.13011143662257,-19.231027022970014,engine
Moon,22,231.1425114624587,-19.23482388039138,engine
Moon,23,231.15490643120498,-19.23862336528587,engine
Moon,24,231.16729665505758,-19.242425557695626,engine
Moon,25,231.1796819168874,-19.2462304094195,engine
Moon,26,231.1920619996621,-19.25003787227099,engine
Moon,27,231.20443721580656,-19.25384802602243,engine
Moon,28,231.21680734844762,-19.257660822362602,engine
Moon,29,231.2291723655664,-19.261476258154534,engine
Moon,30,231.24153203388326,-19.2652942799409,engine
Neptune,-30,354.823214301593,-3.471772972819617,engine
Neptune,-20,354.8234209028471,-3.471686308468725,engine
Neptune,-15,354.82352422224966,-3.471642975734667,engine
Neptune,-10,354.8236275550573,-3.4715996426638207,engine
Neptune,-5,354.82373090196563,-3.4715563092674016,engine
Neptune,-2,354.8237929171401,-3.4715303090887315,engine
Neptune,-1,354.8238135900677,-3.4715216423402895,engine
Neptune,0,354.8238342636088,-3.4715129755796816,engine
Neptune,1,354.8238549377634,-3.471504308809154,engine
Neptune,2,354.8238756125418,-3.471495642026844,engine
Neptune,3,354.82389628794425,-3.471486975234998,engine
Neptune,4,354.8239169639808,-3.4714783084317573,engine
Neptune,5,354.82393764065415,-3.471469641618347,engine
Neptune,6,354.8239583179808,-3.4714609747901757,engine
Neptune,7,354.8239789959431,-3.471452307957014,engine
Neptune,8,354.82399967455495,-3.4714436411153007,engine
Neptune,9,354.82402035382654,-3.4714349742631874,engine
Neptune,10,354.82404103375796,-3.471426307402927,engine
Neptune,11,354.8240617143592,-3.4714176405326698,engine
Neptune,12,354.82408239563017,-3.471408973654676,engine
Neptune,13,354.8241030775812,-3.4714003067670944,engine
Neptune,14,354.82412376021455,-3.471391639871165,engine
Neptune,15,354.8241444435328,-3.471382972968119,engine
Neptune,16,354.82416512754594,-3.471374306056115,engine
Neptune,17,354.8241858122678,-3.4713656391316055,engine
Neptune,18,354.8242064976805,-3.4713569722043696,engine
Neptune,19,354.824227183798,-3.471348305270869,engine
Neptune,20,354.82424787063,-3.471339638329262,engine
Neptune,21,354.82426855817914,-3.4713309713807883,engine
Neptune,22,354.8242892464476,-3.4713223044267,engine
Neptune,23,354.8243099354454,-3.4713136374651548,engine
Neptune,24,354.82433062517225,-3.4713049704984305,engine
Neptune,25,354.82435131563807,-3.471296303524694,engine
Neptune,26,354.8243720068427,-3.4712876365462204,engine
Neptune,27,354.82439269879586,-3.47127896956118,engine
Neptune,28,354.8244133914999,-3.471270302570824,engine
Neptune,29,354.8244340849709,-3.471261635570596,engine
Neptune,30,354.82445477919094,-3.4712529685702926,engine
Pallas,-30,27.96958748788665,-3.6517508364177766,engine
Pallas,-20,27.97245052810068,-3.651224134015259,engine
Pallas,-15,27.97388223025498,-3.6509607810647258,engine
Pallas,-10,27.975314058325917,-3.650697427223619,engine
Pallas,-5,27.976746016037875,-3.6504340725610955,engine
Pallas,-2,27.977605254167575,-3.650276059480709,engine
Pallas,-1,27.977891677666214,-3.650223388413806,engine
Pallas,0,27.97817810659158,-3.6501707173275992,engine
Pallas,1,27.978464540895153,-3.6501180462146094,engine
Pallas,2,27.978750980754356,-3.650065375093859,engine
Pallas,3,27.97903742612045,-3.6500127039578807,engine
Pallas,4,27.979323876944612,-3.6499600327992003,engine
Pallas,5,27.979610333403954,-3.6499073616368753,engine
Pallas,6,27.97989679564156,-3.6498546904281257,engine
Pallas,7,27.980183263224166,-3.649802019236155,engine
Pallas,8,27.98046973652065,-3.6497493480447085,engine
Pallas,9,27.98075621548169,-3.6496966768463595,engine
Pallas,10,27.98104270005788,-3.649644005633678,engine
Pallas,11,27.98132919042575,-3.6495913344257613,engine
Pallas,12,27.981615686460334,-3.6495386632063624,engine
Pallas,13,27.98190218833794,-3.6494859919945886,engine
Pallas,14,27.98218869600875,-3.6494333207830394,engine
Pallas,15,27.982475209422848,-3.6493806495643275,engine
Pallas,16,27.98276172875625,-3.649327978357583,engine
Pallas,17,27.983048254075584,-3.6492753071112745,engine
Pallas,18,27.98333478517242,-3.649222635915173,engine
Pallas,19,27.983621322188526,-3.649169964726603,engine
Pallas,20,27.98390786507347,-3.649117293538212,engine
Pallas,21,27.984194414002733,-3.64906462236916,engine
Pallas,22,27.98448096885033,-3.649011951203261,engine
Pallas,23,27.98476752979152,-3.648959280059695,engine
Pallas,24,27.985054096775414,-3.648906608931132,engine
Pallas,25,27.985340669751075,-3.6488539378102556,engine
Pallas,26,27.98562724889341,-3.6488012667162475,engine
Pallas,27,27.985913834075916,-3.648748595632975,engine
Pallas,28,27.9862004254733,-3.6486959245796373,engine
Pallas,29,27.986487023226353,-3.6486432535136215,engine
Pallas,30,27.986773626899197,-3.6485905824982723,engine
Pluto,-30,300.78715720943393,-22.402507219648474,engine
Pluto,-20,300.78719964135126,-22.4025150572275,engine
Pluto,-15,300.7872209008442,-22.402518973741984,engine
Pluto,-10,300.7872421895759,-22.402522889100723,engine
Pluto,-5,300.78726350769153,-22.402526803577132,engine
Pluto,-2,300.78727631271477,-22.402529151952656,engine
Pluto,-1,300.78728058342057,-22.402529934705996,engine
Pluto,0,300.7872848553102,-22.40253071744373,engine
Pluto,1,300.78728912838443,-22.402531500168067,engine
Pluto,2,300.7872934026441,-22.40253228288121,engine
Pluto,3,300.78729767808983,-22.402533065585363,engine
Pluto,4,300.78730195472247,-22.40253384828272,engine
Pluto,5,300.7873062325427,-22.40253463097548,engine
Pluto,6,300.787310511554,-22.402535413666374,engine
Pluto,7,300.78731479175127,-22.402536196356575,engine
Pluto,8,300.78731907313806,-22.402536979048783,engine
Pluto,9,300.78732335571493,-22.402537761745222,engine
Pluto,10,300.78732763948256,-22.402538544448095,engine
Pluto,11,300.7873319244412,-22.40253932715962,engine
Pluto,12,300.7873362105916,-22.402540109881986,engine
Pluto,13,300.7873404979342,-22.40254089261743,engine
Pluto,14,300.7873447864694,-22.402541675368138,engine
Pluto,15,300.7873490761977,-22.402542458136335,engine
Pluto,16,300.78735336711935,-22.40254324092421,engine
Pluto,17,300.78735765923767,-22.40254402373452,engine
Pluto,18,300.7873619525473,-22.402544806568443,engine
Pluto,19,300.78736624705135,-22.402545589428673,engine
Pluto,20,300.7873705427502,-22.402546372317467,engine
Pluto,21,300.7873748396441,-22.40254715523702,engine
Pluto,22,300.7873791377356,-22.40254793818976,engine
Pluto,23,300.78738343702014,-22.40254872117746,engine
Pluto,24,300.78738773750035,-22.40254950420257,engine
Pluto,25,300.7873920391762,-22.402550287267296,engine
Pluto,26,300.787396342048,-22.40255107037385,engine
Pluto,27,300.7874006461158,-22.40255185352445,engine
Pluto,28,300.7874049513796,-22.402552636721325,engine
Pluto,29,300.7874092578424,-22.402553419967195,engine
Pluto,30,300.7874135654984,-22.402554203263232,engine
Rahu,-30,49.86218429823487,18.335210914311215,engine
Rahu,-20,49.862188752142465,18.33521203360486,engine
Rahu,-15,49.86219131814039,18.33521267862027,engine
Rahu,-10,49.86219410984802,18.335213380467568,engine
Rahu,-5,49.862197127024636,18.335214139086126,engine
Rahu,-2,49.862199045455306,18.335214621482166,engine
Rahu,-1,49.86219970294172,18.335214786815502,engine
Rahu,0,49.86220036942903,18.335214954415182,engine
Rahu,1,49.862201044916205,18.33521512428096,engine
Rahu,2,49.86220172940082,18.335215296412226,engine
Rahu,3,49.862202422881445,18.335215470808603,engine
Rahu,4,49.862203125355364,18.335215647469415,engine
Rahu,5,49.8622038368209,18.335215826394247,engine
Rahu,6,49.86220455727689,18.335216007582808,engine
Rahu,7,49.86220528672008,18.335216191034256,engine
Rahu,8,49.862206025149334,18.335216376748335,engine
Rahu,9,49.862206772562466,18.335216564724472,engine
Rahu,10,49.86220752895761,18.3352167549622,engine
Rahu,11,49.862208294332795,18.33521694746102,engine
Rahu,12,49.862209068686425,18.335217142220564,engine
Rahu,13,49.8622098520159,18.335217339240135,engine
Rahu,14,49.862210644319916,18.33521753851942,engine
Rahu,15,49.86221144559612,18.33521774005782,engine
Rahu,16,49.86221225584276,18.335217943854907,engine
Rahu,17,49.86221307505898,18.335218149910457,engine
Rahu,18,49.86221390324041,18.33521835822337,engine
Rahu,19,49.86221474038639,18.335218568793476,engine
Rahu,20,49.862215586495026,18.335218781620313,engine
Rahu,21,49.86221644156441,18.33521899670338,engine
Rahu,22,49.862217305592466,18.335219214042183,engine
Rahu,23,49.86221817857714,18.33521943363617,engine
Rahu,24,49.86221906051666,18.335219655484913,engine
Rahu,25,49.86221995140907,18.33521987958791,engine
Rahu,26,49.862220851252104,18.33522010594461,engine
Rahu,27,49.86222176004432,18.33522033455463,engine
Rahu,28,49.862222677783436,18.335220565417412,engine
Rahu,29,49.86222360446823,18.335220798532635,engine
Rahu,30,49.8622245400953,18.335221033899433,engine
Regulus,-30,152.0943199526947,11.966203471766685,engine
Regulus,-20,152.09432182344477,11.966203734150591,engine
Regulus,-15,152.09432275360743,11.966203873300895,engine
Regulus,-10,152.09432367952647,11.9662040177337,engine
Regulus,-5,152.09432460062808,11.96620416742861,engine
Regulus,-2,152.09432515073865,11.96620425976191,engine
Regulus,-1,152.09432533365643,11.966204290957894,engine
Regulus,0,152.09432551634038,11.966204322362644,engine
Regulus,1,152.09432569878598,11.966204353975952,engine
Regulus,2,152.09432588098875,11.966204385797596,engine
Regulus,3,152.09432606294405,11.966204417827369,engine
Regulus,4,152.09432624464745,11.966204450065026,engine
Regulus,5,152.09432642609434,11.966204482510362,engine
Regulus,6,152.0943266072804,11.966204515163149,engine
Regulus,7,152.09432678820082,11.966204548023118,engine
Regulus,8,152.09432696885122,11.966204581090052,engine
Regulus,9,152.09432714922707,11.966204614363706,engine
Regulus,10,152.0943273293239,11.96620464784383,engine
Regulus,11,152.09432750913723,11.96620468153017,engine
Regulus,12,152.09432768866253,11.966204715422482,engine
Regulus,13,152.09432786789537,11.966204749520493,engine
Regulus,14,152.0943280468312,11.966204783823954,engine
Regulus,15,152.09432822546566,11.966204818332582,engine
Regulus,16,152.09432840379412,11.966204853046122,engine
Regulus,17,152.0943285818124,11.966204887964308,engine
Regulus,18,152.09432875951572,11.966204923086824,engine
Regulus,19,152.09432893689976,11.966204958413403,engine
Regulus,20,152.09432911396007,11.966204993943775,engine
Regulus,21,152.0943292906922,11.966205029677628,engine
Regulus,22,152.0943294670918,11.966205065614673,engine
Regulus,23,152.0943296431544,11.966205101754626,engine
Regulus,24,152.09432981887554,11.966205138097166,engine
Regulus,25,152.09432999425084,11.966205174641999,engine
Regulus,26,152.09433016927588,11.966205211388809,engine
Regulus,27,152.09433034394633,11.966205248337285,engine
Regulus,28,152.09433051825772,11.966205285487108,engine
Regulus,29,152.09433069220583,11.966205322837988,engine
Regulus,30,152.09433086578602,11.966205360389537,engine
Saturn,-30,325.84808091166286,-14.72366629431275,engine
Saturn,-20,325.84857201031946,-14.723517950678835,engine
Saturn,-15,325.8488176517672,-14.723443783106077,engine
Saturn,-10,325.84906335478695,-14.723369618930812,engine
Saturn,-5,325.8493091195902,-14.723295458538534,engine
Saturn,-2,325.84945660813383,-14.723250964300302,engine
Saturn,-1,325.8495057759321,-14.723236133239114,engine
Saturn,0,325.84955494622005,-14.7232213023551,engine
Saturn,1,325.8496041189706,-14.72320647165969,engine
Saturn,2,325.8496532941977,-14.723191641152106,engine
Saturn,3,325.84970247190165,-14.723176810835636,engine
Saturn,4,325.8497516520825,-14.723161980713533,engine
Saturn,5,325.8498008347405,-14.723147150789114,engine
Saturn,6,325.8498500199087,-14.723132321055706,engine
Saturn,7,325.849899207521,-14.723117491536486,engine
Saturn,8,325.8499483976104,-14.723102662224798,engine
Saturn,9,325.84999759017677,-14.72308783312392,engine
Saturn,10,325.85004678522,-14.723073004237127,engine
Saturn,11,325.8500959827535,-14.72305817556365,engine
Saturn,12,325.85014518274943,-14.723043347114915,engine
Saturn,13,325.85019438522136,-14.72302851889012,engine
Saturn,14,325.8502435901687,-14.723013690892559,engine
Saturn,15,325.8502927975911,-14.722998863125508,engine
Saturn,16,325.850342007488,-14.722984035592248,engine
Saturn,17,325.85039121989183,-14.722969208286127,engine
Saturn,18,325.85044043473584,-14.722954381230306,engine
Saturn,19,325.85048965205243,-14.722939554418112,engine
Saturn,20,325.85053887185455,-14.722924727848751,engine
Saturn,21,325.8505880941138,-14.722909901533665,engine
Saturn,22,325.8506373188431,-14.722895075472044,engine
Saturn,23,325.8506865460416,-14.722880249667174,engine
Saturn,24,325.85073577570813,-14.72286542412231,engine
Saturn,25,325.8507850078418,-14.722850598840733,engine
Saturn,26,325.8508342424413,-14.722835773825727,engine
Saturn,27,325.8508834795194,-14.72282094907647,engine
Saturn,28,325.8509327190472,-14.722806124604398,engine
Saturn,29,325.85098196107026,-14.722791300398764,engine
Saturn,30,325.8510312055212,-14.722776476482698,engine
Sun,-30,26.234023232825923,10.845970289252119,engine
Sun,-20,26.2404272313119,10.848382773525627,engine
Sun,-15,26.24362997574425,10.849588809317494,engine
Sun,-10,26.24683323189443,10.850794709869241,engine
Sun,-5,26.250037012060993,10.85200047750874,engine
Sun,-2,26.251959535894173,10.852723874971348,engine
Sun,-1,26.252600420367504,10.852964997054611,engine
Sun,0,26.253241326584472,10.853206113963786,engine
Sun,1,26.253882254632053,10.85344722571584,engine
Sun,2,26.254523204596364,10.85368833232766,engine
Sun,3,26.25516417656382,10.853929433816415,engine
Sun,4,26.255805170619688,10.854170530199141,engine
Sun,5,26.25644618684956,10.854411621493144,engine
Sun,6,26.257087225767794,10.854652707877255,engine
Sun,7,26.25772828659942,10.854893789045596,engine
Sun,8,26.25836936985801,10.85513486517717,engine
Sun,9,26.25901047562747,10.855375936289539,engine
Sun,10,26.25965160399065,10.855617002400153,engine
Sun,11,26.26029275503067,10.855858063526753,engine
Sun,12,26.26093392882954,10.85609911968693,engine
Sun,13,26.26157512546954,10.856340170898541,engine
Sun,14,26.262216345031867,10.856581217179304,engine
Sun,15,26.262857587597935,10.85682225854723,engine
Sun,16,26.263498853248088,10.85706329502016,engine
Sun,17,26.264140142492966,10.857304326777871,engine
Sun,18,26.264781454551986,10.857545353515096,engine
Sun,19,26.265422789934934,10.857786375411731,engine
Sun,20,26.266064148720414,10.85802739248589,engine
Sun,21,26.26670553098729,10.858268404755975,engine
Sun,22,26.267346936813396,10.858509412240242,engine
Sun,23,26.26798836627668,10.858750414957228,engine
Sun,24,26.26862981945426,10.85899141292534,engine
Sun,25,26.26927129642273,10.859232406163098,engine
Sun,26,26.26991279725883,10.85947339468921,engine
Sun,27,26.270554322038144,10.859714378522252,engine
Sun,28,26.271195870836518,10.859955357681086,engine
Sun,29,26.271837444158813,10.860196332345959,engine
Sun,30,26.27247904121961,10.860437302212706,engine
Uranus,-30,41.18974873661704,15.552496829382271,engine
Uranus,-20,41.1901303998314,15.552615065683485,engine
Uranus,-15,41.190321225038,15.552674167203392,engine
Uranus,-10,41.190512047233085,15.552733257577897,engine
Uranus,-5,41.19070286744484,15.552792336795992,engine
Uranus,-2,41.190817358997556,15.552827778953525,engine
Uranus,-1,41.19085552280427,15.552839592111022,engine
Uranus,0,41.19089368659633,15.55285140481902,engine
Uranus,1,41.19093185039129,15.55286321708049,engine
Uranus,2,41.190970014192104,15.552875028893784,engine
Uranus,3,41.19100817800669,15.552886840258816,engine
Uranus,4,41.19104634183801,15.552898651173978,engine
Uranus,5,41.191084505703635,15.552910461642263,engine
Uranus,6,41.19112266963217,15.552922271669987,engine
Uranus,7,41.191160833580305,15.552934081241256,engine
Uranus,8,41.191198997576585,15.552945890362423,engine
Uranus,9,41.19123716163864,15.552957699036506,engine
Uranus,10,41.19127532576944,15.552969507261952,engine
Uranus,11,41.191313489971996,15.5529813150372,engine
Uranus,12,41.191351654263904,15.55299312236532,engine
Uranus,13,41.19138981864816,15.553004929244766,engine
Uranus,14,41.19142798312777,15.553016735674026,engine
Uranus,15,41.1914661477203,15.553028541656174,engine
Uranus,16,41.19150431242879,15.55304034718971,engine
Uranus,17,41.19154247728667,15.553052152282563,engine
Uranus,18,41.191580642245746,15.553063956917446,engine
Uranus,19,41.19161880734922,15.553075761105367,engine
Uranus,20,41.19165697260008,15.553087564844876,engine
Uranus,21,41.191695138001315,15.553099368134493,engine
Uranus,22,41.19173330357052,15.553111170977365,engine
Uranus,23,41.19177146931069,15.553122973372066,engine
Uranus,24,41.19180963522481,15.553134775317151,engine
Uranus,25,41.19184780133047,15.553146576815776,engine
Uranus,26,41.19188596763066,15.553158377866543,engine
Uranus,27,41.19192413412835,15.553170178468047,engine
Uranus,28,41.19196230084114,15.553181978623478,engine
Uranus,29,41.19200046779759,15.553193778339347,engine
Uranus,30,41.19203863494949,15.553205577598467,engine
Venus,-30,345.35356917236874,-6.883895722448505,engine
Venus,-20,345.3609126293507,-6.881361639209275,engine
Venus,-15,345.36458554006526,-6.8800944992733015,engine
Venus,-10,345.36825924079176,-6.878827296767572,engine
Venus,-5,345.3719337339093,-6.877560033405735,engine
Venus,-2,345.37413881029016,-6.876799647162746,engine
Venus,-1,345.37487389929356,-6.8765461804512995,engine
Venus,0,345.3756090199025,-6.876292711488396,engine
Venus,1,345.376344172424,-6.876039240227201,engine
Venus,2,345.3770793565608,-6.875785766746931,engine
Venus,3,345.3778145726185,-6.8755322910007655,engine
Venus,4,345.3785498202988,-6.8752788130679265,engine
Venus,5,345.37928509990604,-6.875025332901574,engine
Venus,6,345.3800204117846,-6.874771850379419,engine
Venus,7,345.38075575479905,-6.874518365889157,engine
Venus,8,345.3814911297451,-6.874264879213933,engine
Venus,9,345.3822265363212,-6.874011390433014,engine
Venus,10,345.3829619748289,-6.873757899499484,engine
Venus,11,345.38369744496555,-6.873504406492624,engine
Venus,12,345.38443294703137,-6.873250911365508,engine
Venus,13,345.3851684808734,-6.87299741416586,engine
Venus,14,345.38590404633817,-6.872743914941384,engine
Venus,15,345.386639643724,-6.872490413645171,engine
Venus,16,345.38737527272525,-6.872236910356461,engine
Venus,17,345.3881109341325,-6.871983404858329,engine
Venus,18,345.38884662665237,-6.871729897569982,engine
Venus,19,345.38958235107395,-6.871476388274511,engine
Venus,20,345.3903181072403,-6.871222877019563,engine
Venus,21,345.39105389499355,-6.870969363852861,engine
Venus,22,345.39178971462786,-6.8707158487273805,engine
Venus,23,345.3925255658334,-6.870462331722391,engine
Venus,24,345.3932614489033,-6.870208812790859,engine
Venus,25,345.39399736352624,-6.869955292012024,engine
Venus,26,345.3947333099943,-6.869701769338857,engine
Venus,27,345.39546928814593,-6.869448244818999,engine
Venus,28,345.3962052978192,-6.869194718500106,engine
Venus,29,345.39694133979765,-6.868941190165099,engine
Venus,30,345.3976774127802,-6.868687660233209,engine
Vesta,-30,319.8503171826203,-16.565741179372377,engine
Vesta,-20,319.8532270612143,-16.565146936732926,engine
Vesta,-15,319.8546824231334,-16.5648498561155,engine
Vesta,-10,319.8561380639274,-16.564552805180664,engine
Vesta,-5,319.8575939818892,-16.564255785694595,engine
Vesta,-2,319.8584676646184,-16.5640775898957,engine
Vesta,-1,319.85875891404373,-16.56401819403709,engine
Vesta,0,319.859050174509,-16.563958799548015,engine
Vesta,1,319.85934144574156,-16.563899406486197,engine
Vesta,2,319.8596327278481,-16.563840014844487,engine
Vesta,3,319.8599240208086,-16.563780624637367,engine
Vesta,4,319.86021532472915,-16.563721235857642,engine
Vesta,5,319.8605066393362,-16.563661848562923,engine
Vesta,6,319.86079796493095,-16.563602462706196,engine
Vesta,7,319.8610893012281,-16.563543078359835,engine
Vesta,8,319.8613806481488,-16.563483695541557,engine
Vesta,9,319.861672005798,-16.563424314244063,engine
Vesta,10,319.8619633741541,-16.563364934481626,engine
Vesta,11,319.8622547533216,-16.563305556246895,engine
Vesta,12,319.86254614302544,-16.56324617959732,engine
Vesta,13,319.86283754336955,-16.563186804525493,engine
Vesta,14,319.863128954458,-16.563127431023947,engine
Vesta,15,319.86342037601486,-16.563068059150062,engine
Vesta,16,319.86371180814353,-16.56300868889636,engine
Vesta,17,319.86400325114266,-16.562949320215495,engine
Vesta,18,319.86429470434496,-16.56288995324436,engine
Vesta,19,319.86458616804845,-16.56283058793559,engine
Vesta,20,319.86487764235585,-16.562771224281548,engine
Vesta,21,319.86516912698966,-16.562711862339448,engine
Vesta,22,319.86546062205224,-16.562652502101606,engine
Vesta,23,319.8657521276453,-16.56259314356036,engine
Vesta,24,319.866043643491,-16.562533786772782,engine
Vesta,25,319.8663351696906,-16.56247443173112,engine
Vesta,26,319.86662670634547,-16.562415078427605,engine
Vesta,27,319.8669182531769,-16.562355726919247,engine
Vesta,28,319.8672098102858,-16.562296377198194,engine
Vesta,29,319.86750137796804,-16.56223702921679,engine
Vesta,30,319.8677929555534,-16.562177683111507,engine
Gonggong,-30,337.3005127379791,-11.046572031911001,tno-rate
Gonggong,-20,337.30055944769714,-11.046551181416755,tno-rate
Gonggong,-15,337.3005828025562,-11.04654075616963,tno-rate
Gonggong,-10,337.30060615741525,-11.046530330922506,tno-rate
Gonggong,-5,337.30062951227427,-11.046519905675384,tno-rate
Gonggong,-2,337.3006435251897,-11.046513650527109,tno-rate
Gonggong,-1,337.3006481961615,-11.046511565477685,tno-rate
Gonggong,0,337.3006528671333,-11.04650948042826,tno-rate
Gonggong,1,337.3006575381051,-11.046507395378834,tno-rate
Gonggong,2,337.3006622090769,-11.04650531032941,tno-rate
Gonggong,3,337.3006668800487,-11.046503225279984,tno-rate
Gonggong,4,337.3006715510205,-11.04650114023056,tno-rate
Gonggong,5,337.3006762219923,-11.046499055181135,tno-rate
Gonggong,6,337.3006808929641,-11.046496970131711,tno-rate
Gonggong,7,337.30068556393593,-11.046494885082286,tno-rate
Gonggong,8,337.30069023490773,-11.046492800032862,tno-rate
Gonggong,9,337.30069490587954,-11.046490714983436,tno-rate
Gonggong,10,337.30069957685134,-11.046488629934013,tno-rate
Gonggong,11,337.30070424782315,-11.046486544884587,tno-rate
Gonggong,12,337.30070891879495,-11.046484459835163,tno-rate
Gonggong,13,337.30071358976676,-11.046482374785738,tno-rate
Gonggong,14,337.30071826073856,-11.046480289736314,tno-rate
Gonggong,15,337.30072293171037,-11.046478204686888,tno-rate
Gonggong,16,337.30072760268223,-11.046476119637465,tno-rate
Gonggong,17,337.30073227365403,-11.046474034588039,tno-rate
Gonggong,18,337.30073694462584,-11.046471949538615,tno-rate
Gonggong,19,337.30074161559764,-11.04646986448919,tno-rate
Gonggong,20,337.30074628656945,-11.046467779439764,tno-rate
Gonggong,21,337.30075095754125,-11.04646569439034,tno-rate
Gonggong,22,337.30075562851306,-11.046463609340915,tno-rate
Gonggong,23,337.30076029948486,-11.046461524291491,tno-rate
Gonggong,24,337.30076497045667,-11.046459439242065,tno-rate
Gonggong,25,337.3007696414285,-11.046457354192642,tno-rate
Gonggong,26,337.3007743124003,-11.046455269143216,tno-rate
Gonggong,27,337.3007789833721,-11.046453184093792,tno-rate
Gonggong,28,337.3007836543439,-11.046451099044367,tno-rate
Gonggong,29,337.3007883253157,-11.046449013994943,tno-rate
Gonggong,30,337.3007929962875,-11.046446928945517,tno-rate
Haumea,-30,216.85684046419235,15.878772842671502,tno-rate
Haumea,-20,216.85672714382795,15.878818481791168,tno-rate
Haumea,-15,216.85667048364573,15.878841301351,tno-rate
Haumea,-10,216.85661382346353,15.878864120910833,tno-rate
Haumea,-5,216.8565571632813,15.878886940470666,tno-rate
Haumea,-2,216.85652316717199,15.878900632206566,tno-rate
Haumea,-1,216.85651183513556,15.878905196118533,tno-rate
Haumea,0,216.8565005030991,15.8789097600305,tno-rate
Haumea,1,216.85648917106266,15.878914323942466,tno-rate
Haumea,2,216.85647783902624,15.878918887854432,tno-rate
Haumea,3,216.8564665069898,15.878923451766399,tno-rate
Haumea,4,216.85645517495334,15.878928015678365,tno-rate
Haumea,5,216.85644384291692,15.878932579590332,tno-rate
Haumea,6,216.85643251088047,15.878937143502299,tno-rate
Haumea,7,216.85642117884402,15.878941707414265,tno-rate
Haumea,8,216.8564098468076,15.878946271326232,tno-rate
Haumea,9,216.85639851477114,15.878950835238198,tno-rate
Haumea,10,216.8563871827347,15.878955399150165,tno-rate
Haumea,11,216.85637585069827,15.878959963062131,tno-rate
Haumea,12,216.85636451866182,15.878964526974098,tno-rate
Haumea,13,216.85635318662537,15.878969090886065,tno-rate
Haumea,14,216.85634185458895,15.878973654798031,tno-rate
Haumea,15,216.8563305225525,15.878978218709998,tno-rate
Haumea,16,216.85631919051605,15.878982782621964,tno-rate
Haumea,17,216.8563078584796,15.87898734653393,tno-rate
Haumea,18,216.85629652644317,15.878991910445897,tno-rate
Haumea,19,216.85628519440672,15.878996474357864,tno-rate
Haumea,20,216.85627386237027,15.87900103826983,tno-rate
Haumea,21,216.85626253033385,15.879005602181797,tno-rate
Haumea,22,216.8562511982974,15.879010166093764,tno-rate
Haumea,23,216.85623986626095,15.87901473000573,tno-rate
Haumea,24,216.85622853422453,15.879019293917697,tno-rate
Haumea,25,216.85621720218808,15.879023857829663,tno-rate
Haumea,26,216.85620587015163,15.87902842174163,tno-rate
Haumea,27,216.8561945381152,15.879032985653597,tno-rate
Haumea,28,216.85618320607875,15.879037549565563,tno-rate
Haumea,29,216.8561718740423,15.87904211347753,tno-rate
Haumea,30,216.85616054200588,15.879046677389496,tno-rate
Makemake,-30,198.2930044532938,23.014530887303962,tno-rate
Makemake,-20,198.29289095616286,23.01455537948711,tno-rate
Makemake,-15,198.2928342075974,23.01456762557868,tno-rate
Makemake,-10,198.29277745903195,23.014579871670254,tno-rate
Makemake,-5,198.29272071046648,23.01459211776183,tno-rate
Makemake,-2,198.2926866613272,23.014599465416772,tno-rate
Makemake,-1,198.29267531161412,23.014601914635087,tno-rate
Makemake,0,198.292663961901,23.0146043638534,tno-rate
Makemake,1,198.2926526121879,23.014606813071715,tno-rate
Makemake,2,198.29264126247483,23.01460926229003,tno-rate
Makemake,3,198.29262991276173,23.014611711508344,tno-rate
Makemake,4,198.29261856304865,23.01461416072666,tno-rate
Makemake,5,198.29260721333554,23.014616609944973,tno-rate
Makemake,6,198.29259586362247,23.014619059163287,tno-rate
Makemake,7,198.29258451390936,23.0146215083816,tno-rate
Makemake,8,198.29257316419626,23.01462395759992,tno-rate
Makemake,9,198.29256181448318,23.014626406818234,tno-rate
Makemake,10,198.29255046477007,23.01462885603655,tno-rate
Makemake,11,198.292539115057,23.014631305254863,tno-rate
Makemake,12,198.2925277653439,23.014633754473177,tno-rate
Makemake,13,198.2925164156308,23.01463620369149,tno-rate
Makemake,14,198.2925050659177,23.014638652909806,tno-rate
Makemake,15,198.29249371620463,23.01464110212812,tno-rate
Makemake,16,198.29248236649153,23.014643551346435,tno-rate
Makemake,17,198.29247101677842,23.01464600056475,tno-rate
Makemake,18,198.29245966706534,23.014648449783063,tno-rate
Makemake,19,198.29244831735224,23.014650899001378,tno-rate
Makemake,20,198.29243696763916,23.014653348219692,tno-rate
Makemake,21,198.29242561792606,23.014655797438007,tno-rate
Makemake,22,198.29241426821298,23.01465824665632,tno-rate
Makemake,23,198.29240291849987,23.01466069587464,tno-rate
Makemake,24,198.29239156878677,23.014663145092953,tno-rate
Makemake,25,198.2923802190737,23.014665594311268,tno-rate
Makemake,26,198.2923688693606,23.014668043529582,tno-rate
Makemake,27,198.2923575196475,23.014670492747896,tno-rate
Makemake,28,198.2923461699344,23.01467294196621,tno-rate
Makemake,29,198.29233482022133,23.014675391184525,tno-rate
Makemake,30,198.29232347050822,23.01467784040284,tno-rate
Orcus,-30,155.81659922799284,-11.646959826728148,tno-rate
Orcus,-20,155.81653565315284,-11.646897240576129,tno-rate
Orcus,-15,155.8165038657328,-11.64686594750012,tno-rate
Orcus,-10,155.8164720783128,-11.64683465442411,tno-rate
Orcus,-5,155.81644029089279,-11.6468033613481,tno-rate
Orcus,-2,155.81642121844078,-11.646784585502495,tno-rate
Orcus,-1,155.8164148609568,-11.646778326887292,tno-rate
Orcus,0,155.8164085034728,-11.64677206827209,tno-rate
Orcus,1,155.81640214598877,-11.64676580965689,tno-rate
Orcus,2,155.8163957885048,-11.646759551041686,tno-rate
Orcus,3,155.81638943102078,-11.646753292426485,tno-rate
Orcus,4,155.81638307353677,-11.646747033811282,tno-rate
Orcus,5,155.8163767160528,-11.646740775196081,tno-rate
Orcus,6,155.81637035856878,-11.64673451658088,tno-rate
Orcus,7,155.81636400108476,-11.646728257965677,tno-rate
Orcus,8,155.81635764360078,-11.646721999350476,tno-rate
Orcus,9,155.81635128611677,-11.646715740735274,tno-rate
Orcus,10,155.81634492863276,-11.646709482120071,tno-rate
Orcus,11,155.81633857114878,-11.64670322350487,tno-rate
Orcus,12,155.81633221366477,-11.646696964889667,tno-rate
Orcus,13,155.81632585618075,-11.646690706274466,tno-rate
Orcus,14,155.81631949869677,-11.646684447659265,tno-rate
Orcus,15,155.81631314121276,-11.646678189044062,tno-rate
Orcus,16,155.81630678372875,-11.64667193042886,tno-rate
Orcus,17,155.81630042624477,-11.646665671813658,tno-rate
Orcus,18,155.81629406876075,-11.646659413198456,tno-rate
Orcus,19,155.81628771127674,-11.646653154583255,tno-rate
Orcus,20,155.81628135379273,-11.646646895968052,tno-rate
Orcus,21,155.81627499630875,-11.646640637352851,tno-rate
Orcus,22,155.81626863882474,-11.64663437873765,tno-rate
Orcus,23,155.81626228134073,-11.646628120122447,tno-rate
Orcus,24,155.81625592385674,-11.646621861507246,tno-rate
Orcus,25,155.81624956637273,-11.646615602892043,tno-rate
Orcus,26,155.81624320888872,-11.646609344276841,tno-rate
Orcus,27,155.81623685140474,-11.64660308566164,tno-rate
Orcus,28,155.81623049392073,-11.646596827046437,tno-rate
Orcus,29,155.81622413643672,-11.646590568431236,tno-rate
Orcus,30,155.81621777895273,-11.646584309816033,tno-rate
Quaoar,-30,277.24275825201613,-15.214659846952967,tno-rate
Quaoar,-20,277.24272640763195,-15.214639455801558,tno-rate
Quaoar,-15,277.24271048543983,-15.214629260225854,tno-rate
Quaoar,-10,277.2426945632477,-15.21461906465015,tno-rate
Quaoar,-5,277.24267864105565,-15.214608869074445,tno-rate
Quaoar,-2,277.24266908774035,-15.214602751729021,tno-rate
Quaoar,-1,277.24266590330194,-15.214600712613882,tno-rate
Quaoar,0,277.2426627188635,-15.21459867349874,tno-rate
Quaoar,1,277.2426595344251,-15.214596634383598,tno-rate
Quaoar,2,277.2426563499867,-15.214594595268458,tno-rate
Quaoar,3,277.2426531655483,-15.214592556153317,tno-rate
Quaoar,4,277.2426499811098,-15.214590517038177,tno-rate
Quaoar,5,277.2426467966714,-15.214588477923035,tno-rate
Quaoar,6,277.242643612233,-15.214586438807894,tno-rate
Quaoar,7,277.2426404277946,-15.214584399692754,tno-rate
Quaoar,8,277.24263724335617,-15.214582360577612,tno-rate
Quaoar,9,277.24263405891776,-15.21458032146247,tno-rate
Quaoar,10,277.24263087447935,-15.21457828234733,tno-rate
Quaoar,11,277.2426276900409,-15.21457624323219,tno-rate
Quaoar,12,277.24262450560246,-15.21457420411705,tno-rate
Quaoar,13,277.24262132116405,-15.214572165001908,tno-rate
Quaoar,14,277.24261813672564,-15.214570125886766,tno-rate
Quaoar,15,277.2426149522872,-15.214568086771626,tno-rate
Quaoar,16,277.2426117678488,-15.214566047656485,tno-rate
Quaoar,17,277.24260858341034,-15.214564008541345,tno-rate
Quaoar,18,277.24260539897193,-15.214561969426203,tno-rate
Quaoar,19,277.2426022145335,-15.214559930311061,tno-rate
Quaoar,20,277.2425990300951,-15.214557891195922,tno-rate
Quaoar,21,277.2425958456567,-15.21455585208078,tno-rate
Quaoar,22,277.2425926612183,-15.214553812965638,tno-rate
Quaoar,23,277.24258947677987,-15.214551773850499,tno-rate
Quaoar,24,277.2425862923414,-15.214549734735357,tno-rate
Quaoar,25,277.242583107903,-15.214547695620217,tno-rate
Quaoar,26,277.2425799234646,-15.214545656505075,tno-rate
Quaoar,27,277.24257673902616,-15.214543617389934,tno-rate
Quaoar,28,277.24257355458775,-15.214541578274794,tno-rate
Quaoar,29,277.24257037014934,-15.214539539159652,tno-rate
Quaoar,30,277.2425671857109,-15.214537500044512,tno-rate
Sedna,-30,58.69208992872539,8.28597566669665,tno-rate
Sedna,-20,58.69216566130494,8.286001348696505,tno-rate
Sedna,-15,58.69220352759472,8.286014189696433,tno-rate
Sedna,-10,58.692241393884494,8.28602703069636,tno-rate
Sedna,-5,58.692279260174274,8.286039871696287,tno-rate
Sedna,-2,58.692301979948134,8.286047576296244,tno-rate
Sedna,-1,58.692309553206094,8.28605014449623,tno-rate
Sedna,0,58.69231712646405,8.286052712696215,tno-rate
Sedna,1,58.692324699722,8.2860552808962,tno-rate
Sedna,2,58.69233227297996,8.286057849096185,tno-rate
Sedna,3,58.692339846237914,8.286060417296172,tno-rate
Sedna,4,58.69234741949587,8.286062985496157,tno-rate
Sedna,5,58.69235499275382,8.286065553696142,tno-rate
Sedna,6,58.69236256601178,8.286068121896127,tno-rate
Sedna,7,58.692370139269734,8.286070690096112,tno-rate
Sedna,8,58.69237771252769,8.2860732582961,tno-rate
Sedna,9,58.69238528578565,8.286075826496084,tno-rate
Sedna,10,58.6923928590436,8.28607839469607,tno-rate
Sedna,11,58.692400432301554,8.286080962896055,tno-rate
Sedna,12,58.692408005559514,8.28608353109604,tno-rate
Sedna,13,58.69241557881747,8.286086099296025,tno-rate
Sedna,14,58.69242315207542,8.286088667496012,tno-rate
Sedna,15,58.692430725333374,8.286091235695997,tno-rate
Sedna,16,58.692438298591334,8.286093803895982,tno-rate
Sedna,17,58.69244587184929,8.286096372095967,tno-rate
Sedna,18,58.69245344510724,8.286098940295952,tno-rate
Sedna,19,58.6924610183652,8.286101508495939,tno-rate
Sedna,20,58.692468591623154,8.286104076695924,tno-rate
Sedna,21,58.69247616488111,8.28610664489591,tno-rate
Sedna,22,58.69248373813907,8.286109213095894,tno-rate
Sedna,23,58.69249131139702,8.28611178129588,tno-rate
Sedna,24,58.692498884654974,8.286114349495866,tno-rate
Sedna,25,58.69250645791293,8.286116917695852,tno-rate
Sedna,26,58.69251403117089,8.286119485895837,tno-rate
Sedna,27,58.69252160442884,8.286122054095822,tno-rate
Sedna,28,58.692529177686794,8.286124622295807,tno-rate
Sedna,29,58.692536750944754,8.286127190495794,tno-rate
Sedna,30,58.69254432420271,8.286129758695779,tno-rate
Transpluto,-30,154.31541214868085,10.640323372633487,engine
Transpluto,-20,154.315379186936,10.640335871703567,engine
Transpluto,-15,154.31536270822463,10.640342120413292,engine
Transpluto,-10,154.31534623095774,10.640348368571265,engine
Transpluto,-5,154.31532975513116,10.64035461617893,engine
Transpluto,-2,154.315319870329,10.64035836447846,engine
Transpluto,-1,154.31531657551025,10.640359613867568,engine
Transpluto,0,154.31531328074934,10.640360863234564,engine
Transpluto,1,154.31530998604612,10.640362112579544,engine
Transpluto,2,154.3153066914006,10.640363361902482,engine
Transpluto,3,154.31530339681274,10.640364611203346,engine
Transpluto,4,154.31530010228263,10.640365860482126,engine
Transpluto,5,154.31529680781023,10.640367109738866,engine
Transpluto,6,154.3152935133933,10.640368358974385,engine
Transpluto,7,154.31529021903634,10.640369608187049,engine
Transpluto,8,154.31528692473705,10.640370857377622,engine
Transpluto,9,154.3152836304955,10.640372106546101,engine
Transpluto,10,154.31528033631164,10.640373355692567,engine
Transpluto,11,154.3152770421855,10.640374604816932,engine
Transpluto,12,154.31527374811708,10.640375853919261,engine
Transpluto,13,154.31527045410638,10.640377102999503,engine
Transpluto,14,154.31526716015344,10.640378352057668,engine
Transpluto,15,154.3152638662581,10.640379601093755,engine
Transpluto,16,154.31526057242053,10.640380850107835,engine
Transpluto,17,154.3152572786385,10.64038209910062,engine
Transpluto,18,154.31525398491635,10.640383348070547,engine
Transpluto,19,154.31525069125203,10.640384597018375,engine
Transpluto,20,154.31524739764535,10.64038584594412,engine
Transpluto,21,154.31524410409642,10.640387094847807,engine
Transpluto,22,154.31524081060516,10.640388343729414,engine
Transpluto,23,154.31523751717165,10.64038959258898,engine
Transpluto,24,154.3152342237959,10.640390841426452,engine
Transpluto,25,154.3152309304778,10.640392090241793,engine
Transpluto,26,154.3152276372175,10.640393339035095,engine
Transpluto,27,154.31522434401487,10.64039458780631,engine
Transpluto,28,154.31522105087006,10.640395836555463,engine
Transpluto,29,154.31521775778066,10.640397085283333,engine
Transpluto,30,154.31521446475125,10.640398333988314,engine
Part_of_Fortune,-30,9.698974237996367,-23.667657774889197,engine
Part_of_Fortune,-20,11.4353552292132,-24.380422805823287,engine
Part_of_Fortune,-15,12.302433269833728,-24.73876347813698,engine
Part_of_Fortune,-10,13.168818807827904,-25.09831273781393,engine
Part_of_Fortune,-5,14.034549027138041,-25.458997455951785,engine
Part_of_Fortune,-2,14.553687494838698,-25.675922524650588,engine
Part_of_Fortune,-1,14.726685319839191,-25.74831299870941,engine
Part_of_Fortune,0,14.89965969108863,-25.820743595578712,engine
Part_of_Fortune,1,15.072610540808341,-25.89321363189803,engine
Part_of_Fortune,2,15.245538507083893,-25.965722595819187,engine
Part_of_Fortune,3,15.418443520137203,-26.03826980201124,engine
Part_of_Fortune,4,15.59132621726667,-26.110854737075048,engine
Part_of_Fortune,5,15.764186704257838,-26.183476757153485,engine
Part_of_Fortune,6,15.937025203520193,-26.25613526691893,engine
Part_of_Fortune,7,16.10984211810893,-26.328829652710898,engine
Part_of_Fortune,8,16.282637668541838,-26.40155931723505,engine
Part_of_Fortune,9,16.45541195962062,-26.47432361409407,engine
Part_of_Fortune,10,16.628165625371878,-26.547122024980347,engine
Part_of_Fortune,11,16.80089859222818,-26.619953858718496,engine
Part_of_Fortune,12,16.973611493600515,-26.692818595631017,engine
Part_of_Fortune,13,17.14630443165464,-26.765715586085474,engine
Part_of_Fortune,14,17.318977509344904,-26.838644180329943,engine
Part_of_Fortune,15,17.49163135765167,-26.911603856025994,engine
Part_of_Fortune,16,17.66426607872006,-26.984593962078144,engine
Part_of_Fortune,17,17.836881888981964,-27.057613895268865,engine
Part_of_Fortune,18,18.009479187922807,-27.130663033804847,engine
Part_of_Fortune,19,18.182058191208625,-27.203740773168047,engine
Part_of_Fortune,20,18.35461899969107,-27.276846459873127,engine
Part_of_Fortune,21,18.527162242124177,-27.349979567609676,engine
Part_of_Fortune,22,18.699688018670486,-27.423139441685628,engine
Part_of_Fortune,23,18.872196428044106,-27.49632542638115,engine
Part_of_Fortune,24,19.044688099259645,-27.5695369941035,engine
Part_of_Fortune,25,19.217163130452775,-27.64277348801341,engine
Part_of_Fortune,26,19.38962162070152,-27.716034251324086,engine
Part_of_Fortune,27,19.56206419701016,-27.789318754230123,engine
Part_of_Fortune,28,19.734490957951948,-27.862626338907056,engine
Part_of_Fortune,29,19.906902292765608,-27.93595643837474,engine
Part_of_Fortune,30,20.07929806835,-28.0093082955719,engine
Part_of_Spirit,-30,321.18257976081827,36.10635867178752,engine
Part_of_Spirit,-20,322.68016121345426,35.471772299820145,engine
Part_of_Spirit,-15,323.4280679475047,35.15273448359468,engine
Part_of_Spirit,-10,324.17544964741484,34.832629255135295,engine
Part_of_Spirit,-5,324.9223535789065,34.51152907159281,engine
Part_of_Spirit,-2,325.3702860874708,34.31842175280366,engine
Part_of_Spirit,-1,325.5195643208348,34.25398159393177,engine
Part_of_Spirit,0,325.66882663565804,34.18950694640802,engine
Part_of_Spirit,1,325.81807375562994,34.124998313026666,engine
Part_of_Spirit,2,325.9673056973363,34.0604563696347,engine
Part_of_Spirit,3,326.11652318221434,33.99588162087892,engine
Part_of_Spirit,4,326.2657262258266,33.93127474381491,engine
Part_of_Spirit,5,326.41491537168514,33.866636287532,engine
Part_of_Spirit,6,326.56409126384955,33.80196675796708,engine
Part_of_Spirit,7,326.7132537150198,33.7372669212059,engine
Part_of_Spirit,8,326.86240336715275,33.67253728485699,engine
Part_of_Spirit,9,327.0115407620929,33.60777840036097,engine
Part_of_Spirit,10,327.1606659114052,33.542990948602416,engine
Part_of_Spirit,11,327.30977953142326,33.47817543969543,engine
Part_of_Spirit,12,327.4588816328853,33.413332555536066,engine
Part_of_Spirit,13,327.6079727543976,33.34846285037037,engine
Part_of_Spirit,14,327.7570534352052,33.28356687855917,engine
Part_of_Spirit,15,327.90612368319495,33.218645324133426,engine
Part_of_Spirit,16,328.05518403656185,33.15369874255099,engine
Part_of_Spirit,17,328.20423513162064,33.088727646803534,engine
Part_of_Spirit,18,328.3532767760498,33.023732809060185,engine
Part_of_Spirit,19,328.5023096052238,32.95871474333929,engine
Part_of_Spirit,20,328.65133415517926,32.893674007289434,engine
Part_of_Spirit,21,328.8003504308536,32.82861128784231,engine
Part_of_Spirit,22,328.9493589673799,32.76352714357762,engine
Part_of_Spirit,23,329.0983602981875,32.69842213410505,engine
Part_of_Spirit,24,329.24735442805303,32.63329694713843,engine
Part_of_Spirit,25,329.3963418895234,32.568152143151785,engine
Part_of_Spirit,26,329.545323215895,32.50298828259631,engine
Part_of_Spirit,27,329.6942984094734,32.43780605485924,engine
Part_of_Spirit,28,329.8432680027298,32.372606021180324,engine
Part_of_Spirit,29,329.99223244995045,32.30738874262625,engine
Part_of_Spirit,30,330.1411920830227,32.24215486873531,engine
Ascendant,-30,165.44077699940732,6.219350448449163,engine
Ascendant,-20,167.05775822133373,5.545674746998431,engine
Ascendant,-15,167.86525060866921,5.206985502728847,engine
Ascendant,-10,168.67213422762137,4.867158258660683,engine
Ascendant,-5,169.47845130302227,4.526265807820512,engine
Ascendant,-2,169.96198679115474,4.321249614076534,engine
Ascendant,-1,170.12312482033698,4.252834297611179,engine
Ascendant,0,170.28424316337333,4.184381675414653,engine
Ascendant,1,170.44534214821914,4.115892340564318,engine
Ascendant,2,170.60642210221008,4.0473668869077555,engine
Ascendant,3,170.7674833511758,3.9788059094338393,engine
Ascendant,4,170.92852622154663,3.910210003369933,engine
Ascendant,5,171.0895510379715,3.84157976518926,engine
Ascendant,6,171.25055823368487,3.7729157455240774,engine
Ascendant,7,171.41154791656436,3.704218634247501,engine
Ascendant,8,171.5725205178473,3.6354889838109705,engine
Ascendant,9,171.73347636085677,3.5667273931334513,engine
Ascendant,10,171.89441576838854,3.497934461811035,engine
Ascendant,11,172.05533906182572,3.4291107904884646,engine
Ascendant,12,172.2162465632429,3.360256979952525,engine
Ascendant,13,172.37713859302613,3.291373632142446,engine
Ascendant,14,172.53801547227505,3.2224613491146132,engine
Ascendant,15,172.6988775204233,3.1535207340537146,engine
Ascendant,16,172.85972505764096,3.0845523902364254,engine
Ascendant,17,173.0205585103013,3.0155568757673357,engine
Ascendant,18,173.1813779819863,2.9465348876276702,engine
Ascendant,19,173.34218389821623,2.877486985085622,engine
Ascendant,20,173.50297657743516,2.808413773708154,engine
Ascendant,21,173.6637563364889,2.739315860116315,engine
Ascendant,22,173.8245234930252,2.670193850945994,engine
Ascendant,23,173.9852783631158,2.6010483538619487,engine
Ascendant,24,174.14602126365634,2.5318799765174647,engine
Ascendant,25,174.3067525099881,2.462689327569187,engine
Ascendant,26,174.46747241829823,2.3934770156361145,engine
Ascendant,27,174.62818130324177,2.324243650314556,engine
Ascendant,28,174.78887948034088,2.2549898411366343,engine
Ascendant,29,174.94956737135803,2.1857161521257553,engine
Ascendant,30,175.11024507568635,2.116423286581705,engine
Midheaven,-30,67.43825540776103,21.816923946454477,engine
Midheaven,-20,69.94351550582911,22.156243667125338,engine
Midheaven,-15,71.19620277532344,22.311025136905343,engine
Midheaven,-10,72.44892986850574,22.455870613398886,engine
Midheaven,-5,73.70169845365767,22.590769398774537,engine
Midheaven,-2,74.45337986323077,22.66693030866556,engine
Midheaven,-1,74.70394378447727,22.69152047740312,engine
Midheaven,0,74.95450944630764,22.71571213975843,engine
Midheaven,1,75.20507685829416,22.739505235093905,engine
Midheaven,2,75.45564602987577,22.762899704530053,engine
Midheaven,3,75.70621696896043,22.78589549077192,engine
Midheaven,4,75.95678968518315,22.808492538366014,engine
Midheaven,5,76.20736418618138,22.830690793313583,engine
Midheaven,6,76.45794064934975,22.852490217846725,engine
Midheaven,7,76.70851874645548,22.873890731889322,engine
Midheaven,8,76.9590986532211,22.894892300850856,engine
Midheaven,9,77.20968037813115,22.915494876920185,engine
Midheaven,10,77.46026392953145,22.93569841369483,engine
Midheaven,11,77.71084931423172,22.95550286603157,engine
Midheaven,12,77.96143654076367,22.974908190268092,engine
Midheaven,13,78.2120256156564,22.99391434388997,engine
Midheaven,14,78.46261654715956,23.01252128578148,engine
Midheaven,15,78.71320934151925,23.030728975906182,engine
Midheaven,16,78.96380400670107,23.048537375547244,engine
Midheaven,17,79.214400716711,23.065946458541823,engine
Midheaven,18,79.46499914313905,23.08295616508231,engine
Midheaven,19,79.71559945970233,23.09956647146895,engine
Midheaven,20,79.96620167379196,23.115777343365068,engine
Midheaven,21,80.2168057907916,23.13158874732633,engine
Midheaven,22,80.46741181780177,23.14700065101017,engine
Midheaven,23,80.71801975991481,23.162013022910436,engine
Midheaven,24,80.96862962393892,23.176625832556496,engine
Midheaven,25,81.21924141467316,23.1908390502614,engine
Midheaven,26,81.46985513863154,23.204652647310823,engine
Midheaven,27,81.72047080031805,23.21806659572457,engine
Midheaven,28,81.97108840595072,23.231080868435274,engine
Midheaven,29,82.22170812779784,23.243695447388397,engine
Midheaven,30,82.47232963565938,23.25591029014252,engine
Vertex,-30,327.0741846663131,-13.258771856319713,engine
Vertex,-20,330.61534595466145,-12.008213816695486,engine
Vertex,-15,332.40384217614235,-11.354777521988979,engine
Vertex,-10,334.20361930719037,-10.683259060364154,engine
Vertex,-5,336.01412815791844,-9.994293399487441,engine
Vertex,-2,337.10534021947785,-9.57284000359618,engine
Vertex,-1,337.46986584152774,-9.431047833889192,engine
Vertex,0,337.83477712189875,-9.288613014986732,engine
Vertex,1,338.2000688817225,-9.145542503846027,engine
Vertex,2,338.5657358797505,-9.001843414201412,engine
Vertex,3,338.9317728108447,-8.857523017044752,engine
Vertex,4,339.29817431128754,-8.712588738344632,engine
Vertex,5,339.6649349539196,-8.567048160696578,engine
Vertex,6,340.03204950048115,-8.420908922392236,engine
Vertex,7,340.3995119125149,-8.274179111035245,engine
Vertex,8,340.76731683113456,-8.126866673984885,engine
Vertex,9,341.13545859458014,-7.97897980855808,engine
Vertex,10,341.5039314836094,-7.830526863840181,engine
Vertex,11,341.8727297201581,-7.681516340494154,engine
Vertex,12,342.24184747287285,-7.531956887714306,engine
Vertex,13,342.61127885239296,-7.381857304236197,engine
Vertex,14,342.98101791762053,-7.23122653481884,engine
Vertex,15,343.3510586710381,-7.080073671087877,engine
Vertex,16,343.7213950650332,-6.92840794781852,engine
Vertex,17,344.0920212458807,-6.77623864140279,engine
Vertex,18,344.46293056578935,-6.623575474437903,engine
Vertex,19,344.83411706949914,-6.470428003975121,engine
Vertex,20,345.2055745067639,-6.316806025240954,engine
Vertex,21,345.5772965762103,-6.16271947010267,engine
Vertex,22,345.94927693181654,-6.00817840275768,engine
Vertex,23,346.32150917836776,-5.85319301990571,engine
Vertex,24,346.69398687798343,-5.69777364624443,engine
Vertex,25,347.0667035456042,-5.5419307344767414,engine
Vertex,26,347.4396526555668,-5.385674860616569,engine
Vertex,27,347.81282763712227,-5.229016723833199,engine
Vertex,28,348.18622188105604,-5.071967141571719,engine
Vertex,29,348.5598289858389,-4.914536943544016,engine
Vertex,30,348.9336417620146,-4.75673738920278,engine
Algol,-30,47.03562075488761,40.95518574083883,engine
Algol,-20,47.03561927878786,40.95518688468421,engine
Algol,-15,47.03561849299226,40.955187446734726,engine
Algol,-10,47.03561767576364,40.955188001745825,engine
Algol,-5,47.03561682741866,40.95518854937841,engine
Algol,-2,47.035616303613345,40.95518887427642,engine
Algol,-1,47.035616126561514,40.95518898194617,engine
Algol,0,47.035615948289305,40.955189089296695,engine
Algol,1,47.035615768799516,40.95518919632536,engine
Algol,2,47.03561558809501,40.95518930302951,engine
Algol,3,47.03561540617866,40.955189409406536,engine
Algol,4,47.03561522305332,40.955189515453824,engine
Algol,5,47.03561503872193,40.95518962116872,engine
Algol,6,47.03561485318729,40.955189726548696,engine
Algol,7,47.0356146664526,40.95518983159101,engine
Algol,8,47.03561447852071,40.95518993629314,engine
Algol,9,47.03561428939468,40.95519004065246,engine
Algol,10,47.03561409907747,40.955190144666425,engine
Algol,11,47.03561390757216,40.95519024833243,engine
Algol,12,47.03561371488182,40.9551903516479,engine
Algol,13,47.03561352100955,40.955190454610275,engine
Algol,14,47.03561332595844,40.955190557217016,engine
Algol,15,47.035613129731665,40.95519065946552,engine
Algol,16,47.03561293233237,40.9551907613533,engine
Algol,17,47.03561273376362,40.95519086287784,engine
Algol,18,47.03561253402886,40.95519096403649,engine
Algol,19,47.03561233313122,40.95519106482679,engine
Algol,20,47.03561213107395,40.95519116524621,engine
Algol,21,47.035611927860295,40.95519126529227,engine
Algol,22,47.03561172349358,40.95519136496243,engine
Algol,23,47.035611517977095,40.95519146425421,engine
Algol,24,47.03561131131422,40.95519156316512,engine
Algol,25,47.035611103508295,40.95519166169269,engine
Algol,26,47.03561089456273,40.95519175983442,engine
Algol,27,47.03561068448086,40.95519185758785,engine
Algol,28,47.035610473266196,40.95519195495053,engine
Algol,29,47.035610260922,40.955192051920065,engine
Algol,30,47.035610047452046,40.955192148493886,engine
Pleiades,-30,56.86619522534583,24.104038051389967,engine
Pleiades,-20,56.86619432082387,24.104038888404055,engine
Pleiades,-15,56.866193826837915,24.104039303333327,engine
Pleiades,-10,56.866193305228755,24.104039715575077,engine
Pleiades,-5,56.866192756157865,24.10404012490427,engine
Pleiades,-2,56.86619241360591,24.104040369010587,engine
Pleiades,-1,56.866192297245775,24.104040450120138,engine
Pleiades,0,56.866192179800095,24.10404053109712,engine
Pleiades,1,56.866192061270404,24.10404061193976,engine
Pleiades,2,56.866191941658265,24.10404069264626,engine
Pleiades,3,56.86619182096526,24.104040773214898,engine
Pleiades,4,56.86619169919302,24.104040853643877,engine
Pleiades,5,56.866191576343155,24.10404093393145,engine
Pleiades,6,56.86619145241722,24.104041014075907,engine
Pleiades,7,56.86619132741706,24.10404109407538,engine
Pleiades,8,56.86619120134429,24.104041173928174,engine
Pleiades,9,56.866191074200614,24.104041253632534,engine
Pleiades,10,56.866190945987746,24.104041333186718,engine
Pleiades,11,56.866190816707444,24.104041412588977,engine
Pleiades,12,56.8661906863615,24.104041491837553,engine
Pleiades,13,56.86619055495168,24.10404157093073,engine
Pleiades,14,56.8661904224798,24.104041649866762,engine
Pleiades,15,56.8661902889477,24.104041728643914,engine
Pleiades,16,56.866190154357206,24.104041807260455,engine
Pleiades,17,56.866190018710135,24.104041885714725,engine
Pleiades,18,56.86618988200855,24.104041964004868,engine
Pleiades,19,56.86618974425427,24.104042042129223,engine
Pleiades,20,56.86618960544922,24.104042120086095,engine
Pleiades,21,56.866189465595376,24.10404219787373,engine
Pleiades,22,56.86618932469469,24.10404227549045,engine
Pleiades,23,56.86618918274917,24.10404235293453,engine
Pleiades,24,56.866189039760805,24.10404243020427,engine
Pleiades,25,56.866188895731646,24.104042507297972,engine
Pleiades,26,56.86618875066375,24.104042584213936,engine
Pleiades,27,56.866188604559184,24.104042660950455,engine
Pleiades,28,56.86618845742005,24.104042737505846,engine
Pleiades,29,56.866188309248344,24.104042813878475,engine
Pleiades,30,56.86618816004642,24.104042890066555,engine
Capella,-30,79.1681287395566,45.99685443966283,engine
Capella,-20,79.16812860507183,45.996855925163175,engine
Capella,-15,79.16812848240531,45.996856672534804,engine
Capella,-10,79.1681283226209,45.99685742244694,engine
Capella,-5,79.16812812561432,45.99685817449301,engine
Capella,-2,79.1681279895071,45.99685862657522,engine
Capella,-1,79.1681279411505,45.996858777392134,engine
Capella,0,79.16812789129926,45.99685892826502,engine
Capella,1,79.1681278399529,45.99685907919059,engine
Capella,2,79.16812778711092,45.9968592301656,engine
Capella,3,79.16812773277292,45.996859381186745,engine
Capella,4,79.16812767693847,45.99685953225079,engine
Capella,5,79.1681276196072,45.99685968335441,engine
Capella,6,79.16812756077874,45.996859834494465,engine
Capella,7,79.16812750045284,45.99685998566749,engine
Capella,8,79.16812743862916,45.99686013687026,engine
Capella,9,79.16812737530746,45.99686028809954,engine
Capella,10,79.16812731048749,45.996860439352034,engine
Capella,11,79.16812724416903,45.996860590624465,engine
Capella,12,79.16812717635194,45.99686074191356,engine
Capella,13,79.16812710703607,45.99686089321603,engine
Capella,14,79.16812703622128,45.99686104452859,engine
Capella,15,79.16812696390747,45.99686119584799,engine
Capella,16,79.16812689009463,45.996861347170906,engine
Capella,17,79.16812681478262,45.99686149849419,engine
Capella,18,79.16812673797156,45.99686164981438,engine
Capella,19,79.16812665966147,45.99686180112822,engine
Capella,20,79.16812657985233,45.99686195243251,engine
Capella,21,79.16812649854427,45.99686210372394,engine
Capella,22,79.16812641573738,45.99686225499923,engine
Capella,23,79.16812633143181,45.99686240625509,engine
Capella,24,79.16812624562772,45.99686255748825,engine
Capella,25,79.16812615832532,45.99686270869543,engine
Capella,26,79.16812606952483,45.99686285987337,engine
Capella,27,79.16812597922652,45.99686301101879,engine
Capella,28,79.16812588743065,45.99686316212836,engine
Capella,29,79.16812579413747,45.996863313198965,engine
Capella,30,79.16812569934747,45.99686346422712,engine
Sirius,-30,101.2818557020063,-16.727026430632666,engine
Sirius,-20,101.28185637524341,-16.72702683682298,engine
Sirius,-15,101.28185667716708,-16.727027045887176,engine
Sirius,-10,101.28185695555251,-16.72702725874377,engine
Sirius,-5,101.28185721010762,-16.727027475250342,engine
Sirius,-2,101.28185735128483,-16.72702760684631,engine
Sirius,-1,101.28185739640477,-16.727027650986678,engine
Sirius,0,101.2818574405516,-16.727027695262596,engine
Sirius,1,101.28185748372317,-16.727027739672927,engine
Sirius,2,101.28185752591739,-16.727027784216478,engine
Sirius,3,101.28185756713219,-16.727027828892066,engine
Sirius,4,101.2818576073655,-16.727027873698525,engine
Sirius,5,101.28185764661528,-16.727027918634658,engine
Sirius,6,101.28185768487954,-16.72702796369933,engine
Sirius,7,101.28185772215622,-16.727028008891267,engine
Sirius,8,101.28185775844334,-16.72702805420933,engine
Sirius,9,101.28185779373896,-16.727028099652316,engine
Sirius,10,101.28185782804115,-16.72702814521903,engine
Sirius,11,101.28185786134794,-16.727028190908285,engine
Sirius,12,101.28185789365746,-16.727028236718866,engine
Sirius,13,101.28185792496778,-16.72702828264958,engine
Sirius,14,101.28185795527705,-16.727028328699223,engine
Sirius,15,101.28185798458344,-16.727028374866585,engine
Sirius,16,101.28185801288507,-16.727028421150454,engine
Sirius,17,101.28185804018018,-16.727028467549662,engine
Sirius,18,101.28185806646694,-16.727028514062923,engine
Sirius,19,101.28185809174357,-16.727028560689043,engine
Sirius,20,101.28185811600834,-16.727028607426842,engine
Sirius,21,101.28185813925951,-16.727028654275056,engine
Sirius,22,101.28185816149534,-16.727028701232484,engine
Sirius,23,101.28185818271416,-16.7270287482979,engine
Sirius,24,101.28185820291428,-16.727028795470087,engine
Sirius,25,101.28185822209404,-16.7270288427478,engine
Sirius,26,101.28185824025181,-16.72702889012981,engine
Sirius,27,101.28185825738598,-16.727028937614897,engine
Sirius,28,101.28185827349492,-16.72702898520181,engine
Sirius,29,101.28185828857708,-16.72702903288937,engine
Sirius,30,101.2818583026309,-16.727029080676257,engine
Procyon,-30,114.8205966960777,5.217063114821595,engine
Procyon,-20,114.82059775398304,5.21706338764022,engine
Procyon,-15,114.82059825531853,5.217063526500441,engine
Procyon,-10,114.82059873770766,5.217063666944759,engine
Procyon,-5,114.82059920076073,5.217063808934904,engine
Procyon,-2,114.82059946915246,5.217063894854757,engine
Procyon,-1,114.82059955702503,5.217063923613772,engine
Procyon,0,114.82059964409702,5.217063952431791,engine
Procyon,1,114.82059973036542,5.217063981308493,engine
Procyon,2,114.82059981582738,5.217064010243556,engine
Procyon,3,114.82059990047995,5.217064039236659,engine
Procyon,4,114.82059998432027,5.217064068287472,engine
Procyon,5,114.82060006734544,5.217064097395678,engine
Procyon,6,114.82060014955265,5.217064126560964,engine
Procyon,7,114.82060023093895,5.217064155782969,engine
Procyon,8,114.82060031150158,5.217064185061383,engine
Procyon,9,114.8206003912377,5.217064214395872,engine
Procyon,10,114.82060047014454,5.217064243786112,engine
Procyon,11,114.8206005482193,5.21706427323177,engine
Procyon,12,114.82060062545922,5.217064302732513,engine
Procyon,13,114.82060070186154,5.217064332288011,engine
Procyon,14,114.82060077742354,5.217064361897924,engine
Procyon,15,114.82060085214249,5.21706439156192,engine
Procyon,16,114.82060092601569,5.2170644212796615,engine
Procyon,17,114.82060099904051,5.217064451050828,engine
Procyon,18,114.82060107121418,5.217064480875048,engine
Procyon,19,114.82060114253409,5.217064510751992,engine
Procyon,20,114.82060121299759,5.2170645406813305,engine
Procyon,21,114.8206012826021,5.2170645706627115,engine
Procyon,22,114.82060135134498,5.217064600695801,engine
Procyon,23,114.82060141922364,5.217064630780248,engine
Procyon,24,114.82060148623553,5.217064660915713,engine
Procyon,25,114.8206015523781,5.217064691101851,engine
Procyon,26,114.82060161764878,5.217064721338315,engine
Procyon,27,114.82060168204507,5.217064751624754,engine
Procyon,28,114.82060174556447,5.217064781960825,engine
Procyon,29,114.82060180820451,5.217064812346188,engine
Procyon,30,114.82060186996266,5.217064842780465,engine
Alkaid,-30,206.8920749407099,49.31202584157354,engine
Alkaid,-20,206.89207738885614,49.3120250793398,engine
Alkaid,-15,206.89207865694033,49.31202471825764,engine
Alkaid,-10,206.89207995356412,49.312024370950105,engine
Alkaid,-5,206.8920812781101,49.312024037722495,engine
Alkaid,-2,206.89208208597816,49.31202384466885,engine
Alkaid,-1,206.89208235742694,49.31202378147894,engine
Alkaid,0,206.8920826299468,49.31202371887352,engine
Alkaid,1,206.8920829035326,49.31202365685495,engine
Alkaid,2,206.89208317817906,49.312023595425515,engine
Alkaid,3,206.892083453881,49.3120235345875,engine
Alkaid,4,206.89208373063315,49.31202347434321,engine
Alkaid,5,206.89208400843017,49.312023414694856,engine
Alkaid,6,206.89208428726707,49.31202335564472,engine
Alkaid,7,206.89208456713806,49.31202329719508,engine
Alkaid,8,206.89208484803802,49.312023239348136,engine
Alkaid,9,206.89208512996163,49.312023182106124,engine
Alkaid,10,206.89208541290347,49.31202312547122,engine
Alkaid,11,206.89208569685815,49.31202306944568,engine
Alkaid,12,206.89208598182026,49.312023014031645,engine
Alkaid,13,206.89208626778438,49.31202295923128,engine
Alkaid,14,206.89208655474505,49.312022905046774,engine
Alkaid,15,206.89208684269678,49.31202285148026,engine
Alkaid,16,206.89208713163413,49.3120227985339,engine
Alkaid,17,206.89208742155174,49.31202274620976,engine
Alkaid,18,206.89208771244367,49.31202269451007,engine
Alkaid,19,206.89208800430464,49.31202264343684,engine
Alkaid,20,206.89208829712905,49.31202259299218,engine
Alkaid,21,206.89208859091127,49.31202254317819,engine
Alkaid,22,206.89208888564576,49.31202249399692,engine
Alkaid,23,206.8920891813269,49.31202244545042,engine
Alkaid,24,206.89208947794899,49.31202239754074,engine
Alkaid,25,206.89208977550646,49.31202235026992,engine
Alkaid,26,206.89209007399356,49.31202230363997,engine
Alkaid,27,206.8920903734046,49.31202225765288,engine
Alkaid,28,206.89209067373392,49.31202221231068,engine
Alkaid,29,206.89209097497596,49.31202216761526,engine
Alkaid,30,206.8920912771246,49.31202212356873,engine
Algorab,-30,187.469809572114,-16.518755846085572,engine
Algorab,-20,187.46981152811114,-16.518755576136964,engine
Algorab,-15,187.4698125251487,-16.518755451042903,engine
Algorab,-10,187.4698135341737,-16.518755332634818,engine
Algorab,-5,187.4698145546505,-16.51875522098305,engine
Algorab,-2,187.46981517220826,-16.518755157263083,engine
Algorab,-1,187.46981537891332,-16.518755136571407,engine
Algorab,0,187.46981558603733,-16.51875511615474,engine
Algorab,1,187.4698157935759,-16.51875509601356,engine
Algorab,2,187.46981600152463,-16.518755076148377,engine
Algorab,3,187.4698162098791,-16.518755056559687,engine
Algorab,4,187.46981641863493,-16.518755037247974,engine
Algorab,5,187.46981662778765,-16.518755018213703,engine
Algorab,6,187.46981683733304,-16.518754999457354,engine
Algorab,7,187.4698170472663,-16.518754980979395,engine
Algorab,8,187.4698172575832,-16.5187549627803,engine
Algorab,9,187.46981746827925,-16.51875494486052,engine
Algorab,10,187.46981767935,-16.51875492722051,engine
Algorab,11,187.46981789079098,-16.51875490986071,engine
Algorab,12,187.4698181025977,-16.518754892781562,engine
Algorab,13,187.46981831476575,-16.51875487598351,engine
Algorab,14,187.46981852729056,-16.518754859466977,engine
Algorab,15,187.4698187401677,-16.518754843232394,engine
Algorab,16,187.46981895339263,-16.518754827280173,engine
Algorab,17,187.46981916696097,-16.51875481161073,engine
Algorab,18,187.469819380868,-16.51875479622448,engine
Algorab,19,187.46981959510924,-16.51875478112184,engine
Algorab,20,187.46981980968025,-16.518754766303175,engine
Algorab,21,187.46982002457645,-16.518754751768913,engine
Algorab,22,187.4698202397933,-16.518754737519426,engine
Algorab,23,187.4698204553263,-16.518754723555094,engine
Algorab,24,187.46982067117082,-16.51875470987629,engine
Algorab,25,187.46982088732238,-16.51875469648341,engine
Algorab,26,187.4698211037764,-16.51875468337677,engine
Algorab,27,187.4698213205283,-16.518754670556778,engine
Algorab,28,187.4698215375735,-16.51875465802377,engine
Algorab,29,187.4698217549075,-16.51875464577808,engine
Algorab,30,187.46982197252558,-16.518754633820084,engine
Spica,-30,201.30329785809374,-11.163606197379565,engine
Spica,-20,201.30329958881978,-11.163605887610002,engine
Spica,-15,201.30330048066025,-11.163605738437052,engine
Spica,-10,201.30330138956774,-11.163605593169047,engine
Spica,-5,201.30330231509393,-11.163605451876384,engine
Spica,-2,201.30330287819692,-11.163605369037553,engine
Spica,-1,201.30330306717366,-11.163605341750639,engine
Spica,0,201.30330325678207,-11.163605314627624,engine
Spica,1,201.3033034470184,-11.163605287669032,engine
Spica,2,201.30330363787894,-11.16360526087539,engine
Spica,3,201.30330382935992,-11.163605234247214,engine
Spica,4,201.3033040214575,-11.163605207785025,engine
Spica,5,201.30330421416798,-11.163605181489341,engine
Spica,6,201.30330440748764,-11.163605155360646,engine
Spica,7,201.3033046014124,-11.16360512939948,engine
Spica,8,201.30330479593863,-11.163605103606344,engine
Spica,9,201.30330499106245,-11.163605077981728,engine
Spica,10,201.30330518678002,-11.163605052526135,engine
Spica,11,201.30330538308746,-11.16360502724005,engine
Spica,12,201.30330557998096,-11.16360500212398,engine
Spica,13,201.30330577745661,-11.163604977178396,engine
Spica,14,201.30330597551054,-11.163604952403796,engine
Spica,15,201.30330617413878,-11.163604927800657,engine
Spica,16,201.30330637333753,-11.163604903369459,engine
Spica,17,201.30330657310293,-11.163604879110654,engine
Spica,18,201.3033067734308,-11.163604855024747,engine
Spica,19,201.3033069743173,-11.163604831112199,engine
Spica,20,201.30330717575848,-11.163604807373467,engine
Spica,21,201.30330737775043,-11.163604783809015,engine
Spica,22,201.30330758028916,-11.163604760419304,engine
Spica,23,201.3033077833706,-11.16360473720478,engine
Spica,24,201.30330798699083,-11.163604714165903,engine
Spica,25,201.30330819114582,-11.163604691303119,engine
Spica,26,201.30330839583158,-11.163604668616875,engine
Spica,27,201.30330860104405,-11.163604646107611,engine
Spica,28,201.3033088067792,-11.163604623775756,engine
Spica,29,201.3033090130331,-11.163604601621742,engine
Spica,30,201.30330921980146,-11.163604579646027,engine
Arcturus,-30,213.9136881587195,19.16799864928173,engine
Arcturus,-20,213.91368968415134,19.16799833270242,engine
Arcturus,-15,213.91369048044243,19.167998181825027,engine
Arcturus,-10,213.91369129863966,19.167998036089436,engine
Arcturus,-5,213.91369213837223,19.16799789564275,engine
Arcturus,-2,213.91369265239035,19.16799781397372,engine
Arcturus,-1,213.9136928254076,19.167997787190735,engine
Arcturus,0,213.9136929992585,19.16799776062965,engine
Arcturus,1,213.91369317393995,19.167997734291614,engine
Arcturus,2,213.91369334944875,19.167997708177705,engine
Arcturus,3,213.9136935257817,19.16799768228909,engine
Arcturus,4,213.91369370293555,19.167997656626863,engine
Arcturus,5,213.91369388090715,19.167997631192133,engine
Arcturus,6,213.91369405969334,19.167997605985985,engine
Arcturus,7,213.91369423929058,19.167997581009573,engine
Arcturus,8,213.91369441969582,19.167997556263963,engine
Arcturus,9,213.91369460090567,19.167997531750252,engine
Arcturus,10,213.91369478291688,19.16799750746953,engine
Arcturus,11,213.91369496572608,19.16799748342288,engine
Arcturus,12,213.91369514933,19.16799745961137,engine
Arcturus,13,213.91369533372523,19.1679974360361,engine
Arcturus,14,213.91369551890844,19.167997412698114,engine
Arcturus,15,213.9136957048762,19.16799738959851,engine
Arcturus,16,213.9136958916252,19.167997366738316,engine
Arcturus,17,213.91369607915212,19.167997344118596,engine
Arcturus,18,213.91369626745322,19.167997321740415,engine
Arcturus,19,213.91369645652526,19.16799729960483,engine
Arcturus,20,213.91369664636474,19.167997277712868,engine
Arcturus,21,213.91369683696823,19.167997256065565,engine
Arcturus,22,213.9136970283322,19.167997234663957,engine
Arcturus,23,213.9136972204532,19.16799721350908,engine
Arcturus,24,213.91369741332764,19.167997192601966,engine
Arcturus,25,213.91369760695207,19.1679971719436,engine
Arcturus,26,213.91369780132294,19.167997151535026,engine
Arcturus,27,213.91369799643664,19.16799713137726,engine
Arcturus,28,213.91369819228964,19.167997111471276,engine
Arcturus,29,213.9136983888785,19.1679970918181,engine
Arcturus,30,213.91369858619927,19.167997072418718,engine
Alphecca,-30,233.6781457259947,26.71137103967731,engine
Alphecca,-20,233.67814675944965,26.71137038274132,engine
Alphecca,-15,233.6781473182101,26.711370059024595,engine
Alphecca,-10,233.67814790474907,26.71136973880216,engine
Alphecca,-5,233.67814851886746,26.71136942231688,engine
Alphecca,-2,233.67814890048885,26.711369234320014,engine
Alphecca,-1,233.67814902987706,26.711369171981627,engine
Alphecca,0,233.6781491603529,26.711369109810043,engine
Alphecca,1,233.67814929191442,26.71136904780718,engine
Alphecca,2,233.6781494245598,26.711368985974943,engine
Alphecca,3,233.6781495582871,26.711368924315202,engine
Alphecca,4,233.6781496930944,26.711368862829904,engine
Alphecca,5,233.67814982897988,26.7113688015209,engine
Alphecca,6,233.67814996594157,26.711368740390064,engine
Alphecca,7,233.67815010397746,26.711368679439374,engine
Alphecca,8,233.67815024308544,26.711368618670644,engine
Alphecca,9,233.6781503832637,26.711368558085795,engine
Alphecca,10,233.6781505245101,26.711368497686667,engine
Alphecca,11,233.67815066682255,26.711368437475148,engine
Alphecca,12,233.6781508101991,26.711368377453127,engine
Alphecca,13,233.67815095463763,26.711368317622437,engine
Alphecca,14,233.67815110013592,26.711368257984972,engine
Alphecca,15,233.67815124669193,26.71136819854257,engine
Alphecca,16,233.67815139430346,26.711368139297097,engine
Alphecca,17,233.67815154296852,26.71136808025037,engine
Alphecca,18,233.67815169268468,26.711368021404297,engine
Alphecca,19,233.67815184344974,26.711367962760715,engine
Alphecca,20,233.67815199526157,26.71136790432143,engine
Alphecca,21,233.67815214811782,26.71136784608831,engine
Alphecca,22,233.67815230201634,26.71136778806317,engine
Alphecca,23,233.67815245695476,26.711367730247833,engine
Alphecca,24,233.6781526129307,26.711367672644133,engine
Alphecca,25,233.678152769942,26.71136761525389,engine
Alphecca,26,233.67815292798616,26.71136755807893,engine
Alphecca,27,233.67815308706082,26.711367501121057,engine
Alphecca,28,233.6781532471636,26.711367444382066,engine
Alphecca,29,233.6781534082923,26.711367387863742,engine
Alphecca,30,233.67815357044415,26.711367331567967,engine
Vega,-30,279.238661939366,38.780810962046075,engine
Vega,-20,279.2386611977052,38.780809901130425,engine
Vega,-15,279.2386608704065,38.78080935852255,engine
Vega,-10,279.2386605726005,38.78080880823081,engine
Vega,-5,279.23866030462307,38.78080825057162,engine
Vega,-2,279.2386601582888,38.780807912572875,engine
Vega,-1,279.2386601119344,38.78080779935488,engine
Vega,0,279.23866006679594,38.78080768586533,engine
Vega,1,279.2386600228759,38.78080757210682,engine
Vega,2,279.23865998017646,38.780807458081966,engine
Vega,3,279.2386599387002,38.78080734379337,engine
Vega,4,279.2386598984494,38.780807229243635,engine
Vega,5,279.2386598594263,38.78080711443542,engine
Vega,6,279.2386598216333,38.780806999371215,engine
Vega,7,279.2386597850726,38.780806884053824,engine
Vega,8,279.23865974974655,38.78080676848584,engine
Vega,9,279.2386597156572,38.78080665266986,engine
Vega,10,279.23865968280694,38.780806536608544,engine
Vega,11,279.23865965119774,38.780806420304536,engine
Vega,12,279.238659620832,38.78080630376049,engine
Vega,13,279.2386595917116,38.78080618697907,engine
Vega,14,279.23865956383884,38.780806069962935,engine
Vega,15,279.23865953721565,38.78080595271474,engine
Vega,16,279.23865951184416,38.78080583523716,engine
Vega,17,279.23865948772647,38.78080571753282,engine
Vega,18,279.23865946486444,38.780805599604506,engine
Vega,19,279.2386594432602,38.780805481454856,engine
Vega,20,279.2386594229156,38.780805363086586,engine
Vega,21,279.2386594038327,38.78080524450233,engine
Vega,22,279.23865938601324,38.780805125704816,engine
Vega,23,279.2386593694593,38.780805006696745,engine
Vega,24,279.23865935417257,38.7808048874808,engine
Vega,25,279.238659340155,38.78080476805974,engine
Vega,26,279.23865932740836,38.78080464843622,engine
Vega,27,279.23865931593446,38.780804528612975,engine
Vega,28,279.23865930573504,38.78080440859275,engine
Vega,29,279.23865929681193,38.78080428837817,engine
Vega,30,279.2386592891667,38.78080416797213,engine
Deneb Algedi,-30,326.75934105285086,-16.12975211653042,engine
Deneb Algedi,-20,326.7593392211965,-16.129751764620096,engine
Deneb Algedi,-15,326.7593383143989,-16.129751578156686,engine
Deneb Algedi,-10,326.75933741439,-16.129751384737766,engine
Deneb Algedi,-5,326.7593365217421,-16.129751184404913,engine
Deneb Algedi,-2,326.75933598992367,-16.129751060905107,engine
Deneb Algedi,-1,326.75933581330645,-16.129751019190735,engine
Deneb Algedi,0,326.7593356370245,-16.129750977203134,engine
Deneb Algedi,1,326.7593354610824,-16.129750934942678,engine
Deneb Algedi,2,326.7593352854846,-16.129750892409795,engine
Deneb Algedi,3,326.7593351102357,-16.129750849604886,engine
Deneb Algedi,4,326.7593349353401,-16.129750806528346,engine
Deneb Algedi,5,326.7593347608023,-16.1297507631806,engine
Deneb Algedi,6,326.75933458662666,-16.129750719562054,engine
Deneb Algedi,7,326.75933441281785,-16.12975067567318,engine
Deneb Algedi,8,326.75933423938034,-16.129750631514383,engine
Deneb Algedi,9,326.75933406631844,-16.12975058708611,engine
Deneb Algedi,10,326.75933389363666,-16.12975054238879,engine
Deneb Algedi,11,326.7593337213394,-16.129750497422876,engine
Deneb Algedi,12,326.7593335494312,-16.129750452188826,engine
Deneb Algedi,13,326.75933337791633,-16.12975040668711,engine
Deneb Algedi,14,326.75933320679934,-16.12975036091817,engine
Deneb Algedi,15,326.7593330360846,-16.129750314882475,engine
Deneb Algedi,16,326.75933286577646,-16.12975026858051,engine
Deneb Algedi,17,326.7593326958793,-16.129750222012717,engine
Deneb Algedi,18,326.75933252639766,-16.129750175179648,engine
Deneb Algedi,19,326.75933235733584,-16.129750128081756,engine
Deneb Algedi,20,326.75933218869824,-16.129750080719536,engine
Deneb Algedi,21,326.7593320204891,-16.12975003309349,engine
Deneb Algedi,22,326.75933185271293,-16.129749985204114,engine
Deneb Algedi,23,326.759331685374,-16.129749937051926,engine
Deneb Algedi,24,326.7593315184766,-16.129749888637427,engine
Deneb Algedi,25,326.7593313520252,-16.129749839961157,engine
Deneb Algedi,26,326.7593311860239,-16.129749791023627,engine
Deneb Algedi,27,326.75933102047725,-16.129749741825364,engine
Deneb Algedi,28,326.75933085538946,-16.129749692366914,engine
Deneb Algedi,29,326.7593306907647,-16.12974964264878,engine
Deneb Algedi,30,326.7593305266074,-16.12974959267155,engine
Rigel,-30,78.63104001911731,-8.204193538231838,engine
Rigel,-20,78.63103990445802,-8.204193689719208,engine
Rigel,-15,78.63103980816766,-8.204193766407043,engine
Rigel,-10,78.63103968579232,-8.204193843617597,engine
Rigel,-5,78.63103953726419,-8.204193921270534,engine
Rigel,-2,78.63103943557049,-8.204193968041123,engine
Rigel,-1,78.63103939957415,-8.204193983657252,engine
Rigel,0,78.63103936252806,-8.20419399928527,engine
Rigel,1,78.63103932443188,-8.204194014924525,engine
Rigel,2,78.63103928528535,-8.20419403057438,engine
Rigel,3,78.6310392450882,-8.204194046234187,engine
Rigel,4,78.63103920384023,-8.204194061903296,engine
Rigel,5,78.63103916154115,-8.20419407758106,engine
Rigel,6,78.63103911819078,-8.204194093266839,engine
Rigel,7,78.63103907378898,-8.20419410895997,engine
Rigel,8,78.63103902833555,-8.204194124659812,engine
Rigel,9,78.63103898183039,-8.204194140365718,engine
Rigel,10,78.63103893427333,-8.204194156077039,engine
Rigel,11,78.6310388856643,-8.204194171793134,engine
Rigel,12,78.6310388360032,-8.20419418751334,engine
Rigel,13,78.63103878529,-8.204194203237021,engine
Rigel,14,78.63103873352462,-8.204194218963522,engine
Rigel,15,78.63103868070706,-8.204194234692203,engine
Rigel,16,78.63103862683734,-8.204194250422407,engine
Rigel,17,78.63103857191543,-8.204194266153497,engine
Rigel,18,78.63103851594141,-8.204194281884808,engine
Rigel,19,78.63103845891536,-8.204194297615702,engine
Rigel,20,78.63103840083731,-8.204194313345523,engine
Rigel,21,78.63103834170742,-8.204194329073632,engine
Rigel,22,78.63103828152576,-8.20419434479937,engine
Rigel,23,78.6310382202925,-8.2041943605221,engine
Rigel,24,78.63103815800777,-8.204194376241167,engine
Rigel,25,78.63103809467178,-8.20419439195592,engine
Rigel,26,78.63103803028473,-8.204194407665717,engine
Rigel,27,78.63103796484684,-8.204194423369906,engine
Rigel,28,78.63103789835836,-8.204194439067837,engine
Rigel,29,78.63103783081948,-8.20419445475888,engine
Rigel,30,78.63103776223059,-8.204194470442362,engine
Betelgeuse,-30,88.79044709215681,7.4057312755329106,engine
Betelgeuse,-20,88.79044732566686,7.405731651341612,engine
Betelgeuse,-15,88.79044740523565,7.405731840831393,engine
Betelgeuse,-10,88.79044745977068,7.4057320312846615,engine
Betelgeuse,-5,88.79044748910474,7.405732222630829,engine
Betelgeuse,-2,88.79044749454361,7.405732337837541,engine
Betelgeuse,-1,88.79044749432256,7.405732376302859,engine
Betelgeuse,0,88.7904474930826,7.405732414798766,engine
Betelgeuse,1,88.79044749082264,7.405732453324685,engine
Betelgeuse,2,88.79044748754157,7.405732491880048,engine
Betelgeuse,3,88.79044748323837,7.405732530464279,engine
Betelgeuse,4,88.79044747791195,7.4057325690768,engine
Betelgeuse,5,88.79044747156128,7.405732607717036,engine
Betelgeuse,6,88.79044746418539,7.4057326463844415,engine
Betelgeuse,7,88.79044745578327,7.405732685078389,engine
Betelgeuse,8,88.79044744635395,7.405732723798322,engine
Betelgeuse,9,88.7904474358965,7.405732762543668,engine
Betelgeuse,10,88.79044742440996,7.405732801313849,engine
Betelgeuse,11,88.79044741189344,7.405732840108284,engine
Betelgeuse,12,88.79044739834605,7.405732878926395,engine
Betelgeuse,13,88.79044738376692,7.405732917767606,engine
Betelgeuse,14,88.79044736815521,7.405732956631335,engine
Betelgeuse,15,88.79044735151007,7.4057329955170035,engine
Betelgeuse,16,88.79044733383068,7.405733034424027,engine
Betelgeuse,17,88.7904473151163,7.4057330733518585,engine
Betelgeuse,18,88.7904472953661,7.40573311229986,engine
Betelgeuse,19,88.79044727457936,7.405733151267476,engine
Betelgeuse,20,88.79044725275536,7.405733190254124,engine
Betelgeuse,21,88.79044722989336,7.4057332292592255,engine
Betelgeuse,22,88.79044720599269,7.405733268282188,engine
Betelgeuse,23,88.79044718105268,7.405733307322443,engine
Betelgeuse,24,88.79044715507266,7.4057333463793995,engine
Betelgeuse,25,88.79044712805202,7.405733385452474,engine
Betelgeuse,26,88.79044709999012,7.405733424541083,engine
Betelgeuse,27,88.79044707088639,7.405733463644643,engine
Betelgeuse,28,88.79044704074028,7.405733502762563,engine
Betelgeuse,29,88.79044700955116,7.405733541894296,engine
Betelgeuse,30,88.79044697731857,7.405733581039202,engine
Polaris,-30,37.570935187734634,89.26480838214677,engine
Polaris,-20,37.57082896693898,89.26480977535816,engine
Polaris,-15,37.57077327643754,89.26481045125769,engine
Polaris,-10,37.57071589789036,89.26481111271393,engine
Polaris,-5,37.57065685630406,89.26481175925632,engine
Polaris,-2,37.570620643810024,89.26481213982986,engine
Polaris,-1,37.57060844298284,89.26481226544036,engine
Polaris,0,37.57059617751356,89.2648123904211,engine
Polaris,1,37.570583847617456,89.2648125147685,engine
Polaris,2,37.57057145351109,89.26481263847887,engine
Polaris,3,37.57055899541228,89.26481276154867,engine
Polaris,4,37.57054647353999,89.2648128839743,engine
Polaris,5,37.57053388811451,89.26481300575216,engine
Polaris,6,37.57052123934874,89.26481312687879,engine
Polaris,7,37.57050852748235,89.26481324735046,engine
Polaris,8,37.57049575273079,89.26481336716373,engine
Polaris,9,37.57048291531909,89.26481348631505,engine
Polaris,10,37.57047001547353,89.2648136048009,engine
Polaris,11,37.570457053421634,89.26481372261783,engine
Polaris,12,37.57044402939205,89.2648138397623,engine
Polaris,13,37.570430943614674,89.26481395623085,engine
Polaris,14,37.5704177963205,89.26481407202002,engine
Polaris,15,37.57040458774181,89.26481418712635,engine
Polaris,16,37.570391318111945,89.26481430154641,engine
Polaris,17,37.5703779876566,89.26481441527687,engine
Polaris,18,37.57036459662931,89.26481452831412,engine
Polaris,19,37.57035114525811,89.26481464065489,engine
Polaris,20,37.570337633781016,89.26481475229576,engine
Polaris,21,37.57032406243729,89.26481486323338,engine
Polaris,22,37.57031043146721,89.26481497346441,engine
Polaris,23,37.570296741112344,89.26481508298545,engine
Polaris,24,37.570282991615294,89.26481519179322,engine
Polaris,25,37.57026918321986,89.26481529988438,engine
Polaris,26,37.57025531617088,89.26481540725563,engine
Polaris,27,37.570241390714465,89.26481551390368,engine
Polaris,28,37.5702274070977,89.26481561982527,engine
Polaris,29,37.57021336555943,89.2648157250172,engine
Polaris,30,37.57019926636783,89.26481582947608,engine
Castor,-30,113.6474810295458,31.888451256183547,engine
Castor,-20,113.64748223336281,31.88845223921095,engine
Castor,-15,113.647482802219,31.88845274500712,engine
Castor,-10,113.64748334842612,31.888453260032477,engine
Castor,-5,113.64748387153719,31.88845378406243,engine
Castor,-2,113.64748417413583,31.88845410270737,engine
Castor,-1,113.64748427310342,31.888454209615723,engine
Castor,0,113.64748437111608,31.88845431686768,engine
Castor,1,113.64748446817042,31.888454424461315,engine
Castor,2,113.64748456426311,31.888454532394768,engine
Castor,3,113.64748465939081,31.888454640666133,engine
Castor,4,113.64748475355024,31.888454749273514,engine
Castor,5,113.64748484673808,31.88845485821502,engine
Castor,6,113.64748493895114,31.8884549674888,engine
Castor,7,113.64748503018603,31.888455077092775,engine
Castor,8,113.64748512043961,31.88845518702512,engine
Castor,9,113.64748520970863,31.88845529728388,engine
Castor,10,113.64748529798995,31.88845540786714,engine
Castor,11,113.64748538528033,31.888455518772933,engine
Castor,12,113.64748547157663,31.888455629999328,engine
Castor,13,113.64748555687576,31.88845574154437,engine
Castor,14,113.64748564117454,31.888455853406086,engine
Castor,15,113.6474857244699,31.888455965582516,engine
Castor,16,113.64748580675877,31.888456078071684,engine
Castor,17,113.64748588803813,31.88845619087168,engine
Castor,18,113.64748596830484,31.888456303980345,engine
Castor,19,113.6474860475559,31.888456417395833,engine
Castor,20,113.64748612578833,31.88845653111607,engine
Castor,21,113.64748620299918,31.888456645139108,engine
Castor,22,113.6474862791854,31.8884567594629,engine
Castor,23,113.64748635434414,31.888456874085442,engine
Castor,24,113.6474864284724,31.888456989004716,engine
Castor,25,113.64748650156734,31.8884571042187,engine
Castor,26,113.64748657362605,31.888457219725357,engine
Castor,27,113.64748664464565,31.88845733552265,engine
Castor,28,113.64748671462331,31.888457451608524,engine
Castor,29,113.64748678355623,31.888457567981032,engine
Castor,30,113.64748685144156,31.888457684637952,engine
Altair,-30,297.6993658958633,8.867926171272687,engine
Altair,-20,297.69936474766615,8.867926058560094,engine
Altair,-15,297.6993641999566,8.867925997653888,engine
Altair,-10,297.6993636704058,8.867925933793156,engine
Altair,-5,297.699363159427,8.867925867038714,engine
Altair,-2,297.69936286192313,8.867925825622907,engine
Altair,-1,297.69936276428825,8.867925811593475,engine
Altair,0,297.6993626674252,8.86792579745281,engine
Altair,1,297.699362571337,8.86792578320142,engine
Altair,2,297.6993624760268,8.867925768839827,engine
Altair,3,297.6993623814979,8.86792575436855,engine
Altair,4,297.6993622877532,8.867925739788106,engine
Altair,5,297.69936219479575,8.86792572509901,engine
Altair,6,297.6993621026287,8.867925710301785,engine
Altair,7,297.6993620112551,8.867925695396968,engine
Altair,8,297.69936192067803,8.867925680385083,engine
Altair,9,297.6993618309004,8.867925665266656,engine
Altair,10,297.6993617419252,8.86792565004222,engine
Altair,11,297.6993616537555,8.867925634712313,engine
Altair,12,297.6993615663942,8.867925619277461,engine
Altair,13,297.6993614798443,8.867925603738213,engine
Altair,14,297.6993613941087,8.8679255880951,engine
Altair,15,297.6993613091903,8.86792557234867,engine
Altair,16,297.6993612250921,8.86792555649946,engine
Altair,17,297.6993611418169,8.867925540548015,engine
Altair,18,297.6993610593677,8.867925524494893,engine
Altair,19,297.69936097774723,8.867925508340642,engine
Altair,20,297.69936089695835,8.86792549208581,engine
Altair,21,297.69936081700394,8.867925475730944,engine
Altair,22,297.6993607378868,8.867925459276615,engine
Altair,23,297.6993606596097,8.86792544272337,engine
Altair,24,297.6993605821755,8.867925426071764,engine
Altair,25,297.69936050558687,8.867925409322371,engine
Altair,26,297.69936042984654,8.86792539247574,engine
Altair,27,297.6993603549573,8.86792537553245,engine
Altair,28,297.6993602809219,8.867925358493057,engine
Altair,29,297.69936020774287,8.867925341358122,engine
Altair,30,297.69936013542303,8.867925324128239,engine
Bellatrix,-30,81.27947893301801,6.348090074129525,engine
Bellatrix,-20,81.27947890960375,6.348090416165032,engine
Bellatrix,-15,81.2794788594231,6.348090587987575,engine
Bellatrix,-10,81.27947878344789,6.348090760263589,engine
Bellatrix,-5,81.27947868158435,6.348090932930582,engine
Bellatrix,-2,81.2794786080055,6.348091036692337,engine
Bellatrix,-1,81.27947858139888,6.348091071303503,engine
Bellatrix,0,81.27947855375118,6.348091105925785,engine
Bellatrix,1,81.2794785250619,6.348091140558685,engine
Bellatrix,2,81.27947849533055,6.348091175201695,engine
Bellatrix,3,81.27947846455666,6.348091209854313,engine
Bellatrix,4,81.27947843273978,6.348091244516028,engine
Bellatrix,5,81.27947839987944,6.348091279186348,engine
Bellatrix,6,81.27947836597527,6.348091313864783,engine
Bellatrix,7,81.27947833102687,6.348091348550786,engine
Bellatrix,8,81.27947829503388,6.348091383243874,engine
Bellatrix,9,81.27947825799593,6.348091417943545,engine
Bellatrix,10,81.27947821991269,6.348091452649286,engine
Bellatrix,11,81.27947818078385,6.3480914873606,engine
Bellatrix,12,81.27947814060913,6.348091522076981,engine
Bellatrix,13,81.27947809938824,6.348091556797921,engine
Bellatrix,14,81.27947805712095,6.348091591522914,engine
Bellatrix,15,81.279478013807,6.348091626251461,engine
Bellatrix,16,81.27947796944619,6.348091660983047,engine
Bellatrix,17,81.27947792403832,6.348091695717198,engine
Bellatrix,18,81.27947787758325,6.348091730453356,engine
Bellatrix,19,81.27947783008082,6.348091765191041,engine
Bellatrix,20,81.27947778153087,6.348091799929753,engine
Bellatrix,21,81.27947773193333,6.348091834668973,engine
Bellatrix,22,81.27947768128807,6.348091869408209,engine
Bellatrix,23,81.27947762959505,6.3480919041469495,engine
Bellatrix,24,81.27947757685419,6.3480919388846875,engine
Bellatrix,25,81.27947752306548,6.348091973620918,engine
Bellatrix,26,81.2794774682289,6.348092008355137,engine
Bellatrix,27,81.27947741234448,6.348092043086841,engine
Bellatrix,28,81.27947735541221,6.3480920778155205,engine
Bellatrix,29,81.27947729743212,6.348092112540693,engine
Bellatrix,30,81.27947723840438,6.34809214726181,engine
