body,minute,ra,dec,source
Aldebaran,-30,68.97636756270435,16.507165406600485,engine
Aldebaran,-20,68.97636761158543,16.507166068024407,engine
Aldebaran,-15,68.97636759520105,16.507166400808174,engine
Aldebaran,-10,68.97636755145761,16.50716673475538,engine
Aldebaran,-5,68.97636748026459,16.507167069702085,engine
Aldebaran,-2,68.97636742434028,16.507167271081414,engine
Aldebaran,-1,68.97636740349408,16.5071673382685,engine
Aldebaran,0,68.97636738154468,16.507167405483717,engine
Aldebaran,1,68.97636735849159,16.507167472725733,engine
Aldebaran,2,68.97636733433434,16.507167539993233,engine
Aldebaran,3,68.97636730907256,16.507167607284902,engine
Aldebaran,4,68.97636728270578,16.50716767459941,engine
Aldebaran,5,68.97636725523367,16.507167741935433,engine
Aldebaran,6,68.9763672266558,16.507167809291694,engine
Aldebaran,7,68.97636719697189,16.507167876666788,engine
Aldebaran,8,68.97636716618159,16.50716794405943,engine
Aldebaran,9,68.97636713428457,16.507168011468305,engine
Aldebaran,10,68.97636710128062,16.50716807889207,engine
Aldebaran,11,68.9763670671694,16.507168146329416,engine
Aldebaran,12,68.97636703195072,16.507168213779018,engine
Aldebaran,13,68.97636699562436,16.50716828123956,engine
Aldebaran,14,68.97636695819011,16.507168348709694,engine
Aldebaran,15,68.97636691964782,16.507168416188147,engine
Aldebaran,16,68.97636687999731,16.50716848367347,engine
Aldebaran,17,68.97636683923842,16.50716855116451,engine
Aldebaran,18,68.9763667973711,16.507168618659815,engine
Aldebaran,19,68.97636675439524,16.507168686158092,engine
Aldebaran,20,68.97636671031077,16.507168753658018,engine
Aldebaran,21,68.97636666511764,16.507168821158267,engine
Aldebaran,22,68.97636661881582,16.507168888657525,engine
Aldebaran,23,68.97636657140532,16.507168956154455,engine
Aldebaran,24,68.97636652288612,16.507169023647727,engine
Aldebaran,25,68.9763664732583,16.507169091136028,engine
Aldebaran,26,68.9763664225219,16.50716915861803,engine
Aldebaran,27,68.97636637067701,16.507169226092397,engine
Aldebaran,28,68.97636631772372,16.50716929355782,engine
Aldebaran,29,68.97636626366213,16.507169361013002,engine
Aldebaran,30,68.97636620849242,16.507169428456546,engine
Antares,-30,247.35643821540577,-26.432488385028783,engine
Antares,-20,247.35643822520984,-26.432487425444545,engine
Antares,-15,247.356438274041,-26.432486942861836,engine
Antares,-10,247.35643835228663,-26.432486458760952,engine
Antares,-5,247.35643846002534,-26.43248597339928,engine
Antares,-2,247.35643853885261,-26.43248568168454,engine
Antares,-1,247.35643856749513,-26.432485584375737,engine
Antares,0,247.35643859732158,-26.4324854870351,engine
Antares,1,247.35643862833246,-26.432485389664716,engine
Antares,2,247.35643866052797,-26.43248529226663,engine
Antares,3,247.3564386939086,-26.432485194842936,engine
Antares,4,247.35643872847444,-26.432485097395688,engine
Antares,5,247.35643876422586,-26.43248499992697,engine
Antares,6,247.35643880116308,-26.43248490243879,engine
Antares,7,247.3564388392864,-26.43248480493335,engine
Antares,8,247.35643887859592,-26.432484707412648,engine
Antares,9,247.3564389190918,-26.432484609878777,engine
Antares,10,247.3564389607743,-26.432484512333797,engine
Antares,11,247.35643900364346,-26.432484414779786,engine
Antares,12,247.35643904769944,-26.432484317218798,engine
Antares,13,247.35643909294228,-26.432484219652956,engine
Antares,14,247.35643913937207,-26.432484122084293,engine
Antares,15,247.3564391869889,-26.432484024514828,engine
Antares,16,247.35643923579266,-26.43248392694684,engine
Antares,17,247.3564392857835,-26.432483829382143,engine
Antares,18,247.35643933696127,-26.432483731822995,engine
Antares,19,247.35643938932597,-26.43248363427141,engine
Antares,20,247.3564394428775,-26.432483536729464,engine
Antares,21,247.35643949761578,-26.432483439199245,engine
Antares,22,247.3564395535407,-26.432483341682797,engine
Antares,23,247.35643961065207,-26.43248324418223,engine
Antares,24,247.3564396689498,-26.432483146699575,engine
Antares,25,247.35643972843366,-26.432483049236932,engine
Antares,26,247.35643978910343,-26.432482951796374,engine
Antares,27,247.3564398509589,-26.432482854379977,engine
Antares,28,247.3564399139998,-26.4324827569898,engine
Antares,29,247.35643997822592,-26.43248265962784,engine
Antares,30,247.3564400436368,-26.43248256229632,engine
Ceres,-30,78.0482849776272,25.489198107796646,engine
Ceres,-20,78.05110515323587,25.489598228220085,engine
Ceres,-15,78.05251510813216,25.489798134857697,engine
Ceres,-10,78.05392498097466,25.489997937826665,engine
Ceres,-5,78.05533477737791,25.49019763631547,engine
Ceres,-2,78.0561806203301,25.490317404835277,engine
Ceres,-1,78.05646256245375,25.490357319214517,engine
Ceres,0,78.05674450197509,25.490397229376935,engine
Ceres,1,78.0570264387536,25.490437135267968,engine
Ceres,2,78.05730837292266,25.490477036905574,engine
Ceres,3,78.05759030452457,25.490516934283637,engine
Ceres,4,78.05787223360156,25.49055682739611,engine
Ceres,5,78.05815416028736,25.49059671626115,engine
Ceres,6,78.0584360846307,25.490636600851307,engine
Ceres,7,78.05871800638734,25.490676481131402,engine
Ceres,8,78.05899992578887,25.490716357122444,engine
Ceres,9,78.0592818428779,25.490756228818714,engine
Ceres,10,78.0595637576971,25.49079609621461,engine
Ceres,11,78.05984567038061,25.49083595932876,engine
Ceres,12,78.06012758078847,25.490875818107355,engine
Ceres,13,78.06040948905492,25.490915672569166,engine
Ceres,14,78.0606913952229,25.490955522708873,engine
Ceres,15,78.06097329933382,25.490995368521418,engine
Ceres,16,78.0612552012448,25.49103520997452,engine
Ceres,17,78.06153710156451,25.491075047143433,engine
Ceres,18,78.06181899976899,25.491114879942952,engine
Ceres,19,78.06210089609047,25.49115470839482,engine
Ceres,20,78.06238279066363,25.49119453251836,engine
Ceres,21,78.06266468334904,25.49123435226042,engine
Ceres,22,78.06294657428148,25.491274167640427,engine
Ceres,23,78.06322846350436,25.491313978653714,engine
Ceres,24,78.06351035106118,25.491353785295694,engine
Ceres,25,78.06379223699547,25.49139358756185,engine
Ceres,26,78.06407412135083,25.491433385447756,engine
Ceres,27,78.06435600417089,25.491473178949036,engine
Ceres,28,78.06463788549935,25.49151296806139,engine
Ceres,29,78.06491976556897,25.49155275280729,engine
Ceres,30,78.06520164404547,25.49159253312923,engine
Chiron,-30,11.20127020671804,6.924683191414393,engine
Chiron,-20,11.201634919267912,6.924833539438118,engine
Chiron,-15,11.20181728541636,6.924908704236312,engine
Chiron,-10,11.201999659420611,6.924983862912067,engine
Chiron,-5,11.2021820423032,6.925059015513868,engine
Chiron,-2,11.202291476673434,6.925104104162031,engine
Chiron,-1,11.20232795561458,6.925119133227194,engine
Chiron,0,11.202364434983524,6.925134162052477,engine
Chiron,1,11.202400914783874,6.925149190636964,engine
Chiron,2,11.202437395023306,6.925164218980938,engine
Chiron,3,11.202473875709481,6.925179247084682,engine
Chiron,4,11.202510356845988,6.925194274947307,engine
Chiron,5,11.202546838448587,6.925209302571467,engine
Chiron,6,11.202583320545319,6.925224329966354,engine
Chiron,7,11.20261980309486,6.925239357112105,engine
Chiron,8,11.20265628612524,6.925254384017934,engine
Chiron,9,11.202692769652169,6.925269410686511,engine
Chiron,10,11.202729253679172,6.925284437116959,engine
Chiron,11,11.20276573821383,6.925299463309599,engine
Chiron,12,11.20280222325963,6.92531448926357,engine
Chiron,13,11.202838708832273,6.925329514981566,engine
Chiron,14,11.202875194935219,6.925344540462726,engine
Chiron,15,11.202911681575735,6.925359565707375,engine
Chiron,16,11.202948168733334,6.925374590704614,engine
Chiron,17,11.202984656496787,6.9253896154873615,engine
Chiron,18,11.203021144796123,6.925404640024562,engine
Chiron,19,11.203057633663288,6.925419664326632,engine
Chiron,20,11.203094123101684,6.9254346883927385,engine
Chiron,21,11.203130613126886,6.925449712225619,engine
Chiron,22,11.203167103742294,6.925464735824432,engine
Chiron,23,11.203203594955307,6.925479759189554,engine
Chiron,24,11.203240086769297,6.925494782320176,engine
Chiron,25,11.203276579199782,6.9255098052190185,engine
Chiron,26,11.203313072250099,6.925524827885291,engine
Chiron,27,11.20334956592355,6.925539850318189,engine
Chiron,28,11.203386060235626,6.925554872520455,engine
Chiron,29,11.203422555214084,6.9255698945013755,engine
Chiron,30,11.203459050817315,6.925584916241189,engine
Eris,-30,26.38209512176282,-1.066330008778099,tno-rate
Eris,-20,26.38216277743973,-1.0663000243931573,tno-rate
Eris,-15,26.382196605278185,-1.0662850322006865,tno-rate
Eris,-10,26.38223043311664,-1.0662700400082157,tno-rate
Eris,-5,26.382264260955097,-1.0662550478157449,tno-rate
Eris,-2,26.382284557658167,-1.0662460525002624,tno-rate
Eris,-1,26.38229132322586,-1.0662430540617682,tno-rate
Eris,0,26.38229808879355,-1.066240055623274,tno-rate
Eris,1,26.38230485436124,-1.06623705718478,tno-rate
Eris,2,26.382311619928934,-1.0662340587462857,tno-rate
Eris,3,26.382318385496625,-1.0662310603077916,tno-rate
Eris,4,26.382325151064315,-1.0662280618692974,tno-rate
Eris,5,26.382331916632005,-1.0662250634308033,tno-rate
Eris,6,26.3823386821997,-1.066222064992309,tno-rate
Eris,7,26.38234544776739,-1.066219066553815,tno-rate
Eris,8,26.38235221333508,-1.0662160681153208,tno-rate
Eris,9,26.38235897890277,-1.0662130696768266,tno-rate
Eris,10,26.382365744470462,-1.0662100712383324,tno-rate
Eris,11,26.382372510038152,-1.0662070727998383,tno-rate
Eris,12,26.382379275605842,-1.0662040743613441,tno-rate
Eris,13,26.382386041173536,-1.06620107592285,tno-rate
Eris,14,26.382392806741226,-1.0661980774843558,tno-rate
Eris,15,26.382399572308916,-1.0661950790458616,tno-rate
Eris,16,26.382406337876606,-1.0661920806073675,tno-rate
Eris,17,26.3824131034443,-1.0661890821688733,tno-rate
Eris,18,26.38241986901199,-1.0661860837303792,tno-rate
Eris,19,26.38242663457968,-1.066183085291885,tno-rate
Eris,20,26.38243340014737,-1.0661800868533908,tno-rate
Eris,21,26.382440165715064,-1.0661770884148967,tno-rate
Eris,22,26.382446931282754,-1.0661740899764025,tno-rate
Eris,23,26.382453696850444,-1.0661710915379083,tno-rate
Eris,24,26.382460462418138,-1.0661680930994142,tno-rate
Eris,25,26.382467227985828,-1.06616509466092,tno-rate
Eris,26,26.382473993553518,-1.0661620962224259,tno-rate
Eris,27,26.382480759121208,-1.0661590977839317,tno-rate
Eris,28,26.3824875246889,-1.0661560993454375,tno-rate
Eris,29,26.38249429025659,-1.0661531009069434,tno-rate
Eris,30,26.38250105582428,-1.0661501024684492,tno-rate
Fomalhaut,-30,344.41076293537543,-29.623160699126142,engine
Fomalhaut,-20,344.4107607729944,-29.62316069906605,engine
Fomalhaut,-15,344.41075967894176,-29.623160680183517,engine
Fomalhaut,-10,344.4107585771739,-29.623160648630474,engine
Fomalhaut,-5,344.4107574683395,-29.623160604337865,engine
Fomalhaut,-2,344.4107567999184,-29.623160571620883,engine
Fomalhaut,-1,344.4107565766227,-29.623160559688795,engine
Fomalhaut,0,344.4107563530914,-29.623160547242755,engine
Fomalhaut,1,344.4107561293298,-29.623160534282313,engine
Fomalhaut,2,344.4107559053431,-29.623160520807062,engine
Fomalhaut,3,344.41075568113655,-29.62316050681657,engine
Fomalhaut,4,344.41075545671544,-29.623160492310447,engine
Fomalhaut,5,344.4107552320851,-29.623160477288277,engine
Fomalhaut,6,344.4107550072506,-29.623160461749677,engine
Fomalhaut,7,344.4107547822175,-29.6231604456943,engine
Fomalhaut,8,344.410754556991,-29.623160429121757,engine
Fomalhaut,9,344.41075433157624,-29.62316041203169,engine
Fomalhaut,10,344.4107541059787,-29.623160394423753,engine
Fomalhaut,11,344.4107538802036,-29.623160376297623,engine
Fomalhaut,12,344.4107536542562,-29.623160357652957,engine
Fomalhaut,13,344.41075342814185,-29.62316033848946,engine
Fomalhaut,14,344.41075320186576,-29.6231603188068,engine
Fomalhaut,15,344.4107529754332,-29.623160298604706,engine
Fomalhaut,16,344.4107527488499,-29.623160277882885,engine
Fomalhaut,17,344.4107525221206,-29.623160256641036,engine
Fomalhaut,18,344.410752295251,-29.62316023487891,engine
Fomalhaut,19,344.4107520682462,-29.62316021259625,engine
Fomalhaut,20,344.41075184111173,-29.623160189792817,engine
Fomalhaut,21,344.41075161385277,-29.623160166468345,engine
Fomalhaut,22,344.41075138647466,-29.623160142622652,engine
Fomalhaut,23,344.41075115898275,-29.623160118255512,engine
Fomalhaut,24,344.4107509313823,-29.62316009336666,engine
Fomalhaut,25,344.4107507036788,-29.62316006795599,engine
Fomalhaut,26,344.4107504758775,-29.623160042023247,engine
Fomalhaut,27,344.4107502479836,-29.62316001556827,engine
Fomalhaut,28,344.41075002000264,-29.623159988590917,engine
Fomalhaut,29,344.41074979193974,-29.623159961090973,engine
Fomalhaut,30,344.4107495638005,-29.62315993306836,engine
Juno,-30,328.5159857410603,-4.920799236253414,engine
Juno,-20,328.5183258803677,-4.9199938042302005,engine
Juno,-15,328.5194962815137,-4.919591084954475,engine
Juno,-10,328.52066690404814,-4.919188364176587,engine
Juno,-5,328.5218377488849,-4.918785642201826,engine
Juno,-2,328.5225403623409,-4.918544008698205,engine
Juno,-1,328.52277458468376,-4.918463464149891,engine
Juno,0,328.5230088158389,-4.918382919599847,engine
Juno,1,328.5232430559858,-4.918302375027607,engine
Juno,2,328.5234773049473,-4.918221830460636,engine
Juno,3,328.52371156290224,-4.9181412858784785,engine
Juno,4,328.5239458296732,-4.918060741308595,engine
Juno,5,328.52418010543875,-4.91798019673053,engine
Juno,6,328.5244143901781,-4.91789965211774,engine
Juno,7,328.52464868375534,-4.917819107557773,engine
Juno,8,328.5248829861493,-4.917738563024099,engine
Juno,9,328.5251172975378,-4.917658018496243,engine
Juno,10,328.5253516177423,-4.917577474001676,engine
Juno,11,328.52558594694017,-4.917496929519935,engine
Juno,12,328.5258202849526,-4.917416385078478,engine
Juno,13,328.5260546319566,-4.917335840656842,engine
Juno,14,328.5262889878619,-4.917255296270505,engine
Juno,15,328.52652335257824,-4.917174751934831,engine
Juno,16,328.52675772612474,-4.917094207683596,engine
Juno,17,328.5269921087932,-4.9170136633821215,engine
Juno,18,328.52722650028824,-4.916933119171944,engine
Juno,19,328.52746090058685,-4.91685257502653,engine
Juno,20,328.52769530986484,-4.9167720309253955,engine
Juno,21,328.52792972794157,-4.916691486896004,engine
Juno,22,328.52816415499257,-4.916610942917871,engine
Juno,23,328.52839859083684,-4.91653039901846,engine
Juno,24,328.52863303564953,-4.9164498551772775,engine
Juno,25,328.5288674892492,-4.916369311421779,engine
Juno,26,328.52910195181073,-4.916288767731479,engine
Juno,27,328.5293364231523,-4.916208224133834,engine
Juno,28,328.52957090344836,-4.916127680608339,engine
Juno,29,328.529805392674,-4.9160471371284515,engine
Juno,30,328.5300398906889,-4.915966593781682,engine
Jupiter,-30,355.8325046737789,-2.938720979149046,engine
Jupiter,-20,355.83391574971773,-2.938124382311034,engine
Jupiter,-15,355.8346214214033,-2.9378260846638486,engine
Jupiter,-10,355.83532718451585,-2.937527787711733,engine
Jupiter,-5,355.83603304089075,-2.9372294915147763,engine
Jupiter,-2,355.8364566001028,-2.937050514237015,engine
Jupiter,-1,355.83659779414586,-2.9369908552249866,engine
Jupiter,0,355.8367389920354,-2.9369311962524143,engine
Jupiter,1,355.8368801937842,-2.9368715373202448,engine
Jupiter,2,355.83702139943836,-2.9368118784152384,engine
Jupiter,3,355.8371626089436,-2.9367522195666265,engine
Jupiter,4,355.83730382234586,-2.936692560761215,engine
Jupiter,5,355.8374450396575,-2.9366329019999173,engine
Jupiter,6,355.837586261019,-2.9365732432295357,engine
Jupiter,7,355.8377274861864,-2.936513584559319,engine
Jupiter,8,355.8378687153,-2.9364539259360583,engine
Jupiter,9,355.8380099483718,-2.9363942673606926,engine
Jupiter,10,355.8381511854472,-2.936334608820035,engine
Jupiter,11,355.8382924264714,-2.936274950343334,engine
Jupiter,12,355.8384336714896,-2.9362152919173914,engine
Jupiter,13,355.83857492051357,-2.9361556335431724,engine
Jupiter,14,355.83871617358824,-2.9360959752074773,engine
Jupiter,15,355.83885743065815,-2.9360363169395405,engine
Jupiter,16,355.8389986916742,-2.935976658766257,engine
Jupiter,17,355.83913995693155,-2.9359170005685353,engine
Jupiter,18,355.83928122619074,-2.93585734245321,engine
Jupiter,19,355.83942249949104,-2.9357976844095597,engine
Jupiter,20,355.8395637768769,-2.93573802642439,engine
Jupiter,21,355.83970505835947,-2.935678368498691,engine
Jupiter,22,355.83984634394955,-2.9356187106334497,engine
Jupiter,23,355.8399876336916,-2.935559052815478,engine
Jupiter,24,355.8401289275296,-2.935499395074072,engine
Jupiter,25,355.84027022550765,-2.9354397373960572,engine
Jupiter,26,355.8404115276363,-2.935380079782425,engine
Jupiter,27,355.84055283395963,-2.9353204222200358,engine
Jupiter,28,355.84069414442126,-2.9352607647381475,engine
Jupiter,29,355.8408354591597,-2.9352011072836213,engine
Jupiter,30,355.8409767779957,-2.9351414499374613,engine
Ketu,-30,229.86217549124524,-18.335208706523918,engine
Ketu,-20,229.8621758545088,-18.335208795825555,engine
Ketu,-15,229.8621763783862,-18.335208926651145,engine
Ketu,-10,229.86217713011385,-18.335209114847657,engine
Ketu,-5,229.86217810945612,-18.335209360355744,engine
Ketu,-2,229.86217880621797,-18.335209535145346,engine
Ketu,-1,229.8621790566532,-18.33520959798646,engine
Ketu,0,229.8621793161761,-18.33520966311577,engine
Ketu,1,229.8621795847847,-18.335209730532785,engine
Ketu,2,229.86217986247698,-18.335209800237,engine
Ketu,3,229.862180149251,-18.335209872227935,engine
Ketu,4,229.8621804451054,-18.335209946505223,engine
Ketu,5,229.86218075003754,-18.33521002306821,engine
Ketu,6,229.862181064046,-18.33521010191657,engine
Ketu,7,229.86218138712894,-18.335210183049785,engine
Ketu,8,229.86218171928374,-18.335210266467225,engine
Ketu,9,229.86218206050924,-18.33521035216862,engine
Ketu,10,229.8621824108033,-18.335210440153396,engine
Ketu,11,229.86218277016383,-18.335210530421012,engine
Ketu,12,229.8621831385892,-18.33521062297111,engine
Ketu,13,229.8621835160775,-18.33521071780318,engine
Ketu,14,229.86218390262653,-18.335210814916664,engine
Ketu,15,229.86218429823455,-18.335210914311126,engine
Ketu,16,229.86218470289964,-18.335211015986093,engine
Ketu,17,229.86218511662042,-18.335211119941214,engine
Ketu,18,229.8621855393941,-18.335211226175787,engine
Ketu,19,229.86218597121928,-18.335211334689443,engine
Ketu,20,229.8621864120938,-18.335211445481644,engine
Ketu,21,229.86218686201627,-18.335211558552068,engine
Ketu,22,229.86218732098408,-18.335211673900023,engine
Ketu,23,229.8621877889956,-18.33521179152512,engine
Ketu,24,229.86218826604897,-18.335211911426878,engine
Ketu,25,229.8621887521422,-18.335212033604797,engine
Ketu,26,229.8621892472733,-18.33521215805837,engine
Ketu,27,229.8621897514406,-18.335212284787193,engine
Ketu,28,229.86219026464204,-18.33521241379074,engine
Ketu,29,229.86219078687614,-18.335212545068654,engine
Ketu,30,229.86219131814002,-18.335212678620177,engine
Mars,-30,334.79906781396875,-11.968174184008182,engine
Mars,-20,334.8040929925697,-11.96634441210731,engine
Mars,-15,334.8066062049368,-11.965429472789111,engine
Mars,-10,334.8091198343566,-11.96451450059211,engine
Mars,-5,334.81163388283824,-11.963599497180162,engine
Mars,-2,334.81314251319066,-11.963050481078398,engine
Mars,-1,334.8136454236005,-11.962867473448425,engine
Mars,0,334.8141483508354,-11.962684464712662,engine
Mars,1,334.8146512949018,-11.96250145488646,engine
Mars,2,334.8151542558062,-11.962318443985202,engine
Mars,3,334.81565723355453,-11.96213543202422,engine
Mars,4,334.8161602281525,-11.961952419018894,engine
Mars,5,334.8166632396056,-11.961769404984592,engine
Mars,6,334.8171662682561,-11.961586389813949,engine
Mars,7,334.81766931343395,-11.961403373767805,engine
Mars,8,334.8181723752927,-11.96122035681047,engine
Mars,9,334.81867545421295,-11.961037338814005,engine
Mars,10,334.81917855001,-11.960854319865446,engine
Mars,11,334.8196816626873,-11.960671299980183,engine
Mars,12,334.82018479224786,-11.960488279173598,engine
Mars,13,334.8206879386944,-11.960305257461092,engine
Mars,14,334.82119110202916,-11.960122234858048,engine
Mars,15,334.82169428225427,-11.959939211379307,engine
Mars,16,334.82219747903395,-11.959756187164064,engine
Mars,17,334.822700693382,-11.959573161859012,engine
Mars,18,334.82320392428693,-11.9593901358477,engine
Mars,19,334.8237071720869,-11.959207109022797,engine
Mars,20,334.82421043678244,-11.9590240813997,engine
Mars,21,334.82471371837346,-11.958841052993785,engine
Mars,22,334.82521701685954,-11.958658023820437,engine
Mars,23,334.82572033224017,-11.95847499389505,engine
Mars,24,334.8262236645144,-11.958291963233009,engine
Mars,25,334.8267270136807,-11.958108931849692,engine
Mars,26,334.8272303797376,-11.957925899760474,engine
Mars,27,334.82773376268307,-11.957742866980729,engine
Mars,28,334.8282371625149,-11.957559833525833,engine
Mars,29,334.8287405795678,-11.957376799288431,engine
Mars,30,334.8292440131637,-11.957193764529347,engine
Mercury,-30,41.201811574508355,17.695386632980913,engine
Mercury,-20,41.21366236153324,17.70010936312013,engine
Mercury,-15,41.21958722393202,17.702469736005952,engine
Mercury,-10,41.22551174973685,17.704829448112324,engine
Mercury,-5,41.23143595544646,17.70718850156723,engine
Mercury,-2,41.23499033000724,17.70860361753629,engine
Mercury,-1,41.236175097465825,17.70907527026629,engine
Mercury,0,41.23735985267576,17.70954689651458,engine
Mercury,1,41.23854459655434,17.71001849669619,engine
Mercury,2,41.23972932880919,17.710490070619443,engine
Mercury,3,41.24091404955095,17.7109616182951,engine
Mercury,4,41.24209875889003,17.711433139734048,engine
Mercury,5,41.243283456936716,17.71190463494732,engine
Mercury,6,41.24446814459545,17.712376104262212,engine
Mercury,7,41.24565282038742,17.712847547057805,engine
Mercury,8,41.24683748521679,17.713318963661717,engine
Mercury,9,41.24802213919298,17.713790354085532,engine
Mercury,10,41.24920678202253,17.714261718138843,engine
Mercury,11,41.25039141462042,17.714733056237897,engine
Mercury,12,41.25157603669273,17.715204368192552,engine
Mercury,13,41.252760648348236,17.71567565401498,engine
Mercury,14,41.25394524969551,17.71614691371751,engine
Mercury,15,41.25512984083907,17.716618147312076,engine
Mercury,16,41.256314421100605,17.717089354496363,engine
Mercury,17,41.25749899296703,17.71756053623042,engine
Mercury,18,41.25868355416336,17.718031691579323,engine
Mercury,19,41.259868105188616,17.718502820669954,engine
Mercury,20,41.261052646955804,17.718973923919627,engine
Mercury,21,41.26223717916923,17.71944500113957,engine
Mercury,22,41.26342170193593,17.71991605234323,engine
Mercury,23,41.26460621536259,17.720387077544164,engine
Mercury,24,41.26579071955577,17.720858076756105,engine
Mercury,25,41.26697521462174,17.721329049992907,engine
Mercury,26,41.26815970066661,17.721799997268583,engine
Mercury,27,41.26934417739363,17.72227091839526,engine
Mercury,28,41.27052864571369,17.722741813791206,engine
Mercury,29,41.27171310612374,17.723212683584535,engine
Mercury,30,41.272897557140624,17.72368352715836,engine
Moon,-30,229.92276448793595,-18.86615105094271,engine
Moon,-20,230.04997292841045,-18.901510510745997,engine
Moon,-15,230.11353907628228,-18.919302500078544,engine
Moon,-10,230.17707231043664,-18.937169288633292,engine
Moon,-5,230.24056653989436,-18.955110687307084,engine
Moon,-2,230.27864211480488,-18.96591131795707,engine
Moon,-1,230.29133031151858,-18.969517512103607,engine
Moon,0,230.3040163654054,-18.973126637331195,engine
Moon,1,230.31670040770132,-18.976738735960254,engine
Moon,2,230.32938256961538,-18.98035385018696,engine
Moon,3,230.3420624518828,-18.983971890756386,engine
Moon,4,230.35474018577725,-18.987592899763804,engine
Moon,5,230.36741590264685,-18.9912169191825,engine
Moon,6,230.3800892118244,-18.994843862114028,engine
Moon,7,230.39276040454385,-18.998473809279737,engine
Moon,8,230.4054290902695,-19.00210667372649,engine
Moon,9,230.41809540047686,-19.005742497185594,engine
Moon,10,230.4307594666441,-19.009381321253958,engine
Moon,11,230.44342088990922,-19.013023056477447,engine
Moon,12,230.45607997862209,-19.016667787988286,engine
Moon,13,230.4687363340332,-19.020315426275793,engine
Moon,14,230.48139008779813,-19.023966012698263,engine
Moon,15,230.49404137341222,-19.0276195886596,engine
Moon,16,230.50668978015517,-19.031276061777852,engine
Moon,17,230.51933564380784,-19.034935524265705,engine
Moon,18,230.5319785404829,-19.038597879125707,engine
Moon,19,230.54461878725542,-19.042263213315636,engine
Moon,20,230.55725598575492,-19.0459314371444,engine
Moon,21,230.56989044467832,-19.04960263493705,engine
Moon,22,230.58252176577977,-19.053276716951398,engine
Moon,23,230.59515025781633,-19.056953767331503,engine
Moon,24,230.6077755226963,-19.060633696287393,engine
Moon,25,230.62039786922324,-19.06431658777323,engine
Moon,26,230.6330168994597,-19.06800235195892,engine
Moon,27,230.6456327456009,-19.071691029229672,engine
Moon,28,230.65824553987068,-19.075382659859404,engine
Moon,29,230.67085506966097,-19.07907719976037,engine
Moon,30,230.68346109705203,-19.082774597428813,engine
Neptune,-30,354.822284971399,-3.472162237684468,engine
Neptune,-20,354.8224913460454,-3.472075581218989,engine
Neptune,-15,354.8225945426215,-3.4720322521463394,engine
Neptune,-10,354.8226977463489,-3.4719889225387934,engine
Neptune,-5,354.822800958001,-3.4719455923986358,engine
Neptune,-2,354.8228628890872,-3.4719195940721272,engine
Neptune,-1,354.8228835335039,-3.471910927922224,engine
Neptune,0,354.8229041782876,-3.471902261753371,engine
Neptune,1,354.8229248234494,-3.4718935955636425,engine
Neptune,2,354.8229454689899,-3.471884929355223,engine
Neptune,3,354.82296611492006,-3.4718762631261897,engine
Neptune,4,354.82298676124316,-3.4718675968777033,engine
Neptune,5,354.8230074079625,-3.4718589306109275,engine
Neptune,6,354.82302805510284,-3.4718502643181353,engine
Neptune,7,354.8230487026372,-3.4718415980131385,engine
Neptune,8,354.8230693505903,-3.471832931688212,engine
Neptune,9,354.82308999896276,-3.4718242653455516,engine
Neptune,10,354.82311064776553,-3.471815598983245,engine
Neptune,11,354.8231312969992,-3.471806932603493,engine
Neptune,12,354.82315194667467,-3.471798266204384,engine
Neptune,13,354.8231725967926,-3.4717895997881216,engine
Neptune,14,354.8231932473637,-3.471780933352799,engine
Neptune,15,354.8232138983885,-3.4717722669006137,engine
Neptune,16,354.82323454986425,-3.4717636004354864,engine
Neptune,17,354.82325520183304,-3.471754933942185,engine
Neptune,18,354.82327585426395,-3.471746267436243,engine
Neptune,19,354.823296507174,-3.4717376009130336,engine
Neptune,20,354.8233171605664,-3.471728934373738,engine
Neptune,21,354.82333781445175,-3.471720267816464,engine
Neptune,22,354.82335846883063,-3.4717116012434217,engine
Neptune,23,354.8233791237138,-3.4717029346527237,engine
Neptune,24,354.8233997791017,-3.4716942680465817,engine
Neptune,25,354.8234204350051,-3.4716856014231117,engine
Neptune,26,354.82344109142446,-3.471676934784528,engine
Neptune,27,354.82346174837045,-3.471668268128946,engine
Neptune,28,354.8234824058435,-3.4716596014585903,engine
Neptune,29,354.8235030638682,-3.4716509347657607,engine
Neptune,30,354.8235237224172,-3.471642268064309,engine
Pallas,-30,27.956707333894816,-3.6541147539355157,engine
Pallas,-20,27.95956816685309,-3.6535880793781104,engine
Pallas,-15,27.960998715485566,-3.653324738303506,engine
Pallas,-10,27.96242935728011,-3.653061394876237,engine
Pallas,-5,27.963860096708775,-3.652798049148313,engine
Pallas,-2,27.964718588722217,-3.6526400407000446,engine
Pallas,-1,27.9650047609871,-3.652587371050162,engine
Pallas,0,27.965290937434528,-3.652534701318383,engine
Pallas,1,27.96557711802043,-3.6524820314968833,engine
Pallas,2,27.96586330292666,-3.652429361604361,engine
Pallas,3,27.966149492109047,-3.6523766916330036,engine
Pallas,4,27.966435685598665,-3.6523240215838566,engine
Pallas,5,27.966721883426477,-3.6522713514579626,engine
Pallas,6,27.967008085739984,-3.6522186812122195,engine
Pallas,7,27.967294292336852,-3.6521660109360052,engine
Pallas,8,27.967580503364456,-3.6521133405862334,engine
Pallas,9,27.96786671885345,-3.652060670163985,engine
Pallas,10,27.968152938834443,-3.652007999670345,engine
Pallas,11,27.96843916326265,-3.651955329097578,engine
Pallas,12,27.968725392319172,-3.6519026584644605,engine
Pallas,13,27.969011625959045,-3.6518499877632706,engine
Pallas,14,27.96929786421258,-3.651797316995125,engine
Pallas,15,27.96958410703357,-3.6517446461522782,engine
Pallas,16,27.96987035441301,-3.651691975288938,engine
Pallas,17,27.970156606880384,-3.6516393042914226,engine
Pallas,18,27.970442863889833,-3.6515866332668336,engine
Pallas,19,27.97072912558781,-3.651533962172183,engine
Pallas,20,27.971015392154843,-3.6514812910263093,engine
Pallas,21,27.971301663545297,-3.651428619821563,engine
Pallas,22,27.97158793978881,-3.651375948559121,engine
Pallas,23,27.97187422083957,-3.6513232772313398,engine
Pallas,24,27.97216050687774,-3.6512706058570985,engine
Pallas,25,27.972446797857362,-3.651217934428771,engine
Pallas,26,27.972733093807705,-3.651165262947572,engine
Pallas,27,27.973019394682666,-3.651112591405891,engine
Pallas,28,27.973305700662003,-3.6510599198226323,engine
Pallas,29,27.97359201189143,-3.6510072481548863,engine
Pallas,30,27.973878327940568,-3.6509545764657005,engine
Pluto,-30,300.786966367182,-22.40247148829109,engine
Pluto,-20,300.7870082589184,-22.40247935758375,engine
Pluto,-15,300.7870292459371,-22.402483286189433,engine
Pluto,-10,300.78705026081093,-22.40248721111373,engine
Pluto,-5,300.787071303845,-22.40249113262051,engine
Pluto,-2,300.7870839432965,-22.40249348399367,engine
Pluto,-1,300.78708815873335,-22.402494267542497,engine
Pluto,0,300.7870923753163,-22.402495050973737,engine
Pluto,1,300.78709659304513,-22.402495834289308,engine
Pluto,2,300.78710081192685,-22.402496617491813,engine
Pluto,3,300.78710503196095,-22.402497400583158,engine
Pluto,4,300.7871092531495,-22.402498183565516,engine
Pluto,5,300.78711347549427,-22.402498966441033,engine
Pluto,6,300.78711769899775,-22.402499749212183,engine
Pluto,7,300.7871219236611,-22.402500531880502,engine
Pluto,8,300.7871261494866,-22.402501314448465,engine
Pluto,9,300.78713037647606,-22.40250209691824,engine
Pluto,10,300.7871346046313,-22.402502879292012,engine
Pluto,11,300.7871388339542,-22.402503661571924,engine
Pluto,12,300.78714306444397,-22.402504443759963,engine
Pluto,13,300.78714729610743,-22.402505225858718,engine
Pluto,14,300.78715152894375,-22.402506007870166,engine
Pluto,15,300.7871557629546,-22.40250678979642,engine
Pluto,16,300.7871599981389,-22.402507571639283,engine
Pluto,17,300.78716423450686,-22.402508353402446,engine
Pluto,18,300.78716847205146,-22.40250913508653,engine
Pluto,19,300.78717271077466,-22.40250991669402,engine
Pluto,20,300.7871769506831,-22.40251069822754,engine
Pluto,21,300.78718119177574,-22.402511479689114,engine
Pluto,22,300.7871854340541,-22.402512261080908,engine
Pluto,23,300.7871896775197,-22.402513042405126,engine
Pluto,24,300.78719392217397,-22.402513823663995,engine
Pluto,25,300.7871981680183,-22.402514604859693,engine
Pluto,26,300.7872024150542,-22.40251538599444,engine
Pluto,27,300.78720666328036,-22.40251616707024,engine
Pluto,28,300.7872109127033,-22.402516948089733,engine
Pluto,29,300.7872151633247,-22.402517729055447,engine
Pluto,30,300.78721941513993,-22.402518509968537,engine
Rahu,-30,49.862175491245225,18.335208706523918,engine
Rahu,-20,49.862175854508806,18.335208795825555,engine
Rahu,-15,49.86217637838622,18.335208926651145,engine
Rahu,-10,49.86217713011384,18.335209114847657,engine
Rahu,-5,49.86217810945611,18.335209360355744,engine
Rahu,-2,49.862178806217955,18.335209535145346,engine
Rahu,-1,49.8621790566532,18.33520959798646,engine
Rahu,0,49.8621793161761,18.33520966311577,engine
Rahu,1,49.862179584784705,18.335209730532785,engine
Rahu,2,49.862179862476985,18.335209800237,engine
Rahu,3,49.86218014925101,18.335209872227935,engine
Rahu,4,49.86218044510539,18.335209946505223,engine
Rahu,5,49.862180750037545,18.33521002306821,engine
Rahu,6,49.86218106404602,18.33521010191657,engine
Rahu,7,49.862181387128935,18.335210183049785,engine
Rahu,8,49.86218171928373,18.335210266467225,engine
Rahu,9,49.86218206050924,18.33521035216862,engine
Rahu,10,49.86218241080331,18.335210440153396,engine
Rahu,11,49.86218277016382,18.335210530421012,engine
Rahu,12,49.862183138589195,18.33521062297111,engine
Rahu,13,49.86218351607748,18.33521071780318,engine
Rahu,14,49.862183902626526,18.335210814916664,engine
Rahu,15,49.862184298234546,18.335210914311126,engine
Rahu,16,49.862184702899626,18.335211015986093,engine
Rahu,17,49.86218511662041,18.335211119941214,engine
Rahu,18,49.862185539394105,18.335211226175787,engine
Rahu,19,49.86218597121929,18.335211334689443,engine
Rahu,20,49.862186412093784,18.335211445481644,engine
Rahu,21,49.86218686201628,18.335211558552068,engine
Rahu,22,49.86218732098407,18.335211673900023,engine
Rahu,23,49.862187788995605,18.33521179152512,engine
Rahu,24,49.86218826604899,18.335211911426878,engine
Rahu,25,49.8621887521422,18.335212033604797,engine
Rahu,26,49.86218924727331,18.33521215805837,engine
Rahu,27,49.862189751440624,18.335212284787193,engine
Rahu,28,49.862190264642024,18.33521241379074,engine
Rahu,29,49.86219078687614,18.335212545068654,engine
Rahu,30,49.86219131814001,18.335212678620177,engine
Regulus,-30,152.0943111706976,11.966202327803988,engine
Regulus,-20,152.09431309976168,11.966202491556093,engine
Regulus,-15,152.09431406711747,11.966202581613535,engine
Regulus,-10,152.09431503556416,11.96620267713353,engine
Regulus,-5,152.0943160045078,11.966202778119063,engine
Regulus,-2,152.094316585865,11.966202841334072,engine
Regulus,-1,152.0943167796207,11.966202862842975,engine
Regulus,0,152.09431697335347,11.966202884570453,engine
Regulus,1,152.09431716705856,11.966202906516484,engine
Regulus,2,152.09431736073122,11.96620292868103,engine
Regulus,3,152.09431755436665,11.966202951064064,engine
Regulus,4,152.09431774796016,11.966202973665546,engine
Regulus,5,152.09431794150694,11.966202996485436,engine
Regulus,6,152.0943181350024,11.9662030195237,engine
Regulus,7,152.09431832844152,11.966203042780254,engine
Regulus,8,152.09431852181964,11.966203066255057,engine
Regulus,9,152.0943187151321,11.966203089948047,engine
Regulus,10,152.0943189083741,11.966203113859164,engine
Regulus,11,152.0943191015409,11.966203137988336,engine
Regulus,12,152.09431929462775,11.966203162335496,engine
Regulus,13,152.09431948762992,11.966203186900566,engine
Regulus,14,152.09431968054264,11.966203211683462,engine
Regulus,15,152.09431987336134,11.966203236684109,engine
Regulus,16,152.09432006608088,11.966203261902379,engine
Regulus,17,152.094320258697,11.96620328733825,engine
Regulus,18,152.09432045120465,11.966203312991563,engine
Regulus,19,152.09432064359913,11.966203338862243,engine
Regulus,20,152.0943208358758,11.966203364950172,engine
Regulus,21,152.09432102802995,11.96620339125525,engine
Regulus,22,152.09432122005674,11.966203417777361,engine
Regulus,23,152.09432141195154,11.966203444516381,engine
Regulus,24,152.0943216037096,11.966203471472198,engine
Regulus,25,152.0943217953262,11.966203498644672,engine
Regulus,26,152.09432198679664,11.966203526033684,engine
Regulus,27,152.0943221781162,11.96620355363909,engine
Regulus,28,152.09432236928015,11.966203581460766,engine
Regulus,29,152.09432256028396,11.966203609498566,engine
Regulus,30,152.0943227511226,11.966203637752322,engine
Saturn,-30,325.84587100361983,-14.724332006317125,engine
Saturn,-20,325.8463609569064,-14.724183617113738,engine
Saturn,-15,325.84660602292274,-14.72410942108369,engine
Saturn,-10,325.8468511491483,-14.724035224653802,engine
Saturn,-5,325.84709633614847,-14.72396102819952,engine
Saturn,-2,325.8472434776611,-14.723916510496718,engine
Saturn,-1,325.8472925297405,-14.72390167130929,engine
Saturn,0,325.8473415842796,-14.723886832150738,engine
Saturn,1,325.84739064128127,-14.723871993024318,engine
Saturn,2,325.8474397007486,-14.723857153933318,engine
Saturn,3,325.84748876268463,-14.72384231488101,engine
Saturn,4,325.84753782709214,-14.723827475870673,engine
Saturn,5,325.84758689397404,-14.723812636905592,engine
Saturn,6,325.8476359633661,-14.7237977979791,engine
Saturn,7,325.847685035205,-14.723782959114398,engine
Saturn,8,325.8477341095266,-14.723768120304817,engine
Saturn,9,325.84778318631953,-14.72375328155773,engine
Saturn,10,325.847832265614,-14.72373844286829,engine
Saturn,11,325.8478813473987,-14.723723604243864,engine
Saturn,12,325.847930431676,-14.72370876568776,engine
Saturn,13,325.8479795184483,-14.723693927203287,engine
Saturn,14,325.848028607718,-14.72367908879374,engine
Saturn,15,325.84807769948713,-14.723664250462337,engine
Saturn,16,325.84812679372527,-14.723649412222544,engine
Saturn,17,325.8481758905331,-14.723634574047733,engine
Saturn,18,325.8482249898141,-14.723619735971054,engine
Saturn,19,325.8482740916031,-14.723604897985895,engine
Saturn,20,325.8483231959021,-14.723590060095564,engine
Saturn,21,325.8483723027129,-14.723575222303376,engine
Saturn,22,325.84842141203745,-14.72356038461268,engine
Saturn,23,325.8484705238775,-14.723545547026784,engine
Saturn,24,325.84851963823473,-14.72353070954901,engine
Saturn,25,325.8485687551108,-14.723515872182718,engine
Saturn,26,325.84861787450745,-14.72350103493122,engine
Saturn,27,325.84866699642606,-14.723486197797845,engine
Saturn,28,325.8487161208682,-14.723471360785947,engine
Saturn,29,325.84876524786813,-14.723456523888899,engine
Saturn,30,325.84881437736146,-14.72344168712994,engine
Sun,-30,26.205217116823526,10.835136448020934,engine
Sun,-20,26.211612033857794,10.8375514846314,engine
Sun,-15,26.21481007255558,10.838758769778504,engine
Sun,-10,26.218008515962843,10.83996590126663,engine
Sun,-5,26.221207378580747,10.841172880986967,engine
Sun,-2,26.223126902514203,10.841896996468748,engine
Sun,-1,26.223766778902142,10.842138356333265,engine
Sun,0,26.224406673005046,10.842379710238871,engine
Sun,1,26.225046584928457,10.842621058199219,engine
Sun,2,26.22568651477719,10.842862400227881,engine
Sun,3,26.226326462656132,10.843103736338676,engine
Sun,4,26.226966428669797,10.843345066545481,engine
Sun,5,26.227606412922416,10.843586390862288,engine
Sun,6,26.228246415946646,10.843827709464826,engine
Sun,7,26.228886436987743,10.84406902204362,engine
Sun,8,26.2295264765782,10.844310328774771,engine
Sun,9,26.23016653482039,10.844551629672436,engine
Sun,10,26.230806611817012,10.844792924751038,engine
Sun,11,26.231446707670237,10.845034214025086,engine
Sun,12,26.232086822481577,10.84527549750902,engine
Sun,13,26.232726956352508,10.845516775217488,engine
Sun,14,26.23336710938434,10.845758047165273,engine
Sun,15,26.234007281673875,10.845999313366512,engine
Sun,16,26.23464747289944,10.846240573675415,engine
Sun,17,26.235287684445545,10.846481828591802,engine
Sun,18,26.23592791512361,10.846723077645246,engine
Sun,19,26.236568165462383,10.846964321012704,engine
Sun,20,26.237208435561044,10.847205558709453,engine
Sun,21,26.237848725517715,10.847446790750617,engine
Sun,22,26.23848903543106,10.847688017151713,engine
Sun,23,26.23912936539852,10.847929237928037,engine
Sun,24,26.239769715517763,10.848170453095193,engine
Sun,25,26.24041008588608,10.848411662668823,engine
Sun,26,26.24105047659986,10.84865286666451,engine
Sun,27,26.241690887755638,10.848894065098058,engine
Sun,28,26.242331319449637,10.849135257985381,engine
Sun,29,26.242971772206513,10.849376445504003,engine
Sun,30,26.243612245263005,10.849617627346596,engine
Uranus,-30,41.188031873814104,15.551965805099657,engine
Uranus,-20,41.188413628249705,15.552084247121917,engine
Uranus,-15,41.18860448552134,15.552143452006465,engine
Uranus,-10,41.18879533071892,15.552202646014234,engine
Uranus,-5,41.18898616485896,15.552261829085726,engine
Uranus,-2,41.18910066040535,15.55229733363932,engine
Uranus,-1,41.18913882481346,15.552309167606406,engine
Uranus,0,41.18917698884747,15.552321001130558,engine
Uranus,1,41.189215152510286,15.552332834209714,engine
Uranus,2,41.1892533158194,15.55234466684642,engine
Uranus,3,41.189291478777726,15.55235649903863,engine
Uranus,4,41.189329641393066,15.552368330785876,engine
Uranus,5,41.18936780367321,15.55238016208765,engine
Uranus,6,41.18940596565156,15.552391992951419,engine
Uranus,7,41.189444127284744,15.552403823360827,engine
Uranus,8,41.18948228860617,15.552415653323377,engine
Uranus,9,41.18952044961882,15.552427482837057,engine
Uranus,10,41.18955861034023,15.55243931190452,engine
Uranus,11,41.1895967707734,15.552451140523766,engine
Uranus,12,41.1896349309262,15.552462968694385,engine
Uranus,13,41.189673090806465,15.55247479641597,engine
Uranus,14,41.18971125042204,15.552486623688115,engine
Uranus,15,41.18974940978058,15.55249845051042,engine
Uranus,16,41.18978756886003,15.552510276873013,engine
Uranus,17,41.18982572775447,15.552522102802392,engine
Uranus,18,41.18986388639023,15.552533928272853,engine
Uranus,19,41.18990204480073,15.552545753291971,engine
Uranus,20,41.18994020299393,15.552557577859387,engine
Uranus,21,41.18997836097283,15.552569401973239,engine
Uranus,22,41.19001651875513,15.552581225636239,engine
Uranus,23,41.19005467634382,15.552593048846537,engine
Uranus,24,41.190092833746895,15.552604871603814,engine
Uranus,25,41.190130990972264,15.552616693907769,engine
Uranus,26,41.19016914802785,15.552628515758094,engine
Uranus,27,41.190207304916754,15.552640337152978,engine
Uranus,28,41.190245461656666,15.552652158095192,engine
Uranus,29,41.190283618276204,15.552663978590871,engine
Uranus,30,41.19032177473223,15.552675798623904,engine
Venus,-30,345.3205316875601,-6.895270736134338,engine
Venus,-20,345.3278605423781,-6.892737859672444,engine
Venus,-15,345.33152612129857,-6.8914712950816455,engine
Venus,-10,345.33519247455666,-6.89020464912795,engine
Venus,-5,345.3388596081659,-6.888937923474266,engine
Venus,-2,345.34106026420216,-6.888177850871771,engine
Venus,-1,345.34179387924206,-6.887924487190692,engine
Venus,0,345.3425275256517,-6.887671120505033,engine
Venus,1,345.34326120376545,-6.887417750768173,engine
Venus,2,345.3439949134652,-6.887164378027745,engine
Venus,3,345.3447286546321,-6.88691100233144,engine
Venus,4,345.34546242759893,-6.886657623632633,engine
Venus,5,345.34619623209494,-6.886404242010481,engine
Venus,6,345.3469300689437,-6.886150857248453,engine
Venus,7,345.3476639368892,-6.885897469765551,engine
Venus,8,345.34839783675386,-6.885644079345302,engine
Venus,9,345.34913176826444,-6.885390686066889,engine
Venus,10,345.34986573175024,-6.885137289883744,engine
Venus,11,345.35059972708746,-6.884883890843668,engine
Venus,12,345.35133375415194,-6.8846304889944605,engine
Venus,13,345.352067813271,-6.884377084289573,engine
Venus,14,345.3528019041684,-6.884123676808288,engine
Venus,15,345.3535360271695,-6.883870266503483,engine
Venus,16,345.3542701815064,-6.883616853625575,engine
Venus,17,345.3550043689799,-6.8833634376176445,engine
Venus,18,345.3557385878345,-6.883110019068832,engine
Venus,19,345.35647283888625,-6.882856597762678,engine
Venus,20,345.3572071218553,-6.882603173778572,engine
Venus,21,345.35794143706414,-6.882349747069993,engine
Venus,22,345.3586757843825,-6.882096317684837,engine
Venus,23,345.35941016367934,-6.881842885671052,engine
Venus,24,345.3601445752754,-6.881589450982125,engine
Venus,25,345.3608790188878,-6.881336013697479,engine
Venus,26,345.36161349483604,-6.881082573770621,engine
Venus,27,345.3623480028358,-6.8808291312809935,engine
Venus,28,345.36308254320556,-6.880575686182103,engine
Venus,29,345.3638171161524,-6.8803222383834655,engine
Venus,30,345.3645517210083,-6.880068788178485,engine
Vesta,-30,319.8372227282016,-16.568406551747366,engine
Vesta,-20,319.8401273431497,-16.567811826568356,engine
Vesta,-15,319.84158009867633,-16.56751447872909,engine
Vesta,-10,319.84303315211855,-16.56721714337403,engine
Vesta,-5,319.844486502894,-16.56691982243142,engine
Vesta,-2,319.84535865569774,-16.56674143761045,engine
Vesta,-1,319.8456493969316,-16.566681977394953,engine
Vesta,0,319.84594014998896,-16.56662251789764,engine
Vesta,1,319.84623091486094,-16.56656305913412,engine
Vesta,2,319.8465216915386,-16.566503601119997,engine
Vesta,3,319.8468124801391,-16.566444143849267,engine
Vesta,4,319.84710328039984,-16.56638468738068,engine
Vesta,5,319.84739409243764,-16.566325231708234,engine
Vesta,6,319.84768491643746,-16.5662657768076,engine
Vesta,7,319.847975751999,-16.56620632277404,engine
Vesta,8,319.84826659930667,-16.56614686958323,engine
Vesta,9,319.84855745834983,-16.566087417250674,engine
Vesta,10,319.8488483292439,-16.566027965770296,engine
Vesta,11,319.8491392117245,-16.565968515200744,engine
Vesta,12,319.84943010590666,-16.565909065535905,engine
Vesta,13,319.8497210117786,-16.56584961679125,engine
Vesta,14,319.8500119293284,-16.565790168982215,engine
Vesta,15,319.85030285854407,-16.565730722123682,engine
Vesta,16,319.8505937993437,-16.56567127625041,engine
Vesta,17,319.8508847520472,-16.56561183130089,engine
Vesta,18,319.8511757161828,-16.565552387388458,engine
Vesta,19,319.8514666919323,-16.565492944488636,engine
Vesta,20,319.85175767928223,-16.565433502616784,engine
Vesta,21,319.8520486782188,-16.565374061788216,engine
Vesta,22,319.85233968885444,-16.56531462199665,engine
Vesta,23,319.852630710922,-16.5652551833006,engine
Vesta,24,319.8529217445335,-16.565195745693735,engine
Vesta,25,319.8532127896741,-16.56513630919132,engine
Vesta,26,319.8535038463288,-16.565076873808597,engine
Vesta,27,319.853794914609,-16.56501743953919,engine
Vesta,28,319.854085994246,-16.564958006441547,engine
Vesta,29,319.854377085546,-16.564898574469336,engine
Vesta,30,319.8546681881025,-16.5648391437175,engine
Gonggong,-30,337.30030031413156,-11.04666541376888,tno-rate
Gonggong,-20,337.30034801590307,-11.046644664188996,tno-rate
Gonggong,-15,337.30037186678885,-11.046634289399055,tno-rate
Gonggong,-10,337.3003957176746,-11.046623914609114,tno-rate
Gonggong,-5,337.30041956856036,-11.046613539819171,tno-rate
Gonggong,-2,337.30043387909177,-11.046607314945208,tno-rate
Gonggong,-1,337.3004386492689,-11.046605239987219,tno-rate
Gonggong,0,337.3004434194461,-11.04660316502923,tno-rate
Gonggong,1,337.30044818962324,-11.046601090071242,tno-rate
Gonggong,2,337.3004529598004,-11.046599015113253,tno-rate
Gonggong,3,337.30045772997755,-11.046596940155265,tno-rate
Gonggong,4,337.3004625001547,-11.046594865197278,tno-rate
Gonggong,5,337.3004672703318,-11.04659279023929,tno-rate
Gonggong,6,337.30047204050896,-11.046590715281301,tno-rate
Gonggong,7,337.3004768106861,-11.046588640323312,tno-rate
Gonggong,8,337.3004815808633,-11.046586565365324,tno-rate
Gonggong,9,337.30048635104043,-11.046584490407335,tno-rate
Gonggong,10,337.3004911212176,-11.046582415449347,tno-rate
Gonggong,11,337.30049589139475,-11.046580340491358,tno-rate
Gonggong,12,337.3005006615719,-11.046578265533372,tno-rate
Gonggong,13,337.30050543174906,-11.046576190575383,tno-rate
Gonggong,14,337.30051020192616,-11.046574115617394,tno-rate
Gonggong,15,337.3005149721033,-11.046572040659406,tno-rate
Gonggong,16,337.30051974228047,-11.046569965701417,tno-rate
Gonggong,17,337.3005245124576,-11.046567890743429,tno-rate
Gonggong,18,337.3005292826348,-11.04656581578544,tno-rate
Gonggong,19,337.30053405281194,-11.046563740827452,tno-rate
Gonggong,20,337.3005388229891,-11.046561665869465,tno-rate
Gonggong,21,337.30054359316625,-11.046559590911476,tno-rate
Gonggong,22,337.3005483633434,-11.046557515953488,tno-rate
Gonggong,23,337.3005531335205,-11.0465554409955,tno-rate
Gonggong,24,337.30055790369767,-11.04655336603751,tno-rate
Gonggong,25,337.3005626738748,-11.046551291079522,tno-rate
Gonggong,26,337.300567444052,-11.046549216121534,tno-rate
Gonggong,27,337.30057221422913,-11.046547141163545,tno-rate
Gonggong,28,337.3005769844063,-11.046545066205558,tno-rate
Gonggong,29,337.30058175458345,-11.04654299124757,tno-rate
Gonggong,30,337.3005865247606,-11.046540916289581,tno-rate
Haumea,-30,216.8573547640086,15.878567278872335,tno-rate
Haumea,-20,216.8572396333982,15.878613138621931,tno-rate
Haumea,-15,216.857182068093,15.878636068496728,tno-rate
Haumea,-10,216.8571245027878,15.878658998371526,tno-rate
Haumea,-5,216.8570669374826,15.878681928246323,tno-rate
Haumea,-2,216.85703239829948,15.8786956861712,tno-rate
Haumea,-1,216.85702088523846,15.87870027214616,tno-rate
Haumea,0,216.8570093721774,15.87870485812112,tno-rate
Haumea,1,216.85699785911635,15.87870944409608,tno-rate
Haumea,2,216.85698634605532,15.87871403007104,tno-rate
Haumea,3,216.85697483299427,15.878718616045997,tno-rate
Haumea,4,216.85696331993324,15.878723202020957,tno-rate
Haumea,5,216.8569518068722,15.878727787995917,tno-rate
Haumea,6,216.85694029381116,15.878732373970877,tno-rate
Haumea,7,216.8569287807501,15.878736959945837,tno-rate
Haumea,8,216.85691726768908,15.878741545920796,tno-rate
Haumea,9,216.85690575462803,15.878746131895754,tno-rate
Haumea,10,216.856894241567,15.878750717870714,tno-rate
Haumea,11,216.85688272850595,15.878755303845674,tno-rate
Haumea,12,216.85687121544493,15.878759889820634,tno-rate
Haumea,13,216.85685970238387,15.878764475795593,tno-rate
Haumea,14,216.85684818932285,15.878769061770553,tno-rate
Haumea,15,216.8568366762618,15.878773647745511,tno-rate
Haumea,16,216.85682516320077,15.878778233720471,tno-rate
Haumea,17,216.8568136501397,15.87878281969543,tno-rate
Haumea,18,216.8568021370787,15.87878740567039,tno-rate
Haumea,19,216.85679062401763,15.87879199164535,tno-rate
Haumea,20,216.8567791109566,15.878796577620308,tno-rate
Haumea,21,216.85676759789555,15.878801163595268,tno-rate
Haumea,22,216.85675608483453,15.878805749570228,tno-rate
Haumea,23,216.85674457177348,15.878810335545188,tno-rate
Haumea,24,216.85673305871245,15.878814921520148,tno-rate
Haumea,25,216.8567215456514,15.878819507495107,tno-rate
Haumea,26,216.85671003259037,15.878824093470065,tno-rate
Haumea,27,216.85669851952932,15.878828679445025,tno-rate
Haumea,28,216.8566870064683,15.878833265419985,tno-rate
Haumea,29,216.85667549340724,15.878837851394945,tno-rate
Haumea,30,216.8566639803462,15.878842437369904,tno-rate
Makemake,-30,198.2935193333928,23.014421051455596,tno-rate
Makemake,-20,198.29340409294915,23.014445526451382,tno-rate
Makemake,-15,198.2933464727273,23.014457763949274,tno-rate
Makemake,-10,198.29328885250547,23.014470001447165,tno-rate
Makemake,-5,198.29323123228363,23.01448223894506,tno-rate
Makemake,-2,198.29319666015053,23.014489581443794,tno-rate
Makemake,-1,198.29318513610616,23.014492028943373,tno-rate
Makemake,0,198.2931736120618,23.01449447644295,tno-rate
Makemake,1,198.29316208801743,23.01449692394253,tno-rate
Makemake,2,198.29315056397306,23.01449937144211,tno-rate
Makemake,3,198.2931390399287,23.01450181894169,tno-rate
Makemake,4,198.29312751588432,23.014504266441264,tno-rate
Makemake,5,198.29311599183995,23.014506713940843,tno-rate
Makemake,6,198.2931044677956,23.014509161440422,tno-rate
Makemake,7,198.29309294375122,23.01451160894,tno-rate
Makemake,8,198.29308141970685,23.01451405643958,tno-rate
Makemake,9,198.29306989566248,23.01451650393916,tno-rate
Makemake,10,198.29305837161812,23.01451895143874,tno-rate
Makemake,11,198.29304684757375,23.014521398938317,tno-rate
Makemake,12,198.29303532352938,23.014523846437893,tno-rate
Makemake,13,198.293023799485,23.01452629393747,tno-rate
Makemake,14,198.29301227544065,23.01452874143705,tno-rate
Makemake,15,198.29300075139628,23.01453118893663,tno-rate
Makemake,16,198.2929892273519,23.01453363643621,tno-rate
Makemake,17,198.29297770330754,23.014536083935788,tno-rate
Makemake,18,198.29296617926317,23.014538531435367,tno-rate
Makemake,19,198.2929546552188,23.014540978934942,tno-rate
Makemake,20,198.29294313117444,23.01454342643452,tno-rate
Makemake,21,198.29293160713007,23.0145458739341,tno-rate
Makemake,22,198.2929200830857,23.01454832143368,tno-rate
Makemake,23,198.29290855904134,23.01455076893326,tno-rate
Makemake,24,198.29289703499697,23.014553216432837,tno-rate
Makemake,25,198.2928855109526,23.014555663932416,tno-rate
Makemake,26,198.29287398690823,23.014558111431995,tno-rate
Makemake,27,198.2928624628639,23.01456055893157,tno-rate
Makemake,28,198.29285093881953,23.01456300643115,tno-rate
Makemake,29,198.29283941477516,23.01456545393073,tno-rate
Makemake,30,198.2928278907308,23.014567901430308,tno-rate
Orcus,-30,155.8168868844782,-11.647242617605187,tno-rate
Orcus,-20,155.8168225893795,-11.647179431661645,tno-rate
Orcus,-15,155.81679044183016,-11.647147838689873,tno-rate
Orcus,-10,155.8167582942808,-11.647116245718102,tno-rate
Orcus,-5,155.81672614673144,-11.647084652746331,tno-rate
Orcus,-2,155.81670685820183,-11.647065696963269,tno-rate
Orcus,-1,155.81670042869197,-11.647059378368914,tno-rate
Orcus,0,155.8166939991821,-11.64705305977456,tno-rate
Orcus,1,155.8166875696722,-11.647046741180207,tno-rate
Orcus,2,155.81668114016236,-11.647040422585851,tno-rate
Orcus,3,155.81667471065248,-11.647034103991498,tno-rate
Orcus,4,155.8166682811426,-11.647027785397142,tno-rate
Orcus,5,155.81666185163274,-11.647021466802789,tno-rate
Orcus,6,155.81665542212286,-11.647015148208435,tno-rate
Orcus,7,155.816648992613,-11.64700882961408,tno-rate
Orcus,8,155.81664256310313,-11.647002511019727,tno-rate
Orcus,9,155.81663613359325,-11.646996192425371,tno-rate
Orcus,10,155.8166297040834,-11.646989873831018,tno-rate
Orcus,11,155.81662327457352,-11.646983555236664,tno-rate
Orcus,12,155.81661684506363,-11.646977236642309,tno-rate
Orcus,13,155.81661041555378,-11.646970918047955,tno-rate
Orcus,14,155.8166039860439,-11.6469645994536,tno-rate
Orcus,15,155.81659755653402,-11.646958280859247,tno-rate
Orcus,16,155.81659112702417,-11.646951962264893,tno-rate
Orcus,17,155.8165846975143,-11.646945643670538,tno-rate
Orcus,18,155.8165782680044,-11.646939325076184,tno-rate
Orcus,19,155.81657183849455,-11.64693300648183,tno-rate
Orcus,20,155.81656540898467,-11.646926687887476,tno-rate
Orcus,21,155.81655897947482,-11.646920369293122,tno-rate
Orcus,22,155.81655254996494,-11.646914050698767,tno-rate
Orcus,23,155.81654612045506,-11.646907732104413,tno-rate
Orcus,24,155.8165396909452,-11.64690141351006,tno-rate
Orcus,25,155.81653326143532,-11.646895094915704,tno-rate
Orcus,26,155.81652683192544,-11.646888776321351,tno-rate
Orcus,27,155.8165204024156,-11.646882457726996,tno-rate
Orcus,28,155.8165139729057,-11.646876139132642,tno-rate
Orcus,29,155.81650754339583,-11.646869820538289,tno-rate
Orcus,30,155.81650111388598,-11.646863501943933,tno-rate
Quaoar,-30,277.2429044489338,-15.21475111099152,tno-rate
Quaoar,-20,277.2428714577603,-15.214730795706899,tno-rate
Quaoar,-15,277.24285496217357,-15.21472063806459,tno-rate
Quaoar,-10,277.2428384665868,-15.21471048042228,tno-rate
Quaoar,-5,277.24282197100007,-15.214700322779969,tno-rate
Quaoar,-2,277.242812073648,-15.214694228194583,tno-rate
Quaoar,-1,277.24280877453066,-15.214692196666121,tno-rate
Quaoar,0,277.2428054754133,-15.21469016513766,tno-rate
Quaoar,1,277.242802176296,-15.214688133609197,tno-rate
Quaoar,2,277.24279887717864,-15.214686102080735,tno-rate
Quaoar,3,277.24279557806125,-15.214684070552273,tno-rate
Quaoar,4,277.2427922789439,-15.214682039023812,tno-rate
Quaoar,5,277.24278897982657,-15.21468000749535,tno-rate
Quaoar,6,277.24278568070923,-15.214677975966888,tno-rate
Quaoar,7,277.2427823815919,-15.214675944438426,tno-rate
Quaoar,8,277.2427790824745,-15.214673912909964,tno-rate
Quaoar,9,277.24277578335716,-15.2146718813815,tno-rate
Quaoar,10,277.2427724842398,-15.214669849853038,tno-rate
Quaoar,11,277.2427691851225,-15.214667818324576,tno-rate
Quaoar,12,277.24276588600515,-15.214665786796115,tno-rate
Quaoar,13,277.2427625868878,-15.214663755267653,tno-rate
Quaoar,14,277.2427592877704,-15.21466172373919,tno-rate
Quaoar,15,277.2427559886531,-15.214659692210729,tno-rate
Quaoar,16,277.24275268953573,-15.214657660682267,tno-rate
Quaoar,17,277.2427493904184,-15.214655629153805,tno-rate
Quaoar,18,277.24274609130106,-15.214653597625343,tno-rate
Quaoar,19,277.24274279218366,-15.214651566096881,tno-rate
Quaoar,20,277.2427394930663,-15.21464953456842,tno-rate
Quaoar,21,277.242736193949,-15.214647503039957,tno-rate
Quaoar,22,277.24273289483165,-15.214645471511496,tno-rate
Quaoar,23,277.2427295957143,-15.214643439983034,tno-rate
Quaoar,24,277.2427262965969,-15.214641408454572,tno-rate
Quaoar,25,277.2427229974796,-15.214639376926108,tno-rate
Quaoar,26,277.24271969836224,-15.214637345397646,tno-rate
Quaoar,27,277.2427163992449,-15.214635313869184,tno-rate
Quaoar,28,277.24271310012756,-15.214633282340722,tno-rate
Quaoar,29,277.2427098010102,-15.21463125081226,tno-rate
Quaoar,30,277.2427065018928,-15.214629219283799,tno-rate
Sedna,-30,58.691745481503794,8.285860135332843,tno-rate
Sedna,-20,58.69182266124922,8.285885863187135,tno-rate
Sedna,-15,58.691861251121935,8.285898727114281,tno-rate
Sedna,-10,58.69189984099465,8.285911591041428,tno-rate
Sedna,-5,58.69193843086737,8.285924454968573,tno-rate
Sedna,-2,58.691961584790995,8.285932173324861,tno-rate
Sedna,-1,58.69196930276554,8.28593474611029,tno-rate
Sedna,0,58.69197702074008,8.28593731889572,tno-rate
Sedna,1,58.69198473871462,8.28593989168115,tno-rate
Sedna,2,58.69199245668917,8.285942464466578,tno-rate
Sedna,3,58.69200017466371,8.285945037252008,tno-rate
Sedna,4,58.69200789263826,8.285947610037436,tno-rate
Sedna,5,58.6920156106128,8.285950182822866,tno-rate
Sedna,6,58.69202332858734,8.285952755608294,tno-rate
Sedna,7,58.69203104656189,8.285955328393724,tno-rate
Sedna,8,58.69203876453643,8.285957901179152,tno-rate
Sedna,9,58.69204648251097,8.285960473964582,tno-rate
Sedna,10,58.692054200485515,8.28596304675001,tno-rate
Sedna,11,58.692061918460055,8.28596561953544,tno-rate
Sedna,12,58.6920696364346,8.28596819232087,tno-rate
Sedna,13,58.69207735440914,8.285970765106299,tno-rate
Sedna,14,58.692085072383684,8.285973337891729,tno-rate
Sedna,15,58.69209279035823,8.285975910677157,tno-rate
Sedna,16,58.69210050833277,8.285978483462587,tno-rate
Sedna,17,58.69210822630731,8.285981056248016,tno-rate
Sedna,18,58.69211594428186,8.285983629033446,tno-rate
Sedna,19,58.6921236622564,8.285986201818874,tno-rate
Sedna,20,58.69213138023095,8.285988774604304,tno-rate
Sedna,21,58.69213909820549,8.285991347389732,tno-rate
Sedna,22,58.69214681618003,8.285993920175162,tno-rate
Sedna,23,58.692154534154575,8.285996492960592,tno-rate
Sedna,24,58.692162252129116,8.28599906574602,tno-rate
Sedna,25,58.692169970103656,8.28600163853145,tno-rate
Sedna,26,58.6921776880782,8.286004211316879,tno-rate
Sedna,27,58.692185406052744,8.286006784102309,tno-rate
Sedna,28,58.69219312402729,8.286009356887737,tno-rate
Sedna,29,58.69220084200183,8.286011929673167,tno-rate
Sedna,30,58.69220855997637,8.286014502458595,tno-rate
Transpluto,-30,154.3155605479193,10.640267099573546,engine
Transpluto,-20,154.31552756021952,10.640279608547374,engine
Transpluto,-15,154.31551106853075,10.64028586221022,engine
Transpluto,-10,154.31549457828578,10.640292115322337,engine
Transpluto,-5,154.31547808948025,10.640298367885327,engine
Transpluto,-2,154.31546819689027,10.64030211915858,engine
Transpluto,-1,154.3154648994756,10.640303369539017,engine
Transpluto,0,154.3154616021187,10.640304619897401,engine
Transpluto,1,154.31545830481937,10.6403058702338,engine
Transpluto,2,154.3154550075777,10.640307120548178,engine
Transpluto,3,154.3154517103938,10.640308370840547,engine
Transpluto,4,154.31544841326746,10.640309621110895,engine
Transpluto,5,154.31544511619893,10.640310871359244,engine
Transpluto,6,154.31544181918576,10.640312121586435,engine
Transpluto,7,154.31543852223254,10.64031337179076,engine
Transpluto,8,154.31543522533693,10.640314621973056,engine
Transpluto,9,154.3154319284991,10.640315872133314,engine
Transpluto,10,154.31542863171893,10.640317122271606,engine
Transpluto,11,154.31542533499638,10.640318372387835,engine
Transpluto,12,154.3154220383315,10.640319622482094,engine
Transpluto,13,154.31541874172433,10.640320872554316,engine
Transpluto,14,154.31541544517484,10.640322122604491,engine
Transpluto,15,154.3154121486831,10.640323372632652,engine
Transpluto,16,154.31540885225155,10.640324622637815,engine
Transpluto,17,154.3154055558729,10.64032587262277,engine
Transpluto,18,154.3154022595542,10.640327122584862,engine
Transpluto,19,154.31539896329318,10.64032837252492,engine
Transpluto,20,154.31539566708975,10.640329622442964,engine
Transpluto,21,154.3153923709441,10.640330872338984,engine
Transpluto,22,154.31538907485609,10.640332122212966,engine
Transpluto,23,154.31538577882577,10.640333372064902,engine
Transpluto,24,154.31538248285315,10.640334621894832,engine
Transpluto,25,154.31537918693826,10.640335871702696,engine
Transpluto,26,154.31537589108103,10.640337121488576,engine
Transpluto,27,154.31537259528147,10.64033837125238,engine
Transpluto,28,154.31536929953967,10.640339620994148,engine
Transpluto,29,154.31536600385328,10.640340870714768,engine
Transpluto,30,154.31536270822681,10.640342120412459,engine
Part_of_Fortune,-30,1.452384381146885,-20.37361648641497,engine
Part_of_Fortune,-20,3.227060362937891,-21.062353184116574,engine
Part_of_Fortune,-15,4.112659291735724,-21.4097222713023,engine
Part_of_Fortune,-10,4.997159565096808,-21.75900122592558,engine
Part_of_Fortune,-5,5.880605434769734,-22.110121048885013,engine
Part_of_Fortune,-2,6.410185004367008,-22.32164753194354,engine
Part_of_Fortune,-1,6.5866323850165145,-22.392295446901688,engine
Part_of_Fortune,0,6.763040526653469,-22.463011904013765,engine
Part_of_Fortune,1,6.939409944939598,-22.533796379309806,engine
Part_of_Fortune,2,7.115741154871216,-22.604648347730866,engine
Part_of_Fortune,3,7.292034139735449,-22.675567151560287,engine
Part_of_Fortune,4,7.4682894112229405,-22.746552262856756,engine
Part_of_Fortune,5,7.644507481114374,-22.817603152860663,engine
Part_of_Fortune,6,7.820688446398378,-22.888719207530507,engine
Part_of_Fortune,7,7.996832757086793,-22.959899843971137,engine
Part_of_Fortune,8,8.172940507986823,-23.03114444568756,engine
Part_of_Fortune,9,8.349012206334578,-23.102452478965134,engine
Part_of_Fortune,10,8.52504835701717,-23.173823408292826,engine
Part_of_Fortune,11,8.701048934683342,-23.245256566455758,engine
Part_of_Fortune,12,8.877014618872579,-23.316751459176558,engine
Part_of_Fortune,13,9.052945382154121,-23.38830741689791,engine
Part_of_Fortune,14,9.22884172520935,-23.45992389929696,engine
Part_of_Fortune,15,9.404704150720818,-23.531600365474617,engine
Part_of_Fortune,16,9.580532615309323,-23.60333613896626,engine
Part_of_Fortune,17,9.756327930094471,-23.675130773363556,engine
Part_of_Fortune,18,9.9320898185901,-23.74698349437442,engine
Part_of_Fortune,19,10.107819071452752,-23.81889384753135,engine
Part_of_Fortune,20,10.283515653487257,-23.89086115496278,engine
Part_of_Fortune,21,10.459180236501368,-23.962884912117453,engine
Part_of_Fortune,22,10.634812783178006,-24.034964438804895,engine
Part_of_Fortune,23,10.810413963469557,-24.10709922816953,engine
Part_of_Fortune,24,10.9859837383259,-24.179288597866616,engine
Part_of_Fortune,25,11.16152277588344,-24.251532038763212,engine
Part_of_Fortune,26,11.33703103541228,-24.32382886640412,engine
Part_of_Fortune,27,11.512509006632058,-24.396178526036532,engine
Part_of_Fortune,28,11.687957177191834,-24.46858046127659,engine
Part_of_Fortune,29,11.863375799116625,-24.54103407688239,engine
Part_of_Fortune,30,12.038764770740727,-24.613538630862838,engine
Part_of_Spirit,-30,314.01728963892197,39.028958511512315,engine
Part_of_Spirit,-20,315.55033857383256,38.41577080663822,engine
Part_of_Spirit,-15,316.3152012842823,38.1064002684118,engine
Part_of_Spirit,-10,317.0790319761493,37.795269153874266,engine
Part_of_Spirit,-5,317.8418871121425,37.48244608770309,engine
Part_of_Spirit,-2,318.29915457978564,37.29396909690809,engine
Part_of_Spirit,-1,318.45150531978356,37.23101628997206,engine
Part_of_Spirit,0,318.60382114185273,37.16800079112636,engine
Part_of_Spirit,1,318.7561022993939,37.104923209009144,engine
Part_of_Spirit,2,318.9083490451948,37.041784153098824,engine
Part_of_Spirit,3,319.0605621612821,36.97858410262984,engine
Part_of_Spirit,4,319.2127418970081,36.91532366976182,engine
Part_of_Spirit,5,319.3648885016655,36.85200346722891,engine
Part_of_Spirit,6,319.51700285464284,36.7886239356272,engine
Part_of_Spirit,7,319.6690848219746,36.72518581867558,engine
Part_of_Spirit,8,319.82113528060427,36.661689559314965,engine
Part_of_Spirit,9,319.97315447502166,36.59813577475093,engine
Part_of_Spirit,10,320.12514264736296,36.53452508371716,engine
Part_of_Spirit,11,320.2771005702054,36.47085797454931,engine
Part_of_Spirit,12,320.42902830659153,36.40713511181805,engine
Part_of_Spirit,13,320.5809266267928,36.34335698608866,engine
Part_of_Spirit,14,320.7327957683818,36.27952422043011,engine
Part_of_Spirit,15,320.8846359672441,36.21563743857761,engine
Part_of_Spirit,16,321.03644800079786,36.15169713194028,engine
Part_of_Spirit,17,321.1882320113699,36.08770393235146,engine
Part_of_Spirit,18,321.33998856787156,36.02365841916749,engine
Part_of_Spirit,19,321.4917178278667,35.959561221125334,engine
Part_of_Spirit,20,321.64342055309953,35.895412836744924,engine
Part_of_Spirit,21,321.79509679818017,35.83121393925788,engine
Part_of_Spirit,22,321.9467473224806,35.76696502940133,engine
Part_of_Spirit,23,322.09837217863395,35.70266678234955,engine
Part_of_Spirit,24,322.24997212396875,35.638319700898556,engine
Part_of_Spirit,25,322.4015472092091,35.5739244621209,engine
Part_of_Spirit,26,322.5530981896926,35.509481570842745,engine
Part_of_Spirit,27,322.7046252909415,35.44499166261893,engine
Part_of_Spirit,28,322.8561287363498,35.380455374412975,engine
Part_of_Spirit,29,323.0076092042077,35.315873213646356,engine
Part_of_Spirit,30,323.15906706716265,35.25124581868798,engine
Ascendant,-30,157.73483701003443,9.327671012548674,engine
Ascendant,-20,159.38869946838523,8.676708811260825,engine
Ascendant,-15,160.213930288009,8.34833899855475,engine
Ascendant,-10,161.03809577062304,8.018133963974341,engine
Ascendant,-5,161.86124627345612,7.686162519409037,engine
Ascendant,-2,162.3546697920763,7.486160782482277,engine
Ascendant,-1,162.51906885240004,7.419360421535186,engine
Ascendant,0,162.6834308342531,7.352494443556298,engine
Ascendant,1,162.84775612216671,7.28556341484967,engine
Ascendant,2,163.01204510003302,7.21856790268398,engine
Ascendant,3,163.17629815050879,7.151508475534775,engine
Ascendant,4,163.34051565411548,7.084385703452529,engine
Ascendant,5,163.50469799138995,7.017200157184124,engine
Ascendant,6,163.6688456505206,6.9499523640483485,engine
Ascendant,7,163.8329587895307,6.882642987352222,engine
Ascendant,8,163.99703789429554,6.815272556813705,engine
Ascendant,9,164.16108334067812,6.747841647892896,engine
Ascendant,10,164.32509550219007,6.6803508377121705,engine
Ascendant,11,164.48907475244437,6.6128007040467764,engine
Ascendant,12,164.65302146273206,6.545191826320746,engine
Ascendant,13,164.81693600447346,6.477524784595374,engine
Ascendant,14,164.98081874679556,6.409800160566575,engine
Ascendant,15,165.14467005898246,6.342018536551497,engine
Ascendant,16,165.3084903080536,6.274180496487009,engine
Ascendant,17,165.47227997073222,6.206286579493951,engine
Ascendant,18,165.63603919323083,6.138337462396536,engine
Ascendant,19,165.79976844965972,6.070333686796993,engine
Ascendant,20,165.96346810329342,6.002275840891071,engine
Ascendant,21,166.12713851734077,5.934164513570214,engine
Ascendant,22,166.2907800528293,5.866000295298217,engine
Ascendant,23,166.45439307105175,5.797783777090011,engine
Ascendant,24,166.61797793114732,5.729515551515968,engine
Ascendant,25,166.78153499254628,5.661196211678843,engine
Ascendant,26,166.94506461255244,5.59282635221931,engine
Ascendant,27,167.10856714878676,5.524406568291198,engine
Ascendant,28,167.27204295677078,5.455937456568193,engine
Ascendant,29,167.43549250166217,5.3874195683819845,engine
Ascendant,30,167.5989159189517,5.3188535939125705,engine
Midheaven,-30,55.97580848165957,19.762174509442698,engine
Midheaven,-20,58.480532840923615,20.28097124598346,engine
Midheaven,-15,59.732928106242895,20.52584003968895,engine
Midheaven,-10,60.9853478386069,20.76097160336961,engine
Midheaven,-5,62.23779429025162,20.986332625087382,engine
Midheaven,-2,62.98927558395038,21.116846762413356,engine
Midheaven,-1,63.23977169083096,21.159566390132657,engine
Midheaven,0,63.49026899281074,21.201893123482492,engine
Midheaven,1,63.74076750374662,21.243826758405294,engine
Midheaven,2,63.99126723833401,21.285367095692717,engine
Midheaven,3,64.24176821117513,21.326513940746423,engine
Midheaven,4,64.49227043538158,21.36726710327302,engine
Midheaven,5,64.7427739258313,21.407626397738643,engine
Midheaven,6,64.99327886342759,21.447591669353226,engine
Midheaven,7,65.24378492688767,21.48716268765782,engine
Midheaven,8,65.49429229691802,21.52633930665342,engine
Midheaven,9,65.74480098800399,21.565121357849446,engine
Midheaven,10,65.99531101266898,21.603508676538116,engine
Midheaven,11,66.24582238519575,21.641501102296356,engine
Midheaven,12,66.49633511790336,21.679098478341476,engine
Midheaven,13,66.74684922486803,21.716300652022486,engine
Midheaven,14,66.99736471820032,21.753107474188926,engine
Midheaven,15,67.24788161176602,21.789518799671896,engine
Midheaven,16,67.49839991746293,21.825534486666022,engine
Midheaven,17,67.74891981647104,21.861154420887434,engine
Midheaven,18,67.99944098588107,21.896378420019524,engine
Midheaven,19,68.24996360572295,21.93120637683119,engine
Midheaven,20,68.50048768792306,21.965638163433695,engine
Midheaven,21,68.75101324569219,21.99967365542041,engine
Midheaven,22,69.0015402902674,22.03331273135406,engine
Midheaven,23,69.25206883463358,22.06655527320642,engine
Midheaven,24,69.50259888979981,22.09940116579314,engine
Midheaven,25,69.75313046852145,22.13185029720295,engine
Midheaven,26,70.00366358157598,22.163902558245745,engine
Midheaven,27,70.25419824148547,22.195557842871676,engine
Midheaven,28,70.50473445879241,22.22681604763233,engine
Midheaven,29,70.75527241332247,22.257677092594115,engine
Midheaven,30,71.00581178076499,22.288140838584887,engine
Vertex,-30,310.89679901177465,-18.142733906410058,engine
Vertex,-20,314.21246452959707,-17.2607128022151,engine
Vertex,-15,315.8936482973165,-16.789152692500824,engine
Vertex,-10,317.59024615322767,-16.296985984234453,engine
Vertex,-5,319.30209538141486,-15.784095380937805,engine
Vertex,-2,320.3364421415564,-15.466386380294539,engine
Vertex,-1,320.682419604422,-15.358819881583203,engine
Vertex,0,321.0289913231222,-15.250421782137982,engine
Vertex,1,321.3761551823763,-15.141192336634111,engine
Vertex,2,321.7239089972458,-15.031131912478783,engine
Vertex,3,322.0722505113907,-14.920240992251939,engine
Vertex,4,322.4211773946772,-14.808520176367066,engine
Vertex,5,322.7706872472796,-14.695970183653094,engine
Vertex,6,323.1207778290349,-14.582591778725815,engine
Vertex,7,323.47144612479354,-14.468386076993704,engine
Vertex,8,323.82268974741254,-14.353354092160442,engine
Vertex,9,324.17450600393204,-14.237497040067773,engine
Vertex,10,324.52689212457096,-14.120816266615341,engine
Vertex,11,324.87984526761886,-14.00331324798222,engine
Vertex,12,325.2333625138814,-13.884989594284386,engine
Vertex,13,325.5874408716233,-13.765847049729636,engine
Vertex,14,325.942077271033,-13.645887496253396,engine
Vertex,15,326.29726856922025,-13.525112953599688,engine
Vertex,16,326.65301154470114,-13.403525582927596,engine
Vertex,17,327.0093031408934,-13.281127604690072,engine
Vertex,18,327.3661395078818,-13.157921629916254,engine
Vertex,19,327.72351743443716,-13.033910169935048,engine
Vertex,20,328.0814333938515,-12.909095965386074,engine
Vertex,21,328.4398837845326,-12.783481905366271,engine
Vertex,22,328.79886492522513,-12.657071030671766,engine
Vertex,23,329.15837306023866,-12.529866533504137,engine
Vertex,24,329.5184043540359,-12.401871760877912,engine
Vertex,25,329.87895489651964,-12.273090214212868,engine
Vertex,26,330.24002069765197,-12.143525552670264,engine
Vertex,27,330.6015976928042,-12.013181592622644,engine
Vertex,28,330.9636817374069,-11.882062310910218,engine
Vertex,29,331.32626885499934,-11.75017175572509,engine
Vertex,30,331.68935426237397,-11.617514402839447,engine
Algol,-30,47.03562729061923,40.95518033758357,engine
Algol,-20,47.035626408356876,40.95518159988426,engine
Algol,-15,47.0356259154361,40.95518222596441,engine
Algol,-10,47.03562538819888,40.955182848166125,engine
Algol,-5,47.035624826823074,40.95518346611818,engine
Algol,-2,47.035624473691314,40.95518383469574,engine
Algol,-1,47.03562435327278,40.955183957171656,engine
Algol,0,47.035624231503135,40.95518407945105,engine
Algol,1,47.03562410838409,40.95518420153099,engine
Algol,2,47.03562398391742,40.955184323408545,engine
Algol,3,47.0356238581049,40.9551844450808,engine
Algol,4,47.03562373094832,40.95518456654482,engine
Algol,5,47.03562360244958,40.955184687797725,engine
Algol,6,47.035623472610425,40.95518480883664,engine
Algol,7,47.03562334143292,40.955184929658536,engine
Algol,8,47.03562320891888,40.95518505026058,engine
Algol,9,47.03562307507027,40.95518517063986,engine
Algol,10,47.03562293988905,40.955185290793516,engine
Algol,11,47.035622803377215,40.95518541071861,engine
Algol,12,47.03562266553679,40.9551855304123,engine
Algol,13,47.0356225263698,40.95518564987169,engine
Algol,14,47.035622385878334,40.95518576909389,engine
Algol,15,47.03562224406441,40.95518588807615,engine
Algol,16,47.03562210093039,40.95518600681533,engine
Algol,17,47.03562195647806,40.95518612530889,engine
Algol,18,47.03562181070986,40.95518624355373,engine
Algol,19,47.03562166362793,40.95518636154709,engine
Algol,20,47.03562151523445,40.95518647928612,engine
Algol,21,47.03562136553169,40.95518659676798,engine
Algol,22,47.0356212145219,40.955186713989804,engine
Algol,23,47.03562106220741,40.95518683094881,engine
Algol,24,47.03562090859053,40.95518694764212,engine
Algol,25,47.035620753673584,40.95518706406694,engine
Algol,26,47.035620597458966,40.955187180220456,engine
Algol,27,47.035620439949085,40.95518729609983,engine
Algol,28,47.03562028114631,40.955187411702276,engine
Algol,29,47.03562012105303,40.95518752702505,engine
Algol,30,47.035619959671905,40.95518764206523,engine
Pleiades,-30,56.86619913574524,24.104034133135144,engine
Pleiades,-20,56.8661987489433,24.104035011987225,engine
Pleiades,-15,56.866198511889806,24.104035450999138,engine
Pleiades,-10,56.866198245763776,24.104035889417606,engine
Pleiades,-5,56.86619795060437,24.10403632700508,engine
Pleiades,-2,56.86619775959429,24.104036589059902,engine
Pleiades,-1,56.86619769360814,24.104036676317207,engine
Pleiades,0,56.866197626464846,24.104036763524192,engine
Pleiades,1,56.86619755816498,24.10403685067898,engine
Pleiades,2,56.866197488709126,24.10403693777967,engine
Pleiades,3,56.86619741809795,24.104037024824375,engine
Pleiades,4,56.866197346332065,24.104037111811206,engine
Pleiades,5,56.86619727341216,24.104037198738276,engine
Pleiades,6,56.86619719933886,24.104037285603756,engine
Pleiades,7,56.866197124113,24.104037372405642,engine
Pleiades,8,56.866197047735234,24.104037459142116,engine
Pleiades,9,56.86619697020635,24.104037545811284,engine
Pleiades,10,56.866196891527125,24.104037632411274,engine
Pleiades,11,56.86619681169833,24.104037718940198,engine
Pleiades,12,56.86619673072082,24.104037805396178,engine
Pleiades,13,56.86619664859543,24.104037891777335,engine
Pleiades,14,56.86619656532304,24.104037978081795,engine
Pleiades,15,56.86619648090448,24.104038064307762,engine
Pleiades,16,56.8661963953408,24.104038150453142,engine
Pleiades,17,56.86619630863272,24.10403823651633,engine
Pleiades,18,56.866196220781376,24.104038322495278,engine
Pleiades,19,56.8661961317877,24.104038408388163,engine
Pleiades,20,56.866196041652664,24.10403849419313,engine
Pleiades,21,56.8661959503773,24.10403857990832,engine
Pleiades,22,56.86619585796268,24.10403866553184,engine
Pleiades,23,56.86619576440981,24.10403875106186,engine
Pleiades,24,56.86619566971982,24.104038836496503,engine
Pleiades,25,56.866195573893805,24.10403892183392,engine
Pleiades,26,56.866195476932894,24.104039007072245,engine
Pleiades,27,56.86619537883825,24.104039092209632,engine
Pleiades,28,56.866195279611034,24.10403917724422,engine
Pleiades,29,56.86619517925235,24.10403926217423,engine
Pleiades,30,56.86619507776361,24.104039346997684,engine
Capella,-30,79.16812894788026,45.99684754789222,engine
Capella,-20,79.16812949768027,45.996848971889726,engine
Capella,-15,79.16812971903701,45.9968496941408,engine
Capella,-10,79.16812990431028,45.996850422703005,engine
Capella,-5,79.16813005323074,45.99685115717998,engine
Capella,-2,79.16813012502809,45.99685160053914,engine
Capella,-1,79.16813014602313,45.99685174875177,engine
Capella,0,79.16813016554636,45.99685189717218,engine
Capella,1,79.16813018359596,45.996852045797105,engine
Capella,2,79.16813020017015,45.99685219462337,engine
Capella,3,79.16813021526715,45.99685234364771,engine
Capella,4,79.16813022888523,45.996852492866886,engine
Capella,5,79.1681302410227,45.99685264227766,engine
Capella,6,79.16813025167787,45.99685279187689,engine
Capella,7,79.16813026084907,45.99685294166113,engine
Capella,8,79.16813026853471,45.99685309162726,engine
Capella,9,79.16813027473319,45.996853241771994,engine
Capella,10,79.16813027944292,45.99685339209206,engine
Capella,11,79.1681302826624,45.996853542584226,engine
Capella,12,79.1681302843901,45.996853693245214,engine
Capella,13,79.16813028462457,45.99685384407176,engine
Capella,14,79.16813028336432,45.9968539950606,engine
Capella,15,79.168130280608,45.99685414620857,engine
Capella,16,79.16813027635412,45.99685429751206,engine
Capella,17,79.16813027060135,45.996854448968215,engine
Capella,18,79.16813026334837,45.99685460057344,engine
Capella,19,79.16813025459388,45.99685475232455,engine
Capella,20,79.16813024433657,45.996854904218274,engine
Capella,21,79.16813023257522,45.99685505625132,engine
Capella,22,79.16813021930862,45.99685520842037,engine
Capella,23,79.16813020453554,45.996855360722144,engine
Capella,24,79.16813018825484,45.99685551315335,engine
Capella,25,79.16813017046539,45.996855665710655,engine
Capella,26,79.16813015116607,45.9968558183908,engine
Capella,27,79.16813013035582,45.99685597119045,engine
Capella,28,79.16813010803358,45.99685612410631,engine
Capella,29,79.16813008419832,45.996856277135166,engine
Capella,30,79.16813005884909,45.99685643027349,engine
Sirius,-30,101.28185229277761,-16.727024556342467,engine
Sirius,-20,101.28185339194036,-16.727024887188396,engine
Sirius,-15,101.2818539111654,-16.72702506051886,engine
Sirius,-10,101.28185440960634,-16.727025238957133,engine
Sirius,-5,101.28185488686577,-16.72702542237728,engine
Sirius,-2,101.28185516289271,-16.727025534767343,engine
Sirius,-1,101.28185525316194,-16.72702557261414,engine
Sirius,0,101.28185534255628,-16.7270256106509,engine
Sirius,1,101.28185543107276,-16.727025648876594,engine
Sirius,2,101.28185551870838,-16.727025687290134,engine
Sirius,3,101.28185560546024,-16.72702572589049,engine
Sirius,4,101.28185569132538,-16.727025764676586,engine
Sirius,5,101.28185577630087,-16.727025803647354,engine
Sirius,6,101.2818558603839,-16.72702584280175,engine
Sirius,7,101.28185594357144,-16.727025882138648,engine
Sirius,8,101.28185602586073,-16.727025921657003,engine
Sirius,9,101.28185610724888,-16.72702596135571,engine
Sirius,10,101.28185618773308,-16.727026001233714,engine
Sirius,11,101.28185626731053,-16.727026041289914,engine
Sirius,12,101.28185634597841,-16.727026081523217,engine
Sirius,13,101.28185642373396,-16.727026121932536,engine
Sirius,14,101.2818565005744,-16.727026162516758,engine
Sirius,15,101.2818565764971,-16.727026203274832,engine
Sirius,16,101.2818566514991,-16.727026244205536,engine
Sirius,17,101.28185672557791,-16.7270262853079,engine
Sirius,18,101.28185679873071,-16.727026326580724,engine
Sirius,19,101.2818568709549,-16.727026368022916,engine
Sirius,20,101.28185694224779,-16.72702640963336,engine
Sirius,21,101.28185701260675,-16.727026451410932,engine
Sirius,22,101.28185708202916,-16.72702649335451,engine
Sirius,23,101.28185715051245,-16.72702653546297,engine
Sirius,24,101.281857218054,-16.727026577735167,engine
Sirius,25,101.28185728465127,-16.72702662016999,engine
Sirius,26,101.28185735030169,-16.72702666276628,engine
Sirius,27,101.28185741500276,-16.72702670552291,engine
Sirius,28,101.28185747875193,-16.72702674843873,engine
Sirius,29,101.2818575415468,-16.727026791512625,engine
Sirius,30,101.28185760338478,-16.727026834743388,engine
Procyon,-30,114.82059154232732,5.217061880148496,engine
Procyon,-20,114.82059293758633,5.217062122251502,engine
Procyon,-15,114.82059361324312,5.217062246268642,engine
Procyon,-10,114.82059427360586,5.217062372222534,engine
Procyon,-5,114.82059491819972,5.217062500081827,engine
Procyon,-2,114.82059529719207,5.217062577698568,engine
Procyon,-1,114.82059542220667,5.21706260371944,engine
Procyon,0,114.82059554655704,5.217062629814172,engine
Procyon,1,114.82059567023956,5.217062655982505,engine
Procyon,2,114.82059579325053,5.217062682224169,engine
Procyon,3,114.8205959155864,5.217062708538885,engine
Procyon,4,114.8205960372435,5.217062734926389,engine
Procyon,5,114.82059615821827,5.217062761386403,engine
Procyon,6,114.82059627850715,5.217062787918665,engine
Procyon,7,114.82059639810646,5.21706281452287,engine
Procyon,8,114.8205965170127,5.217062841198759,engine
Procyon,9,114.82059663522229,5.217062867946041,engine
Procyon,10,114.82059675273175,5.217062894764448,engine
Procyon,11,114.82059686953751,5.2170629216536915,engine
Procyon,12,114.82059698563612,5.217062948613486,engine
Procyon,13,114.82059710102399,5.217062975643552,engine
Procyon,14,114.82059721569772,5.217063002743601,engine
Procyon,15,114.82059732965396,5.217063029913353,engine
Procyon,16,114.82059744288891,5.217063057152483,engine
Procyon,17,114.82059755539947,5.217063084460768,engine
Procyon,18,114.82059766718203,5.217063111837855,engine
Procyon,19,114.82059777823324,5.217063139283475,engine
Procyon,20,114.82059788854966,5.21706316679733,engine
Procyon,21,114.82059799812794,5.217063194379129,engine
Procyon,22,114.82059810696474,5.217063222028573,engine
Procyon,23,114.82059821505665,5.217063249745363,engine
Procyon,24,114.82059832240037,5.217063277529197,engine
Procyon,25,114.82059842899254,5.21706330537978,engine
Procyon,26,114.82059853482987,5.217063333296805,engine
Procyon,27,114.82059863990906,5.2170633612799735,engine
Procyon,28,114.82059874422683,5.217063389328981,engine
Procyon,29,114.82059884777993,5.217063417443536,engine
Procyon,30,114.82059895056506,5.217063445623298,engine
Alkaid,-30,206.89206383404274,49.31202957007711,engine
Alkaid,-20,206.89206573131514,49.31202856335588,engine
Alkaid,-15,206.8920667322271,49.312028075620994,engine
Alkaid,-10,206.89206776736015,49.31202759880171,engine
Alkaid,-5,206.892068836222,49.312027133265296,engine
Alkaid,-2,206.89206949351782,49.31202685951005,engine
Alkaid,-1,206.8920697152547,49.312026769203285,engine
Alkaid,0,206.8920699383037,49.312026679373744,engine
Alkaid,1,206.89207016266053,49.31202659002428,engine
Alkaid,2,206.892070388321,49.312026501157696,engine
Alkaid,3,206.89207061528074,49.312026412776824,engine
Alkaid,4,206.89207084353546,49.31202632488445,engine
Alkaid,5,206.8920710730808,49.31202623748339,engine
Alkaid,6,206.8920713039126,49.312026150576365,engine
Alkaid,7,206.89207153602607,49.312026064166254,engine
Alkaid,8,206.89207176941696,49.31202597825578,engine
Alkaid,9,206.89207200408086,49.312025892847714,engine
Alkaid,10,206.89207224001328,49.31202580794478,engine
Alkaid,11,206.89207247720975,49.312025723549716,engine
Alkaid,12,206.89207271566573,49.312025639665265,engine
Alkaid,13,206.89207295537668,49.31202555629415,engine
Alkaid,14,206.892073196338,49.31202547343908,engine
Alkaid,15,206.8920734385453,49.31202539110263,engine
Alkaid,16,206.89207368199354,49.31202530928776,engine
Alkaid,17,206.89207392667862,49.3120252279969,engine
Alkaid,18,206.89207417259541,49.312025147232845,engine
Alkaid,19,206.89207441973943,49.31202506699826,engine
Alkaid,20,206.89207466810598,49.312024987295715,engine
Alkaid,21,206.89207491769028,49.31202490812791,engine
Alkaid,22,206.89207516848762,49.31202482949747,engine
Alkaid,23,206.89207542049317,49.31202475140699,engine
Alkaid,24,206.89207567370215,49.312024673859085,engine
Alkaid,25,206.89207592810976,49.31202459685635,engine
Alkaid,26,206.89207618371114,49.31202452040137,engine
Alkaid,27,206.8920764405014,49.31202444449675,engine
Alkaid,28,206.89207669847565,49.31202436914503,engine
Alkaid,29,206.89207695762917,49.312024294348724,engine
Alkaid,30,206.89207721795668,49.312024220110466,engine
Algorab,-30,187.46980057576988,-16.518757161304187,engine
Algorab,-20,187.46980229058508,-16.518756769921783,engine
Algorab,-15,187.46980317435032,-16.51875658305412,engine
Algorab,-10,187.4698040750554,-16.518756402207327,engine
Algorab,-5,187.46980499221647,-16.51875622748164,engine
Algorab,-2,187.46980555020755,-16.51875612562498,engine
Algorab,-1,187.46980573746316,-16.518756092173817,engine
Algorab,0,187.46980592534138,-16.518756058974414,engine
Algorab,1,187.4698061138382,-16.51875602602754,engine
Algorab,2,187.46980630294956,-16.518755993333933,engine
Algorab,3,187.4698064926715,-16.518755960894325,engine
Algorab,4,187.46980668299986,-16.518755928709446,engine
Algorab,5,187.46980687393062,-16.518755896780018,engine
Algorab,6,187.46980706545983,-16.518755865106744,engine
Algorab,7,187.46980725758314,-16.518755833690385,engine
Algorab,8,187.4698074502966,-16.51875580253163,engine
Algorab,9,187.46980764359603,-16.518755771631177,engine
Algorab,10,187.46980783747733,-16.518755740989732,engine
Algorab,11,187.46980803193642,-16.518755710608012,engine
Algorab,12,187.46980822696912,-16.51875568048667,engine
Algorab,13,187.46980842257125,-16.518755650626424,engine
Algorab,14,187.46980861873865,-16.51875562102794,engine
Algorab,15,187.4698088154673,-16.518755591691875,engine
Algorab,16,187.46980901275256,-16.518755562618967,engine
Algorab,17,187.46980921059082,-16.518755533809788,engine
Algorab,18,187.46980940897743,-16.518755505265077,engine
Algorab,19,187.4698096079083,-16.51875547698546,engine
Algorab,20,187.4698098073792,-16.51875544897159,engine
Algorab,21,187.46981000738592,-16.518755421224114,engine
Algorab,22,187.46981020792416,-16.518755393743675,engine
Algorab,23,187.4698104089897,-16.5187553665309,engine
Algorab,24,187.4698106105782,-16.518755339586427,engine
Algorab,25,187.46981081268547,-16.518755312910876,engine
Algorab,26,187.46981101530716,-16.51875528650487,engine
Algorab,27,187.46981121843896,-16.518755260369026,engine
Algorab,28,187.46981142207656,-16.518755234503953,engine
Algorab,29,187.4698116262158,-16.51875520891024,engine
Algorab,30,187.46981183085205,-16.518755183588514,engine
Spica,-30,201.30328997119182,-11.163607666519724,engine
Spica,-20,201.3032913696841,-11.16360728686543,engine
Spica,-15,201.30329210145123,-11.163607101724624,engine
Spica,-10,201.30329285441744,-11.16360691982798,engine
Spica,-5,201.303293628209,-11.163606741263441,engine
Spica,-2,201.30329410232073,-11.16360663576016,engine
Spica,-1,201.30329426197875,-11.163606600869073,engine
Spica,0,201.30329442244187,-11.163606566117446,engine
Spica,1,201.30329458370696,-11.163606531505955,engine
Spica,2,201.3032947457708,-11.163606497035275,engine
Spica,3,201.30329490863014,-11.163606462706067,engine
Spica,4,201.30329507228183,-11.163606428518996,engine
Spica,5,201.3032952367226,-11.16360639447473,engine
Spica,6,201.30329540194924,-11.163606360573894,engine
Spica,7,201.30329556795834,-11.163606326817202,engine
Spica,8,201.30329573474668,-11.163606293205273,engine
Spica,9,201.30329590231096,-11.163606259738774,engine
Spica,10,201.30329607064795,-11.16360622641834,engine
Spica,11,201.3032962397542,-11.163606193244616,engine
Spica,12,201.3032964096264,-11.163606160218247,engine
Spica,13,201.3032965802612,-11.163606127339882,engine
Spica,14,201.3032967516552,-11.163606094610143,engine
Spica,15,201.30329692380522,-11.163606062029654,engine
Spica,16,201.30329709670738,-11.1636060295991,engine
Spica,17,201.30329727035883,-11.163605997319035,engine
Spica,18,201.3032974447557,-11.16360596519014,engine
Spica,19,201.30329761989475,-11.16360593321302,engine
Spica,20,201.30329779577244,-11.163605901388294,engine
Spica,21,201.30329797238534,-11.163605869716573,engine
Spica,22,201.30329814972993,-11.16360583819848,engine
Spica,23,201.30329832780274,-11.163605806834623,engine
Spica,24,201.30329850660024,-11.163605775625607,engine
Spica,25,201.3032986861189,-11.163605744572035,engine
Spica,26,201.3032988663551,-11.163605713674514,engine
Spica,27,201.30329904730542,-11.163605682933639,engine
Spica,28,201.3032992289662,-11.163605652350011,engine
Spica,29,201.303299411334,-11.163605621924193,engine
Spica,30,201.30329959440496,-11.163605591656825,engine
Arcturus,-30,213.91368128359028,19.16800020425669,engine
Arcturus,-20,213.91368238984404,19.167999797592536,engine
Arcturus,-15,213.91368298145457,19.1679995995655,engine
Arcturus,-10,213.91368359837494,19.1679994053053,engine
Arcturus,-5,213.91368424033058,19.16799921498222,engine
Arcturus,-2,213.91368463740207,19.16799910274836,engine
Arcturus,-1,213.91368477172819,19.167999065671783,engine
Arcturus,0,213.9136849070347,19.167999028764765,engine
Arcturus,1,213.91368504331933,19.16799899202863,engine
Arcturus,2,213.91368518057953,19.16799895546471,engine
Arcturus,3,213.91368531881287,19.167998919074325,engine
Arcturus,4,213.91368545801683,19.167998882858793,engine
Arcturus,5,213.91368559818898,19.16799884681942,engine
Arcturus,6,213.91368573932684,19.167998810957485,engine
Arcturus,7,213.9136858814277,19.167998775274356,engine
Arcturus,8,213.91368602448912,19.167998739771292,engine
Arcturus,9,213.9136861685085,19.16799870444962,engine
Arcturus,10,213.91368631348325,19.16799866931061,engine
Arcturus,11,213.9136864594108,19.167998634355566,engine
Arcturus,12,213.91368660628842,19.167998599585776,engine
Arcturus,13,213.91368675411357,19.167998565002524,engine
Arcturus,14,213.9136869028835,19.167998530607086,engine
Arcturus,15,213.91368705259572,19.167998496400703,engine
Arcturus,16,213.91368720324718,19.167998462384748,engine
Arcturus,17,213.9136873548355,19.167998428560388,engine
Arcturus,18,213.91368750735776,19.16799839492896,engine
Arcturus,19,213.9136876608112,19.167998361491705,engine
Arcturus,20,213.9136878151931,19.167998328249872,engine
Arcturus,21,213.9136879705007,19.16799829520473,engine
Arcturus,22,213.9136881267311,19.16799826235753,engine
Arcturus,23,213.91368828388156,19.167998229709497,engine
Arcturus,24,213.9136884419492,19.167998197261905,engine
Arcturus,25,213.91368860093115,19.167998165015977,engine
Arcturus,26,213.91368876082453,19.167998132972947,engine
Arcturus,27,213.9136889216265,19.167998101134067,engine
Arcturus,28,213.91368908333405,19.167998069500545,engine
Arcturus,29,213.91368924594445,19.167998038073595,engine
Arcturus,30,213.91368940945443,19.16799800685448,engine
Alphecca,-30,233.6781412155338,26.711374165499123,engine
Alphecca,-20,233.6781417270581,26.71137345241081,engine
Alphecca,-15,233.67814202730187,26.711373097196507,engine
Alphecca,-10,233.678142357122,26.71137274321521,engine
Alphecca,-5,233.67814271644232,26.71137239072591,engine
Alphecca,-2,233.67814294615758,26.71137218005606,engine
Alphecca,-1,233.67814302507838,26.71137210998245,engine
Alphecca,0,233.67814310517238,26.711372039987094,engine
Alphecca,1,233.67814318643866,26.71137197007206,engine
Alphecca,2,233.67814326887628,26.711371900239413,engine
Alphecca,3,233.67814335248426,26.711371830491196,engine
Alphecca,4,233.67814343726178,26.711371760829454,engine
Alphecca,5,233.67814352320784,26.71137169125626,engine
Alphecca,6,233.67814361032146,26.711371621773598,engine
Alphecca,7,233.67814369860147,26.711371552383625,engine
Alphecca,8,233.67814378804704,26.71137148308832,engine
Alphecca,9,233.678143878657,26.711371413889744,engine
Alphecca,10,233.67814397043023,26.711371344789935,engine
Alphecca,11,233.67814406336572,26.711371275790942,engine
Alphecca,12,233.6781441574623,26.71137120689478,engine
Alphecca,13,233.67814425271885,26.711371138103516,engine
Alphecca,14,233.67814434913413,26.711371069419148,engine
Alphecca,15,233.67814444670708,26.71137100084367,engine
Alphecca,16,233.67814454543623,26.711370932379292,engine
Alphecca,17,233.6781446453207,26.71137086402781,engine
Alphecca,18,233.67814474635895,26.711370795791424,engine
Alphecca,19,233.6781448485498,26.711370727672097,engine
Alphecca,20,233.67814495189194,26.711370659671843,engine
Alphecca,21,233.67814505638404,26.7113705917927,engine
Alphecca,22,233.67814516202478,26.711370524036663,engine
Alphecca,23,233.67814526881273,26.71137045640575,engine
Alphecca,24,233.6781453767465,26.711370388901994,engine
Alphecca,25,233.67814548582473,26.711370321527387,engine
Alphecca,26,233.6781455960459,26.71137025428394,engine
Alphecca,27,233.67814570740873,26.71137018717366,engine
Alphecca,28,233.67814581991158,26.711370120198552,engine
Alphecca,29,233.67814593355303,26.71137005336057,engine
Alphecca,30,233.67814604833148,26.711369986661794,engine
Vega,-30,279.2386657355206,38.78081584571459,engine
Vega,-20,279.23866445912233,38.780814938443974,engine
Vega,-15,279.23866385943757,38.78081446834198,engine
Vega,-10,279.2386632860739,38.78081398763145,engine
Vega,-5,279.23866273949903,38.780813496595535,engine
Vega,-2,279.23866242460264,38.78081319713759,engine
Vega,-1,279.23866232183343,38.78081309652617,engine
Vega,0,279.2386622201682,38.78081299552261,engine
Vega,1,279.2386621196104,38.780812894129255,engine
Vega,2,279.2386620201636,38.78081279234853,engine
Vega,3,279.2386619218312,38.780812690182735,engine
Vega,4,279.23866182461654,38.78081258763431,engine
Vega,5,279.2386617285232,38.780812484705606,engine
Vega,6,279.23866163355444,38.78081238139896,engine
Vega,7,279.23866153971375,38.78081227771692,engine
Vega,8,279.23866144700435,38.78081217366183,engine
Vega,9,279.23866135542966,38.7808120692361,engine
Vega,10,279.2386612649929,38.78081196444216,engine
Vega,11,279.2386611756974,38.78081185928243,engine
Vega,12,279.2386610875464,38.78081175375939,engine
Vega,13,279.2386610005431,38.78081164787541,engine
Vega,14,279.2386609146908,38.78081154163303,engine
Vega,15,279.2386608299925,38.78081143503457,engine
Vega,16,279.23866074645167,38.780811328082756,engine
Vega,17,279.2386606640712,38.78081122077973,engine
Vega,18,279.2386605828543,38.780811113128244,engine
Vega,19,279.2386605028042,38.78081100513069,engine
Vega,20,279.2386604239238,38.780810896789525,engine
Vega,21,279.23866034621625,38.7808107881073,engine
Vega,22,279.2386602696845,38.7808106790865,engine
Vega,23,279.23866019433166,38.78081056972964,engine
Vega,24,279.23866012016066,38.780810460039234,engine
Vega,25,279.2386600471745,38.78081035001782,engine
Vega,26,279.23865997537615,38.780810239667936,engine
Vega,27,279.23865990476844,38.78081012899207,engine
Vega,28,279.23865983535427,38.78081001799284,engine
Vega,29,279.2386597671366,38.78080990667267,engine
Vega,30,279.2386597001183,38.78080979503428,engine
Deneb Algedi,-30,326.75934968128666,-16.12975366013483,engine
Deneb Algedi,-20,326.75934774409757,-16.129753438616607,engine
Deneb Algedi,-15,326.75934677648644,-16.129753316850685,engine
Deneb Algedi,-10,326.7593458103378,-16.12975318775554,engine
Deneb Algedi,-5,326.7593448462555,-16.12975305134199,engine
Deneb Algedi,-2,326.75934426904917,-16.12975296598687,engine
Deneb Algedi,-1,326.7593440768831,-16.12975293695145,engine
Deneb Algedi,0,326.7593438848431,-16.129752907624418,engine
Deneb Algedi,1,326.75934369293395,-16.129752878005938,engine
Deneb Algedi,2,326.7593435011605,-16.12975284809615,engine
Deneb Algedi,3,326.75934330952754,-16.129752817895234,engine
Deneb Algedi,4,326.7593431180399,-16.129752787403344,engine
Deneb Algedi,5,326.75934292670235,-16.12975275662068,engine
Deneb Algedi,6,326.7593427355195,-16.129752725547377,engine
Deneb Algedi,7,326.7593425444965,-16.12975269418369,engine
Deneb Algedi,8,326.759342353638,-16.12975266252977,engine
Deneb Algedi,9,326.7593421629487,-16.129752630585823,engine
Deneb Algedi,10,326.75934197243345,-16.129752598352066,engine
Deneb Algedi,11,326.75934178209707,-16.129752565828692,engine
Deneb Algedi,12,326.7593415919443,-16.129752533015907,engine
Deneb Algedi,13,326.7593414019799,-16.129752499913955,engine
Deneb Algedi,14,326.7593412122086,-16.129752466523055,engine
Deneb Algedi,15,326.7593410226351,-16.12975243284343,engine
Deneb Algedi,16,326.75934083326456,-16.129752398875347,engine
Deneb Algedi,17,326.75934064410126,-16.129752364618987,engine
Deneb Algedi,18,326.75934045515027,-16.12975233007466,engine
Deneb Algedi,19,326.7593402664162,-16.129752295242582,engine
Deneb Algedi,20,326.7593400779038,-16.129752260123045,engine
Deneb Algedi,21,326.75933988961793,-16.12975222471628,engine
Deneb Algedi,22,326.7593397015632,-16.129752189022586,engine
Deneb Algedi,23,326.7593395137444,-16.129752153042222,engine
Deneb Algedi,24,326.75933932616624,-16.129752116775467,engine
Deneb Algedi,25,326.7593391388334,-16.129752080222627,engine
Deneb Algedi,26,326.75933895175075,-16.12975204338397,engine
Deneb Algedi,27,326.7593387649229,-16.129752006259803,engine
Deneb Algedi,28,326.7593385783545,-16.129751968850442,engine
Deneb Algedi,29,326.75933839205027,-16.129751931156157,engine
Deneb Algedi,30,326.75933820601506,-16.12975189317731,engine
Rigel,-30,78.6310402592645,-8.204192815550535,engine
Rigel,-20,78.63104062568563,-8.204192954498447,engine
Rigel,-15,78.63104077118163,-8.204193026028515,engine
Rigel,-10,78.63104089126915,-8.204193098826066,engine
Rigel,-5,78.63104098576437,-8.204193172812918,engine
Rigel,-2,78.63104103010528,-8.204193217743132,engine
Rigel,-1,78.63104104281832,-8.204193232805757,engine
Rigel,0,78.63104105449564,-8.204193247910267,engine
Rigel,1,78.63104106513599,-8.204193263056029,engine
Rigel,2,78.63104107473815,-8.204193278242398,engine
Rigel,3,78.63104108330093,-8.204193293468748,engine
Rigel,4,78.63104109082317,-8.20419330873443,engine
Rigel,5,78.63104109730371,-8.204193324038808,engine
Rigel,6,78.63104110274138,-8.204193339381257,engine
Rigel,7,78.6310411071351,-8.204193354761108,engine
Rigel,8,78.63104111048378,-8.204193370177734,engine
Rigel,9,78.6310411127863,-8.204193385630498,engine
Rigel,10,78.63104111404168,-8.204193401118744,engine
Rigel,11,78.63104111424882,-8.20419341664184,engine
Rigel,12,78.63104111340672,-8.204193432199137,engine
Rigel,13,78.63104111151439,-8.20419344778999,engine
Rigel,14,78.63104110857087,-8.204193463413752,engine
Rigel,15,78.63104110457523,-8.2041934790698,engine
Rigel,16,78.63104109952644,-8.204193494757439,engine
Rigel,17,78.63104109342366,-8.204193510476069,engine
Rigel,18,78.63104108626597,-8.204193526225007,engine
Rigel,19,78.63104107805252,-8.204193542003619,engine
Rigel,20,78.63104106878242,-8.204193557811259,engine
Rigel,21,78.63104105845487,-8.204193573647274,engine
Rigel,22,78.63104104706905,-8.204193589511009,engine
Rigel,23,78.63104103462415,-8.204193605401821,engine
Rigel,24,78.6310410211194,-8.204193621319053,engine
Rigel,25,78.63104100655409,-8.20419363726206,engine
Rigel,26,78.63104099092742,-8.204193653230185,engine
Rigel,27,78.63104097423873,-8.204193669222771,engine
Rigel,28,78.6310409564873,-8.204193685239172,engine
Rigel,29,78.63104093767247,-8.204193701278742,engine
Rigel,30,78.6310409177936,-8.2041937173408,engine
Betelgeuse,-30,88.7904457188014,7.405729553412708,engine
Betelgeuse,-20,88.79044641038327,7.405729908862557,engine
Betelgeuse,-15,88.79044672160572,7.405730089144832,engine
Betelgeuse,-10,88.79044700939195,7.405730271044514,engine
Betelgeuse,-5,88.79044727346316,7.40573045449507,engine
Betelgeuse,-2,88.79044742041084,7.405730565281829,engine
Betelgeuse,-1,88.79044746746506,7.405730602326904,engine
Betelgeuse,0,88.79044751355171,7.405730639429149,engine
Betelgeuse,1,88.79044755866876,7.4057306765880195,engine
Betelgeuse,2,88.79044760281424,7.40573071380296,engine
Betelgeuse,3,88.79044764598618,7.4057307510734285,engine
Betelgeuse,4,88.7904476881826,7.40573078839888,engine
Betelgeuse,5,88.79044772940156,7.405730825778753,engine
Betelgeuse,6,88.7904477696412,7.405730863212528,engine
Betelgeuse,7,88.79044780889957,7.405730900699597,engine
Betelgeuse,8,88.79044784717478,7.405730938239439,engine
Betelgeuse,9,88.79044788446497,7.405730975831496,engine
Betelgeuse,10,88.79044792076833,7.405731013475207,engine
Betelgeuse,11,88.790447956083,7.405731051170025,engine
Betelgeuse,12,88.7904479904072,7.405731088915381,engine
Betelgeuse,13,88.79044802373915,7.405731126710725,engine
Betelgeuse,14,88.79044805607705,7.405731164555495,engine
Betelgeuse,15,88.79044808741924,7.405731202449151,engine
Betelgeuse,16,88.79044811776383,7.405731240391063,engine
Betelgeuse,17,88.79044814710925,7.405731278380765,engine
Betelgeuse,18,88.79044817545373,7.405731316417626,engine
Betelgeuse,19,88.79044820279564,7.405731354501097,engine
Betelgeuse,20,88.7904482291333,7.405731392630615,engine
Betelgeuse,21,88.7904482544651,7.405731430805615,engine
Betelgeuse,22,88.79044827878943,7.405731469025534,engine
Betelgeuse,23,88.79044830210465,7.4057315072898,engine
Betelgeuse,24,88.79044832440925,7.405731545597843,engine
Betelgeuse,25,88.79044834570163,7.405731583949102,engine
Betelgeuse,26,88.79044836598025,7.405731622342995,engine
Betelgeuse,27,88.79044838524364,7.405731660778959,engine
Betelgeuse,28,88.79044840349023,7.405731699256418,engine
Betelgeuse,29,88.7904484207186,7.405731737774832,engine
Betelgeuse,30,88.79044843692729,7.4057317763335675,engine
Polaris,-30,37.57141198004401,89.26480171471314,engine
Polaris,-20,37.57133793372583,89.26480335894382,engine
Polaris,-15,37.57129800191101,89.26480416707061,engine
Polaris,-10,37.57125615290791,89.26480496514888,engine
Polaris,-5,37.57121240428649,89.26480575264277,engine
Polaris,-2,37.571185250957896,89.26480621983735,engine
Polaris,-1,37.57117605006877,89.26480637465994,engine
Polaris,0,37.57116677454966,89.26480652902104,engine
Polaris,1,37.57115742455854,89.26480668291647,engine
Polaris,2,37.571148000254844,89.26480683634207,engine
Polaris,3,37.57113850179945,89.26480698929363,engine
Polaris,4,37.57112892935466,89.26480714176704,engine
Polaris,5,37.57111928308412,89.26480729375811,engine
Polaris,6,37.57110956314647,89.2648074452628,engine
Polaris,7,37.571099769721215,89.2648075962768,engine
Polaris,8,37.571089902969845,89.26480774679607,engine
Polaris,9,37.571079963061656,89.26480789681648,engine
Polaris,10,37.57106995016746,89.26480804633395,engine
Polaris,11,37.57105986445933,89.26480819534436,engine
Polaris,12,37.571049706110855,89.26480834384365,engine
Polaris,13,37.57103947529691,89.26480849182775,engine
Polaris,14,37.57102917219388,89.26480863929255,engine
Polaris,15,37.57101879697314,89.26480878623417,engine
Polaris,16,37.57100834983334,89.26480893264818,engine
Polaris,17,37.57099783092763,89.26480907853097,engine
Polaris,18,37.57098724045892,89.26480922387823,engine
Polaris,19,37.5709765786034,89.26480936868603,engine
Polaris,20,37.57096584554567,89.26480951295036,engine
Polaris,21,37.57095504147164,89.26480965666725,engine
Polaris,22,37.57094416656865,89.26480979983272,engine
Polaris,23,37.57093322102534,89.26480994244274,engine
Polaris,24,37.57092220503175,89.2648100844934,engine
Polaris,25,37.57091111877921,89.26481022598074,engine
Polaris,26,37.57089996246048,89.26481036690079,engine
Polaris,27,37.57088873626958,89.26481050724965,engine
Polaris,28,37.57087744040192,89.26481064702338,engine
Polaris,29,37.57086607504663,89.26481078621819,engine
Polaris,30,37.57085464041693,89.26481092482997,engine
Castor,-30,113.64747515306388,31.88844678950979,engine
Castor,-20,113.64747676083493,31.888447593510516,engine
Castor,-15,113.64747753815229,31.888448012814145,engine
Castor,-10,113.64747829701093,31.88844844341641,engine
Castor,-5,113.64747903686221,31.888448885133048,engine
Castor,-2,113.64747947142442,31.888449155419185,engine
Castor,-1,113.64747961469476,31.888449246381338,engine
Castor,0,113.6474797571662,31.888449337774283,engine
Castor,1,113.64747989883448,31.88844942959641,engine
Castor,2,113.64748003969542,31.88844952184617,engine
Castor,3,113.64748017974485,31.888449614521956,engine
Castor,4,113.64748031897862,31.888449707622172,engine
Castor,5,113.64748045739253,31.888449801145214,engine
Castor,6,113.64748059498258,31.888449895089504,engine
Castor,7,113.64748073174445,31.888449989453317,engine
Castor,8,113.64748086767412,31.888450084235068,engine
Castor,9,113.64748100276753,31.888450179433146,engine
Castor,10,113.64748113702056,31.888450275045855,engine
Castor,11,113.64748127042921,31.888450371071567,engine
Castor,12,113.64748140298941,31.88845046750863,engine
Castor,13,113.64748153469712,31.888450564355317,engine
Castor,14,113.64748166554837,31.88845066161002,engine
Castor,15,113.6474817955393,31.888450759271056,engine
Castor,16,113.64748192466556,31.888450857336565,engine
Castor,17,113.64748205292359,31.888450955805112,engine
Castor,18,113.6474821803092,31.88845105467476,engine
Castor,19,113.64748230681855,31.88845115394388,engine
Castor,20,113.6474824324477,31.88845125361072,engine
Castor,21,113.64748255719282,31.888451353673585,engine
Castor,22,113.64748268105001,31.888451454130674,engine
Castor,23,113.64748280401538,31.888451554980282,engine
Castor,24,113.64748292608515,31.888451656220663,engine
Castor,25,113.64748304725545,31.888451757850007,engine
Castor,26,113.64748316752248,31.88845185986658,engine
Castor,27,113.64748328688249,31.888451962268576,engine
Castor,28,113.64748340533167,31.88845206505424,engine
Castor,29,113.64748352286635,31.88845216822182,engine
Castor,30,113.64748363948267,31.888452271769385,engine
Altair,-30,297.6993714622091,8.867926686301404,engine
Altair,-20,297.69936999210034,8.86792663050986,engine
Altair,-15,297.6993692774691,8.867926597252053,engine
Altair,-10,297.69936857712526,8.867926560480514,engine
Altair,-5,297.69936789156384,8.867926520243076,engine
Altair,-2,297.6993674875261,8.867926494457505,engine
Altair,-1,297.6993673540866,8.867926485590889,engine
Altair,0,297.69936722127335,8.867926476589238,engine
Altair,1,297.69936708909023,8.867926467452973,engine
Altair,2,297.699366957541,8.86792645818251,engine
Altair,3,297.69936682662944,8.867926448778267,engine
Altair,4,297.69936669635945,8.867926439240668,engine
Altair,5,297.6993665667346,8.867926429570131,engine
Altair,6,297.69936643775884,8.867926419767088,engine
Altair,7,297.69936630943585,8.86792640983197,engine
Altair,8,297.6993661817694,8.86792639976521,engine
Altair,9,297.69936605476323,8.867926389567241,engine
Altair,10,297.69936592842095,8.8679263792385,engine
Altair,11,297.6993658027464,8.867926368779429,engine
Altair,12,297.6993656777431,8.867926358190465,engine
Altair,13,297.69936555341496,8.867926347472057,engine
Altair,14,297.6993654297654,8.867926336624654,engine
Altair,15,297.69936530679803,8.867926325648682,engine
Altair,16,297.69936518451686,8.867926314544636,engine
Altair,17,297.69936506292515,8.867926303312936,engine
Altair,18,297.6993649420267,8.86792629195406,engine
Altair,19,297.699364821825,8.867926280468462,engine
Altair,20,297.6993647023237,8.867926268856598,engine
Altair,21,297.69936458352635,8.867926257118935,engine
Altair,22,297.6993644654365,8.867926245255944,engine
Altair,23,297.6993643480576,8.867926233268085,engine
Altair,24,297.69936423139336,8.867926221155837,engine
Altair,25,297.69936411544717,8.867926208919675,engine
Altair,26,297.69936400022254,8.86792619656007,engine
Altair,27,297.6993638857231,8.867926184077502,engine
Altair,28,297.69936377195205,8.867926171472455,engine
Altair,29,297.699363658913,8.867926158745405,engine
Altair,30,297.69936354660945,8.867926145896849,engine
Bellatrix,-30,81.27947875051174,6.34808850393872,engine
Bellatrix,-20,81.27947920187536,6.3480888353559175,engine
Bellatrix,-15,81.27947939068754,6.348089002734316,engine
Bellatrix,-10,81.27947955462199,6.348089171145773,engine
Bellatrix,-5,81.27947969347018,6.348089340529622,engine
Bellatrix,-2,81.27947976465536,6.3480894426012275,engine
Bellatrix,-1,81.27947978635406,6.348089476695695,engine
Bellatrix,0,81.27947980703546,6.348089510824646,engine
Bellatrix,1,81.27947982669811,6.34808954498758,engine
Bellatrix,2,81.27947984534063,6.348089579184006,engine
Bellatrix,3,81.2794798629616,6.348089613413426,engine
Bellatrix,4,81.27947987955962,6.348089647675342,engine
Bellatrix,5,81.27947989513338,6.348089681969261,engine
Bellatrix,6,81.27947990968151,6.348089716294709,engine
Bellatrix,7,81.27947992320269,6.348089750651137,engine
Bellatrix,8,81.27947993569562,6.348089785038075,engine
Bellatrix,9,81.27947994715903,6.348089819455024,engine
Bellatrix,10,81.27947995759165,6.348089853901481,engine
Bellatrix,11,81.27947996699226,6.348089888376946,engine
Bellatrix,12,81.2794799753596,6.34808992288092,engine
Bellatrix,13,81.27947998269252,6.348089957412901,engine
Bellatrix,14,81.27947998898979,6.348089991972384,engine
Bellatrix,15,81.27947999425031,6.348090026558889,engine
Bellatrix,16,81.27947999847287,6.348090061171856,engine
Bellatrix,17,81.27948000165635,6.348090095810862,engine
Bellatrix,18,81.27948000379969,6.348090130475338,engine
Bellatrix,19,81.2794800049018,6.348090165164803,engine
Bellatrix,20,81.2794800049616,6.34809019987875,engine
Bellatrix,21,81.27948000397807,6.348090234616676,engine
Bellatrix,22,81.27948000195015,6.348090269378074,engine
Bellatrix,23,81.27947999887688,6.348090304162433,engine
Bellatrix,24,81.27947999475727,6.348090338969261,engine
Bellatrix,25,81.27947998959033,6.348090373798034,engine
Bellatrix,26,81.27947998337515,6.348090408648252,engine
Bellatrix,27,81.27947997611079,6.34809044351941,engine
Bellatrix,28,81.27947996779635,6.348090478410992,engine
Bellatrix,29,81.27947995843095,6.348090513322522,engine
Bellatrix,30,81.27947994801374,6.348090548253435,engine
