body,minute,ra,dec,source
Aldebaran,-30,68.9772525388976,16.50721114820275,engine
Aldebaran,-20,68.97725302915353,16.50721171375007,engine
Aldebaran,-15,68.97725323779223,16.50721200104989,engine
Aldebaran,-10,68.97725342178708,16.507212291171463,engine
Aldebaran,-5,68.97725358091468,16.507212583966446,engine
Aldebaran,-2,68.9772536643664,16.507212760864405,engine
Aldebaran,-1,68.9772536901697,16.50721282002667,engine
Aldebaran,0,68.97725371496338,16.507212879285053,engine
Aldebaran,1,68.9772537387459,16.50721293863835,engine
Aldebaran,2,68.9772537615157,16.50721299808535,engine
Aldebaran,3,68.97725378327125,16.50721305762484,engine
Aldebaran,4,68.97725380401108,16.5072131172556,engine
Aldebaran,5,68.9772538237337,16.5072131769764,engine
Aldebaran,6,68.97725384243763,16.50721323678607,engine
Aldebaran,7,68.97725386012148,16.507213296683318,engine
Aldebaran,8,68.97725387678376,16.50721335666696,engine
Aldebaran,9,68.97725389242311,16.50721341673575,engine
Aldebaran,10,68.97725390703815,16.507213476888484,engine
Aldebaran,11,68.97725392062748,16.50721353712392,engine
Aldebaran,12,68.9772539331898,16.507213597440835,engine
Aldebaran,13,68.97725394472376,16.50721365783799,engine
Aldebaran,14,68.97725395522806,16.507213718314166,engine
Aldebaran,15,68.97725396470142,16.507213778868113,engine
Aldebaran,16,68.97725397314257,16.507213839498604,engine
Aldebaran,17,68.9772539805503,16.507213900204448,engine
Aldebaran,18,68.97725398692332,16.507213960984313,engine
Aldebaran,19,68.97725399226049,16.507214021837004,engine
Aldebaran,20,68.97725399656056,16.507214082761283,engine
Aldebaran,21,68.97725399982242,16.507214143755903,engine
Aldebaran,22,68.97725400204492,16.50721420481962,engine
Aldebaran,23,68.97725400322689,16.50721426595119,engine
Aldebaran,24,68.97725400336726,16.50721432714936,engine
Aldebaran,25,68.97725400246495,16.507214388412887,engine
Aldebaran,26,68.97725400051887,16.50721444974053,engine
Aldebaran,27,68.97725399752798,16.50721451113102,engine
Aldebaran,28,68.97725399349127,16.507214572583123,engine
Aldebaran,29,68.97725398840771,16.507214634095625,engine
Aldebaran,30,68.97725398227635,16.507214695667177,engine
Antares,-30,247.3555117972635,-26.432300226132657,engine
Antares,-20,247.3555113286189,-26.432299383075957,engine
Antares,-15,247.35551113385674,-26.432298954872746,engine
Antares,-10,247.3555109657863,-26.432298522529198,engine
Antares,-5,247.3555108246302,-26.43229808627979,engine
Antares,-2,247.35551075294333,-26.4322978227537,engine
Antares,-1,247.3555107312252,-26.432297734626992,engine
Antares,0,247.35551071059834,-26.432297646361118,engine
Antares,1,247.35551069106444,-26.432297557958,engine
Antares,2,247.35551067262492,-26.432297469419556,engine
Antares,3,247.35551065528128,-26.432297380747684,engine
Antares,4,247.35551063903506,-26.43229729194432,engine
Antares,5,247.35551062388757,-26.43229720301138,engine
Antares,6,247.35551060984037,-26.432297113950728,engine
Antares,7,247.35551059689473,-26.4322970247644,engine
Antares,8,247.35551058505217,-26.43229693545428,engine
Antares,9,247.35551057431402,-26.432296846022293,engine
Antares,10,247.35551056468162,-26.432296756470375,engine
Antares,11,247.35551055615625,-26.432296666800458,engine
Antares,12,247.3555105487392,-26.43229657701448,engine
Antares,13,247.35551054243183,-26.43229648711439,engine
Antares,14,247.35551053723538,-26.432296397102128,engine
Antares,15,247.35551053315103,-26.43229630697963,engine
Antares,16,247.35551053018008,-26.432296216748846,engine
Antares,17,247.35551052832366,-26.432296126411682,engine
Antares,18,247.3555105275829,-26.43229603597017,engine
Antares,19,247.3555105279591,-26.432295945426247,engine
Antares,20,247.35551052945328,-26.43229585478184,engine
Antares,21,247.35551053206655,-26.432295764038923,engine
Antares,22,247.35551053580005,-26.432295673199434,engine
Antares,23,247.3555105406548,-26.432295582265354,engine
Antares,24,247.35551054663185,-26.432295491238637,engine
Antares,25,247.35551055373227,-26.43229540012124,engine
Antares,26,247.35551056195698,-26.432295308915144,engine
Antares,27,247.3555105713071,-26.4322952176223,engine
Antares,28,247.3555105817834,-26.432295126244696,engine
Antares,29,247.35551059338695,-26.43229503478422,engine
Antares,30,247.35551060611866,-26.432294943242994,engine
Ceres,-30,73.30438544860954,24.735343205070986,engine
Ceres,-20,73.30700791374387,24.73582186336255,engine
Ceres,-15,73.30831897104188,24.736061057238885,engine
Ceres,-10,73.30962991741335,24.736300159271607,engine
Ceres,-5,73.31094075784188,24.736539168336808,engine
Ceres,-2,73.31172721316429,24.736682528684717,engine
Ceres,-1,73.3119893569583,24.736730307880475,engine
Ceres,0,73.31225149694986,24.736778083305516,engine
Ceres,1,73.31251363299378,24.73682585489571,engine
Ceres,2,73.3127757652213,24.736873622670434,engine
Ceres,3,73.31303789376372,24.736921386649087,engine
Ceres,4,73.31330001847617,24.736969146767766,engine
Ceres,5,73.31356213958223,24.737016903073805,engine
Ceres,6,73.31382425711307,24.73706465553543,engine
Ceres,7,73.31408637094083,24.737112404136134,engine
Ceres,8,73.31434848109689,24.737160148844215,engine
Ceres,9,73.31461058780515,24.737207889707314,engine
Ceres,10,73.31487269092136,24.73725562666191,engine
Ceres,11,73.31513479057753,24.737303359727953,engine
Ceres,12,73.31539688690584,24.737351088925458,engine
Ceres,13,73.3156589797623,24.737398814191085,engine
Ceres,14,73.31592106937126,24.737446535572808,engine
Ceres,15,73.3161831555889,24.73749425300739,engine
Ceres,16,73.31644523854774,24.737541966515156,engine
Ceres,17,73.31670731855607,24.73758967614846,engine
Ceres,18,73.31696939511886,24.73763738178029,engine
Ceres,19,73.3172314685446,24.73768508346314,engine
Ceres,20,73.31749353896612,24.737732781217563,engine
Ceres,21,73.3177556062401,24.737780474980774,engine
Ceres,22,73.3180176705916,24.73782816480128,engine
Ceres,23,73.31827973187751,24.737875850616405,engine
Ceres,24,73.31854179023097,24.737923532446967,engine
Ceres,25,73.31880384578521,24.737971210313916,engine
Ceres,26,73.31906589839734,24.738018884154748,engine
Ceres,27,73.31932794820075,24.738066553990528,engine
Ceres,28,73.31958999532894,24.738114219842362,engine
Ceres,29,73.31985203981493,24.738161881679936,engine
Ceres,30,73.3201140814409,24.7382095394606,engine
Chiron,-30,10.553277309169218,6.661818801679689,engine
Chiron,-20,10.553652518909912,6.661971768484438,engine
Chiron,-15,10.553840120222196,6.662048244117458,engine
Chiron,-10,10.554027720417102,6.66212471455387,engine
Chiron,-5,10.554215320510414,6.662201179814464,engine
Chiron,-2,10.554327880893622,6.662247056476876,engine
Chiron,-1,10.554365401123103,6.662262348282777,engine
Chiron,0,10.554402921416983,6.662277639881491,engine
Chiron,1,10.55444044178299,6.662292931273083,engine
Chiron,2,10.554477962228816,6.662308222457595,engine
Chiron,3,10.554515482766234,6.662323513436273,engine
Chiron,4,10.55455300339485,6.662338804206811,engine
Chiron,5,10.554590524126402,6.662354094770452,engine
Chiron,6,10.554628044993764,6.662369385137524,engine
Chiron,7,10.554665565954314,6.662384675287598,engine
Chiron,8,10.554703087044953,6.662399965232185,engine
Chiron,9,10.554740608265272,6.662415254968996,engine
Chiron,10,10.554778129627023,6.662430544499302,engine
Chiron,11,10.554815651137877,6.662445833823193,engine
Chiron,12,10.554853172805526,6.662461122940765,engine
Chiron,13,10.554890694637649,6.662476411852113,engine
Chiron,14,10.554928216641912,6.662491700557332,engine
Chiron,15,10.554965738830056,6.662506989057728,engine
Chiron,16,10.555003261201625,6.662522277351025,engine
Chiron,17,10.555040783793515,6.66253756544878,engine
Chiron,18,10.555078306563045,6.662552853330601,engine
Chiron,19,10.555115829543043,6.662568141006864,engine
Chiron,20,10.555153352741156,6.662583428477699,engine
Chiron,21,10.555190876165028,6.662598715743227,engine
Chiron,22,10.555228399826353,6.662614002804768,engine
Chiron,23,10.555265923724656,6.662629289660088,engine
Chiron,24,10.555303447871632,6.662644576310517,engine
Chiron,25,10.555340972274896,6.662659862756193,engine
Chiron,26,10.55537849694207,6.662675148997269,engine
Chiron,27,10.555416021880774,6.6626904350338965,engine
Chiron,28,10.555453547098605,6.662705720866228,engine
Chiron,29,10.555491072628337,6.66272100650468,engine
Chiron,30,10.555528598427236,6.66273629192891,engine
Eris,-30,26.265195876479094,-1.1202146864974207,tno-rate
Eris,-20,26.265261019895718,-1.120182418040784,tno-rate
Eris,-15,26.265293591604028,-1.1201662838124657,tno-rate
Eris,-10,26.265326163312338,-1.1201501495841475,tno-rate
Eris,-5,26.26535873502065,-1.1201340153558292,tno-rate
Eris,-2,26.265378278045638,-1.1201243348188383,tno-rate
Eris,-1,26.265384792387298,-1.1201211079731745,tno-rate
Eris,0,26.26539130672896,-1.120117881127511,tno-rate
Eris,1,26.265397821070625,-1.1201146542818474,tno-rate
Eris,2,26.265404335412285,-1.1201114274361836,tno-rate
Eris,3,26.26541084975395,-1.12010820059052,tno-rate
Eris,4,26.26541736409561,-1.1201049737448563,tno-rate
Eris,5,26.26542387843727,-1.1201017468991927,tno-rate
Eris,6,26.265430392778935,-1.120098520053529,tno-rate
Eris,7,26.2654369071206,-1.1200952932078654,tno-rate
Eris,8,26.26544342146226,-1.1200920663622018,tno-rate
Eris,9,26.26544993580392,-1.120088839516538,tno-rate
Eris,10,26.265456450145585,-1.1200856126708745,tno-rate
Eris,11,26.265462964487245,-1.1200823858252107,tno-rate
Eris,12,26.26546947882891,-1.1200791589795471,tno-rate
Eris,13,26.265475993170572,-1.1200759321338836,tno-rate
Eris,14,26.265482507512232,-1.1200727052882198,tno-rate
Eris,15,26.265489021853895,-1.1200694784425562,tno-rate
Eris,16,26.26549553619556,-1.1200662515968924,tno-rate
Eris,17,26.26550205053722,-1.1200630247512289,tno-rate
Eris,18,26.265508564878882,-1.120059797905565,tno-rate
Eris,19,26.265515079220545,-1.1200565710599015,tno-rate
Eris,20,26.265521593562205,-1.120053344214238,tno-rate
Eris,21,26.26552810790387,-1.1200501173685742,tno-rate
Eris,22,26.265534622245532,-1.1200468905229106,tno-rate
Eris,23,26.265541136587196,-1.1200436636772468,tno-rate
Eris,24,26.265547650928855,-1.1200404368315833,tno-rate
Eris,25,26.26555416527052,-1.1200372099859195,tno-rate
Eris,26,26.265560679612182,-1.120033983140256,tno-rate
Eris,27,26.265567193953842,-1.1200307562945924,tno-rate
Eris,28,26.265573708295506,-1.1200275294489286,tno-rate
Eris,29,26.26558022263717,-1.120024302603265,tno-rate
Eris,30,26.26558673697883,-1.1200210757576012,tno-rate
Fomalhaut,-30,344.40998025816486,-29.62376886377844,engine
Fomalhaut,-20,344.4099783483158,-29.623769103752807,engine
Fomalhaut,-15,344.40997737115947,-29.623769207318695,engine
Fomalhaut,-10,344.40997637993297,-29.62376929975619,engine
Fomalhaut,-5,344.40997537520775,-29.62376938093628,engine
Fomalhaut,-2,344.4099747661335,-29.62376942418911,engine
Fomalhaut,-1,344.4099745620968,-29.623769437691752,engine
Fomalhaut,0,344.40997435756196,-29.623769450735328,engine
Fomalhaut,1,344.4099741525337,-29.623769463318926,engine
Fomalhaut,2,344.40997394701657,-29.623769475441605,engine
Fomalhaut,3,344.40997374101545,-29.62376948710247,engine
Fomalhaut,4,344.40997353453497,-29.623769498300625,engine
Fomalhaut,5,344.40997332757996,-29.623769509035178,engine
Fomalhaut,6,344.40997312015486,-29.623769519305238,engine
Fomalhaut,7,344.4099729122648,-29.623769529109914,engine
Fomalhaut,8,344.4099727039144,-29.62376953844838,engine
Fomalhaut,9,344.40997249510843,-29.623769547319743,engine
Fomalhaut,10,344.4099722858516,-29.623769555723168,engine
Fomalhaut,11,344.4099720761488,-29.623769563657813,engine
Fomalhaut,12,344.4099718660047,-29.623769571122846,engine
Fomalhaut,13,344.4099716554242,-29.62376957811746,engine
Fomalhaut,14,344.40997144441207,-29.623769584640822,engine
Fomalhaut,15,344.40997123297313,-29.623769590692152,engine
Fomalhaut,16,344.40997102111226,-29.623769596270627,engine
Fomalhaut,17,344.40997080883403,-29.623769601375496,engine
Fomalhaut,18,344.40997059614364,-29.623769606005958,engine
Fomalhaut,19,344.4099703830458,-29.623769610161254,engine
Fomalhaut,20,344.4099701695454,-29.623769613840622,engine
Fomalhaut,21,344.4099699556472,-29.62376961704334,engine
Fomalhaut,22,344.40996974135624,-29.62376961976863,engine
Fomalhaut,23,344.40996952667723,-29.623769622015775,engine
Fomalhaut,24,344.40996931161516,-29.62376962378405,engine
Fomalhaut,25,344.40996909617485,-29.62376962507277,engine
Fomalhaut,26,344.4099688803613,-29.6237696258812,engine
Fomalhaut,27,344.4099686641793,-29.623769626208656,engine
Fomalhaut,28,344.4099684476339,-29.62376962605446,engine
Fomalhaut,29,344.40996823072976,-29.623769625417932,engine
Fomalhaut,30,344.4099680134722,-29.623769624298394,engine
Juno,-30,324.37077077780685,-6.303575171534679,engine
Juno,-20,324.37321574703697,-6.302779849898687,engine
Juno,-15,324.37443852590724,-6.302382175042325,engine
Juno,-10,324.37566150265985,-6.3019844915474685,engine
Juno,-5,324.3768846787551,-6.3015867998217345,engine
Juno,-2,324.3776186803537,-6.301348181107782,engine
Juno,-1,324.377863363644,-6.3012686409381695,engine
Juno,0,324.37810805497907,-6.301189100477961,engine
Juno,1,324.37835275436663,-6.301109559731232,engine
Juno,2,324.3785974618143,-6.301030018702053,engine
Juno,3,324.3788421772454,-6.300950477405098,engine
Juno,4,324.37908690083543,-6.300870935823269,engine
Juno,5,324.3793316325073,-6.300791393971246,engine
Juno,6,324.37957637243215,-6.300711851799784,engine
Juno,7,324.37982112020444,-6.300632309430236,engine
Juno,8,324.380065876163,-6.300552766792171,engine
Juno,9,324.38031064023016,-6.300473223900284,engine
Juno,10,324.38055541241226,-6.300393680758678,engine
Juno,11,324.3808001927154,-6.300314137371455,engine
Juno,12,324.3810449810615,-6.300234593753312,engine
Juno,13,324.3812897776244,-6.300155049887169,engine
Juno,14,324.38153458232557,-6.300075505787729,engine
Juno,15,324.38177939517055,-6.299995961459109,engine
Juno,16,324.38202421608054,-6.299916416916011,engine
Juno,17,324.382269045393,-6.2998368720880284,engine
Juno,18,324.3825138827003,-6.299757327096542,engine
Juno,19,324.38275872817155,-6.299677781892349,engine
Juno,20,324.38300358172717,-6.299598236490156,engine
Juno,21,324.38324844353986,-6.299518690872897,engine
Juno,22,324.3834933135297,-6.299439145055289,engine
Juno,23,324.3837381917008,-6.299359599041466,engine
Juno,24,324.3839830780572,-6.299280052835551,engine
Juno,25,324.3842279725185,-6.299200506452273,engine
Juno,26,324.38447287525645,-6.299120959874567,engine
Juno,27,324.3847177861904,-6.299041413117164,engine
Juno,28,324.38496270532374,-6.298961866184197,engine
Juno,29,324.38520763282366,-6.298882319026459,engine
Juno,30,324.3854525682805,-6.298802771765367,engine
Jupiter,-30,353.323068611999,-3.993584541031251,engine
Jupiter,-20,353.3245419416994,-3.992961208485944,engine
Jupiter,-15,353.3252787105376,-3.9926495373618534,engine
Jupiter,-10,353.3260155512904,-3.9923378632348836,engine
Jupiter,-5,353.32675246624757,-3.992026186115327,engine
Jupiter,-2,353.3271946515259,-3.99183917851895,engine
Jupiter,-1,353.3273420527767,-3.9917768424332065,engine
Jupiter,0,353.3274894571325,-3.9917145062390276,engine
Jupiter,1,353.3276368646087,-3.9916521699374354,engine
Jupiter,2,353.32778427522055,-3.991589833529476,engine
Jupiter,3,353.3279316889836,-3.9915274970161674,engine
Jupiter,4,353.32807910591293,-3.9914651603985547,engine
Jupiter,5,353.32822652602374,-3.9914028236776957,engine
Jupiter,6,353.3283739494301,-3.9913404868128293,engine
Jupiter,7,353.3285213759492,-3.991278149888615,engine
Jupiter,8,353.3286688056949,-3.991215812864303,engine
Jupiter,9,353.32881623868224,-3.9911534757409735,engine
Jupiter,10,353.32896367492594,-3.9910911385196712,engine
Jupiter,11,353.3291111144409,-3.9910288012014936,engine
Jupiter,12,353.3292585572416,-3.990966463787494,engine
Jupiter,13,353.3294060033429,-3.9909041262787595,engine
Jupiter,14,353.3295534527592,-3.9908417886763754,engine
Jupiter,15,353.32970090550515,-3.990779450981438,engine
Jupiter,16,353.3298483615951,-3.9907171131950236,engine
Jupiter,17,353.3299958211423,-3.990654775276446,engine
Jupiter,18,353.3301432839632,-3.990592437310395,engine
Jupiter,19,353.330290750171,-3.9905300992561785,engine
Jupiter,20,353.33043821977986,-3.9904677611149135,engine
Jupiter,21,353.33058569280377,-3.990405422887701,engine
Jupiter,22,353.3307331692568,-3.9903430845756582,engine
Jupiter,23,353.33088064915285,-3.990280746179912,engine
Jupiter,24,353.33102813250576,-3.9902184077015876,engine
Jupiter,25,353.33117561932943,-3.990156069141814,engine
Jupiter,26,353.3313231096374,-3.9900937305017217,engine
Jupiter,27,353.33147060344345,-3.990031391782454,engine
Jupiter,28,353.3316181007611,-3.9899690529851553,engine
Jupiter,29,353.3317656017028,-3.9899067140691473,engine
Jupiter,30,353.331913106084,-3.9898443751192048,engine
Ketu,-30,230.24908432046203,-18.432187747727042,engine
Ketu,-20,230.2492920325205,-18.432239567351736,engine
Ketu,-15,230.2493959412005,-18.43226549020337,engine
Ketu,-10,230.24949988427778,-18.43229142157232,engine
Ketu,-5,230.24960386130834,-18.43231736134776,engine
Ketu,-2,230.24966626359438,-18.43233292919075,engine
Ketu,-1,230.2496870670118,-18.432338119129078,engine
Ketu,0,230.24970787173632,-18.432343309390934,engine
Ketu,1,230.2497286777921,-18.432348499982336,engine
Ketu,2,230.24974948516072,-18.432353690898697,engine
Ketu,3,230.24977029383845,-18.43235888213908,engine
Ketu,4,230.24979110382122,-18.432364073702473,engine
Ketu,5,230.24981191510494,-18.43236926558784,engine
Ketu,6,230.24983272769984,-18.432374457797753,engine
Ketu,7,230.24985354157386,-18.4323796503242,engine
Ketu,8,230.24987435673702,-18.4323848431697,engine
Ketu,9,230.24989517318508,-18.432390036333157,engine
Ketu,10,230.24991599091436,-18.432395229813697,engine
Ketu,11,230.2499368099206,-18.432400423610225,engine
Ketu,12,230.2499576302001,-18.43240561772183,engine
Ketu,13,230.24997845173465,-18.43241081214397,engine
Ketu,14,230.24999927454834,-18.432416006882644,engine
Ketu,15,230.2500200986231,-18.432421201933362,engine
Ketu,16,230.25004092395497,-18.432426397295103,engine
Ketu,17,230.25006175055393,-18.432431592970392,engine
Ketu,18,230.25008257838823,-18.432436788951293,engine
Ketu,19,230.25010340746758,-18.432441985240228,engine
Ketu,20,230.250124237788,-18.432447181836196,engine
Ketu,21,230.25014506934573,-18.432452378738287,engine
Ketu,22,230.25016590213642,-18.432457575945374,engine
Ketu,23,230.25018673615645,-18.432462773456578,engine
Ketu,24,230.2502075714015,-18.43246797127081,engine
Ketu,25,230.250228407854,-18.43247316938371,engine
Ketu,26,230.25024924553747,-18.432478367801107,engine
Ketu,27,230.25027008443402,-18.43248356651857,engine
Ketu,28,230.2502909245399,-18.43248876553515,engine
Ketu,29,230.250311765865,-18.432493964853304,engine
Ketu,30,230.25033260837753,-18.43249916446513,engine
Mars,-30,325.99942890506264,-14.979925891142322,engine
Mars,-20,326.0045700996925,-14.978261517968559,engine
Mars,-15,326.0071412649961,-14.97742925068934,engine
Mars,-10,326.00971281129955,-14.976596932732587,engine
Mars,-5,326.01228474153305,-14.975764565989422,engine
Mars,-2,326.01382808444424,-14.97526512353093,engine
Mars,-1,326.0143425629191,-14.975098639095306,engine
Mars,0,326.0148570570554,-14.974932152807385,engine
Mars,1,326.01537156648783,-14.974765664810809,engine
Mars,2,326.0158860914178,-14.97459917506017,engine
Mars,3,326.0164006320464,-14.974432683510072,engine
Mars,4,326.0169151880074,-14.974266190304181,engine
Mars,5,326.01742975950134,-14.974099695397111,engine
Mars,6,326.01794434688446,-14.973933198694908,engine
Mars,7,326.0184589496664,-14.973766700375474,engine
Mars,8,326.018973567825,-14.973600200470885,engine
Mars,9,326.01948820155934,-14.973433698935827,engine
Mars,10,326.02000285087934,-14.973267195787992,engine
Mars,11,326.02051751598356,-14.973100690982067,engine
Mars,12,326.0210321965035,-14.972934184661785,engine
Mars,13,326.02154689263705,-14.972767676781888,engine
Mars,14,326.0220616045819,-14.972601167297073,engine
Mars,15,326.0225763319685,-14.972434656351137,engine
Mars,16,326.02309107499383,-14.972268143898773,engine
Mars,17,326.0236058340109,-14.972101629846122,engine
Mars,18,326.02412060852566,-14.971935114371213,engine
Mars,19,326.02463539851254,-14.97176859750622,engine
Mars,20,326.02515020416735,-14.97160207920589,engine
Mars,21,326.0256650254966,-14.971435559488,engine
Mars,22,326.0261798626954,-14.971269038307328,engine
Mars,23,326.0266947153916,-14.971102515807722,engine
Mars,24,326.02720958378,-14.970935991943941,engine
Mars,25,326.02772446786554,-14.970769466733818,engine
Mars,26,326.02823936784233,-14.970602940132094,engine
Mars,27,326.028754283337,-14.970436412282687,engine
Mars,28,326.02926921454286,-14.970269883140348,engine
Mars,29,326.0297841618092,-14.970103352611245,engine
Mars,30,326.03029912463796,-14.969936820873501,engine
Mercury,-30,18.96325116156596,7.507936837459503,engine
Mercury,-20,18.976255202485557,7.514446626720884,engine
Mercury,-15,18.98275771052802,7.5177013962590715,engine
Mercury,-10,18.989260555752804,7.520956081850989,engine
Mercury,-5,18.995763750981727,7.524210685119701,engine
Mercury,-2,18.999665840068456,7.526163407596672,engine
Mercury,-1,19.00096656539802,7.526814308422875,engine
Mercury,0,19.002267305440206,7.527465205973754,engine
Mercury,1,19.0035680602771,7.52811610025345,engine
Mercury,2,19.00486882999059,7.5287669912661945,engine
Mercury,3,19.006169614662404,7.529417879016212,engine
Mercury,4,19.007470414374026,7.530068763507823,engine
Mercury,5,19.00877122920675,7.53071964474536,engine
Mercury,6,19.01007206011403,7.531370523169673,engine
Mercury,7,19.011372905982345,7.532021398217934,engine
Mercury,8,19.012673766664506,7.532672269719889,engine
Mercury,9,19.013974642791087,7.533323137985664,engine
Mercury,10,19.01527553444248,7.533974003019874,engine
Mercury,11,19.01657644169875,7.534624864827145,engine
Mercury,12,19.017877364639883,7.5352757234121786,engine
Mercury,13,19.019178303345566,7.5359265787797165,engine
Mercury,14,19.020479257895307,7.536577430934543,engine
Mercury,15,19.021780228918516,7.537228280187084,engine
Mercury,16,19.023081215394072,7.53787912593104,engine
Mercury,17,19.024382218823337,7.5385299689133385,engine
Mercury,18,19.02568323754025,7.539180808266151,engine
Mercury,19,19.026984272495582,7.539831644430908,engine
Mercury,20,19.02828532376762,7.540482477412688,engine
Mercury,21,19.029586391984456,7.541133307522206,engine
Mercury,22,19.030887476123702,7.5417841341534455,engine
Mercury,23,19.032188576812988,7.542434957617212,engine
Mercury,24,19.03348969412973,7.543085777918774,engine
Mercury,25,19.034790828151003,7.543736595063426,engine
Mercury,26,19.036091978953763,7.544387409056552,engine
Mercury,27,19.03739314716477,7.545038220209134,engine
Mercury,28,19.03869433176025,7.545689027915439,engine
Mercury,29,19.03999553423907,7.546339832922946,engine
Mercury,30,19.041296752932134,7.5469906343644055,engine
Moon,-30,76.05916556827569,24.489640036467165,engine
Moon,-20,76.12730368464923,24.509897587410865,engine
Moon,-15,76.1611589470351,24.519876494716083,engine
Moon,-10,76.19487835799458,24.529753798518588,engine
Moon,-5,76.22846679944338,24.53952827859879,engine
Moon,-2,76.24855922183305,24.545343121279558,engine
Moon,-1,76.2552467699483,24.547273037712205,engine
Moon,0,76.26192953468988,24.54919875971408,engine
Moon,1,76.26860739174825,24.551120274029675,engine
Moon,2,76.27528054864929,24.55303757608072,engine
Moon,3,76.2819488813348,24.554950652777485,engine
Moon,4,76.28861259748435,24.556859499639334,engine
Moon,5,76.29527157326056,24.558764103756427,engine
Moon,6,76.30192602096484,24.560664462020338,engine
Moon,7,76.30857589093696,24.562560561237184,engine
Moon,8,76.31522114705642,24.56445239213367,engine
Moon,9,76.3218619973411,24.56633995049252,engine
Moon,10,76.32849831859797,24.56822322383154,engine
Moon,11,76.33513031896022,24.57010220803871,engine
Moon,12,76.34175787546161,24.571976890807523,engine
Moon,13,76.34838119639124,24.57384726812459,engine
Moon,14,76.35500024175187,24.575713329901156,engine
Moon,15,76.3616149717035,24.577575066138493,engine
Moon,16,76.36822559470782,24.57943247298959,engine
Moon,17,76.37483199280395,24.581285539827633,engine
Moon,18,76.38143436571215,24.583134260435333,engine
Moon,19,76.3880326783878,24.584978626354925,engine
Moon,20,76.39462689147499,24.586818627989608,engine
Moon,21,76.40121721374892,24.588654261770877,engine
Moon,22,76.40780360600147,24.59048551823296,engine
Moon,23,76.41438602917297,24.59231238802996,engine
Moon,24,76.420964692211,24.59413486775466,engine
Moon,25,76.42753947358077,24.595952946247554,engine
Moon,26,76.43411058232638,24.597766620220575,engine
Moon,27,76.44067797972639,24.59957588061952,engine
Moon,28,76.44724162718875,24.601380718489196,engine
Moon,29,76.45380173828818,24.603181131925,engine
Moon,30,76.46035826578428,24.604977109693635,engine
Neptune,-30,354.4432041708122,-3.6298059040923834,engine
Neptune,-20,354.44342904605816,-3.629710561388434,engine
Neptune,-15,354.44354148177587,-3.629662888467664,engine
Neptune,-10,354.4436539172118,-3.629615214510747,engine
Neptune,-5,354.4437663531432,-3.629567539510378,engine
Neptune,-2,354.4438338152382,-3.629538934017103,engine
Neptune,-1,354.443856302729,-3.6295293987705137,engine
Neptune,0,354.4438787902957,-3.6295198634817236,engine
Neptune,1,354.4439012779392,-3.6295103281528256,engine
Neptune,2,354.443923765668,-3.6295007927828435,engine
Neptune,3,354.44394625349065,-3.6294912573708054,engine
Neptune,4,354.443968741408,-3.629481721918807,engine
Neptune,5,354.4439912294286,-3.6294721864258817,engine
Neptune,6,354.4440137175735,-3.629462650885685,engine
Neptune,7,354.444036205821,-3.629453115310044,engine
Neptune,8,354.4440586941872,-3.6294435796946622,engine
Neptune,9,354.44408118268046,-3.6294340440385833,engine
Neptune,10,354.4441036713068,-3.6294245083418595,engine
Neptune,11,354.44412616007463,-3.629414972603539,engine
Neptune,12,354.44414864898494,-3.6294054368257282,engine
Neptune,13,354.44417113804604,-3.629395901007469,engine
Neptune,14,354.4441936272641,-3.6293863651488296,engine
Neptune,15,354.4442161166474,-3.629376829248856,engine
Neptune,16,354.4442386061969,-3.6293672933096652,engine
Neptune,17,354.44426109593604,-3.629357757323912,engine
Neptune,18,354.4442835858432,-3.629348221303436,engine
Neptune,19,354.4443060759343,-3.6293386852439613,engine
Neptune,20,354.4443285662178,-3.6293291491445454,engine
Neptune,21,354.4443510566994,-3.6293196130052663,engine
Neptune,22,354.44437354738784,-3.6293100768251794,engine
Neptune,23,354.44439603828374,-3.629300540606411,engine
Neptune,24,354.4444185293956,-3.6292910043480253,engine
Neptune,25,354.44444102072924,-3.6292814680501038,engine
Neptune,26,354.4444635122931,-3.6292719317117097,engine
Neptune,27,354.44448600408805,-3.6292623953349787,engine
Neptune,28,354.44450849612235,-3.629252858918977,engine
Neptune,29,354.44453098841706,-3.629243322457401,engine
Neptune,30,354.4445534809478,-3.629233785963131,engine
Pallas,-30,23.043963781044095,-4.612963435609879,engine
Pallas,-20,23.046752400341497,-4.612382953288322,engine
Pallas,-15,23.048146794721458,-4.6120926996588905,engine
Pallas,-10,23.049541250819903,-4.6118024378785485,engine
Pallas,-5,23.05093577301801,-4.611512167950538,engine
Pallas,-2,23.05177251961457,-4.611338002174008,engine
Pallas,-1,23.052051440949338,-4.611279946285467,engine
Pallas,0,23.05233036514168,-4.611221890070335,engine
Pallas,1,23.05260929229671,-4.6111638335393375,engine
Pallas,2,23.052888222446494,-4.61110577669334,engine
Pallas,3,23.053167155696112,-4.611047719543081,engine
Pallas,4,23.05344609193143,-4.610989662069747,engine
Pallas,5,23.05372503125739,-4.610931604284093,engine
Pallas,6,23.054003973965973,-4.61087354615796,engine
Pallas,7,23.0542829195688,-4.610815487750427,engine
Pallas,8,23.05456186835772,-4.610757429033348,engine
Pallas,9,23.054840820364422,-4.61069937000768,engine
Pallas,10,23.055119775693647,-4.610641310684229,engine
Pallas,11,23.055398734230874,-4.610583251044262,engine
Pallas,12,23.055677696080696,-4.6105251910986,engine
Pallas,13,23.055956661274625,-4.610467130848249,engine
Pallas,14,23.056235629917122,-4.610409070304057,engine
Pallas,15,23.05651460189347,-4.610351009447331,engine
Pallas,16,23.056793577308078,-4.610292948288941,engine
Pallas,17,23.057072556379218,-4.610234886790992,engine
Pallas,18,23.057351538764,-4.610176825032395,engine
Pallas,19,23.05763052475368,-4.610118762985129,engine
Pallas,20,23.057909514233277,-4.610060700630543,engine
Pallas,21,23.05818850730681,-4.610002637979575,engine
Pallas,22,23.058467504005296,-4.6099445750333015,engine
Pallas,23,23.058746504359622,-4.609886511792832,engine
Pallas,24,23.0590255084737,-4.609828448269122,engine
Pallas,25,23.059304516232185,-4.6097703844435785,engine
Pallas,26,23.059583527738884,-4.609712320327188,engine
Pallas,27,23.059862543024423,-4.609654255921088,engine
Pallas,28,23.060141562119437,-4.609596191226431,engine
Pallas,29,23.060420585314564,-4.609538126215295,engine
Pallas,30,23.060699612119976,-4.60948006094701,engine
Pluto,-30,300.6757532213647,-22.394243251392986,engine
Pluto,-20,300.6758363967199,-22.39424295105884,engine
Pluto,-15,300.6758780173186,-22.39424279125811,engine
Pluto,-10,300.6759196604869,-22.394242625325226,engine
Pluto,-5,300.6759613266862,-22.394242453481784,engine
Pluto,-2,300.6759863376368,-22.394242347632165,engine
Pluto,-1,300.6759946765144,-22.394242311902698,engine
Pluto,0,300.67600301634167,-22.39424227595289,engine
Pluto,1,300.67601135712715,-22.394242239785026,engine
Pluto,2,300.67601969887147,-22.394242203400726,engine
Pluto,3,300.6760280415781,-22.394242166801842,engine
Pluto,4,300.67603638524776,-22.39424212999001,engine
Pluto,5,300.67604472988864,-22.394242092967534,engine
Pluto,6,300.6760530755072,-22.394242055736015,engine
Pluto,7,300.67606142209536,-22.394242018297387,engine
Pluto,8,300.6760697696595,-22.39424198065328,engine
Pluto,9,300.6760781182077,-22.394241942806,engine
Pluto,10,300.6760864677407,-22.394241904757223,engine
Pluto,11,300.6760948182615,-22.394241866508832,engine
Pluto,12,300.6761031697733,-22.39424182806272,engine
Pluto,13,300.6761115222766,-22.394241789420576,engine
Pluto,14,300.6761198757795,-22.39424175058472,engine
Pluto,15,300.67612823028253,-22.39424171155685,engine
Pluto,16,300.6761365857887,-22.394241672338904,engine
Pluto,17,300.6761449423065,-22.394241632932722,engine
Pluto,18,300.6761532998253,-22.394241593340094,engine
Pluto,19,300.6761616583585,-22.39424155356334,engine
Pluto,20,300.67617001790666,-22.39424151360418,engine
Pluto,21,300.67617837847257,-22.394241473464557,engine
Pluto,22,300.67618674005917,-22.394241433146384,engine
Pluto,23,300.6761951026667,-22.394241392651413,engine
Pluto,24,300.676203466303,-22.394241351982014,engine
Pluto,25,300.6762118309684,-22.394241311139908,engine
Pluto,26,300.6762201966656,-22.394241270127072,engine
Pluto,27,300.67622856339744,-22.394241228945457,engine
Pluto,28,300.67623693116394,-22.394241187596812,engine
Pluto,29,300.6762452999786,-22.394241146083516,engine
Pluto,30,300.67625366983026,-22.394241104407357,engine
Rahu,-30,50.249084320462046,18.432187747727042,engine
Rahu,-20,50.24929203252047,18.432239567351736,engine
Rahu,-15,50.249395941200504,18.43226549020337,engine
Rahu,-10,50.24949988427779,18.43229142157232,engine
Rahu,-5,50.24960386130834,18.43231736134776,engine
Rahu,-2,50.24966626359438,18.43233292919075,engine
Rahu,-1,50.24968706701179,18.432338119129078,engine
Rahu,0,50.24970787173631,18.432343309390934,engine
Rahu,1,50.249728677792085,18.432348499982336,engine
Rahu,2,50.24974948516072,18.432353690898697,engine
Rahu,3,50.24977029383845,18.43235888213908,engine
Rahu,4,50.24979110382124,18.432364073702473,engine
Rahu,5,50.24981191510494,18.43236926558784,engine
Rahu,6,50.24983272769985,18.432374457797753,engine
Rahu,7,50.24985354157385,18.4323796503242,engine
Rahu,8,50.24987435673703,18.4323848431697,engine
Rahu,9,50.24989517318508,18.432390036333157,engine
Rahu,10,50.24991599091435,18.432395229813697,engine
Rahu,11,50.249936809920605,18.432400423610225,engine
Rahu,12,50.2499576302001,18.43240561772183,engine
Rahu,13,50.24997845173466,18.43241081214397,engine
Rahu,14,50.249999274548344,18.432416006882644,engine
Rahu,15,50.25002009862311,18.432421201933362,engine
Rahu,16,50.25004092395498,18.432426397295103,engine
Rahu,17,50.25006175055394,18.432431592970392,engine
Rahu,18,50.250082578388216,18.432436788951293,engine
Rahu,19,50.25010340746756,18.432441985240228,engine
Rahu,20,50.25012423778797,18.432447181836196,engine
Rahu,21,50.25014506934574,18.432452378738287,engine
Rahu,22,50.25016590213643,18.432457575945374,engine
Rahu,23,50.25018673615646,18.432462773456578,engine
Rahu,24,50.250207571401496,18.43246797127081,engine
Rahu,25,50.250228407854,18.43247316938371,engine
Rahu,26,50.25024924553748,18.432478367801107,engine
Rahu,27,50.250270084434035,18.43248356651857,engine
Rahu,28,50.250290924539925,18.43248876553515,engine
Rahu,29,50.250311765865,18.432493964853304,engine
Rahu,30,50.250332608377526,18.43249916446513,engine
Regulus,-30,152.09518619583432,11.965871494111317,engine
Regulus,-20,152.09518799413834,11.965871520533627,engine
Regulus,-15,152.09518890532894,11.965871541300551,engine
Regulus,-10,152.095189823813,11.965871567149208,engine
Regulus,-5,152.09519074903722,11.965871598109969,engine
Regulus,-2,152.0951913071754,11.965871619151962,engine
Regulus,-1,152.0951914936953,11.965871626578153,engine
Regulus,0,152.09519168044457,11.965871634210778,engine
Regulus,1,152.09519186741886,11.96587164205003,engine
Regulus,2,152.0951920546136,11.965871650096103,engine
Regulus,3,152.0951922420243,11.965871658349183,engine
Regulus,4,152.09519242964643,11.965871666809463,engine
Regulus,5,152.09519261747556,11.965871675477105,engine
Regulus,6,152.09519280550725,11.965871684352308,engine
Regulus,7,152.0951929937368,11.965871693435231,engine
Regulus,8,152.0951931821597,11.965871702726034,engine
Regulus,9,152.09519337077157,11.965871712224894,engine
Regulus,10,152.09519355956778,11.965871721931967,engine
Regulus,11,152.0951937485439,11.965871731847413,engine
Regulus,12,152.09519393769534,11.965871741971382,engine
Regulus,13,152.09519412701755,11.965871752304023,engine
Regulus,14,152.09519431650602,11.96587176284548,engine
Regulus,15,152.09519450615625,11.965871773595888,engine
Regulus,16,152.09519469596364,11.965871784555386,engine
Regulus,17,152.09519488592377,11.965871795724121,engine
Regulus,18,152.09519507603187,11.965871807102197,engine
Regulus,19,152.0951952662835,11.96587181868975,engine
Regulus,20,152.09519545667413,11.965871830486902,engine
Regulus,21,152.0951956471992,11.965871842493762,engine
Regulus,22,152.09519583785408,11.965871854710452,engine
Regulus,23,152.0951960286343,11.965871867137077,engine
Regulus,24,152.09519621953524,11.965871879773738,engine
Regulus,25,152.09519641055235,11.965871892620534,engine
Regulus,26,152.09519660168107,11.965871905677572,engine
Regulus,27,152.0951967929168,11.965871918944929,engine
Regulus,28,152.09519698425504,11.9658719324227,engine
Regulus,29,152.09519717569125,11.965871946110987,engine
Regulus,30,152.09519736722063,11.965871960009835,engine
Saturn,-30,324.90928953513776,-15.00615477975788,engine
Saturn,-20,324.9098751796492,-15.0059749098167,engine
Saturn,-15,324.91016807793477,-15.005884966679815,engine
Saturn,-10,324.91046102798754,-15.005795018576967,engine
Saturn,-5,324.9107540306562,-15.005705065848057,engine
Saturn,-2,324.910929857808,-15.005651092147875,engine
Saturn,-1,324.91098847114597,-15.005633100590059,engine
Saturn,0,324.9110470866555,-15.005615108869605,engine
Saturn,1,324.9111057043151,-15.005597116997368,engine
Saturn,2,324.9111643241577,-15.005579124968351,engine
Saturn,3,324.91122294616196,-15.00556113279342,engine
Saturn,4,324.91128157034683,-15.005543140471575,engine
Saturn,5,324.9113401967316,-15.005525148001789,engine
Saturn,6,324.9113988253339,-15.005507155382888,engine
Saturn,7,324.91145745610777,-15.005489162634037,engine
Saturn,8,324.9115160890707,-15.00547116975406,engine
Saturn,9,324.9115747242552,-15.00545317673801,engine
Saturn,10,324.9116333616396,-15.005435183596799,engine
Saturn,11,324.91169200125603,-15.00541719032549,engine
Saturn,12,324.9117506430827,-15.005399196934974,engine
Saturn,13,324.91180928715187,-15.005381203420374,engine
Saturn,14,324.91186793344156,-15.005363209792574,engine
Saturn,15,324.9119265819839,-15.005345216046688,engine
Saturn,16,324.91198523275665,-15.00532722219362,engine
Saturn,17,324.91204388583134,-15.005309228216426,engine
Saturn,18,324.912102541107,-15.005291234150182,engine
Saturn,19,324.912161198655,-15.00527323997793,engine
Saturn,20,324.9122198584529,-15.005255245710615,engine
Saturn,21,324.91227852053254,-15.005237251343376,engine
Saturn,22,324.9123371848715,-15.005219256887152,engine
Saturn,23,324.91239585150146,-15.005201262337106,engine
Saturn,24,324.9124545204,-15.005183267704183,engine
Saturn,25,324.9125131915987,-15.005165272983547,engine
Saturn,26,324.9125718650748,-15.005147278186163,engine
Saturn,27,324.9126305408599,-15.005129283307186,engine
Saturn,28,324.9126892189312,-15.005111288357625,engine
Saturn,29,324.9127478993595,-15.005093293320549,engine
Saturn,30,324.9128065820431,-15.00507529823111,engine
Sun,-30,15.148503255918154,6.461219947743261,engine
Sun,-20,15.154797188284633,6.463841147989031,engine
Sun,-15,15.157944650515404,6.465151605877137,engine
Sun,-10,15.161092461088641,6.466461969748415,engine
Sun,-5,15.16424063430313,6.46777224077753,engine
Sun,-2,15.166129717378189,6.468558358996209,engine
Sun,-1,15.166759442269182,6.468820391062284,engine
Sun,0,15.167389182601198,6.4690824194702286,engine
Sun,1,15.168018938478504,6.469344444227253,engine
Sun,2,15.16864871000514,6.46960646534066,engine
Sun,3,15.169278497285092,6.4698684828178505,engine
Sun,4,15.169908300421408,6.470130496666075,engine
Sun,5,15.170538119517452,6.470392506892833,engine
Sun,6,15.17116795509846,6.470654513681327,engine
Sun,7,15.171797806422475,6.470916516687788,engine
Sun,8,15.172427674013765,6.47117851609536,engine
Sun,9,15.17305755797443,6.471440511911762,engine
Sun,10,15.173687458406212,6.471702504144714,engine
Sun,11,15.174317375410576,6.471964492802023,engine
Sun,12,15.174947309088243,6.472226477891359,engine
Sun,13,15.175577259540118,6.472488459420644,engine
Sun,14,15.176207226866651,6.472750437397799,engine
Sun,15,15.1768372111681,6.473012411830843,engine
Sun,16,15.177467212543919,6.473274382727651,engine
Sun,17,15.178097231516235,6.473536350272008,engine
Sun,18,15.178727267339477,6.473798314120784,engine
Sun,19,15.179357320534516,6.474060274457643,engine
Sun,20,15.179987391200113,6.474322231290892,engine
Sun,21,15.180617479434389,6.4745841846287675,engine
Sun,22,15.181247585335464,6.474846134479685,engine
Sun,23,15.181877709000423,6.475108080851832,engine
Sun,24,15.182507850526703,6.475370023753711,engine
Sun,25,15.18313801001134,6.475631963193838,engine
Sun,26,15.183768187550482,6.4758938991806065,engine
Sun,27,15.18439838324049,6.476155831722618,engine
Sun,28,15.185028597177492,6.476417760828583,engine
Sun,29,15.185658829879129,6.476679686682629,engine
Sun,30,15.186289080595623,6.4769416089422585,engine
Uranus,-30,40.53888755370249,15.351642741628586,engine
Uranus,-20,40.53924783402982,15.35175645301179,engine
Uranus,-15,40.53942794380179,15.351813295806215,engine
Uranus,-10,40.53960803437315,15.351870129815314,engine
Uranus,-5,40.53978810662079,15.351926954925798,engine
Uranus,-2,40.53989614150684,15.351961045664071,engine
Uranus,-1,40.53993215176247,15.351972408515342,engine
Uranus,0,40.53996816135032,15.351983771003285,engine
Uranus,1,40.540004170272354,15.35199513312544,engine
Uranus,2,40.54004017853547,15.352006494880895,engine
Uranus,3,40.540076186141704,15.352017856267167,engine
Uranus,4,40.54011219310768,15.352029217286486,engine
Uranus,5,40.54014819943549,15.352040577936393,engine
Uranus,6,40.540184205151334,15.35205193822207,engine
Uranus,7,40.54022021022364,15.352063298130506,engine
Uranus,8,40.54025621467865,15.352074657666899,engine
Uranus,9,40.54029221851847,15.352086016828837,engine
Uranus,10,40.540328221759886,15.352097375618564,engine
Uranus,11,40.540364224405,15.352108734033695,engine
Uranus,12,40.540400226456015,15.352120092071823,engine
Uranus,13,40.540436227929675,15.352131449735237,engine
Uranus,14,40.54047222882823,15.352142807021552,engine
Uranus,15,40.540508229153865,15.352154163928407,engine
Uranus,16,40.54054422892338,15.352165520458101,engine
Uranus,17,40.5405802281632,15.352176876615891,engine
Uranus,18,40.54061622682724,15.352188232384215,engine
Uranus,19,40.540652224956546,15.352199587773004,engine
Uranus,20,40.540688222553385,15.352210942779937,engine
Uranus,21,40.54072421962006,15.352222297402674,engine
Uranus,22,40.54076021617347,15.352233651643598,engine
Uranus,23,40.54079621221592,15.352245005500373,engine
Uranus,24,40.540832207749744,15.352256358970726,engine
Uranus,25,40.5408682027919,15.352267712057017,engine
Uranus,26,40.54090419733986,15.352279064755432,engine
Uranus,27,40.54094019141062,15.352290417068328,engine
Uranus,28,40.54097618500654,15.352301768993476,engine
Uranus,29,40.541012178154126,15.352313120536211,engine
Uranus,30,40.54104817082216,15.352324471683733,engine
Venus,-30,332.6288298146125,-10.886210095845362,engine
Venus,-20,332.6361251575099,-10.88412618749375,engine
Venus,-15,332.639774084357,-10.883084040628763,engine
Venus,-10,332.6434238557923,-10.882041769965136,engine
Venus,-5,332.64707447844654,-10.880999378603393,engine
Venus,-2,332.6492652624169,-10.880373887421733,engine
Venus,-1,332.64999559246434,-10.880165381118694,engine
Venus,0,332.650725956921,-10.879956870239223,engine
Venus,1,332.6514563558253,-10.879748354810788,engine
Venus,2,332.65218678910486,-10.87953983485569,engine
Venus,3,332.6529172570168,-10.879331310411807,engine
Venus,4,332.65364775948746,-10.879122781501476,engine
Venus,5,332.6543782964427,-10.878914248147106,engine
Venus,6,332.65510886862745,-10.878705710246784,engine
Venus,7,332.6558394749864,-10.878497168102621,engine
Venus,8,332.6565701160433,-10.878288621602419,engine
Venus,9,332.65730079172124,-10.878080070768695,engine
Venus,10,332.6580315022727,-10.877871515639438,engine
Venus,11,332.65876224761956,-10.87766295623719,engine
Venus,12,332.659493027683,-10.877454392584545,engine
Venus,13,332.6602238427135,-10.877245824719562,engine
Venus,14,332.66095469263104,-10.877037252664838,engine
Venus,15,332.6616855773546,-10.876828676443047,engine
Venus,16,332.662416497133,-10.876620096092282,engine
Venus,17,332.6631474523742,-10.876411511495384,engine
Venus,18,332.66387844201506,-10.876202922954764,engine
Venus,19,332.6646094667924,-10.875994330368734,engine
Venus,20,332.66534052662206,-10.875785733760031,engine
Venus,21,332.66607162141923,-10.875577133151443,engine
Venus,22,332.66680275142875,-10.875368528581152,engine
Venus,23,332.6675339165643,-10.875159920071955,engine
Venus,24,332.6682651168493,-10.874951307651818,engine
Venus,25,332.66899635219625,-10.874742691343615,engine
Venus,26,332.6697276228472,-10.874534071185531,engine
Venus,27,332.67045892871334,-10.874325447200485,engine
Venus,28,332.6711902697053,-10.874116819411382,engine
Venus,29,332.6719216465535,-10.873908187716543,engine
Venus,30,332.6726530581865,-10.873699552418723,engine
Vesta,-30,314.62735828061005,-17.595252673565614,engine
Vesta,-20,314.63047681320484,-17.594648879621197,engine
Vesta,-15,314.63203649232486,-17.59434696914312,engine
Vesta,-10,314.6335964471623,-17.594045052266345,engine
Vesta,-5,314.6351566786315,-17.59374313081357,engine
Vesta,-2,314.6360929500866,-17.59356197660082,engine
Vesta,-1,314.6364050626578,-17.593501591733236,engine
Vesta,0,314.6367171862934,-17.593441206823382,engine
Vesta,1,314.6370293209937,-17.593380821886672,engine
Vesta,2,314.6373414668821,-17.593320436920987,engine
Vesta,3,314.63765362371134,-17.59326005197666,engine
Vesta,4,314.6379657916043,-17.593199667051625,engine
Vesta,5,314.6382779705603,-17.593139282161253,engine
Vesta,6,314.6385901609111,-17.593078897262984,engine
Vesta,7,314.63890236198995,-17.593018512488097,engine
Vesta,8,314.639214574128,-17.592958127794017,engine
Vesta,9,314.6395267974471,-17.59289774317866,engine
Vesta,10,314.63983903169844,-17.59283735869233,engine
Vesta,11,314.64015127700327,-17.592776974332924,engine
Vesta,12,314.64046353335914,-17.592716590115828,engine
Vesta,13,314.6407758008869,-17.59265620603892,engine
Vesta,14,314.6410880793367,-17.592595822152497,engine
Vesta,15,314.641400368829,-17.59253543845446,engine
Vesta,16,314.64171266948387,-17.592475054942692,engine
Vesta,17,314.64202498126025,-17.592414671626965,engine
Vesta,18,314.64233730385894,-17.592354288586154,engine
Vesta,19,314.64264963748525,-17.592293905795078,engine
Vesta,20,314.6429619822584,-17.592233523251622,engine
Vesta,21,314.6432743379269,-17.592173141006047,engine
Vesta,22,314.6435867046097,-17.592112759056192,engine
Vesta,23,314.64389908242504,-17.592052377399906,engine
Vesta,24,314.6442114711208,-17.59199199608742,engine
Vesta,25,314.6445238708151,-17.591931615116575,engine
Vesta,26,314.6448362815022,-17.59187123450266,engine
Vesta,27,314.6451487032997,-17.591810854243487,engine
Vesta,28,314.64546113595446,-17.59175047438926,engine
Vesta,29,314.6457735797931,-17.591690094897306,engine
Vesta,30,314.64608603451353,-17.591629715846366,engine
Gonggong,-30,337.2062655103563,-11.08629603954619,tno-rate
Gonggong,-20,337.20632256552744,-11.086270988745826,tno-rate
Gonggong,-15,337.20635109311297,-11.086258463345645,tno-rate
Gonggong,-10,337.20637962069856,-11.086245937945463,tno-rate
Gonggong,-5,337.20640814828414,-11.086233412545281,tno-rate
Gonggong,-2,337.2064252648355,-11.086225897305173,tno-rate
Gonggong,-1,337.2064309703526,-11.086223392225136,tno-rate
Gonggong,0,337.2064366758697,-11.0862208871451,tno-rate
Gonggong,1,337.20644238138686,-11.086218382065063,tno-rate
Gonggong,2,337.20644808690395,-11.086215876985026,tno-rate
Gonggong,3,337.2064537924211,-11.086213371904991,tno-rate
Gonggong,4,337.20645949793817,-11.086210866824954,tno-rate
Gonggong,5,337.2064652034553,-11.086208361744918,tno-rate
Gonggong,6,337.2064709089724,-11.086205856664881,tno-rate
Gonggong,7,337.20647661448953,-11.086203351584846,tno-rate
Gonggong,8,337.20648232000667,-11.08620084650481,tno-rate
Gonggong,9,337.20648802552375,-11.086198341424772,tno-rate
Gonggong,10,337.2064937310409,-11.086195836344736,tno-rate
Gonggong,11,337.206499436558,-11.086193331264699,tno-rate
Gonggong,12,337.2065051420751,-11.086190826184664,tno-rate
Gonggong,13,337.2065108475922,-11.086188321104627,tno-rate
Gonggong,14,337.20651655310934,-11.08618581602459,tno-rate
Gonggong,15,337.2065222586265,-11.086183310944554,tno-rate
Gonggong,16,337.20652796414356,-11.086180805864519,tno-rate
Gonggong,17,337.2065336696607,-11.086178300784482,tno-rate
Gonggong,18,337.2065393751778,-11.086175795704445,tno-rate
Gonggong,19,337.2065450806949,-11.086173290624409,tno-rate
Gonggong,20,337.206550786212,-11.086170785544374,tno-rate
Gonggong,21,337.20655649172915,-11.086168280464337,tno-rate
Gonggong,22,337.2065621972463,-11.0861657753843,tno-rate
Gonggong,23,337.20656790276337,-11.086163270304263,tno-rate
Gonggong,24,337.2065736082805,-11.086160765224227,tno-rate
Gonggong,25,337.2065793137976,-11.086158260144192,tno-rate
Gonggong,26,337.20658501931473,-11.086155755064155,tno-rate
Gonggong,27,337.2065907248318,-11.086153249984118,tno-rate
Gonggong,28,337.20659643034895,-11.086150744904081,tno-rate
Gonggong,29,337.2066021358661,-11.086148239824047,tno-rate
Gonggong,30,337.2066078413832,-11.08614573474401,tno-rate
Haumea,-30,217.05094556480725,15.788816838247046,tno-rate
Haumea,-20,217.05084010336552,15.788873772469618,tno-rate
Haumea,-15,217.05078737264463,15.788902239580903,tno-rate
Haumea,-10,217.05073464192375,15.788930706692188,tno-rate
Haumea,-5,217.05068191120287,15.788959173803475,tno-rate
Haumea,-2,217.05065027277035,15.788976254070246,tno-rate
Haumea,-1,217.05063972662617,15.788981947492504,tno-rate
Haumea,0,217.050629180482,15.78898764091476,tno-rate
Haumea,1,217.0506186343378,15.788993334337016,tno-rate
Haumea,2,217.05060808819363,15.788999027759274,tno-rate
Haumea,3,217.05059754204947,15.78900472118153,tno-rate
Haumea,4,217.0505869959053,15.789010414603789,tno-rate
Haumea,5,217.0505764497611,15.789016108026045,tno-rate
Haumea,6,217.05056590361693,15.789021801448303,tno-rate
Haumea,7,217.05055535747277,15.78902749487056,tno-rate
Haumea,8,217.0505448113286,15.789033188292818,tno-rate
Haumea,9,217.0505342651844,15.789038881715074,tno-rate
Haumea,10,217.05052371904023,15.789044575137332,tno-rate
Haumea,11,217.05051317289605,15.789050268559588,tno-rate
Haumea,12,217.0505026267519,15.789055961981846,tno-rate
Haumea,13,217.0504920806077,15.789061655404103,tno-rate
Haumea,14,217.05048153446353,15.78906734882636,tno-rate
Haumea,15,217.05047098831935,15.789073042248617,tno-rate
Haumea,16,217.0504604421752,15.789078735670873,tno-rate
Haumea,17,217.050449896031,15.789084429093132,tno-rate
Haumea,18,217.05043934988683,15.789090122515388,tno-rate
Haumea,19,217.05042880374265,15.789095815937646,tno-rate
Haumea,20,217.05041825759847,15.789101509359902,tno-rate
Haumea,21,217.0504077114543,15.78910720278216,tno-rate
Haumea,22,217.05039716531013,15.789112896204417,tno-rate
Haumea,23,217.05038661916595,15.789118589626675,tno-rate
Haumea,24,217.05037607302177,15.789124283048931,tno-rate
Haumea,25,217.0503655268776,15.78912997647119,tno-rate
Haumea,26,217.05035498073343,15.789135669893446,tno-rate
Haumea,27,217.05034443458925,15.789141363315704,tno-rate
Haumea,28,217.05033388844507,15.78914705673796,tno-rate
Haumea,29,217.0503233423009,15.789152750160218,tno-rate
Haumea,30,217.05031279615673,15.789158443582474,tno-rate
Makemake,-30,198.4963330217358,22.95915090337957,tno-rate
Makemake,-20,198.4962180243812,22.95918940717338,tno-rate
Makemake,-15,198.49616052570389,22.959208659070285,tno-rate
Makemake,-10,198.4961030270266,22.95922791096719,tno-rate
Makemake,-5,198.4960455283493,22.959247162864095,tno-rate
Makemake,-2,198.49601102914292,22.95925871400224,tno-rate
Makemake,-1,198.49599952940744,22.959262564381618,tno-rate
Makemake,0,198.495988029672,22.959266414761,tno-rate
Makemake,1,198.49597652993654,22.959270265140383,tno-rate
Makemake,2,198.49596503020106,22.95927411551976,tno-rate
Makemake,3,198.4959535304656,22.959277965899144,tno-rate
Makemake,4,198.49594203073016,22.959281816278523,tno-rate
Makemake,5,198.49593053099468,22.959285666657905,tno-rate
Makemake,6,198.49591903125923,22.959289517037288,tno-rate
Makemake,7,198.49590753152376,22.959293367416667,tno-rate
Makemake,8,198.4958960317883,22.95929721779605,tno-rate
Makemake,9,198.49588453205286,22.959301068175428,tno-rate
Makemake,10,198.49587303231738,22.95930491855481,tno-rate
Makemake,11,198.49586153258193,22.959308768934193,tno-rate
Makemake,12,198.49585003284648,22.95931261931357,tno-rate
Makemake,13,198.495838533111,22.959316469692954,tno-rate
Makemake,14,198.49582703337555,22.959320320072333,tno-rate
Makemake,15,198.4958155336401,22.959324170451715,tno-rate
Makemake,16,198.49580403390462,22.959328020831098,tno-rate
Makemake,17,198.49579253416917,22.959331871210477,tno-rate
Makemake,18,198.4957810344337,22.95933572158986,tno-rate
Makemake,19,198.49576953469824,22.95933957196924,tno-rate
Makemake,20,198.4957580349628,22.95934342234862,tno-rate
Makemake,21,198.4957465352273,22.959347272728003,tno-rate
Makemake,22,198.49573503549186,22.959351123107382,tno-rate
Makemake,23,198.4957235357564,22.959354973486764,tno-rate
Makemake,24,198.49571203602093,22.959358823866147,tno-rate
Makemake,25,198.49570053628548,22.959362674245526,tno-rate
Makemake,26,198.49568903655003,22.959366524624908,tno-rate
Makemake,27,198.49567753681455,22.959370375004287,tno-rate
Makemake,28,198.4956660370791,22.95937422538367,tno-rate
Makemake,29,198.49565453734365,22.959378075763052,tno-rate
Makemake,30,198.49564303760818,22.95938192614243,tno-rate
Orcus,-30,155.94954854260706,-11.756835391033773,tno-rate
Orcus,-20,155.94946404917633,-11.756772154907738,tno-rate
Orcus,-15,155.94942180246096,-11.75674053684472,tno-rate
Orcus,-10,155.94937955574562,-11.756708918781705,tno-rate
Orcus,-5,155.94933730903026,-11.756677300718687,tno-rate
Orcus,-2,155.94931196100103,-11.756658329880876,tno-rate
Orcus,-1,155.94930351165797,-11.756652006268274,tno-rate
Orcus,0,155.9492950623149,-11.75664568265567,tno-rate
Orcus,1,155.9492866129718,-11.756639359043065,tno-rate
Orcus,2,155.94927816362875,-11.756633035430463,tno-rate
Orcus,3,155.94926971428566,-11.756626711817859,tno-rate
Orcus,4,155.9492612649426,-11.756620388205256,tno-rate
Orcus,5,155.94925281559952,-11.756614064592652,tno-rate
Orcus,6,155.94924436625647,-11.75660774098005,tno-rate
Orcus,7,155.94923591691338,-11.756601417367445,tno-rate
Orcus,8,155.94922746757032,-11.756595093754841,tno-rate
Orcus,9,155.94921901822724,-11.756588770142239,tno-rate
Orcus,10,155.94921056888415,-11.756582446529634,tno-rate
Orcus,11,155.9492021195411,-11.756576122917032,tno-rate
Orcus,12,155.949193670198,-11.756569799304428,tno-rate
Orcus,13,155.94918522085496,-11.756563475691825,tno-rate
Orcus,14,155.94917677151187,-11.756557152079221,tno-rate
Orcus,15,155.94916832216882,-11.756550828466619,tno-rate
Orcus,16,155.94915987282573,-11.756544504854014,tno-rate
Orcus,17,155.94915142348265,-11.75653818124141,tno-rate
Orcus,18,155.9491429741396,-11.756531857628808,tno-rate
Orcus,19,155.9491345247965,-11.756525534016204,tno-rate
Orcus,20,155.94912607545345,-11.756519210403601,tno-rate
Orcus,21,155.94911762611036,-11.756512886790997,tno-rate
Orcus,22,155.9491091767673,-11.756506563178394,tno-rate
Orcus,23,155.94910072742422,-11.75650023956579,tno-rate
Orcus,24,155.94909227808117,-11.756493915953186,tno-rate
Orcus,25,155.94908382873808,-11.756487592340584,tno-rate
Orcus,26,155.949075379395,-11.75648126872798,tno-rate
Orcus,27,155.94906693005194,-11.756474945115377,tno-rate
Orcus,28,155.94905848070886,-11.756468621502773,tno-rate
Orcus,29,155.9490500313658,-11.75646229789017,tno-rate
Orcus,30,155.94904158202272,-11.756455974277566,tno-rate
Quaoar,-30,277.27030547464886,-15.251217917518195,tno-rate
Quaoar,-20,277.2703055005584,-15.251194866896395,tno-rate
Quaoar,-15,277.2703055135131,-15.251183341585493,tno-rate
Quaoar,-10,277.2703055264679,-15.251171816274592,tno-rate
Quaoar,-5,277.2703055394226,-15.251160290963691,tno-rate
Quaoar,-2,277.2703055471955,-15.25115337577715,tno-rate
Quaoar,-1,277.2703055497864,-15.25115107071497,tno-rate
Quaoar,0,277.2703055523774,-15.25114876565279,tno-rate
Quaoar,1,277.2703055549684,-15.25114646059061,tno-rate
Quaoar,2,277.2703055575593,-15.25114415552843,tno-rate
Quaoar,3,277.2703055601503,-15.251141850466249,tno-rate
Quaoar,4,277.2703055627412,-15.251139545404069,tno-rate
Quaoar,5,277.2703055653322,-15.251137240341889,tno-rate
Quaoar,6,277.2703055679231,-15.251134935279708,tno-rate
Quaoar,7,277.2703055705141,-15.251132630217528,tno-rate
Quaoar,8,277.270305573105,-15.251130325155348,tno-rate
Quaoar,9,277.270305575696,-15.251128020093168,tno-rate
Quaoar,10,277.2703055782869,-15.251125715030987,tno-rate
Quaoar,11,277.2703055808779,-15.251123409968807,tno-rate
Quaoar,12,277.2703055834688,-15.251121104906627,tno-rate
Quaoar,13,277.2703055860598,-15.251118799844447,tno-rate
Quaoar,14,277.27030558865073,-15.251116494782266,tno-rate
Quaoar,15,277.2703055912417,-15.251114189720086,tno-rate
Quaoar,16,277.27030559383263,-15.251111884657906,tno-rate
Quaoar,17,277.2703055964236,-15.251109579595726,tno-rate
Quaoar,18,277.27030559901453,-15.251107274533545,tno-rate
Quaoar,19,277.2703056016055,-15.251104969471365,tno-rate
Quaoar,20,277.27030560419644,-15.251102664409185,tno-rate
Quaoar,21,277.2703056067874,-15.251100359347005,tno-rate
Quaoar,22,277.27030560937834,-15.251098054284826,tno-rate
Quaoar,23,277.2703056119693,-15.251095749222646,tno-rate
Quaoar,24,277.27030561456024,-15.251093444160466,tno-rate
Quaoar,25,277.2703056171512,-15.251091139098286,tno-rate
Quaoar,26,277.27030561974215,-15.251088834036105,tno-rate
Quaoar,27,277.2703056223331,-15.251086528973925,tno-rate
Quaoar,28,277.27030562492405,-15.251084223911745,tno-rate
Quaoar,29,277.27030562751503,-15.251081918849565,tno-rate
Quaoar,30,277.27030563010595,-15.251079613787384,tno-rate
Sedna,-30,58.56691317950515,8.241217505238302,tno-rate
Sedna,-20,58.56697978107686,8.241243950674507,tno-rate
Sedna,-15,58.56701308186272,8.241257173392611,tno-rate
Sedna,-10,58.56704638264858,8.241270396110714,tno-rate
Sedna,-5,58.56707968343443,8.241283618828817,tno-rate
Sedna,-2,58.56709966390594,8.241291552459678,tno-rate
Sedna,-1,58.56710632406312,8.241294197003299,tno-rate
Sedna,0,58.56711298422029,8.24129684154692,tno-rate
Sedna,1,58.567119644377456,8.24129948609054,tno-rate
Sedna,2,58.56712630453463,8.24130213063416,tno-rate
Sedna,3,58.5671329646918,8.241304775177781,tno-rate
Sedna,4,58.56713962484897,8.241307419721402,tno-rate
Sedna,5,58.567146285006146,8.241310064265022,tno-rate
Sedna,6,58.567152945163315,8.241312708808643,tno-rate
Sedna,7,58.567159605320484,8.241315353352263,tno-rate
Sedna,8,58.56716626547766,8.241317997895884,tno-rate
Sedna,9,58.56717292563483,8.241320642439504,tno-rate
Sedna,10,58.567179585792,8.241323286983125,tno-rate
Sedna,11,58.56718624594917,8.241325931526745,tno-rate
Sedna,12,58.56719290610634,8.241328576070366,tno-rate
Sedna,13,58.56719956626351,8.241331220613986,tno-rate
Sedna,14,58.56720622642069,8.241333865157607,tno-rate
Sedna,15,58.567212886577856,8.241336509701227,tno-rate
Sedna,16,58.567219546735025,8.241339154244848,tno-rate
Sedna,17,58.5672262068922,8.241341798788469,tno-rate
Sedna,18,58.56723286704937,8.241344443332089,tno-rate
Sedna,19,58.56723952720654,8.24134708787571,tno-rate
Sedna,20,58.567246187363715,8.241349732419332,tno-rate
Sedna,21,58.567252847520884,8.241352376962952,tno-rate
Sedna,22,58.56725950767805,8.241355021506573,tno-rate
Sedna,23,58.56726616783523,8.241357666050193,tno-rate
Sedna,24,58.5672728279924,8.241360310593814,tno-rate
Sedna,25,58.567279488149566,8.241362955137435,tno-rate
Sedna,26,58.56728614830674,8.241365599681055,tno-rate
Sedna,27,58.56729280846391,8.241368244224676,tno-rate
Sedna,28,58.56729946862108,8.241370888768296,tno-rate
Sedna,29,58.567306128778256,8.241373533311917,tno-rate
Sedna,30,58.567312788935425,8.241376177855537,tno-rate
Transpluto,-30,154.38201043626498,10.615182080023956,engine
Transpluto,-20,154.38196657972696,10.615198671103443,engine
Transpluto,-15,154.38194465350645,10.615206965829177,engine
Transpluto,-10,154.38192272865584,10.615215260010682,engine
Transpluto,-5,154.38190080516944,10.615223553650058,engine
Transpluto,-2,154.3818876517357,10.615228529572155,engine
Transpluto,-1,154.38188326736721,10.615230188169372,engine
Transpluto,0,154.38187888305336,10.615231846744896,engine
Transpluto,1,154.38187449879422,10.615233505298653,engine
Transpluto,2,154.3818701145899,10.615235163830672,engine
Transpluto,3,154.38186573044018,10.615236822340956,engine
Transpluto,4,154.38186134634518,10.615238480829479,engine
Transpluto,5,154.38185696230494,10.615240139296294,engine
Transpluto,6,154.3818525783164,10.61524179774241,engine
Transpluto,7,154.3818481943856,10.615243456165722,engine
Transpluto,8,154.38184381050948,10.615245114567305,engine
Transpluto,9,154.38183942668812,10.6152467729471,engine
Transpluto,10,154.38183504292144,10.615248431305172,engine
Transpluto,11,154.38183065920947,10.61525008964147,engine
Transpluto,12,154.38182627555219,10.615251747956084,engine
Transpluto,13,154.38182189194973,10.615253406248875,engine
Transpluto,14,154.381817508402,10.61525506451994,engine
Transpluto,15,154.38181312490894,10.615256722769267,engine
Transpluto,16,154.38180874147065,10.615258380996808,engine
Transpluto,17,154.38180435808417,10.615260039203719,engine
Transpluto,18,154.3817999747553,10.615261697387814,engine
Transpluto,19,154.3817955914812,10.615263355550118,engine
Transpluto,20,154.38179120826186,10.615265013690642,engine
Transpluto,21,154.3817868250972,10.61526667180947,engine
Transpluto,22,154.38178244198735,10.615268329906492,engine
Transpluto,23,154.38177805893227,10.615269987981762,engine
Transpluto,24,154.38177367593187,10.615271646035287,engine
Transpluto,25,154.38176929298623,10.615273304067031,engine
Transpluto,26,154.38176491009543,10.615274962077008,engine
Transpluto,27,154.3817605272593,10.615276620065233,engine
Transpluto,28,154.38175614447783,10.615278278031736,engine
Transpluto,29,154.38175176174832,10.615279935977533,engine
Transpluto,30,154.38174737907647,10.6152815939005,engine
Part_of_Fortune,-30,210.05011759427583,30.564997516032044,engine
Part_of_Fortune,-20,211.76253573652912,29.991078163127483,engine
Part_of_Fortune,-15,212.61603663488884,29.70025153090041,engine
Part_of_Fortune,-10,213.46782102333447,29.40691955996347,engine
Part_of_Fortune,-5,214.31795381567224,29.111137564047763,engine
Part_of_Fortune,-2,214.8272671478065,28.93251574111736,engine
Part_of_Fortune,-1,214.99691348355327,28.87278574380395,engine
Part_of_Fortune,0,215.16649836833216,28.812961815380106,engine
Part_of_Fortune,1,215.33602212780357,28.753044410318775,engine
Part_of_Fortune,2,215.50548541850338,28.69303399255331,engine
Part_of_Fortune,3,215.6748885620155,28.632931019206424,engine
Part_of_Fortune,4,215.84423221074456,28.572735956797423,engine
Part_of_Fortune,5,216.01351668255717,28.51244926500859,engine
Part_of_Fortune,6,216.18274273806566,28.452071372898416,engine
Part_of_Fortune,7,216.35191054863878,28.391602825318206,engine
Part_of_Fortune,8,216.52102062208468,28.331044047842532,engine
Part_of_Fortune,9,216.69007360080317,28.270395513514693,engine
Part_of_Fortune,10,216.859069792765,28.209657688833627,engine
Part_of_Fortune,11,217.0280098364924,28.14883104946469,engine
Part_of_Fortune,12,217.19689403653462,28.087916064487203,engine
Part_of_Fortune,13,217.36572302674995,28.02691321253556,engine
Part_of_Fortune,14,217.53449719169208,27.9658229670827,engine
Part_of_Fortune,15,217.70321691295572,27.904645803420394,engine
Part_of_Fortune,16,217.87188281976,27.843382203790142,engine
Part_of_Fortune,17,218.0404953204465,27.78203260297497,engine
Part_of_Fortune,18,218.20905481419868,27.720597568256377,engine
Part_of_Fortune,19,218.37756178953674,27.659077538819535,engine
Part_of_Fortune,20,218.54601661929814,27.59747299668173,engine
Part_of_Fortune,21,218.7144199238679,27.535784430683776,engine
Part_of_Fortune,22,218.88277207266754,27.4740123255025,engine
Part_of_Fortune,23,219.05107343472017,27.41215716672785,engine
Part_of_Fortune,24,219.21932462441436,27.350219447503513,engine
Part_of_Fortune,25,219.38752592393917,27.288199654482895,engine
Part_of_Fortune,26,219.55567794526752,27.226098283097123,engine
Part_of_Fortune,27,219.72378104971892,27.163915824742755,engine
Part_of_Fortune,28,219.89183559828362,27.101652771699783,engine
Part_of_Fortune,29,220.05984230951634,27.039309581990246,engine
Part_of_Fortune,30,220.22780131565756,26.976886834271802,engine
Part_of_Spirit,-30,88.22879296956079,-5.491842661415765,engine
Part_of_Spirit,-20,89.8175227437999,-6.10103471571618,engine
Part_of_Spirit,-15,90.60960804184944,-6.4091982467774855,engine
Part_of_Spirit,-10,91.40024922952257,-6.719664097576873,engine
Part_of_Spirit,-5,92.18950148539172,-7.032374511594757,engine
Part_of_Spirit,-2,92.66240813889678,-7.221053783449339,engine
Part_of_Spirit,-1,92.81993882819505,-7.284119549495895,engine
Part_of_Spirit,0,92.97741766415477,-7.347270865107596,engine
Part_of_Spirit,1,93.13484522126407,-7.410507249286066,engine
Part_of_Spirit,2,93.29222174121509,-7.473828228926806,engine
Part_of_Spirit,3,93.4495477939161,-7.5372333207128435,engine
Part_of_Spirit,4,93.60682361661868,-7.600722049149091,engine
Part_of_Spirit,5,93.76404977507093,-7.664293928718601,engine
Part_of_Spirit,6,93.92122660633288,-7.727948523779601,engine
Part_of_Spirit,7,94.07835437960979,-7.79168526378059,engine
Part_of_Spirit,8,94.23543367599937,-7.8555037042340885,engine
Part_of_Spirit,9,94.39246472206983,-7.919403363646824,engine
Part_of_Spirit,10,94.5494480723815,-7.983383750540032,engine
Part_of_Spirit,11,94.70638394939311,-8.047444381008681,engine
Part_of_Spirit,12,94.86327290378786,-8.11158476134513,engine
Part_of_Spirit,13,95.0201151530477,-8.17580440487234,engine
Part_of_Spirit,14,95.17691116192164,-8.24010281792401,engine
Part_of_Spirit,15,95.3336613918849,-8.304479505194907,engine
Part_of_Spirit,16,95.4903660554322,-8.368933976733734,engine
Part_of_Spirit,17,95.64702579787105,-8.433465776136284,engine
Part_of_Spirit,18,95.80364061745331,-8.49807432437272,engine
Part_of_Spirit,19,95.96021107383018,-8.56275916497503,engine
Part_of_Spirit,20,96.1167376187484,-8.627519796715704,engine
Part_of_Spirit,21,96.27322045523883,-8.692355723600445,engine
Part_of_Spirit,22,96.42966003133552,-8.757266442004054,engine
Part_of_Spirit,23,96.58605679437508,-8.822251447628403,engine
Part_of_Spirit,24,96.74241094104576,-8.887310240498387,engine
Part_of_Spirit,25,96.8987229968003,-8.952442311624537,engine
Part_of_Spirit,26,97.0549931557157,-9.017647158982816,engine
Part_of_Spirit,27,97.21122185674712,-9.082924273051045,engine
Part_of_Spirit,28,97.36740953826111,-9.148273143621445,engine
Part_of_Spirit,29,97.52355649269826,-9.21369330849449,engine
Part_of_Spirit,30,97.67966294528023,-9.279184167230953,engine
Ascendant,-30,149.13945528191832,12.53657742730814,engine
Ascendant,-20,150.7900292401645,11.945021723705652,engine
Ascendant,-15,151.61282233836914,11.645526642061462,engine
Ascendant,-10,152.4340351264285,11.3436277311933,engine
Ascendant,-5,153.25372765053197,11.039381526226503,engine
Ascendant,-2,153.74483764335164,10.85573097883401,engine
Ascendant,-1,153.90842615587417,10.794333097154027,engine
Ascendant,0,154.07195801624346,10.732845475136255,engine
Ascendant,1,154.23543367453382,10.671268580516355,engine
Ascendant,2,154.39885357985924,10.609602881813252,engine
Ascendant,3,154.5622181779658,10.54784884924679,engine
Ascendant,4,154.72552791368162,10.486006953824166,engine
Ascendant,5,154.88878322881405,10.424077668144994,engine
Ascendant,6,155.05198467219927,10.362061424559409,engine
Ascendant,7,155.21513246412428,10.299958780768808,engine
Ascendant,8,155.37822714904203,10.237770171804222,engine
Ascendant,9,155.5412691614365,10.175496074933934,engine
Ascendant,10,155.70425893257325,10.113136969146797,engine
Ascendant,11,155.86719689294276,10.050693334228004,engine
Ascendant,12,156.03008347016123,9.988165651571036,engine
Ascendant,13,156.19291908989882,9.92555440383161,engine
Ascendant,14,156.35570417680685,9.862860074579347,engine
Ascendant,15,156.5184391524203,9.800083149112742,engine
Ascendant,16,156.6811244375961,9.737224113528205,engine
Ascendant,17,156.84376055915877,9.674283413419342,engine
Ascendant,18,157.006347715826,9.611261621941829,engine
Ascendant,19,157.16888643168346,9.548159186922252,engine
Ascendant,20,157.33137711902327,9.484976599983012,engine
Ascendant,21,157.49382018955336,9.421714353541665,engine
Ascendant,22,157.65621605200153,9.358372941749222,engine
Ascendant,23,157.81856511454762,9.294952859549724,engine
Ascendant,24,157.98086778273006,9.231454603502563,engine
Ascendant,25,158.14312446036973,9.167878671429179,engine
Ascendant,26,158.3053355504916,9.104225562057154,engine
Ascendant,27,158.467501453233,9.040495775845855,engine
Ascendant,28,158.62962256827237,8.976689814039169,engine
Ascendant,29,158.7916994011073,8.912808136747879,engine
Ascendant,30,158.9537321304689,8.848851333520424,engine
Midheaven,-30,42.156024954246845,16.2216041715439,engine
Midheaven,-20,44.6605554437136,16.946020834743962,engine
Midheaven,-15,45.91281817489184,17.294844095829596,engine
Midheaven,-10,47.165081961672506,17.634610944871337,engine
Midheaven,-5,48.41734935313211,17.965230605992854,engine
Midheaven,-2,49.16871225621163,18.159176433588136,engine
Midheaven,-1,49.41916709072151,18.223083535224013,engine
Midheaven,0,49.669622221873176,18.286618855957652,engine
Midheaven,1,49.92007766627107,18.349781794086812,engine
Midheaven,2,50.170533442356636,18.41257175817623,engine
Midheaven,3,50.420989566685186,18.474988166020886,engine
Midheaven,4,50.671446057646406,18.537030445480358,engine
Midheaven,5,50.92190293220631,18.598698033567175,engine
Midheaven,6,51.17236037478815,18.65999041756106,engine
Midheaven,7,51.422818068721696,18.720906971549525,engine
Midheaven,8,51.673276197902176,18.78144720145987,engine
Midheaven,9,51.92373478056668,18.84161058166437,engine
Midheaven,10,52.17419383305669,18.901396595095232,engine
Midheaven,11,52.42465337353897,18.960804734040163,engine
Midheaven,12,52.675113418747394,19.019834499265038,engine
Midheaven,13,52.925573985377454,19.078485400251743,engine
Midheaven,14,53.17603509148045,19.136756955424005,engine
Midheaven,15,53.42649675320593,19.194648691288368,engine
Midheaven,16,53.67695898852177,19.252160143202232,engine
Midheaven,17,53.92742198144674,19.309290892599034,engine
Midheaven,18,54.17788541348479,19.366040414652712,engine
Midheaven,19,54.428349469958874,19.422408307721266,engine
Midheaven,20,54.678814166793536,19.47839413944039,engine
Midheaven,21,54.92927952172579,19.53399748579624,engine
Midheaven,22,55.17974555058134,19.589217930196725,engine
Midheaven,23,55.43021227099567,19.644055064201584,engine
Midheaven,24,55.68067969915573,19.698508486706427,engine
Midheaven,25,55.93114785119478,19.752577804157852,engine
Midheaven,26,56.18161674458641,19.806262630756162,engine
Midheaven,27,56.432086394886895,19.859562587658836,engine
Midheaven,28,56.68255681945581,19.912477303683467,engine
Midheaven,29,56.93302820169388,19.965006449516867,engine
Midheaven,30,57.18350022245473,20.017149597669473,engine
Vertex,-30,294.9106006916629,-21.46303468071267,engine
Vertex,-20,297.87556139463794,-20.96657615065294,engine
Vertex,-15,299.3785286874592,-20.69391238268901,engine
Vertex,-10,300.8953204987774,-20.40448207005434,engine
Vertex,-5,302.42604248832595,-20.09793427701955,engine
Vertex,-2,303.35119914236066,-19.90564640412909,engine
Vertex,-1,303.6607089506237,-19.840141110426956,engine
Vertex,0,303.9707817731225,-19.77392674862859,engine
Vertex,1,304.28141809058025,-19.707000711658534,engine
Vertex,2,304.5926183525398,-19.63936041515034,engine
Vertex,3,304.90438297222215,-19.57100329950801,engine
Vertex,4,305.2167123306233,-19.50192682998728,engine
Vertex,5,305.529606771935,-19.432128498686232,engine
Vertex,6,305.84306681455286,-19.361605777891597,engine
Vertex,7,306.15709231345005,-19.29035630994764,engine
Vertex,8,306.4716837132687,-19.218377626380693,engine
Vertex,9,306.7868412143628,-19.145667336175613,engine
Vertex,10,307.10256497701715,-19.072223081128044,engine
Vertex,11,307.4188551255959,-18.998042535982968,engine
Vertex,12,307.73571174390406,-18.923123410624495,engine
Vertex,13,308.05313487640757,-18.84746345092902,engine
Vertex,14,308.3711245294703,-18.77106043961333,engine
Vertex,15,308.68968066668907,-18.69391219851549,engine
Vertex,16,309.0088032130838,-18.616016588771718,engine
Vertex,17,309.32849226439566,-18.537371460304293,engine
Vertex,18,309.6487472328127,-18.45797486361388,engine
Vertex,19,309.9695681309243,-18.377824735149535,engine
Vertex,20,310.29095471226844,-18.296919109592924,engine
Vertex,21,310.61290668916314,-18.215256067728,engine
Vertex,22,310.9354237274001,-18.13283373906218,engine
Vertex,23,311.2585054505029,-18.04965030204893,engine
Vertex,24,311.5821514350096,-17.965703986608368,engine
Vertex,25,311.9063612117425,-17.880993075143206,engine
Vertex,26,312.2311342670982,-17.79551590354544,engine
Vertex,27,312.55647003831183,-17.709270863801745,engine
Vertex,28,312.88236791776774,-17.622256404239167,engine
Vertex,29,313.208827466758,-17.534470973211572,engine
Vertex,30,313.5358475431647,-17.44591325550195,engine
Algol,-30,47.03629677874439,40.95571324168883,engine
Algol,-20,47.03629650578828,40.95571446276382,engine
Algol,-15,47.03629631838175,40.955715074477986,engine
Algol,-10,47.03629609698769,40.955715686484766,engine
Algol,-5,47.0362958415999,40.95571629841538,engine
Algol,-2,47.03629567205383,40.955716665383584,engine
Algol,-1,47.03629561282054,40.95571678765692,engine
Algol,0,47.03629555222863,40.95571690990065,engine
Algol,1,47.03629549027839,40.95571703211183,engine
Algol,2,47.03629542697011,40.955717154287505,engine
Algol,3,47.03629536230409,40.95571727642471,engine
Algol,4,47.036295296280684,40.955717398520505,engine
Algol,5,47.036295228900265,40.95571752057196,engine
Algol,6,47.036295160163164,40.9557176425762,engine
Algol,7,47.03629509006991,40.95571776453013,engine
Algol,8,47.03629501862088,40.95571788643086,engine
Algol,9,47.03629494581656,40.9557180082755,engine
Algol,10,47.036294871657454,40.95571813006103,engine
Algol,11,47.03629479614407,40.95571825178457,engine
Algol,12,47.03629471927696,40.95571837344316,engine
Algol,13,47.036294641056735,40.95571849503387,engine
Algol,14,47.036294561483935,40.955718616553746,engine
Algol,15,47.036294480559235,40.95571873799989,engine
Algol,16,47.03629439828326,40.95571885936933,engine
Algol,17,47.03629431465665,40.95571898065924,engine
Algol,18,47.036294229680216,40.9557191018665,engine
Algol,19,47.036294143354624,40.95571922298828,engine
Algol,20,47.036294055680635,40.95571934402166,engine
Algol,21,47.03629396665905,40.9557194649637,engine
Algol,22,47.036293876290664,40.95571958581149,engine
Algol,23,47.03629378457631,40.95571970656209,engine
Algol,24,47.036293691516825,40.95571982721259,engine
Algol,25,47.036293597113136,40.95571994776007,engine
Algol,26,47.03629350136614,40.95572006820161,engine
Algol,27,47.03629340427676,40.9557201885343,engine
Algol,28,47.03629330584596,40.955720308755225,engine
Algol,29,47.036293206074674,40.95572042886156,engine
Algol,30,47.03629310496406,40.95572054885023,engine
Pleiades,-30,56.8669359034719,24.104246615970123,engine
Pleiades,-20,56.866936011331134,24.104247416449816,engine
Pleiades,-15,56.86693602408926,24.10424782007312,engine
Pleiades,-10,56.86693600923088,24.104248225651457,engine
Pleiades,-5,56.8669359666459,24.10424863295836,engine
Pleiades,-2,56.8669359277453,24.104248878077577,engine
Pleiades,-1,56.86693591254922,24.104248959895568,engine
Pleiades,0,56.86693589623748,24.104249041766305,engine
Pleiades,1,56.866935878809414,24.10424912368795,engine
Pleiades,2,56.866935860264405,24.104249205658697,engine
Pleiades,3,56.86693584060188,24.104249287676723,engine
Pleiades,4,56.86693581982132,24.104249369740167,engine
Pleiades,5,56.86693579792214,24.104249451847213,engine
Pleiades,6,56.866935774903816,24.104249533996093,engine
Pleiades,7,56.86693575076587,24.104249616184845,engine
Pleiades,8,56.866935725507844,24.104249698411707,engine
Pleiades,9,56.86693569912924,24.104249780674845,engine
Pleiades,10,56.86693567162967,24.104249862972413,engine
Pleiades,11,56.8669356430087,24.104249945302584,engine
Pleiades,12,56.86693561326596,24.104250027663525,engine
Pleiades,13,56.86693558240105,24.104250110053396,engine
Pleiades,14,56.866935550413636,24.104250192470335,engine
Pleiades,15,56.8669355173034,24.104250274912562,engine
Pleiades,16,56.86693548307004,24.10425035737818,engine
Pleiades,17,56.86693544771324,24.104250439865442,engine
Pleiades,18,56.8669354112328,24.104250522372382,engine
Pleiades,19,56.866935373628436,24.104250604897228,engine
Pleiades,20,56.866935334899956,24.104250687438125,engine
Pleiades,21,56.86693529504715,24.10425076999324,engine
Pleiades,22,56.86693525406985,24.10425085256074,engine
Pleiades,23,56.86693521196788,24.104250935138783,engine
Pleiades,24,56.86693516874114,24.104251017725513,engine
Pleiades,25,56.8669351243895,24.10425110031911,engine
Pleiades,26,56.866935078912896,24.104251182917714,engine
Pleiades,27,56.866935032311225,24.104251265519505,engine
Pleiades,28,56.86693498458446,24.10425134812263,engine
Pleiades,29,56.866934935732544,24.10425143072529,engine
Pleiades,30,56.86693488575557,24.104251513325558,engine
Capella,-30,79.16952329819938,45.99715574055905,engine
Capella,-20,79.16952440174609,45.997156950684186,engine
Capella,-15,79.16952490805056,45.99715757155557,engine
Capella,-10,79.16952538343656,45.99715820251933,engine
Capella,-5,79.16952582746832,45.99715884323448,engine
Capella,-2,79.16952607866155,45.99715923220051,engine
Capella,-1,79.16952615983521,45.99715936259528,engine
Capella,0,79.16952623972482,45.99715949335508,engine
Capella,1,79.16952631832712,45.99715962447714,engine
Capella,2,79.16952639563897,45.99715975595854,engine
Capella,3,79.16952647165722,45.99715988779656,engine
Capella,4,79.16952654637875,45.99716001998829,engine
Capella,5,79.16952661980045,45.9971601525309,engine
Capella,6,79.1695266919193,45.997160285421664,engine
Capella,7,79.16952676273216,45.997160418657494,engine
Capella,8,79.16952683223604,45.99716055223564,engine
Capella,9,79.16952690042798,45.99716068615325,engine
Capella,10,79.16952696730498,45.9971608204074,engine
Capella,11,79.16952703286408,45.997160954995266,engine
Capella,12,79.16952709710239,45.997161089913895,engine
Capella,13,79.169527160017,45.99716122516043,engine
Capella,14,79.16952722160504,45.99716136073197,engine
Capella,15,79.16952728186364,45.99716149662558,engine
Capella,16,79.16952734079003,45.99716163283837,engine
Capella,17,79.16952739838139,45.99716176936751,engine
Capella,18,79.16952745463493,45.99716190620988,engine
Capella,19,79.1695275095479,45.99716204336263,engine
Capella,20,79.16952756311764,45.99716218082283,engine
Capella,21,79.16952761534141,45.997162318587534,engine
Capella,22,79.16952766621654,45.99716245665382,engine
Capella,23,79.16952771574041,45.997162595018665,engine
Capella,24,79.16952776391041,45.99716273367917,engine
Capella,25,79.16952781072393,45.99716287263233,engine
Capella,26,79.16952785617842,45.99716301187519,engine
Capella,27,79.16952790027135,45.99716315140478,engine
Capella,28,79.16952794300018,45.99716329121809,engine
Capella,29,79.16952798436249,45.997163431312224,engine
Capella,30,79.16952802435574,45.99716357168401,engine
Sirius,-30,101.28302640591735,-16.727249589001637,engine
Sirius,-20,101.28302777603872,-16.727249855221732,engine
Sirius,-15,101.2830284391988,-16.72724999766994,engine
Sirius,-10,101.28302908710756,-16.72725014622494,engine
Sirius,-5,101.28302971928619,-16.727250300794157,engine
Sirius,-2,101.28303009084632,-16.727250396382853,engine
Sirius,-1,101.28303021338614,-16.72725042871563,engine
Sirius,0,101.28303033526299,-16.727250461282015,engine
Sirius,1,101.28303045647318,-16.72725049408123,engine
Sirius,2,101.2830305770131,-16.727250527112446,engine
Sirius,3,101.283030696879,-16.727250560374898,engine
Sirius,4,101.2830308160673,-16.72725059386775,engine
Sirius,5,101.28303093457433,-16.7272506275902,engine
Sirius,6,101.28303105239658,-16.727250661541433,engine
Sirius,7,101.28303116953026,-16.727250695720617,engine
Sirius,8,101.28303128597187,-16.727250730126922,engine
Sirius,9,101.28303140171782,-16.727250764759518,engine
Sirius,10,101.28303151676454,-16.72725079961757,engine
Sirius,11,101.2830316311085,-16.72725083470025,engine
Sirius,12,101.28303174474613,-16.7272508700067,engine
Sirius,13,101.2830318576739,-16.72725090553608,engine
Sirius,14,101.28303196988833,-16.72725094128753,engine
Sirius,15,101.28303208138591,-16.72725097726021,engine
Sirius,16,101.28303219216312,-16.72725101345323,engine
Sirius,17,101.2830323022166,-16.72725104986578,engine
Sirius,18,101.28303241154273,-16.72725108649692,engine
Sirius,19,101.28303252013815,-16.727251123345816,engine
Sirius,20,101.2830326279994,-16.72725116041157,engine
Sirius,21,101.2830327351231,-16.72725119769332,engine
Sirius,22,101.28303284150583,-16.72725123519016,engine
Sirius,23,101.28303294714419,-16.727251272901224,engine
Sirius,24,101.28303305203484,-16.727251310825597,engine
Sirius,25,101.28303315617437,-16.727251348962387,engine
Sirius,26,101.28303325955949,-16.72725138731069,engine
Sirius,27,101.28303336218684,-16.72725142586961,engine
Sirius,28,101.2830334640531,-16.72725146463821,engine
Sirius,29,101.28303356515505,-16.727251503615634,engine
Sirius,30,101.28303366548927,-16.727251542800897,engine
Procyon,-30,114.82173860943855,5.216882195639,engine
Procyon,-20,114.82174016960775,5.216882352468578,engine
Procyon,-15,114.82174093680761,5.21688243413866,engine
Procyon,-10,114.8217416947113,5.21688251795427,engine
Procyon,-5,114.82174244279479,5.216882603895667,engine
Procyon,-2,114.82174288671483,5.216882656472271,engine
Procyon,-1,114.82174303384168,5.216882674165408,engine
Procyon,0,114.82174318053849,5.216882691942052,engine
Procyon,1,114.82174332680108,5.216882709802026,engine
Procyon,2,114.82174347262539,5.216882727745156,engine
Procyon,3,114.82174361800733,5.216882745771254,engine
Procyon,4,114.82174376294283,5.216882763880145,engine
Procyon,5,114.82174390742786,5.2168827820716395,engine
Procyon,6,114.82174405145841,5.2168828003455685,engine
Procyon,7,114.82174419503025,5.216882818701719,engine
Procyon,8,114.82174433813941,5.216882837139911,engine
Procyon,9,114.82174448078192,5.216882855659958,engine
Procyon,10,114.82174462295373,5.216882874261671,engine
Procyon,11,114.8217447646508,5.216882892944851,engine
Procyon,12,114.82174490586915,5.216882911709306,engine
Procyon,13,114.82174504660478,5.216882930554842,engine
Procyon,14,114.82174518685373,5.216882949481257,engine
Procyon,15,114.82174532661199,5.2168829684883535,engine
Procyon,16,114.82174546587558,5.216882987575929,engine
Procyon,17,114.82174560464068,5.216883006743796,engine
Procyon,18,114.8217457429031,5.216883025991724,engine
Procyon,19,114.82174588065907,5.216883045319517,engine
Procyon,20,114.82174601790457,5.216883064726976,engine
Procyon,21,114.82174615463579,5.216883084213886,engine
Procyon,22,114.82174629084871,5.216883103780039,engine
Procyon,23,114.82174642653949,5.21688312342522,engine
Procyon,24,114.82174656170424,5.216883143149219,engine
Procyon,25,114.82174669633908,5.216883162951823,engine
Procyon,26,114.82174683044012,5.21688318283281,engine
Procyon,27,114.8217469640035,5.216883202791969,engine
Procyon,28,114.82174709702538,5.216883222829075,engine
Procyon,29,114.82174722950205,5.216883242943929,engine
Procyon,30,114.82174736142944,5.216883263136271,engine
Alkaid,-30,206.89187559647718,49.311055275300255,engine
Alkaid,-20,206.89187682675038,49.31105412416605,engine
Alkaid,-15,206.8918774982481,49.31105355729627,engine
Alkaid,-10,206.89187820696264,49.31105299676411,engine
Alkaid,-5,206.8918789526038,49.311052442970094,engine
Alkaid,-2,206.89187941758584,49.311052114093584,engine
Alkaid,-1,206.89187957549746,49.31105200505371,engine
Alkaid,0,206.89187973486352,49.311051896311895,engine
Alkaid,1,206.89187989568137,49.31105178787127,engine
Alkaid,2,206.89188005794833,49.31105167973498,engine
Alkaid,3,206.89188022166164,49.3110515719062,engine
Alkaid,4,206.8918803868186,49.311051464388,engine
Alkaid,5,206.89188055341643,49.311051357183494,engine
Alkaid,6,206.89188072145242,49.31105125029573,engine
Alkaid,7,206.89188089092355,49.311051143727994,engine
Alkaid,8,206.8918810618271,49.31105103748328,engine
Alkaid,9,206.8918812341601,49.311050931564694,engine
Alkaid,10,206.89188140791973,49.3110508259753,engine
Alkaid,11,206.89188158310304,49.31105072071822,engine
Alkaid,12,206.89188175970702,49.31105061579651,engine
Alkaid,13,206.89188193772873,49.31105051121322,engine
Alkaid,14,206.89188211716512,49.31105040697141,engine
Alkaid,15,206.89188229801314,49.31105030307419,engine
Alkaid,16,206.8918824802698,49.31105019952455,engine
Alkaid,17,206.89188266393202,49.311050096325495,engine
Alkaid,18,206.89188284899646,49.311049993480175,engine
Alkaid,19,206.89188303546015,49.311049890991576,engine
Alkaid,20,206.89188322331984,49.3110497888627,engine
Alkaid,21,206.89188341257233,49.31104968709658,engine
Alkaid,22,206.89188360321444,49.31104958569619,engine
Alkaid,23,206.89188379524285,49.31104948466457,engine
Alkaid,24,206.8918839886543,49.311049384004704,engine
Alkaid,25,206.8918841834455,49.31104928371957,engine
Alkaid,26,206.8918843796131,49.31104918381213,engine
Alkaid,27,206.8918845771537,49.311049084285386,engine
Alkaid,28,206.89188477606393,49.3110489851423,engine
Alkaid,29,206.89188497634052,49.31104888638576,engine
Alkaid,30,206.89188517797976,49.311048788018844,engine
Algorab,-30,187.47007370576927,-16.51861180611763,engine
Algorab,-20,187.470075044965,-16.518611378133368,engine
Algorab,-15,187.47007574671554,-16.518611170745807,engine
Algorab,-10,187.47007646942492,-16.518610967931362,engine
Algorab,-5,187.47007721272368,-16.518610769814778,engine
Algorab,-2,187.47007766842827,-16.518610653250903,engine
Algorab,-1,187.4700778219322,-16.51861061478644,engine
Algorab,0,187.4700779762321,-16.51861057651865,engine
Algorab,1,187.47007813132487,-16.518610538448502,engine
Algorab,2,187.47007828720731,-16.518610500576937,engine
Algorab,3,187.4700784438763,-16.518610462904906,engine
Algorab,4,187.47007860132862,-16.518610425433348,engine
Algorab,5,187.47007875956103,-16.518610388163193,engine
Algorab,6,187.47007891857044,-16.518610351095383,engine
Algorab,7,187.47007907835345,-16.518610314230862,engine
Algorab,8,187.47007923890686,-16.518610277570552,engine
Algorab,9,187.4700794002274,-16.51861024111537,engine
Algorab,10,187.47007956231184,-16.518610204866246,engine
Algorab,11,187.47007972515684,-16.518610168824093,engine
Algorab,12,187.47007988875913,-16.51861013298981,engine
Algorab,13,187.47008005311537,-16.518610097364324,engine
Algorab,14,187.47008021822222,-16.51861006194851,engine
Algorab,15,187.4700803840763,-16.518610026743296,engine
Algorab,16,187.47008055067428,-16.518609991749567,engine
Algorab,17,187.47008071801292,-16.5186099569682,engine
Algorab,18,187.47008088608854,-16.51860992240011,engine
Algorab,19,187.4700810548979,-16.518609888046175,engine
Algorab,20,187.47008122443754,-16.51860985390726,engine
Algorab,21,187.47008139470398,-16.518609819984253,engine
Algorab,22,187.47008156569387,-16.518609786278027,engine
Algorab,23,187.4700817374037,-16.518609752789427,engine
Algorab,24,187.47008190982996,-16.518609719519333,engine
Algorab,25,187.4700820829692,-16.518609686468615,engine
Algorab,26,187.47008225681793,-16.518609653638098,engine
Algorab,27,187.47008243137256,-16.51860962102865,engine
Algorab,28,187.47008260662963,-16.518609588641123,engine
Algorab,29,187.47008278258565,-16.51860955647632,engine
Algorab,30,187.47008295923686,-16.518609524535133,engine
Spica,-30,201.30327616535573,-11.163561519820297,engine
Spica,-20,201.30327713766692,-11.163561148850905,engine
Spica,-15,201.3032776599546,-11.163560966322256,engine
Spica,-10,201.3032782060232,-11.163560785898275,engine
Spica,-5,201.30327877562846,-11.163560607678134,engine
Spica,-2,201.30327912858314,-11.163560501844785,engine
Spica,-1,201.30327924808736,-11.163560466754802,engine
Spica,0,201.30327936851438,-11.163560431760015,engine
Spica,1,201.30327948986195,-11.163560396861191,engine
Spica,2,201.30327961212794,-11.163560362059107,engine
Spica,3,201.3032797353101,-11.163560327354524,engine
Spica,4,201.30327985940627,-11.163560292748219,engine
Spica,5,201.30327998441416,-11.163560258240945,engine
Spica,6,201.30328011033157,-11.163560223833453,engine
Spica,7,201.30328023715612,-11.163560189526555,engine
Spica,8,201.30328036488558,-11.163560155320967,engine
Spica,9,201.30328049351763,-11.163560121217465,engine
Spica,10,201.30328062304994,-11.163560087216794,engine
Spica,11,201.30328075348012,-11.163560053319717,engine
Spica,12,201.30328088480593,-11.16356001952698,engine
Spica,13,201.3032810170249,-11.163559985839338,engine
Spica,14,201.30328115013464,-11.163559952257526,engine
Spica,15,201.30328128413274,-11.163559918782301,engine
Spica,16,201.30328141901674,-11.1635598854144,engine
Spica,17,201.30328155478438,-11.163559852154556,engine
Spica,18,201.30328169143291,-11.163559819003535,engine
Spica,19,201.30328182896,-11.163559785962061,engine
Spica,20,201.30328196736312,-11.163559753030867,engine
Spica,21,201.30328210663978,-11.16355972021069,engine
Spica,22,201.3032822467874,-11.163559687502259,engine
Spica,23,201.3032823878035,-11.1635596549063,engine
Spica,24,201.30328252968548,-11.16355962242354,engine
Spica,25,201.30328267243075,-11.16355959005471,engine
Spica,26,201.30328281603673,-11.163559557800522,engine
Spica,27,201.30328296050078,-11.163559525661704,engine
Spica,28,201.3032831058203,-11.163559493638973,engine
Spica,29,201.30328325199267,-11.16355946173302,engine
Spica,30,201.30328339901513,-11.163559429944607,engine
Arcturus,-30,213.91341847844438,19.167484849829105,engine
Arcturus,-20,213.91341910845367,19.16748436769357,engine
Arcturus,-15,213.91341946355686,19.167484128857932,engine
Arcturus,-10,213.91341984523982,19.167483891750756,engine
Arcturus,-5,213.9134202533722,19.167483656551237,engine
Arcturus,-2,213.91342051088833,19.167483516421484,engine
Arcturus,-1,213.91342059882598,19.167483469885088,engine
Arcturus,0,213.91342068781094,19.167483423437815,engine
Arcturus,1,213.91342077784196,19.167483377081076,engine
Arcturus,2,213.91342086891777,19.1674833308163,engine
Arcturus,3,213.91342096103702,19.167483284644874,engine
Arcturus,4,213.91342105419838,19.16748323856824,engine
Arcturus,5,213.91342114840043,19.167483192587788,engine
Arcturus,6,213.9134212436419,19.167483146704882,engine
Arcturus,7,213.91342133992126,19.167483100921004,engine
Arcturus,8,213.91342143723713,19.167483055237533,engine
Arcturus,9,213.91342153558807,19.167483009655864,engine
Arcturus,10,213.9134216349726,19.167482964177392,engine
Arcturus,11,213.91342173538928,19.167482918803508,engine
Arcturus,12,213.91342183683656,19.167482873535615,engine
Arcturus,13,213.91342193931294,19.167482828375118,engine
Arcturus,14,213.91342204281682,19.167482783323376,engine
Arcturus,15,213.91342214734672,19.167482738381814,engine
Arcturus,16,213.91342225290103,19.167482693551793,engine
Arcturus,17,213.91342235947823,19.167482648834685,engine
Arcturus,18,213.9134224670765,19.167482604231918,engine
Arcturus,19,213.91342257569434,19.167482559744844,engine
Arcturus,20,213.91342268533,19.16748251537486,engine
Arcturus,21,213.9134227959819,19.167482471123314,engine
Arcturus,22,213.91342290764828,19.167482426991597,engine
Arcturus,23,213.91342302032743,19.16748238298109,engine
Arcturus,24,213.91342313401762,19.167482339093134,engine
Arcturus,25,213.9134232487171,19.167482295329105,engine
Arcturus,26,213.91342336442403,19.167482251690387,engine
Arcturus,27,213.9134234811367,19.167482208178324,engine
Arcturus,28,213.91342359885323,19.167482164794272,engine
Arcturus,29,213.9134237175719,19.16748212153957,engine
Arcturus,30,213.91342383729068,19.167482078415638,engine
Alphecca,-30,233.67744588829174,26.71078626694717,engine
Alphecca,-20,233.67744588952814,26.710785539946787,engine
Alphecca,-15,233.67744593267315,26.71078517358019,engine
Alphecca,-10,233.67744600429577,26.710784805634653,engine
Alphecca,-5,233.677446104474,26.71078443636001,engine
Alphecca,-2,233.67744617831482,26.710784214261523,engine
Alphecca,-1,233.67744620522012,26.71078414015176,engine
Alphecca,0,233.6774462332719,26.710784066006916,engine
Alphecca,1,233.6774462624705,26.710783991828965,engine
Alphecca,2,233.67744629281637,26.710783917619928,engine
Alphecca,3,233.6774463243097,26.710783843381815,engine
Alphecca,4,233.6774463569508,26.710783769116635,engine
Alphecca,5,233.67744639074004,26.710783694826418,engine
Alphecca,6,233.67744642567754,26.710783620513094,engine
Alphecca,7,233.67744646176365,26.710783546178806,engine
Alphecca,8,233.6774464989985,26.710783471825515,engine
Alphecca,9,233.67744653738225,26.71078339745522,engine
Alphecca,10,233.67744657691512,26.710783323069943,engine
Alphecca,11,233.6774466175972,26.710783248671696,engine
Alphecca,12,233.67744665942868,26.71078317426251,engine
Alphecca,13,233.6774467024096,26.710783099844388,engine
Alphecca,14,233.67744674654006,26.710783025419335,engine
Alphecca,15,233.6774467918201,26.710782950989387,engine
Alphecca,16,233.67744683824975,26.710782876556554,engine
Alphecca,17,233.677446885829,26.71078280212278,engine
Alphecca,18,233.6774469345579,26.710782727690205,engine
Alphecca,19,233.67744698443633,26.710782653260793,engine
Alphecca,20,233.67744703546427,26.710782578836564,engine
Alphecca,21,233.67744708764167,26.710782504419505,engine
Alphecca,22,233.67744714096835,26.71078243001168,engine
Alphecca,23,233.67744719544424,26.71078235561506,engine
Alphecca,24,233.67744725106925,26.710782281231676,engine
Alphecca,25,233.67744730784312,26.710782206863556,engine
Alphecca,26,233.67744736576566,26.710782132512694,engine
Alphecca,27,233.67744742483663,26.710782058181117,engine
Alphecca,28,233.67744748505595,26.71078198387082,engine
Alphecca,29,233.67744754642328,26.7107819095838,engine
Alphecca,30,233.67744760893822,26.71078183532214,engine
Vega,-30,279.2372332183908,38.780528409175616,engine
Vega,-20,279.23723158998337,38.7805276965833,engine
Vega,-15,279.2372308041442,38.78052732050602,engine
Vega,-10,279.2372300379948,38.78052693151478,engine
Vega,-5,279.2372292921081,38.78052652982229,engine
Vega,-2,279.2372288545371,38.78052628280107,engine
Vega,-1,279.23722871036705,38.78052619947037,engine
Vega,0,279.23722856704785,38.78052611564756,engine
Vega,1,279.23722842458386,38.78052603133442,engine
Vega,2,279.23722828297946,38.78052594653279,engine
Vega,3,279.2372281422391,38.78052586124451,engine
Vega,4,279.237228002367,38.78052577547142,engine
Vega,5,279.23722786336754,38.780525689215374,engine
Vega,6,279.2372277252449,38.780525602478214,engine
Vega,7,279.23722758800375,38.78052551526188,engine
Vega,8,279.23722745164804,38.780525427568215,engine
Vega,9,279.23722731618216,38.78052533939911,engine
Vega,10,279.2372271816103,38.78052525075649,engine
Vega,11,279.23722704793676,38.780525161642245,engine
Vega,12,279.2372269151657,38.780525072058275,engine
Vega,13,279.2372267833013,38.78052498200653,engine
Vega,14,279.2372266523478,38.78052489148896,engine
Vega,15,279.23722652230924,38.7805248005075,engine
Vega,16,279.23722639318987,38.780524709064096,engine
Vega,17,279.23722626499375,38.78052461716065,engine
Vega,18,279.23722613772503,38.78052452479928,engine
Vega,19,279.2372260113878,38.780524431981874,engine
Vega,20,279.23722588598616,38.78052433871045,engine
Vega,21,279.2372257615241,38.780524244987,engine
Vega,22,279.2372256380057,38.780524150813534,engine
Vega,23,279.23722551543494,38.78052405619204,engine
Vega,24,279.2372253938158,38.78052396112458,engine
Vega,25,279.2372252731524,38.78052386561318,engine
Vega,26,279.23722515344843,38.78052376965987,engine
Vega,27,279.2372250347081,38.780523673266714,engine
Vega,28,279.23722491693525,38.78052357643576,engine
Vega,29,279.2372248001337,38.78052347916902,engine
Vega,30,279.2372246843074,38.780523381468676,engine
Deneb Algedi,-30,326.758387595536,-16.13010926345842,engine
Deneb Algedi,-20,326.75838574847535,-16.13010921219343,engine
Deneb Algedi,-15,326.7583848162866,-16.130109176161397,engine
Deneb Algedi,-10,326.75838387908937,-16.130109133155056,engine
Deneb Algedi,-5,326.7583829374591,-16.130109083147534,engine
Deneb Algedi,-2,326.75838237059355,-16.130109049772567,engine
Deneb Algedi,-1,326.7583821813516,-16.130109038084807,engine
Deneb Algedi,0,326.7583819919739,-16.1301090261154,engine
Deneb Algedi,1,326.75838180246524,-16.130109013864182,engine
Deneb Algedi,2,326.75838161283025,-16.13010900133103,engine
Deneb Algedi,3,326.75838142307356,-16.130108988515783,engine
Deneb Algedi,4,326.7583812331997,-16.130108975418324,engine
Deneb Algedi,5,326.7583810432135,-16.13010896203852,engine
Deneb Algedi,6,326.7583808531194,-16.130108948376233,engine
Deneb Algedi,7,326.75838066292226,-16.130108934431366,engine
Deneb Algedi,8,326.7583804726267,-16.130108920203806,engine
Deneb Algedi,9,326.7583802822374,-16.130108905693433,engine
Deneb Algedi,10,326.75838009175897,-16.13010889090015,engine
Deneb Algedi,11,326.758379901196,-16.130108875823865,engine
Deneb Algedi,12,326.7583797105533,-16.13010886046449,engine
Deneb Algedi,13,326.7583795198355,-16.13010884482193,engine
Deneb Algedi,14,326.7583793290472,-16.130108828896105,engine
Deneb Algedi,15,326.75837913819316,-16.130108812686952,engine
Deneb Algedi,16,326.758378947278,-16.130108796194392,engine
Deneb Algedi,17,326.7583787563063,-16.130108779418354,engine
Deneb Algedi,18,326.7583785652829,-16.130108762358795,engine
Deneb Algedi,19,326.75837837421244,-16.130108745015665,engine
Deneb Algedi,20,326.7583781830996,-16.13010872738891,engine
Deneb Algedi,21,326.758377991949,-16.13010870947849,engine
Deneb Algedi,22,326.75837780076523,-16.130108691284363,engine
Deneb Algedi,23,326.7583776095532,-16.130108672806493,engine
Deneb Algedi,24,326.7583774183175,-16.130108654044875,engine
Deneb Algedi,25,326.7583772270627,-16.130108634999477,engine
Deneb Algedi,26,326.75837703579356,-16.130108615670277,engine
Deneb Algedi,27,326.75837684451477,-16.13010859605727,engine
Deneb Algedi,28,326.758376653231,-16.130108576160467,engine
Deneb Algedi,29,326.7583764619468,-16.13010855597983,engine
Deneb Algedi,30,326.7583762706671,-16.13010853551541,engine
Rigel,-30,78.63201613644254,-8.204454365606171,engine
Rigel,-20,78.63201689431331,-8.204454515317375,engine
Rigel,-15,78.63201724112817,-8.204454593318989,engine
Rigel,-10,78.63201756610997,-8.204454673330053,engine
Rigel,-5,78.63201786895733,-8.204454755283463,engine
Rigel,-2,78.63201803991973,-8.204454805359545,engine
Rigel,-1,78.63201809510254,-8.20445482219895,engine
Rigel,0,78.63201814937932,-8.204454839111124,engine
Rigel,1,78.63201820274784,-8.204454856095515,engine
Rigel,2,78.6320182552059,-8.204454873151565,engine
Rigel,3,78.63201830675138,-8.20445489027872,engine
Rigel,4,78.63201835738208,-8.20445490747641,engine
Rigel,5,78.63201840709587,-8.204454924744091,engine
Rigel,6,78.63201845589067,-8.204454942081197,engine
Rigel,7,78.63201850376431,-8.204454959487155,engine
Rigel,8,78.63201855071476,-8.204454976961408,engine
Rigel,9,78.63201859673991,-8.204454994503388,engine
Rigel,10,78.63201864183775,-8.204455012112533,engine
Rigel,11,78.63201868600625,-8.204455029788269,engine
Rigel,12,78.63201872924336,-8.20445504753003,engine
Rigel,13,78.63201877154712,-8.20445506533725,engine
Rigel,14,78.63201881291555,-8.204455083209348,engine
Rigel,15,78.63201885334668,-8.204455101145763,engine
Rigel,16,78.63201889283856,-8.20445511914591,engine
Rigel,17,78.63201893138931,-8.204455137209226,engine
Rigel,18,78.63201896899696,-8.204455155335113,engine
Rigel,19,78.63201900565967,-8.204455173523007,engine
Rigel,20,78.63201904137554,-8.204455191772334,engine
Rigel,21,78.63201907614275,-8.204455210082502,engine
Rigel,22,78.63201910995944,-8.204455228452936,engine
Rigel,23,78.63201914282382,-8.204455246883049,engine
Rigel,24,78.63201917473408,-8.204455265372259,engine
Rigel,25,78.63201920568845,-8.204455283919986,engine
Rigel,26,78.63201923568515,-8.204455302525638,engine
Rigel,27,78.63201926472246,-8.204455321188627,engine
Rigel,28,78.63201929279865,-8.204455339908375,engine
Rigel,29,78.63201931991202,-8.20445535868429,engine
Rigel,30,78.63201934606087,-8.20445537751577,engine
Betelgeuse,-30,88.79151126742175,7.405607769832817,engine
Betelgeuse,-20,88.79151229935822,7.405608038650808,engine
Betelgeuse,-15,88.79151278763409,7.405608176493229,engine
Betelgeuse,-10,88.79151325692536,7.405608316553712,engine
Betelgeuse,-5,88.79151370685129,7.405608458777828,engine
Betelgeuse,-2,88.79151396735647,7.40560854512777,engine
Betelgeuse,-1,88.79151405259888,7.405608574077636,engine
Betelgeuse,0,88.79151413704018,7.405608603110024,engine
Betelgeuse,1,88.79151422067748,7.40560863222448,engine
Betelgeuse,2,88.79151430350794,7.405608661420547,engine
Betelgeuse,3,88.7915143855287,7.405608690697766,engine
Betelgeuse,4,88.79151446673697,7.405608720055672,engine
Betelgeuse,5,88.7915145471299,7.405608749493812,engine
Betelgeuse,6,88.79151462670482,7.405608779011735,engine
Betelgeuse,7,88.7915147054588,7.4056088086089416,engine
Betelgeuse,8,88.79151478338916,7.405608838284987,engine
Betelgeuse,9,88.79151486049314,7.405608868039399,engine
Betelgeuse,10,88.79151493676801,7.405608897871714,engine
Betelgeuse,11,88.7915150122111,7.405608927781453,engine
Betelgeuse,12,88.79151508681966,7.405608957768152,engine
Betelgeuse,13,88.79151516059105,7.405608987831336,engine
Betelgeuse,14,88.79151523352259,7.405609017970525,engine
Betelgeuse,15,88.79151530561164,7.405609048185245,engine
Betelgeuse,16,88.79151537685557,7.405609078475022,engine
Betelgeuse,17,88.79151544725183,7.405609108839396,engine
Betelgeuse,18,88.79151551679767,7.405609139277839,engine
Betelgeuse,19,88.79151558549064,7.405609169789897,engine
Betelgeuse,20,88.7915156533281,7.405609200375084,engine
Betelgeuse,21,88.79151572030754,7.405609231032914,engine
Betelgeuse,22,88.79151578642643,7.405609261762902,engine
Betelgeuse,23,88.79151585168223,7.405609292564558,engine
Betelgeuse,24,88.79151591607247,7.405609323437393,engine
Betelgeuse,25,88.79151597959465,7.405609354380919,engine
Betelgeuse,26,88.79151604224629,7.405609385394645,engine
Betelgeuse,27,88.79151610402495,7.405609416478079,engine
Betelgeuse,28,88.79151616492823,7.405609447630719,engine
Betelgeuse,29,88.79151622495371,7.405609478852098,engine
Betelgeuse,30,88.79151628409893,7.40560951014167,engine
Polaris,-30,37.5973526190355,89.26588817930693,engine
Polaris,-20,37.59731405388827,89.26588989043873,engine
Polaris,-15,37.597291786288245,89.26589074152042,engine
Polaris,-10,37.59726753620095,89.26589158886948,engine
Polaris,-5,37.597241310452155,89.265892431931,engine
Polaris,-2,37.59722462988579,89.26589293547957,engine
Polaris,-1,37.59721891257771,89.26589310292125,engine
Polaris,0,37.59721311682751,89.26589327015165,engine
Polaris,1,37.597207242708,89.26589343716638,engine
Polaris,2,37.59720129029345,89.26589360396105,engine
Polaris,3,37.59719525965963,89.26589377053128,engine
Polaris,4,37.59718915088383,89.26589393687266,engine
Polaris,5,37.59718296404483,89.26589410298084,engine
Polaris,6,37.59717669921871,89.2658942688515,engine
Polaris,7,37.597170356495575,89.26589443448012,engine
Polaris,8,37.59716393595457,89.26589459986238,engine
Polaris,9,37.597157437680394,89.26589476499394,engine
Polaris,10,37.597150861759346,89.26589492987044,engine
Polaris,11,37.59714420827913,89.26589509448755,engine
Polaris,12,37.59713747732895,89.26589525884087,engine
Polaris,13,37.597130668999526,89.2658954229261,engine
Polaris,14,37.59712378338303,89.26589558673892,engine
Polaris,15,37.59711682057315,89.26589575027494,engine
Polaris,16,37.597109780665,89.26589591352986,engine
Polaris,17,37.59710266375041,89.26589607649946,engine
Polaris,18,37.59709546993703,89.26589623917923,engine
Polaris,19,37.597088199319685,89.26589640156493,engine
Polaris,20,37.59708085199941,89.26589656365228,engine
Polaris,21,37.59707342807872,89.26589672543697,engine
Polaris,22,37.59706592766158,89.2658968869147,engine
Polaris,23,37.59705835085345,89.2658970480812,engine
Polaris,24,37.597050697761254,89.26589720893219,engine
Polaris,25,37.59704296849334,89.26589736946335,engine
Polaris,26,37.59703516315955,89.26589752967045,engine
Polaris,27,37.59702728187117,89.26589768954923,engine
Polaris,28,37.59701932474095,89.26589784909541,engine
Polaris,29,37.59701129187766,89.26589800830486,engine
Polaris,30,37.59700318340774,89.2658981671731,engine
Castor,-30,113.64881609933539,31.888265591149278,engine
Castor,-20,113.64881791254167,31.888266130639398,engine
Castor,-15,113.64881880316156,31.888266419381466,engine
Castor,-10,113.64881968230382,31.888266720643077,engine
Castor,-5,113.64882054935909,31.888267034307983,engine
Castor,-2,113.64882106353889,31.888267228409834,engine
Castor,-1,113.64882123389448,31.88826729408825,engine
Castor,0,113.64882140372323,31.888267360253835,engine
Castor,1,113.64882157302043,31.888267426905543,engine
Castor,2,113.6488217417813,31.88826749404234,engine
Castor,3,113.6488219100011,31.88826756166316,engine
Castor,4,113.64882207767512,31.88826762976692,engine
Castor,5,113.6488222447986,31.88826769835254,engine
Castor,6,113.64882241136698,31.888267767418984,engine
Castor,7,113.6488225773753,31.88826783696505,engine
Castor,8,113.64882274281901,31.88826790698969,engine
Castor,9,113.64882290769341,31.88826797749178,engine
Castor,10,113.64882307199385,31.888268048470188,engine
Castor,11,113.64882323571565,31.888268119923787,engine
Castor,12,113.64882339885422,31.888268191851424,engine
Castor,13,113.64882356140488,31.888268264251938,engine
Castor,14,113.648823723363,31.888268337124188,engine
Castor,15,113.64882388472397,31.888268410466985,engine
Castor,16,113.64882404548321,31.88826848427915,engine
Castor,17,113.64882420563625,31.88826855855954,engine
Castor,18,113.64882436517824,31.888268633306875,engine
Castor,19,113.64882452410478,31.888268708519963,engine
Castor,20,113.64882468241132,31.888268784197628,engine
Castor,21,113.64882484009327,31.88826886033862,engine
Castor,22,113.64882499714612,31.888268936941696,engine
Castor,23,113.64882515356537,31.888269014005626,engine
Castor,24,113.64882530934648,31.88826909152915,engine
Castor,25,113.64882546448497,31.888269169511002,engine
Castor,26,113.64882561897639,31.88826924794995,engine
Castor,27,113.64882577281624,31.888269326844664,engine
Castor,28,113.64882592600006,31.888269406193867,engine
Castor,29,113.64882607852353,31.88826948599635,engine
Castor,30,113.648826230382,31.88826956625067,engine
Altair,-30,297.69822197725193,8.867763849130098,engine
Altair,-20,297.69822036238077,8.867763814646011,engine
Altair,-15,297.6982195660696,8.867763791668487,engine
Altair,-10,297.69821877789894,8.867763764900545,engine
Altair,-5,297.6982179984065,8.86776373436937,engine
Altair,-2,297.69821753509916,8.867763714256311,engine
Altair,-1,297.6982173814202,8.867763707254342,engine
Altair,0,297.69821722812674,8.86776370010398,engine
Altair,1,297.698217075223,8.867763692805472,engine
Altair,2,297.6982169227132,8.867763685359082,engine
Altair,3,297.69821677060145,8.867763677765058,engine
Altair,4,297.69821661889205,8.867763670023665,engine
Altair,5,297.69821646758913,8.867763662135166,engine
Altair,6,297.6982163166969,8.867763654099823,engine
Altair,7,297.6982161662196,8.867763645917911,engine
Altair,8,297.6982160161613,8.867763637589707,engine
Altair,9,297.6982158665263,8.867763629115471,engine
Altair,10,297.6982157173186,8.867763620495495,engine
Altair,11,297.6982155685424,8.867763611730053,engine
Altair,12,297.69821542020185,8.867763602819425,engine
Altair,13,297.69821527230107,8.867763593763897,engine
Altair,14,297.6982151248442,8.867763584563768,engine
Altair,15,297.6982149778353,8.867763575219318,engine
Altair,16,297.6982148312785,8.867763565730844,engine
Altair,17,297.6982146851778,8.867763556098637,engine
Altair,18,297.69821453953745,8.86776354632301,engine
Altair,19,297.6982143943615,8.867763536404263,engine
Altair,20,297.6982142496539,8.867763526342696,engine
Altair,21,297.69821410541886,8.86776351613862,engine
Altair,22,297.6982139616603,8.867763505792343,engine
Altair,23,297.6982138183824,8.867763495304178,engine
Altair,24,297.69821367558905,8.867763484674443,engine
Altair,25,297.69821353328433,8.86776347390346,engine
Altair,26,297.69821339147217,8.867763462991544,engine
Altair,27,297.6982132501567,8.867763451939025,engine
Altair,28,297.69821310934185,8.867763440746225,engine
Altair,29,297.6982129690315,8.867763429413472,engine
Altair,30,297.6982128292299,8.86776341794111,engine
Bellatrix,-30,81.28047727411715,6.347973630953064,engine
Bellatrix,-20,81.28047810323996,6.34797388657108,engine
Bellatrix,-15,81.28047848685753,6.347974016896171,engine
Bellatrix,-10,81.28047884939967,6.347974148830703,engine
Bellatrix,-5,81.28047919054445,6.347974282322787,engine
Bellatrix,-2,81.2804793848304,6.347974363143771,engine
Bellatrix,-1,81.28047944784423,6.347974390202509,engine
Bellatrix,0,81.28047950998,6.347974417319737,engine
Bellatrix,1,81.28047957123529,6.347974444495028,engine
Bellatrix,2,81.28047963160776,6.347974471727952,engine
Bellatrix,3,81.28047969109507,6.3479744990180755,engine
Bellatrix,4,81.2804797496949,6.347974526364969,engine
Bellatrix,5,81.28047980740493,6.347974553768196,engine
Bellatrix,6,81.28047986422291,6.347974581227338,engine
Bellatrix,7,81.28047992014648,6.347974608741928,engine
Bellatrix,8,81.2804799751734,6.347974636311546,engine
Bellatrix,9,81.28048002930149,6.347974663935754,engine
Bellatrix,10,81.28048008252846,6.347974691614111,engine
Bellatrix,11,81.28048013485214,6.347974719346179,engine
Bellatrix,12,81.28048018627032,6.347974747131517,engine
Bellatrix,13,81.28048023678086,6.347974774969682,engine
Bellatrix,14,81.28048028638158,6.3479748028602305,engine
Bellatrix,15,81.28048033507032,6.347974830802718,engine
Bellatrix,16,81.280480382845,6.3479748587967055,engine
Bellatrix,17,81.28048042970354,6.347974886841758,engine
Bellatrix,18,81.28048047564378,6.347974914937396,engine
Bellatrix,19,81.28048052066369,6.3479749430831856,engine
Bellatrix,20,81.28048056476123,6.347974971278685,engine
Bellatrix,21,81.28048060793435,6.347974999523438,engine
Bellatrix,22,81.28048065018105,6.3479750278169975,engine
Bellatrix,23,81.28048069149932,6.3479750561589094,engine
Bellatrix,24,81.28048073188718,6.347975084548723,engine
Bellatrix,25,81.28048077134268,6.347975112985985,engine
Bellatrix,26,81.28048080986389,6.347975141470238,engine
Bellatrix,27,81.28048084744884,6.34797517000103,engine
Bellatrix,28,81.28048088409568,6.347975198577902,engine
Bellatrix,29,81.2804809198025,6.347975227200419,engine
Bellatrix,30,81.2804809545674,6.347975255868084,engine
