body,minute,ra,dec,source
Aldebaran,-30,68.97635908680697,16.50715916070492,engine
Aldebaran,-20,68.97636017677488,16.507159664792187,engine
Aldebaran,-15,68.97636069024342,16.507159923631075,engine
Aldebaran,-10,68.97636118222182,16.507160186830017,engine
Aldebaran,-5,68.97636165236321,16.507160454258884,engine
Aldebaran,-2,68.97636192382573,16.507160616691618,engine
Aldebaran,-1,68.97636201252703,16.507160671158694,engine
Aldebaran,0,68.97636210033087,16.507160725785408,engine
Aldebaran,1,68.97636218723471,16.50716078057065,engine
Aldebaran,2,68.97636227323595,16.50716083551338,engine
Aldebaran,3,68.9763623583321,16.50716089061247,engine
Aldebaran,4,68.9763624425206,16.507160945866854,engine
Aldebaran,5,68.97636252579898,16.507161001275442,engine
Aldebaran,6,68.97636260816475,16.50716105683717,engine
Aldebaran,7,68.9763626896154,16.507161112550857,engine
Aldebaran,8,68.9763627701485,16.50716116841546,engine
Aldebaran,9,68.97636284976161,16.507161224429876,engine
Aldebaran,10,68.97636292845235,16.507161280592975,engine
Aldebaran,11,68.97636300621826,16.507161336903668,engine
Aldebaran,12,68.97636308305702,16.50716139336084,engine
Aldebaran,13,68.97636315896622,16.50716144996336,engine
Aldebaran,14,68.97636323394356,16.507161506710133,engine
Aldebaran,15,68.97636330798666,16.507161563600032,engine
Aldebaran,16,68.97636338109325,16.507161620631937,engine
Aldebaran,17,68.97636345326109,16.507161677804746,engine
Aldebaran,18,68.97636352448775,16.507161735117272,engine
Aldebaran,19,68.97636359477112,16.507161792568414,engine
Aldebaran,20,68.97636366410887,16.50716185015704,engine
Aldebaran,21,68.97636373249883,16.50716190788201,engine
Aldebaran,22,68.97636379993878,16.50716196574218,engine
Aldebaran,23,68.97636386642655,16.507162023736434,engine
Aldebaran,24,68.97636393195995,16.50716208186361,engine
Aldebaran,25,68.97636399653688,16.50716214012256,engine
Aldebaran,26,68.97636406015516,16.507162198512127,engine
Aldebaran,27,68.97636412281273,16.507162257031187,engine
Aldebaran,28,68.97636418450745,16.507162315678553,engine
Aldebaran,29,68.97636424523732,16.50716237445314,engine
Aldebaran,30,68.97636430500019,16.50716243335368,engine
Antares,-30,247.3564467246544,-26.43249737938634,engine
Antares,-20,247.35644560260886,-26.432496654403515,engine
Antares,-15,247.35644507607464,-26.432496281631558,engine
Antares,-10,247.35644457302763,-26.43249590227722,engine
Antares,-5,247.35644409382465,-26.432495516547846,engine
Antares,-2,247.35644381789228,-26.432495282137683,engine
Antares,-1,247.35644372786265,-26.432495203515728,engine
Antares,0,247.35644363881136,-26.432495124653997,engine
Antares,1,247.35644355074106,-26.432495045554216,engine
Antares,2,247.3564434636544,-26.43249496621811,engine
Antares,3,247.35644337755386,-26.432494886647383,engine
Antares,4,247.35644329244218,-26.43249480684379,engine
Antares,5,247.35644320832174,-26.43249472680905,engine
Antares,6,247.35644312519517,-26.43249464654485,engine
Antares,7,247.35644304306504,-26.432494566053055,engine
Antares,8,247.35644296193385,-26.432494485335344,engine
Antares,9,247.356442881804,-26.432494404393474,engine
Antares,10,247.35644280267803,-26.432494323229207,engine
Antares,11,247.3564427245583,-26.432494241844296,engine
Antares,12,247.3564426474473,-26.43249416024051,engine
Antares,13,247.3564425713475,-26.432494078419612,engine
Antares,14,247.35644249626108,-26.43249399638338,engine
Antares,15,247.3564424221906,-26.432493914133595,engine
Antares,16,247.35644234913835,-26.432493831672023,engine
Antares,17,247.35644227710657,-26.43249374900042,engine
Antares,18,247.3564422060977,-26.43249366612067,engine
Antares,19,247.356442136114,-26.43249358303451,engine
Antares,20,247.35644206715776,-26.432493499743742,engine
Antares,21,247.35644199923112,-26.432493416250164,engine
Antares,22,247.35644193233642,-26.43249333255559,engine
Antares,23,247.3564418664758,-26.432493248661807,engine
Antares,24,247.35644180165147,-26.432493164570655,engine
Antares,25,247.35644173786562,-26.43249308028395,engine
Antares,26,247.3564416751204,-26.432492995803493,engine
Antares,27,247.35644161341793,-26.432492911131117,engine
Antares,28,247.35644155276034,-26.432492826268643,engine
Antares,29,247.35644149314962,-26.432492741217864,engine
Antares,30,247.35644143458796,-26.432492655980713,engine
Ceres,-30,78.01579561150763,25.484559694318598,engine
Ceres,-20,78.0186224018839,25.48496346193224,engine
Ceres,-15,78.02003553302124,25.485165241076437,engine
Ceres,-10,78.02144849237881,25.48536694818552,engine
Ceres,-5,78.02286128353718,25.485568581602493,engine
Ceres,-2,78.0237088787968,25.485689525586952,engine
Ceres,-1,78.02399139752667,25.48572983416988,engine
Ceres,0,78.02427390968599,25.485770139663998,engine
Ceres,1,78.02455641548632,25.485810442104928,engine
Ceres,2,78.02483891486526,25.485850741455792,engine
Ceres,3,78.02512140776058,25.48589103767982,engine
Ceres,4,78.0254038943843,25.48593133081275,engine
Ceres,5,78.02568637467441,25.48597162081788,engine
Ceres,6,78.02596884875857,25.48601190768556,engine
Ceres,7,78.0262513164703,25.48605219139771,engine
Ceres,8,78.0265337779375,25.48609247194478,engine
Ceres,9,78.0268162330988,25.48613274929024,engine
Ceres,10,78.02709868216702,25.48617302347021,engine
Ceres,11,78.02738112498965,25.48621329442407,engine
Ceres,12,78.02766356177983,25.486253562188022,engine
Ceres,13,78.02794599247669,25.486293826725767,engine
Ceres,14,78.02822841701956,25.486334088001055,engine
Ceres,15,78.0285108356219,25.486374346050216,engine
Ceres,16,78.02879324813196,25.48641460081294,engine
Ceres,17,78.02907565495288,25.486454852352644,engine
Ceres,18,78.02935805564573,25.48649510057934,engine
Ceres,19,78.02964045033984,25.48653534548401,engine
Ceres,20,78.02992283924944,25.486575587103268,engine
Ceres,21,78.03020522222334,25.48661582537706,engine
Ceres,22,78.03048759947606,25.486656060342103,engine
Ceres,23,78.03076997085665,25.486696291938443,engine
Ceres,24,78.03105233657989,25.48673652020289,engine
Ceres,25,78.03133469658648,25.486776745099814,engine
Ceres,26,78.03161705081733,25.486816966593597,engine
Ceres,27,78.03189939948754,25.486857184721206,engine
Ceres,28,78.03218174244685,25.486897399423015,engine
Ceres,29,78.0324640801,25.486937610763018,engine
Ceres,30,78.03274641191831,25.4869778186278,engine
Chiron,-30,11.197072558680752,6.9229502775911005,engine
Chiron,-20,11.197437622309499,6.923100894822247,engine
Chiron,-15,11.197620131888792,6.923176194660683,engine
Chiron,-10,11.197802627857245,6.923251488591871,engine
Chiron,-5,11.197985111203613,6.923326776607082,engine
Chiron,-2,11.198094595516784,6.923371946553831,engine
Chiron,-1,11.198131089391133,6.923387002726795,engine
Chiron,0,11.198167582823698,6.923402058659698,engine
Chiron,1,11.198204075826146,6.923417114353533,engine
Chiron,2,11.198240568406105,6.92343216980813,engine
Chiron,3,11.198277060571181,6.923447225023304,engine
Chiron,4,11.198313552329012,6.923462279998892,engine
Chiron,5,11.198350043687222,6.923477334734723,engine
Chiron,6,11.198386534681994,6.923492389241911,engine
Chiron,7,11.198423025263898,6.923507443497746,engine
Chiron,8,11.198459515469125,6.92352249751335,engine
Chiron,9,11.19849600530533,6.923537551288569,engine
Chiron,10,11.198532494780174,6.923552604823259,engine
Chiron,11,11.198568983901316,6.923567658117275,engine
Chiron,12,11.198605472676443,6.923582711170485,engine
Chiron,13,11.198641961113221,6.923597763982747,engine
Chiron,14,11.198678449219338,6.923612816553936,engine
Chiron,15,11.198714937006542,6.923627868885108,engine
Chiron,16,11.198751424474402,6.923642920973778,engine
Chiron,17,11.198787911659132,6.923657972831096,engine
Chiron,18,11.198824398519506,6.92367302443677,engine
Chiron,19,11.198860885087692,6.923688075800779,engine
Chiron,20,11.198897371371402,6.923703126923022,engine
Chiron,21,11.198933857378336,6.923718177803395,engine
Chiron,22,11.198970343116216,6.9237332284417965,engine
Chiron,23,11.199006828592761,6.923748278838139,engine
Chiron,24,11.199043313815695,6.923763328992334,engine
Chiron,25,11.199079798792734,6.923778378904292,engine
Chiron,26,11.199116283531616,6.923793428573936,engine
Chiron,27,11.199152768040065,6.92380847800119,engine
Chiron,28,11.19918925232582,6.923823527185978,engine
Chiron,29,11.199225736425127,6.923838576139501,engine
Chiron,30,11.199262220288697,6.92385362483916,engine
Eris,-30,26.38132743565017,-1.0666733811642761,tno-rate
Eris,-20,26.3813949659891,-1.0666435007576613,tno-rate
Eris,-15,26.38142873115856,-1.0666285605543542,tno-rate
Eris,-10,26.381462496328023,-1.0666136203510468,tno-rate
Eris,-5,26.38149626149749,-1.0665986801477394,tno-rate
Eris,-2,26.381516520599167,-1.066589716025755,tno-rate
Eris,-1,26.381523273633057,-1.0665867279850936,tno-rate
Eris,0,26.38153002666695,-1.066583739944432,tno-rate
Eris,1,26.381536779700845,-1.0665807519037704,tno-rate
Eris,2,26.381543532734735,-1.066577763863109,tno-rate
Eris,3,26.38155028576863,-1.0665747758224475,tno-rate
Eris,4,26.381557038802523,-1.0665717877817862,tno-rate
Eris,5,26.381563791836413,-1.0665687997411246,tno-rate
Eris,6,26.381570544870307,-1.0665658117004633,tno-rate
Eris,7,26.3815772979042,-1.0665628236598017,tno-rate
Eris,8,26.38158405093809,-1.0665598356191401,tno-rate
Eris,9,26.381590803971985,-1.0665568475784788,tno-rate
Eris,10,26.38159755700588,-1.0665538595378172,tno-rate
Eris,11,26.38160431003977,-1.0665508714971559,tno-rate
Eris,12,26.381611063073663,-1.0665478834564943,tno-rate
Eris,13,26.381617816107557,-1.066544895415833,tno-rate
Eris,14,26.381624569141447,-1.0665419073751714,tno-rate
Eris,15,26.38163132217534,-1.0665389193345098,tno-rate
Eris,16,26.381638075209235,-1.0665359312938485,tno-rate
Eris,17,26.381644828243125,-1.066532943253187,tno-rate
Eris,18,26.38165158127702,-1.0665299552125256,tno-rate
Eris,19,26.381658334310913,-1.066526967171864,tno-rate
Eris,20,26.381665087344803,-1.0665239791312027,tno-rate
Eris,21,26.381671840378697,-1.066520991090541,tno-rate
Eris,22,26.38167859341259,-1.0665180030498795,tno-rate
Eris,23,26.38168534644648,-1.0665150150092182,tno-rate
Eris,24,26.381692099480375,-1.0665120269685566,tno-rate
Eris,25,26.38169885251427,-1.0665090389278953,tno-rate
Eris,26,26.38170560554816,-1.0665060508872337,tno-rate
Eris,27,26.381712358582053,-1.0665030628465724,tno-rate
Eris,28,26.381719111615947,-1.0665000748059108,tno-rate
Eris,29,26.381725864649837,-1.0664970867652495,tno-rate
Eris,30,26.38173261768373,-1.066494098724588,tno-rate
Fomalhaut,-30,344.4107814551402,-29.623157200591717,engine
Fomalhaut,-20,344.41078004063104,-29.623157664426135,engine
Fomalhaut,-15,344.41077930257023,-29.623157882628828,engine
Fomalhaut,-10,344.41077854460207,-29.623158091435542,engine
Fomalhaut,-5,344.41077776721073,-29.623158290662257,engine
Fomalhaut,-2,344.41077729165795,-29.623158405524972,engine
Fomalhaut,-1,344.41077713164464,-29.62315844302519,engine
Fomalhaut,0,344.4107769708902,-29.623158480129394,engine
Fomalhaut,1,344.41077680939867,-29.6231585168362,engine
Fomalhaut,2,344.4107766471741,-29.623158553144247,engine
Fomalhaut,3,344.41077648422066,-29.623158589052156,engine
Fomalhaut,4,344.41077632054225,-29.623158624558577,engine
Fomalhaut,5,344.4107761561432,-29.62315865966215,engine
Fomalhaut,6,344.4107759910273,-29.62315869436154,engine
Fomalhaut,7,344.41077582519915,-29.62315872865539,engine
Fomalhaut,8,344.4107756586626,-29.623158762542364,engine
Fomalhaut,9,344.4107754914219,-29.623158796021155,engine
Fomalhaut,10,344.4107753234812,-29.623158829090464,engine
Fomalhaut,11,344.41077515484466,-29.62315886174896,engine
Fomalhaut,12,344.4107749855165,-29.62315889399534,engine
Fomalhaut,13,344.41077481550093,-29.623158925828346,engine
Fomalhaut,14,344.41077464480225,-29.623158957246673,engine
Fomalhaut,15,344.4107744734247,-29.623158988249045,engine
Fomalhaut,16,344.4107743013723,-29.623159018834194,engine
Fomalhaut,17,344.4107741286495,-29.62315904900089,engine
Fomalhaut,18,344.4107739552607,-29.62315907874785,engine
Fomalhaut,19,344.4107737812101,-29.62315910807382,engine
Fomalhaut,20,344.4107736065019,-29.623159136977602,engine
Fomalhaut,21,344.4107734311405,-29.62315916545794,engine
Fomalhaut,22,344.4107732551302,-29.623159193513644,engine
Fomalhaut,23,344.4107730784755,-29.62315922114347,engine
Fomalhaut,24,344.4107729011805,-29.62315924834624,engine
Fomalhaut,25,344.41077272324975,-29.62315927512076,engine
Fomalhaut,26,344.4107725446875,-29.62315930146583,engine
Fomalhaut,27,344.4107723654983,-29.623159327380282,engine
Fomalhaut,28,344.4107721856865,-29.62315935286293,engine
Fomalhaut,29,344.4107720052563,-29.623159377912668,engine
Fomalhaut,30,344.4107718242125,-29.62315940252827,engine
Juno,-30,328.48914054820733,-4.930070571363322,engine
Juno,-20,328.49147213711973,-4.929265498509816,engine
Juno,-15,328.4926381932958,-4.928862945791829,engine
Juno,-10,328.49380442734866,-4.928460382783704,engine
Juno,-5,328.4949708423795,-4.928057809730627,engine
Juno,-2,328.495670779204,-4.927816261286739,engine
Juno,-1,328.49590410618873,-4.927735744390969,engine
Juno,0,328.4961374406806,-4.927655227110319,engine
Juno,1,328.4963707826102,-4.927574709459773,engine
Juno,2,328.49660413190816,-4.927494191454327,engine
Juno,3,328.496837488772,-4.927413673073047,engine
Juno,4,328.49707085304294,-4.927333154342911,engine
Juno,5,328.4973042249182,-4.927252635243006,engine
Juno,6,328.49753760439523,-4.927172115746332,engine
Juno,7,328.4977709913579,-4.927091595939968,engine
Juno,8,328.49800438589244,-4.927011075784952,engine
Juno,9,328.4982377879283,-4.926930555296322,engine
Juno,10,328.4984711976618,-4.926850034453195,engine
Juno,11,328.49870461493316,-4.926769513282593,engine
Juno,12,328.49893803993854,-4.92668899176364,engine
Juno,13,328.49917147260675,-4.926608469911407,engine
Juno,14,328.4994049128665,-4.926527947740962,engine
Juno,15,328.4996383609134,-4.926447425231445,engine
Juno,16,328.4998718165869,-4.926366902409918,engine
Juno,17,328.50010528023876,-4.926286379201542,engine
Juno,18,328.50033875139485,-4.926205855741374,engine
Juno,19,328.5005722304069,-4.926125331954586,engine
Juno,20,328.5008057172024,-4.9260448078562895,engine
Juno,21,328.5010392117092,-4.92596428346159,engine
Juno,22,328.5012727141216,-4.925883758749674,engine
Juno,23,328.50150622427793,-4.925803233747641,engine
Juno,24,328.5017397423724,-4.9257227084346855,engine
Juno,25,328.50197326824275,-4.9256421828379215,engine
Juno,26,328.50220680208304,-4.925561656936553,engine
Juno,27,328.50244034381967,-4.925481130745723,engine
Juno,28,328.5026738933792,-4.925400604280581,engine
Juno,29,328.5029074511117,-4.925320077466359,engine
Juno,30,328.5031410165408,-4.92523955043818,engine
Jupiter,-30,355.8162953866184,-2.9455876891614117,engine
Jupiter,-20,355.817703989693,-2.9449911149405903,engine
Jupiter,-15,355.81840834839994,-2.94469282609109,engine
Jupiter,-10,355.8191127484716,-2.9443945361961252,engine
Jupiter,-5,355.8198171925075,-2.944096245263353,engine
Jupiter,-2,355.8202398809402,-2.9439172702789422,engine
Jupiter,-1,355.820380780906,-2.943857611867751,engine
Jupiter,0,355.8205216827704,-2.9437979534347525,engine
Jupiter,1,355.8206625866194,-2.9437382949521917,engine
Jupiter,2,355.8208034924389,-2.943678636434728,engine
Jupiter,3,355.82094440021484,-2.94361897789705,engine
Jupiter,4,355.821085310033,-2.9435593193113987,engine
Jupiter,5,355.82122622184585,-2.9434996607066153,engine
Jupiter,6,355.82136713583367,-2.943440002014939,engine
Jupiter,7,355.8215080517598,-2.9433803433452197,engine
Jupiter,8,355.8216489698044,-2.943320684629727,engine
Jupiter,9,355.8217898899197,-2.9432610258972964,engine
Jupiter,10,355.8219308121914,-2.943201367120201,engine
Jupiter,11,355.8220717365714,-2.9431417083273055,engine
Jupiter,12,355.8222126631454,-2.9430820494908723,engine
Jupiter,13,355.8223535918988,-2.9430223906256328,engine
Jupiter,14,355.8224945228168,-2.9429627317463054,engine
Jupiter,15,355.82263545598477,-2.942903072825186,engine
Jupiter,16,355.8227763913547,-2.942843413891142,engine
Jupiter,17,355.82291732910625,-2.9427837548764715,engine
Jupiter,18,355.8230582690022,-2.942724095890067,engine
Jupiter,19,355.82319921122235,-2.942664436864231,engine
Jupiter,20,355.82334015571814,-2.94260477782785,engine
Jupiter,21,355.8234811025748,-2.942545118753237,engine
Jupiter,22,355.82362205174377,-2.9424854596693075,engine
Jupiter,23,355.8237630033101,-2.942425800548366,engine
Jupiter,24,355.8239039572253,-2.942366141419321,engine
Jupiter,25,355.82404491357397,-2.9423064822545144,engine
Jupiter,26,355.8241858723077,-2.9422468230828414,engine
Jupiter,27,355.8243268335111,-2.942187163876658,engine
Jupiter,28,355.82446779713547,-2.9421275046648785,engine
Jupiter,29,355.8246087633266,-2.9420678453939892,engine
Jupiter,30,355.8247497319466,-2.9420081861304843,engine
Ketu,-30,229.86223748783726,-18.335224341672404,engine
Ketu,-20,229.86222722646386,-18.335221755776686,engine
Ketu,-15,229.86222244591468,-18.335220550990385,engine
Ketu,-10,229.86221789849515,-18.33521940490413,engine
Ketu,-5,229.86221358397893,-18.33521831746094,engine
Ketu,-2,229.86221110697088,-18.33521769312056,engine
Ketu,-1,229.8622102999077,-18.33521748969198,engine
Ketu,0,229.86220950214445,-18.335217288605037,engine
Ketu,1,229.86220871367937,-18.3352170898593,engine
Ketu,2,229.86220793451076,-18.335216893454334,engine
Ketu,3,229.86220716463677,-18.33521669938968,engine
Ketu,4,229.8622064040556,-18.335216507664875,engine
Ketu,5,229.86220565276557,-18.335216318279503,engine
Ketu,6,229.86220491076352,-18.335216131232762,engine
Ketu,7,229.86220417805012,-18.33521594652483,engine
Ketu,8,229.86220345462218,-18.335215764154906,engine
Ketu,9,229.86220274047827,-18.33521558412262,engine
Ketu,10,229.86220203561612,-18.335215406427405,engine
Ketu,11,229.86220134003426,-18.335215231068887,engine
Ketu,12,229.86220065373075,-18.33521505804659,engine
Ketu,13,229.86219997670375,-18.335214887360024,engine
Ketu,14,229.8621993089517,-18.335214719008828,engine
Ketu,15,229.8621986504724,-18.335214552992436,engine
Ketu,16,229.8621980012645,-18.33521438931049,engine
Ketu,17,229.86219736132512,-18.335214227962297,engine
Ketu,18,229.86219673065384,-18.335214068947746,engine
Ketu,19,229.8621961092479,-18.335213912266116,engine
Ketu,20,229.86219549710634,-18.335213757917177,engine
Ketu,21,229.86219489422652,-18.335213605900286,engine
Ketu,22,229.86219430060726,-18.33521345621511,engine
Ketu,23,229.86219371624637,-18.33521330886112,engine
Ketu,24,229.86219314114206,-18.335213163837867,engine
Ketu,25,229.86219257529245,-18.335213021144888,engine
Ketu,26,229.86219201869585,-18.335212880781718,engine
Ketu,27,229.8621914713505,-18.33521274274796,engine
Ketu,28,229.86219093325423,-18.33521260704301,engine
Ketu,29,229.86219040440537,-18.335212473666513,engine
Ketu,30,229.86218988480238,-18.33521234261803,engine
Mars,-30,334.7413997071973,-11.989216480968931,engine
Mars,-20,334.74640905993095,-11.98738944484586,engine
Mars,-15,334.7489142152168,-11.986475818036771,engine
Mars,-10,334.7514196968573,-11.985562120875331,engine
Mars,-5,334.7539255109164,-11.984648354650858,engine
Mars,-2,334.7554291608064,-11.984100062516454,engine
Mars,-1,334.75593040454976,-11.98391729316349,engine
Mars,0,334.7564316619484,-11.983734521165562,engine
Mars,1,334.75693293323053,-11.983551746463805,engine
Mars,2,334.7574342180593,-11.983368969214165,engine
Mars,3,334.7579355166623,-11.98318618935778,engine
Mars,4,334.7584368290787,-11.983003406907478,engine
Mars,5,334.75893815534715,-11.982820621876087,engine
Mars,6,334.7594394960307,-11.982637834082306,engine
Mars,7,334.759940850119,-11.98245504392737,engine
Mars,8,334.7604422181742,-11.982272251230066,engine
Mars,9,334.76094360023404,-11.98208945600335,engine
Mars,10,334.7614449963361,-11.98190665826022,engine
Mars,11,334.7619464065174,-11.981723858013716,engine
Mars,12,334.76244783100316,-11.981541055205268,engine
Mars,13,334.7629492694534,-11.981358249991217,engine
Mars,14,334.76345072209267,-11.981175442313074,engine
Mars,15,334.76395218895703,-11.980992632183982,engine
Mars,16,334.76445367008233,-11.98080981961713,engine
Mars,17,334.7649551658402,-11.98062700450317,engine
Mars,18,334.7654566757815,-11.980444187028887,engine
Mars,19,334.765958199901,-11.980261367228186,engine
Mars,20,334.7664597384215,-11.980078545042781,engine
Mars,21,334.76696129137724,-11.97989572048602,engine
Mars,22,334.76746285880233,-11.979712893571243,engine
Mars,23,334.76796444073057,-11.979530064311858,engine
Mars,24,334.7684660371953,-11.979347232721262,engine
Mars,25,334.7689676484181,-11.979164398741316,engine
Mars,26,334.76946927405515,-11.978981562528721,engine
Mars,27,334.7699709143275,-11.978798724025376,engine
Mars,28,334.77047256926727,-11.978615883244785,engine
Mars,29,334.7709742392429,-11.978433040077944,engine
Mars,30,334.77147592361337,-11.978250194783627,engine
Mercury,-30,41.065348500083815,17.64084208194369,engine
Mercury,-20,41.0772252907845,17.645594832034703,engine
Mercury,-15,41.08316268255708,17.64797022771824,engine
Mercury,-10,41.08909942225578,17.650344968463493,engine
Mercury,-5,41.09503552620247,17.65271905437427,engine
Mercury,-2,41.09859688832966,17.654143190882163,engine
Mercury,-1,41.099783959588436,17.654617850457132,engine
Mercury,0,41.1009710063769,17.655092483758864,engine
Mercury,1,41.10215802880731,17.655567090781528,engine
Mercury,2,41.10334502699228,17.656041671519475,engine
Mercury,3,41.104532001044255,17.656516225967177,engine
Mercury,4,41.105718951075914,17.656990754119285,engine
Mercury,5,41.10690587719987,17.657465255970546,engine
Mercury,6,41.10809278032478,17.657939731834013,engine
Mercury,7,41.10927965937709,17.658414181271997,engine
Mercury,8,41.11046651445477,17.6588886041908,engine
Mercury,9,41.11165334607618,17.659363000789305,engine
Mercury,10,41.11284015435428,17.659837371063002,engine
Mercury,11,41.114026939402066,17.660311715007516,engine
Mercury,12,41.115213701332706,17.66078603261867,engine
Mercury,13,41.116400440259255,17.661260323892368,engine
Mercury,14,41.11758715629499,17.66173458882469,engine
Mercury,15,41.11877384955305,17.662208827411856,engine
Mercury,16,41.11996052014682,17.662683039650243,engine
Mercury,17,41.121147168985175,17.663157225854274,engine
Mercury,18,41.122333794995335,17.663631385588143,engine
Mercury,19,41.12352039827605,17.664105518759783,engine
Mercury,20,41.12470697934589,17.66457962556955,engine
Mercury,21,41.12589353831837,17.665053706014557,engine
Mercury,22,41.12708007530694,17.66552776009204,engine
Mercury,23,41.12826659042509,17.666001787799367,engine
Mercury,24,41.129453083786416,17.666475789134072,engine
Mercury,25,41.130639555504445,17.66694976409385,engine
Mercury,26,41.131826005692794,17.66742371267651,engine
Mercury,27,41.13301243446502,17.66789763488001,engine
Mercury,28,41.134198841934825,17.668371530702508,engine
Mercury,29,41.13538522901126,17.66884540045993,engine
Mercury,30,41.13657159421705,17.66931924351528,engine
Moon,-30,228.4868215627916,-18.49912117124652,engine
Moon,-20,228.61135569988417,-18.531417603202414,engine
Moon,-15,228.6737702805007,-18.547663146792566,engine
Moon,-10,228.73627572034695,-18.563974393621518,engine
Moon,-5,228.79886697131394,-18.580352074110955,engine
Moon,-2,228.83646047911074,-18.590210779951946,engine
Moon,-1,228.84899791747142,-18.593502411349395,engine
Moon,0,228.86153838764636,-18.59679674075387,engine
Moon,1,228.87408166779258,-18.600093726979992,engine
Moon,2,228.8866280697832,-18.603393465761343,engine
Moon,3,228.8991773717222,-18.606695915792415,engine
Moon,4,228.91172952955293,-18.610001081386656,engine
Moon,5,228.92428449921903,-18.613308966806,engine
Moon,6,228.93684206714906,-18.616619532914164,engine
Moon,7,228.94940252810406,-18.619932870581735,engine
Moon,8,228.96196566844688,-18.62324894054675,engine
Moon,9,228.97453144393307,-18.626567746867295,engine
Moon,10,228.987099810337,-18.62988929354699,engine
Moon,11,228.99967072333246,-18.633213584533493,engine
Moon,12,229.01224396079277,-18.636540578252596,engine
Moon,13,229.02481983400435,-18.639870369516604,engine
Moon,14,229.03739812073226,-18.643202916627864,engine
Moon,15,229.04997877657786,-18.646538223333117,engine
Moon,16,229.06256175704547,-18.64987629331582,engine
Moon,17,229.07514702613048,-18.65321713246962,engine
Moon,18,229.08773452239973,-18.656560739881925,engine
Moon,19,229.1003240320346,-18.659907075975223,engine
Moon,20,229.112915865936,-18.663256234961686,engine
Moon,21,229.12550980175797,-18.66660817489941,engine
Moon,22,229.13810579485767,-18.669962899158314,engine
Moon,23,229.15070380060058,-18.67332041106287,engine
Moon,24,229.163303774277,-18.676680713882096,engine
Moon,25,229.17590567120686,-18.680043810838313,engine
Moon,26,229.1885094466349,-18.683409705086707,engine
Moon,27,229.20111505582778,-18.686778399746164,engine
Moon,28,229.21372227631636,-18.690149852657175,engine
Moon,29,229.22633142712021,-18.693524159535126,engine
Moon,30,229.23894226879588,-18.696901273569342,engine
Neptune,-30,354.81990939899515,-3.473159710458574,engine
Neptune,-20,354.8201160049673,-3.473073076838457,engine
Neptune,-15,354.8202192920121,-3.4730297592402453,engine
Neptune,-10,354.820322569395,-3.4729864411140867,engine
Neptune,-5,354.8204258378908,-3.472943122439804,engine
Neptune,-2,354.82048779501736,-3.472917130976042,engine
Neptune,-1,354.82050844676945,-3.4729084671103094,engine
Neptune,0,354.82052909821937,-3.4728998032224334,engine
Neptune,1,354.82054974937313,-3.472891139312375,engine
Neptune,2,354.82057040023665,-3.4728824753800915,engine
Neptune,3,354.8205910508161,-3.4728738114255453,engine
Neptune,4,354.8206117011149,-3.4728651474497254,engine
Neptune,5,354.8206323511442,-3.4728564834505415,engine
Neptune,6,354.82065300092114,-3.472847819423177,engine
Neptune,7,354.8206736504243,-3.4728391553792197,engine
Neptune,8,354.8206942996708,-3.4728304913138546,engine
Neptune,9,354.8207149486719,-3.4728218272249984,engine
Neptune,10,354.820735597431,-3.47281316311365,engine
Neptune,11,354.82075624595416,-3.4728044989797824,engine
Neptune,12,354.82077689424744,-3.47279583482337,engine
Neptune,13,354.82079754231427,-3.4727871706454185,engine
Neptune,14,354.8208181901659,-3.4727785064438508,engine
Neptune,15,354.82083883780564,-3.472769842219673,engine
Neptune,16,354.82085948523974,-3.4727611779728647,engine
Neptune,17,354.8208801324854,-3.472752513698632,engine
Neptune,18,354.8209007795261,-3.4727438494065166,engine
Neptune,19,354.82092142637924,-3.4727351850917247,engine
Neptune,20,354.82094207305073,-3.472726520754247,engine
Neptune,21,354.82096271954424,-3.4727178563950933,engine
Neptune,22,354.82098336587086,-3.4727091920122066,engine
Neptune,23,354.821004012034,-3.4727005276066003,engine
Neptune,24,354.82102465803985,-3.4726918631782704,engine
Neptune,25,354.8210453038919,-3.472683198728238,engine
Neptune,26,354.8210659496011,-3.4726745342544447,engine
Neptune,27,354.8210865951712,-3.4726658697579205,engine
Neptune,28,354.82110724060817,-3.472657205238659,engine
Neptune,29,354.8211278859294,-3.472648540691883,engine
Neptune,30,354.8211485311182,-3.4726398761271566,engine
Pallas,-30,27.92381193910253,-3.66018007566969,engine
Pallas,-20,27.92667165326737,-3.6596535218750796,engine
Pallas,-15,27.928101500171067,-3.6593902404196226,engine
Pallas,-10,27.9295313457797,-3.6591269559507764,engine
Pallas,-5,27.930961194756218,-3.6588636683844245,engine
Pallas,-2,27.931819107318187,-3.6587056943907283,engine
Pallas,-1,27.93210507897906,-3.658653036152974,engine
Pallas,0,27.93239105100006,-3.658600377783476,engine
Pallas,1,27.932677023566125,-3.658547719299932,engine
Pallas,2,27.93296299656089,-3.6584950606846633,engine
Pallas,3,27.933248970093913,-3.6584424019465347,engine
Pallas,4,27.93353494427485,-3.658389743094423,engine
Pallas,5,27.93382091898726,-3.6583370841106784,engine
Pallas,6,27.934106894532533,-3.6582844249688846,engine
Pallas,7,27.93439287063672,-3.658231765748569,engine
Pallas,8,27.93467884737518,-3.658179106396792,engine
Pallas,9,27.934964824857513,-3.6581264469224832,engine
Pallas,10,27.935250803193245,-3.658073787334568,engine
Pallas,11,27.935536782266,-3.658021127615456,engine
Pallas,12,27.935822762185303,-3.6579684677740887,engine
Pallas,13,27.93610874306072,-3.657915807819438,engine
Pallas,14,27.936394724775816,-3.6578631477339254,engine
Pallas,15,27.936680707440097,-3.657810487526538,engine
Pallas,16,27.936966691163096,-3.6577578272062543,engine
Pallas,17,27.937252676020105,-3.657705166720228,engine
Pallas,18,27.937538661737083,-3.657652506148084,engine
Pallas,19,27.93782464853996,-3.657599845454685,engine
Pallas,20,27.938110636538195,-3.657547184649047,engine
Pallas,21,27.938396625615265,-3.6574945237136722,engine
Pallas,22,27.93868261588064,-3.6574418626576053,engine
Pallas,23,27.93896860744372,-3.657389201489896,engine
Pallas,24,27.939254600187954,-3.657336540193063,engine
Pallas,25,27.93954059422273,-3.6572838787761874,engine
Pallas,26,27.93982658958211,-3.657231217239492,engine
Pallas,27,27.940112586375438,-3.6571785555920693,engine
Pallas,28,27.940398584486108,-3.6571258938164815,engine
Pallas,29,27.940684584215212,-3.657073231886524,engine
Pallas,30,27.940970585213165,-3.657020569873086,engine
Pluto,-30,300.7864915382703,-22.40237921941933,engine
Pluto,-20,300.7865325443274,-22.40238740709611,engine
Pluto,-15,300.78655307124876,-22.402391488048988,engine
Pluto,-10,300.7865736149026,-22.402395560641626,engine
Pluto,-5,300.7865941758865,-22.402399625054024,engine
Pluto,-2,300.7866065210349,-22.40240205985049,engine
Pluto,-1,300.7866106375394,-22.402402870816534,engine
Pluto,0,300.78661475477844,-22.402403681468662,engine
Pluto,1,300.7866188727541,-22.402404491808174,engine
Pluto,2,300.786622991476,-22.402405301837028,engine
Pluto,3,300.7866271109459,-22.402406111556534,engine
Pluto,4,300.786631231166,-22.40240692096801,engine
Pluto,5,300.78663535214554,-22.40240773007343,engine
Pluto,6,300.78663947388685,-22.40240853887447,engine
Pluto,7,300.78664359639373,-22.402409347372032,engine
Pluto,8,300.78664771967084,-22.402410155567992,engine
Pluto,9,300.78665184372005,-22.402410963463716,engine
Pluto,10,300.78665596855075,-22.4024117710612,engine
Pluto,11,300.7866600941647,-22.40241257836183,engine
Pluto,12,300.78666422056375,-22.402413385366966,engine
Pluto,13,300.7866683477572,-22.40241419207864,engine
Pluto,14,300.7866724757467,-22.40241499849825,engine
Pluto,15,300.78667660453414,-22.402415804627186,engine
Pluto,16,300.78668073412865,-22.40241661046749,engine
Pluto,17,300.7866848645348,-22.402417416021102,engine
Pluto,18,300.78668899574865,-22.40241822128837,engine
Pluto,19,300.78669312778214,-22.402419026271893,engine
Pluto,20,300.786697260637,-22.40241983097311,engine
Pluto,21,300.78670139431483,-22.402420635393447,engine
Pluto,22,300.7867055288246,-22.402421439534983,engine
Pluto,23,300.7867096641656,-22.402422243398952,engine
Pluto,24,300.7867138003467,-22.40242304698746,engine
Pluto,25,300.7867179373696,-22.40242385030195,engine
Pluto,26,300.78672207523573,-22.402424653343903,engine
Pluto,27,300.7867262139542,-22.402425456115434,engine
Pluto,28,300.7867303535263,-22.402426258618,engine
Pluto,29,300.78673449395643,-22.402427060853647,engine
Pluto,30,300.7867386352479,-22.402427862823416,engine
Rahu,-30,49.86223748783726,18.335224341672404,engine
Rahu,-20,49.86222722646385,18.335221755776686,engine
Rahu,-15,49.862222445914675,18.335220550990385,engine
Rahu,-10,49.86221789849514,18.33521940490413,engine
Rahu,-5,49.86221358397892,18.33521831746094,engine
Rahu,-2,49.86221110697088,18.33521769312056,engine
Rahu,-1,49.8622102999077,18.33521748969198,engine
Rahu,0,49.86220950214445,18.335217288605037,engine
Rahu,1,49.862208713679365,18.3352170898593,engine
Rahu,2,49.862207934510764,18.335216893454334,engine
Rahu,3,49.86220716463677,18.33521669938968,engine
Rahu,4,49.86220640405561,18.335216507664875,engine
Rahu,5,49.86220565276555,18.335216318279503,engine
Rahu,6,49.862204910763516,18.335216131232762,engine
Rahu,7,49.86220417805013,18.33521594652483,engine
Rahu,8,49.862203454622176,18.335215764154906,engine
Rahu,9,49.86220274047826,18.33521558412262,engine
Rahu,10,49.86220203561613,18.335215406427405,engine
Rahu,11,49.862201340034254,18.335215231068887,engine
Rahu,12,49.862200653730746,18.33521505804659,engine
Rahu,13,49.86219997670376,18.335214887360024,engine
Rahu,14,49.8621993089517,18.335214719008828,engine
Rahu,15,49.86219865047242,18.335214552992436,engine
Rahu,16,49.86219800126448,18.33521438931049,engine
Rahu,17,49.8621973613251,18.335214227962297,engine
Rahu,18,49.86219673065384,18.335214068947746,engine
Rahu,19,49.8621961092479,18.335213912266116,engine
Rahu,20,49.862195497106335,18.335213757917177,engine
Rahu,21,49.862194894226526,18.335213605900286,engine
Rahu,22,49.86219430060725,18.33521345621511,engine
Rahu,23,49.86219371624636,18.33521330886112,engine
Rahu,24,49.862193141142065,18.335213163837867,engine
Rahu,25,49.86219257529247,18.335213021144888,engine
Rahu,26,49.862192018695865,18.335212880781718,engine
Rahu,27,49.86219147135053,18.33521274274796,engine
Rahu,28,49.86219093325424,18.33521260704301,engine
Rahu,29,49.86219040440536,18.335212473666513,engine
Rahu,30,49.862189884802376,18.33521234261803,engine
Regulus,-30,152.0942929497322,11.966202116753891,engine
Regulus,-20,152.0942944346779,11.966202062433595,engine
Regulus,-15,152.09429519783285,11.966202042058143,engine
Regulus,-10,152.0942959741166,11.9662020262844,engine
Regulus,-5,152.0942967630272,11.966202015168557,engine
Regulus,-2,152.0942972422231,11.966202010757385,engine
Regulus,-1,152.09429740290543,11.966202009665906,engine
Regulus,0,152.0942975640561,11.966202008764569,engine
Regulus,1,152.09429772567097,11.966202008053779,engine
Regulus,2,152.09429788774588,11.966202007533944,engine
Regulus,3,152.0942980502767,11.966202007205466,engine
Regulus,4,152.09429821325924,11.96620200706873,engine
Regulus,5,152.0942983766894,11.966202007124137,engine
Regulus,6,152.09429854056305,11.966202007372068,engine
Regulus,7,152.09429870487583,11.96620200781291,engine
Regulus,8,152.09429886962366,11.966202008447041,engine
Regulus,9,152.0942990348023,11.966202009274847,engine
Regulus,10,152.09429920040753,11.966202010296694,engine
Regulus,11,152.0942993664352,11.966202011512953,engine
Regulus,12,152.09429953288105,11.96620201292399,engine
Regulus,13,152.09429969974087,11.966202014530163,engine
Regulus,14,152.0942998670104,11.966202016331836,engine
Regulus,15,152.09430003468535,11.966202018329364,engine
Regulus,16,152.09430020276153,11.966202020523093,engine
Regulus,17,152.0943003712348,11.966202022913379,engine
Regulus,18,152.0943005401006,11.966202025500559,engine
Regulus,19,152.0943007093548,11.966202028284972,engine
Regulus,20,152.0943008789931,11.966202031266953,engine
Regulus,21,152.09430104901122,11.966202034446834,engine
Regulus,22,152.09430121940483,11.966202037824955,engine
Regulus,23,152.09430139016968,11.96620204140162,engine
Regulus,24,152.09430156130142,11.96620204517717,engine
Regulus,25,152.09430173279569,11.966202049151908,engine
Regulus,26,152.09430190464823,11.966202053326155,engine
Regulus,27,152.0943020768547,11.966202057700215,engine
Regulus,28,152.09430224941067,11.966202062274398,engine
Regulus,29,152.094302422312,11.966202067049004,engine
Regulus,30,152.09430259555404,11.96620207202433,engine
Saturn,-30,325.8402526297059,-14.726039281922713,engine
Saturn,-20,325.8407405588814,-14.72589115279307,engine
Saturn,-15,325.84098458045816,-14.725817075783091,engine
Saturn,-10,325.84122864155466,-14.725742990873362,engine
Saturn,-5,325.84147274338204,-14.72566889833959,engine
Saturn,-2,325.8416192244606,-14.72562443929573,engine
Saturn,-1,325.84166805487337,-14.725609619040833,engine
Saturn,0,325.84171688699394,-14.725594798503241,engine
Saturn,1,325.84176572083095,-14.725579977685417,engine
Saturn,2,325.84181455639305,-14.725565156589866,engine
Saturn,3,325.84186339368875,-14.725550335219074,engine
Saturn,4,325.84191223272654,-14.725535513575554,engine
Saturn,5,325.841961073515,-14.725520691661822,engine
Saturn,6,325.8420099160952,-14.725505869470442,engine
Saturn,7,325.8420587604101,-14.725491047023857,engine
Saturn,8,325.84210760650075,-14.725476224314649,engine
Saturn,9,325.84215645437536,-14.72546140134537,engine
Saturn,10,325.8422053040423,-14.72544657811858,engine
Saturn,11,325.8422541555097,-14.72543175463684,engine
Saturn,12,325.84230300878573,-14.72541693090275,engine
Saturn,13,325.8423518638785,-14.725402106918867,engine
Saturn,14,325.84240072079604,-14.725387282687809,engine
Saturn,15,325.8424495795464,-14.72537245821215,engine
Saturn,16,325.8424984401375,-14.725357633494529,engine
Saturn,17,325.8425473026101,-14.725342808527607,engine
Saturn,18,325.8425961669065,-14.725327983333893,engine
Saturn,19,325.8426450330673,-14.725313157906099,engine
Saturn,20,325.84269390110035,-14.725298332246844,engine
Saturn,21,325.84274277101315,-14.7252835063588,engine
Saturn,22,325.84279164281367,-14.725268680244612,engine
Saturn,23,325.8428405165094,-14.725253853906967,engine
Saturn,24,325.8428893921079,-14.725239027348522,engine
Saturn,25,325.8429382696168,-14.72522420057198,engine
Saturn,26,325.84298714904355,-14.725209373580023,engine
Saturn,27,325.84303603039564,-14.725194546375349,engine
Saturn,28,325.8430849136804,-14.72517971896067,engine
Saturn,29,325.8431337989242,-14.725164891332842,engine
Saturn,30,325.84318268609644,-14.725150063506318,engine
Sun,-30,26.13171712419233,10.807270750648735,engine
Sun,-20,26.138104798134787,10.809693234844975,engine
Sun,-15,26.141298707515432,10.810904224182439,engine
Sun,-10,26.144492685361723,10.812115044954998,engine
Sun,-5,26.147686748075866,10.813325697685451,engine
Sun,-2,26.149603232434178,10.814052008594254,engine
Sun,-1,26.150242069128524,10.814294098806213,engine
Sun,0,26.150880910316598,10.814536182310421,engine
Sun,1,26.151519756121917,10.814778259109616,engine
Sun,2,26.152158606668475,10.815020329206808,engine
Sun,3,26.15279746207944,10.815262392604884,engine
Sun,4,26.153436322478644,10.81550444930706,engine
Sun,5,26.154075187989267,10.81574649931647,engine
Sun,6,26.154714059162867,10.81598854279865,engine
Sun,7,26.155352935266205,10.81623057943252,engine
Sun,8,26.155991816850616,10.81647260938384,engine
Sun,9,26.156630704039173,10.816714632656177,engine
Sun,10,26.157269596954652,10.816956649253196,engine
Sun,11,26.157908495720232,10.817198659178805,engine
Sun,12,26.158547400458527,10.817440662436866,engine
Sun,13,26.159186311292032,10.817682659031298,engine
Sun,14,26.159825228343653,10.817924648966327,engine
Sun,15,26.160464151735653,10.81816663224609,engine
Sun,16,26.16110308159044,10.818408608874899,engine
Sun,17,26.16174201845848,10.818650579019334,engine
Sun,18,26.16238096160542,10.818892542359514,engine
Sun,19,26.163019911581504,10.81913449906223,engine
Sun,20,26.163658868508687,10.819376449132186,engine
Sun,21,26.16429783250857,10.819618392574116,engine
Sun,22,26.164936803703192,10.819860329393041,engine
Sun,23,26.16557578221392,10.820102259593888,engine
Sun,24,26.166214768162185,10.820344183181763,engine
Sun,25,26.166853761669287,10.820586100161854,engine
Sun,26,26.167492762856266,10.820828010539408,engine
Sun,27,26.168131771844468,10.821069914319912,engine
Sun,28,26.168770788754674,10.821311811508838,engine
Sun,29,26.16940981413612,10.82155370227392,engine
Sun,30,26.17004884725249,10.821795586296489,engine
Uranus,-30,41.18363208802169,15.550599095364179,engine
Uranus,-20,41.18401495739357,15.550717919692291,engine
Uranus,-15,41.18420634645394,15.550777320832537,engine
Uranus,-10,41.18439770595439,15.550836714369893,engine
Uranus,-5,41.184589036619414,15.550896100138221,engine
Uranus,-2,41.184703821440756,15.550931727788905,engine
Uranus,-1,41.184742080819944,15.550943603029463,engine
Uranus,0,41.184780339095504,15.5509554779465,engine
Uranus,1,41.18481859627805,15.550967352540187,engine
Uranus,2,41.18485685236361,15.550979226806128,engine
Uranus,3,41.18489510736772,15.55099110074602,engine
Uranus,4,41.18493336128647,15.55100297435549,engine
Uranus,5,41.18497161413053,15.55101484763471,engine
Uranus,6,41.185009865936316,15.551026720591887,engine
Uranus,7,41.18504811664863,15.55103859320669,engine
Uranus,8,41.185086366303935,15.551050465487311,engine
Uranus,9,41.18512461491301,15.551062337433985,engine
Uranus,10,41.18516286247205,15.551074209042355,engine
Uranus,11,41.18520110899191,15.551086080312658,engine
Uranus,12,41.18523935448346,15.551097951245143,engine
Uranus,13,41.18527759894295,15.551109821835482,engine
Uranus,14,41.18531584238129,15.551121692083914,engine
Uranus,15,41.18535408480943,15.55113356199074,engine
Uranus,16,41.1853923262237,15.55114543155163,engine
Uranus,17,41.185430566660685,15.551157300774822,engine
Uranus,18,41.18546880607525,15.55116916964317,engine
Uranus,19,41.185507044504014,15.551181038164916,engine
Uranus,20,41.185545281943426,15.551192906335782,engine
Uranus,21,41.185583518404535,15.551204774156073,engine
Uranus,22,41.18562175389841,15.551216641626118,engine
Uranus,23,41.185659988421534,15.55122850874164,engine
Uranus,24,41.18569822198499,15.551240375502976,engine
Uranus,25,41.18573645459512,15.551252241908948,engine
Uranus,26,41.185774686262995,15.551264107959865,engine
Uranus,27,41.18581291698523,15.551275973651538,engine
Uranus,28,41.185851146773004,15.551287838984296,engine
Uranus,29,41.18588937565827,15.55129970396494,engine
Uranus,30,41.18592760360104,15.551311568577928,engine
Venus,-30,345.23645871054975,-6.924403295056727,engine
Venus,-20,345.24375973142384,-6.921875368224497,engine
Venus,-15,345.24741105585025,-6.92061122323786,engine
Venus,-10,345.2510629385925,-6.919346959369185,engine
Venus,-5,345.25471539238123,-6.91808257780194,engine
Venus,-2,345.2569071432399,-6.917323893146958,engine
Venus,-1,345.25763777387465,-6.917070989036154,engine
Venus,0,345.258368428168,-6.916818080333116,engine
Venus,1,345.2590991060594,-6.9165651670815596,engine
Venus,2,345.2598298079394,-6.916312249231553,engine
Venus,3,345.2605605337464,-6.916059326826881,engine
Venus,4,345.2612912835691,-6.915806399880156,engine
Venus,5,345.2620220574956,-6.915553468404023,engine
Venus,6,345.26275285610353,-6.915300532241574,engine
Venus,7,345.2634836785001,-6.915047591744757,engine
Venus,8,345.2642145252621,-6.914794646756735,engine
Venus,9,345.2649453963251,-6.914541697321583,engine
Venus,10,345.26567629207625,-6.914288743389678,engine
Venus,11,345.2664072124502,-6.914035785005165,engine
Venus,12,345.26713815753186,-6.913782822180977,engine
Venus,13,345.2678691274056,-6.913529854930128,engine
Venus,14,345.26860012215553,-6.913276883265624,engine
Venus,15,345.2693311417144,-6.9130239072317865,engine
Venus,16,345.27006218646636,-6.912770926779234,engine
Venus,17,345.27079325683354,-6.9125179417827205,engine
Venus,18,345.27152435191766,-6.9122649525947075,engine
Venus,19,345.2722554722904,-6.912011959058789,engine
Venus,20,345.27298661788234,-6.91175896121949,engine
Venus,21,345.2737177890752,-6.911505959027617,engine
Venus,22,345.27444898579853,-6.911252952527744,engine
Venus,23,345.2751802081319,-6.9109999417332855,engine
Venus,24,345.2759114561545,-6.910746926657638,engine
Venus,25,345.276642729945,-6.910493907314293,engine
Venus,26,345.2773740294311,-6.910240883747989,engine
Venus,27,345.2781053549914,-6.909987855909739,engine
Venus,28,345.2788367065526,-6.909734823844383,engine
Venus,29,345.2795680846819,-6.90948178739587,engine
Venus,30,345.28029948832403,-6.9092287469484495,engine
Vesta,-30,319.8039170353195,-16.57525317897359,engine
Vesta,-20,319.80680934980154,-16.574659253490918,engine
Vesta,-15,319.8082558979928,-16.574362243515974,engine
Vesta,-10,319.8097027101677,-16.574065204474802,engine
Vesta,-5,319.81114978959147,-16.573768138025603,engine
Vesta,-2,319.8120181663436,-16.573589885791478,engine
Vesta,-1,319.81230764686103,-16.57353046641059,engine
Vesta,0,319.8125971382306,-16.57347104606551,engine
Vesta,1,319.8128866404704,-16.573411624770753,engine
Vesta,2,319.8131761535986,-16.57335220254087,engine
Vesta,3,319.8134656777593,-16.573292779368863,engine
Vesta,4,319.8137552127171,-16.57323335531244,engine
Vesta,5,319.81404475861586,-16.57317393036464,engine
Vesta,6,319.81433431566666,-16.573114504500253,engine
Vesta,7,319.81462388349814,-16.57305507781361,engine
Vesta,8,319.814913462321,-16.572995650279534,engine
Vesta,9,319.8152030522781,-16.572936221891137,engine
Vesta,10,319.8154926531325,-16.572876792706264,engine
Vesta,11,319.81578226502666,-16.57281736271806,engine
Vesta,12,319.81607188797625,-16.572757931941272,engine
Vesta,13,319.81636152199667,-16.572698500390654,engine
Vesta,14,319.81665116710303,-16.572639068081,engine
Vesta,15,319.81694082331035,-16.572579635027065,engine
Vesta,16,319.8172304907598,-16.572520201222122,engine
Vesta,17,319.81752016940703,-16.57246076668428,engine
Vesta,18,319.81780985900446,-16.572401331486507,engine
Vesta,19,319.81809955976007,-16.572341895603806,engine
Vesta,20,319.81838927168786,-16.572282459051085,engine
Vesta,21,319.81867899480113,-16.572223021843204,engine
Vesta,22,319.81896872911324,-16.572163583995085,engine
Vesta,23,319.8192584747638,-16.57210414550007,engine
Vesta,24,319.8195482315125,-16.57204470641624,engine
Vesta,25,319.8198379994985,-16.571985266737,engine
Vesta,26,319.82012777873393,-16.57192582647728,engine
Vesta,27,319.82041756923104,-16.571866385652072,engine
Vesta,28,319.8207073710016,-16.571806944276382,engine
Vesta,29,319.82099718425155,-16.571747502325362,engine
Vesta,30,319.82128700860363,-16.571688059893724,engine
Gonggong,-30,337.29976645355003,-11.046902994814237,tno-rate
Gonggong,-20,337.2998136541756,-11.04688239166984,tno-rate
Gonggong,-15,337.2998372544884,-11.04687209009764,tno-rate
Gonggong,-10,337.2998608548012,-11.04686178852544,tno-rate
Gonggong,-5,337.29988445511395,-11.04685148695324,tno-rate
Gonggong,-2,337.29989861530163,-11.04684530600992,tno-rate
Gonggong,-1,337.29990333536415,-11.04684324569548,tno-rate
Gonggong,0,337.2999080554267,-11.04684118538104,tno-rate
Gonggong,1,337.2999127754893,-11.046839125066601,tno-rate
Gonggong,2,337.2999174955518,-11.046837064752161,tno-rate
Gonggong,3,337.2999222156144,-11.046835004437721,tno-rate
Gonggong,4,337.299926935677,-11.046832944123281,tno-rate
Gonggong,5,337.2999316557395,-11.046830883808841,tno-rate
Gonggong,6,337.2999363758021,-11.046828823494401,tno-rate
Gonggong,7,337.2999410958646,-11.046826763179961,tno-rate
Gonggong,8,337.2999458159272,-11.046824702865521,tno-rate
Gonggong,9,337.29995053598975,-11.046822642551081,tno-rate
Gonggong,10,337.2999552560523,-11.046820582236641,tno-rate
Gonggong,11,337.29995997611485,-11.046818521922201,tno-rate
Gonggong,12,337.2999646961774,-11.046816461607762,tno-rate
Gonggong,13,337.29996941623995,-11.046814401293322,tno-rate
Gonggong,14,337.2999741363025,-11.046812340978882,tno-rate
Gonggong,15,337.29997885636504,-11.046810280664442,tno-rate
Gonggong,16,337.2999835764276,-11.046808220350002,tno-rate
Gonggong,17,337.2999882964902,-11.046806160035562,tno-rate
Gonggong,18,337.2999930165527,-11.046804099721122,tno-rate
Gonggong,19,337.2999977366153,-11.046802039406682,tno-rate
Gonggong,20,337.3000024566779,-11.046799979092242,tno-rate
Gonggong,21,337.3000071767404,-11.046797918777802,tno-rate
Gonggong,22,337.30001189680297,-11.046795858463362,tno-rate
Gonggong,23,337.3000166168655,-11.046793798148922,tno-rate
Gonggong,24,337.30002133692807,-11.046791737834482,tno-rate
Gonggong,25,337.30002605699065,-11.046789677520042,tno-rate
Gonggong,26,337.30003077705317,-11.046787617205602,tno-rate
Gonggong,27,337.30003549711574,-11.046785556891164,tno-rate
Gonggong,28,337.3000402171783,-11.046783496576724,tno-rate
Gonggong,29,337.30004493724084,-11.046781436262284,tno-rate
Gonggong,30,337.3000496573034,-11.046779375947844,tno-rate
Haumea,-30,216.8586659740721,15.878044965183735,tno-rate
Haumea,-20,216.85855106235834,15.878090511496797,tno-rate
Haumea,-15,216.85849360650147,15.878113284653327,tno-rate
Haumea,-10,216.85843615064456,15.878136057809858,tno-rate
Haumea,-5,216.8583786947877,15.87815883096639,tno-rate
Haumea,-2,216.85834422127357,15.878172494860308,tno-rate
Haumea,-1,216.85833273010218,15.878177049491613,tno-rate
Haumea,0,216.8583212389308,15.87818160412292,tno-rate
Haumea,1,216.85830974775945,15.878186158754227,tno-rate
Haumea,2,216.85829825658806,15.878190713385532,tno-rate
Haumea,3,216.8582867654167,15.878195268016839,tno-rate
Haumea,4,216.8582752742453,15.878199822648146,tno-rate
Haumea,5,216.85826378307394,15.87820437727945,tno-rate
Haumea,6,216.85825229190255,15.878208931910757,tno-rate
Haumea,7,216.85824080073118,15.878213486542064,tno-rate
Haumea,8,216.8582293095598,15.878218041173369,tno-rate
Haumea,9,216.85821781838843,15.878222595804676,tno-rate
Haumea,10,216.85820632721706,15.878227150435983,tno-rate
Haumea,11,216.85819483604567,15.878231705067288,tno-rate
Haumea,12,216.8581833448743,15.878236259698594,tno-rate
Haumea,13,216.8581718537029,15.878240814329901,tno-rate
Haumea,14,216.85816036253155,15.878245368961206,tno-rate
Haumea,15,216.85814887136016,15.878249923592513,tno-rate
Haumea,16,216.8581373801888,15.87825447822382,tno-rate
Haumea,17,216.85812588901743,15.878259032855125,tno-rate
Haumea,18,216.85811439784604,15.878263587486432,tno-rate
Haumea,19,216.85810290667467,15.878268142117738,tno-rate
Haumea,20,216.85809141550328,15.878272696749043,tno-rate
Haumea,21,216.85807992433192,15.87827725138035,tno-rate
Haumea,22,216.85806843316053,15.878281806011657,tno-rate
Haumea,23,216.85805694198916,15.878286360642962,tno-rate
Haumea,24,216.85804545081777,15.878290915274269,tno-rate
Haumea,25,216.8580339596464,15.878295469905574,tno-rate
Haumea,26,216.85802246847504,15.87830002453688,tno-rate
Haumea,27,216.85801097730365,15.878304579168187,tno-rate
Haumea,28,216.8579994861323,15.878309133799492,tno-rate
Haumea,29,216.8579879949609,15.878313688430799,tno-rate
Haumea,30,216.85797650378953,15.878318243062106,tno-rate
Makemake,-30,198.29482888720713,23.014143983810374,tno-rate
Makemake,-20,198.29471401600233,23.01416813589838,tno-rate
Makemake,-15,198.2946565803999,23.01418021194238,tno-rate
Makemake,-10,198.2945991447975,23.014192287986383,tno-rate
Makemake,-5,198.2945417091951,23.014204364030387,tno-rate
Makemake,-2,198.29450724783365,23.014211609656787,tno-rate
Makemake,-1,198.29449576071318,23.014214024865588,tno-rate
Makemake,0,198.2944842735927,23.01421644007439,tno-rate
Makemake,1,198.29447278647223,23.01421885528319,tno-rate
Makemake,2,198.29446129935175,23.01422127049199,tno-rate
Makemake,3,198.29444981223125,23.01422368570079,tno-rate
Makemake,4,198.29443832511078,23.01422610090959,tno-rate
Makemake,5,198.2944268379903,23.01422851611839,tno-rate
Makemake,6,198.29441535086983,23.01423093132719,tno-rate
Makemake,7,198.29440386374932,23.014233346535992,tno-rate
Makemake,8,198.29439237662885,23.014235761744793,tno-rate
Makemake,9,198.29438088950837,23.014238176953594,tno-rate
Makemake,10,198.2943694023879,23.014240592162395,tno-rate
Makemake,11,198.29435791526743,23.014243007371196,tno-rate
Makemake,12,198.29434642814692,23.014245422579993,tno-rate
Makemake,13,198.29433494102645,23.014247837788794,tno-rate
Makemake,14,198.29432345390597,23.014250252997595,tno-rate
Makemake,15,198.2943119667855,23.014252668206396,tno-rate
Makemake,16,198.294300479665,23.014255083415197,tno-rate
Makemake,17,198.29428899254452,23.014257498623998,tno-rate
Makemake,18,198.29427750542405,23.0142599138328,tno-rate
Makemake,19,198.29426601830357,23.014262329041596,tno-rate
Makemake,20,198.29425453118307,23.014264744250397,tno-rate
Makemake,21,198.2942430440626,23.014267159459198,tno-rate
Makemake,22,198.29423155694212,23.014269574668,tno-rate
Makemake,23,198.29422006982165,23.0142719898768,tno-rate
Makemake,24,198.29420858270117,23.0142744050856,tno-rate
Makemake,25,198.29419709558067,23.014276820294402,tno-rate
Makemake,26,198.2941856084602,23.014279235503203,tno-rate
Makemake,27,198.29417412133972,23.014281650712,tno-rate
Makemake,28,198.29416263421925,23.0142840659208,tno-rate
Makemake,29,198.29415114709875,23.014286481129602,tno-rate
Makemake,30,198.29413965997827,23.014288896338403,tno-rate
Orcus,-30,155.81761144269137,-11.647965455767475,tno-rate
Orcus,-20,155.81754769544187,-11.647902447717996,tno-rate
Orcus,-15,155.81751582181712,-11.647870943693258,tno-rate
Orcus,-10,155.8174839481924,-11.647839439668518,tno-rate
Orcus,-5,155.81745207456765,-11.64780793564378,tno-rate
Orcus,-2,155.8174329503928,-11.647789033228936,tno-rate
Orcus,-1,155.81742657566787,-11.647782732423988,tno-rate
Orcus,0,155.8174202009429,-11.64777643161904,tno-rate
Orcus,1,155.81741382621794,-11.647770130814092,tno-rate
Orcus,2,155.817407451493,-11.647763830009144,tno-rate
Orcus,3,155.81740107676805,-11.647757529204195,tno-rate
Orcus,4,155.81739470204312,-11.647751228399247,tno-rate
Orcus,5,155.81738832731816,-11.6477449275943,tno-rate
Orcus,6,155.81738195259322,-11.647738626789353,tno-rate
Orcus,7,155.81737557786826,-11.647732325984405,tno-rate
Orcus,8,155.8173692031433,-11.647726025179457,tno-rate
Orcus,9,155.81736282841837,-11.64771972437451,tno-rate
Orcus,10,155.8173564536934,-11.647713423569561,tno-rate
Orcus,11,155.81735007896847,-11.647707122764613,tno-rate
Orcus,12,155.8173437042435,-11.647700821959665,tno-rate
Orcus,13,155.81733732951858,-11.647694521154717,tno-rate
Orcus,14,155.81733095479362,-11.64768822034977,tno-rate
Orcus,15,155.81732458006869,-11.647681919544821,tno-rate
Orcus,16,155.81731820534372,-11.647675618739875,tno-rate
Orcus,17,155.81731183061876,-11.647669317934927,tno-rate
Orcus,18,155.81730545589383,-11.647663017129979,tno-rate
Orcus,19,155.81729908116887,-11.64765671632503,tno-rate
Orcus,20,155.81729270644394,-11.647650415520083,tno-rate
Orcus,21,155.81728633171898,-11.647644114715135,tno-rate
Orcus,22,155.81727995699404,-11.647637813910187,tno-rate
Orcus,23,155.81727358226908,-11.647631513105239,tno-rate
Orcus,24,155.81726720754412,-11.64762521230029,tno-rate
Orcus,25,155.8172608328192,-11.647618911495343,tno-rate
Orcus,26,155.81725445809423,-11.647612610690397,tno-rate
Orcus,27,155.8172480833693,-11.647606309885449,tno-rate
Orcus,28,155.81724170864433,-11.6476000090805,tno-rate
Orcus,29,155.8172353339194,-11.647593708275553,tno-rate
Orcus,30,155.81722895919444,-11.647587407470605,tno-rate
Quaoar,-30,277.24328511104596,-15.214986221847802,tno-rate
Quaoar,-20,277.2432518288498,-15.214965992088352,tno-rate
Quaoar,-15,277.2432351877517,-15.214955877208626,tno-rate
Quaoar,-10,277.24321854665357,-15.2149457623289,tno-rate
Quaoar,-5,277.2432019055555,-15.214935647449176,tno-rate
Quaoar,-2,277.2431919208966,-15.21492957852134,tno-rate
Quaoar,-1,277.24318859267703,-15.214927555545396,tno-rate
Quaoar,0,277.2431852644574,-15.21492553256945,tno-rate
Quaoar,1,277.24318193623776,-15.214923509593506,tno-rate
Quaoar,2,277.2431786080182,-15.21492148661756,tno-rate
Quaoar,3,277.24317527979855,-15.214919463641616,tno-rate
Quaoar,4,277.2431719515789,-15.21491744066567,tno-rate
Quaoar,5,277.2431686233593,-15.214915417689726,tno-rate
Quaoar,6,277.2431652951397,-15.214913394713781,tno-rate
Quaoar,7,277.24316196692007,-15.214911371737836,tno-rate
Quaoar,8,277.24315863870044,-15.214909348761891,tno-rate
Quaoar,9,277.2431553104808,-15.214907325785946,tno-rate
Quaoar,10,277.2431519822612,-15.214905302810001,tno-rate
Quaoar,11,277.2431486540416,-15.214903279834056,tno-rate
Quaoar,12,277.24314532582196,-15.214901256858111,tno-rate
Quaoar,13,277.2431419976023,-15.214899233882166,tno-rate
Quaoar,14,277.24313866938274,-15.214897210906221,tno-rate
Quaoar,15,277.2431353411631,-15.214895187930276,tno-rate
Quaoar,16,277.2431320129435,-15.21489316495433,tno-rate
Quaoar,17,277.24312868472384,-15.214891141978384,tno-rate
Quaoar,18,277.24312535650427,-15.21488911900244,tno-rate
Quaoar,19,277.24312202828463,-15.214887096026494,tno-rate
Quaoar,20,277.243118700065,-15.21488507305055,tno-rate
Quaoar,21,277.24311537184536,-15.214883050074604,tno-rate
Quaoar,22,277.2431120436258,-15.21488102709866,tno-rate
Quaoar,23,277.24310871540615,-15.214879004122714,tno-rate
Quaoar,24,277.2431053871865,-15.21487698114677,tno-rate
Quaoar,25,277.24310205896694,-15.214874958170824,tno-rate
Quaoar,26,277.2430987307473,-15.21487293519488,tno-rate
Quaoar,27,277.2430954025277,-15.214870912218935,tno-rate
Quaoar,28,277.24309207430804,-15.21486888924299,tno-rate
Quaoar,29,277.24308874608846,-15.214866866267045,tno-rate
Quaoar,30,277.2430854178688,-15.2148648432911,tno-rate
Sedna,-30,58.69086194767635,8.285563665456946,tno-rate
Sedna,-20,58.69093928281369,8.285589363085725,tno-rate
Sedna,-15,58.69097795038235,8.285602211900114,tno-rate
Sedna,-10,58.691016617951014,8.285615060714505,tno-rate
Sedna,-5,58.69105528551968,8.285627909528895,tno-rate
Sedna,-2,58.69107848606088,8.285635618817528,tno-rate
Sedna,-1,58.691086219574615,8.285638188580407,tno-rate
Sedna,0,58.69109395308835,8.285640758343284,tno-rate
Sedna,1,58.69110168660208,8.285643328106161,tno-rate
Sedna,2,58.691109420115815,8.28564589786904,tno-rate
Sedna,3,58.69111715362955,8.285648467631917,tno-rate
Sedna,4,58.69112488714328,8.285651037394796,tno-rate
Sedna,5,58.691132620657015,8.285653607157673,tno-rate
Sedna,6,58.69114035417075,8.285656176920552,tno-rate
Sedna,7,58.69114808768448,8.28565874668343,tno-rate
Sedna,8,58.691155821198215,8.285661316446307,tno-rate
Sedna,9,58.69116355471195,8.285663886209186,tno-rate
Sedna,10,58.69117128822568,8.285666455972063,tno-rate
Sedna,11,58.691179021739416,8.285669025734942,tno-rate
Sedna,12,58.69118675525315,8.285671595497819,tno-rate
Sedna,13,58.69119448876688,8.285674165260698,tno-rate
Sedna,14,58.691202222280616,8.285676735023575,tno-rate
Sedna,15,58.69120995579435,8.285679304786454,tno-rate
Sedna,16,58.69121768930808,8.285681874549331,tno-rate
Sedna,17,58.69122542282181,8.285684444312208,tno-rate
Sedna,18,58.69123315633554,8.285687014075087,tno-rate
Sedna,19,58.691240889849276,8.285689583837964,tno-rate
Sedna,20,58.69124862336301,8.285692153600843,tno-rate
Sedna,21,58.69125635687674,8.28569472336372,tno-rate
Sedna,22,58.691264090390476,8.2856972931266,tno-rate
Sedna,23,58.69127182390421,8.285699862889476,tno-rate
Sedna,24,58.69127955741794,8.285702432652354,tno-rate
Sedna,25,58.691287290931676,8.285705002415233,tno-rate
Sedna,26,58.69129502444541,8.28570757217811,tno-rate
Sedna,27,58.69130275795914,8.285710141940989,tno-rate
Sedna,28,58.691310491472876,8.285712711703866,tno-rate
Sedna,29,58.69131822498661,8.285715281466745,tno-rate
Sedna,30,58.69132595850034,8.285717851229622,tno-rate
Transpluto,-30,154.3159403206823,10.640123088642731,engine
Transpluto,-20,154.31590726671956,10.64013562283471,engine
Transpluto,-15,154.31589074189665,10.640141889110708,engine
Transpluto,-10,154.31587421851577,10.640148154838759,engine
Transpluto,-5,154.31585769657255,10.640154420020444,engine
Transpluto,-2,154.3158477840991,10.640158178866232,engine
Transpluto,-1,154.31584448005646,10.640159431771034,engine
Transpluto,0,154.31584117607142,10.640160684653951,engine
Transpluto,1,154.315837872144,10.640161937514977,engine
Transpluto,2,154.31583456827414,10.640163190354068,engine
Transpluto,3,154.31583126446196,10.64016444317129,engine
Transpluto,4,154.3158279607074,10.640165695966594,engine
Transpluto,5,154.31582465701038,10.640166948740026,engine
Transpluto,6,154.3158213533687,10.640168201492392,engine
Transpluto,7,154.31581804978697,10.64016945422198,engine
Transpluto,8,154.31581474626276,10.640170706929673,engine
Transpluto,9,154.3158114427961,10.640171959615456,engine
Transpluto,10,154.31580813938714,10.640173212279345,engine
Transpluto,11,154.31580483603577,10.640174464921321,engine
Transpluto,12,154.31580153274203,10.640175717541418,engine
Transpluto,13,154.31579822950582,10.640176970139573,engine
Transpluto,14,154.31579492632727,10.640178222715853,engine
Transpluto,15,154.31579162320634,10.640179475270182,engine
Transpluto,16,154.31578832014299,10.640180727802584,engine
Transpluto,17,154.315785017135,10.640181980313965,engine
Transpluto,18,154.31578171418693,10.640183232802562,engine
Transpluto,19,154.31577841129644,10.64018448526926,engine
Transpluto,20,154.3157751084635,10.640185737714011,engine
Transpluto,21,154.31577180568823,10.640186990136865,engine
Transpluto,22,154.31576850297054,10.640188242537805,engine
Transpluto,23,154.3157652003105,10.640189494916832,engine
Transpluto,24,154.31576189770806,10.64019074727391,engine
Transpluto,25,154.3157585951632,10.640191999609124,engine
Transpluto,26,154.315755292676,10.640193251922389,engine
Transpluto,27,154.31575199024635,10.640194504213737,engine
Transpluto,28,154.31574868787442,10.640195756483138,engine
Transpluto,29,154.31574538555782,10.640197008731468,engine
Transpluto,30,154.31574208330105,10.640198260957028,engine
Part_of_Fortune,-30,342.21665436095725,-13.693414409777432,engine
Part_of_Fortune,-20,344.0343528311994,-14.258371961381595,engine
Part_of_Fortune,-15,344.93961761841035,-14.545542170949668,engine
Part_of_Fortune,-10,345.84259966604645,-14.835774129853153,engine
Part_of_Fortune,-5,346.74337665449724,-15.129018254328615,engine
Part_of_Fortune,-2,347.2828152255665,-15.30638963213399,engine
Part_of_Fortune,-1,347.4624603987678,-15.365748509150148,engine
Part_of_Fortune,0,347.6420226577916,-15.425224244991607,engine
Part_of_Fortune,1,347.82150239285863,-15.484816387147525,engine
Part_of_Fortune,2,348.0009005241863,-15.544524619244758,engine
Part_of_Fortune,3,348.1802174354721,-15.60434848738894,engine
Part_of_Fortune,4,348.35945368335854,-15.66428758207847,engine
Part_of_Fortune,5,348.5386098221182,-15.724341493356027,engine
Part_of_Fortune,6,348.71768634332176,-15.784509804775649,engine
Part_of_Fortune,7,348.896683909294,-15.844792114943633,engine
Part_of_Fortune,8,349.0756030054682,-15.90518800581764,engine
Part_of_Fortune,9,349.25444417056957,-15.965697063393366,engine
Part_of_Fortune,10,349.43320794113714,-16.026318873147055,engine
Part_of_Fortune,11,349.61189484895647,-16.087053019175688,engine
Part_of_Fortune,12,349.79050524587217,-16.147899039566482,engine
Part_of_Fortune,13,349.9690400125554,-16.208856607444034,engine
Part_of_Fortune,14,350.14749949407803,-16.26992525891341,engine
Part_of_Fortune,15,350.3258842091356,-16.331104574257267,engine
Part_of_Fortune,16,350.5041946730744,-16.39239413273575,engine
Part_of_Fortune,17,350.68243151818524,-16.453793554032607,engine
Part_of_Fortune,18,350.8605950146082,-16.51530233310409,engine
Part_of_Fortune,19,351.0386856105189,-16.57692004212125,engine
Part_of_Fortune,20,351.21670416395654,-16.63864634693157,engine
Part_of_Fortune,21,351.39465099661436,-16.70048077621621,engine
Part_of_Fortune,22,351.5725266057417,-16.762422903271833,engine
Part_of_Fortune,23,351.7503314843233,-16.82447229988548,engine
Part_of_Fortune,24,351.92806612348846,-16.88662853718224,engine
Part_of_Fortune,25,352.10573101018116,-16.948891184756,engine
Part_of_Fortune,26,352.28332662954705,-17.01125981151015,engine
Part_of_Fortune,27,352.4608534629035,-17.073733984917304,engine
Part_of_Fortune,28,352.6383118109352,-17.136313226094433,engine
Part_of_Fortune,29,352.81570262403557,-17.198997232973106,engine
Part_of_Fortune,30,352.99302595951144,-17.261785440406786,engine
Part_of_Spirit,-30,297.50644548375874,44.91936943401308,engine
Part_of_Spirit,-20,299.0878510277006,44.423849714713185,engine
Part_of_Spirit,-15,299.8746744724399,44.17159257100034,engine
Part_of_Spirit,-10,300.6590335960759,43.91640474729988,engine
Part_of_Spirit,-5,301.4410162080211,43.658337289264196,engine
Part_of_Spirit,-2,301.90910073221335,43.502135944958404,engine
Part_of_Spirit,-1,302.064948702082,43.44984451116106,engine
Part_of_Spirit,0,302.220707703132,43.397441601136975,engine
Part_of_Spirit,1,302.3763785695173,43.34492758503169,engine
Part_of_Spirit,2,302.53196159795687,43.29230297069155,engine
Part_of_Spirit,3,302.6874576161866,43.23956812940566,engine
Part_of_Spirit,4,302.84286726921005,43.18672347930896,engine
Part_of_Spirit,5,302.99819119965866,43.13376943888891,engine
Part_of_Spirit,6,303.1534303273494,43.080706346649976,engine
Part_of_Spirit,7,303.3085847236183,43.02753478508488,engine
Part_of_Spirit,8,303.4636553022757,42.974255094043535,engine
Part_of_Spirit,9,303.61864269078177,42.920867695653584,engine
Part_of_Spirit,10,303.7735475143724,42.86737301245332,engine
Part_of_Spirit,11,303.928370393732,42.813771468248916,engine
Part_of_Spirit,12,304.0831121252037,42.76006344181244,engine
Part_of_Spirit,13,304.2377729671308,42.70624944965177,engine
Part_of_Spirit,14,304.39235370930083,42.65232987227497,engine
Part_of_Spirit,15,304.5468549594512,42.598305136901146,engine
Part_of_Spirit,16,304.7012773221643,42.54417567164569,engine
Part_of_Spirit,17,304.85562150284125,42.4899418689453,engine
Part_of_Spirit,18,305.0098878930196,42.43560423137879,engine
Part_of_Spirit,19,305.16407736961276,42.381163107953654,engine
Part_of_Spirit,20,305.3181901691019,42.32661902125618,engine
Part_of_Spirit,21,305.47222705811555,42.271972358730835,engine
Part_of_Spirit,22,305.62618862343277,42.21722355383088,engine
Part_of_Spirit,23,305.78007544754996,42.16237304142804,engine
Part_of_Spirit,24,305.9338881112588,42.10742125694548,engine
Part_of_Spirit,25,306.08762719110604,42.052368637244335,engine
Part_of_Spirit,26,306.24129326198977,41.99721561974208,engine
Part_of_Spirit,27,306.3948868949369,41.94196264321484,engine
Part_of_Spirit,28,306.54840883581176,41.8866101022376,engine
Part_of_Spirit,29,306.7018593980674,41.83115849064499,engine
Part_of_Spirit,30,306.8552391164246,41.77560827932487,engine
Ascendant,-30,139.86154992235797,15.612977512117823,engine
Ascendant,-20,141.56110192944996,15.082738876665793,engine
Ascendant,-15,142.40714604542512,14.813025200025335,engine
Ascendant,-10,143.25081663106118,14.540315308723361,engine
Ascendant,-5,144.09219643125917,14.26465951746779,engine
Ascendant,-2,144.5959579788899,14.097873156412208,engine
Ascendant,-1,144.76370455042488,14.042048001005458,engine
Ascendant,0,144.9313651804618,13.986108678072686,engine
Ascendant,1,145.098940481188,13.930055598942083,engine
Ascendant,2,145.2664310610716,13.873889175723395,engine
Ascendant,3,145.43383752582935,13.81760982100836,engine
Ascendant,4,145.6011604762843,13.761217948615245,engine
Ascendant,5,145.76840051088843,13.704713972766443,engine
Ascendant,6,145.93555833533557,13.648098270937165,engine
Ascendant,7,146.10263431645615,13.591371335070622,engine
Ascendant,8,146.26962915387193,13.534533544112948,engine
Ascendant,9,146.43654343067567,13.477585316130108,engine
Ascendant,10,146.60337772775478,13.420527069653131,engine
Ascendant,11,146.77013262134423,13.363359224536612,engine
Ascendant,12,146.93680868553793,13.306082201122981,engine
Ascendant,13,147.1034064898431,13.24869642110387,engine
Ascendant,14,147.26992660168943,13.191202306680779,engine
Ascendant,15,147.4363695842934,13.13360028132194,engine
Ascendant,16,147.60273599761933,13.075890769454968,engine
Ascendant,17,147.7690265105132,13.018074157456345,engine
Ascendant,18,147.93524145381392,12.96015094913735,engine
Ascendant,19,148.10138149006582,12.9021215329162,engine
Ascendant,20,148.26744716652922,12.843986337162303,engine
Ascendant,21,148.43343902736493,12.785745791257314,engine
Ascendant,22,148.5993576145872,12.727400325279522,engine
Ascendant,23,148.76520346593665,12.66895037077128,engine
Ascendant,24,148.93097711737363,12.610396359881621,engine
Ascendant,25,149.0966791006436,12.551738726244166,engine
Ascendant,26,149.2623099457684,12.492977904115964,engine
Ascendant,27,149.42787017892022,12.434114329148771,engine
Ascendant,28,149.59336032337347,12.37514843807158,engine
Ascendant,29,149.7587810110515,12.316080628835941,engine
Ascendant,30,149.92413253796803,12.256911419459044,engine
Midheaven,-30,28.38525899549523,11.64433948679885,engine
Midheaven,-20,30.890117459349195,12.546590988386958,engine
Midheaven,-15,32.14250928797309,12.986801909469316,engine
Midheaven,-10,33.394878569647176,13.419477608784398,engine
Midheaven,-5,34.64722765263939,13.844436065645244,engine
Midheaven,-2,35.3986280784257,14.095634525567117,engine
Midheaven,-1,35.64909349898387,14.178729885914626,engine
Midheaven,0,35.89955825401906,14.261504347134364,engine
Midheaven,1,36.15002235986801,14.343956629114558,engine
Midheaven,2,36.40048583291684,14.42608546617125,engine
Midheaven,3,36.650948690995875,14.50788960744564,engine
Midheaven,4,36.90141095012099,14.589367815778552,engine
Midheaven,5,37.15187262821486,14.670518868865456,engine
Midheaven,6,37.40233390933709,14.751341612071348,engine
Midheaven,7,37.65279447512449,14.831834742852337,engine
Midheaven,8,37.9032545111175,14.911997135424732,engine
Midheaven,9,38.15371403354713,14.991827623242248,engine
Midheaven,10,38.4041730605445,15.071325054277395,engine
Midheaven,11,38.654631608417304,15.15048828976679,engine
Midheaven,12,38.90508969537089,15.229316205322373,engine
Midheaven,13,39.15554733778471,15.307807689684038,engine
Midheaven,14,39.406004553933016,15.385961645818702,engine
Midheaven,15,39.656461360726844,15.463776989824712,engine
Midheaven,16,39.90691777510831,15.541252651297448,engine
Midheaven,17,40.15737398293039,15.618387625150103,engine
Midheaven,18,40.40782966575786,15.695180764431912,engine
Midheaven,19,40.65828500949965,15.771631090888066,engine
Midheaven,20,40.90874003120928,15.847737587325167,engine
Midheaven,21,41.159194747965,15.92349924965788,engine
Midheaven,22,41.40964917826378,15.99891508724758,engine
Midheaven,23,41.66010333876367,16.07398412183708,engine
Midheaven,24,41.91055724800408,16.14870538858868,engine
Midheaven,25,42.16101092268266,16.22307793488508,engine
Midheaven,26,42.41146438137579,16.297100821355485,engine
Midheaven,27,42.66191764128074,16.370773120821678,engine
Midheaven,28,42.9123707196098,16.444093918629346,engine
Midheaven,29,43.16282380246801,16.517062361644598,engine
Midheaven,30,43.413276571662294,16.589677462268142,engine
Vertex,-30,279.44603184336614,-23.152310398694226,engine
Vertex,-20,282.13373515189204,-22.967687273162518,engine
Vertex,-15,283.4950703281193,-22.8566472210946,engine
Vertex,-10,284.8683530318542,-22.732698919853785,engine
Vertex,-5,286.25379867939614,-22.5955150111065,engine
Vertex,-2,287.0909919969421,-22.5067125011296,engine
Vertex,-1,287.37105409222255,-22.476013337330215,engine
Vertex,0,287.65161775373303,-22.444760435785593,engine
Vertex,1,287.9326846096131,-22.412951035946637,engine
Vertex,2,288.2142562783359,-22.380582366839366,engine
Vertex,3,288.49633436996044,-22.34765164713181,engine
Vertex,4,288.77892048214323,-22.31415608581882,engine
Vertex,5,289.0620162039996,-22.280092882003988,engine
Vertex,6,289.34562330192335,-22.24545920226204,engine
Vertex,7,289.62974296186025,-22.21025227377057,engine
Vertex,8,289.91437692847506,-22.174469245451725,engine
Vertex,9,290.19952674283394,-22.1381072810025,engine
Vertex,10,290.485193935765,-22.101163535716495,engine
Vertex,11,290.7713800232635,-22.063635157358387,engine
Vertex,12,291.0580865103763,-22.025519285959717,engine
Vertex,13,291.3453148865824,-21.986813054733158,engine
Vertex,14,291.63306662968375,-21.947513589874127,engine
Vertex,15,291.9213432016972,-21.90761801144087,engine
Vertex,16,292.2101460500712,-21.867123433535863,engine
Vertex,17,292.4994768025748,-21.826026936794847,engine
Vertex,18,292.78933648887096,-21.784325679663187,engine
Vertex,19,293.07972670531194,-21.742016733324537,engine
Vertex,20,293.3706488372022,-21.699097192205695,engine
Vertex,21,293.66210425331286,-21.65556414692377,engine
Vertex,22,293.95409430710276,-21.61141468450651,engine
Vertex,23,294.24662033251604,-21.566645889443045,engine
Vertex,24,294.5396836479052,-21.521254843522915,engine
Vertex,25,294.83328555126394,-21.475238627010917,engine
Vertex,26,295.1274273241587,-21.42859431849562,engine
Vertex,27,295.42211022748387,-21.38131899602271,engine
Vertex,28,295.717335502661,-21.333409737395968,engine
Vertex,29,296.0131045708199,-21.284863587794717,engine
Vertex,30,296.30941823700454,-21.235677691262474,engine
Algol,-30,47.03562573213424,40.955166886644946,engine
Algol,-20,47.035626351978586,40.95516805506602,engine
Algol,-15,47.035626612901034,40.95516864645924,engine
Algol,-10,47.03562684088576,40.95516924216601,engine
Algol,-5,47.03562703574917,40.95516984182778,engine
Algol,-2,47.03562713669849,40.955170203373214,engine
Algol,-1,47.03562716767921,40.9551703241624,engine
Algol,0,47.03562719732339,40.95517044508378,engine
Algol,1,47.0356272256299,40.95517056613444,engine
Algol,2,47.035627252597564,40.95517068731147,engine
Algol,3,47.035627278225284,40.95517080861199,engine
Algol,4,47.03562730251199,40.95517093003304,engine
Algol,5,47.03562732545659,40.95517105157177,engine
Algol,6,47.035627347058096,40.955171173225274,engine
Algol,7,47.03562736731542,40.95517129499053,engine
Algol,8,47.03562738622764,40.95517141686468,engine
Algol,9,47.035627403793775,40.95517153884477,engine
Algol,10,47.03562742001291,40.95517166092794,engine
Algol,11,47.035627434884105,40.95517178311122,engine
Algol,12,47.035627448406515,40.95517190539167,engine
Algol,13,47.03562746057926,40.955172027766395,engine
Algol,14,47.035627471401526,40.95517215023246,engine
Algol,15,47.03562748087251,40.9551722727869,engine
Algol,16,47.03562748899142,40.95517239542681,engine
Algol,17,47.035627495757524,40.955172518149325,engine
Algol,18,47.03562750117009,40.95517264095134,engine
Algol,19,47.0356275052284,40.955172763830014,engine
Algol,20,47.03562750793179,40.95517288678238,engine
Algol,21,47.03562750927963,40.955173009805506,engine
Algol,22,47.03562750927127,40.95517313289646,engine
Algol,23,47.03562750790614,40.95517325605227,engine
Algol,24,47.035627505183655,40.955173379270015,engine
Algol,25,47.03562750110327,40.95517350254674,engine
Algol,26,47.035627495664485,40.95517362587949,engine
Algol,27,47.03562748886677,40.95517374926533,engine
Algol,28,47.03562748070972,40.95517387270127,engine
Algol,29,47.035627471192825,40.95517399618449,engine
Algol,30,47.03562746031572,40.95517411971185,engine
Pleiades,-30,56.86619434851803,24.104025292448597,engine
Pleiades,-20,56.86619515917811,24.104026035146564,engine
Pleiades,-15,56.86619552661994,24.104026413470663,engine
Pleiades,-10,56.86619586844666,24.104026796166927,engine
Pleiades,-5,56.86619618440647,24.104027183024456,engine
Pleiades,-2,56.866196361466045,24.10402741704779,engine
Pleiades,-1,56.866196418388704,24.104027495363436,engine
Pleiades,0,56.86619647425977,24.104027573830148,engine
Pleiades,1,56.86619652907746,24.1040276524462,engine
Pleiades,2,56.866196582840026,24.10402773120985,engine
Pleiades,3,56.86619663554571,24.10402781011939,engine
Pleiades,4,56.866196687192826,24.104027889173068,engine
Pleiades,5,56.86619673777964,24.104027968369174,engine
Pleiades,6,56.86619678730455,24.104028047705988,engine
Pleiades,7,56.86619683576581,24.104028127181685,engine
Pleiades,8,56.866196883161834,24.104028206794567,engine
Pleiades,9,56.866196929491,24.10402828654289,engine
Pleiades,10,56.86619697475172,24.10402836642489,engine
Pleiades,11,56.86619701894241,24.104028446438843,engine
Pleiades,12,56.86619706206153,24.104028526582965,engine
Pleiades,13,56.86619710410755,24.10402860685552,engine
Pleiades,14,56.86619714507896,24.104028687254743,engine
Pleiades,15,56.86619718497425,24.10402876777886,engine
Pleiades,16,56.86619722379198,24.10402884842612,engine
Pleiades,17,56.866197261530694,24.10402892919482,engine
Pleiades,18,56.86619729818894,24.104029010083053,engine
Pleiades,19,56.866197333765314,24.104029091089124,engine
Pleiades,20,56.866197368258455,24.104029172211245,engine
Pleiades,21,56.86619740166697,24.104029253447663,engine
Pleiades,22,56.86619743398953,24.10402933479658,engine
Pleiades,23,56.86619746522479,24.104029416256225,engine
Pleiades,24,56.866197495371466,24.104029497824794,engine
Pleiades,25,56.866197524428294,24.104029579500544,engine
Pleiades,26,56.86619755239396,24.104029661281654,engine
Pleiades,27,56.866197579267265,24.104029743166365,engine
Pleiades,28,56.86619760504697,24.104029825152846,engine
Pleiades,29,56.86619762973189,24.104029907239394,engine
Pleiades,30,56.86619765332083,24.104029989424088,engine
Capella,-30,79.16811310325203,45.99683554397943,engine
Capella,-20,79.1681149250893,45.99683644671927,engine
Capella,-15,79.16811579931768,45.9968369189219,engine
Capella,-10,79.16811664828275,45.99683740465002,engine
Capella,-5,79.16811747139755,45.99683790362351,engine
Capella,-2,79.16811795261856,45.99683820924633,engine
Capella,-1,79.16811811089036,45.99683831214647,engine
Capella,0,79.16811826808707,45.99683841555562,engine
Capella,1,79.16811842420427,45.99683851947141,engine
Capella,2,79.16811857923747,45.9968386238915,engine
Capella,3,79.16811873318231,45.996838728813486,engine
Capella,4,79.16811888603436,45.99683883423498,engine
Capella,5,79.16811903778928,45.99683894015357,engine
Capella,6,79.16811918844277,45.99683904656694,engine
Capella,7,79.16811933799033,45.996839153472514,engine
Capella,8,79.16811948642776,45.99683926086794,engine
Capella,9,79.16811963375072,45.99683936875078,engine
Capella,10,79.168119779955,45.99683947711857,engine
Capella,11,79.16811992503635,45.99683958596888,engine
Capella,12,79.1681200689905,45.996839695299215,engine
Capella,13,79.1681202118133,45.996839805107115,engine
Capella,14,79.16812035350053,45.9968399153901,engine
Capella,15,79.16812049404805,45.996840026145655,engine
Capella,16,79.16812063345172,45.996840137371315,engine
Capella,17,79.1681207717075,45.99684024906459,engine
Capella,18,79.16812090881116,45.99684036122285,engine
Capella,19,79.16812104475866,45.99684047384363,engine
Capella,20,79.16812117954599,45.99684058692439,engine
Capella,21,79.16812131316911,45.99684070046259,engine
Capella,22,79.16812144562401,45.99684081445566,engine
Capella,23,79.16812157690671,45.99684092890104,engine
Capella,24,79.16812170701326,45.99684104379616,engine
Capella,25,79.16812183593971,45.99684115913843,engine
Capella,26,79.16812196368217,45.99684127492526,engine
Capella,27,79.16812209023672,45.99684139115407,engine
Capella,28,79.16812221559948,45.99684150782224,engine
Capella,29,79.16812233976674,45.996841624927214,engine
Capella,30,79.16812246273444,45.99684174246622,engine
Sirius,-30,101.2818356460924,-16.72702310081728,engine
Sirius,-20,101.28183731478175,-16.72702314113656,engine
Sirius,-15,101.28183813586554,-16.727023171819877,engine
Sirius,-10,101.28183894737118,-16.72702320944658,engine
Sirius,-5,101.28183974875157,-16.727023253958208,engine
Sirius,-2,101.28184022449366,-16.7270232839444,engine
Sirius,-1,101.28184038220077,-16.72702329448327,engine
Sirius,0,101.28184053946396,-16.72702330529301,engine
Sirius,1,101.28184069627889,-16.727023316373078,engine
Sirius,2,101.28184085264132,-16.727023327722964,engine
Sirius,3,101.281841008547,-16.727023339342104,engine
Sirius,4,101.28184116399164,-16.727023351229946,engine
Sirius,5,101.281841318971,-16.72702336338595,engine
Sirius,6,101.28184147348097,-16.72702337580958,engine
Sirius,7,101.28184162751708,-16.727023388500236,engine
Sirius,8,101.28184178107524,-16.72702340145737,engine
Sirius,9,101.28184193415122,-16.727023414680406,engine
Sirius,10,101.28184208674081,-16.727023428168774,engine
Sirius,11,101.28184223883984,-16.72702344192189,engine
Sirius,12,101.28184239044411,-16.727023455939168,engine
Sirius,13,101.28184254154947,-16.72702347022,engine
Sirius,14,101.28184269215171,-16.727023484763816,engine
Sirius,15,101.28184284224672,-16.72702349956999,engine
Sirius,16,101.28184299183033,-16.72702351463793,engine
Sirius,17,101.28184314089852,-16.727023529967024,engine
Sirius,18,101.28184328944694,-16.72702354555664,engine
Sirius,19,101.28184343747161,-16.72702356140617,engine
Sirius,20,101.28184358496839,-16.727023577514966,engine
Sirius,21,101.2818437319332,-16.72702359388243,engine
Sirius,22,101.28184387836195,-16.727023610507885,engine
Sirius,23,101.28184402425057,-16.727023627390714,engine
Sirius,24,101.281844169595,-16.727023644530266,engine
Sirius,25,101.28184431439117,-16.727023661925895,engine
Sirius,26,101.28184445863505,-16.727023679576934,engine
Sirius,27,101.2818446023226,-16.727023697482736,engine
Sirius,28,101.28184474544979,-16.727023715642606,engine
Sirius,29,101.28184488801273,-16.7270237340559,engine
Sirius,30,101.2818450300072,-16.727023752721927,engine
Procyon,-30,114.82057366232279,5.217059886610117,engine
Procyon,-20,114.82057535376688,5.217060029525667,engine
Procyon,-15,114.82057619566078,5.217060104444009,engine
Procyon,-10,114.82057703425285,5.217060181660389,engine
Procyon,-5,114.82057786898295,5.217060261166704,engine
Procyon,-2,114.82057836773477,5.217060309965866,engine
Procyon,-1,114.8205785336109,5.217060326414343,engine
Procyon,0,114.8205786992924,5.21706034295372,engine
Procyon,1,114.82057886477483,5.217060359583923,engine
Procyon,2,114.82057903005374,5.217060376304854,engine
Procyon,3,114.8205791951247,5.217060393116431,engine
Procyon,4,114.82057935998326,5.217060410018558,engine
Procyon,5,114.82057952462497,5.217060427011145,engine
Procyon,6,114.82057968904557,5.217060444094104,engine
Procyon,7,114.82057985324042,5.217060461267321,engine
Procyon,8,114.82058001720516,5.217060478530711,engine
Procyon,9,114.82058018093541,5.217060495884169,engine
Procyon,10,114.82058034442679,5.2170605133275965,engine
Procyon,11,114.82058050767483,5.2170605308608895,engine
Procyon,12,114.82058067067523,5.217060548483944,engine
Procyon,13,114.82058083342352,5.217060566196648,engine
Procyon,14,114.82058099591535,5.217060583998903,engine
Procyon,15,114.8205811581463,5.217060601890589,engine
Procyon,16,114.820581320112,5.2170606198716,engine
Procyon,17,114.82058148180825,5.217060637941834,engine
Procyon,18,114.82058164323038,5.217060656101151,engine
Procyon,19,114.8205818043742,5.21706067434945,engine
Procyon,20,114.8205819652353,5.217060692686606,engine
Procyon,21,114.82058212580938,5.217060711112501,engine
Procyon,22,114.82058228609206,5.217060729627015,engine
Procyon,23,114.820582446079,5.217060748230023,engine
Procyon,24,114.82058260576586,5.217060766921399,engine
Procyon,25,114.82058276514837,5.217060785701017,engine
Procyon,26,114.82058292422214,5.217060804568748,engine
Procyon,27,114.82058308298288,5.217060823524462,engine
Procyon,28,114.82058324142629,5.217060842568026,engine
Procyon,29,114.82058339954813,5.217060861699319,engine
Procyon,30,114.82058355734391,5.217060880918178,engine
Alkaid,-30,206.89205560938356,49.312042283912135,engine
Alkaid,-20,206.89205579658886,49.312041084834846,engine
Alkaid,-15,206.89205594929044,49.312040487109755,engine
Alkaid,-10,206.89205614130435,49.31203989116087,engine
Alkaid,-5,206.8920563725419,49.31203929741233,engine
Alkaid,-2,206.89205653006775,49.31203894239559,engine
Alkaid,-1,206.89205658570125,49.31203882428236,engine
Alkaid,0,206.89205664289543,49.31203870628757,engine
Alkaid,1,206.89205670164932,49.31203858841462,engine
Alkaid,2,206.89205676196173,49.31203847066687,engine
Alkaid,3,206.89205682383155,49.31203835304769,engine
Alkaid,4,206.89205688725764,49.312038235560436,engine
Alkaid,5,206.8920569522388,49.312038118208484,engine
Alkaid,6,206.89205701877384,49.31203800099511,engine
Alkaid,7,206.89205708686148,49.31203788392382,engine
Alkaid,8,206.89205715650044,49.312037766997896,engine
Alkaid,9,206.8920572276894,49.31203765022069,engine
Alkaid,10,206.89205730042704,49.31203753359554,engine
Alkaid,11,206.892057374712,49.3120374171258,engine
Alkaid,12,206.8920574505429,49.31203730081483,engine
Alkaid,13,206.89205752791827,49.31203718466595,engine
Alkaid,14,206.89205760683666,49.312037068682486,engine
Alkaid,15,206.89205768729656,49.31203695286778,engine
Alkaid,16,206.89205776929657,49.312036837225186,engine
Alkaid,17,206.89205785283505,49.31203672175792,engine
Alkaid,18,206.89205793791044,49.312036606469476,engine
Alkaid,19,206.89205802452108,49.312036491363095,engine
Alkaid,20,206.89205811266544,49.31203637644208,engine
Alkaid,21,206.89205820234181,49.312036261709764,engine
Alkaid,22,206.89205829354844,49.312036147169444,engine
Alkaid,23,206.89205838628374,49.31203603282444,engine
Alkaid,24,206.89205848054584,49.31203591867804,engine
Alkaid,25,206.89205857633303,49.312035804733554,engine
Alkaid,26,206.89205867364345,49.31203569099427,engine
Alkaid,27,206.89205877247528,49.312035577463455,engine
Alkaid,28,206.89205887282668,49.31203546414442,engine
Alkaid,29,206.8920589746958,49.31203535104038,engine
Alkaid,30,206.8920590780806,49.31203523815475,engine
Algorab,-30,187.46978905035564,-16.518762913662172,engine
Algorab,-20,187.46978975688612,-16.518762347312922,engine
Algorab,-15,187.46979014721188,-16.51876206846166,engine
Algorab,-10,187.469790561929,-16.518761792689517,engine
Algorab,-5,187.46979100078624,-16.518761520142203,engine
Algorab,-2,187.46979127557896,-16.51876135822184,engine
Algorab,-1,187.46979136907663,-16.51876130452326,engine
Algorab,0,187.46979146352072,-16.51876125096402,engine
Algorab,1,187.46979155890892,-16.51876119754526,engine
Algorab,2,187.46979165523905,-16.51876114426809,engine
Algorab,3,187.46979175250883,-16.51876109113368,engine
Algorab,4,187.46979185071595,-16.518761038143122,engine
Algorab,5,187.46979194985812,-16.518760985297558,engine
Algorab,6,187.4697920499331,-16.51876093259807,engine
Algorab,7,187.46979215093836,-16.51876088004585,engine
Algorab,8,187.4697922528717,-16.518760827641973,engine
Algorab,9,187.4697923557307,-16.518760775387555,engine
Algorab,10,187.46979245951297,-16.518760723283712,engine
Algorab,11,187.46979256421605,-16.518760671331552,engine
Algorab,12,187.4697926698376,-16.518760619532173,engine
Algorab,13,187.46979277637513,-16.518760567886677,engine
Algorab,14,187.4697928838262,-16.518760516396163,engine
Algorab,15,187.4697929921883,-16.51876046506174,engine
Algorab,16,187.46979310145895,-16.518760413884486,engine
Algorab,17,187.46979321163568,-16.51876036286547,engine
Algorab,18,187.46979332271587,-16.518760312005824,engine
Algorab,19,187.46979343469698,-16.518760261306625,engine
Algorab,20,187.4697935475765,-16.518760210768935,engine
Algorab,21,187.46979366135182,-16.518760160393843,engine
Algorab,22,187.46979377602028,-16.518760110182424,engine
Algorab,23,187.4697938915794,-16.518760060135733,engine
Algorab,24,187.4697940080264,-16.518760010254855,engine
Algorab,25,187.46979412535873,-16.51875996054086,engine
Algorab,26,187.4697942435737,-16.51875991099479,engine
Algorab,27,187.46979436266858,-16.518759861617717,engine
Algorab,28,187.46979448264068,-16.518759812410682,engine
Algorab,29,187.46979460348737,-16.518759763374728,engine
Algorab,30,187.4697947252058,-16.51875971451096,engine
Spica,-30,201.30328272917754,-11.163612499703031,engine
Spica,-20,201.3032830220231,-11.163612048660438,engine
Spica,-15,201.30328320729032,-11.163611824364475,engine
Spica,-10,201.30328341832188,-11.163611601030048,engine
Spica,-5,201.3032836550036,-11.163611378765005,engine
Spica,-2,201.30328380927247,-11.163611245964002,engine
Spica,-1,201.30328386273234,-11.163611201795142,engine
Spica,0,201.30328391720874,-11.163611157676774,engine
Spica,1,201.3032839727006,-11.163611113609754,engine
Spica,2,201.30328402920668,-11.16361106959493,engine
Spica,3,201.30328408672582,-11.163611025633154,engine
Spica,4,201.30328414525687,-11.163610981725276,engine
Spica,5,201.30328420479853,-11.163610937872145,engine
Spica,6,201.30328426534956,-11.163610894074576,engine
Spica,7,201.3032843269087,-11.16361085033348,engine
Spica,8,201.30328438947473,-11.163610806649668,engine
Spica,9,201.30328445304622,-11.163610763023987,engine
Spica,10,201.30328451762196,-11.163610719457274,engine
Spica,11,201.3032845832005,-11.163610675950386,engine
Spica,12,201.30328464978058,-11.163610632504147,engine
Spica,13,201.30328471736078,-11.16361058911941,engine
Spica,14,201.3032847859397,-11.163610545797003,engine
Spica,15,201.30328485551587,-11.163610502537766,engine
Spica,16,201.30328492608794,-11.163610459342538,engine
Spica,17,201.30328499765446,-11.163610416212125,engine
Spica,18,201.30328507021383,-11.16361037314742,engine
Spica,19,201.30328514376464,-11.163610330149222,engine
Spica,20,201.30328521830538,-11.16361028721836,engine
Spica,21,201.30328529383445,-11.163610244355667,engine
Spica,22,201.30328537035038,-11.163610201561974,engine
Spica,23,201.30328544785155,-11.163610158838107,engine
Spica,24,201.3032855263364,-11.16361011618489,engine
Spica,25,201.30328560580327,-11.163610073603152,engine
Spica,26,201.30328568625055,-11.163610031093707,engine
Spica,27,201.30328576767664,-11.163609988657386,engine
Spica,28,201.30328585007985,-11.163609946295004,engine
Spica,29,201.3032859334585,-11.163609904007352,engine
Spica,30,201.30328601781085,-11.163609861795305,engine
Arcturus,-30,213.91367806890293,19.168005007082314,engine
Arcturus,-20,213.9136779707513,19.16800456336181,engine
Arcturus,-15,213.91367796247283,19.16800434071241,engine
Arcturus,-10,213.9136779814299,19.16800411778202,engine
Arcturus,-5,213.91367802763432,19.168003894754587,engine
Arcturus,-2,213.91367806843564,19.168003760968134,engine
Arcturus,-1,213.91367808421543,19.16800371638649,engine
Arcturus,0,213.91367810108468,19.16800367181421,engine
Arcturus,1,213.91367811904325,19.168003627252766,engine
Arcturus,2,213.91367813809092,19.168003582703644,engine
Arcturus,3,213.91367815822753,19.1680035381683,engine
Arcturus,4,213.91367817945286,19.168003493648218,engine
Arcturus,5,213.91367820176666,19.16800344914486,engine
Arcturus,6,213.9136782251687,19.168003404659675,engine
Arcturus,7,213.9136782496586,19.168003360194167,engine
Arcturus,8,213.91367827523618,19.16800331574982,engine
Arcturus,9,213.913678301901,19.168003271328068,engine
Arcturus,10,213.91367832965284,19.168003226930395,engine
Arcturus,11,213.91367835849124,19.168003182558262,engine
Arcturus,12,213.91367838841586,19.16800313821314,engine
Arcturus,13,213.91367841942628,19.168003093896505,engine
Arcturus,14,213.91367845152206,19.168003049609812,engine
Arcturus,15,213.91367848470279,19.16800300535453,engine
Arcturus,16,213.91367851896794,19.168002961132125,engine
Arcturus,17,213.91367855431707,19.168002916944047,engine
Arcturus,18,213.91367859074964,19.168002872791792,engine
Arcturus,19,213.91367862826516,19.16800282867682,engine
Arcturus,20,213.91367866686304,19.168002784600578,engine
Arcturus,21,213.9136787065427,19.16800274056454,engine
Arcturus,22,213.91367874730358,19.168002696570152,engine
Arcturus,23,213.91367878914505,19.168002652618892,engine
Arcturus,24,213.91367883206647,19.168002608712204,engine
Arcturus,25,213.91367887606717,19.168002564851573,engine
Arcturus,26,213.9136789211465,19.16800252103841,engine
Arcturus,27,213.91367896730375,19.16800247727423,engine
Arcturus,28,213.91367901453822,19.168002433560456,engine
Arcturus,29,213.91367906284918,19.16800238989851,engine
Arcturus,30,213.9136791122358,19.168002346289928,engine
Alphecca,-30,233.67814494999902,26.71138116674257,engine
Alphecca,-20,233.67814421886177,26.71138057841967,engine
Alphecca,-15,233.67814389301745,26.71138027739467,engine
Alphecca,-10,233.6781435939774,26.71137997210486,engine
Alphecca,-5,233.67814332196642,26.711379662785838,engine
Alphecca,-2,233.67814317182254,26.711379475359212,engine
Alphecca,-1,233.67814312396158,26.711379412589253,engine
Alphecca,0,233.67814307719658,26.711379349675294,engine
Alphecca,1,233.67814303152926,26.71137928661924,engine
Alphecca,2,233.67814298696112,26.711379223423023,engine
Alphecca,3,233.67814294349364,26.71137916008856,engine
Alphecca,4,233.67814290112835,26.711379096617797,engine
Alphecca,5,233.67814285986668,26.71137903301265,engine
Alphecca,6,233.67814281971005,26.71137896927502,engine
Alphecca,7,233.67814278065993,26.711378905406924,engine
Alphecca,8,233.67814274271774,26.71137884141025,engine
Alphecca,9,233.67814270588482,26.711378777286967,engine
Alphecca,10,233.67814267016252,26.711378713039,engine
Alphecca,11,233.67814263555223,26.711378648668305,engine
Alphecca,12,233.67814260205517,26.711378584176817,engine
Alphecca,13,233.67814256967276,26.711378519566498,engine
Alphecca,14,233.67814253840618,26.711378454839284,engine
Alphecca,15,233.67814250825677,26.711378389997176,engine
Alphecca,16,233.6781424792256,26.711378325042094,engine
Alphecca,17,233.67814245131405,26.711378259975945,engine
Alphecca,18,233.6781424245232,26.711378194800822,engine
Alphecca,19,233.67814239885433,26.71137812951861,engine
Alphecca,20,233.6781423743085,26.711378064131292,engine
Alphecca,21,233.6781423508868,26.711377998640824,engine
Alphecca,22,233.67814232859044,26.711377933049192,engine
Alphecca,23,233.67814230742042,26.71137786735836,engine
Alphecca,24,233.67814228737777,26.711377801570304,engine
Alphecca,25,233.6781422684637,26.711377735687,engine
Alphecca,26,233.67814225067895,26.71137766971042,engine
Alphecca,27,233.67814223402482,26.71137760364256,engine
Alphecca,28,233.67814221850202,26.71137753748538,engine
Alphecca,29,233.67814220411165,26.711377471240848,engine
Alphecca,30,233.67814219085466,26.711377404911005,engine
Vega,-30,279.238685704319,38.780821268341555,engine
Vega,-20,279.2386836827601,38.780820979100845,engine
Vega,-15,279.238682689928,38.78082081191811,engine
Vega,-10,279.23868170995434,38.78082062986882,engine
Vega,-5,279.23868074350156,38.78082043309313,engine
Vega,-2,279.2386801703933,38.780820308020026,engine
Vega,-1,279.23867998051566,38.780820265168316,engine
Vega,0,279.238679791226,38.78082022173832,engine
Vega,1,279.2386796025294,38.7808201777313,engine
Vega,2,279.23867941443103,38.78082013314854,engine
Vega,3,279.23867922693603,38.78082008799131,engine
Vega,4,279.2386790400496,38.78082004226089,engine
Vega,5,279.2386788537768,38.78081999595858,engine
Vega,6,279.2386786681226,38.78081994908568,engine
Vega,7,279.2386784830924,38.78081990164354,engine
Vega,8,279.2386782986911,38.78081985363348,engine
Vega,9,279.2386781149239,38.78081980505686,engine
Vega,10,279.23867793179585,38.78081975591502,engine
Vega,11,279.2386777493119,38.780819706209314,engine
Vega,12,279.23867756747717,38.78081965594114,engine
Vega,13,279.2386773862967,38.780819605111866,engine
Vega,14,279.2386772057754,38.7808195537229,engine
Vega,15,279.2386770259184,38.78081950177566,engine
Vega,16,279.2386768467306,38.78081944927153,engine
Vega,17,279.2386766682169,38.78081939621195,engine
Vega,18,279.2386764903825,38.7808193425984,engine
Vega,19,279.23867631323225,38.78081928843231,engine
Vega,20,279.23867613677106,38.780819233715135,engine
Vega,21,279.2386759610039,38.780819178448354,engine
Vega,22,279.23867578593564,38.78081912263343,engine
Vega,23,279.23867561157124,38.780819066271896,engine
Vega,24,279.23867543791545,38.780819009365224,engine
Vega,25,279.2386752649733,38.78081895191494,engine
Vega,26,279.2386750927496,38.78081889392254,engine
Vega,27,279.2386749212492,38.78081883538961,engine
Vega,28,279.2386747504768,38.78081877631766,engine
Vega,29,279.23867458043725,38.78081871670821,engine
Vega,30,279.2386744111356,38.78081865656292,engine
Deneb Algedi,-30,326.75936872537886,-16.129753873605257,engine
Deneb Algedi,-20,326.759367136127,-16.12975395465049,engine
Deneb Algedi,-15,326.7593663237129,-16.12975398558876,engine
Deneb Algedi,-10,326.7593655001457,-16.12975401004883,engine
Deneb Algedi,-5,326.75936466596096,-16.129754027968083,engine
Deneb Algedi,-2,326.7593641605787,-16.129754035555177,engine
Deneb Algedi,-1,326.7593639913321,-16.129754037554026,engine
Deneb Algedi,0,326.75936382169994,-16.129754039287043,engine
Deneb Algedi,1,326.7593636516865,-16.129754040753784,engine
Deneb Algedi,2,326.75936348129625,-16.12975404195382,engine
Deneb Algedi,3,326.7593633105335,-16.129754042886713,engine
Deneb Algedi,4,326.75936313940275,-16.12975404355204,engine
Deneb Algedi,5,326.7593629679083,-16.12975404394938,engine
Deneb Algedi,6,326.7593627960545,-16.12975404407832,engine
Deneb Algedi,7,326.75936262384613,-16.12975404393845,engine
Deneb Algedi,8,326.7593624512873,-16.129754043529367,engine
Deneb Algedi,9,326.7593622783825,-16.129754042850664,engine
Deneb Algedi,10,326.7593621051363,-16.129754041901958,engine
Deneb Algedi,11,326.759361931553,-16.12975404068285,engine
Deneb Algedi,12,326.7593617576371,-16.129754039192964,engine
Deneb Algedi,13,326.7593615833931,-16.129754037431912,engine
Deneb Algedi,14,326.7593614088255,-16.129754035399326,engine
Deneb Algedi,15,326.7593612339387,-16.12975403309484,engine
Deneb Algedi,16,326.7593610587372,-16.129754030518093,engine
Deneb Algedi,17,326.75936088322544,-16.129754027668707,engine
Deneb Algedi,18,326.759360707408,-16.129754024546354,engine
Deneb Algedi,19,326.75936053128936,-16.129754021150678,engine
Deneb Algedi,20,326.75936035487405,-16.129754017481332,engine
Deneb Algedi,21,326.75936017816656,-16.129754013537987,engine
Deneb Algedi,22,326.7593600011714,-16.1297540093203,engine
Deneb Algedi,23,326.759359823893,-16.12975400482796,engine
Deneb Algedi,24,326.7593596463361,-16.129754000060625,engine
Deneb Algedi,25,326.759359468505,-16.129753995018,engine
Deneb Algedi,26,326.75935929040446,-16.129753989699765,engine
Deneb Algedi,27,326.75935911203885,-16.129753984105612,engine
Deneb Algedi,28,326.7593589334128,-16.129753978235236,engine
Deneb Algedi,29,326.75935875453064,-16.12975397208836,engine
Deneb Algedi,30,326.75935857539736,-16.129753965664673,engine
Rigel,-30,78.63102930492268,-8.20419208711628,engine
Rigel,-20,78.63103057098418,-8.204192122383724,engine
Rigel,-15,78.63103117798981,-8.204192144153085,engine
Rigel,-10,78.63103176708644,-8.204192168608383,engine
Rigel,-5,78.6310323378658,-8.204192195694644,engine
Rigel,-2,78.63103267137441,-8.204192213185905,engine
Rigel,-1,78.63103278103186,-8.204192219220175,engine
Rigel,0,78.63103288992806,-8.204192225355605,engine
Rigel,1,78.63103299805994,-8.204192231591724,engine
Rigel,2,78.63103310542438,-8.20419223792807,engine
Rigel,3,78.63103321201834,-8.204192244364176,engine
Rigel,4,78.63103331783876,-8.204192250899574,engine
Rigel,5,78.6310334228826,-8.204192257533789,engine
Rigel,6,78.63103352714691,-8.204192264266357,engine
Rigel,7,78.63103363062855,-8.204192271096785,engine
Rigel,8,78.63103373332457,-8.20419227802461,engine
Rigel,9,78.63103383523202,-8.204192285049348,engine
Rigel,10,78.63103393634793,-8.204192292170521,engine
Rigel,11,78.63103403666933,-8.204192299387639,engine
Rigel,12,78.63103413619334,-8.204192306700225,engine
Rigel,13,78.63103423491698,-8.204192314107793,engine
Rigel,14,78.63103433283739,-8.204192321609849,engine
Rigel,15,78.63103442995167,-8.2041923292059,engine
Rigel,16,78.63103452625694,-8.204192336895472,engine
Rigel,17,78.63103462175044,-8.204192344678061,engine
Rigel,18,78.63103471642917,-8.204192352553166,engine
Rigel,19,78.63103481029039,-8.204192360520292,engine
Rigel,20,78.63103490333125,-8.204192368578939,engine
Rigel,21,78.63103499554902,-8.204192376728612,engine
Rigel,22,78.63103508694088,-8.204192384968806,engine
Rigel,23,78.63103517750409,-8.204192393299019,engine
Rigel,24,78.63103526723589,-8.204192401718737,engine
Rigel,25,78.63103535613354,-8.204192410227463,engine
Rigel,26,78.63103544419435,-8.20419241882468,engine
Rigel,27,78.63103553141562,-8.204192427509886,engine
Rigel,28,78.63103561779467,-8.204192436282554,engine
Rigel,29,78.63103570332886,-8.204192445142185,engine
Rigel,30,78.63103578801545,-8.20419245408825,engine
Betelgeuse,-30,88.79043221516551,7.405726372237448,engine
Betelgeuse,-20,88.79043366295497,7.4057266176750804,engine
Betelgeuse,-15,88.79043436639587,7.405726744595217,engine
Betelgeuse,-10,88.79043505556137,7.405726874262915,engine
Betelgeuse,-5,88.79043572998059,7.4057270066365755,engine
Betelgeuse,-2,88.79043612736044,7.40572708734182,engine
Betelgeuse,-1,88.7904362585864,7.405727114454976,engine
Betelgeuse,0,88.79043638918927,7.405727141673252,engine
Betelgeuse,1,88.79043651916543,7.405727168996287,engine
Betelgeuse,2,88.79043664851127,7.405727196423716,engine
Betelgeuse,3,88.79043677722316,7.405727223955186,engine
Betelgeuse,4,88.79043690529754,7.405727251590328,engine
Betelgeuse,5,88.79043703273081,7.405727279328773,engine
Betelgeuse,6,88.79043715951948,7.4057273071701815,engine
Betelgeuse,7,88.79043728565982,7.40572733511414,engine
Betelgeuse,8,88.79043741114839,7.405727363160301,engine
Betelgeuse,9,88.79043753598164,7.405727391308282,engine
Betelgeuse,10,88.79043766015607,7.40572741955772,engine
Betelgeuse,11,88.79043778366814,7.405727447908225,engine
Betelgeuse,12,88.79043790651437,7.405727476359425,engine
Betelgeuse,13,88.7904380286913,7.405727504910944,engine
Betelgeuse,14,88.79043815019544,7.405727533562385,engine
Betelgeuse,15,88.79043827102333,7.405727562313379,engine
Betelgeuse,16,88.79043839117155,7.405727591163525,engine
Betelgeuse,17,88.79043851063672,7.4057276201124616,engine
Betelgeuse,18,88.79043862941528,7.405727649159761,engine
Betelgeuse,19,88.79043874750391,7.405727678305041,engine
Betelgeuse,20,88.79043886489922,7.405727707547917,engine
Betelgeuse,21,88.79043898159782,7.405727736887987,engine
Betelgeuse,22,88.79043909759633,7.405727766324857,engine
Betelgeuse,23,88.79043921289146,7.40572779585812,engine
Betelgeuse,24,88.7904393274798,7.405727825487383,engine
Betelgeuse,25,88.79043944135807,7.405727855212237,engine
Betelgeuse,26,88.79043955452298,7.405727885032275,engine
Betelgeuse,27,88.79043966697117,7.405727914947093,engine
Betelgeuse,28,88.79043977869941,7.4057279449562845,engine
Betelgeuse,29,88.79043988970447,7.405727975059453,engine
Betelgeuse,30,88.79043999998298,7.405728005256152,engine
Polaris,-30,37.571563004357905,89.2647829670583,engine
Polaris,-20,37.5715780201423,89.2647846550826,engine
Polaris,-15,37.57158254243428,89.26478550385569,engine
Polaris,-10,37.57158506783729,89.26478635505609,engine
Polaris,-5,37.5715855926805,89.26478720812261,engine
Polaris,-2,37.57158494614891,89.26478772062423,engine
Polaris,-1,37.571584570296174,89.26478789154139,engine
Polaris,0,37.571584114250236,89.2647880624927,engine
Polaris,1,37.57158357800014,89.26478823347361,engine
Polaris,2,37.57158296153643,89.26478840447967,engine
Polaris,3,37.57158226485124,89.26478857550634,engine
Polaris,4,37.5715814879382,89.26478874654912,engine
Polaris,5,37.5715806307925,89.26478891760351,engine
Polaris,6,37.57157969341022,89.2647890886651,engine
Polaris,7,37.57157867579084,89.26478925972918,engine
Polaris,8,37.5715775779336,89.26478943079134,engine
Polaris,9,37.571576399839785,89.26478960184707,engine
Polaris,10,37.57157514151229,89.26478977289187,engine
Polaris,11,37.57157380295551,89.26478994392124,engine
Polaris,12,37.57157238417541,89.26479011493066,engine
Polaris,13,37.57157088517944,89.26479028591562,engine
Polaris,14,37.57156930597664,89.26479045687164,engine
Polaris,15,37.571567646577535,89.26479062779418,engine
Polaris,16,37.57156590699422,89.26479079867877,engine
Polaris,17,37.57156408723909,89.26479096952099,engine
Polaris,18,37.57156218732974,89.26479114031612,engine
Polaris,19,37.57156020728167,89.26479131105978,engine
Polaris,20,37.57155814711309,89.26479148174745,engine
Polaris,21,37.57155600684381,89.26479165237465,engine
Polaris,22,37.57155378649511,89.26479182293689,engine
Polaris,23,37.571551486089795,89.26479199342963,engine
Polaris,24,37.57154910565226,89.2647921638484,engine
Polaris,25,37.57154664520843,89.2647923341887,engine
Polaris,26,37.57154410478569,89.26479250444605,engine
Polaris,27,37.571541484413025,89.26479267461593,engine
Polaris,28,37.57153878412095,89.26479284469389,engine
Polaris,29,37.5715360039396,89.26479301467552,engine
Polaris,30,37.57153314390624,89.26479318455611,engine
Castor,-30,113.64745430047537,31.88844216440385,engine
Castor,-20,113.64745628217614,31.888442389115394,engine
Castor,-15,113.64745726761221,31.88844252169188,engine
Castor,-10,113.64745824856156,31.88844266769537,engine
Castor,-5,113.64745922436926,31.88844282707772,engine
Castor,-2,113.64745980711415,31.88844292910657,engine
Castor,-1,113.64746000087455,31.88844296417995,engine
Castor,0,113.64746019438238,31.888442999784406,engine
Castor,1,113.6474603876324,31.888443035919405,engine
Castor,2,113.64746058061948,31.888443072584465,engine
Castor,3,113.6474607733384,31.888443109779015,engine
Castor,4,113.64746096578398,31.88844314750255,engine
Castor,5,113.64746115795107,31.888443185754504,engine
Castor,6,113.64746134983463,31.888443224534353,engine
Castor,7,113.64746154142925,31.88844326384146,engine
Castor,8,113.64746173272988,31.888443303675306,engine
Castor,9,113.6474619237314,31.88844334403527,engine
Castor,10,113.64746211442865,31.888443384920766,engine
Castor,11,113.64746230481651,31.8884434263312,engine
Castor,12,113.64746249488984,31.88844346826592,engine
Castor,13,113.64746268464351,31.888443510724333,engine
Castor,14,113.64746287407242,31.888443553705763,engine
Castor,15,113.64746306317141,31.88844359720958,engine
Castor,16,113.64746325193543,31.888443641235135,engine
Castor,17,113.6474634403595,31.88844368578178,engine
Castor,18,113.64746362843826,31.888443730848767,engine
Castor,19,113.64746381616673,31.88844377643546,engine
Castor,20,113.64746400353987,31.888443822541117,engine
Castor,21,113.64746419055258,31.88844386916509,engine
Castor,22,113.64746437719981,31.888443916306617,engine
Castor,23,113.64746456347649,31.888443963964964,engine
Castor,24,113.64746474937758,31.888444012139434,engine
Castor,25,113.64746493489801,31.88844406082924,engine
Castor,26,113.64746512003278,31.888444110033628,engine
Castor,27,113.64746530477683,31.888444159751856,engine
Castor,28,113.64746548912517,31.88844420998312,engine
Castor,29,113.64746567307286,31.888444260726683,engine
Castor,30,113.64746585661469,31.888444311981658,engine
Altair,-30,297.6993897675561,8.867925948648914,engine
Altair,-20,297.69938805548907,8.86792606656347,engine
Altair,-15,297.69938720135593,8.867926119543071,engine
Altair,-10,297.6993863492487,8.86792616854328,engine
Altair,-5,297.69938549973506,8.867926213570804,engine
Altair,-2,297.69938499150766,8.867926238683914,engine
Altair,-1,297.6993848223725,8.867926246738186,engine
Altair,0,297.6993846533819,8.867926254634218,engine
Altair,1,297.69938448454025,8.867926262372094,engine
Altair,2,297.6993843158522,8.86792626995192,engine
Altair,3,297.69938414732223,8.867926277373785,engine
Altair,4,297.69938397895476,8.867926284637784,engine
Altair,5,297.6993838107544,8.867926291744027,engine
Altair,6,297.6993836427255,8.86792629869262,engine
Altair,7,297.6993834748727,8.867926305483657,engine
Altair,8,297.69938330720055,8.867926312117264,engine
Altair,9,297.6993831397134,8.867926318593549,engine
Altair,10,297.69938297241583,8.86792632491263,engine
Altair,11,297.69938280531227,8.867926331074628,engine
Altair,12,297.6993826384072,8.867926337079663,engine
Altair,13,297.6993824717051,8.867926342927868,engine
Altair,14,297.6993823052105,8.867926348619367,engine
Altair,15,297.69938213892783,8.867926354154292,engine
Altair,16,297.6993819728615,8.867926359532783,engine
Altair,17,297.6993818070159,8.867926364754979,engine
Altair,18,297.69938164139575,8.867926369821019,engine
Altair,19,297.6993814760053,8.86792637473104,engine
Altair,20,297.6993813108491,8.8679263794852,engine
Altair,21,297.69938114593157,8.867926384083638,engine
Altair,22,297.6993809812571,8.867926388526522,engine
Altair,23,297.6993808168301,8.867926392814,engine
Altair,24,297.6993806526551,8.867926396946226,engine
Altair,25,297.69938048873644,8.867926400923375,engine
Altair,26,297.6993803250786,8.867926404745603,engine
Altair,27,297.69938016168595,8.867926408413078,engine
Altair,28,297.6993799985629,8.867926411925977,engine
Altair,29,297.6993798357138,8.867926415284474,engine
Altair,30,297.6993796731432,8.867926418488741,engine
Bellatrix,-30,81.27946713442947,6.348085382549984,engine
Bellatrix,-20,81.27946844740337,6.34808563144043,engine
Bellatrix,-15,81.27946907933706,6.348085759160572,engine
Bellatrix,-10,81.27946969432223,6.348085889009265,engine
Bellatrix,-5,81.27947029193449,6.348086020944236,engine
Bellatrix,-2,81.27947064198925,6.348086101088638,engine
Bellatrix,-1,81.27947075723569,6.348086127965234,engine
Bellatrix,0,81.27947087175743,6.348086154922143,engine
Bellatrix,1,81.27947098555127,6.348086181959,engine
Bellatrix,2,81.279471098614,6.348086209075449,engine
Bellatrix,3,81.27947121094238,6.3480862362711274,engine
Bellatrix,4,81.27947132253324,6.348086263545675,engine
Bellatrix,5,81.27947143338339,6.348086290898732,engine
Bellatrix,6,81.27947154348976,6.348086318329947,engine
Bellatrix,7,81.27947165284903,6.348086345838914,engine
Bellatrix,8,81.27947176145815,6.348086373425295,engine
Bellatrix,9,81.279471869314,6.348086401088706,engine
Bellatrix,10,81.27947197641346,6.348086428828785,engine
Bellatrix,11,81.27947208275344,6.348086456645159,engine
Bellatrix,12,81.27947218833089,6.348086484537457,engine
Bellatrix,13,81.27947229314272,6.348086512505296,engine
Bellatrix,14,81.27947239718588,6.348086540548306,engine
Bellatrix,15,81.27947250045735,6.3480865686661065,engine
Bellatrix,16,81.2794726029541,6.348086596858318,engine
Bellatrix,17,81.27947270467321,6.348086625124576,engine
Bellatrix,18,81.27947280561155,6.348086653464464,engine
Bellatrix,19,81.2794729057662,6.348086681877619,engine
Bellatrix,20,81.2794730051342,6.34808671036365,engine
Bellatrix,21,81.27947310371262,6.3480867389221745,engine
Bellatrix,22,81.27947320149853,6.348086767552804,engine
Bellatrix,23,81.27947329848901,6.34808679625515,engine
Bellatrix,24,81.27947339468116,6.34808682502882,engine
Bellatrix,25,81.27947349007212,6.348086853873422,engine
Bellatrix,26,81.27947358465897,6.348086882788564,engine
Bellatrix,27,81.27947367843893,6.348086911773851,engine
Bellatrix,28,81.2794737714091,6.348086940828883,engine
Bellatrix,29,81.27947386356674,6.348086969953289,engine
Bellatrix,30,81.27947395490894,6.348086999146629,engine
