body,minute,ra,dec,source
Aldebaran,-30,68.97636725523364,16.507167741935476,engine
Aldebaran,-20,68.97636691964779,16.507168416188197,engine
Aldebaran,-15,68.97636671031074,16.507168753658064,engine
Aldebaran,-10,68.97636647325827,16.507169091136074,engine
Aldebaran,-5,68.97636620849238,16.507169428456592,engine
Aldebaran,-2,68.9763660363363,16.507169630704336,engine
Aldebaran,-1,68.97636597673593,16.507169698088234,engine
Aldebaran,0,68.97636591602851,16.5071697654539,engine
Aldebaran,1,68.97636585421425,16.507169832800013,engine
Aldebaran,2,68.97636579129347,16.507169900125266,engine
Aldebaran,3,68.97636572726647,16.50716996742832,engine
Aldebaran,4,68.9763656621336,16.507170034707872,engine
Aldebaran,5,68.9763655958952,16.50717010196259,engine
Aldebaran,6,68.97636552855161,16.507170169191195,engine
Aldebaran,7,68.97636546010331,16.507170236392277,engine
Aldebaran,8,68.9763653905507,16.507170303564568,engine
Aldebaran,9,68.97636531989417,16.507170370706746,engine
Aldebaran,10,68.97636524813424,16.50717043781748,engine
Aldebaran,11,68.97636517527135,16.507170504895484,engine
Aldebaran,12,68.97636510130604,16.5071705719394,engine
Aldebaran,13,68.97636502623881,16.507170638947937,engine
Aldebaran,14,68.97636495007022,16.50717070591977,engine
Aldebaran,15,68.97636487280081,16.507170772853584,engine
Aldebaran,16,68.97636479443119,16.507170839748078,engine
Aldebaran,17,68.97636471496192,16.50717090660196,engine
Aldebaran,18,68.97636463439373,16.50717097341385,engine
Aldebaran,19,68.97636455272723,16.507171040182453,engine
Aldebaran,20,68.97636446996307,16.507171106906483,engine
Aldebaran,21,68.97636438610196,16.507171173584616,engine
Aldebaran,22,68.97636430114461,16.50717124021556,engine
Aldebaran,23,68.97636421509176,16.507171306797968,engine
Aldebaran,24,68.97636412794417,16.50717137333056,engine
Aldebaran,25,68.97636403970257,16.50717143981204,engine
Aldebaran,26,68.97636395036784,16.507171506241065,engine
Aldebaran,27,68.97636385994076,16.507171572616368,engine
Aldebaran,28,68.97636376842215,16.507171638936626,engine
Aldebaran,29,68.97636367581283,16.507171705200566,engine
Aldebaran,30,68.9763635821138,16.50717177140683,engine
Antares,-30,247.35643876422586,-26.432484999926903,engine
Antares,-20,247.3564391869889,-26.43248402451476,engine
Antares,-15,247.3564394428775,-26.432483536729404,engine
Antares,-10,247.3564397284337,-26.432483049236872,engine
Antares,-5,247.35644004363687,-26.432482562296258,engine
Antares,-2,247.35644024697535,-26.432482270504593,engine
Antares,-1,247.35644031712226,-26.43248217331524,engine
Antares,0,247.35644038845214,-26.432482076166583,engine
Antares,1,247.35644046096462,-26.432481979060714,engine
Antares,2,247.35644053465919,-26.432481881999685,engine
Antares,3,247.35644060953538,-26.43248178498555,engine
Antares,4,247.35644068559267,-26.432481688020403,engine
Antares,5,247.3564407628306,-26.43248159110628,engine
Antares,6,247.35644084124863,-26.43248149424519,engine
Antares,7,247.35644092084604,-26.432481397439336,engine
Antares,8,247.35644100162236,-26.432481300690682,engine
Antares,9,247.35644108357698,-26.432481204001313,engine
Antares,10,247.35644116670915,-26.432481107373288,engine
Antares,11,247.35644125101825,-26.432481010808633,engine
Antares,12,247.35644133650374,-26.432480914309444,engine
Antares,13,247.35644142316468,-26.432480817877735,engine
Antares,14,247.35644151100053,-26.43248072151559,engine
Antares,15,247.3564416000104,-26.432480625225057,engine
Antares,16,247.35644169019358,-26.432480529008174,engine
Antares,17,247.35644178154934,-26.432480432866928,engine
Antares,18,247.35644187407672,-26.432480336803504,engine
Antares,19,247.35644196777494,-26.432480240819874,engine
Antares,20,247.35644206264314,-26.432480144918074,engine
Antares,21,247.35644215868038,-26.432480049100175,engine
Antares,22,247.35644225588587,-26.432479953368194,engine
Antares,23,247.35644235425855,-26.432479857724182,engine
Antares,24,247.35644245379754,-26.432479762170168,engine
Antares,25,247.35644255450177,-26.432479666708197,engine
Antares,26,247.3564426563704,-26.432479571340288,engine
Antares,27,247.3564427594023,-26.43247947606849,engine
Antares,28,247.35644286359644,-26.43247938089484,engine
Antares,29,247.35644296895177,-26.432479285821284,engine
Antares,30,247.3564430754672,-26.43247919084997,engine
Ceres,-30,78.0581541604764,25.49059671628789,engine
Ceres,-20,78.06097329952289,25.490995368548138,engine
Ceres,-15,78.06238279085267,25.491194532545055,engine
Ceres,-10,78.0637922371845,25.491393587588536,engine
Ceres,-5,78.06520164423449,25.4915925331559,engine
Ceres,-2,78.06604727167814,25.491711847697733,engine
Ceres,-1,78.06632914497713,25.49175161039063,engine
Ceres,0,78.06661101709166,25.49179136866663,engine
Ceres,1,78.06689288806577,25.491831122522083,engine
Ceres,2,78.06717475794359,25.49187087195334,engine
Ceres,3,78.06745662676923,25.491910616956865,engine
Ceres,4,78.06773849458685,25.49195035752919,engine
Ceres,5,78.06802036144069,25.49199009366692,engine
Ceres,6,78.06830222756403,25.492029825393384,engine
Ceres,7,78.06858409262311,25.49206955265203,engine
Ceres,8,78.0688659568513,25.492109275466365,engine
Ceres,9,78.0691478202929,25.49214899383328,engine
Ceres,10,78.06942968299239,25.492188707749772,engine
Ceres,11,78.06971154499416,25.49222841721286,engine
Ceres,12,78.06999340634269,25.49226812221971,engine
Ceres,13,78.07027526708248,25.49230782276753,engine
Ceres,14,78.07055712725803,25.492347518853602,engine
Ceres,15,78.07083898691394,25.492387210475282,engine
Ceres,16,78.07112084609477,25.492426897630015,engine
Ceres,17,78.07140270503415,25.492466580341908,engine
Ceres,18,78.07168456339875,25.492506258555355,engine
Ceres,19,78.07196642142222,25.492545932294608,engine
Ceres,20,78.07224827914925,25.492585601557412,engine
Ceres,21,78.0725301366246,25.49262526634159,engine
Ceres,22,78.072811993893,25.49266492664502,engine
Ceres,23,78.07309385099923,25.492704582465702,engine
Ceres,24,78.07337570789673,25.49274423377752,engine
Ceres,25,78.07365756481303,25.49278388062686,engine
Ceres,26,78.07393942170167,25.492823522987802,engine
Ceres,27,78.07422127860741,25.492863160858622,engine
Ceres,28,78.07450313557523,25.492902794237647,engine
Ceres,29,78.07478499283896,25.492942423149906,engine
Ceres,30,78.07506685006557,25.492982047540732,engine
Chiron,-30,11.202546838473054,6.925209302581544,engine
Chiron,-20,11.202911681600199,6.925359565717451,engine
Chiron,-15,11.203094123126146,6.925434688402816,engine
Chiron,-10,11.203276579224255,6.925509805229093,engine
Chiron,-5,11.203459050841785,6.9255849162512595,engine
Chiron,-2,11.20356854161599,6.925629980087331,engine
Chiron,-1,11.203605039885169,6.925645000905848,engine
Chiron,0,11.203641538844117,6.925660021496538,engine
Chiron,1,11.203678038496003,6.925675041858632,engine
Chiron,2,11.203714538848063,6.925690061992553,engine
Chiron,3,11.203751039903446,6.92570508189754,engine
Chiron,4,11.203787541677485,6.925720101576388,engine
Chiron,5,11.203824044173302,6.925735121028338,engine
Chiron,6,11.203860547418483,6.925750140262723,engine
Chiron,7,11.203897051379345,6.925765159262197,engine
Chiron,8,11.203933556083449,6.925780178036092,engine
Chiron,9,11.203970061537923,6.925795196584866,engine
Chiron,10,11.204006567745797,6.9258102149077665,engine
Chiron,11,11.204043074722298,6.925825233007623,engine
Chiron,12,11.204079582470436,6.925840250883716,engine
Chiron,13,11.204116090993196,6.925855268535312,engine
Chiron,14,11.20415260030576,6.925870285965249,engine
Chiron,15,11.204189110411079,6.9258853031728105,engine
Chiron,16,11.204225621312105,6.925900320157291,engine
Chiron,17,11.204262133048426,6.925915336931593,engine
Chiron,18,11.204298645574003,6.925930353474888,engine
Chiron,19,11.2043351589162,6.925945369796533,engine
Chiron,20,11.204371673090078,6.925960385899387,engine
Chiron,21,11.204408188098517,6.92597540178276,engine
Chiron,22,11.204444703948393,6.925990417447143,engine
Chiron,23,11.204481220642545,6.926005432891858,engine
Chiron,24,11.204517738195962,6.926020448119766,engine
Chiron,25,11.204554256611425,6.9260354631301855,engine
Chiron,26,11.204590775891713,6.926050477922452,engine
Chiron,27,11.204627296051765,6.92606549249945,engine
Chiron,28,11.204663817094305,6.9260805068605,engine
Chiron,29,11.204700339046543,6.926095521015013,engine
Chiron,30,11.204736861874371,6.92611053494574,engine
Eris,-30,26.38233115044628,-1.0662251269611474,tno-rate
Eris,-20,26.382397171141626,-1.0661952801250472,tno-rate
Eris,-15,26.382430181489298,-1.0661803567069972,tno-rate
Eris,-10,26.382463191836973,-1.0661654332889472,tno-rate
Eris,-5,26.382496202184644,-1.066150509870897,tno-rate
Eris,-2,26.38251600839325,-1.066141555820067,tno-rate
Eris,-1,26.382522610462782,-1.066138571136457,tno-rate
Eris,0,26.38252921253232,-1.066135586452847,tno-rate
Eris,1,26.382535814601855,-1.066132601769237,tno-rate
Eris,2,26.382542416671388,-1.066129617085627,tno-rate
Eris,3,26.382549018740924,-1.0661266324020169,tno-rate
Eris,4,26.382555620810457,-1.066123647718407,tno-rate
Eris,5,26.382562222879994,-1.066120663034797,tno-rate
Eris,6,26.382568824949526,-1.066117678351187,tno-rate
Eris,7,26.382575427019063,-1.066114693667577,tno-rate
Eris,8,26.382582029088596,-1.066111708983967,tno-rate
Eris,9,26.382588631158132,-1.0661087243003569,tno-rate
Eris,10,26.382595233227665,-1.0661057396167468,tno-rate
Eris,11,26.3826018352972,-1.066102754933137,tno-rate
Eris,12,26.382608437366734,-1.066099770249527,tno-rate
Eris,13,26.38261503943627,-1.066096785565917,tno-rate
Eris,14,26.382621641505803,-1.0660938008823069,tno-rate
Eris,15,26.38262824357534,-1.0660908161986968,tno-rate
Eris,16,26.382634845644873,-1.0660878315150868,tno-rate
Eris,17,26.38264144771441,-1.0660848468314768,tno-rate
Eris,18,26.382648049783942,-1.066081862147867,tno-rate
Eris,19,26.38265465185348,-1.066078877464257,tno-rate
Eris,20,26.38266125392301,-1.0660758927806468,tno-rate
Eris,21,26.382667855992548,-1.0660729080970368,tno-rate
Eris,22,26.38267445806208,-1.0660699234134268,tno-rate
Eris,23,26.382681060131617,-1.0660669387298167,tno-rate
Eris,24,26.38268766220115,-1.0660639540462067,tno-rate
Eris,25,26.382694264270686,-1.0660609693625969,tno-rate
Eris,26,26.38270086634022,-1.0660579846789868,tno-rate
Eris,27,26.382707468409755,-1.0660549999953768,tno-rate
Eris,28,26.382714070479288,-1.0660520153117667,tno-rate
Eris,29,26.382720672548825,-1.0660490306281567,tno-rate
Eris,30,26.382727274618357,-1.0660460459445467,tno-rate
Fomalhaut,-30,344.4107552320849,-29.62316047728827,engine
Fomalhaut,-20,344.410752975433,-29.623160298604695,engine
Fomalhaut,-15,344.41075184111156,-29.6231601897928,engine
Fomalhaut,-10,344.4107507036787,-29.623160067955972,engine
Fomalhaut,-5,344.4107495638004,-29.623159933068333,engine
Fomalhaut,-2,344.41074887897736,-29.62315984586299,engine
Fomalhaut,-1,344.4107486505858,-29.623159815748316,engine
Fomalhaut,0,344.4107484221444,-29.623159785110364,engine
Fomalhaut,1,344.41074819365866,-29.623159753949025,engine
Fomalhaut,2,344.41074796513396,-29.623159722264248,engine
Fomalhaut,3,344.4107477365755,-29.62315969005596,engine
Fomalhaut,4,344.41074750798873,-29.623159657324102,engine
Fomalhaut,5,344.410747279379,-29.623159624068624,engine
Fomalhaut,6,344.41074705075147,-29.62315959028948,engine
Fomalhaut,7,344.4107468221118,-29.623159555986675,engine
Fomalhaut,8,344.4107465934652,-29.62315952116017,engine
Fomalhaut,9,344.41074636481704,-29.623159485809964,engine
Fomalhaut,10,344.41074613617263,-29.62315944993606,engine
Fomalhaut,11,344.41074590753743,-29.623159413538467,engine
Fomalhaut,12,344.41074567891667,-29.62315937661722,engine
Fomalhaut,13,344.41074545031574,-29.62315933917234,engine
Fomalhaut,14,344.41074522174,-29.62315930120387,engine
Fomalhaut,15,344.4107449931948,-29.623159262711862,engine
Fomalhaut,16,344.4107447646855,-29.623159223696412,engine
Fomalhaut,17,344.41074453621724,-29.62315918415752,engine
Fomalhaut,18,344.4107443077958,-29.623159144095336,engine
Fomalhaut,19,344.41074407942625,-29.623159103509956,engine
Fomalhaut,20,344.410743851114,-29.623159062401452,engine
Fomalhaut,21,344.41074362286435,-29.62315902076995,engine
Fomalhaut,22,344.41074339468275,-29.623158978615567,engine
Fomalhaut,23,344.41074316657443,-29.623158935938445,engine
Fomalhaut,24,344.41074293854473,-29.62315889273872,engine
Fomalhaut,25,344.41074271059904,-29.623158849016555,engine
Fomalhaut,26,344.41074248274276,-29.623158804772114,engine
Fomalhaut,27,344.41074225498113,-29.62315876000556,engine
Fomalhaut,28,344.41074202731954,-29.623158714717082,engine
Fomalhaut,29,344.4107417997631,-29.623158668906832,engine
Fomalhaut,30,344.4107415723175,-29.623158622575108,engine
Juno,-30,328.5241801055958,-4.917980196676525,engine
Juno,-20,328.5265233527353,-4.917174751880821,engine
Juno,-15,328.527695310022,-4.916772030871393,engine
Juno,-10,328.5288674894064,-4.91636931136777,engine
Juno,-5,328.5300398908461,-4.915966593727674,engine
Juno,-2,328.53074343790183,-4.915724964280645,engine
Juno,-1,328.53097797121217,-4.915644421344962,engine
Juno,0,328.53121251344567,-4.915563878505728,engine
Juno,1,328.5314470644189,-4.915483335790392,engine
Juno,2,328.53168162430467,-4.915402793178427,engine
Juno,3,328.53191619291914,-4.915322250697281,engine
Juno,4,328.53215077043484,-4.915241708326423,engine
Juno,5,328.53238535675666,-4.915161166081295,engine
Juno,6,328.53261995194686,-4.915080623923329,engine
Juno,7,328.5328545558626,-4.915000081940012,engine
Juno,8,328.5330891684765,-4.914919540104754,engine
Juno,9,328.53332378996015,-4.914838998397027,engine
Juno,10,328.53355842012854,-4.914758456844241,engine
Juno,11,328.53379305915274,-4.914677915425859,engine
Juno,12,328.53402770693657,-4.914597374157299,engine
Juno,13,328.5342623633835,-4.91451683305398,engine
Juno,14,328.53449702866413,-4.914436292095355,engine
Juno,15,328.53473170259264,-4.9143557513088245,engine
Juno,16,328.5349663853392,-4.9142752106738214,engine
Juno,17,328.5352010768749,-4.914194670163751,engine
Juno,18,328.535435777055,-4.9141141298660465,engine
Juno,19,328.53567048593925,-4.914033589742113,engine
Juno,20,328.5359052034299,-4.913953049807332,engine
Juno,21,328.5361399296964,-4.913872510041148,engine
Juno,22,328.5363746645515,-4.913791970470921,engine
Juno,23,328.5366094081642,-4.9137114310760746,engine
Juno,24,328.5368441604362,-4.91363089187199,engine
Juno,25,328.5370789212687,-4.913550352874045,engine
Juno,26,328.5373136908303,-4.9134698140616395,engine
Juno,27,328.5375484689328,-4.913389275462149,engine
Juno,28,328.5377832557445,-4.913308737054944,engine
Juno,29,328.5380180513234,-4.913228198801401,engine
Juno,30,328.5382528552551,-4.913147660824884,engine
Jupiter,-30,355.8374450397522,-2.936632901959914,engine
Jupiter,-20,355.83885743075285,-2.9360363168995387,engine
Jupiter,-15,355.8395637769716,-2.9357380263843913,engine
Jupiter,-10,355.8402702256024,-2.9354397373560555,engine
Jupiter,-5,355.8409767780904,-2.935141449897453,engine
Jupiter,-2,355.8414007598873,-2.9349624782649637,engine
Jupiter,-1,355.84154209559364,-2.934902821202242,engine
Jupiter,0,355.84168343554245,-2.934843164212884,engine
Jupiter,1,355.84182477977674,-2.934783507283766,engine
Jupiter,2,355.8419661282395,-2.934723850444187,engine
Jupiter,3,355.8421074809736,-2.9346641936810083,engine
Jupiter,4,355.8422488379887,-2.934604536995252,engine
Jupiter,5,355.84239019929396,-2.9345448803879273,engine
Jupiter,6,355.842531565027,-2.9344852238059036,engine
Jupiter,7,355.8426729349406,-2.9344255673585162,engine
Jupiter,8,355.8428143091722,-2.934365910992608,engine
Jupiter,9,355.84295568773075,-2.934306254709225,engine
Jupiter,10,355.8430970706585,-2.934246598495248,engine
Jupiter,11,355.84323845789754,-2.934186942379983,engine
Jupiter,12,355.84337984949013,-2.9341272863503214,engine
Jupiter,13,355.8435212454449,-2.9340676304072986,engine
Jupiter,14,355.8436626457704,-2.9340079745519416,engine
Jupiter,15,355.8438040505085,-2.9339483187711335,engine
Jupiter,16,355.8439454596007,-2.933888663094218,engine
Jupiter,17,355.8440868731838,-2.933829007468074,engine
Jupiter,18,355.84422829107615,-2.933769351973745,engine
Jupiter,19,355.8443697133808,-2.9337096965722838,engine
Jupiter,20,355.84451114013893,-2.933650041250567,engine
Jupiter,21,355.84465257129204,-2.9335903860379435,engine
Jupiter,22,355.8447940068811,-2.9335307309213157,engine
Jupiter,23,355.844935446914,-2.9334710759017204,engine
Jupiter,24,355.84507689143163,-2.9334114209660656,engine
Jupiter,25,355.84521834037497,-2.9333517661437054,engine
Jupiter,26,355.8453597937848,-2.933292111421531,engine
Jupiter,27,355.84550125166845,-2.9332324568006105,engine
Jupiter,28,355.84564271403315,-2.9331728022819763,engine
Jupiter,29,355.8457841810145,-2.933113147812561,engine
Jupiter,30,355.845925652363,-2.9330534935017067,engine
Ketu,-30,229.86218075003768,-18.335210023068253,engine
Ketu,-20,229.86218429823487,-18.335210914311215,engine
Ketu,-15,229.86218641209405,-18.33521144548171,engine
Ketu,-10,229.86218875214246,-18.33521203360486,engine
Ketu,-5,229.8621913181404,-18.33521267862027,engine
Ketu,-2,229.86219296609488,-18.33521309291262,engine
Ketu,-1,229.86219353346087,-18.335213235554363,engine
Ketu,0,229.86219410984802,-18.335213380467568,engine
Ketu,1,229.86219469525346,-18.335213527651504,engine
Ketu,2,229.86219528967555,-18.335213677105752,engine
Ketu,3,229.8621958931127,-18.33521382882991,engine
Ketu,4,229.862196505563,-18.335213982823532,engine
Ketu,5,229.86219712702422,-18.335214139086027,engine
Ketu,6,229.8621977574949,-18.335214297617004,engine
Ketu,7,229.8621983969726,-18.3352144584159,engine
Ketu,8,229.8621990454553,-18.335214621482166,engine
Ketu,9,229.86219970294172,-18.335214786815502,engine
Ketu,10,229.86220036942905,-18.335214954415182,engine
Ketu,11,229.86220104491622,-18.33521512428096,engine
Ketu,12,229.86220172940082,-18.335215296412226,engine
Ketu,13,229.86220242288144,-18.335215470808603,engine
Ketu,14,229.86220312535536,-18.335215647469415,engine
Ketu,15,229.8622038368209,-18.335215826394247,engine
Ketu,16,229.86220455727633,-18.335216007582666,engine
Ketu,17,229.86220528672007,-18.335216191034256,engine
Ketu,18,229.86220602514933,-18.335216376748335,engine
Ketu,19,229.86220677256247,-18.335216564724472,engine
Ketu,20,229.8622075289576,-18.3352167549622,engine
Ketu,21,229.8622082943328,-18.33521694746102,engine
Ketu,22,229.8622090686864,-18.335217142220564,engine
Ketu,23,229.8622098520159,-18.335217339240135,engine
Ketu,24,229.86221064431993,-18.33521753851942,engine
Ketu,25,229.86221144559613,-18.33521774005782,engine
Ketu,26,229.86221225584276,-18.335217943854907,engine
Ketu,27,229.86221307505832,-18.335218149910286,engine
Ketu,28,229.8622139032399,-18.33521835822324,engine
Ketu,29,229.86221474038638,-18.335218568793476,engine
Ketu,30,229.86221558649504,-18.335218781620313,engine
Mars,-30,334.8166632399429,-11.961769404861865,engine
Mars,-20,334.82169428259164,-11.959939211256588,engine
Mars,-15,334.8242104371199,-11.95902408127698,engine
Mars,-10,334.8267270140182,-11.958108931726969,engine
Mars,-5,334.82924401350135,-11.957193764406615,engine
Mars,-2,334.83075441553814,-11.95664465641645,engine
Mars,-1,334.83125791662,-11.956461619233279,engine
Mars,0,334.83176143456257,-11.956278581482458,engine
Mars,1,334.83226496936084,-11.956095543179316,engine
Mars,2,334.8327685210094,-11.955912504339194,engine
Mars,3,334.8332720895027,-11.955729464977418,engine
Mars,4,334.8337756748348,-11.955546425109308,engine
Mars,5,334.83427927699915,-11.955363384750173,engine
Mars,6,334.83478289632706,-11.955180343792575,engine
Mars,7,334.8352865321359,-11.954997302497315,engine
Mars,8,334.8357901847562,-11.954814260756923,engine
Mars,9,334.8362938541803,-11.954631218586679,engine
Mars,10,334.8367975404002,-11.954448176001891,engine
Mars,11,334.83730124340747,-11.95426513301778,engine
Mars,12,334.83780496319366,-11.954082089649635,engine
Mars,13,334.8383086997496,-11.953899045912717,engine
Mars,14,334.83881245306594,-11.953716001822244,engine
Mars,15,334.83931622313327,-11.953532957393461,engine
Mars,16,334.83982000994155,-11.953349912641553,engine
Mars,17,334.84032381381803,-11.953166867459055,engine
Mars,18,334.8408276340768,-11.952983822106605,engine
Mars,19,334.8413314710444,-11.952800776476668,engine
Mars,20,334.8418353247097,-11.952617730584398,engine
Mars,21,334.842339195061,-11.952434684445008,engine
Mars,22,334.84284308208635,-11.952251638073628,engine
Mars,23,334.8433469857735,-11.95206859148541,engine
Mars,24,334.84385090610976,-11.951885544695479,engine
Mars,25,334.8443548430822,-11.951702497718962,engine
Mars,26,334.84485879667756,-11.951519450570965,engine
Mars,27,334.8453627668822,-11.951336403266593,engine
Mars,28,334.8458667536821,-11.951153355820907,engine
Mars,29,334.8463707574011,-11.950970308126262,engine
Mars,30,334.84687477734866,-11.950787260443162,engine
Mercury,-30,41.24328345773105,17.71190463526344,engine
Mercury,-20,41.255129841633355,17.716618147628026,engine
Mercury,-15,41.261052647750034,17.71897392423549,engine
Mercury,-10,41.26697521541595,17.721329050308686,engine
Mercury,-5,41.272897557934805,17.72368352747405,engine
Mercury,-2,41.276450860439866,17.725095902920348,engine
Mercury,-1,41.27763527770553,17.725566642825367,engine
Mercury,0,41.27881968729714,17.726037357103305,engine
Mercury,1,41.280004088915966,17.726508045567613,engine
Mercury,2,41.28118848266558,17.7269787082338,engine
Mercury,3,41.2823728686492,17.727449345117492,engine
Mercury,4,41.283557246969956,17.727919956234462,engine
Mercury,5,41.28474161732822,17.728390541398795,engine
Mercury,6,41.28592598142542,17.72886110134569,engine
Mercury,7,41.28711033737319,17.72933163525846,engine
Mercury,8,41.28829468606777,17.729802143468945,engine
Mercury,9,41.289479027610824,17.730272625993543,engine
Mercury,10,41.290663362104006,17.730743082848882,engine
Mercury,11,41.291847689246275,17.73121351384987,engine
Mercury,12,41.293032009943126,17.73168391941687,engine
Mercury,13,41.29421632389301,17.7321542993651,engine
Mercury,14,41.295400631196436,17.73262465371165,engine
Mercury,15,41.29658493195362,17.73309498247376,engine
Mercury,16,41.29776922626447,17.73356528566879,engine
Mercury,17,41.29895351462062,17.734035563427817,engine
Mercury,18,41.300137796337545,17.734505815541286,engine
Mercury,19,41.30132207190626,17.734976042140527,engine
Mercury,20,41.302506341425676,17.73544624324344,engine
Mercury,21,41.30369060499429,17.735916418868026,engine
Mercury,22,41.30487486271042,17.736386569032447,engine
Mercury,23,41.306059114270056,17.736856693553328,engine
Mercury,24,41.30724336057485,17.737326792852333,engine
Mercury,25,41.30842760132025,17.737796866746343,engine
Mercury,26,41.30961183660338,17.73826691525405,engine
Mercury,27,41.31079606652107,17.738736938394187,engine
Mercury,28,41.31198029116987,17.73920693618568,engine
Mercury,29,41.31316451103821,17.73967690876111,engine
Mercury,30,41.31434872543769,17.740146855912542,engine
Moon,-30,230.36741591114023,-18.99121692161445,engine
Moon,-20,230.49404138189092,-19.02761959111034,engine
Moon,-15,230.55725599422396,-19.045931439605813,engine
Moon,-10,230.62039787768413,-19.064316590244612,engine
Moon,-5,230.683461105503,-19.082774599908213,engine
Moon,-2,230.7212591948985,-19.09388426813307,engine
Moon,-1,230.73385151104483,-19.097593246899116,engine
Moon,0,230.7464404657121,-19.10130515557619,engine
Moon,1,230.75902566171106,-19.10501990408861,engine
Moon,2,230.77160740832798,-19.108737575299397,engine
Moon,3,230.78418530848742,-19.11245807907058,engine
Moon,4,230.79675967158371,-19.11618149809528,engine
Moon,5,230.80933010068628,-19.119907742183297,engine
Moon,6,230.82189691372497,-19.123636896347612,engine
Moon,7,230.8344598736385,-19.127368908491256,engine
Moon,8,230.84701876873615,-19.13110373401539,engine
Moon,9,230.8595739086952,-19.134841455171912,engine
Moon,10,230.8721248969215,-19.138581981626448,engine
Moon,11,230.8846720432401,-19.14232539546446,engine
Moon,12,230.89721495121228,-19.146071606299444,engine
Moon,13,230.90975393075834,-19.149820696026698,engine
Moon,14,230.9222887621535,-19.15357261725061,engine
Moon,15,230.9348192257921,-19.157327322590078,engine
Moon,16,230.94734563174853,-19.161084893660917,engine
Moon,17,230.95986759240918,-19.164845242489385,engine
Moon,18,230.97238540115677,-19.168608445462468,engine
Moon,19,230.98489884709016,-19.17237445751848,engine
Moon,20,230.99740771096728,-19.176143231054628,engine
Moon,21,231.00991230316538,-19.17991484724888,engine
Moon,22,231.02241240457974,-19.183689258367057,engine
Moon,23,231.03490779626028,-19.187466416707775,engine
Moon,24,231.04739878874162,-19.191246403167565,engine
Moon,25,231.05988516318283,-19.1950291698981,engine
Moon,26,231.07236670085854,-19.19881466906744,engine
Moon,27,231.08484371250003,-19.202602981303514,engine
Moon,28,231.09731597954658,-19.20639405864208,engine
Moon,29,231.10978329184516,-19.210187855663946,engine
Moon,30,231.1222459436372,-19.213984447647896,engine
Neptune,-30,354.8230074079763,-3.4718589306051175,engine
Neptune,-20,354.8232138984023,-3.4717722668948015,engine
Neptune,-15,354.82331716058025,-3.471728934367927,engine
Neptune,-10,354.823420435019,-3.4716856014173008,engine
Neptune,-5,354.823523722431,-3.4716422680584973,engine
Neptune,-2,354.8235857013826,-3.4716162678610596,engine
Neptune,-1,354.82360636214963,-3.4716076010995054,engine
Neptune,0,354.8236270234874,-3.4715989343223415,engine
Neptune,1,354.8236476853988,-3.471590267530774,engine
Neptune,2,354.8236683478868,-3.471581600726014,engine
Neptune,3,354.8236890109619,-3.4715729339061854,engine
Neptune,4,354.8237096746244,-3.471564267073529,engine
Neptune,5,354.82373033888484,-3.4715556002261763,engine
Neptune,6,354.82375100375737,-3.471546933360554,engine
Neptune,7,354.82377166922464,-3.471538266486422,engine
Neptune,8,354.8237923353009,-3.47152959960021,engine
Neptune,9,354.8238130019966,-3.471520932700057,engine
Neptune,10,354.82383366931185,-3.471512265788207,engine
Neptune,11,354.82385433725716,-3.4715035988628027,engine
Neptune,12,354.82387500583275,-3.47149493192609,engine
Neptune,13,354.823895675049,-3.4714862649762095,engine
Neptune,14,354.823916344906,-3.4714775980154173,engine
Neptune,15,354.8239370154143,-3.471468931041856,engine
Neptune,16,354.8239576865738,-3.471460264057779,engine
Neptune,17,354.8239783584089,-3.471451597055524,engine
Neptune,18,354.82399903089447,-3.4714429300479446,engine
Neptune,19,354.824019704047,-3.4714342630304564,engine
Neptune,20,354.8240403778767,-3.471425596001216,engine
Neptune,21,354.82406105238385,-3.4714169289624803,engine
Neptune,22,354.8240817275786,-3.4714082619124067,engine
Neptune,23,354.8241024034609,-3.471399594853255,engine
Neptune,24,354.82412308004115,-3.471390927783186,engine
Neptune,25,354.8241437573192,-3.4713822607044627,engine
Neptune,26,354.8241644353053,-3.471373593615246,engine
Neptune,27,354.8241851139995,-3.4713649265178037,engine
Neptune,28,354.8242057934118,-3.4713562594102982,engine
Neptune,29,354.82422647355617,-3.47134759228919,engine
Neptune,30,354.8242471544149,-3.4713389251642655,engine
Pallas,-30,27.966721883618376,-3.6522713514226464,engine
Pallas,-20,27.96958410722552,-3.651744646116959,engine
Pallas,-15,27.97101539234681,-3.651481290990993,engine
Pallas,-10,27.97244679804934,-3.6512179343934545,engine
Pallas,-5,27.973878328132567,-3.650954576430382,engine
Pallas,-2,27.974737307240865,-3.6507965611055675,engine
Pallas,-1,27.975023644001062,-3.6507438892461765,engine
Pallas,0,27.975309985991636,-3.6506912173452237,engine
Pallas,1,27.97559633316565,-3.65063854539517,engine
Pallas,2,27.975882685702082,-3.6505858734149865,engine
Pallas,3,27.976169043553806,-3.6505332013971543,engine
Pallas,4,27.976455406673598,-3.6504805293341485,engine
Pallas,5,27.976741775240175,-3.650427857244978,engine
Pallas,6,27.977028149398137,-3.6503751850868085,engine
Pallas,7,27.97731452871593,-3.650322512922794,engine
Pallas,8,27.97760091356399,-3.650269840736625,engine
Pallas,9,27.977887303894622,-3.6502171685208284,engine
Pallas,10,27.978173699660037,-3.6501644962679287,engine
Pallas,11,27.97846010103837,-3.6501118239969763,engine
Pallas,12,27.978746507981608,-3.6500591517005008,engine
Pallas,13,27.979032920441668,-3.6500064793710614,engine
Pallas,14,27.979319338596387,-3.649953807027714,engine
Pallas,15,27.979605762397487,-3.6499011346630352,engine
Pallas,16,27.97989219179656,-3.6498484622695817,engine
Pallas,17,27.980178627163205,-3.649795789831134,engine
Pallas,18,27.980465067989392,-3.6497431174020716,engine
Pallas,19,27.98075151464449,-3.6496904449661813,engine
Pallas,20,27.98103796707972,-3.6496377725160603,engine
Pallas,21,27.98132442524618,-3.6495851000443196,engine
Pallas,22,27.98161088932089,-3.6495324275700805,engine
Pallas,23,27.981897359179403,-3.649479755077126,engine
Pallas,24,27.982183834998555,-3.649427082584597,engine
Pallas,25,27.982470316729003,-3.6493744100851244,engine
Pallas,26,27.982756804321372,-3.649321737571355,engine
Pallas,27,27.983043297952133,-3.6492690650624464,engine
Pallas,28,27.98332979749634,-3.6492163925422147,engine
Pallas,29,27.983616303322382,-3.6491637199945215,engine
Pallas,30,27.9839028149962,-3.6491110474826653,engine
Pluto,-30,300.7871134754971,-22.402498966441563,engine
Pluto,-20,300.78715576295747,-22.40250678979694,engine
Pluto,-15,300.78717695068593,-22.40251069822807,engine
Pluto,-10,300.7871981680212,-22.40251460486022,engine
Pluto,-5,300.7872194151428,-22.40251850996906,engine
Pluto,-2,300.78723217778213,-22.402520852418004,engine
Pluto,-1,300.7872364343971,-22.402521633144946,engine
Pluto,0,300.7872406922149,-22.402522413830912,engine
Pluto,1,300.7872449512367,-22.402523194478135,engine
Pluto,2,300.7872492114636,-22.40252397508883,engine
Pluto,3,300.7872534728966,-22.402524755665237,engine
Pluto,4,300.78725773553435,-22.402525536209392,engine
Pluto,5,300.7872619993828,-22.40252631672393,engine
Pluto,6,300.78726626444325,-22.402527097211408,engine
Pluto,7,300.78727053071106,-22.40252787767303,engine
Pluto,8,300.7872747981899,-22.402528658111528,engine
Pluto,9,300.7872790668807,-22.40252943852918,engine
Pluto,10,300.78728333678447,-22.4025302189282,engine
Pluto,11,300.7872876079019,-22.40253099931084,engine
Pluto,12,300.7872918802338,-22.402531779679336,engine
Pluto,13,300.787296153781,-22.402532560035947,engine
Pluto,14,300.7873004285443,-22.402533340382906,engine
Pluto,15,300.7873047045244,-22.40253412072248,engine
Pluto,16,300.7873089817221,-22.4025349010569,engine
Pluto,17,300.78731326014076,-22.402535681388937,engine
Pluto,18,300.7873175397754,-22.4025364617198,engine
Pluto,19,300.78732182062953,-22.402537242052283,engine
Pluto,20,300.78732610270373,-22.4025380223886,engine
Pluto,21,300.7873303859986,-22.402538802731044,engine
Pluto,22,300.78733467051455,-22.402539583081843,engine
Pluto,23,300.7873389562522,-22.402540363443272,engine
Pluto,24,300.78734324321204,-22.402541143817558,engine
Pluto,25,300.7873475313945,-22.40254192420699,engine
Pluto,26,300.7873518207999,-22.402542704613804,engine
Pluto,27,300.78735611142883,-22.40254348504025,engine
Pluto,28,300.7873604032816,-22.40254426548861,engine
Pluto,29,300.7873646963613,-22.40254504596166,engine
Pluto,30,300.7873689906626,-22.402545826460596,engine
Rahu,-30,49.86218075003767,18.335210023068253,engine
Rahu,-20,49.86218429823487,18.335210914311215,engine
Rahu,-15,49.862186412094054,18.33521144548171,engine
Rahu,-10,49.862188752142465,18.33521203360486,engine
Rahu,-5,49.86219131814039,18.33521267862027,engine
Rahu,-2,49.86219296609488,18.33521309291262,engine
Rahu,-1,49.86219353346086,18.335213235554363,engine
Rahu,0,49.86219410984802,18.335213380467568,engine
Rahu,1,49.862194695253464,18.335213527651504,engine
Rahu,2,49.86219528967556,18.335213677105752,engine
Rahu,3,49.862195893112684,18.33521382882991,engine
Rahu,4,49.862196505563,18.335213982823532,engine
Rahu,5,49.86219712702423,18.335214139086027,engine
Rahu,6,49.8621977574949,18.335214297617004,engine
Rahu,7,49.8621983969726,18.3352144584159,engine
Rahu,8,49.862199045455306,18.335214621482166,engine
Rahu,9,49.86219970294172,18.335214786815502,engine
Rahu,10,49.86220036942903,18.335214954415182,engine
Rahu,11,49.862201044916205,18.33521512428096,engine
Rahu,12,49.86220172940082,18.335215296412226,engine
Rahu,13,49.862202422881445,18.335215470808603,engine
Rahu,14,49.862203125355364,18.335215647469415,engine
Rahu,15,49.8622038368209,18.335215826394247,engine
Rahu,16,49.86220455727632,18.335216007582666,engine
Rahu,17,49.86220528672008,18.335216191034256,engine
Rahu,18,49.862206025149334,18.335216376748335,engine
Rahu,19,49.862206772562466,18.335216564724472,engine
Rahu,20,49.86220752895761,18.3352167549622,engine
Rahu,21,49.862208294332795,18.33521694746102,engine
Rahu,22,49.862209068686425,18.335217142220564,engine
Rahu,23,49.8622098520159,18.335217339240135,engine
Rahu,24,49.862210644319916,18.33521753851942,engine
Rahu,25,49.86221144559612,18.33521774005782,engine
Rahu,26,49.86221225584276,18.335217943854907,engine
Rahu,27,49.862213075058314,18.335218149910286,engine
Rahu,28,49.862213903239905,18.33521835822324,engine
Rahu,29,49.86221474038639,18.335218568793476,engine
Rahu,30,49.862215586495026,18.335218781620313,engine
Regulus,-30,152.09431794150706,11.96620299648545,engine
Regulus,-20,152.09431987336146,11.966203236684125,engine
Regulus,-15,152.09432083587595,11.966203364950188,engine
Regulus,-10,152.09432179532635,11.96620349864469,engine
Regulus,-5,152.09432275112275,11.966203637752344,engine
Regulus,-2,152.09432332260172,11.966203723807896,engine
Regulus,-1,152.09432351273344,11.966203752923972,engine
Regulus,0,152.09432370267663,11.966203782255228,engine
Regulus,1,152.09432389242673,11.966203811801474,engine
Regulus,2,152.09432408197895,11.966203841562551,engine
Regulus,3,152.09432427132873,11.966203871538262,engine
Regulus,4,152.09432446047126,11.966203901728438,engine
Regulus,5,152.09432464940195,11.966203932132878,engine
Regulus,6,152.09432483811628,11.966203962751429,engine
Regulus,7,152.0943250266093,11.966203993583834,engine
Regulus,8,152.0943252148765,11.966204024629915,engine
Regulus,9,152.09432540291326,11.966204055889477,engine
Regulus,10,152.09432559071485,11.966204087362307,engine
Regulus,11,152.09432577827667,11.966204119048195,engine
Regulus,12,152.09432596559412,11.966204150946906,engine
Regulus,13,152.09432615266255,11.966204183058242,engine
Regulus,14,152.09432633947725,11.966204215381968,engine
Regulus,15,152.0943265260337,11.966204247917856,engine
Regulus,16,152.09432671232727,11.966204280665673,engine
Regulus,17,152.09432689835342,11.966204313625202,engine
Regulus,18,152.09432708410728,11.966204346796156,engine
Regulus,19,152.09432726958445,11.966204380178317,engine
Regulus,20,152.0943274547803,11.96620441377143,engine
Regulus,21,152.09432763969025,11.966204447575246,engine
Regulus,22,152.09432782430963,11.966204481589502,engine
Regulus,23,152.09432800863397,11.966204515813946,engine
Regulus,24,152.09432819265862,11.9662045502483,engine
Regulus,25,152.09432837637908,11.9662045848923,engine
Regulus,26,152.09432855979068,11.966204619745682,engine
Regulus,27,152.09432874288896,11.966204654808152,engine
Regulus,28,152.09432892566934,11.966204690079437,engine
Regulus,29,152.09432910812737,11.966204725559274,engine
Regulus,30,152.0943292902583,11.966204761247328,engine
Saturn,-30,325.84758689400695,-14.723812636895646,engine
Saturn,-20,325.84807769952005,-14.723664250452387,engine
Saturn,-15,325.848323195935,-14.72359006008561,engine
Saturn,-10,325.84856875514373,-14.72351587217277,engine
Saturn,-5,325.8488143773944,-14.72344168711999,engine
Saturn,-2,325.8489617810447,-14.723397177645372,engine
Saturn,-1,325.8490109206556,-14.723382341432387,engine
Saturn,0,325.84906006279857,-14.723367505364255,engine
Saturn,1,325.84910920747484,-14.723352669444324,engine
Saturn,2,325.8491583546852,-14.723337833675927,engine
Saturn,3,325.8492075044306,-14.723322998062429,engine
Saturn,4,325.8492566567119,-14.723308162607157,engine
Saturn,5,325.84930581152975,-14.723293327313487,engine
Saturn,6,325.8493549689316,-14.72327849217072,engine
Saturn,7,325.84940412882474,-14.723263657210268,engine
Saturn,8,325.8494532912564,-14.723248822421455,engine
Saturn,9,325.8495024562272,-14.723233987807628,engine
Saturn,10,325.8495516237374,-14.723219153372145,engine
Saturn,11,325.8496007937876,-14.723204319118354,engine
Saturn,12,325.849649966378,-14.723189485049605,engine
Saturn,13,325.84969914150906,-14.72317465116926,engine
Saturn,14,325.84974831918083,-14.723159817480669,engine
Saturn,15,325.84979749939356,-14.723144983987167,engine
Saturn,16,325.84984668214736,-14.723130150692144,engine
Saturn,17,325.8498958674752,-14.723115317588968,engine
Saturn,18,325.84994505531114,-14.723100484700899,engine
Saturn,19,325.8499942456881,-14.723085652021362,engine
Saturn,20,325.85004343860584,-14.723070819553682,engine
Saturn,21,325.85009263406425,-14.72305598730123,engine
Saturn,22,325.8501418320631,-14.723041155267364,engine
Saturn,23,325.85019103261584,-14.72302632345132,engine
Saturn,24,325.8502402356945,-14.723011491864643,engine
Saturn,25,325.85028944131244,-14.722996660506592,engine
Saturn,26,325.85033864946905,-14.722981829380522,engine
Saturn,27,325.850387860164,-14.722966998489783,engine
Saturn,28,325.85043707339645,-14.722952167837708,engine
Saturn,29,325.8504862891989,-14.72293733741773,engine
Saturn,30,325.8505355075045,-14.72292250725306,engine
Sun,-30,26.227606413351573,10.843586391024106,engine
Sun,-20,26.234007282103153,10.845999313528294,engine
Sun,-15,26.237208435990382,10.847205558871202,engine
Sun,-10,26.24041008631549,10.84841166283056,engine
Sun,-5,26.2436122456925,10.849617627508314,engine
Sun,-2,26.245533790181717,10.850341140110913,engine
Sun,-1,26.24617434709839,10.850582300057518,engine
Sun,0,26.246814925214636,10.850823454571008,engine
Sun,1,26.247455524623014,10.851064603667682,engine
Sun,2,26.24809614541646,10.851305747364236,engine
Sun,3,26.248736787686724,10.851546885677164,engine
Sun,4,26.249377451525994,10.851788018623278,engine
Sun,5,26.250018137025258,10.852029146219229,engine
Sun,6,26.250658844705313,10.852270268643604,engine
Sun,7,26.251299573797617,10.852511385590006,engine
Sun,8,26.25194032482169,10.852752497237018,engine
Sun,9,26.252581097867566,10.852993603601814,engine
Sun,10,26.253221893024357,10.853234704701432,engine
Sun,11,26.253862710381288,10.853475800553191,engine
Sun,12,26.254503550026637,10.853716891174278,engine
Sun,13,26.255144412048864,10.85395797658218,engine
Sun,14,26.255785296535375,10.854199056794197,engine
Sun,15,26.256426203573834,10.854440131827976,engine
Sun,16,26.257067133250803,10.854681201700974,engine
Sun,17,26.257708086082932,10.8549222665926,engine
Sun,18,26.25834906129639,10.855163326197186,engine
Sun,19,26.25899005940691,10.855404380694283,engine
Sun,20,26.25963108049944,10.855645430101637,engine
Sun,21,26.260272124659117,10.8558864744373,engine
Sun,22,26.260913191970005,10.856127513719189,engine
Sun,23,26.261554282516382,10.85636854796547,engine
Sun,24,26.26219539638149,10.85660957719419,engine
Sun,25,26.26283653364875,10.856850601423668,engine
Sun,26,26.26347769440052,10.857091620672083,engine
Sun,27,26.264118878719373,10.857332634957897,engine
Sun,28,26.264760086686994,10.857573644299487,engine
Sun,29,26.265401318814547,10.857814648876868,engine
Sun,30,26.26604257432338,10.858055648385522,engine
Uranus,-30,41.1893678036988,15.552380162095584,engine
Uranus,-20,41.18974940980616,15.552498450518348,engine
Uranus,-15,41.18994020301952,15.552557577867317,engine
Uranus,-10,41.19013099099785,15.552616693915695,engine
Uranus,-5,41.19032177475781,15.552675798631821,engine
Uranus,-2,41.19043624337288,15.552711255998489,engine
Uranus,-1,41.19047439935673,15.552723074210142,engine
Uranus,0,41.19051255524247,15.552734891965896,engine
Uranus,1,41.190550711033225,15.552746709264014,engine
Uranus,2,41.19058886674673,15.552758526107345,engine
Uranus,3,41.19062702238608,15.55277034249417,engine
Uranus,4,41.190665177959296,15.552782158424314,engine
Uranus,5,41.1907033334695,15.552793973896069,engine
Uranus,6,41.19074148895999,15.552805788920265,engine
Uranus,7,41.19077964438275,15.552817603479362,engine
Uranus,8,41.190817799771374,15.55282941758115,engine
Uranus,9,41.19085595512902,15.55284123122395,engine
Uranus,10,41.19089411047337,15.552853044410707,engine
Uranus,11,41.19093226580763,15.552864857139777,engine
Uranus,12,41.19097042113493,15.552876669409509,engine
Uranus,13,41.191008576473024,15.552888481222864,engine
Uranus,14,41.19104673182505,15.552900292578245,engine
Uranus,15,41.191084887199025,15.552912103475542,engine
Uranus,16,41.19112304259812,15.55292391391317,engine
Uranus,17,41.19116119806567,15.552935723902053,engine
Uranus,18,41.19119935355367,15.55294753342475,engine
Uranus,19,41.19123750909085,15.552959342487613,engine
Uranus,20,41.19127566469497,15.552971151093676,engine
Uranus,21,41.19131382036919,15.552982959241378,engine
Uranus,22,41.19135197611667,15.552994766929167,engine
Uranus,23,41.19139013195519,15.553006574160092,engine
Uranus,24,41.19142828788787,15.553018380932645,engine
Uranus,25,41.19146644392277,15.55303018724681,engine
Uranus,26,41.19150460006304,15.553041993101106,engine
Uranus,27,41.191542756326434,15.553053798498597,engine
Uranus,28,41.19158091271613,15.553065603437808,engine
Uranus,29,41.19161906926086,15.553077407925162,engine
Uranus,30,41.1916572259272,15.55308921194794,engine
Venus,-30,345.346196232587,-6.886404241840578,engine
Venus,-20,345.35353602766185,-6.883870266333559,engine
Venus,-15,345.3572071223477,-6.882603173608651,engine
Venus,-10,345.3608790193803,-6.881336013527534,engine
Venus,-5,345.3645517215009,-6.88006878800854,engine
Venus,-2,345.36675572956887,-6.879308422321284,engine
Venus,-1,345.3674904634203,-6.8790549621336226,engine
Venus,0,345.3682252297419,-6.878801499452175,engine
Venus,1,345.36896002824375,-6.878548034356493,engine
Venus,2,345.3696948592388,-6.878294566800048,engine
Venus,3,345.3704297224361,-6.878041096862399,engine
Venus,4,345.37116461814713,-6.877787624497049,engine
Venus,5,345.3718995460798,-6.877534149783542,engine
Venus,6,345.37263450703733,-6.877280672505416,engine
Venus,7,345.3733694997406,-6.877027193082163,engine
Venus,8,345.37410452499165,-6.876773711297307,engine
Venus,9,345.3748395824957,-6.876520227230427,engine
Venus,10,345.3755746725608,-6.876266740835012,engine
Venus,11,345.3763097948909,-6.876013252190642,engine
Venus,12,345.37704494979295,-6.87575976125078,engine
Venus,13,345.3777801371204,-6.875506268063495,engine
Venus,14,345.3785153567264,-6.875252772676861,engine
Venus,15,345.37925060891575,-6.874999275044331,engine
Venus,16,345.3799858933896,-6.874745775245495,engine
Venus,17,345.38072121094456,-6.874492273063837,engine
Venus,18,345.3814565602942,-6.874238768918909,engine
Venus,19,345.3821919422343,-6.873985262594196,engine
Venus,20,345.38292735646303,-6.873731754169274,engine
Venus,21,345.3836628032818,-6.873478243597599,engine
Venus,22,345.3843982823879,-6.873224730958742,engine
Venus,23,345.38513379408124,-6.872971216206152,engine
Venus,24,345.38586933805794,-6.872717699419416,engine
Venus,25,345.3866049146166,-6.872464180551938,engine
Venus,26,345.3873405236032,-6.872210659651758,engine
Venus,27,345.3880761648624,-6.871957136766932,engine
Venus,28,345.38881183869137,-6.871703611850826,engine
Venus,29,345.38954754527634,-6.871450084813046,engine
Venus,30,345.3902832839263,-6.8711965559469546,engine
Vesta,-30,319.8473940926326,-16.56632523166837,engine
Vesta,-20,319.8503028587391,-16.56573072208382,engine
Vesta,-15,319.8517576794773,-16.56543350257693,engine
Vesta,-10,319.8532127898692,-16.565136309151466,engine
Vesta,-5,319.85466818829775,-16.56483914367765,engine
Vesta,-2,319.8555415646408,-16.56466085863487,engine
Vesta,-1,319.8558327128397,-16.56460143275629,engine
Vesta,0,319.8561238724067,-16.564542008133763,engine
Vesta,1,319.8564150433246,-16.564482584782326,engine
Vesta,2,319.8567062257021,-16.564423162695405,engine
Vesta,3,319.8569974192683,-16.56436374193121,engine
Vesta,4,319.8572886241315,-16.56430432248313,engine
Vesta,5,319.85757984027333,-16.564244904366106,engine
Vesta,6,319.8578710678705,-16.564185487555267,engine
Vesta,7,319.85816230664005,-16.564126072123585,engine
Vesta,8,319.8584535565051,-16.564066658089313,engine
Vesta,9,319.85874481757276,-16.564007245445737,engine
Vesta,10,319.85903608982346,-16.563947834207696,engine
Vesta,11,319.8593273733639,-16.563888424368425,engine
Vesta,12,319.859618667921,-16.563829015985885,engine
Vesta,13,319.85990997360085,-16.563769609053285,engine
Vesta,14,319.86020129038303,-16.563710203585373,engine
Vesta,15,319.8604926183732,-16.563650799575242,engine
Vesta,16,319.8607839572972,-16.563591397080838,engine
Vesta,17,319.8610753074559,-16.563531996055364,engine
Vesta,18,319.86136666843686,-16.56347259659315,engine
Vesta,19,319.86165804054025,-16.563413198647385,engine
Vesta,20,319.8619494234912,-16.56335380227585,engine
Vesta,21,319.86224081739385,-16.563294407471524,engine
Vesta,22,319.86253222222587,-16.563235014248953,engine
Vesta,23,319.862823638091,-16.563175622601047,engine
Vesta,24,319.86311506471344,-16.563116232585486,engine
Vesta,25,319.8634065021964,-16.56305684419515,engine
Vesta,26,319.8636979506432,-16.562997457422835,engine
Vesta,27,319.86398940977705,-16.562938072326173,engine
Vesta,28,319.86428087970063,-16.56287868889793,engine
Vesta,29,319.86457236058544,-16.56281930711263,engine
Vesta,30,319.8648638521427,-16.562759927042627,engine
Gonggong,-30,337.3004665925549,-11.046592767043043,tno-rate
Gonggong,-20,337.3005130661616,-11.046571941727334,tno-rate
Gonggong,-15,337.300536302965,-11.046561529069482,tno-rate
Gonggong,-10,337.3005595397683,-11.046551116411628,tno-rate
Gonggong,-5,337.3005827765717,-11.046540703753774,tno-rate
Gonggong,-2,337.30059671865365,-11.046534456159062,tno-rate
Gonggong,-1,337.30060136601435,-11.04653237362749,tno-rate
Gonggong,0,337.300606013375,-11.04653029109592,tno-rate
Gonggong,1,337.30061066073563,-11.046528208564348,tno-rate
Gonggong,2,337.3006153080963,-11.046526126032777,tno-rate
Gonggong,3,337.30061995545697,-11.046524043501208,tno-rate
Gonggong,4,337.30062460281766,-11.046521960969637,tno-rate
Gonggong,5,337.3006292501783,-11.046519878438065,tno-rate
Gonggong,6,337.300633897539,-11.046517795906494,tno-rate
Gonggong,7,337.30063854489964,-11.046515713374925,tno-rate
Gonggong,8,337.30064319226034,-11.046513630843354,tno-rate
Gonggong,9,337.300647839621,-11.046511548311782,tno-rate
Gonggong,10,337.3006524869817,-11.046509465780211,tno-rate
Gonggong,11,337.3006571343423,-11.046507383248642,tno-rate
Gonggong,12,337.300661781703,-11.04650530071707,tno-rate
Gonggong,13,337.30066642906365,-11.0465032181855,tno-rate
Gonggong,14,337.30067107642435,-11.046501135653928,tno-rate
Gonggong,15,337.300675723785,-11.046499053122357,tno-rate
Gonggong,16,337.3006803711457,-11.046496970590788,tno-rate
Gonggong,17,337.30068501850633,-11.046494888059216,tno-rate
Gonggong,18,337.300689665867,-11.046492805527645,tno-rate
Gonggong,19,337.30069431322767,-11.046490722996074,tno-rate
Gonggong,20,337.30069896058836,-11.046488640464505,tno-rate
Gonggong,21,337.300703607949,-11.046486557932933,tno-rate
Gonggong,22,337.3007082553097,-11.046484475401362,tno-rate
Gonggong,23,337.30071290267034,-11.046482392869791,tno-rate
Gonggong,24,337.30071755003104,-11.046480310338222,tno-rate
Gonggong,25,337.3007221973917,-11.04647822780665,tno-rate
Gonggong,26,337.3007268447524,-11.04647614527508,tno-rate
Gonggong,27,337.300731492113,-11.046474062743508,tno-rate
Gonggong,28,337.3007361394737,-11.046471980211937,tno-rate
Gonggong,29,337.30074078683435,-11.046469897680367,tno-rate
Gonggong,30,337.30074543419505,-11.046467815148796,tno-rate
Haumea,-30,216.85695270743443,15.878727625884538,tno-rate
Haumea,-20,216.85683944732446,15.878773191793378,tno-rate
Haumea,-15,216.85678281726945,15.8787959747478,tno-rate
Haumea,-10,216.85672618721446,15.87881875770222,tno-rate
Haumea,-5,216.85666955715948,15.878841540656639,tno-rate
Haumea,-2,216.85663557912648,15.878855210429291,tno-rate
Haumea,-1,216.85662425311548,15.878859767020176,tno-rate
Haumea,0,216.8566129271045,15.87886432361106,tno-rate
Haumea,1,216.8566016010935,15.878868880201944,tno-rate
Haumea,2,216.8565902750825,15.878873436792828,tno-rate
Haumea,3,216.8565789490715,15.878877993383712,tno-rate
Haumea,4,216.8565676230605,15.878882549974596,tno-rate
Haumea,5,216.8565562970495,15.87888710656548,tno-rate
Haumea,6,216.85654497103852,15.878891663156365,tno-rate
Haumea,7,216.8565336450275,15.878896219747249,tno-rate
Haumea,8,216.8565223190165,15.878900776338133,tno-rate
Haumea,9,216.85651099300551,15.878905332929017,tno-rate
Haumea,10,216.85649966699452,15.8789098895199,tno-rate
Haumea,11,216.85648834098353,15.878914446110784,tno-rate
Haumea,12,216.8564770149725,15.878919002701668,tno-rate
Haumea,13,216.85646568896152,15.878923559292552,tno-rate
Haumea,14,216.85645436295053,15.878928115883436,tno-rate
Haumea,15,216.85644303693954,15.87893267247432,tno-rate
Haumea,16,216.85643171092852,15.878937229065205,tno-rate
Haumea,17,216.85642038491753,15.878941785656089,tno-rate
Haumea,18,216.85640905890654,15.878946342246973,tno-rate
Haumea,19,216.85639773289554,15.878950898837857,tno-rate
Haumea,20,216.85638640688452,15.878955455428741,tno-rate
Haumea,21,216.85637508087353,15.878960012019625,tno-rate
Haumea,22,216.85636375486254,15.87896456861051,tno-rate
Haumea,23,216.85635242885155,15.878969125201394,tno-rate
Haumea,24,216.85634110284056,15.878973681792278,tno-rate
Haumea,25,216.85632977682954,15.878978238383162,tno-rate
Haumea,26,216.85631845081855,15.878982794974046,tno-rate
Haumea,27,216.85630712480756,15.87898735156493,tno-rate
Haumea,28,216.85629579879657,15.878991908155815,tno-rate
Haumea,29,216.85628447278555,15.878996464746699,tno-rate
Haumea,30,216.85627314677456,15.879001021337581,tno-rate
Makemake,-30,198.29311693703485,23.014506643747975,tno-rate
Makemake,-20,198.2930035903131,23.014531041417747,tno-rate
Makemake,-15,198.29294691695225,23.01454324025263,tno-rate
Makemake,-10,198.29289024359136,23.014555439087516,tno-rate
Makemake,-5,198.2928335702305,23.014567637922404,tno-rate
Makemake,-2,198.29279956621397,23.014574957223335,tno-rate
Makemake,-1,198.29278823154178,23.014577396990312,tno-rate
Makemake,0,198.2927768968696,23.01457983675729,tno-rate
Makemake,1,198.29276556219745,23.014582276524266,tno-rate
Makemake,2,198.29275422752525,23.014584716291242,tno-rate
Makemake,3,198.29274289285308,23.01458715605822,tno-rate
Makemake,4,198.29273155818092,23.014589595825196,tno-rate
Makemake,5,198.29272022350872,23.014592035592173,tno-rate
Makemake,6,198.29270888883656,23.01459447535915,tno-rate
Makemake,7,198.2926975541644,23.014596915126127,tno-rate
Makemake,8,198.29268621949223,23.014599354893104,tno-rate
Makemake,9,198.29267488482003,23.014601794660084,tno-rate
Makemake,10,198.29266355014786,23.01460423442706,tno-rate
Makemake,11,198.2926522154757,23.014606674194038,tno-rate
Makemake,12,198.2926408808035,23.014609113961015,tno-rate
Makemake,13,198.29262954613134,23.014611553727992,tno-rate
Makemake,14,198.29261821145917,23.01461399349497,tno-rate
Makemake,15,198.29260687678698,23.014616433261946,tno-rate
Makemake,16,198.2925955421148,23.014618873028923,tno-rate
Makemake,17,198.29258420744264,23.0146213127959,tno-rate
Makemake,18,198.29257287277045,23.014623752562876,tno-rate
Makemake,19,198.29256153809828,23.014626192329853,tno-rate
Makemake,20,198.29255020342612,23.01462863209683,tno-rate
Makemake,21,198.29253886875392,23.014631071863807,tno-rate
Makemake,22,198.29252753408176,23.014633511630784,tno-rate
Makemake,23,198.2925161994096,23.01463595139776,tno-rate
Makemake,24,198.29250486473742,23.014638391164738,tno-rate
Makemake,25,198.29249353006523,23.014640830931715,tno-rate
Makemake,26,198.29248219539306,23.014643270698695,tno-rate
Makemake,27,198.2924708607209,23.014645710465672,tno-rate
Makemake,28,198.2924595260487,23.01464815023265,tno-rate
Makemake,29,198.29244819137654,23.014650589999626,tno-rate
Makemake,30,198.29243685670437,23.014653029766603,tno-rate
Orcus,-30,155.81666243573073,-11.647021723688948,tno-rate
Orcus,-20,155.81659914856255,-11.646959115195646,tno-rate
Orcus,-15,155.81656750497842,-11.646927810948995,tno-rate
Orcus,-10,155.81653586139433,-11.646896506702342,tno-rate
Orcus,-5,155.8165042178102,-11.646865202455691,tno-rate
Orcus,-2,155.81648523165975,-11.646846419907702,tno-rate
Orcus,-1,155.81647890294292,-11.646840159058371,tno-rate
Orcus,0,155.8164725742261,-11.64683389820904,tno-rate
Orcus,1,155.8164662455093,-11.64682763735971,tno-rate
Orcus,2,155.81645991679247,-11.64682137651038,tno-rate
Orcus,3,155.81645358807566,-11.646815115661049,tno-rate
Orcus,4,155.81644725935882,-11.64680885481172,tno-rate
Orcus,5,155.81644093064202,-11.64680259396239,tno-rate
Orcus,6,155.81643460192518,-11.646796333113059,tno-rate
Orcus,7,155.81642827320837,-11.646790072263729,tno-rate
Orcus,8,155.81642194449154,-11.646783811414398,tno-rate
Orcus,9,155.81641561577473,-11.646777550565067,tno-rate
Orcus,10,155.8164092870579,-11.646771289715739,tno-rate
Orcus,11,155.8164029583411,-11.646765028866408,tno-rate
Orcus,12,155.81639662962425,-11.646758768017078,tno-rate
Orcus,13,155.81639030090744,-11.646752507167747,tno-rate
Orcus,14,155.8163839721906,-11.646746246318417,tno-rate
Orcus,15,155.8163776434738,-11.646739985469086,tno-rate
Orcus,16,155.81637131475696,-11.646733724619757,tno-rate
Orcus,17,155.81636498604016,-11.646727463770427,tno-rate
Orcus,18,155.81635865732332,-11.646721202921096,tno-rate
Orcus,19,155.8163523286065,-11.646714942071766,tno-rate
Orcus,20,155.81634599988968,-11.646708681222435,tno-rate
Orcus,21,155.81633967117287,-11.646702420373105,tno-rate
Orcus,22,155.81633334245603,-11.646696159523774,tno-rate
Orcus,23,155.81632701373923,-11.646689898674445,tno-rate
Orcus,24,155.8163206850224,-11.646683637825115,tno-rate
Orcus,25,155.81631435630558,-11.646677376975784,tno-rate
Orcus,26,155.81630802758875,-11.646671116126454,tno-rate
Orcus,27,155.81630169887194,-11.646664855277123,tno-rate
Orcus,28,155.8162953701551,-11.646658594427793,tno-rate
Orcus,29,155.8162890414383,-11.646652333578464,tno-rate
Orcus,30,155.8162827127215,-11.646646072729133,tno-rate
Quaoar,-30,277.2427893378053,-15.214679913460877,tno-rate
Quaoar,-20,277.2427572741066,-15.214659460348882,tno-rate
Quaoar,-15,277.2427412422573,-15.214649233792883,tno-rate
Quaoar,-10,277.24272521040797,-15.214639007236885,tno-rate
Quaoar,-5,277.24270917855864,-15.214628780680888,tno-rate
Quaoar,-2,277.242699559449,-15.214622644747289,tno-rate
Quaoar,-1,277.24269635307917,-15.21462059943609,tno-rate
Quaoar,0,277.2426931467093,-15.21461855412489,tno-rate
Quaoar,1,277.24268994033946,-15.21461650881369,tno-rate
Quaoar,2,277.2426867339696,-15.21461446350249,tno-rate
Quaoar,3,277.2426835275997,-15.21461241819129,tno-rate
Quaoar,4,277.24268032122984,-15.214610372880092,tno-rate
Quaoar,5,277.24267711486,-15.214608327568891,tno-rate
Quaoar,6,277.24267390849013,-15.214606282257693,tno-rate
Quaoar,7,277.2426707021203,-15.214604236946492,tno-rate
Quaoar,8,277.24266749575037,-15.214602191635294,tno-rate
Quaoar,9,277.2426642893805,-15.214600146324093,tno-rate
Quaoar,10,277.24266108301066,-15.214598101012895,tno-rate
Quaoar,11,277.2426578766408,-15.214596055701694,tno-rate
Quaoar,12,277.24265467027095,-15.214594010390496,tno-rate
Quaoar,13,277.24265146390104,-15.214591965079295,tno-rate
Quaoar,14,277.2426482575312,-15.214589919768096,tno-rate
Quaoar,15,277.24264505116133,-15.214587874456896,tno-rate
Quaoar,16,277.2426418447915,-15.214585829145697,tno-rate
Quaoar,17,277.2426386384216,-15.214583783834497,tno-rate
Quaoar,18,277.2426354320517,-15.214581738523298,tno-rate
Quaoar,19,277.24263222568186,-15.214579693212098,tno-rate
Quaoar,20,277.242629019312,-15.214577647900898,tno-rate
Quaoar,21,277.24262581294215,-15.214575602589699,tno-rate
Quaoar,22,277.2426226065723,-15.214573557278499,tno-rate
Quaoar,23,277.2426194002024,-15.2145715119673,tno-rate
Quaoar,24,277.24261619383253,-15.2145694666561,tno-rate
Quaoar,25,277.2426129874627,-15.214567421344901,tno-rate
Quaoar,26,277.2426097810928,-15.2145653760337,tno-rate
Quaoar,27,277.24260657472297,-15.214563330722502,tno-rate
Quaoar,28,277.24260336835306,-15.214561285411301,tno-rate
Quaoar,29,277.2426001619832,-15.214559240100103,tno-rate
Quaoar,30,277.24259695561335,-15.214557194788902,tno-rate
Sedna,-30,58.69201504706876,8.285950200061635,tno-rate
Sedna,-20,58.69209088758948,8.2859759218546,tno-rate
Sedna,-15,58.69212880784984,8.285988782751083,tno-rate
Sedna,-10,58.692166728110195,8.286001643647564,tno-rate
Sedna,-5,58.692204648370556,8.286014504544047,tno-rate
Sedna,-2,58.692227400526775,8.286022221081938,tno-rate
Sedna,-1,58.692234984578846,8.286024793261234,tno-rate
Sedna,0,58.69224256863092,8.28602736544053,tno-rate
Sedna,1,58.69225015268299,8.286029937619826,tno-rate
Sedna,2,58.69225773673506,8.286032509799123,tno-rate
Sedna,3,58.69226532078713,8.286035081978419,tno-rate
Sedna,4,58.69227290483921,8.286037654157717,tno-rate
Sedna,5,58.69228048889128,8.286040226337013,tno-rate
Sedna,6,58.69228807294335,8.28604279851631,tno-rate
Sedna,7,58.69229565699542,8.286045370695605,tno-rate
Sedna,8,58.69230324104749,8.286047942874902,tno-rate
Sedna,9,58.69231082509956,8.286050515054198,tno-rate
Sedna,10,58.69231840915164,8.286053087233496,tno-rate
Sedna,11,58.69232599320371,8.286055659412792,tno-rate
Sedna,12,58.69233357725578,8.286058231592088,tno-rate
Sedna,13,58.69234116130785,8.286060803771385,tno-rate
Sedna,14,58.69234874535992,8.28606337595068,tno-rate
Sedna,15,58.69235632941199,8.286065948129977,tno-rate
Sedna,16,58.692363913464064,8.286068520309273,tno-rate
Sedna,17,58.69237149751614,8.286071092488571,tno-rate
Sedna,18,58.69237908156821,8.286073664667867,tno-rate
Sedna,19,58.69238666562028,8.286076236847164,tno-rate
Sedna,20,58.692394249672354,8.28607880902646,tno-rate
Sedna,21,58.692401833724425,8.286081381205756,tno-rate
Sedna,22,58.692409417776496,8.286083953385052,tno-rate
Sedna,23,58.692417001828574,8.28608652556435,tno-rate
Sedna,24,58.692424585880644,8.286089097743647,tno-rate
Sedna,25,58.692432169932715,8.286091669922943,tno-rate
Sedna,26,58.692439753984786,8.286094242102239,tno-rate
Sedna,27,58.69244733803686,8.286096814281535,tno-rate
Sedna,28,58.69245492208893,8.286099386460831,tno-rate
Sedna,29,58.692462506141,8.28610195864013,tno-rate
Sedna,30,58.692470090193076,8.286104530819426,tno-rate
Transpluto,-30,154.31544511619663,10.6403108713601,engine
Transpluto,-20,154.31541214868085,10.6403233726335,engine
Transpluto,-15,154.31539566708753,10.640329622443794,engine
Transpluto,-10,154.31537918693604,10.640335871703584,engine
Transpluto,-5,154.31536270822457,10.640342120413308,engine
Transpluto,-2,154.3153528216914,10.640345869374212,engine
Transpluto,-1,154.31534952629573,10.640347118983742,engine
Transpluto,0,154.31534623095772,10.64034836857126,engine
Transpluto,1,154.31534293567748,10.640349618136703,engine
Transpluto,2,154.31533964045488,10.640350867680135,engine
Transpluto,3,154.31533634529004,10.64035211720148,engine
Transpluto,4,154.31533305018283,10.640353366700847,engine
Transpluto,5,154.31532975513338,10.640354616178112,engine
Transpluto,6,154.31532646013943,10.640355865634172,engine
Transpluto,7,154.31532316520534,10.640357115067355,engine
Transpluto,8,154.31531987032898,10.640358364478482,engine
Transpluto,9,154.3153165755103,10.640359613867576,engine
Transpluto,10,154.31531328074936,10.64036086323457,engine
Transpluto,11,154.31530998604615,10.640362112579547,engine
Transpluto,12,154.31530669140056,10.640363361902498,engine
Transpluto,13,154.3153033968127,10.640364611203358,engine
Transpluto,14,154.31530010228266,10.64036586048211,engine
Transpluto,15,154.31529680781028,10.640367109738865,engine
Transpluto,16,154.31529351339552,10.640368358973562,engine
Transpluto,17,154.3152902190363,10.640369608187026,engine
Transpluto,18,154.31528692473705,10.640370857377599,engine
Transpluto,19,154.3152836304955,10.640372106546105,engine
Transpluto,20,154.31528033631162,10.640373355692546,engine
Transpluto,21,154.3152770421855,10.640374604816936,engine
Transpluto,22,154.3152737481171,10.64037585391925,engine
Transpluto,23,154.31527045410635,10.640377102999494,engine
Transpluto,24,154.31526716015344,10.640378352057656,engine
Transpluto,25,154.3152638662581,10.640379601093802,engine
Transpluto,26,154.31526057242056,10.640380850107839,engine
Transpluto,27,154.31525727864073,10.640382099099812,engine
Transpluto,28,154.3152539849186,10.640383348069722,engine
Transpluto,29,154.31525069125203,10.640384597018384,engine
Transpluto,30,154.31524739764538,10.640385845944133,engine
Part_of_Fortune,-30,7.6445075989590805,-22.817603200403685,engine
Part_of_Fortune,-20,9.404704268330761,-23.53160041343311,engine
Part_of_Fortune,-15,10.283515771290695,-23.890861203242128,engine
Part_of_Fortune,-10,11.16152289327988,-24.25153208709987,engine
Part_of_Fortune,-5,12.038764888341802,-24.613538679498863,engine
Part_of_Fortune,-2,12.56475910608998,-24.831352577273396,engine
Part_of_Fortune,-1,12.740033736692908,-24.90405521519079,engine
Part_of_Fortune,0,12.915280725587309,-24.976805902936928,engine
Part_of_Fortune,1,13.090500025311428,-25.04960394642226,engine
Part_of_Fortune,2,13.265692294109328,-25.12244882357548,engine
Part_of_Fortune,3,13.440857482501656,-25.195339838157704,engine
Part_of_Fortune,4,13.615996246734198,-25.268276465861202,engine
Part_of_Fortune,5,13.791108536907132,-25.341258008990398,engine
Part_of_Fortune,6,13.966195125023887,-25.41428399014496,engine
Part_of_Fortune,7,14.141255901663499,-25.487353655039826,engine
Part_of_Fortune,8,14.316291107823702,-25.56046639491221,engine
Part_of_Fortune,9,14.491301397410211,-25.633621681064383,engine
Part_of_Fortune,10,14.66628671617616,-25.706818810865084,engine
Part_of_Fortune,11,14.841247716544899,-25.78005725366698,engine
Part_of_Fortune,12,15.016184344030648,-25.85333630554082,engine
Part_of_Fortune,13,15.191097248964752,-25.92665543365496,engine
Part_of_Fortune,14,15.365986552623667,-26.000013975614856,engine
Part_of_Fortune,15,15.540852374582016,-26.073411267750764,engine
Part_of_Fortune,16,15.715695364708608,-26.14684677514242,engine
Part_of_Fortune,17,15.890515582517764,-26.220319838902206,engine
Part_of_Fortune,18,16.06531344145236,-26.29382982350873,engine
Part_of_Fortune,19,16.240089177221137,-26.367376111756297,engine
Part_of_Fortune,20,16.414842907802722,-26.440958036447864,engine
Part_of_Fortune,21,16.589575279348367,-26.514575058078016,engine
Part_of_Fortune,22,16.76428640921165,-26.588226508056962,engine
Part_of_Fortune,23,16.93897641317494,-26.661911716634016,engine
Part_of_Fortune,24,17.113645937212823,-26.73563014250988,engine
Part_of_Fortune,25,17.288295096222043,-26.809381114471716,engine
Part_of_Fortune,26,17.462924005945013,-26.883163961202545,engine
Part_of_Fortune,27,17.637533309901983,-26.956978138701732,engine
Part_of_Fortune,28,17.81212312307389,-27.030822974282376,engine
Part_of_Fortune,29,17.98669367589258,-27.10469784368835,engine
Part_of_Fortune,30,18.161245377854925,-27.17860210230036,engine
Part_of_Spirit,-30,319.36488860338176,36.85200342487342,engine
Part_of_Spirit,-20,320.8846360687552,36.215637395844155,engine
Part_of_Spirit,-15,321.64342065482356,35.8954127937119,engine
Part_of_Spirit,-10,322.4015473105426,35.57392441905048,engine
Part_of_Spirit,-5,323.1590671687208,35.25124577533419,engine
Part_of_Spirit,-2,323.61330829665644,35.057098239214575,engine
Part_of_Spirit,-1,323.7646794088,34.99229587872247,engine
Part_of_Spirit,0,323.9160296445924,34.927451317357466,engine
Part_of_Spirit,1,324.0673597511353,34.86256506909033,engine
Part_of_Spirit,2,324.2186697682863,34.797637821751785,engine
Part_of_Spirit,3,324.3699604409003,34.73267009133778,engine
Part_of_Spirit,4,324.52123180661874,34.66766256757591,engine
Part_of_Spirit,5,324.67248460958507,34.602615767814655,engine
Part_of_Spirit,6,324.82371898698455,34.537530339837474,engine
Part_of_Spirit,7,324.9749353019817,34.4724069331227,engine
Part_of_Spirit,8,325.12613421999475,34.40724606759261,engine
Part_of_Spirit,9,325.2773157757549,34.34204843648307,engine
Part_of_Spirit,10,325.4284807083819,34.27681456179067,engine
Part_of_Spirit,11,325.5796290508273,34.21154513836833,engine
Part_of_Spirit,12,325.7307615416594,34.146240689406625,engine
Part_of_Spirit,13,325.88187821154577,34.0809019115628,engine
Part_of_Spirit,14,326.0329796213874,34.01552937247476,engine
Part_of_Spirit,15,326.18406633014547,33.95012364108535,engine
Part_of_Spirit,16,326.33513836771317,33.88468541558136,engine
Part_of_Spirit,17,326.48619656986534,33.81921517926177,engine
Part_of_Spirit,18,326.6372407617316,33.75371371981058,engine
Part_of_Spirit,19,326.7882716018546,33.68818156466922,engine
Part_of_Spirit,20,326.939289646867,33.62261928586466,engine
Part_of_Spirit,21,327.09029492233583,33.55702758529434,engine
Part_of_Spirit,22,327.24128798399215,33.49140703611553,engine
Part_of_Spirit,23,327.39226938568714,33.42575821271247,engine
Part_of_Spirit,24,327.54323915249256,33.36008181821363,engine
Part_of_Spirit,25,327.69419783715387,33.29437842817181,engine
Part_of_Spirit,26,327.845145993029,33.228648618276495,engine
Part_of_Spirit,27,327.99608364234064,33.1628930938211,engine
Part_of_Spirit,28,328.1470113373547,33.097112431600756,engine
Part_of_Spirit,29,328.29792972983137,33.03130716539328,engine
Part_of_Spirit,30,328.44883863922723,32.96547808976648,engine
Ascendant,-30,163.50469810117042,7.01720011223487,engine
Ascendant,-20,165.14467016854297,6.34201849120552,engine
Ascendant,-15,165.96346821305715,6.002275795234887,engine
Ascendant,-10,166.7815351019112,5.661196165975302,engine
Ascendant,-5,167.5989160285313,5.318853547917665,engine
Ascendant,-2,168.0890337013732,5.112872830970589,engine
Ascendant,-1,168.2523565727465,5.044120331765842,engine
Ascendant,0,168.41565518508986,4.975322707210271,engine
Ascendant,1,168.57892988822337,4.906480561334037,engine
Ascendant,2,168.74218103119782,4.837594499088154,engine
Ascendant,3,168.90540896170094,4.76866512659004,engine
Ascendant,4,169.06861402667647,4.699693050857355,engine
Ascendant,5,169.2317965732461,4.630678879412128,engine
Ascendant,6,169.39495705600422,4.561623174846256,engine
Ascendant,7,169.5580956018226,4.492526639041437,engine
Ascendant,8,169.72121266390923,4.423389836340201,engine
Ascendant,9,169.8843085865826,4.354213377709344,engine
Ascendant,10,170.04738371227904,4.284997875462796,engine
Ascendant,11,170.21043838368607,4.215743942350675,engine
Ascendant,12,170.37347294284504,4.1464521919329,engine
Ascendant,13,170.5364877302553,4.077123238953917,engine
Ascendant,14,170.69948308700555,4.007757698429951,engine
Ascendant,15,170.86245935236374,3.938356186667293,engine
Ascendant,16,171.0254168662109,3.8689193202194705,engine
Ascendant,17,171.18835607619155,3.7994476701797826,engine
Ascendant,18,171.351277101592,3.729941948150922,engine
Ascendant,19,171.51418038953787,3.6604027264564634,engine
Ascendant,20,171.67706627733486,3.5908306247083983,engine
Ascendant,21,171.8399351008421,3.521226263608162,engine
Ascendant,22,172.00278719660187,3.4515902640292846,engine
Ascendant,23,172.16562289943104,3.3819232480392296,engine
Ascendant,24,172.32844254485272,3.312225837851874,engine
Ascendant,25,172.49124646668795,3.242498656850049,engine
Ascendant,26,172.654034999487,3.1727423285369754,engine
Ascendant,27,172.8168084761213,3.102957477559682,engine
Ascendant,28,172.9795672302143,3.0331447286591913,engine
Ascendant,29,173.14231170286197,2.9633046608524642,engine
Ascendant,30,173.30504200854108,2.8934379937330577,engine
Midheaven,-30,64.74277409334871,21.40762642459602,engine
Midheaven,-20,67.2478817792925,21.789518823888677,engine
Midheaven,-15,68.50048785591974,21.965638186390077,engine
Midheaven,-10,69.75313063605778,22.131850318769697,engine
Midheaven,-5,71.00581194877198,22.288140858880016,engine
Midheaven,-2,71.75743964341603,22.37714748782824,engine
Midheaven,-1,72.00798544258934,22.406021194584852,engine
Midheaven,0,72.25853287609664,22.434497172548575,engine
Midheaven,1,72.50908195490183,22.46257533899102,engine
Midheaven,2,72.75963268984324,22.490255613491282,engine
Midheaven,3,73.010185090702,22.517537917780285,engine
Midheaven,4,73.26073916713206,22.54442217579347,engine
Midheaven,5,73.51129493005587,22.57090831376376,engine
Midheaven,6,73.76185255642426,22.59699627718197,engine
Midheaven,7,74.01241172086432,22.62268596142959,engine
Midheaven,8,74.26297260006635,22.647977316304292,engine
Midheaven,9,74.51353520443321,22.67287027610844,engine
Midheaven,10,74.7640995423746,22.697364776851185,engine
Midheaven,11,75.014665623564,22.72146075652569,engine
Midheaven,12,75.2652334575418,22.745158154918894,engine
Midheaven,13,75.51580305231829,22.76845691343609,engine
Midheaven,14,75.76637441763097,22.791356975360706,engine
Midheaven,15,76.01694756122053,22.81385828546262,engine
Midheaven,16,76.26752249255348,22.83596079029403,engine
Midheaven,17,76.51809938759565,22.857664452270928,engine
Midheaven,18,76.76867791808068,22.878969191810718,engine
Midheaven,19,77.0192582606291,22.89987497469046,engine
Midheaven,20,77.26984042369229,22.920381753439216,engine
Midheaven,21,77.52042441418608,22.940489481874046,engine
Midheaven,22,77.7710102407486,22.960198115324932,engine
Midheaven,23,78.02159791001587,22.979507610296768,engine
Midheaven,24,78.2721874303451,22.998417924723935,engine
Midheaven,25,78.52277880809007,23.016929017645865,engine
Midheaven,26,78.77337205132459,23.035040849451228,engine
Midheaven,27,79.02396716611806,23.052753381566916,engine
Midheaven,28,79.27456416025875,23.070066576692188,engine
Midheaven,29,79.52516320757644,23.086980409709028,engine
Midheaven,30,79.77576397947912,23.103494822805725,engine
Vertex,-30,322.7706874811987,-14.695970108111451,engine
Vertex,-20,326.29726880692914,-13.52511287256313,engine
Vertex,-15,328.081433634042,-12.909095881419763,engine
Vertex,-10,329.8789551378003,-12.273090127831653,engine
Vertex,-5,331.68935450601754,-11.617514313626108,engine
Vertex,-2,332.7815577891,-11.214986385298484,engine
Vertex,-1,333.1465928098013,-11.079307759894853,engine
Vertex,0,333.5121037206609,-10.94288621312122,engine
Vertex,1,333.8780857646116,-10.805727037974705,engine
Vertex,2,334.2445341085988,-10.66783569620033,engine
Vertex,3,334.61144384248655,-10.529217819493795,engine
Vertex,4,334.97880998071196,-10.389879209606425,engine
Vertex,5,335.34662746466125,-10.249825838094564,engine
Vertex,6,335.7148914053402,-10.1090637539597,engine
Vertex,7,336.08359610112046,-9.96759945998196,engine
Vertex,8,336.4527365143778,-9.825439348740849,engine
Vertex,9,336.8223072899017,-9.682590077812794,engine
Vertex,10,337.19230299667265,-9.53905847784364,engine
Vertex,11,337.5627181331566,-9.394851550720446,engine
Vertex,12,337.9335471257663,-9.24997647029763,engine
Vertex,13,338.30478432733884,-9.104440583053586,engine
Vertex,14,338.67642402253375,-8.958251405954016,engine
Vertex,15,339.04846042291877,-8.81141662827004,engine
Vertex,16,339.4208876731239,-8.663944108964378,engine
Vertex,17,339.79370009679343,-8.515841778535668,engine
Vertex,18,340.16689119908403,-8.367118035247954,engine
Vertex,19,340.5404551687747,-8.217781147943949,engine
Vertex,20,340.9143858778821,-8.067839652594191,engine
Vertex,21,341.2886771302166,-7.917302253093737,engine
Vertex,22,341.6633226670458,-7.766177818266679,engine
Vertex,23,342.0383161623597,-7.614475382957108,engine
Vertex,24,342.413651229294,-7.462204144532639,engine
Vertex,25,342.78932141543964,-7.309373463783762,engine
Vertex,26,343.16532020933073,-7.155992861201045,engine
Vertex,27,343.54164103579836,-7.00207201768088,engine
Vertex,28,343.91827726252285,-6.847620770574922,engine
Vertex,29,344.29522244830474,-6.692649010107898,engine
Vertex,30,344.6724693383858,-6.537167091233472,engine
Algol,-30,47.03562360244949,40.9551846877978,engine
Algol,-20,47.035622244064314,40.95518588807624,engine
Algol,-15,47.035621515234354,40.95518647928619,engine
Algol,-10,47.035620753673484,40.95518706406702,engine
Algol,-5,47.03561995967179,40.95518764206531,engine
Algol,-2,47.03561946782585,40.95518798546275,engine
Algol,-1,47.03561930131814,40.955188099344944,engine
Algol,0,47.035619133535235,40.9551882129307,engine
Algol,1,47.03561896447972,40.955188326217254,engine
Algol,2,47.03561879415423,40.955188439201855,engine
Algol,3,47.03561862256145,40.955188551881754,engine
Algol,4,47.03561844970407,40.955188664254194,engine
Algol,5,47.03561827558479,40.95518877631644,engine
Algol,6,47.03561810020624,40.95518888806586,engine
Algol,7,47.035617923571444,40.955188999499526,engine
Algol,8,47.03561774568305,40.95518911061482,engine
Algol,9,47.03561756654384,40.95518922140904,engine
Algol,10,47.03561738615671,40.95518933187943,engine
Algol,11,47.035617204524456,40.95518944202333,engine
Algol,12,47.03561702165001,40.95518955183803,engine
Algol,13,47.03561683753627,40.95518966132082,engine
Algol,14,47.03561665218615,40.95518977046903,engine
Algol,15,47.03561646560261,40.955189879280006,engine
Algol,16,47.035616277788634,40.95518998775105,engine
Algol,17,47.0356160887471,40.95519009587956,engine
Algol,18,47.035615898481275,40.955190203662745,engine
Algol,19,47.03561570699407,40.955190311098015,engine
Algol,20,47.035615514288594,40.955190418182745,engine
Algol,21,47.03561532036791,40.95519052491428,engine
Algol,22,47.035615125235154,40.95519063129,engine
Algol,23,47.03561492889348,40.95519073730726,engine
Algol,24,47.035614731346016,40.95519084296348,engine
Algol,25,47.035614532595964,40.95519094825599,engine
Algol,26,47.03561433264656,40.95519105318223,engine
Algol,27,47.035614131501006,40.955191157739606,engine
Algol,28,47.03561392916258,40.9551912619255,engine
Algol,29,47.03561372563441,40.955191365737406,engine
Algol,30,47.03561352092008,40.95519146917262,engine
Pleiades,-30,56.866197273412105,24.104037198738336,engine
Pleiades,-20,56.866196480904414,24.104038064307815,engine
Pleiades,-15,56.86619604165261,24.10403849419319,engine
Pleiades,-10,56.86619557389375,24.104038921833975,engine
Pleiades,-5,56.866195077763535,24.10403934699774,engine
Pleiades,-2,56.86619476652883,24.104039600810697,engine
Pleiades,-1,56.86619466053206,24.104039685189733,engine
Pleiades,0,56.86619455341151,24.104039769453077,engine
Pleiades,1,56.866194445168595,24.104039853598866,engine
Pleiades,2,56.86619433580461,24.104039937625295,engine
Pleiades,3,56.866194225321,24.104040021530516,engine
Pleiades,4,56.86619411371915,24.104040105312695,engine
Pleiades,5,56.8661940010005,24.104040188970036,engine
Pleiades,6,56.86619388716642,24.10404027250074,engine
Pleiades,7,56.86619377221854,24.10404035590287,engine
Pleiades,8,56.866193656158295,24.104040439174685,engine
Pleiades,9,56.86619353898717,24.104040522314374,engine
Pleiades,10,56.86619342070673,24.104040605320087,engine
Pleiades,11,56.866193301318525,24.104040688190047,engine
Pleiades,12,56.86619318082413,24.104040770922428,engine
Pleiades,13,56.866193059225175,24.104040853515425,engine
Pleiades,14,56.86619293652327,24.104040935967223,engine
Pleiades,15,56.86619281272002,24.10404101827605,engine
Pleiades,16,56.86619268781716,24.104041100440096,engine
Pleiades,17,56.86619256181624,24.104041182457614,engine
Pleiades,18,56.86619243471917,24.1040412643267,engine
Pleiades,19,56.866192306527566,24.104041346045616,engine
Pleiades,20,56.86619217724318,24.104041427612596,engine
Pleiades,21,56.86619204686782,24.104041509025834,engine
Pleiades,22,56.866191915403235,24.104041590283558,engine
Pleiades,23,56.86619178285125,24.104041671383985,engine
Pleiades,24,56.866191649213725,24.10404175232536,engine
Pleiades,25,56.86619151449247,24.10404183310587,engine
Pleiades,26,56.86619137868938,24.10404191372379,engine
Pleiades,27,56.866191241806355,24.104041994177333,engine
Pleiades,28,56.866191103845324,24.104042074464733,engine
Pleiades,29,56.866190964808105,24.104042154584292,engine
Pleiades,30,56.866190824696844,24.104042234534155,engine
Capella,-30,79.1681302410227,45.99685264227775,engine
Capella,-20,79.168130280608,45.996854146208676,engine
Capella,-15,79.16813024433657,45.99685490421838,engine
Capella,-10,79.16813017046537,45.996855665710754,engine
Capella,-5,79.16813005884906,45.99685643027359,engine
Capella,-2,79.16812997370796,45.996856890312905,engine
Capella,-1,79.16812994229345,45.9968570438564,engine
Capella,0,79.16812990936043,45.99685719749288,engine
Capella,1,79.1681298749081,45.99685735121902,engine
Capella,2,79.16812983893568,45.99685750503148,engine
Capella,3,79.16812980144238,45.99685765892696,engine
Capella,4,79.1681297624275,45.99685781290212,engine
Capella,5,79.16812972189034,45.99685796695364,engine
Capella,6,79.16812967983019,45.996858121078276,engine
Capella,7,79.16812963624648,45.996858275272494,engine
Capella,8,79.16812959113855,45.99685842953305,engine
Capella,9,79.16812954450586,45.99685858385662,engine
Capella,10,79.1681294963478,45.99685873823987,engine
Capella,11,79.16812944666388,45.99685889267945,engine
Capella,12,79.16812939545362,45.99685904717204,engine
Capella,13,79.16812934271654,45.996859201714265,engine
Capella,14,79.16812928845219,45.996859356302814,engine
Capella,15,79.16812923266019,45.99685951093433,engine
Capella,16,79.16812917534013,45.99685966560548,engine
Capella,17,79.16812911649166,45.99685982031301,engine
Capella,18,79.16812905611451,45.996859975053376,engine
Capella,19,79.16812899420837,45.99686012982334,engine
Capella,20,79.16812893077297,45.99686028461954,engine
Capella,21,79.16812886580807,45.99686043943864,engine
Capella,22,79.1681287993135,45.996860594277315,engine
Capella,23,79.16812873128906,45.996860749132175,engine
Capella,24,79.16812866173461,45.99686090399989,engine
Capella,25,79.16812859065006,45.99686105887713,engine
Capella,26,79.1681285180353,45.99686121376051,engine
Capella,27,79.16812844389028,45.99686136864671,engine
Capella,28,79.168128368215,45.996861523532395,engine
Capella,29,79.16812829100937,45.99686167841428,engine
Capella,30,79.16812821227354,45.99686183328884,engine
Sirius,-30,101.28185577630093,-16.727025803647376,engine
Sirius,-20,101.28185657649716,-16.72702620327486,engine
Sirius,-15,101.28185694224783,-16.727026409633382,engine
Sirius,-10,101.2818572846513,-16.72702662017002,engine
Sirius,-5,101.28185760338482,-16.727026834743423,engine
Sirius,-2,101.28185778313328,-16.72702696536555,engine
Sirius,-1,101.28185784111953,-16.727027009212346,engine
Sirius,0,101.28185789813685,-16.727027053210247,engine
Sirius,1,101.28185795418288,-16.72702709735808,engine
Sirius,2,101.28185800925526,-16.72702714165468,engine
Sirius,3,101.28185806335169,-16.72702718609888,engine
Sirius,4,101.28185811646985,-16.7270272306895,engine
Sirius,5,101.28185816860744,-16.72702727542535,engine
Sirius,6,101.28185821976224,-16.727027320305293,engine
Sirius,7,101.28185826993193,-16.727027365328087,engine
Sirius,8,101.2818583191143,-16.72702741049256,engine
Sirius,9,101.28185836730715,-16.727027455797536,engine
Sirius,10,101.28185841450828,-16.727027501241817,engine
Sirius,11,101.28185846071551,-16.72702754682421,engine
Sirius,12,101.28185850592669,-16.727027592543514,engine
Sirius,13,101.28185855013969,-16.727027638398532,engine
Sirius,14,101.2818585933524,-16.727027684388055,engine
Sirius,15,101.28185863556267,-16.727027730510883,engine
Sirius,16,101.2818586767685,-16.727027776765812,engine
Sirius,17,101.28185871696779,-16.727027823151655,engine
Sirius,18,101.28185875615847,-16.727027869667147,engine
Sirius,19,101.28185879433855,-16.72702791631109,engine
Sirius,20,101.28185883150603,-16.727027963082264,engine
Sirius,21,101.28185886765891,-16.72702800997947,engine
Sirius,22,101.28185890279524,-16.727028057001473,engine
Sirius,23,101.28185893691307,-16.72702810414703,engine
Sirius,24,101.28185897001048,-16.727028151414956,engine
Sirius,25,101.28185900208555,-16.727028198803982,engine
Sirius,26,101.28185903313643,-16.72702824631289,engine
Sirius,27,101.28185906316124,-16.72702829394044,engine
Sirius,28,101.28185909215809,-16.727028341685397,engine
Sirius,29,101.28185912012523,-16.72702838954656,engine
Sirius,30,101.28185914706079,-16.727028437522623,engine
Procyon,-30,114.82059615821835,5.21706276138642,engine
Procyon,-20,114.820597329654,5.217063029913372,engine
Procyon,-15,114.82059788854973,5.217063166797348,engine
Procyon,-10,114.82059842899261,5.217063305379798,engine
Procyon,-5,114.82059895056513,5.217063445623314,engine
Procyon,-2,114.82059925428045,5.217063530550855,engine
Procyon,-1,114.8205993539615,5.217063558988417,engine
Procyon,0,114.82059945285856,5.21706358748965,engine
Procyon,1,114.82059955096844,5.21706361605424,engine
Procyon,2,114.82059964828802,5.217063644681871,engine
Procyon,3,114.82059974481413,5.217063673372222,engine
Procyon,4,114.82059984054372,5.217063702124984,engine
Procyon,5,114.82059993547358,5.217063730939832,engine
Procyon,6,114.82060002960077,5.217063759816465,engine
Procyon,7,114.82060012292204,5.21706378875452,engine
Procyon,8,114.82060021543445,5.217063817753703,engine
Procyon,9,114.82060030713491,5.217063846813681,engine
Procyon,10,114.8206003980204,5.217063875934137,engine
Procyon,11,114.82060048808789,5.217063905114737,engine
Procyon,12,114.82060057733443,5.217063934355154,engine
Procyon,13,114.820600665757,5.217063963655066,engine
Procyon,14,114.82060075335268,5.217063993014138,engine
Procyon,15,114.82060084011847,5.21706402243204,engine
Procyon,16,114.82060092605145,5.217064051908445,engine
Procyon,17,114.82060101114882,5.217064081443035,engine
Procyon,18,114.82060109540747,5.2170641110354365,engine
Procyon,19,114.82060117882465,5.2170641406853315,engine
Procyon,20,114.82060126139744,5.217064170392391,engine
Procyon,21,114.82060134312302,5.2170642001562735,engine
Procyon,22,114.82060142399851,5.21706422997664,engine
Procyon,23,114.82060150402114,5.217064259853152,engine
Procyon,24,114.82060158318808,5.217064289785467,engine
Procyon,25,114.82060166149657,5.217064319773248,engine
Procyon,26,114.82060173894381,5.217064349816146,engine
Procyon,27,114.82060181552704,5.217064379913824,engine
Procyon,28,114.82060189124356,5.217064410065933,engine
Procyon,29,114.82060196609065,5.217064440272146,engine
Procyon,30,114.82060204006555,5.217064470532076,engine
Alkaid,-30,206.89207107308098,49.31202623748333,engine
Alkaid,-20,206.8920734385455,49.31202539110258,engine
Alkaid,-15,206.89207466810615,49.31202498729568,engine
Alkaid,-10,206.89207592810993,49.3120245968563,engine
Alkaid,-5,206.89207721795685,49.31202422011042,engine
Alkaid,-2,206.89207800593442,49.31202400076897,engine
Alkaid,-1,206.89207827090866,49.31202392878797,engine
Alkaid,0,206.89207853703198,49.312023857377575,engine
Alkaid,1,206.89207880429936,49.312023786540195,engine
Alkaid,2,206.89207907270568,49.31202371627835,engine
Alkaid,3,206.8920793422458,49.31202364659446,engine
Alkaid,4,206.89207961291467,49.312023577491026,engine
Alkaid,5,206.89207988470702,49.31202350897044,engine
Alkaid,6,206.89208015761795,49.3120234410351,engine
Alkaid,7,206.8920804316418,49.31202337368751,engine
Alkaid,8,206.8920807067736,49.312023306930016,engine
Alkaid,9,206.89208098300807,49.31202324076502,engine
Alkaid,10,206.89208126033998,49.312023175194895,engine
Alkaid,11,206.892081538764,49.31202311022202,engine
Alkaid,12,206.89208181827482,49.312023045848754,engine
Alkaid,13,206.89208209886712,49.31202298207741,engine
Alkaid,14,206.8920823805356,49.312022918910365,engine
Alkaid,15,206.89208266327483,49.312022856349905,engine
Alkaid,16,206.89208294707944,49.31202279439839,engine
Alkaid,17,206.89208323194418,49.312022733058015,engine
Alkaid,18,206.8920835178633,49.31202267233119,engine
Alkaid,19,206.8920838048315,49.312022612220154,engine
Alkaid,20,206.8920840928433,49.31202255272714,engine
Alkaid,21,206.89208438189323,49.31202249385443,engine
Alkaid,22,206.89208467197574,49.31202243560424,engine
Alkaid,23,206.89208496308538,49.31202237797883,engine
Alkaid,24,206.8920852552165,49.31202232098038,engine
Alkaid,25,206.89208554836355,49.31202226461113,engine
Alkaid,26,206.89208584252103,49.312022208873245,engine
Alkaid,27,206.8920861376832,49.312022153768915,engine
Alkaid,28,206.89208643384453,49.312022099300314,engine
Alkaid,29,206.89208673099955,49.312022045469554,engine
Alkaid,30,206.89208702914217,49.31202199227886,engine
Algorab,-30,187.46980687393074,-16.518755896779993,engine
Algorab,-20,187.46980881546742,-16.518755591691857,engine
Algorab,-15,187.46980980737933,-16.51875544897157,engine
Algorab,-10,187.46981081268558,-16.518755312910862,engine
Algorab,-5,187.4698118308522,-16.518755183588496,engine
Algorab,-2,187.46981244770043,-16.51875510926109,engine
Algorab,-1,187.46981265428178,-16.518755085033153,engine
Algorab,0,187.4698128613385,-16.51875506108011,engine
Algorab,1,187.4698130688662,-16.518755037402535,engine
Algorab,2,187.46981327686044,-16.51875501400098,engine
Algorab,3,187.46981348531685,-16.518754990876,engine
Algorab,4,187.469813694231,-16.518754968028162,engine
Algorab,5,187.46981390359846,-16.518754945458006,engine
Algorab,6,187.46981411341497,-16.518754923166057,engine
Algorab,7,187.46981432367576,-16.518754901152878,engine
Algorab,8,187.46981453437652,-16.518754879418985,engine
Algorab,9,187.46981474551288,-16.51875485796491,engine
Algorab,10,187.4698149570803,-16.51875483679118,engine
Algorab,11,187.46981516907428,-16.518754815898287,engine
Algorab,12,187.4698153814904,-16.518754795286757,engine
Algorab,13,187.46981559432416,-16.51875477495709,engine
Algorab,14,187.469815807571,-16.51875475490979,engine
Algorab,15,187.46981602122648,-16.518754735145343,engine
Algorab,16,187.46981623528603,-16.518754715664237,engine
Algorab,17,187.46981644974534,-16.51875469646694,engine
Algorab,18,187.46981666459956,-16.518754677553975,engine
Algorab,19,187.46981687984425,-16.51875465892576,engine
Algorab,20,187.46981709547495,-16.5187546405828,engine
Algorab,21,187.46981731148702,-16.518754622525538,engine
Algorab,22,187.46981752787596,-16.518754604754427,engine
Algorab,23,187.46981774463717,-16.518754587269918,engine
Algorab,24,187.4698179617661,-16.518754570072463,engine
Algorab,25,187.46981817925817,-16.51875455316249,engine
Algorab,26,187.46981839710875,-16.51875453654045,engine
Algorab,27,187.4698186153133,-16.51875452020675,engine
Algorab,28,187.46981883386718,-16.518754504161823,engine
Algorab,29,187.46981905276593,-16.518754488406067,engine
Algorab,30,187.46981927200466,-16.518754472939925,engine
Spica,-30,201.30329523672268,-11.163606394474705,engine
Spica,-20,201.30329692380533,-11.163606062029631,engine
Spica,-15,201.30329779577255,-11.163605901388273,engine
Spica,-10,201.30329868611898,-11.163605744572017,engine
Spica,-5,201.30329959440508,-11.163605591656811,engine
Spica,-2,201.30330014780148,-11.163605501811107,engine
Spica,-1,201.30330033364936,-11.163605472183283,engine
Spica,0,201.30330052018232,-11.163605442716783,engine
Spica,1,201.3033007073967,-11.16360541341219,engine
Spica,2,201.30330089528877,-11.163605384270056,engine
Spica,3,201.30330108385488,-11.163605355290963,engine
Spica,4,201.30330127309122,-11.163605326475464,engine
Spica,5,201.30330146299417,-11.163605297824118,engine
Spica,6,201.30330165356006,-11.16360526933747,engine
Spica,7,201.30330184478493,-11.163605241016096,engine
Spica,8,201.30330203666503,-11.163605212860539,engine
Spica,9,201.30330222919665,-11.163605184871336,engine
Spica,10,201.30330242237602,-11.16360515704904,engine
Spica,11,201.30330261619926,-11.163605129394186,engine
Spica,12,201.30330281066261,-11.163605101907308,engine
Spica,13,201.3033030057622,-11.163605074588945,engine
Spica,14,201.30330320149423,-11.163605047439622,engine
Spica,15,201.3033033978548,-11.16360502045987,engine
Spica,16,201.30330359484003,-11.16360499365021,engine
Spica,17,201.30330379244626,-11.163604967011143,engine
Spica,18,201.30330399066926,-11.163604940543223,engine
Spica,19,201.30330418950524,-11.163604914246953,engine
Spica,20,201.30330438895035,-11.163604888122833,engine
Spica,21,201.30330458900062,-11.163604862171379,engine
Spica,22,201.30330478965212,-11.16360483639309,engine
Spica,23,201.3033049909009,-11.163604810788467,engine
Spica,24,201.30330519274304,-11.163604785358007,engine
Spica,25,201.3033053951745,-11.163604760102205,engine
Spica,26,201.30330559819132,-11.163604735021554,engine
Spica,27,201.3033058017895,-11.163604710116537,engine
Spica,28,201.30330600596506,-11.163604685387643,engine
Spica,29,201.30330621071408,-11.16360466083533,engine
Spica,30,201.30330641603229,-11.163604636460114,engine
Arcturus,-30,213.91368559818906,19.167998846819394,engine
Arcturus,-20,213.9136870525958,19.16799849640068,engine
Arcturus,-15,213.9136878151932,19.16799832824986,engine
Arcturus,-10,213.91368860093127,19.167998165015952,engine
Arcturus,-5,213.91368940945455,19.167998006854454,engine
Arcturus,-2,213.91368990535338,19.167997914456134,engine
Arcturus,-1,213.91369007243256,19.167997884080393,engine
Arcturus,0,213.91369024039648,19.167997853918504,engine
Arcturus,1,213.91369040924212,19.167997823971678,engine
Arcturus,2,213.9136905789664,19.16799779424109,engine
Arcturus,3,213.91369074956623,19.16799776472794,engine
Arcturus,4,213.91369092103847,19.167997735433413,engine
Arcturus,5,213.91369109338007,19.167997706358676,engine
Arcturus,6,213.91369126658796,19.1679976775049,engine
Arcturus,7,213.91369144065877,19.167997648873285,engine
Arcturus,8,213.91369161558944,19.167997620464984,engine
Arcturus,9,213.9136917913768,19.167997592281157,engine
Arcturus,10,213.91369196801767,19.167997564322967,engine
Arcturus,11,213.9136921455088,19.16799753659157,engine
Arcturus,12,213.91369232384696,19.167997509088107,engine
Arcturus,13,213.9136925030289,19.167997481813735,engine
Arcturus,14,213.91369268305135,19.167997454769587,engine
Arcturus,15,213.91369286391105,19.16799742795681,engine
Arcturus,16,213.91369304560467,19.167997401376528,engine
Arcturus,17,213.91369322812903,19.167997375029845,engine
Arcturus,18,213.9136934114806,19.167997348917936,engine
Arcturus,19,213.9136935956561,19.167997323041895,engine
Arcturus,20,213.91369378065215,19.167997297402835,engine
Arcturus,21,213.91369396646544,19.167997272001866,engine
Arcturus,22,213.91369415309256,19.1679972468401,engine
Arcturus,23,213.91369434053007,19.16799722191863,engine
Arcturus,24,213.91369452877456,19.167997197238563,engine
Arcturus,25,213.9136947178226,19.167997172800973,engine
Arcturus,26,213.9136949076707,19.167997148606965,engine
Arcturus,27,213.91369509831543,19.16799712465762,engine
Arcturus,28,213.9136952897533,19.167997100954,engine
Arcturus,29,213.9136954819809,19.167997077497173,engine
Arcturus,30,213.91369567499453,19.167997054288247,engine
Alphecca,-30,233.6781435232079,26.71137169125621,engine
Alphecca,-20,233.67814444670714,26.71137100084362,engine
Alphecca,-15,233.678144951892,26.711370659671797,engine
Alphecca,-10,233.67814548582479,26.71137032152734,engine
Alphecca,-5,233.67814604833157,26.711369986661744,engine
Alphecca,-2,233.67814639947358,26.711369787420335,engine
Alphecca,-1,233.6781465187845,26.711369721298134,engine
Alphecca,0,233.6781466392246,26.711369655325043,engine
Alphecca,1,233.678146760792,26.71136958950307,engine
Alphecca,2,233.67814688348528,26.711369523834144,engine
Alphecca,3,233.6781470073026,26.711369458320274,engine
Alphecca,4,233.67814713224232,26.71136939296341,engine
Alphecca,5,233.6781472583026,26.71136932776553,engine
Alphecca,6,233.6781473854818,26.71136926272857,engine
Alphecca,7,233.678147513778,26.71136919785458,engine
Alphecca,8,233.67814764318953,26.711369133145432,engine
Alphecca,9,233.67814777371444,26.71136906860313,engine
Alphecca,10,233.67814790535098,26.711369004229617,engine
Alphecca,11,233.67814803809728,26.711368940026837,engine
Alphecca,12,233.67814817195134,26.711368875996747,engine
Alphecca,13,233.67814830691134,26.711368812141263,engine
Alphecca,14,233.67814844297536,26.71136874846237,engine
Alphecca,15,233.67814858014145,26.711368684961965,engine
Alphecca,16,233.67814871840764,26.71136862164199,engine
Alphecca,17,233.6781488577719,26.711368558504358,engine
Alphecca,18,233.67814899823222,26.711368495551035,engine
Alphecca,19,233.67814913978654,26.71136843278395,engine
Alphecca,20,233.6781492824328,26.711368370204987,engine
Alphecca,21,233.678149426169,26.711368307816084,engine
Alphecca,22,233.67814957099293,26.711368245619152,engine
Alphecca,23,233.6781497169025,26.711368183616077,engine
Alphecca,24,233.6781498638957,26.7113681218088,engine
Alphecca,25,233.67815001197022,26.711368060199177,engine
Alphecca,26,233.67815016112394,26.71136799878914,engine
Alphecca,27,233.6781503113546,26.711367937580576,engine
Alphecca,28,233.67815046266006,26.711367876575363,engine
Alphecca,29,233.67815061503805,26.711367815775372,engine
Alphecca,30,233.67815076848626,26.71136775518253,engine
Vega,-30,279.23866172852314,38.780812484705535,engine
Vega,-20,279.23866082999245,38.780811435034494,engine
Vega,-15,279.23866042392376,38.78081089678946,engine
Vega,-10,279.23866004717445,38.780810350017745,engine
Vega,-5,279.23865970011826,38.78080979503421,engine
Vega,-2,279.23865950628743,38.78080945823499,engine
Vega,-1,279.2386594440944,38.78080934534915,engine
Vega,0,279.23865938311474,38.78080923215789,engine
Vega,1,279.238659323351,38.7808091186638,engine
Vega,2,279.2386592648059,38.780809004869504,engine
Vega,3,279.23865920748216,38.7808088907776,engine
Vega,4,279.2386591513823,38.780808776390664,engine
Vega,5,279.2386590965091,38.780808661711355,engine
Vega,6,279.238659042865,38.7808085467422,engine
Vega,7,279.2386589904527,38.780808431485966,engine
Vega,8,279.2386589392748,38.780808315945244,engine
Vega,9,279.2386588893336,38.780808200122635,engine
Vega,10,279.2386588406318,38.78080808402081,engine
Vega,11,279.2386587931718,38.78080796764241,engine
Vega,12,279.23865874695616,38.780807850990065,engine
Vega,13,279.2386587019871,38.780807734066485,engine
Vega,14,279.2386586582672,38.780807616874306,engine
Vega,15,279.23865861579884,38.780807499416184,engine
Vega,16,279.23865857458435,38.78080738169481,engine
Vega,17,279.238658534626,38.78080726371278,engine
Vega,18,279.2386584959262,38.78080714547294,engine
Vega,19,279.2386584584872,38.78080702697791,engine
Vega,20,279.23865842231123,38.78080690823038,engine
Vega,21,279.23865838740056,38.78080678923304,engine
Vega,22,279.23865835375744,38.7808066699886,engine
Vega,23,279.2386583213841,38.78080655049977,engine
Vega,24,279.2386582902825,38.780806430769275,engine
Vega,25,279.23865826045505,38.780806310799804,engine
Vega,26,279.2386582319036,38.7808061905941,engine
Vega,27,279.2386582046305,38.78080607015492,engine
Vega,28,279.23865817863765,38.78080594948493,engine
Vega,29,279.2386581539272,38.78080582858684,engine
Vega,30,279.23865813050105,38.78080570746353,engine
Deneb Algedi,-30,326.75934292670223,-16.129752756620658,engine
Deneb Algedi,-20,326.759341022635,-16.129752432843407,engine
Deneb Algedi,-15,326.7593400779037,-16.12975226012302,engine
Deneb Algedi,-10,326.75933913883335,-16.129752080222598,engine
Deneb Algedi,-5,326.75933820601495,-16.129751893177286,engine
Deneb Algedi,-2,326.7593376495699,-16.129751777536477,engine
Deneb Algedi,-1,326.75933746465734,-16.12975173842256,engine
Deneb Algedi,0,326.75933728003713,-16.129751699025704,engine
Deneb Algedi,1,326.759337095714,-16.12975165934627,engine
Deneb Algedi,2,326.75933691169246,-16.1297516193846,engine
Deneb Algedi,3,326.75933672797737,-16.129751579141054,engine
Deneb Algedi,4,326.7593365445733,-16.129751538616006,engine
Deneb Algedi,5,326.75933636148477,-16.12975149780981,engine
Deneb Algedi,6,326.7593361787164,-16.12975145672282,engine
Deneb Algedi,7,326.75933599627314,-16.129751415355468,engine
Deneb Algedi,8,326.75933581415944,-16.1297513737081,engine
Deneb Algedi,9,326.7593356323798,-16.12975133178113,engine
Deneb Algedi,10,326.7593354509391,-16.12975128957494,engine
Deneb Algedi,11,326.7593352698417,-16.12975124708992,engine
Deneb Algedi,12,326.7593350890923,-16.129751204326492,engine
Deneb Algedi,13,326.7593349086955,-16.12975116128506,engine
Deneb Algedi,14,326.7593347286559,-16.129751117966045,engine
Deneb Algedi,15,326.759334548978,-16.12975107436985,engine
Deneb Algedi,16,326.7593343696665,-16.129751030496934,engine
Deneb Algedi,17,326.7593341907257,-16.129750986347677,engine
Deneb Algedi,18,326.7593340121606,-16.12975094192258,engine
Deneb Algedi,19,326.75933383397546,-16.129750897222063,engine
Deneb Algedi,20,326.7593336561749,-16.129750852246573,engine
Deneb Algedi,21,326.7593334787634,-16.129750806996544,engine
Deneb Algedi,22,326.7593333017455,-16.12975076147246,engine
Deneb Algedi,23,326.7593331251258,-16.12975071567477,engine
Deneb Algedi,24,326.7593329489088,-16.129750669603965,engine
Deneb Algedi,25,326.75933277309895,-16.129750623260485,engine
Deneb Algedi,26,326.75933259770073,-16.129750576644835,engine
Deneb Algedi,27,326.7593324227188,-16.129750529757487,engine
Deneb Algedi,28,326.7593322481575,-16.129750482598944,engine
Deneb Algedi,29,326.7593320740212,-16.129750435169665,engine
Deneb Algedi,30,326.7593319003146,-16.129750387470203,engine
Rigel,-30,78.63104109730371,-8.204193324038817,engine
Rigel,-20,78.63104110457522,-8.204193479069813,engine
Rigel,-15,78.63104106878241,-8.20419355781127,engine
Rigel,-10,78.63104100655407,-8.204193637262069,engine
Rigel,-5,78.63104091779358,-8.204193717340813,engine
Rigel,-2,78.63104085176646,-8.20419376565547,engine
Rigel,-1,78.63104082762528,-8.204193781800997,engine
Rigel,0,78.63104080241712,-8.204193797965749,engine
Rigel,1,78.63104077614142,-8.20419381414907,engine
Rigel,2,78.63104074879769,-8.204193830350302,engine
Rigel,3,78.63104072038541,-8.204193846568796,engine
Rigel,4,78.63104069090419,-8.20419386280388,engine
Rigel,5,78.6310406603535,-8.204193879054909,engine
Rigel,6,78.63104062873293,-8.204193895321225,engine
Rigel,7,78.63104059604213,-8.204193911602154,engine
Rigel,8,78.63104056228066,-8.204193927897046,engine
Rigel,9,78.63104052744819,-8.204193944205242,engine
Rigel,10,78.63104049154437,-8.204193960526084,engine
Rigel,11,78.63104045456886,-8.20419397685891,engine
Rigel,12,78.63104041652136,-8.204193993203061,engine
Rigel,13,78.63104037740159,-8.204194009557877,engine
Rigel,14,78.63104033720928,-8.204194025922694,engine
Rigel,15,78.63104029594422,-8.204194042296857,engine
Rigel,16,78.63104025360616,-8.204194058679708,engine
Rigel,17,78.63104021019487,-8.204194075070584,engine
Rigel,18,78.63104016571025,-8.20419409146881,engine
Rigel,19,78.6310401201521,-8.204194107873743,engine
Rigel,20,78.63104007352027,-8.204194124284705,engine
Rigel,21,78.63104002581464,-8.204194140701052,engine
Rigel,22,78.63103997703514,-8.20419415712211,engine
Rigel,23,78.63103992718167,-8.204194173547217,engine
Rigel,24,78.63103987625419,-8.20419418997572,engine
Rigel,25,78.63103982425267,-8.204194206406951,engine
Rigel,26,78.63103977117706,-8.204194222840249,engine
Rigel,27,78.63103971702739,-8.204194239274955,engine
Rigel,28,78.63103966180371,-8.204194255710402,engine
Rigel,29,78.63103960550596,-8.204194272145942,engine
Rigel,30,78.63103954813434,-8.204194288580892,engine
Betelgeuse,-30,88.7904477294016,7.405730825778777,engine
Betelgeuse,-20,88.79044808741925,7.405731202449175,engine
Betelgeuse,-15,88.79044822913332,7.405731392630641,engine
Betelgeuse,-10,88.79044834570163,7.405731583949127,engine
Betelgeuse,-5,88.79044843692729,7.405731776333593,engine
Betelgeuse,-2,88.7904484794208,7.40573189224616,engine
Betelgeuse,-1,88.79044849153648,7.405731930960551,engine
Betelgeuse,0,88.79044850262547,7.405731969712416,engine
Betelgeuse,1,88.7904485126864,7.4057320085011735,engine
Betelgeuse,2,88.79044852171796,7.405732047326249,engine
Betelgeuse,3,88.79044852971886,7.40573208618706,engine
Betelgeuse,4,88.79044853668783,7.4057321250830315,engine
Betelgeuse,5,88.79044854262357,7.405732164013576,engine
Betelgeuse,6,88.79044854752487,7.405732202978144,engine
Betelgeuse,7,88.79044855139048,7.405732241976098,engine
Betelgeuse,8,88.79044855421924,7.4057322810068795,engine
Betelgeuse,9,88.79044855600992,7.405732320069914,engine
Betelgeuse,10,88.79044855676136,7.4057323591646105,engine
Betelgeuse,11,88.79044855647244,7.405732398290387,engine
Betelgeuse,12,88.79044855514205,7.405732437446658,engine
Betelgeuse,13,88.79044855276905,7.405732476632835,engine
Betelgeuse,14,88.79044854935235,7.40573251584834,engine
Betelgeuse,15,88.79044854489094,7.405732555092577,engine
Betelgeuse,16,88.79044853938372,7.405732594364966,engine
Betelgeuse,17,88.7904485328297,7.4057326336649405,engine
Betelgeuse,18,88.79044852522786,7.405732672991862,engine
Betelgeuse,19,88.79044851657723,7.405732712345168,engine
Betelgeuse,20,88.79044850687683,7.405732751724266,engine
Betelgeuse,21,88.79044849612573,7.405732791128572,engine
Betelgeuse,22,88.79044848432301,7.405732830557495,engine
Betelgeuse,23,88.79044847146776,7.40573287001044,engine
Betelgeuse,24,88.7904484575591,7.405732909486819,engine
Betelgeuse,25,88.79044844259614,7.405732948986037,engine
Betelgeuse,26,88.7904484265781,7.405732988507506,engine
Betelgeuse,27,88.7904484095041,7.405733028050628,engine
Betelgeuse,28,88.79044839137335,7.405733067614817,engine
Betelgeuse,29,88.79044837218507,7.405733107199504,engine
Betelgeuse,30,88.79044835193852,7.4057331468040415,engine
Polaris,-30,37.571119283077635,89.26480729375821,engine
Polaris,-20,37.571018796966136,89.26480878623427,engine
Polaris,-15,37.570965845538446,89.26480951295048,engine
Polaris,-10,37.57091111877176,89.26481022598084,engine
Polaris,-5,37.57085464040925,89.26481092483006,engine
Polaris,-2,37.57081992282884,89.264811337129,engine
Polaris,-1,37.570808213078394,89.26481147337032,engine
Polaris,0,37.57079643505616,89.26481160900936,engine
Polaris,1,37.57078458896811,89.26481174404233,engine
Polaris,2,37.570772675021495,89.26481187846541,engine
Polaris,3,37.57076069342491,89.26481201227477,engine
Polaris,4,37.57074864438823,89.26481214546664,engine
Polaris,5,37.57073652812262,89.26481227803723,engine
Polaris,6,37.57072434483238,89.26481240998284,engine
Polaris,7,37.57071209474751,89.26481254129956,engine
Polaris,8,37.570699778074975,89.26481267198372,engine
Polaris,9,37.570687395030994,89.26481280203157,engine
Polaris,10,37.57067494583322,89.26481293143941,engine
Polaris,11,37.57066243070044,89.26481306020352,engine
Polaris,12,37.570649849852735,89.2648131883202,engine
Polaris,13,37.57063720351154,89.26481331578577,engine
Polaris,14,37.57062449189937,89.26481344259655,engine
Polaris,15,37.57061171524019,89.26481356874886,engine
Polaris,16,37.57059887375905,89.26481369423911,engine
Polaris,17,37.57058596767367,89.26481381906368,engine
Polaris,18,37.57057299722897,89.26481394321881,engine
Polaris,19,37.57055996264513,89.26481406670099,engine
Polaris,20,37.57054686415216,89.26481418950661,engine
Polaris,21,37.57053370198143,89.26481431163207,engine
Polaris,22,37.57052047636536,89.2648144330738,engine
Polaris,23,37.57050718753775,89.26481455382826,engine
Polaris,24,37.57049383573347,89.26481467389192,engine
Polaris,25,37.57048042118872,89.2648147932612,engine
Polaris,26,37.57046694414078,89.26481491193262,engine
Polaris,27,37.57045340482826,89.26481502990265,engine
Polaris,28,37.570439803490814,89.26481514716781,engine
Polaris,29,37.57042614036027,89.2648152637247,engine
Polaris,30,37.57041241569698,89.26481537956971,engine
Castor,-30,113.64748045739263,31.888449801145274,engine
Castor,-20,113.6474817955394,31.88845075927112,engine
Castor,-15,113.64748243244779,31.888451253610793,engine
Castor,-10,113.64748304725552,31.888451757850078,engine
Castor,-5,113.64748363948276,31.88845227176946,engine
Castor,-2,113.64748398378475,31.888452584674333,engine
Castor,-1,113.64748409669083,31.888452689723945,engine
Castor,0,113.6474842086602,31.888452795144502,engine
Castor,1,113.64748431968923,31.888452900934148,engine
Castor,2,113.6474844297743,31.88845300709103,engine
Castor,3,113.6474845389118,31.88845311361331,engine
Castor,4,113.64748464709818,31.88845322049908,engine
Castor,5,113.64748475432988,31.888453327746493,engine
Castor,6,113.64748486060344,31.888453435353775,engine
Castor,7,113.64748496591517,31.888453543318843,engine
Castor,8,113.64748507026168,31.888453651639896,engine
Castor,9,113.64748517363945,31.88845376031504,engine
Castor,10,113.64748527604505,31.888453869342356,engine
Castor,11,113.64748537747501,31.888453978719948,engine
Castor,12,113.6474854779259,31.888454088445865,engine
Castor,13,113.64748557739429,31.888454198518215,engine
Castor,14,113.64748567587688,31.888454308935046,engine
Castor,15,113.6474857733702,31.8884544196944,engine
Castor,16,113.64748586987093,31.888454530794377,engine
Castor,17,113.64748596537582,31.888454642233047,engine
Castor,18,113.64748605988142,31.88845475400833,engine
Castor,19,113.64748615338449,31.888454866118334,engine
Castor,20,113.64748624588178,31.888454978561082,engine
Castor,21,113.64748633736998,31.88845509133459,engine
Castor,22,113.64748642784589,31.88845520443687,engine
Castor,23,113.6474865173063,31.888455317865944,engine
Castor,24,113.64748660574801,31.88845543161981,engine
Castor,25,113.64748669316782,31.888455545696466,engine
Castor,26,113.64748677956258,31.88845566009389,engine
Castor,27,113.64748686492918,31.888455774810076,engine
Castor,28,113.64748694926446,31.88845588984298,engine
Castor,29,113.64748703256538,31.888456005190687,engine
Castor,30,113.64748711482875,31.88845612085097,engine
Altair,-30,297.6993665667345,8.86792642957013,engine
Altair,-20,297.699365306798,8.867926325648675,engine
Altair,-15,297.69936470232363,8.867926268856591,engine
Altair,-10,297.6993641154471,8.867926208919666,engine
Altair,-5,297.6993635466094,8.867926145896842,engine
Altair,-2,297.6993632141457,8.867926106627,engine
Altair,-1,297.69936310481813,8.867926093297303,engine
Altair,0,297.699362996243,8.867926079848564,engine
Altair,1,297.6993628884237,8.86792606628127,engine
Altair,2,297.69936278136356,8.867926052595935,engine
Altair,3,297.6993626750659,8.867926038793057,engine
Altair,4,297.6993625695341,8.867926024873137,engine
Altair,5,297.69936246477135,8.867926010836698,engine
Altair,6,297.69936236078104,8.867925996684235,engine
Altair,7,297.6993622575664,8.867925982416274,engine
Altair,8,297.6993621551307,8.86792596803333,engine
Altair,9,297.69936205347716,8.867925953535917,engine
Altair,10,297.699361952609,8.86792593892455,engine
Altair,11,297.69936185252953,8.867925924199756,engine
Altair,12,297.6993617532418,8.867925909362059,engine
Altair,13,297.6993616547491,8.86792589441199,engine
Altair,14,297.69936155705454,8.867925879350064,engine
Altair,15,297.6993614601613,8.867925864176826,engine
Altair,16,297.6993613640725,8.867925848892801,engine
Altair,17,297.69936126879117,8.867925833498512,engine
Altair,18,297.69936117432064,8.867925817994522,engine
Altair,19,297.69936108066383,8.867925802381357,engine
Altair,20,297.69936098782387,8.86792578665956,engine
Altair,21,297.6993608958038,8.867925770829677,engine
Altair,22,297.69936080460667,8.867925754892244,engine
Altair,23,297.6993607142355,8.867925738847816,engine
Altair,24,297.6993606246933,8.867925722696944,engine
Altair,25,297.6993605359831,8.867925706440168,engine
Altair,26,297.6993604481078,8.867925690078057,engine
Altair,27,297.69936036107043,8.867925673611156,engine
Altair,28,297.6993602748739,8.867925657040027,engine
Altair,29,297.6993601895212,8.867925640365218,engine
Altair,30,297.6993601050152,8.867925623587308,engine
Bellatrix,-30,81.27947989513338,6.348089681969284,engine
Bellatrix,-20,81.27947999425031,6.348090026558912,engine
Bellatrix,-15,81.2794800049616,6.348090199878773,engine
Bellatrix,-10,81.27947998959033,6.348090373798057,engine
Bellatrix,-5,81.27947994801373,6.348090548253459,engine
Bellatrix,-2,81.27947991044286,6.348090653157569,engine
Bellatrix,-1,81.27947989581016,6.348090688161027,engine
Bellatrix,0,81.27947988012163,6.348090723181346,engine
Bellatrix,1,81.27947986337654,6.348090758218015,engine
Bellatrix,2,81.27947984557416,6.348090793270519,engine
Bellatrix,3,81.27947982671378,6.34809082833835,engine
Bellatrix,4,81.27947980679477,6.34809086342099,engine
Bellatrix,5,81.2794797858164,6.348090898517938,engine
Bellatrix,6,81.27947976377808,6.348090933628697,engine
Bellatrix,7,81.27947974067918,6.348090968752705,engine
Bellatrix,8,81.27947971651909,6.348091003889477,engine
Bellatrix,9,81.27947969129724,6.348091039038499,engine
Bellatrix,10,81.27947966501308,6.348091074199257,engine
Bellatrix,11,81.27947963766607,6.348091109371237,engine
Bellatrix,12,81.27947960925567,6.348091144553922,engine
Bellatrix,13,81.27947957978141,6.348091179746805,engine
Bellatrix,14,81.27947954924282,6.348091214949366,engine
Bellatrix,15,81.27947951763942,6.348091250161092,engine
Bellatrix,16,81.27947948497076,6.348091285381467,engine
Bellatrix,17,81.27947945123645,6.348091320610001,engine
Bellatrix,18,81.27947941643612,6.348091355846133,engine
Bellatrix,19,81.27947938056934,6.34809139108937,engine
Bellatrix,20,81.2794793436358,6.348091426339194,engine
Bellatrix,21,81.27947930563515,6.348091461595095,engine
Bellatrix,22,81.27947926656708,6.348091496856555,engine
Bellatrix,23,81.27947922643129,6.348091532123057,engine
Bellatrix,24,81.27947918522752,6.348091567394086,engine
Bellatrix,25,81.2794791429555,6.348091602669128,engine
Bellatrix,26,81.279479099615,6.34809163794766,engine
Bellatrix,27,81.27947905520584,6.348091673229175,engine
Bellatrix,28,81.2794790097278,6.348091708513153,engine
Bellatrix,29,81.27947896318068,6.348091743799104,engine
Bellatrix,30,81.2794789155644,6.348091779086462,engine
