body,minute,ra,dec,source
Aldebaran,-30,68.97849132075348,16.507322063737625,engine
Aldebaran,-20,68.97849131235013,16.507322662758803,engine
Aldebaran,-15,68.97849126809993,16.507322964931223,engine
Aldebaran,-10,68.97849119696616,16.507323268664383,engine
Aldebaran,-5,68.97849109882645,16.50732357379708,engine
Aldebaran,-2,68.97849102693372,16.507323757481082,engine
Aldebaran,-1,68.97849100079645,16.507323818802035,engine
Aldebaran,0,68.9784909735714,16.50732388016728,engine
Aldebaran,1,68.97849094525782,16.50732394157554,engine
Aldebaran,2,68.97849091585502,16.50732400302549,engine
Aldebaran,3,68.97849088536232,16.507324064515842,engine
Aldebaran,4,68.97849085377904,16.507324126045273,engine
Aldebaran,5,68.97849082110453,16.5073241876125,engine
Aldebaran,6,68.97849078733815,16.50732424921624,engine
Aldebaran,7,68.97849075247933,16.507324310855125,engine
Aldebaran,8,68.97849071652747,16.507324372527858,engine
Aldebaran,9,68.97849067948202,16.507324434233162,engine
Aldebaran,10,68.97849064134242,16.507324495969716,engine
Aldebaran,11,68.97849060210815,16.507324557736204,engine
Aldebaran,12,68.97849056177871,16.507324619531325,engine
Aldebaran,13,68.97849052035365,16.507324681353765,engine
Aldebaran,14,68.97849047783245,16.507324743202208,engine
Aldebaran,15,68.97849043421473,16.50732480507536,engine
Aldebaran,16,68.97849038950005,16.507324866971896,engine
Aldebaran,17,68.97849034368801,16.507324928890537,engine
Aldebaran,18,68.97849029677825,16.50732499082991,engine
Aldebaran,19,68.97849024877044,16.507325052788726,engine
Aldebaran,20,68.9784901996642,16.507325114765674,engine
Aldebaran,21,68.97849014945923,16.50732517675945,engine
Aldebaran,22,68.97849009815526,16.507325238768733,engine
Aldebaran,23,68.97849004575201,16.507325300792203,engine
Aldebaran,24,68.97848999224925,16.507325362828553,engine
Aldebaran,25,68.97848993764671,16.50732542487646,engine
Aldebaran,26,68.97848988194423,16.507325486934622,engine
Aldebaran,27,68.97848982514158,16.507325549001713,engine
Aldebaran,28,68.97848976723864,16.507325611076414,engine
Aldebaran,29,68.9784897082352,16.507325673157474,engine
Aldebaran,30,68.97848964813124,16.507325735243473,engine
Antares,-30,247.3542049097379,-26.43205959145207,engine
Antares,-20,247.35420498531764,-26.432058661118738,engine
Antares,-15,247.35420506626988,-26.432058192233136,engine
Antares,-10,247.35420517617086,-26.43205772120471,engine
Antares,-5,247.35420531513358,-26.432057248286938,engine
Antares,-2,247.3542054125026,-26.432056963735306,engine
Antares,-1,247.35420544729524,-26.4320568687635,engine
Antares,0,247.35420548325715,-26.432056773734473,engine
Antares,1,247.35420552038886,-26.43205667865025,engine
Antares,2,247.35420555869115,-26.432056583512903,engine
Antares,3,247.35420559816447,-26.432056488324466,engine
Antares,4,247.35420563880947,-26.432056393086977,engine
Antares,5,247.35420568062668,-26.432056297802518,engine
Antares,6,247.35420572361664,-26.432056202473035,engine
Antares,7,247.35420576777983,-26.43205610710073,engine
Antares,8,247.35420581311675,-26.43205601168758,engine
Antares,9,247.35420585962774,-26.43205591623565,engine
Antares,10,247.35420590731343,-26.432055820746974,engine
Antares,11,247.35420595617413,-26.432055725223616,engine
Antares,12,247.3542060062102,-26.432055629667637,engine
Antares,13,247.35420605742206,-26.432055534081076,engine
Antares,14,247.35420610981004,-26.432055438466005,engine
Antares,15,247.35420616337444,-26.432055342824462,engine
Antares,16,247.3542062181156,-26.432055247158523,engine
Antares,17,247.35420627403383,-26.432055151470163,engine
Antares,18,247.35420633112926,-26.432055055761577,engine
Antares,19,247.3542063894022,-26.43205496003476,engine
Antares,20,247.35420644885284,-26.432054864291764,engine
Antares,21,247.35420650948143,-26.432054768534645,engine
Antares,22,247.354206571288,-26.432054672765474,engine
Antares,23,247.35420663427286,-26.432054576986292,engine
Antares,24,247.354206698436,-26.432054481199177,engine
Antares,25,247.3542067637775,-26.432054385406193,engine
Antares,26,247.3542068302976,-26.43205428960937,engine
Antares,27,247.3542068979962,-26.43205419381079,engine
Antares,28,247.3542069668734,-26.4320540980125,engine
Antares,29,247.35420703692918,-26.432054002216503,engine
Antares,30,247.35420710816348,-26.43205390642499,engine
Ceres,-30,68.28533136400327,23.715647951875138,engine
Ceres,-20,68.28766278163812,23.716190334527592,engine
Ceres,-15,68.28882841256342,23.716461371274637,engine
Ceres,-10,68.28999399897015,23.71673230397545,engine
Ceres,-5,68.29115954686455,23.71700313202797,engine
Ceres,-2,68.29185885939413,23.71716557834828,engine
Ceres,-1,68.29209196123125,23.717219718701998,engine
Ceres,0,68.29232506185194,23.717273854795888,engine
Ceres,1,68.29255816149049,23.717327986689778,engine
Ceres,2,68.29279126000664,23.71738211431545,engine
Ceres,3,68.2930243576347,23.71743623773288,engine
Ceres,4,68.29325745423459,23.717490356873995,engine
Ceres,5,68.29349054994708,23.717544471766892,engine
Ceres,6,68.29372364506932,23.71759858247603,engine
Ceres,7,68.29395673914868,23.71765268886099,engine
Ceres,8,68.29418983257611,23.717706791018433,engine
Ceres,9,68.29442292521158,23.717760888880633,engine
Ceres,10,68.29465601719617,23.717814982476092,engine
Ceres,11,68.294889108671,23.717869071833395,engine
Ceres,12,68.29512219949623,23.71792315688503,engine
Ceres,13,68.29535528990665,23.71797723769175,engine
Ceres,14,68.29558837976252,23.718031314186277,engine
Ceres,15,68.29582146920517,23.71808538639743,engine
Ceres,16,68.29605455837573,23.718139454354176,engine
Ceres,17,68.296287647291,23.718193518025693,engine
Ceres,18,68.29652073577967,23.718247577368544,engine
Ceres,19,68.29675382413944,23.718301632448185,engine
Ceres,20,68.29698691223082,23.71835568319775,engine
Ceres,21,68.29722000019524,23.71840972964656,engine
Ceres,22,68.29745308817418,23.71846377182403,engine
Ceres,23,68.29768617602824,23.71851780966354,engine
Ceres,24,68.29791926389892,23.718571843194656,engine
Ceres,25,68.29815235192785,23.718625872446975,engine
Ceres,26,68.29838543997566,23.718679897354164,engine
Ceres,27,68.29861852818402,23.71873391794599,engine
Ceres,28,68.29885161669456,23.718787934252294,engine
Ceres,29,68.29908470552434,23.718841946243195,engine
Ceres,30,68.29931779450246,23.71889595387624,engine
Chiron,-30,9.792538594069958,6.35729151667585,engine
Chiron,-20,9.792911457766564,6.357441105336562,engine
Chiron,-15,9.793097902568242,6.357515893400445,engine
Chiron,-10,9.793284357277932,6.357590677300485,engine
Chiron,-5,9.793470822908771,6.357665457076849,engine
Chiron,-2,9.793582707905054,6.357710322962801,engine
Chiron,-1,9.793620003890485,6.357725277930884,engine
Chiron,0,9.793657300377344,6.357740232734326,engine
Chiron,1,9.793694597381405,6.357755187375733,engine
Chiron,2,9.793731894906287,6.357770141854141,engine
Chiron,3,9.793769192959646,6.357785096169793,engine
Chiron,4,9.793806491549123,6.357800050322912,engine
Chiron,5,9.793843790678315,6.357815004312555,engine
Chiron,6,9.79388109038796,6.357829958151376,engine
Chiron,7,9.79391839063161,6.357844911818375,engine
Chiron,8,9.79395569144188,6.357859865323829,engine
Chiron,9,9.79399299282233,6.35787481866681,engine
Chiron,10,9.794030294788643,6.357889771849947,engine
Chiron,11,9.794067597344355,6.357904724872326,engine
Chiron,12,9.794104900497024,6.357919677734204,engine
Chiron,13,9.794142204250173,6.35793463043466,engine
Chiron,14,9.794179508619447,6.357949582976353,engine
Chiron,15,9.794216813608337,6.357964535358371,engine
Chiron,16,9.79425411922436,6.357979487580991,engine
Chiron,17,9.794291425496006,6.3579944396533365,engine
Chiron,18,9.794328732388852,6.3580093915580225,engine
Chiron,19,9.79436603993135,6.358024343304178,engine
Chiron,20,9.794403348130995,6.358039294892111,engine
Chiron,21,9.79444065699119,6.358054246320909,engine
Chiron,22,9.7944779665275,6.358069197593268,engine
Chiron,23,9.794515276743331,6.358084148708304,engine
Chiron,24,9.794552587646107,6.3580990996663305,engine
Chiron,25,9.79458989923921,6.358114050466465,engine
Chiron,26,9.794627211538145,6.358129001111408,engine
Chiron,27,9.794664524546262,6.3581439516002956,engine
Chiron,28,9.794701838270944,6.358158901933446,engine
Chiron,29,9.794739152740544,6.358173852120028,engine
Chiron,30,9.794776467920475,6.358188802142705,engine
Eris,-30,26.136060444729104,-1.1866772973434088,tno-rate
Eris,-20,26.136119574984956,-1.1866436424987303,tno-rate
Eris,-15,26.136149140112884,-1.186626815076391,tno-rate
Eris,-10,26.136178705240813,-1.1866099876540517,tno-rate
Eris,-5,26.13620827036874,-1.1865931602317124,tno-rate
Eris,-2,26.136226009445497,-1.1865830637783088,tno-rate
Eris,-1,26.136231922471083,-1.1865796982938408,tno-rate
Eris,0,26.13623783549667,-1.186576332809373,tno-rate
Eris,1,26.136243748522254,-1.1865729673249052,tno-rate
Eris,2,26.13624966154784,-1.1865696018404372,tno-rate
Eris,3,26.136255574573426,-1.1865662363559695,tno-rate
Eris,4,26.13626148759901,-1.1865628708715015,tno-rate
Eris,5,26.136267400624597,-1.1865595053870337,tno-rate
Eris,6,26.136273313650182,-1.186556139902566,tno-rate
Eris,7,26.136279226675768,-1.186552774418098,tno-rate
Eris,8,26.136285139701354,-1.1865494089336301,tno-rate
Eris,9,26.13629105272694,-1.1865460434491624,tno-rate
Eris,10,26.136296965752525,-1.1865426779646944,tno-rate
Eris,11,26.13630287877811,-1.1865393124802266,tno-rate
Eris,12,26.136308791803696,-1.1865359469957586,tno-rate
Eris,13,26.13631470482928,-1.1865325815112908,tno-rate
Eris,14,26.136320617854867,-1.186529216026823,tno-rate
Eris,15,26.136326530880453,-1.186525850542355,tno-rate
Eris,16,26.13633244390604,-1.1865224850578873,tno-rate
Eris,17,26.136338356931624,-1.1865191195734195,tno-rate
Eris,18,26.13634426995721,-1.1865157540889515,tno-rate
Eris,19,26.136350182982795,-1.1865123886044837,tno-rate
Eris,20,26.13635609600838,-1.1865090231200157,tno-rate
Eris,21,26.136362009033967,-1.186505657635548,tno-rate
Eris,22,26.136367922059552,-1.1865022921510802,tno-rate
Eris,23,26.136373835085138,-1.1864989266666122,tno-rate
Eris,24,26.136379748110723,-1.1864955611821444,tno-rate
Eris,25,26.13638566113631,-1.1864921956976766,tno-rate
Eris,26,26.136391574161895,-1.1864888302132086,tno-rate
Eris,27,26.13639748718748,-1.1864854647287408,tno-rate
Eris,28,26.136403400213062,-1.1864820992442728,tno-rate
Eris,29,26.136409313238648,-1.186478733759805,tno-rate
Eris,30,26.136415226264234,-1.1864753682753373,tno-rate
Fomalhaut,-30,344.4093118647974,-29.624464972648845,engine
Fomalhaut,-20,344.409309507499,-29.624465051530002,engine
Fomalhaut,-15,344.40930831371526,-29.62446507257501,engine
Fomalhaut,-10,344.40930711068063,-29.624465081235005,engine
Fomalhaut,-5,344.4093058990295,-29.62446507742641,engine
Fomalhaut,-2,344.4093051681686,-29.624465069123783,engine
Fomalhaut,-1,344.409304923934,-29.624465065349792,engine
Fomalhaut,0,344.4093046794008,-29.624465061071618,engine
Fomalhaut,1,344.40930443457427,-29.624465056288706,engine
Fomalhaut,2,344.4093041894594,-29.624465051000517,engine
Fomalhaut,3,344.4093039440615,-29.624465045206513,engine
Fomalhaut,4,344.40930369838566,-29.624465038906205,engine
Fomalhaut,5,344.40930345243703,-29.624465032099014,engine
Fomalhaut,6,344.4093032062207,-29.624465024784477,engine
Fomalhaut,7,344.40930295974215,-29.624465016962088,engine
Fomalhaut,8,344.4093027130064,-29.624465008631358,engine
Fomalhaut,9,344.40930246601863,-29.624464999791837,engine
Fomalhaut,10,344.4093022187841,-29.624464990443016,engine
Fomalhaut,11,344.4093019713079,-29.624464980584467,engine
Fomalhaut,12,344.4093017235954,-29.62446497021574,engine
Fomalhaut,13,344.40930147565166,-29.62446495933639,engine
Fomalhaut,14,344.409301227482,-29.62446494794599,engine
Fomalhaut,15,344.40930097909154,-29.62446493604412,engine
Fomalhaut,16,344.4093007304856,-29.62446492363039,engine
Fomalhaut,17,344.4093004816692,-29.624464910704386,engine
Fomalhaut,18,344.409300232648,-29.624464897265728,engine
Fomalhaut,19,344.4092999834269,-29.62446488331403,engine
Fomalhaut,20,344.4092997340113,-29.62446486884893,engine
Fomalhaut,21,344.40929948440635,-29.624464853870062,engine
Fomalhaut,22,344.4092992346174,-29.62446483837709,engine
Fomalhaut,23,344.4092989846495,-29.624464822369657,engine
Fomalhaut,24,344.4092987345082,-29.624464805847445,engine
Fomalhaut,25,344.4092984841985,-29.62446478881015,engine
Fomalhaut,26,344.40929823372574,-29.624464771257426,engine
Fomalhaut,27,344.4092979830953,-29.624464753189006,engine
Fomalhaut,28,344.40929773231227,-29.62446473460458,engine
Fomalhaut,29,344.40929748138194,-29.624464715503855,engine
Fomalhaut,30,344.40929723030973,-29.62446469588662,engine
Juno,-30,319.34591050767324,-7.861917244342717,engine
Juno,-20,319.3484665113212,-7.861157792888891,engine
Juno,-15,319.34974481973126,-7.860778057427958,engine
Juno,-10,319.351023332287,-7.860398316400672,engine
Juno,-5,319.3523020494277,-7.860018570319189,engine
Juno,-2,319.35306937756184,-7.859790720573534,engine
Juno,-1,319.3533251699845,-7.859714770326844,engine
Juno,0,319.3535809704867,-7.859638819934832,engine
Juno,1,319.35383677922454,-7.859562869384522,engine
Juno,2,319.3540925960369,-7.859486918698982,engine
Juno,3,319.35434842107935,-7.8594109678652115,engine
Juno,4,319.35460425419063,-7.859335016906289,engine
Juno,5,319.35486009552585,-7.8592590658092085,engine
Juno,6,319.35511594509495,-7.859183114546097,engine
Juno,7,319.3553718027097,-7.859107163205826,engine
Juno,8,319.3556276683798,-7.859031211760508,engine
Juno,9,319.3558835422597,-7.858955260197143,engine
Juno,10,319.35613942418695,-7.8588793085387785,engine
Juno,11,319.35639531431616,-7.858803356772404,engine
Juno,12,319.3566512125635,-7.858727404912055,engine
Juno,13,319.3569071188456,-7.858651452971747,engine
Juno,14,319.357163033316,-7.85857550093847,engine
Juno,15,319.3574189558117,-7.858499548835254,engine
Juno,16,319.3576748864861,-7.858423596649072,engine
Juno,17,319.3579308253473,-7.858347644352018,engine
Juno,18,319.35818677220533,-7.858271692032932,engine
Juno,19,319.3584427270678,-7.858195739663891,engine
Juno,20,319.35869869008764,-7.858119787231871,engine
Juno,21,319.3589546611798,-7.858043834750856,engine
Juno,22,319.35921064025916,-7.857967882234839,engine
Juno,23,319.3594666274781,-7.857891929670788,engine
Juno,24,319.35972262267205,-7.857815977081687,engine
Juno,25,319.3599786259928,-7.857740024454485,engine
Juno,26,319.3602346372756,-7.857664071812176,engine
Juno,27,319.36049065667197,-7.85758811914169,engine
Juno,28,319.3607466840959,-7.857512166456994,engine
Juno,29,319.3610027196327,-7.857436213721127,engine
Juno,30,319.3612587630903,-7.857360261022861,engine
Jupiter,-30,350.29591035773467,-5.263034299962005,engine
Jupiter,-20,350.2974360252581,-5.2623925799159075,engine
Jupiter,-15,350.29819900109595,-5.262071711809629,engine
Jupiter,-10,350.29896207371365,-5.261750838631087,engine
Jupiter,-5,350.2997252448965,-5.2614299604958354,engine
Jupiter,-2,350.3001831954526,-5.261237431364223,engine
Jupiter,-1,350.3003358537045,-5.261173254613461,engine
Jupiter,0,350.3004885159711,-5.261109077694545,engine
Jupiter,1,350.3006411823296,-5.261044900581973,engine
Jupiter,2,350.30079385275894,-5.260980723290997,engine
Jupiter,3,350.3009465272379,-5.260916545836881,engine
Jupiter,4,350.30109920584323,-5.260852368194149,engine
Jupiter,5,350.301251888521,-5.2607881903916445,engine
Jupiter,6,350.3014045754503,-5.260724012360855,engine
Jupiter,7,350.30155726640487,-5.260659834203133,engine
Jupiter,8,350.3017099614653,-5.260595655890727,engine
Jupiter,9,350.3018626607083,-5.2605314773981675,engine
Jupiter,10,350.302015364112,-5.260467298740754,engine
Jupiter,11,350.3021680716545,-5.260403119933774,engine
Jupiter,12,350.30232078341203,-5.2603389409517805,engine
Jupiter,13,350.30247349932995,-5.260274761823659,engine
Jupiter,14,350.3026262194843,-5.260210582523973,engine
Jupiter,15,350.3027789438528,-5.2601464030680125,engine
Jupiter,16,350.3029316724132,-5.260082223471122,engine
Jupiter,17,350.3030844053438,-5.260018043664819,engine
Jupiter,18,350.30323714238455,-5.259953863764076,engine
Jupiter,19,350.30338988371346,-5.2598896837004485,engine
Jupiter,20,350.30354262930814,-5.2598255034892585,engine
Jupiter,21,350.30369537914555,-5.259761323145838,engine
Jupiter,22,350.30384813330136,-5.259697142644783,engine
Jupiter,23,350.3040008917198,-5.2596329620150195,engine
Jupiter,24,350.3041536544762,-5.259568781231141,engine
Jupiter,25,350.3043064215475,-5.259504600308483,engine
Jupiter,26,350.30445919291043,-5.2594404192624244,engine
Jupiter,27,350.3046119686402,-5.259376238067554,engine
Jupiter,28,350.3047647486806,-5.2593120567528135,engine
Jupiter,29,350.30491753320894,-5.259247875249797,engine
Jupiter,30,350.3050703219968,-5.259183693659924,engine
Ketu,-30,230.97505762920008,-18.611741933297953,engine
Ketu,-20,230.97518658068591,-18.611773543951877,engine
Ketu,-15,230.97525109354478,-18.611789358340562,engine
Ketu,-10,230.97531563009824,-18.611805178513116,engine
Ketu,-5,230.97538018958525,-18.61182100428293,engine
Ketu,-2,230.9754189359525,-18.611830502349836,engine
Ketu,-1,230.97543185315075,-18.611833668797324,engine
Ketu,0,230.9754447712103,-18.611836835454955,engine
Ketu,1,230.97545769012441,-18.611840002321088,engine
Ketu,2,230.97547060988714,-18.611843169394266,engine
Ketu,3,230.97548353049194,-18.611846336672873,engine
Ketu,4,230.97549645193294,-18.611849504155472,engine
Ketu,5,230.97550937420377,-18.611852671840502,engine
Ketu,6,230.97552229730692,-18.611855839728584,engine
Ketu,7,230.97553522121862,-18.611859007813884,engine
Ketu,8,230.97554814594164,-18.611862176097077,engine
Ketu,9,230.9755610714698,-18.611865344576646,engine
Ketu,10,230.97557399779606,-18.61186851325087,engine
Ketu,11,230.9755869249153,-18.611871682118498,engine
Ketu,12,230.97559985282066,-18.61187485117784,engine
Ketu,13,230.97561278150616,-18.61187802042743,engine
Ketu,14,230.97562571096552,-18.611881189865752,engine
Ketu,15,230.97563864119212,-18.61188435949114,engine
Ketu,16,230.97565157218034,-18.611887529302244,engine
Ketu,17,230.97566450393245,-18.611890699299618,engine
Ketu,18,230.97567743642466,-18.611893869477424,engine
Ketu,19,230.97569036965967,-18.611897039836332,engine
Ketu,20,230.97570330363092,-18.611900210374703,engine
Ketu,21,230.9757162383326,-18.61190338109116,engine
Ketu,22,230.97572917375834,-18.61190655198411,engine
Ketu,23,230.9757421099019,-18.611909723052047,engine
Ketu,24,230.97575504675683,-18.611912894293365,engine
Ketu,25,230.97576798431732,-18.61191606570662,engine
Ketu,26,230.97578092257692,-18.6119192372903,engine
Ketu,27,230.97579386152927,-18.61192240904278,engine
Ketu,28,230.97580680116823,-18.611925580962595,engine
Ketu,29,230.9758197414967,-18.61192875305044,engine
Ketu,30,230.97583268249048,-18.611931925300368,engine
Mars,-30,315.52399467298983,-18.056640511992615,engine
Mars,-20,315.5292930247924,-18.05522634694124,engine
Mars,-15,315.5319427882356,-18.054519230111936,engine
Mars,-10,315.53459294153845,-18.05381209403642,engine
Mars,-5,315.5372434841957,-18.053104941125085,engine
Mars,-2,315.538833995794,-18.05268064245726,engine
Mars,-1,315.53936419721384,-18.05253920854964,engine
Mars,0,315.53989441408726,-18.05239777415867,engine
Mars,1,315.5404246464008,-18.05225633930498,engine
Mars,2,315.5409548943304,-18.052114903957776,engine
Mars,3,315.54148515748267,-18.05197346824039,engine
Mars,4,315.5420154360329,-18.05183203212201,engine
Mars,5,315.5425457299665,-18.05169059562316,engine
Mars,6,315.543076039624,-18.051549158669527,engine
Mars,7,315.54360636446864,-18.05140772141991,engine
Mars,8,315.5441367044612,-18.051266283902674,engine
Mars,9,315.5446670597753,-18.05112484608693,engine
Mars,10,315.54519743039486,-18.05098340799309,engine
Mars,11,315.5457278164931,-18.0508419695902,engine
Mars,12,315.54625821767377,-18.05070053100139,engine
Mars,13,315.54678863410953,-18.050559092195652,engine
Mars,14,315.5473190657829,-18.05041765319335,engine
Mars,15,315.54784951267624,-18.05027621401479,engine
Mars,16,315.54837997496116,-18.050134774628884,engine
Mars,17,315.54891045259575,-18.049993335063814,engine
Mars,18,315.5494409450397,-18.04985189547814,engine
Mars,19,315.5499714526297,-18.04971045579726,engine
Mars,20,315.5505019755362,-18.049569015989956,engine
Mars,21,315.55103251336044,-18.04942757617918,engine
Mars,22,315.5515630662722,-18.049286136333706,engine
Mars,23,315.5520936342513,-18.049144696473633,engine
Mars,24,315.55262421746716,-18.049003256567683,engine
Mars,25,315.5531548155196,-18.048861816738675,engine
Mars,26,315.5536854285773,-18.048720376955274,engine
Mars,27,315.5542160566189,-18.048578937237476,engine
Mars,28,315.55474669981254,-18.048437497553895,engine
Mars,29,315.55527735811273,-18.048296057932397,engine
Mars,30,315.55580803097524,-18.048154618531214,engine
Mercury,-30,354.20502648492254,-4.747236400378731,engine
Mercury,-20,354.216615629018,-4.741825002321495,engine
Mercury,-15,354.2224111325615,-4.7391189410634516,engine
Mercury,-10,354.2282072635773,-4.736412640259253,engine
Mercury,-5,354.2340040303748,-4.733706099595668,engine
Mercury,-2,354.23748239681174,-4.732082060979501,engine
Mercury,-1,354.23864190355084,-4.731540695813011,engine
Mercury,0,354.239801436069,-4.730999321139466,engine
Mercury,1,354.24096099487394,-4.730457936735902,engine
Mercury,2,354.2421205790766,-4.729916543069665,engine
Mercury,3,354.24328018918396,-4.729375139917809,engine
Mercury,4,354.2444398257027,-4.728833727057359,engine
Mercury,5,354.2455994877428,-4.728292304955752,engine
Mercury,6,354.24675917658766,-4.727750873026983,engine
Mercury,7,354.2479188911875,-4.727209431774219,engine
Mercury,8,354.2490786314288,-4.726667981301897,engine
Mercury,9,354.25023839781636,-4.726126521387091,engine
Mercury,10,354.2513981908546,-4.725585051806876,engine
Mercury,11,354.2525580096511,-4.725043573028803,engine
Mercury,12,354.25371785470963,-4.724502084829949,engine
Mercury,13,354.25487772653344,-4.723960586987407,engine
Mercury,14,354.25603762422895,-4.723419079968804,engine
Mercury,15,354.25719754829885,-4.722877563551221,engine
Mercury,16,354.25835749924534,-4.72233603751177,engine
Mercury,17,354.2595174769515,-4.721794501954976,engine
Mercury,18,354.26067748036326,-4.721252957384234,engine
Mercury,19,354.26183751075934,-4.720711403213515,engine
Mercury,20,354.26299756724404,-4.720169839910551,engine
Mercury,21,354.2641576503177,-4.719628267252463,engine
Mercury,22,354.26531776048023,-4.719086685016393,engine
Mercury,23,354.2664778968346,-4.718545093670109,engine
Mercury,24,354.26763805988014,-4.718003492990749,engine
Mercury,25,354.26879825011554,-4.7174618827554475,engine
Mercury,26,354.2699584666427,-4.716920263432049,engine
Mercury,27,354.2711187099597,-4.716378634797702,engine
Mercury,28,354.2722789805642,-4.7158369966295295,engine
Mercury,29,354.27343927833493,-4.71529534903224,engine
Mercury,30,354.27459960221273,-4.714753692509385,engine
Moon,-30,249.9797589853651,-24.3018947369394,engine
Moon,-20,250.11158209344882,-24.3202585407333,engine
Moon,-15,250.1776214794172,-24.32956953679252,engine
Moon,-10,250.2437383168466,-24.338967424413582,engine
Moon,-5,250.3099270153976,-24.3484527875248,engine
Moon,-2,250.34967224717005,-24.354186212464196,engine
Moon,-1,250.36292574578042,-24.35610441439012,engine
Moon,0,250.37618169843896,-24.358026152371313,engine
Moon,1,250.389440058647,-24.35995143019417,engine
Moon,2,250.40270070510414,-24.361880248334504,engine
Moon,3,250.41596374075397,-24.363812616919667,engine
Moon,4,250.42922904418825,-24.365748536277426,engine
Moon,5,250.4424965687431,-24.367688009914446,engine
Moon,6,250.45576627668225,-24.36963104257269,engine
Moon,7,250.4690380289632,-24.371577631846684,engine
Moon,8,250.4823119368261,-24.37352778869017,engine
Moon,9,250.4955878789792,-24.375481513162608,engine
Moon,10,250.5088658086169,-24.377438808417185,engine
Moon,11,250.52214567892864,-24.379399677555433,engine
Moon,12,250.53542744304266,-24.38136412359683,engine
Moon,13,250.5487109798218,-24.383332146402292,engine
Moon,14,250.56199639102965,-24.385303755072133,engine
Moon,15,250.57528355540393,-24.387278949312922,engine
Moon,16,250.58857242600413,-24.38925773187408,engine
Moon,17,250.6018629648054,-24.391240106763394,engine
Moon,18,250.6151551069748,-24.393226073939786,engine
Moon,19,250.62844881444795,-24.395215637270027,engine
Moon,20,250.6417440401809,-24.39720879922721,engine
Moon,21,250.6550406631372,-24.39920555920939,engine
Moon,22,250.668338784329,-24.401205925570206,engine
Moon,23,250.68163828263417,-24.40320989756192,engine
Moon,24,250.69493911095825,-24.405217477377917,engine
Moon,25,250.70824122218355,-24.40722866714511,engine
Moon,26,250.7215445692075,-24.409243468917573,engine
Moon,27,250.73484910485809,-24.411261884684095,engine
Moon,28,250.7481547820039,-24.413283916355383,engine
Moon,29,250.76146156241023,-24.41530956714661,engine
Moon,30,250.77476938104712,-24.417338836113135,engine
Neptune,-30,353.9718153478343,-3.827978295928385,engine
Neptune,-20,353.9720525654407,-3.8278766813148266,engine
Neptune,-15,353.97217118454193,-3.827825871411384,engine
Neptune,-10,353.9722898114919,-3.827775059801452,engine
Neptune,-5,353.9724084470703,-3.827724246484621,engine
Neptune,-2,353.9724796328506,-3.8276937576886745,engine
Neptune,-1,353.97250336222186,-3.827683594621703,engine
Neptune,0,353.9725270919884,-3.827673431488803,engine
Neptune,1,353.9725508221588,-3.827663268289082,engine
Neptune,2,353.97257455274126,-3.8276531050216462,engine
Neptune,3,353.9725982837368,-3.827642941688662,engine
Neptune,4,353.9726220151562,-3.8276327782882227,engine
Neptune,5,353.9726457470004,-3.8276226148225034,engine
Neptune,6,353.9726694792936,-3.8276124512837986,engine
Neptune,7,353.9726932120123,-3.8276022876848588,engine
Neptune,8,353.9727169451733,-3.8275921240210375,engine
Neptune,9,353.9727406787874,-3.8275819602904475,engine
Neptune,10,353.9727644128553,-3.8275717964952563,engine
Neptune,11,353.972788147388,-3.827561632633577,engine
Neptune,12,353.9728118823861,-3.827551468707583,engine
Neptune,13,353.97283561785804,-3.82754130471641,engine
Neptune,14,353.972859353812,-3.827531140659179,engine
Neptune,15,353.97288309024873,-3.8275209765380818,engine
Neptune,16,353.9729068271791,-3.8275108123512265,engine
Neptune,17,353.9729305646196,-3.8275006480939897,engine
Neptune,18,353.9729543025467,-3.8274904837791386,engine
Neptune,19,353.97297804098463,-3.8274803193989935,engine
Neptune,20,353.973001779934,-3.827470154955746,engine
Neptune,21,353.97302551940555,-3.827459990447519,engine
Neptune,22,353.9730492593999,-3.827449825876512,engine
Neptune,23,353.97307299992525,-3.8274396612418675,engine
Neptune,24,353.97309674098994,-3.8274294965427273,engine
Neptune,25,353.9731204825944,-3.8274193317812957,engine
Neptune,26,353.97314422474943,-3.8274091669557007,engine
Neptune,27,353.97316796745554,-3.827399002068151,engine
Neptune,28,353.9731917107209,-3.827388837117793,engine
Neptune,29,353.9732154545697,-3.82737867209697,engine
Neptune,30,353.9732391989704,-3.8273685070215153,engine
Pallas,-30,17.508879047768183,-5.81863930820061,engine
Pallas,-20,17.511576236102414,-5.818020858160267,engine
Pallas,-15,17.51292499728684,-5.817711611806141,engine
Pallas,-10,17.514273874644683,-5.817402351588635,engine
Pallas,-5,17.5156228720834,-5.817093077632067,engine
Pallas,-2,17.516432329510526,-5.816907506807535,engine
Pallas,-1,17.51670215869968,-5.8168456488028735,engine
Pallas,0,17.51697199287721,-5.816783790256881,engine
Pallas,1,17.51724183221339,-5.8167219311938885,engine
Pallas,2,17.517511676665748,-5.816660071604726,engine
Pallas,3,17.51778152626257,-5.816598211491406,engine
Pallas,4,17.518051380961218,-5.816536350844777,engine
Pallas,5,17.518321240931602,-5.8164744896892175,engine
Pallas,6,17.51859110631182,-5.816412627974124,engine
Pallas,7,17.518860976767936,-5.816350765784518,engine
Pallas,8,17.519130852437865,-5.8162889030698235,engine
Pallas,9,17.51940073349115,-5.816227039854452,engine
Pallas,10,17.519670619884604,-5.816165176129345,engine
Pallas,11,17.5199405116458,-5.816103311896605,engine
Pallas,12,17.52021040873136,-5.816041447147175,engine
Pallas,13,17.52048031131044,-5.815979581905533,engine
Pallas,14,17.52075021933947,-5.815917716162653,engine
Pallas,15,17.521020132845663,-5.815855849920686,engine
Pallas,16,17.52129005178524,-5.8157939831706305,engine
Pallas,17,17.521559976507994,-5.8157321158955115,engine
Pallas,18,17.521829906607994,-5.815670248169331,engine
Pallas,19,17.522099842222115,-5.815608379941631,engine
Pallas,20,17.522369783518947,-5.815546511236962,engine
Pallas,21,17.522639730454184,-5.81548464204638,engine
Pallas,22,17.522909682983457,-5.815422772360952,engine
Pallas,23,17.523179641275014,-5.81536090220526,engine
Pallas,24,17.52344960528428,-5.815299031570397,engine
Pallas,25,17.523719574966616,-5.815237160447465,engine
Pallas,26,17.523989550489922,-5.8151752888610755,engine
Pallas,27,17.524259531809353,-5.8151134168023635,engine
Pallas,28,17.524529518950835,-5.815051544273622,engine
Pallas,29,17.524799512050382,-5.814989671224512,engine
Pallas,30,17.52506951091336,-5.814927797762674,engine
Pluto,-30,300.45800372980824,-22.402553486459084,engine
Pluto,-20,300.4581333558301,-22.402543702929,engine
Pluto,-15,300.45819820916296,-22.402538804127463,engine
Pluto,-10,300.45826308983976,-22.402533900969736,engine
Pluto,-5,300.458327998216,-22.402528993708433,engine
Pluto,-2,300.4583669566597,-22.4025260474889,engine
Pluto,-1,300.45837994506064,-22.402525065117654,engine
Pluto,0,300.4583929345892,-22.40252408260058,engine
Pluto,1,300.4584059252528,-22.40252309994017,engine
Pluto,2,300.4584189170513,-22.402522117138307,engine
Pluto,3,300.458431909987,-22.402521134197045,engine
Pluto,4,300.45844490405966,-22.402520151118292,engine
Pluto,5,300.45845789927665,-22.402519167904536,engine
Pluto,6,300.45847089564637,-22.40251818455702,engine
Pluto,7,300.45848389315364,-22.402517201079146,engine
Pluto,8,300.4584968918069,-22.402516217472147,engine
Pluto,9,300.4585098916132,-22.402515233738548,engine
Pluto,10,300.45852289257226,-22.402514249880245,engine
Pluto,11,300.45853589468624,-22.402513265899355,engine
Pluto,12,300.45854889795464,-22.40251228179776,engine
Pluto,13,300.45856190238464,-22.40251129757802,engine
Pluto,14,300.45857490797573,-22.40251031324205,engine
Pluto,15,300.45858791472995,-22.40250932879195,engine
Pluto,16,300.45860092264917,-22.40250834422985,engine
Pluto,17,300.4586139317417,-22.40250735955701,engine
Pluto,18,300.45862694199695,-22.40250637477731,engine
Pluto,19,300.4586399534231,-22.402505389892013,engine
Pluto,20,300.458652966022,-22.402504404903247,engine
Pluto,21,300.45866597979557,-22.402503419813165,engine
Pluto,22,300.4586789947431,-22.402502434623678,engine
Pluto,23,300.4586920108713,-22.402501449337382,engine
Pluto,24,300.45870502817957,-22.4025004639562,engine
Pluto,25,300.45871804666956,-22.402499478482284,engine
Pluto,26,300.45873106634303,-22.402498492917783,engine
Pluto,27,300.45874408720175,-22.40249750726486,engine
Pluto,28,300.4587571092448,-22.402496521525453,engine
Pluto,29,300.4587701324876,-22.402495535701494,engine
Pluto,30,300.45878315691175,-22.402494549796266,engine
Rahu,-30,50.97505762920009,18.611741933297953,engine
Rahu,-20,50.975186580685914,18.611773543951877,engine
Rahu,-15,50.97525109354477,18.611789358340562,engine
Rahu,-10,50.97531563009823,18.611805178513116,engine
Rahu,-5,50.97538018958526,18.61182100428293,engine
Rahu,-2,50.97541893595248,18.611830502349836,engine
Rahu,-1,50.97543185315076,18.611833668797324,engine
Rahu,0,50.975444771210306,18.611836835454955,engine
Rahu,1,50.97545769012441,18.611840002321088,engine
Rahu,2,50.97547060988715,18.611843169394266,engine
Rahu,3,50.97548353049196,18.611846336672873,engine
Rahu,4,50.975496451932955,18.611849504155472,engine
Rahu,5,50.97550937420377,18.611852671840502,engine
Rahu,6,50.97552229730693,18.611855839728584,engine
Rahu,7,50.975535221218614,18.611859007813884,engine
Rahu,8,50.97554814594165,18.611862176097077,engine
Rahu,9,50.97556107146979,18.611865344576646,engine
Rahu,10,50.97557399779607,18.61186851325087,engine
Rahu,11,50.97558692491529,18.611871682118498,engine
Rahu,12,50.97559985282065,18.61187485117784,engine
Rahu,13,50.97561278150615,18.61187802042743,engine
Rahu,14,50.97562571096552,18.611881189865752,engine
Rahu,15,50.97563864119213,18.61188435949114,engine
Rahu,16,50.97565157218033,18.611887529302244,engine
Rahu,17,50.97566450393245,18.611890699299618,engine
Rahu,18,50.97567743642467,18.611893869477424,engine
Rahu,19,50.975690369659674,18.611897039836332,engine
Rahu,20,50.97570330363092,18.611900210374703,engine
Rahu,21,50.97571623833261,18.61190338109116,engine
Rahu,22,50.97572917375833,18.61190655198411,engine
Rahu,23,50.9757421099019,18.611909723052047,engine
Rahu,24,50.975755046756845,18.611912894293365,engine
Rahu,25,50.97576798431731,18.61191606570662,engine
Rahu,26,50.97578092257692,18.6119192372903,engine
Rahu,27,50.97579386152927,18.61192240904278,engine
Rahu,28,50.97580680116823,18.611925580962595,engine
Rahu,29,50.97581974149669,18.61192875305044,engine
Rahu,30,50.97583268249046,18.611931925300368,engine
Regulus,-30,152.0960329240836,11.965555461041708,engine
Regulus,-20,152.09603501426895,11.965555528444645,engine
Regulus,-15,152.0960360643634,11.96555557023047,engine
Regulus,-10,152.0960371170102,11.96555561742275,engine
Regulus,-5,152.09603817162153,11.965555670030954,engine
Regulus,-2,152.09603880508618,11.965555704198463,engine
Regulus,-1,152.09603901632906,11.965555716021658,engine
Regulus,0,152.09603922760812,11.965555728061911,engine
Regulus,1,152.0960394389186,11.965555740319255,engine
Regulus,2,152.0960396502558,11.965555752793705,engine
Regulus,3,152.09603986161497,11.965555765485291,engine
Regulus,4,152.09604007299143,11.965555778394016,engine
Regulus,5,152.09604028438042,11.965555791519892,engine
Regulus,6,152.09604049577734,11.965555804862932,engine
Regulus,7,152.09604070717728,11.965555818423118,engine
Regulus,8,152.0960409185756,11.96555583220046,engine
Regulus,9,152.09604112996755,11.965555846194952,engine
Regulus,10,152.09604134134844,11.965555860406567,engine
Regulus,11,152.09604155271356,11.965555874835315,engine
Regulus,12,152.09604176405816,11.965555889481154,engine
Regulus,13,152.09604197537757,11.965555904344068,engine
Regulus,14,152.096042186667,11.96555591942403,engine
Regulus,15,152.09604239792176,11.965555934721014,engine
Regulus,16,152.09604260913719,11.965555950234963,engine
Regulus,17,152.0960428203086,11.965555965965866,engine
Regulus,18,152.0960430314311,11.96555598191365,engine
Regulus,19,152.09604324250003,11.965555998078278,engine
Regulus,20,152.09604345351073,11.965556014459697,engine
Regulus,21,152.09604366445842,11.965556031057847,engine
Regulus,22,152.09604387533847,11.965556047872669,engine
Regulus,23,152.09604408614612,11.965556064904101,engine
Regulus,24,152.09604429687664,11.965556082152071,engine
Regulus,25,152.0960445075254,11.9655560996165,engine
Regulus,26,152.0960447180876,11.965556117297314,engine
Regulus,27,152.0960449285586,11.965556135194431,engine
Regulus,28,152.09604513893368,11.965556153307762,engine
Regulus,29,152.09604534920823,11.96555617163724,engine
Regulus,30,152.09604555937733,11.965556190182737,engine
Saturn,-30,323.62931519344244,-15.394545849910504,engine
Saturn,-20,323.62999638940994,-15.39433676649605,engine
Saturn,-15,323.63033707900274,-15.39423221965752,engine
Saturn,-10,323.63067783034836,-15.394127669944837,engine
Saturn,-5,323.6310186440241,-15.394023117737161,engine
Saturn,-2,323.6312231622826,-15.393960385401984,engine
Saturn,-1,323.6312913400809,-15.393939474470262,engine
Saturn,0,323.63135952038965,-15.39391856347242,engine
Saturn,1,323.6314277032391,-15.393897652404092,engine
Saturn,2,323.63149588860574,-15.393876741276207,engine
Saturn,3,323.63156407651945,-15.393855830084393,engine
Saturn,4,323.6316322669567,-15.393834918839584,engine
Saturn,5,323.63170045994724,-15.393814007537426,engine
Saturn,6,323.63176865551327,-15.393793096174832,engine
Saturn,7,323.631836853593,-15.393772184775493,engine
Saturn,8,323.6319050542216,-15.393751273332525,engine
Saturn,9,323.6319732573886,-15.393730361853033,engine
Saturn,10,323.6320414631237,-15.393709450332699,engine
Saturn,11,323.6321096714028,-15.39368853878245,engine
Saturn,12,323.63217788225546,-15.393667627197972,engine
Saturn,13,323.63224609565737,-15.393646715590224,engine
Saturn,14,323.6323143116381,-15.393625803954862,engine
Saturn,15,323.63238253017323,-15.393604892302871,engine
Saturn,16,323.63245075129214,-15.393583980629918,engine
Saturn,17,323.6325189750296,-15.393563068929126,engine
Saturn,18,323.63258720128294,-15.3935421572357,engine
Saturn,19,323.6326554301272,-15.3935212455313,engine
Saturn,20,323.63272366153774,-15.393500333826891,engine
Saturn,21,323.6327918955435,-15.393479422118183,engine
Saturn,22,323.63286013211984,-15.39345851041614,engine
Saturn,23,323.6329283712957,-15.39343759871647,engine
Saturn,24,323.6329966130597,-15.39341668702634,engine
Saturn,25,323.6330648574002,-15.393395775352896,engine
Saturn,26,323.63313310434614,-15.39337486369186,engine
Saturn,27,323.63320135387244,-15.393353952054222,engine
Saturn,28,323.63326960600784,-15.393333040435682,engine
Saturn,29,323.6333378607862,-15.393312128829393,engine
Saturn,30,323.6334061181044,-15.393291217270574,engine
Sun,-30,2.4576725704149647,1.0631334962113128,engine
Sun,-20,2.463951648936373,1.065869351458464,engine
Sun,-15,2.4670920223510278,1.0672372547582685,engine
Sun,-10,2.4702329645367196,1.0686051418921265,engine
Sun,-5,2.473374485919527,1.0699730134548775,engine
Sun,-2,2.475259680191816,1.070793728817057,engine
Sun,-1,2.4758881256703127,1.0710672993715138,engine
Sun,0,2.476516594962949,1.0713408693128237,engine
Sun,1,2.4771450881407944,1.0716144386428073,engine
Sun,2,2.4777736052746886,1.071888007363409,engine
Sun,3,2.4784021464347807,1.0721615754764775,engine
Sun,4,2.4790307116914527,1.0724351429841537,engine
Sun,5,2.4796593011139594,1.0727087098882997,engine
Sun,6,2.480287915192539,1.0729822763742345,engine
Sun,7,2.4809165531531807,1.0732558420772338,engine
Sun,8,2.481545215485258,1.073529407182645,engine
Sun,9,2.4821739022563545,1.0738029716924515,engine
Sun,10,2.48280261353338,1.074076535608567,engine
Sun,11,2.4834313493834266,1.0743500989331702,engine
Sun,12,2.484060109872528,1.0746236616682134,engine
Sun,13,2.484688895066171,1.0748972238156165,engine
Sun,14,2.4853177050299755,1.0751707853775831,engine
Sun,15,2.485946539828592,1.0754443463560819,engine
Sun,16,2.4865753995263207,1.0757179067531555,engine
Sun,17,2.4872042846084392,1.0759914667542225,engine
Sun,18,2.4878331942953413,1.0762650259946307,engine
Sun,19,2.488462129071376,1.0765385846598066,engine
Sun,20,2.4890910889989755,1.0768121427518513,engine
Sun,21,2.4897200741400045,1.0770857002728367,engine
Sun,22,2.4903490845556986,1.0773592572247657,engine
Sun,23,2.4909781203073984,1.0776328136099214,engine
Sun,24,2.491607181455422,1.077906369430344,engine
Sun,25,2.492236268059706,1.0781799246881383,engine
Sun,26,2.492865380179519,1.0784534793853517,engine
Sun,27,2.4934945178742924,1.0787270335242756,engine
Sun,28,2.494123681202337,1.0790005871069863,engine
Sun,29,2.4947528706435804,1.0792741403190609,engine
Sun,30,2.4953820854117503,1.0795476927957741,engine
Uranus,-30,39.84711347412613,15.134486594532655,engine
Uranus,-20,39.84743351625481,15.134589626403992,engine
Uranus,-15,39.847593520864194,15.134641128547816,engine
Uranus,-10,39.84775351571503,15.134692621366753,engine
Uranus,-5,39.84791350179943,15.134744104793446,engine
Uranus,-2,39.848009489618406,15.13477499030254,engine
Uranus,-1,39.84804148496355,15.134785284710278,engine
Uranus,0,39.84807348002584,15.134795578736611,engine
Uranus,1,39.84810547481784,15.13480587238256,engine
Uranus,2,39.84813746933749,15.134816165644398,engine
Uranus,3,39.84816946360224,15.134826458524756,engine
Uranus,4,39.84820145761005,15.134836751019941,engine
Uranus,5,39.848233451373524,15.134847043131005,engine
Uranus,6,39.84826544492674,15.134857334865899,engine
Uranus,7,39.848297438224726,15.134867626207164,engine
Uranus,8,39.8483294313065,15.134877917164363,engine
Uranus,9,39.84836142417001,15.134888207733841,engine
Uranus,10,39.848393416827925,15.134898497916682,engine
Uranus,11,39.84842540929291,15.13490878771401,engine
Uranus,12,39.84845740156295,15.134919077122197,engine
Uranus,13,39.848489393650766,15.134929366142359,engine
Uranus,14,39.84852138556898,15.134939654775627,engine
Uranus,15,39.84855337731568,15.134949943018407,engine
Uranus,16,39.84858536890354,15.134960230871847,engine
Uranus,17,39.84861736036674,15.13497051834399,engine
Uranus,18,39.848649351660406,15.13498080541749,engine
Uranus,19,39.84868134281873,15.1349910921004,engine
Uranus,20,39.848713333854434,15.135001378393905,engine
Uranus,21,39.848745324765595,15.135011664294472,engine
Uranus,22,39.848777315564945,15.135021949803297,engine
Uranus,23,39.84880930626525,15.13503223492157,engine
Uranus,24,39.84884129686461,15.135042519645793,engine
Uranus,25,39.848873287375774,15.135052803977189,engine
Uranus,26,39.84890527781152,15.135063087916992,engine
Uranus,27,39.84893726816996,15.1350733714617,engine
Uranus,28,39.84896925846388,15.135083654612579,engine
Uranus,29,39.84900124872261,15.135093937376194,engine
Uranus,30,39.84903323891605,15.135104219740036,engine
Venus,-30,318.0850705147293,-14.375661017494755,engine
Venus,-20,318.0922145420592,-14.37424960996006,engine
Venus,-15,318.09578820175085,-14.373543808346685,engine
Venus,-10,318.0993629546836,-14.372837948949362,engine
Venus,-5,318.10293879858136,-14.372132037034024,engine
Venus,-2,318.10508482654524,-14.37170846706278,engine
Venus,-1,318.10580025597966,-14.371567273497147,engine
Venus,0,318.10651572875196,-14.37142607822534,engine
Venus,1,318.10723124485753,-14.371284881346423,engine
Venus,2,318.1079468041988,-14.37114368279196,engine
Venus,3,318.1086624067692,-14.371002482660886,engine
Venus,4,318.1093780525313,-14.370861280996317,engine
Venus,5,318.1100937414771,-14.370720077897099,engine
Venus,6,318.11080947398574,-14.370578873199985,engine
Venus,7,318.1115252490879,-14.37043766719311,engine
Venus,8,318.11224106722256,-14.370296459824695,engine
Venus,9,318.11295692837894,-14.370155251193413,engine
Venus,10,318.1136728324528,-14.37001404123056,engine
Venus,11,318.11438877943175,-14.369872830034666,engine
Venus,12,318.11510476927157,-14.369731617648503,engine
Venus,13,318.11582080195853,-14.369590404170495,engine
Venus,14,318.11653687738504,-14.369449189531762,engine
Venus,15,318.11725299553575,-14.369307973830688,engine
Venus,16,318.11796915636336,-14.369166757109765,engine
Venus,17,318.118685360331,-14.369025539372545,engine
Venus,18,318.11940160636783,-14.36888432073934,engine
Venus,19,318.12011789493533,-14.3687431012136,engine
Venus,20,318.12083422601415,-14.368601880893387,engine
Venus,21,318.1215505994914,-14.368460659709482,engine
Venus,22,318.12226701534615,-14.368319437759837,engine
Venus,23,318.1229834735257,-14.36817821508657,engine
Venus,24,318.1236999740078,-14.368036991787555,engine
Venus,25,318.1244165166763,-14.367895767793337,engine
Venus,26,318.1251331015073,-14.367754543201627,engine
Venus,27,318.1258497284759,-14.367613318110093,engine
Venus,28,318.1265663974639,-14.367472092449079,engine
Venus,29,318.1272831089255,-14.367330866221453,engine
Venus,30,318.1279998618416,-14.367189639658337,engine
Vesta,-30,308.1368358802984,-18.764136419481197,engine
Vesta,-20,308.1401873337805,-18.76356595408957,engine
Vesta,-15,308.1418634643666,-18.763280738709334,engine
Vesta,-10,308.14353986199654,-18.762995537523512,engine
Vesta,-5,308.1452165255602,-18.762710352389767,engine
Vesta,-2,308.14622265037883,-18.762539249858836,engine
Vesta,-1,308.1465580463324,-18.76248221719871,engine
Vesta,0,308.1468934529094,-18.762425185307638,engine
Vesta,1,308.14722886985294,-18.762368154226287,engine
Vesta,2,308.14756429738935,-18.762311123944478,engine
Vesta,3,308.1478997352613,-18.762254094502833,engine
Vesta,4,308.14823518357395,-18.762197065903834,engine
Vesta,5,308.14857064243205,-18.76214003814992,engine
Vesta,6,308.1489061118026,-18.762083011243426,engine
Vesta,7,308.1492415914611,-18.762025985250535,engine
Vesta,8,308.14957708137393,-18.761968960173512,engine
Vesta,9,308.14991258164525,-18.76191193601473,engine
Vesta,10,308.15024809237866,-18.76185491277653,engine
Vesta,11,308.1505836133152,-18.761797890499356,engine
Vesta,12,308.150919144679,-18.76174086917282,engine
Vesta,13,308.1512546862106,-18.761683848837276,engine
Vesta,14,308.15159023813385,-18.761626829482307,engine
Vesta,15,308.1519258001886,-18.761569811148256,engine
Vesta,16,308.1522613724776,-18.761512793837305,engine
Vesta,17,308.1525969553279,-18.761455777513394,engine
Vesta,18,308.152932548029,-18.76139876229329,engine
Vesta,19,308.1532681510286,-18.76134174812815,engine
Vesta,20,308.15360376406574,-18.76128473505821,engine
Vesta,21,308.1539393873625,-18.76122772307284,engine
Vesta,22,308.15427502065774,-18.761170712212202,engine
Vesta,23,308.15461066417305,-18.761113702465607,engine
Vesta,24,308.1549463176467,-18.761056693873176,engine
Vesta,25,308.15528198117926,-18.760999686436882,engine
Vesta,26,308.1556176548709,-18.760942680158646,engine
Vesta,27,308.15595333845937,-18.760885675078516,engine
Vesta,28,308.15628903216526,-18.760828671185642,engine
Vesta,29,308.1566247359509,-18.760771668481812,engine
Vesta,30,308.15696044958634,-18.760714667032566,engine
Gonggong,-30,337.0767287323711,-11.14080064609809,tno-rate
Gonggong,-20,337.07679511565044,-11.140771408645639,tno-rate
Gonggong,-15,337.07682830729016,-11.140756789919415,tno-rate
Gonggong,-10,337.0768614989298,-11.14074217119319,tno-rate
Gonggong,-5,337.07689469056953,-11.140727552466965,tno-rate
Gonggong,-2,337.0769146055533,-11.14071878123123,tno-rate
Gonggong,-1,337.07692124388126,-11.140715857485985,tno-rate
Gonggong,0,337.0769278822092,-11.14071293374074,tno-rate
Gonggong,1,337.0769345205371,-11.140710009995496,tno-rate
Gonggong,2,337.07694115886505,-11.14070708625025,tno-rate
Gonggong,3,337.076947797193,-11.140704162505006,tno-rate
Gonggong,4,337.0769544355209,-11.14070123875976,tno-rate
Gonggong,5,337.07696107384885,-11.140698315014516,tno-rate
Gonggong,6,337.0769677121768,-11.14069539126927,tno-rate
Gonggong,7,337.07697435050477,-11.140692467524026,tno-rate
Gonggong,8,337.0769809888327,-11.14068954377878,tno-rate
Gonggong,9,337.07698762716063,-11.140686620033536,tno-rate
Gonggong,10,337.07699426548857,-11.14068369628829,tno-rate
Gonggong,11,337.0770009038165,-11.140680772543046,tno-rate
Gonggong,12,337.07700754214443,-11.1406778487978,tno-rate
Gonggong,13,337.07701418047236,-11.140674925052556,tno-rate
Gonggong,14,337.0770208188003,-11.140672001307312,tno-rate
Gonggong,15,337.0770274571282,-11.140669077562066,tno-rate
Gonggong,16,337.07703409545616,-11.140666153816822,tno-rate
Gonggong,17,337.0770407337841,-11.140663230071576,tno-rate
Gonggong,18,337.077047372112,-11.140660306326332,tno-rate
Gonggong,19,337.07705401043995,-11.140657382581086,tno-rate
Gonggong,20,337.07706064876794,-11.140654458835842,tno-rate
Gonggong,21,337.0770672870959,-11.140651535090596,tno-rate
Gonggong,22,337.0770739254238,-11.140648611345352,tno-rate
Gonggong,23,337.07708056375174,-11.140645687600106,tno-rate
Gonggong,24,337.07708720207967,-11.140642763854862,tno-rate
Gonggong,25,337.0770938404076,-11.140639840109616,tno-rate
Gonggong,26,337.07710047873553,-11.140636916364372,tno-rate
Gonggong,27,337.07710711706346,-11.140633992619128,tno-rate
Gonggong,28,337.0771137553914,-11.140631068873882,tno-rate
Gonggong,29,337.0771203937193,-11.140628145128638,tno-rate
Gonggong,30,337.07712703204726,-11.140625221383392,tno-rate
Haumea,-30,217.2502428138127,15.662945182077076,tno-rate
Haumea,-20,217.25015529275746,15.663012055303211,tno-rate
Haumea,-15,217.25011153222985,15.663045491916277,tno-rate
Haumea,-10,217.25006777170225,15.663078928529345,tno-rate
Haumea,-5,217.25002401117462,15.663112365142412,tno-rate
Haumea,-2,217.24999775485807,15.663132427110252,tno-rate
Haumea,-1,217.24998900275253,15.663139114432866,tno-rate
Haumea,0,217.249980250647,15.66314580175548,tno-rate
Haumea,1,217.2499714985415,15.663152489078094,tno-rate
Haumea,2,217.24996274643595,15.663159176400708,tno-rate
Haumea,3,217.24995399433044,15.66316586372332,tno-rate
Haumea,4,217.24994524222492,15.663172551045934,tno-rate
Haumea,5,217.2499364901194,15.663179238368548,tno-rate
Haumea,6,217.24992773801387,15.663185925691161,tno-rate
Haumea,7,217.24991898590835,15.663192613013774,tno-rate
Haumea,8,217.24991023380284,15.663199300336387,tno-rate
Haumea,9,217.24990148169732,15.663205987659001,tno-rate
Haumea,10,217.24989272959178,15.663212674981615,tno-rate
Haumea,11,217.24988397748626,15.663219362304229,tno-rate
Haumea,12,217.24987522538075,15.663226049626841,tno-rate
Haumea,13,217.2498664732752,15.663232736949455,tno-rate
Haumea,14,217.2498577211697,15.663239424272069,tno-rate
Haumea,15,217.24984896906417,15.663246111594683,tno-rate
Haumea,16,217.24984021695866,15.663252798917295,tno-rate
Haumea,17,217.24983146485312,15.663259486239909,tno-rate
Haumea,18,217.2498227127476,15.663266173562523,tno-rate
Haumea,19,217.2498139606421,15.663272860885137,tno-rate
Haumea,20,217.24980520853657,15.663279548207749,tno-rate
Haumea,21,217.24979645643103,15.663286235530363,tno-rate
Haumea,22,217.2497877043255,15.663292922852976,tno-rate
Haumea,23,217.24977895222,15.66329961017559,tno-rate
Haumea,24,217.24977020011445,15.663306297498204,tno-rate
Haumea,25,217.24976144800894,15.663312984820816,tno-rate
Haumea,26,217.24975269590342,15.66331967214343,tno-rate
Haumea,27,217.2497439437979,15.663326359466044,tno-rate
Haumea,28,217.24973519169237,15.663333046788658,tno-rate
Haumea,29,217.24972643958685,15.66333973411127,tno-rate
Haumea,30,217.24971768748134,15.663346421433884,tno-rate
Makemake,-30,198.7270118181689,22.866049870063488,tno-rate
Makemake,-20,198.72690375725082,22.86610281519326,tno-rate
Makemake,-15,198.72684972679178,22.86612928775814,tno-rate
Makemake,-10,198.72679569633277,22.86615576032303,tno-rate
Makemake,-5,198.72674166587373,22.866182232887912,tno-rate
Makemake,-2,198.7267092475983,22.866198116426844,tno-rate
Makemake,-1,198.7266984415065,22.86620341093982,tno-rate
Makemake,0,198.7266876354147,22.8662087054528,tno-rate
Makemake,1,198.72667682932288,22.866213999965776,tno-rate
Makemake,2,198.72666602323108,22.866219294478753,tno-rate
Makemake,3,198.72665521713927,22.86622458899173,tno-rate
Makemake,4,198.72664441104746,22.866229883504708,tno-rate
Makemake,5,198.72663360495565,22.866235178017686,tno-rate
Makemake,6,198.72662279886384,22.86624047253066,tno-rate
Makemake,7,198.72661199277204,22.866245767043637,tno-rate
Makemake,8,198.72660118668023,22.866251061556614,tno-rate
Makemake,9,198.72659038058842,22.86625635606959,tno-rate
Makemake,10,198.7265795744966,22.86626165058257,tno-rate
Makemake,11,198.7265687684048,22.866266945095546,tno-rate
Makemake,12,198.72655796231302,22.866272239608524,tno-rate
Makemake,13,198.72654715622122,22.8662775341215,tno-rate
Makemake,14,198.7265363501294,22.86628282863448,tno-rate
Makemake,15,198.7265255440376,22.866288123147456,tno-rate
Makemake,16,198.7265147379458,22.866293417660433,tno-rate
Makemake,17,198.72650393185398,22.866298712173407,tno-rate
Makemake,18,198.72649312576218,22.866304006686384,tno-rate
Makemake,19,198.72648231967037,22.86630930119936,tno-rate
Makemake,20,198.72647151357856,22.86631459571234,tno-rate
Makemake,21,198.72646070748675,22.866319890225316,tno-rate
Makemake,22,198.72644990139494,22.866325184738294,tno-rate
Makemake,23,198.72643909530314,22.86633047925127,tno-rate
Makemake,24,198.72642828921133,22.86633577376425,tno-rate
Makemake,25,198.72641748311952,22.866341068277226,tno-rate
Makemake,26,198.7264066770277,22.866346362790203,tno-rate
Makemake,27,198.7263958709359,22.86635165730318,tno-rate
Makemake,28,198.7263850648441,22.866356951816154,tno-rate
Makemake,29,198.7263742587523,22.866362246329132,tno-rate
Makemake,30,198.72636345266048,22.86636754084211,tno-rate
Orcus,-30,156.1451571024021,-11.88097551589317,tno-rate
Orcus,-20,156.14505297590668,-11.880916222430432,tno-rate
Orcus,-15,156.14500091265896,-11.880886575699064,tno-rate
Orcus,-10,156.14494884941124,-11.880856928967697,tno-rate
Orcus,-5,156.1448967861635,-11.880827282236329,tno-rate
Orcus,-2,156.14486554821488,-11.880809494197507,tno-rate
Orcus,-1,156.14485513556534,-11.880803564851234,tno-rate
Orcus,0,156.1448447229158,-11.88079763550496,tno-rate
Orcus,1,156.14483431026625,-11.880791706158686,tno-rate
Orcus,2,156.1448238976167,-11.880785776812413,tno-rate
Orcus,3,156.14481348496716,-11.880779847466139,tno-rate
Orcus,4,156.14480307231761,-11.880773918119866,tno-rate
Orcus,5,156.14479265966807,-11.880767988773592,tno-rate
Orcus,6,156.14478224701853,-11.880762059427319,tno-rate
Orcus,7,156.14477183436898,-11.880756130081044,tno-rate
Orcus,8,156.14476142171944,-11.880750200734772,tno-rate
Orcus,9,156.1447510090699,-11.880744271388497,tno-rate
Orcus,10,156.14474059642035,-11.880738342042223,tno-rate
Orcus,11,156.1447301837708,-11.88073241269595,tno-rate
Orcus,12,156.14471977112126,-11.880726483349676,tno-rate
Orcus,13,156.14470935847172,-11.880720554003403,tno-rate
Orcus,14,156.14469894582217,-11.880714624657129,tno-rate
Orcus,15,156.14468853317263,-11.880708695310856,tno-rate
Orcus,16,156.14467812052308,-11.880702765964582,tno-rate
Orcus,17,156.14466770787354,-11.88069683661831,tno-rate
Orcus,18,156.144657295224,-11.880690907272035,tno-rate
Orcus,19,156.14464688257445,-11.880684977925762,tno-rate
Orcus,20,156.1446364699249,-11.880679048579488,tno-rate
Orcus,21,156.14462605727536,-11.880673119233213,tno-rate
Orcus,22,156.14461564462584,-11.88066718988694,tno-rate
Orcus,23,156.1446052319763,-11.880661260540666,tno-rate
Orcus,24,156.14459481932676,-11.880655331194394,tno-rate
Orcus,25,156.1445844066772,-11.88064940184812,tno-rate
Orcus,26,156.14457399402767,-11.880643472501847,tno-rate
Orcus,27,156.14456358137812,-11.880637543155572,tno-rate
Orcus,28,156.14455316872858,-11.8806316138093,tno-rate
Orcus,29,156.14454275607903,-11.880625684463025,tno-rate
Orcus,30,156.1445323434295,-11.88061975511675,tno-rate
Quaoar,-30,277.22891840696906,-15.298134050720554,tno-rate
Quaoar,-20,277.2289591062732,-15.298109072166802,tno-rate
Quaoar,-15,277.22897945592524,-15.298096582889926,tno-rate
Quaoar,-10,277.22899980557736,-15.29808409361305,tno-rate
Quaoar,-5,277.2290201552294,-15.298071604336174,tno-rate
Quaoar,-2,277.22903236502066,-15.29806411077005,tno-rate
Quaoar,-1,277.22903643495107,-15.298061612914674,tno-rate
Quaoar,0,277.2290405048815,-15.2980591150593,tno-rate
Quaoar,1,277.2290445748119,-15.298056617203924,tno-rate
Quaoar,2,277.2290486447423,-15.29805411934855,tno-rate
Quaoar,3,277.2290527146727,-15.298051621493174,tno-rate
Quaoar,4,277.22905678460313,-15.2980491236378,tno-rate
Quaoar,5,277.22906085453354,-15.298046625782424,tno-rate
Quaoar,6,277.22906492446396,-15.298044127927048,tno-rate
Quaoar,7,277.22906899439437,-15.298041630071673,tno-rate
Quaoar,8,277.2290730643248,-15.298039132216298,tno-rate
Quaoar,9,277.2290771342552,-15.298036634360923,tno-rate
Quaoar,10,277.2290812041856,-15.298034136505548,tno-rate
Quaoar,11,277.2290852741161,-15.298031638650173,tno-rate
Quaoar,12,277.2290893440465,-15.298029140794798,tno-rate
Quaoar,13,277.2290934139769,-15.298026642939423,tno-rate
Quaoar,14,277.2290974839073,-15.298024145084048,tno-rate
Quaoar,15,277.2291015538377,-15.298021647228673,tno-rate
Quaoar,16,277.22910562376813,-15.298019149373296,tno-rate
Quaoar,17,277.22910969369855,-15.298016651517921,tno-rate
Quaoar,18,277.22911376362896,-15.298014153662546,tno-rate
Quaoar,19,277.22911783355937,-15.298011655807171,tno-rate
Quaoar,20,277.2291219034898,-15.298009157951796,tno-rate
Quaoar,21,277.2291259734202,-15.298006660096421,tno-rate
Quaoar,22,277.2291300433506,-15.298004162241046,tno-rate
Quaoar,23,277.229134113281,-15.298001664385671,tno-rate
Quaoar,24,277.22913818321143,-15.297999166530296,tno-rate
Quaoar,25,277.22914225314184,-15.297996668674921,tno-rate
Quaoar,26,277.22914632307226,-15.297994170819546,tno-rate
Quaoar,27,277.22915039300267,-15.29799167296417,tno-rate
Quaoar,28,277.2291544629331,-15.297989175108794,tno-rate
Quaoar,29,277.2291585328635,-15.29798667725342,tno-rate
Quaoar,30,277.2291626027939,-15.297984179398044,tno-rate
Sedna,-30,58.447005787564414,8.189126067686857,tno-rate
Sedna,-20,58.447056532094145,8.18915201099198,tno-rate
Sedna,-15,58.44708190435901,8.189164982644543,tno-rate
Sedna,-10,58.44710727662387,8.189177954297106,tno-rate
Sedna,-5,58.44713264888873,8.189190925949667,tno-rate
Sedna,-2,58.447147872247655,8.189198708941205,tno-rate
Sedna,-1,58.447152946700626,8.189201303271718,tno-rate
Sedna,0,58.4471580211536,8.18920389760223,tno-rate
Sedna,1,58.44716309560657,8.189206491932742,tno-rate
Sedna,2,58.44716817005954,8.189209086263254,tno-rate
Sedna,3,58.44717324451251,8.189211680593766,tno-rate
Sedna,4,58.44717831896549,8.18921427492428,tno-rate
Sedna,5,58.44718339341846,8.189216869254793,tno-rate
Sedna,6,58.447188467871435,8.189219463585305,tno-rate
Sedna,7,58.447193542324406,8.189222057915817,tno-rate
Sedna,8,58.44719861677738,8.18922465224633,tno-rate
Sedna,9,58.44720369123035,8.189227246576841,tno-rate
Sedna,10,58.44720876568333,8.189229840907354,tno-rate
Sedna,11,58.4472138401363,8.189232435237866,tno-rate
Sedna,12,58.44721891458927,8.18923502956838,tno-rate
Sedna,13,58.44722398904224,8.189237623898892,tno-rate
Sedna,14,58.447229063495215,8.189240218229404,tno-rate
Sedna,15,58.447234137948186,8.189242812559916,tno-rate
Sedna,16,58.447239212401165,8.189245406890429,tno-rate
Sedna,17,58.447244286854136,8.18924800122094,tno-rate
Sedna,18,58.44724936130711,8.189250595551453,tno-rate
Sedna,19,58.44725443576008,8.189253189881965,tno-rate
Sedna,20,58.44725951021305,8.18925578421248,tno-rate
Sedna,21,58.44726458466602,8.189258378542991,tno-rate
Sedna,22,58.447269659119,8.189260972873504,tno-rate
Sedna,23,58.44727473357197,8.189263567204016,tno-rate
Sedna,24,58.447279808024945,8.189266161534528,tno-rate
Sedna,25,58.447284882477916,8.18926875586504,tno-rate
Sedna,26,58.44728995693089,8.189271350195552,tno-rate
Sedna,27,58.44729503138386,8.189273944526066,tno-rate
Sedna,28,58.44730010583683,8.189276538856578,tno-rate
Sedna,29,58.44730518028981,8.18927913318709,tno-rate
Sedna,30,58.44731025474278,8.189281727517603,tno-rate
Transpluto,-30,154.48029332190765,10.578048414524204,engine
Transpluto,-20,154.4802393951503,10.578068829212675,engine
Transpluto,-15,154.48021243309373,10.578079036004091,engine
Transpluto,-10,154.48018547192382,10.578089242424772,engine
Transpluto,-5,154.48015851163362,10.578099448477378,engine
Transpluto,-2,154.48014233588592,10.578105571930717,engine
Transpluto,-1,154.4801369440407,10.578107613052266,engine
Transpluto,0,154.4801315522309,10.578109654158967,engine
Transpluto,1,154.48012616045645,10.578111695250884,engine
Transpluto,2,154.48012076871726,10.578113736328017,engine
Transpluto,3,154.48011537701362,10.578115777390371,engine
Transpluto,4,154.48010998534522,10.578117818437912,engine
Transpluto,5,154.4801045937122,10.578119859470656,engine
Transpluto,6,154.48009920211106,10.578121900489926,engine
Transpluto,7,154.48009381054885,10.578123941493045,engine
Transpluto,8,154.48008841902205,10.5781259824814,engine
Transpluto,9,154.4800830275306,10.578128023454932,engine
Transpluto,10,154.4800776360746,10.578130064413608,engine
Transpluto,11,154.48007224465394,10.578132105357524,engine
Transpluto,12,154.48006685326868,10.578134146286615,engine
Transpluto,13,154.48006146191887,10.578136187200846,engine
Transpluto,14,154.48005607060443,10.578138228100324,engine
Transpluto,15,154.4800506793254,10.578140268984976,engine
Transpluto,16,154.48004528808178,10.578142309854796,engine
Transpluto,17,154.48003989686995,10.578144350711183,engine
Transpluto,18,154.48003450569718,10.578146391551348,engine
Transpluto,19,154.4800291145598,10.57814843237672,engine
Transpluto,20,154.48002372345786,10.578150473187232,engine
Transpluto,21,154.48001833239135,10.578152513982934,engine
Transpluto,22,154.48001294136026,10.578154554763838,engine
Transpluto,23,154.4800075503646,10.578156595529888,engine
Transpluto,24,154.4800021594044,10.578158636281104,engine
Transpluto,25,154.47999676847957,10.578160677017479,engine
Transpluto,26,154.47999137759024,10.57816271773901,engine
Transpluto,27,154.47998598673635,10.578164758445755,engine
Transpluto,28,154.47998059591788,10.578166799137662,engine
Transpluto,29,154.47997520513124,10.578168839816042,engine
Transpluto,30,154.47996981438374,10.578170880478224,engine
Part_of_Fortune,-30,43.28048420652101,-15.272625748437862,engine
Part_of_Fortune,-20,45.058680126711465,-15.932165190419106,engine
Part_of_Fortune,-15,45.94603190085883,-16.265164787524604,engine
Part_of_Fortune,-10,46.832282542443636,-16.600231666133766,engine
Part_of_Fortune,-5,47.71747852731204,-16.93730042700792,engine
Part_of_Fortune,-2,48.24810847433622,-17.140474970675978,engine
Part_of_Fortune,-1,48.42490602586537,-17.20835216348666,engine
Part_of_Fortune,0,48.60166460225361,-17.27630463110119,engine
Part_of_Fortune,1,48.778384553806234,-17.344331833606233,engine
Part_of_Fortune,2,48.95506615337251,-17.412433226029176,engine
Part_of_Fortune,3,49.131709897846804,-17.480608272282154,engine
Part_of_Fortune,4,49.30831605714934,-17.548856424736282,engine
Part_of_Fortune,5,49.48488497547356,-17.617177138061262,engine
Part_of_Fortune,6,49.66141711403668,-17.685569911502153,engine
Part_of_Fortune,7,49.83791250235771,-17.75403410197025,engine
Part_of_Fortune,8,50.014371747353835,-17.822569212158314,engine
Part_of_Fortune,9,50.190795113506,-17.891174688469054,engine
Part_of_Fortune,10,50.36718293725676,-17.959849978682232,engine
Part_of_Fortune,11,50.54353555496675,-18.02859452980128,engine
Part_of_Fortune,12,50.71985330044242,-18.097407787040602,engine
Part_of_Fortune,13,50.89613643317864,-18.166289191743047,engine
Part_of_Fortune,14,51.072385433107456,-18.235238192794565,engine
Part_of_Fortune,15,51.248600556815234,-18.30425422886271,engine
Part_of_Fortune,16,51.42478213399261,-18.373336740468734,engine
Part_of_Fortune,17,51.600930610633554,-18.442485213021317,engine
Part_of_Fortune,18,51.77704607712042,-18.51169899156131,engine
Part_of_Fortune,19,51.95312897798124,-18.58097755933944,engine
Part_of_Fortune,20,52.12917963717064,-18.650320351531725,engine
Part_of_Fortune,21,52.305198304721216,-18.719726799579732,engine
Part_of_Fortune,22,52.4811854503705,-18.78919634223149,engine
Part_of_Fortune,23,52.657141321516406,-18.858728408364495,engine
Part_of_Fortune,24,52.833066238483696,-18.928322428661204,engine
Part_of_Fortune,25,53.008960519577215,-18.99797783223354,engine
Part_of_Fortune,26,53.184824483257216,-19.067694047499312,engine
Part_of_Fortune,27,53.36065844564234,-19.13747050119653,engine
Part_of_Fortune,28,53.5364627230598,-19.207306619380006,engine
Part_of_Fortune,29,53.71223774742771,-19.27720187333944,engine
Part_of_Fortune,30,53.887983597231084,-19.34715559306187,engine
Part_of_Spirit,-30,268.23631137662073,35.457430717863566,engine
Part_of_Spirit,-20,269.76341923768655,34.84009059396442,engine
Part_of_Spirit,-15,270.5249729867265,34.52844879557697,engine
Part_of_Spirit,-10,271.28527183782387,34.214913466477654,engine
Part_of_Spirit,-5,272.0443734683559,33.89955117495143,engine
Part_of_Spirit,-2,272.49928334037975,33.709484911886534,engine
Part_of_Spirit,-1,272.65083078564516,33.64599126403661,engine
Part_of_Spirit,0,272.8023343953016,33.58242941226708,engine
Part_of_Spirit,1,272.9537946127938,33.51879990406772,engine
Part_of_Spirit,2,273.1052119537136,33.45510328536665,engine
Part_of_Spirit,3,273.25658670920836,33.391340112510136,engine
Part_of_Spirit,4,273.4079193921558,33.32751093378688,engine
Part_of_Spirit,5,273.5592104402153,33.26361630154423,engine
Part_of_Spirit,6,273.71046039105727,33.199656726391694,engine
Part_of_Spirit,7,273.86166955073764,33.13563284587758,engine
Part_of_Spirit,8,274.0128383046721,33.07154517958731,engine
Part_of_Spirit,9,274.16396716006034,33.00739428124106,engine
Part_of_Spirit,10,274.31505654708974,32.94318070936927,engine
Part_of_Spirit,11,274.46610689587635,32.878905023175925,engine
Part_of_Spirit,12,274.61711863410216,32.81456778348948,engine
Part_of_Spirit,13,274.76809226366737,32.75016954869277,engine
Part_of_Spirit,14,274.91902806110807,32.68571088810487,engine
Part_of_Spirit,15,275.0699265256646,32.6211923624753,engine
Part_of_Spirit,16,275.22078808103697,32.55661453678574,engine
Part_of_Spirit,17,275.37161325023965,32.49197793401392,engine
Part_of_Spirit,18,275.5224022517615,32.42728320830752,engine
Part_of_Spirit,19,275.67315560722807,32.362530884520226,engine
Part_of_Spirit,20,275.82387373480685,32.2977215324264,engine
Part_of_Spirit,21,275.9745571267267,32.232855719384716,engine
Part_of_Spirit,22,276.12520605082386,32.167934023358455,engine
Part_of_Spirit,23,276.2758209968629,32.102957013979186,engine
Part_of_Spirit,24,276.4264023794781,32.03792526495532,engine
Part_of_Spirit,25,276.57695061132955,31.972839351432956,engine
Part_of_Spirit,26,276.72746610520124,31.90769984910654,engine
Part_of_Spirit,27,276.87794927167477,31.84250733522021,engine
Part_of_Spirit,28,277.02840052145666,31.77726238754473,engine
Part_of_Spirit,29,277.1788203638944,31.711965541591905,engine
Part_of_Spirit,30,277.32920900596037,31.64661746475595,engine
Ascendant,-30,155.75839779157084,10.092402484712851,engine
Ascendant,-20,157.41104968219904,9.453962701772657,engine
Ascendant,-15,158.23550244379265,9.131642004026181,engine
Ascendant,-10,159.05877719013372,8.807340900171944,engine
Ascendant,-5,159.88092599783397,8.481125373971757,engine
Ascendant,-2,160.37369590735798,8.284504970605276,engine
Ascendant,-1,160.53786840575526,8.218819550274974,engine
Ascendant,0,160.7019994987776,8.153062390582948,engine
Ascendant,1,160.8660895833,8.087234035230743,engine
Ascendant,2,161.03013905354305,8.021335029668737,engine
Ascendant,3,161.19414830352758,7.95536592011399,engine
Ascendant,4,161.35811772465257,7.889327254525299,engine
Ascendant,5,161.52204770784442,7.823219581741483,engine
Ascendant,6,161.68593875254695,7.757043407444769,engine
Ascendant,7,161.84979102654768,7.690799371953666,engine
Ascendant,8,162.01360502601295,7.6244879837145,engine
Ascendant,9,162.17738113678317,7.558109796386005,engine
Ascendant,10,162.34111974217325,7.491665365343519,engine
Ascendant,11,162.50482122542158,7.425155246687324,engine
Ascendant,12,162.6684859672723,7.358579998224441,engine
Ascendant,13,162.832114348423,7.291940178474859,engine
Ascendant,14,162.99570674710776,7.225236347655152,engine
Ascendant,15,163.1592635412399,7.158469066806292,engine
Ascendant,16,163.3227851075148,7.091638898158501,engine
Ascendant,17,163.4862719304366,7.024746360496299,engine
Ascendant,18,163.64972416444093,6.9577921083731065,engine
Ascendant,19,163.81314229260465,6.890776662590393,engine
Ascendant,20,163.97652668598874,6.823700590447339,engine
Ascendant,21,164.13987771572397,6.756564459902491,engine
Ascendant,22,164.30319575059718,6.689368840563484,engine
Ascendant,23,164.46648115918967,6.622114302807344,engine
Ascendant,24,164.6297343089809,6.554801418147056,engine
Ascendant,25,164.79295556545338,6.4874307595997065,engine
Ascendant,26,164.95614529422923,6.420002900803613,engine
Ascendant,27,165.11930385865853,6.352518417011841,engine
Ascendant,28,165.2824316222582,6.284977884082361,engine
Ascendant,29,165.44552905566107,6.2173818341262335,engine
Ascendant,30,165.60859630159572,6.149730935847041,engine
Midheaven,-30,52.83547052161068,19.05743381752754,engine
Midheaven,-20,55.34010961555333,19.624376747311132,engine
Midheaven,-15,56.592454473058226,19.893491163919695,engine
Midheaven,-10,57.84481873760013,20.152968993492177,engine
Midheaven,-5,59.097204768859264,20.402767053675205,engine
Midheaven,-2,59.84864747985193,20.54798313448988,engine
Midheaven,-1,60.099130343254,20.595609609627143,engine
Midheaven,0,60.349614211671295,20.642846177689936,engine
Midheaven,1,60.60009910138021,20.689692569020586,engine
Midheaven,2,60.850585026718065,20.736148519355872,engine
Midheaven,3,61.10107200380461,20.7822137704364,engine
Midheaven,4,61.35156004681806,20.82788806922936,engine
Midheaven,5,61.60204917125139,20.873171168443626,engine
Midheaven,6,61.85253956048905,20.91806285615611,engine
Midheaven,7,62.10303089298042,20.962562835411422,engine
Midheaven,8,62.353523351010416,21.006670904928406,engine
Midheaven,9,62.604016950200645,21.050386838582735,engine
Midheaven,10,62.854511704224876,21.093710414986607,engine
Midheaven,11,63.10500762852985,21.136641418056005,engine
Midheaven,12,63.3555047366119,21.1791796362847,engine
Midheaven,13,63.606003043738426,21.22132486330097,engine
Midheaven,14,63.856502563224275,21.2630768971548,engine
Midheaven,15,64.1070033096875,21.304435540787395,engine
Midheaven,16,64.35750529765298,21.34540060171375,engine
Midheaven,17,64.60800870860274,21.385971918867824,engine
Midheaven,18,64.85851321997612,21.426149254119213,engine
Midheaven,19,65.10901901445796,21.465932455653995,engine
Midheaven,20,65.35952610479221,21.505321348287925,engine
Midheaven,21,65.61003450548513,21.544315761319645,engine
Midheaven,22,65.86054422908217,21.582915527869837,engine
Midheaven,23,66.11105528942335,21.621120485315124,engine
Midheaven,24,66.36156770024724,21.65893047499325,engine
Midheaven,25,66.61208147379311,21.69634534192208,engine
Midheaven,26,66.8625966240579,21.733364935216603,engine
Midheaven,27,67.11311316307209,21.76998910746065,engine
Midheaven,28,67.36363110462159,21.806217715185596,engine
Midheaven,29,67.61415062851746,21.8420506421514,engine
Midheaven,30,67.86467141234486,21.877487703964977,engine
Vertex,-30,307.07822507179816,-19.077910471655844,engine
Vertex,-20,310.3079089576769,-18.292637779297294,engine
Vertex,-15,311.9457504789802,-17.870662857367762,engine
Vertex,-10,313.5988777770217,-17.428776742118533,engine
Vertex,-5,315.2672151217902,-16.966760194074876,engine
Vertex,-2,316.27547333012626,-16.67981234012619,engine
Vertex,-1,316.6127623321751,-16.582532924188932,engine
Vertex,0,316.9506507743466,-16.484436793231527,engine
Vertex,1,317.28913735069995,-16.38552308329877,engine
Vertex,2,317.6282206906652,-16.28579101798357,engine
Vertex,3,317.96789936352127,-16.185239908895248,engine
Vertex,4,318.30817187281104,-16.08386915908711,engine
Vertex,5,318.6490366602201,-15.98167826370556,engine
Vertex,6,318.99049233233313,-15.878666743148713,engine
Vertex,7,319.33253674255616,-15.774834422276276,engine
Vertex,8,319.6751683657122,-15.670181017536807,engine
Vertex,9,320.018385383962,-15.564706414104657,engine
Vertex,10,320.36218591063505,-15.458410600412,engine
Vertex,11,320.70656799485533,-15.351293668550813,engine
Vertex,12,321.05152961596934,-15.243355817820122,engine
Vertex,13,321.39706868821185,-15.134597355099375,engine
Vertex,14,321.743183055142,-15.025018698413355,engine
Vertex,15,322.08987049370677,-14.914620377477151,engine
Vertex,16,322.437128711908,-14.803403036243756,engine
Vertex,17,322.7849555805449,-14.691367359859152,engine
Vertex,18,323.1333482007517,-14.578514377250176,engine
Vertex,19,323.48230430504697,-14.464845011634422,engine
Vertex,20,323.8318213198438,-14.350360383863364,engine
Vertex,21,324.18189660334895,-14.235061737769927,engine
Vertex,22,324.5325274400452,-14.118950443743806,engine
Vertex,23,324.88371104493166,-14.00202799909247,engine
Vertex,24,325.23544456128434,-13.884296030513728,engine
Vertex,25,325.58772505841745,-13.765756296573457,engine
Vertex,26,325.94054953600045,-13.646410687963137,engine
Vertex,27,326.2939149185828,-13.52626123102797,engine
Vertex,28,326.6478180606145,-13.405310087733202,engine
Vertex,29,327.0022559788483,-13.283559477249918,engine
Vertex,30,327.35722490634106,-13.161012002947828,engine
Algol,-30,47.03741672159946,40.956354057664974,engine
Algol,-20,47.03741569082254,40.95635532056352,engine
Algol,-15,47.03741512354034,40.95635594837978,engine
Algol,-10,47.03741452181573,40.956356573274356,engine
Algol,-5,47.037413885784176,40.956357194874485,engine
Algol,-2,47.03741348776057,40.95635756609857,engine
Algol,-1,47.03741335235967,40.95635768953283,engine
Algol,0,47.03741321559787,40.95635781280862,engine
Algol,1,47.03741307747657,40.956357935922966,engine
Algol,2,47.037412937997175,40.956358058872944,engine
Algol,3,47.03741279716116,40.95635818165561,engine
Algol,4,47.03741265496997,40.956358304268,engine
Algol,5,47.03741251142514,40.956358426707205,engine
Algol,6,47.03741236652809,40.95635854897033,engine
Algol,7,47.03741222028056,40.956358671054325,engine
Algol,8,47.037412072684056,40.956358792956316,engine
Algol,9,47.037411923740166,40.95635891467339,engine
Algol,10,47.03741177345052,40.95635903620262,engine
Algol,11,47.037411621816794,40.95635915754109,engine
Algol,12,47.03741146884068,40.95635927868587,engine
Algol,13,47.03741131452385,40.95635939963409,engine
Algol,14,47.03741115886808,40.9563595203828,engine
Algol,15,47.037411001875086,40.95635964092913,engine
Algol,16,47.0374108435467,40.95635976127014,engine
Algol,17,47.037410683884616,40.95635988140307,engine
Algol,18,47.03741052289086,40.956360001324825,engine
Algol,19,47.0374103605672,40.95636012103263,engine
Algol,20,47.03741019691555,40.956360240523566,engine
Algol,21,47.0374100319378,40.95636035979478,engine
Algol,22,47.0374098656359,40.956360478843386,engine
Algol,23,47.037409698011814,40.956360597666524,engine
Algol,24,47.037409529067524,40.95636071626134,engine
Algol,25,47.03740935880505,40.956360834624924,engine
Algol,26,47.037409187226444,40.95636095275446,engine
Algol,27,47.037409014333754,40.9563610706471,engine
Algol,28,47.03740884012908,40.956361188299965,engine
Algol,29,47.03740866461442,40.956361305710296,engine
Algol,30,47.037408487792156,40.95636142287513,engine
Pleiades,-30,56.86805200520736,24.104541274956592,engine
Pleiades,-20,56.86805152177264,24.104542110800537,engine
Pleiades,-15,56.86805123672712,24.10454252919871,engine
Pleiades,-10,56.86805092277882,24.10454294759909,engine
Pleiades,-5,56.868050579931946,24.104543365765394,engine
Pleiades,-2,56.868050360359504,24.10454361645445,engine
Pleiades,-1,56.868050284859244,24.104543699971014,engine
Pleiades,0,56.868050208204686,24.104543783461217,engine
Pleiades,1,56.86805013039616,24.104543866923137,engine
Pleiades,2,56.868050051433954,24.10454395035493,engine
Pleiades,3,56.86804997131845,24.104544033754678,engine
Pleiades,4,56.868049890049974,24.104544117120508,engine
Pleiades,5,56.868049807628935,24.104544200450533,engine
Pleiades,6,56.868049724055695,24.10454428374291,engine
Pleiades,7,56.868049639330785,24.104544366995672,engine
Pleiades,8,56.868049553454604,24.104544450206973,engine
Pleiades,9,56.86804946642763,24.10454453337493,engine
Pleiades,10,56.868049378250376,24.10454461649767,engine
Pleiades,11,56.86804928892333,24.104544699573307,engine
Pleiades,12,56.86804919844707,24.10454478259995,engine
Pleiades,13,56.86804910682213,24.10454486557575,engine
Pleiades,14,56.868049014049106,24.104544948498813,engine
Pleiades,15,56.86804892012863,24.10454503136724,engine
Pleiades,16,56.8680488250613,24.10454511417919,engine
Pleiades,17,56.86804872884772,24.10454519693282,engine
Pleiades,18,56.86804863148868,24.104545279626166,engine
Pleiades,19,56.86804853298483,24.104545362257394,engine
Pleiades,20,56.868048433336874,24.10454544482464,engine
Pleiades,21,56.86804833254556,24.10454552732603,engine
Pleiades,22,56.86804823061165,24.104545609759704,engine
Pleiades,23,56.86804812753592,24.104545692123793,engine
Pleiades,24,56.86804802331918,24.10454577441642,engine
Pleiades,25,56.86804791796227,24.10454585663572,engine
Pleiades,26,56.86804781146602,24.104545938779843,engine
Pleiades,27,56.8680477038313,24.10454602084691,engine
Pleiades,28,56.86804759505901,24.10454610283509,engine
Pleiades,29,56.86804748515001,24.104546184742553,engine
Pleiades,30,56.868047374105366,24.10454626656733,engine
Capella,-30,79.17138074517301,45.99743400879177,engine
Capella,-20,79.17138125916712,45.9974354772745,engine
Capella,-15,79.17138146419968,45.997436223134265,engine
Capella,-10,79.17138163414765,45.99743697623101,engine
Capella,-5,79.17138176870088,45.99743773617917,engine
Capella,-2,79.17138183232063,45.99743819527494,engine
Capella,-1,79.17138185066159,45.99743834880923,engine
Capella,0,79.1713818675661,45.9974385025895,engine
Capella,1,79.17138188303198,45.997438656612594,engine
Capella,2,79.1713818970571,45.997438810875344,engine
Capella,3,79.17138190963938,45.9974389653746,engine
Capella,4,79.17138192077672,45.9974391201072,engine
Capella,5,79.17138193046712,45.99743927506999,engine
Capella,6,79.17138193870854,45.997439430259895,engine
Capella,7,79.17138194549896,45.99743958567352,engine
Capella,8,79.17138195083646,45.99743974130782,engine
Capella,9,79.17138195471911,45.99743989715961,engine
Capella,10,79.17138195714499,45.99744005322568,engine
Capella,11,79.1713819581122,45.997440209502834,engine
Capella,12,79.17138195761892,45.99744036598792,engine
Capella,13,79.17138195566332,45.99744052267771,engine
Capella,14,79.17138195224362,45.99744067956899,engine
Capella,15,79.17138194735804,45.99744083665859,engine
Capella,16,79.17138194100485,45.99744099394328,engine
Capella,17,79.17138193318233,45.997441151419935,engine
Capella,18,79.1713819238888,45.99744130908514,engine
Capella,19,79.1713819131226,45.99744146693579,engine
Capella,20,79.17138190088214,45.99744162496865,engine
Capella,21,79.17138188716578,45.997441783180506,engine
Capella,22,79.17138187197199,45.99744194156809,engine
Capella,23,79.1713818552992,45.99744210012821,engine
Capella,24,79.17138183714593,45.99744225885759,engine
Capella,25,79.17138181751065,45.99744241775303,engine
Capella,26,79.17138179639196,45.99744257681126,engine
Capella,27,79.17138177378837,45.99744273602901,engine
Capella,28,79.17138174969854,45.99744289540307,engine
Capella,29,79.17138172412106,45.99744305493028,engine
Capella,30,79.17138169705461,45.99744321460716,engine
Sirius,-30,101.2844665558952,-16.727321885294746,engine
Sirius,-20,101.28446769409553,-16.727322373454932,engine
Sirius,-15,101.28446823464445,-16.727322625822907,engine
Sirius,-10,101.28446875558491,-16.727322883561943,engine
Sirius,-5,101.28446925649807,-16.727323146553314,engine
Sirius,-2,101.28446954726206,-16.727323306818825,engine
Sirius,-1,101.28446964253338,-16.727323360646555,engine
Sirius,0,101.28446973697437,-16.727323414675574,engine
Sirius,1,101.28446983058188,-16.727323468904885,engine
Sirius,2,101.28446992335276,-16.727323523333478,engine
Sirius,3,101.28447001528384,-16.72732357796037,engine
Sirius,4,101.28447010637207,-16.727323632784532,engine
Sirius,5,101.2844701966143,-16.727323687804958,engine
Sirius,6,101.2844702860075,-16.727323743020655,engine
Sirius,7,101.2844703745485,-16.72732379843055,engine
Sirius,8,101.28447046223431,-16.727323854033635,engine
Sirius,9,101.2844705490619,-16.72732390982889,engine
Sirius,10,101.28447063502823,-16.727323965815284,engine
Sirius,11,101.28447072013029,-16.727324021991773,engine
Sirius,12,101.28447080436513,-16.727324078357338,engine
Sirius,13,101.28447088772974,-16.727324134910916,engine
Sirius,14,101.2844709702212,-16.727324191651455,engine
Sirius,15,101.28447105183655,-16.72732424857793,engine
Sirius,16,101.28447113257288,-16.727324305689265,engine
Sirius,17,101.28447121242735,-16.72732436298445,engine
Sirius,18,101.28447129139693,-16.727324420462352,engine
Sirius,19,101.28447136947885,-16.727324478121936,engine
Sirius,20,101.28447144667022,-16.727324535962136,engine
Sirius,21,101.28447152296825,-16.72732459398188,engine
Sirius,22,101.28447159837008,-16.727324652180094,engine
Sirius,23,101.28447167287291,-16.727324710555706,engine
Sirius,24,101.28447174647397,-16.727324769107618,engine
Sirius,25,101.28447181917052,-16.727324827834767,engine
Sirius,26,101.28447189095975,-16.727324886736053,engine
Sirius,27,101.28447196183897,-16.727324945810373,engine
Sirius,28,101.28447203180546,-16.72732500505665,engine
Sirius,29,101.28447210085658,-16.72732506447382,engine
Sirius,30,101.28447216898954,-16.727325124060698,engine
Procyon,-30,114.82307768481368,5.216764298237433,engine
Procyon,-20,114.82307915754393,5.216764441141951,engine
Procyon,-15,114.82307987393907,5.216764515647179,engine
Procyon,-10,114.8230805763573,5.216764592150862,engine
Procyon,-5,114.82308126430944,5.216764670624192,engine
Procyon,-2,114.82308166993596,5.2167647186412625,engine
Procyon,-1,114.82308180393102,5.216764734801009,engine
Procyon,0,114.82308193731292,5.216764751037373,engine
Procyon,1,114.82308207007786,5.21676476735011,engine
Procyon,2,114.82308220222207,5.216764783738967,engine
Procyon,3,114.82308233374174,5.21676480020369,engine
Procyon,4,114.82308246463317,5.21676481674403,engine
Procyon,5,114.82308259489265,5.21676483335973,engine
Procyon,6,114.82308272451652,5.216764850050549,engine
Procyon,7,114.82308285350089,5.216764866816202,engine
Procyon,8,114.82308298184219,5.216764883656446,engine
Procyon,9,114.82308310953668,5.216764900571021,engine
Procyon,10,114.82308323658076,5.216764917559664,engine
Procyon,11,114.8230833629707,5.21676493462211,engine
Procyon,12,114.82308348870292,5.216764951758101,engine
Procyon,13,114.82308361377379,5.216764968967366,engine
Procyon,14,114.82308373817963,5.216764986249638,engine
Procyon,15,114.82308386191684,5.216765003604654,engine
Procyon,16,114.82308398498186,5.216765021032133,engine
Procyon,17,114.82308410737119,5.216765038531828,engine
Procyon,18,114.82308422908109,5.216765056103436,engine
Procyon,19,114.82308435010808,5.216765073746696,engine
Procyon,20,114.8230844704486,5.216765091461333,engine
Procyon,21,114.82308459009916,5.216765109247074,engine
Procyon,22,114.8230847090562,5.216765127103634,engine
Procyon,23,114.82308482731628,5.216765145030736,engine
Procyon,24,114.82308494487586,5.216765163028103,engine
Procyon,25,114.82308506173148,5.21676518109545,engine
Procyon,26,114.82308517787966,5.216765199232491,engine
Procyon,27,114.82308529331698,5.216765217438945,engine
Procyon,28,114.82308540804,5.216765235714524,engine
Procyon,29,114.82308552204532,5.216765254058955,engine
Procyon,30,114.82308563532945,5.216765272471919,engine
Alkaid,-30,206.89123048414112,49.31000530005772,engine
Alkaid,-20,206.8912326134288,49.31000415348738,engine
Alkaid,-15,206.8912337316109,49.31000359429633,engine
Alkaid,-10,206.8912348849162,49.31000304501231,engine
Alkaid,-5,206.89123607289736,49.31000250601249,engine
Alkaid,-2,206.8912368021378,49.3100021877042,engine
Alkaid,-1,206.8912370479372,49.31000208246777,engine
Alkaid,0,206.89123729508972,49.31000197766938,engine
Alkaid,1,206.89123754359156,49.310001873311954,engine
Alkaid,2,206.89123779343876,49.310001769398426,engine
Alkaid,3,206.89123804462736,49.31000166593169,engine
Alkaid,4,206.8912382971534,49.31000156291464,engine
Alkaid,5,206.89123855101283,49.310001460350165,engine
Alkaid,6,206.8912388062019,49.310001358241074,engine
Alkaid,7,206.89123906271612,49.31000125659038,engine
Alkaid,8,206.89123932055162,49.31000115540087,engine
Alkaid,9,206.89123957970432,49.310001054675396,engine
Alkaid,10,206.89123984017004,49.31000095441681,engine
Alkaid,11,206.89124010194467,49.310000854627944,engine
Alkaid,12,206.89124036502403,49.31000075531162,engine
Alkaid,13,206.8912406294039,49.31000065647064,engine
Alkaid,14,206.89124089508007,49.310000558107845,engine
Alkaid,15,206.89124116204826,49.31000046022602,engine
Alkaid,16,206.89124143030423,49.31000036282793,engine
Alkaid,17,206.89124169984385,49.31000026591634,engine
Alkaid,18,206.89124197066238,49.310000169494096,engine
Alkaid,19,206.8912422427557,49.31000007356393,engine
Alkaid,20,206.89124251611946,49.30999997812859,engine
Alkaid,21,206.8912427907492,49.3099998831908,engine
Alkaid,22,206.89124306664056,49.30999978875331,engine
Alkaid,23,206.89124334378903,49.30999969481884,engine
Alkaid,24,206.89124362219013,49.3099996013901,engine
Alkaid,25,206.89124390183946,49.30999950846983,engine
Alkaid,26,206.89124418273238,49.309999416060656,engine
Alkaid,27,206.89124446486443,49.3099993241653,engine
Alkaid,28,206.891244748231,49.30999923278645,engine
Alkaid,29,206.89124503282773,49.30999914192668,engine
Alkaid,30,206.8912453186496,49.309999051588804,engine
Algorab,-30,187.4701149885713,-16.51830630461828,engine
Algorab,-20,187.4701168821284,-16.518306013887244,engine
Algorab,-15,187.47011785677796,-16.5183058768746,engine
Algorab,-10,187.47011884940935,-16.518305745577265,engine
Algorab,-5,187.47011985956289,-16.51830562010183,engine
Algorab,-2,187.47012047387105,-16.5183055476544,engine
Algorab,-1,187.4701206799871,-16.518305523983134,engine
Algorab,0,187.47012088677008,-16.51830550055215,engine
Algorab,1,187.47012109421618,-16.518305477362237,engine
Algorab,2,187.47012130232156,-16.5183054544142,engine
Algorab,3,187.47012151108234,-16.51830543170882,engine
Algorab,4,187.47012172049466,-16.518305409246896,engine
Algorab,5,187.47012193055463,-16.518305387029198,engine
Algorab,6,187.47012214125846,-16.518305365056488,engine
Algorab,7,187.47012235260198,-16.518305343329562,engine
Algorab,8,187.47012256458143,-16.518305321849184,engine
Algorab,9,187.47012277719284,-16.518305300616095,engine
Algorab,10,187.47012299043226,-16.518305279631065,engine
Algorab,11,187.47012320429576,-16.518305258894856,engine
Algorab,12,187.4701234187793,-16.518305238408203,engine
Algorab,13,187.47012363387898,-16.518305218171836,engine
Algorab,14,187.47012384959075,-16.51830519818652,engine
Algorab,15,187.4701240659106,-16.518305178452966,engine
Algorab,16,187.47012428283458,-16.518305158971906,engine
Algorab,17,187.4701245003587,-16.518305139744058,engine
Algorab,18,187.47012471847867,-16.518305120770165,engine
Algorab,19,187.4701249371906,-16.518305102050924,engine
Algorab,20,187.4701251564904,-16.518305083587038,engine
Algorab,21,187.47012537637406,-16.518305065379217,engine
Algorab,22,187.47012559683736,-16.51830504742816,engine
Algorab,23,187.4701258178763,-16.518305029734556,engine
Algorab,24,187.47012603948676,-16.518305012299106,engine
Algorab,25,187.4701262616646,-16.518304995122477,engine
Algorab,26,187.47012648440565,-16.51830497820536,engine
Algorab,27,187.47012670770584,-16.518304961548424,engine
Algorab,28,187.470126931561,-16.51830494515234,engine
Algorab,29,187.47012715596705,-16.518304929017756,engine
Algorab,30,187.4701273809196,-16.518304913145364,engine
Spica,-30,201.30297738635682,-11.16338918276212,engine
Spica,-20,201.30297894687283,-11.163388901335992,engine
Spica,-15,201.30297976068908,-11.163388764929058,engine
Spica,-10,201.30298059643425,-11.163388631516789,engine
Spica,-5,201.302981453763,-11.163388501190282,engine
Spica,-2,201.30298197837263,-11.163388424512922,engine
Spica,-1,201.30298215492718,-11.163388399211147,engine
Spica,0,201.30298233231923,-11.163388374039226,engine
Spica,1,201.30298251054575,-11.163388348997849,engine
Spica,2,201.3029826896038,-11.163388324087716,engine
Spica,3,201.30298286949036,-11.163388299309526,engine
Spica,4,201.30298305020247,-11.163388274663962,engine
Spica,5,201.30298323173704,-11.163388250151735,engine
Spica,6,201.30298341409122,-11.163388225773486,engine
Spica,7,201.30298359726163,-11.163388201529957,engine
Spica,8,201.30298378124542,-11.163388177421808,engine
Spica,9,201.30298396603942,-11.163388153449711,engine
Spica,10,201.30298415164057,-11.163388129614347,engine
Spica,11,201.30298433804572,-11.163388105916397,engine
Spica,12,201.3029845252518,-11.163388082356526,engine
Spica,13,201.30298471325557,-11.163388058935404,engine
Spica,14,201.30298490205394,-11.163388035653695,engine
Spica,15,201.30298509164368,-11.163388012512069,engine
Spica,16,201.30298528202167,-11.16338798951119,engine
Spica,17,201.30298547318472,-11.163387966651689,engine
Spica,18,201.30298566512946,-11.163387943934259,engine
Spica,19,201.30298585785272,-11.16338792135954,engine
Spica,20,201.3029860513512,-11.16338789892818,engine
Spica,21,201.30298624562175,-11.163387876640826,engine
Spica,22,201.30298644066102,-11.163387854498128,engine
Spica,23,201.30298663646568,-11.163387832500712,engine
Spica,24,201.30298683303246,-11.163387810649235,engine
Spica,25,201.30298703035803,-11.16338778894433,engine
Spica,26,201.302987228439,-11.163387767386627,engine
Spica,27,201.30298742727211,-11.163387745976756,engine
Spica,28,201.3029876268539,-11.163387724715346,engine
Spica,29,201.30298782718114,-11.163387703603004,engine
Spica,30,201.3029880282502,-11.163387682640394,engine
Arcturus,-30,213.9128216536906,19.16700994351579,engine
Arcturus,-20,213.91282290806828,19.167009395169167,engine
Arcturus,-15,213.9128235743447,19.167009125613315,engine
Arcturus,-10,213.91282426637707,19.167008859369634,engine
Arcturus,-5,213.91282498392334,19.167008596611474,engine
Arcturus,-2,213.91282542659232,19.167008440701185,engine
Arcturus,-1,213.91282557615963,19.167008389030048,engine
Arcturus,0,213.9128257267289,19.167008337510666,engine
Arcturus,1,213.91282587829787,19.167008286144362,engine
Arcturus,2,213.91282603086444,19.16700823493252,engine
Arcturus,3,213.91282618442634,19.167008183876472,engine
Arcturus,4,213.91282633898135,19.167008132977564,engine
Arcturus,5,213.91282649452728,19.167008082237153,engine
Arcturus,6,213.9128266510619,19.167008031656533,engine
Arcturus,7,213.91282680858274,19.167007981237106,engine
Arcturus,8,213.9128269670876,19.16700793098017,engine
Arcturus,9,213.91282712657417,19.167007880887066,engine
Arcturus,10,213.91282728704007,19.16700783095911,engine
Arcturus,11,213.912827448483,19.167007781197633,engine
Arcturus,12,213.91282761090054,19.167007731603952,engine
Arcturus,13,213.91282777429032,19.167007682179385,engine
Arcturus,14,213.91282793864988,19.167007632925255,engine
Arcturus,15,213.91282810397684,19.167007583842867,engine
Arcturus,16,213.9128282702687,19.167007534933532,engine
Arcturus,17,213.9128284375231,19.167007486198496,engine
Arcturus,18,213.91282860573733,19.167007437639164,engine
Arcturus,19,213.91282877490903,19.16700738925678,engine
Arcturus,20,213.91282894503567,19.167007341052642,engine
Arcturus,21,213.91282911611464,19.167007293028043,engine
Arcturus,22,213.91282928814343,19.167007245184273,engine
Arcturus,23,213.9128294611195,19.167007197522604,engine
Arcturus,24,213.9128296350401,19.167007150044338,engine
Arcturus,25,213.9128298099028,19.167007102750727,engine
Arcturus,26,213.91282998570483,19.16700705564307,engine
Arcturus,27,213.91283016244358,19.167007008722614,engine
Arcturus,28,213.9128303401164,19.167006961990637,engine
Arcturus,29,213.91283051872063,19.167006915448372,engine
Arcturus,30,213.91283069825346,19.167006869097136,engine
Alphecca,-30,233.6763638119207,26.71026708765359,engine
Alphecca,-20,233.67636443128717,26.71026620738573,engine
Alphecca,-15,233.67636478525412,26.71026576760766,engine
Alphecca,-10,233.67636516871318,26.710265328411854,engine
Alphecca,-5,233.67636558162408,26.71026489005661,engine
Alphecca,-2,233.67636584348543,26.71026462755436,engine
Alphecca,-1,233.67636593312196,26.710264540151115,engine
Alphecca,0,233.67636602393227,26.710264452800065,engine
Alphecca,1,233.6763661159158,26.71026436550326,engine
Alphecca,2,233.67636620907192,26.71026427826277,engine
Alphecca,3,233.67636630339993,26.71026419108061,engine
Alphecca,4,233.67636639889932,26.710264103958895,engine
Alphecca,5,233.67636649556925,26.710264016899643,engine
Alphecca,6,233.6763665934091,26.710263929904844,engine
Alphecca,7,233.6763666924181,26.71026384297669,engine
Alphecca,8,233.6763667925955,26.710263756117158,engine
Alphecca,9,233.67636689394055,26.71026366932828,engine
Alphecca,10,233.67636699645246,26.71026358261215,engine
Alphecca,11,233.6763671001303,26.71026349597078,engine
Alphecca,12,233.6763672049734,26.7102634094062,engine
Alphecca,13,233.67636731098088,26.71026332292048,engine
Alphecca,14,233.67636741815173,26.710263236515665,engine
Alphecca,15,233.67636752648514,26.710263150193768,engine
Alphecca,16,233.67636763598014,26.710263063956862,engine
Alphecca,17,233.6763677466359,26.710262977806895,engine
Alphecca,18,233.67636785845121,26.710262891746044,engine
Alphecca,19,233.6763679714253,26.71026280577627,engine
Alphecca,20,233.676368085557,26.710262719899603,engine
Alphecca,21,233.67636820084527,26.710262634118095,engine
Alphecca,22,233.6763683172892,26.71026254843374,engine
Alphecca,23,233.6763684348876,26.710262462848576,engine
Alphecca,24,233.67636855363932,26.710262377364643,engine
Alphecca,25,233.67636867354332,26.710262291983955,engine
Alphecca,26,233.67636879459843,26.710262206708514,engine
Alphecca,27,233.67636891680345,26.71026212154037,engine
Alphecca,28,233.67636904015723,26.710262036481538,engine
Alphecca,29,233.67636916465858,26.71026195153395,engine
Alphecca,30,233.67636929030607,26.71026186669975,engine
Vega,-30,279.23546791196645,38.780452951031066,engine
Vega,-20,279.2354665908469,38.780451848155124,engine
Vega,-15,279.2354659666488,38.780451279378966,engine
Vega,-10,279.23546536737217,38.780450699392844,engine
Vega,-5,279.23546479351216,38.780450108464954,engine
Vega,-2,279.2354644615978,38.780449748769826,engine
Vega,-1,279.2354643530494,38.78044962802831,engine
Vega,0,279.23546424555224,38.78044950686897,engine
Vega,1,279.23546413910987,38.780449385294034,engine
Vega,2,279.23546403372603,38.78044926330574,engine
Vega,3,279.23546392940455,38.78044914090637,engine
Vega,4,279.235463826149,38.78044901809821,engine
Vega,5,279.23546372396294,38.780448894883484,engine
Vega,6,279.23546362285003,38.780448771264446,engine
Vega,7,279.23546352281403,38.78044864724352,engine
Vega,8,279.23546342385833,38.78044852282296,engine
Vega,9,279.2354633259867,38.780448398005035,engine
Vega,10,279.2354632292025,38.78044827279207,engine
Vega,11,279.2354631335093,38.7804481471864,engine
Vega,12,279.2354630389106,38.780448021190345,engine
Vega,13,279.2354629454099,38.78044789480628,engine
Vega,14,279.2354628530107,38.78044776803651,engine
Vega,15,279.23546276171635,38.780447640883374,engine
Vega,16,279.2354626715303,38.78044751334928,engine
Vega,17,279.23546258245585,38.78044738543647,engine
Vega,18,279.23546249449663,38.780447257147515,engine
Vega,19,279.23546240765575,38.78044712848471,engine
Vega,20,279.2354623219366,38.780446999450426,engine
Vega,21,279.23546223734263,38.780446870047086,engine
Vega,22,279.23546215387694,38.78044674027706,engine
Vega,23,279.2354620715428,38.780446610142796,engine
Vega,24,279.23546199034365,38.78044647964669,engine
Vega,25,279.23546191028254,38.78044634879117,engine
Vega,26,279.23546183136267,38.780446217578685,engine
Vega,27,279.23546175358734,38.780446086011615,engine
Vega,28,279.23546167695963,38.78044595409248,engine
Vega,29,279.23546160148254,38.780445821823605,engine
Vega,30,279.2354615271595,38.780445689207596,engine
Deneb Algedi,-30,326.75741967044,-16.13047624000786,engine
Deneb Algedi,-20,326.75741757780617,-16.13047610322242,engine
Deneb Algedi,-15,326.7574165302181,-16.130476023898403,engine
Deneb Algedi,-10,326.75741548258384,-16.130475937283784,engine
Deneb Algedi,-5,326.7574144355042,-16.130475843380562,engine
Deneb Algedi,-2,326.7574138077726,-16.130475783542284,engine
Deneb Algedi,-1,326.7574135986436,-16.130475763013834,engine
Deneb Algedi,0,326.75741338958005,-16.13047574219432,engine
Deneb Algedi,1,326.7574131805867,-16.130475721083844,engine
Deneb Algedi,2,326.7574129716684,-16.130475699682467,engine
Deneb Algedi,3,326.75741276282986,-16.13047567799032,engine
Deneb Algedi,4,326.757412554076,-16.13047565600747,engine
Deneb Algedi,5,326.75741234541147,-16.130475633734036,engine
Deneb Algedi,6,326.757412136841,-16.13047561117012,engine
Deneb Algedi,7,326.7574119283698,-16.130475588315864,engine
Deneb Algedi,8,326.7574117200022,-16.130475565171366,engine
Deneb Algedi,9,326.75741151174327,-16.130475541736775,engine
Deneb Algedi,10,326.7574113035976,-16.130475518012197,engine
Deneb Algedi,11,326.75741109557015,-16.130475493997793,engine
Deneb Algedi,12,326.7574108876656,-16.130475469693693,engine
Deneb Algedi,13,326.7574106798887,-16.13047544510006,engine
Deneb Algedi,14,326.7574104722443,-16.130475420217046,engine
Deneb Algedi,15,326.7574102647371,-16.130475395044794,engine
Deneb Algedi,16,326.7574100573719,-16.130475369583486,engine
Deneb Algedi,17,326.7574098501533,-16.13047534383329,engine
Deneb Algedi,18,326.7574096430864,-16.130475317794392,engine
Deneb Algedi,19,326.7574094361758,-16.130475291466972,engine
Deneb Algedi,20,326.7574092294263,-16.130475264851217,engine
Deneb Algedi,21,326.7574090228425,-16.13047523794732,engine
Deneb Algedi,22,326.7574088164293,-16.13047521075548,engine
Deneb Algedi,23,326.7574086101914,-16.130475183275898,engine
Deneb Algedi,24,326.7574084041336,-16.1304751555088,engine
Deneb Algedi,25,326.7574081982606,-16.130475127454382,engine
Deneb Algedi,26,326.75740799257704,-16.130475099112882,engine
Deneb Algedi,27,326.7574077870878,-16.130475070484522,engine
Deneb Algedi,28,326.7574075817976,-16.13047504156953,engine
Deneb Algedi,29,326.757407376711,-16.130475012368123,engine
Deneb Algedi,30,326.75740717183294,-16.130474982880596,engine
Rigel,-30,78.63331769754119,-8.204610578808978,engine
Rigel,-20,78.63331803815055,-8.204610855265274,engine
Rigel,-15,78.63331817183072,-8.204610995815528,engine
Rigel,-10,78.63331828079134,-8.2046111378136,engine
Rigel,-5,78.6333183648198,-8.204611281183483,engine
Rigel,-2,78.63331840318543,-8.20461136783198,engine
Rigel,-1,78.63331841395612,-8.20461139681554,engine
Rigel,0,78.63331842371538,-8.204611425848434,engine
Rigel,1,78.63331843246173,-8.204611454930038,engine
Rigel,2,78.63331844019373,-8.20461148405973,engine
Rigel,3,78.63331844690995,-8.204611513236895,engine
Rigel,4,78.63331845260898,-8.2046115424609,engine
Rigel,5,78.6333184572894,-8.20461157173113,engine
Rigel,6,78.63331846094987,-8.204611601046974,engine
Rigel,7,78.63331846358902,-8.204611630407763,engine
Rigel,8,78.63331846520552,-8.204611659812892,engine
Rigel,9,78.63331846579806,-8.20461168926174,engine
Rigel,10,78.63331846536532,-8.20461171875367,engine
Rigel,11,78.63331846390606,-8.204611748288057,engine
Rigel,12,78.633318461419,-8.204611777864269,engine
Rigel,13,78.6333184579029,-8.204611807481678,engine
Rigel,14,78.63331845335657,-8.204611837139648,engine
Rigel,15,78.63331844777879,-8.204611866837542,engine
Rigel,16,78.63331844116838,-8.204611896574734,engine
Rigel,17,78.63331843352421,-8.204611926350616,engine
Rigel,18,78.63331842484511,-8.2046119561645,engine
Rigel,19,78.63331841512999,-8.204611986015776,engine
Rigel,20,78.63331840437773,-8.204612015903805,engine
Rigel,21,78.63331839258726,-8.204612045827956,engine
Rigel,22,78.63331837975753,-8.204612075787582,engine
Rigel,23,78.63331836588749,-8.20461210578205,engine
Rigel,24,78.63331835097613,-8.204612135810722,engine
Rigel,25,78.63331833502244,-8.204612165872957,engine
Rigel,26,78.63331831802546,-8.204612195968108,engine
Rigel,27,78.6333182999842,-8.204612226095545,engine
Rigel,28,78.63331828089775,-8.204612256254622,engine
Rigel,29,78.6333182607652,-8.204612286444714,engine
Rigel,30,78.6333182395856,-8.204612316665136,engine
Betelgeuse,-30,88.79287449333529,7.405550338379436,engine
Betelgeuse,-20,88.7928751901241,7.405550603090641,engine
Betelgeuse,-15,88.7928755053595,7.405550738226157,engine
Betelgeuse,-10,88.79287579806494,7.405550875130877,engine
Betelgeuse,-5,88.79287606793592,7.4055510137407365,engine
Betelgeuse,-2,88.79287621877533,7.4055510976981305,engine
Betelgeuse,-1,88.79287626719417,7.405551125812704,engine
Betelgeuse,0,88.79287631467876,7.405551153990791,engine
Betelgeuse,1,88.7928763612269,7.405551182231858,engine
Betelgeuse,2,88.79287640683637,7.405551210535377,engine
Betelgeuse,3,88.792876451505,7.4055512389008245,engine
Betelgeuse,4,88.79287649523057,7.4055512673276604,engine
Betelgeuse,5,88.79287653801099,7.405551295815353,engine
Betelgeuse,6,88.7928765798441,7.405551324363393,engine
Betelgeuse,7,88.79287662072777,7.405551352971202,engine
Betelgeuse,8,88.7928766606599,7.4055513816382685,engine
Betelgeuse,9,88.79287669963843,7.4055514103640485,engine
Betelgeuse,10,88.79287673766129,7.405551439148007,engine
Betelgeuse,11,88.79287677472641,7.405551467989603,engine
Betelgeuse,12,88.79287681083181,7.405551496888298,engine
Betelgeuse,13,88.79287684597546,7.405551525843546,engine
Betelgeuse,14,88.79287688015538,7.40555155485481,engine
Betelgeuse,15,88.79287691336958,7.405551583921543,engine
Betelgeuse,16,88.79287694561613,7.405551613043196,engine
Betelgeuse,17,88.79287697689311,7.405551642219254,engine
Betelgeuse,18,88.79287700719857,7.405551671449118,engine
Betelgeuse,19,88.79287703653061,7.405551700732265,engine
Betelgeuse,20,88.79287706488739,7.405551730068148,engine
Betelgeuse,21,88.79287709226703,7.405551759456215,engine
Betelgeuse,22,88.79287711866769,7.405551788895911,engine
Betelgeuse,23,88.79287714408757,7.4055518183866935,engine
Betelgeuse,24,88.79287716852484,7.405551847928001,engine
Betelgeuse,25,88.79287719197771,7.40555187751928,engine
Betelgeuse,26,88.79287721444445,7.405551907159979,engine
Betelgeuse,27,88.7928772359233,7.405551936849541,engine
Betelgeuse,28,88.79287725641251,7.405551966587406,engine
Betelgeuse,29,88.79287727591043,7.405551996373042,engine
Betelgeuse,30,88.79287729441529,7.4055520262058465,engine
Polaris,-30,37.648819599699145,89.26709234923676,engine
Polaris,-20,37.64873514829372,89.26709410666182,engine
Polaris,-15,37.64868996950714,89.2670949735791,engine
Polaris,-10,37.64864284063599,89.26709583190079,engine
Polaris,-5,37.64859377680927,89.2670966810832,engine
Polaris,-2,37.64856341638776,89.26709718598103,engine
Polaris,-1,37.64855314335685,89.26709735348595,engine
Polaris,0,37.648542794108515,89.26709752058656,engine
Polaris,1,37.64853236878152,89.2670976872786,engine
Polaris,2,37.648521867516195,89.26709785355783,engine
Polaris,3,37.648511290454266,89.26709801941998,engine
Polaris,4,37.64850063773895,89.26709818486081,engine
Polaris,5,37.648489909514886,89.2670983498761,engine
Polaris,6,37.64847910592087,89.26709851446172,engine
Polaris,7,37.64846822711896,89.26709867861325,engine
Polaris,8,37.64845727325093,89.26709884232659,engine
Polaris,9,37.648446244467145,89.26709900559752,engine
Polaris,10,37.64843514091951,89.26709916842188,engine
Polaris,11,37.64842396276126,89.26709933079546,engine
Polaris,12,37.64841271014717,89.2670994927141,engine
Polaris,13,37.648401383233335,89.26709965417365,engine
Polaris,14,37.648389982177356,89.26709981516991,engine
Polaris,15,37.64837850713818,89.26709997569878,engine
Polaris,16,37.64836695827624,89.2671001357561,engine
Polaris,17,37.64835533574552,89.26710029533784,engine
Polaris,18,37.64834363972486,89.26710045443969,engine
Polaris,19,37.64833187037111,89.26710061305761,engine
Polaris,20,37.648320027850325,89.26710077118751,engine
Polaris,21,37.64830811232994,89.26710092882534,engine
Polaris,22,37.648296123978824,89.26710108596696,engine
Polaris,23,37.648284062967214,89.26710124260832,engine
Polaris,24,37.648271929466674,89.26710139874534,engine
Polaris,25,37.64825972365033,89.26710155437401,engine
Polaris,26,37.64824744569253,89.26710170949023,engine
Polaris,27,37.64823509576909,89.26710186409001,engine
Polaris,28,37.64822267405714,89.26710201816928,engine
Polaris,29,37.64821018072688,89.26710217172418,engine
Polaris,30,37.648197615974944,89.26710232475045,engine
Castor,-30,113.6503845110428,31.888007581783775,engine
Castor,-20,113.6503862096475,31.888008371261773,engine
Castor,-15,113.65038703470898,31.888008783804967,engine
Castor,-10,113.65038784284125,31.888009208001034,engine
Castor,-5,113.65038863347813,31.888009643680686,engine
Castor,-2,113.65038909922991,31.888009910528027,engine
Castor,-1,113.65038925301559,31.88801000037518,engine
Castor,0,113.65038940606148,31.888010090668953,engine
Castor,1,113.65038955836324,31.888010181407868,engine
Castor,2,113.65038970991652,31.88801027259047,engine
Castor,3,113.65038986071698,31.88801036421529,engine
Castor,4,113.65039001076026,31.888010456280817,engine
Castor,5,113.65039016004208,31.88801054878559,engine
Castor,6,113.65039030855824,31.88801064172814,engine
Castor,7,113.6503904563043,31.888010735106853,engine
Castor,8,113.65039060327602,31.888010828920258,engine
Castor,9,113.65039074946921,31.88801092316685,engine
Castor,10,113.65039089487959,31.88801101784505,engine
Castor,11,113.65039103950298,31.88801111295337,engine
Castor,12,113.65039118333515,31.888011208490205,engine
Castor,13,113.6503913263719,31.888011304454054,engine
Castor,14,113.65039146860909,31.888011400843283,engine
Castor,15,113.65039161004253,31.888011497656365,engine
Castor,16,113.65039175066809,31.88801159489169,engine
Castor,17,113.65039189048173,31.888011692547753,engine
Castor,18,113.65039202947915,31.88801179062281,engine
Castor,19,113.65039216765632,31.888011889115308,engine
Castor,20,113.65039230500923,31.88801198802364,engine
Castor,21,113.65039244153374,31.88801208734619,engine
Castor,22,113.65039257722583,31.888012187081312,engine
Castor,23,113.65039271208147,31.888012287227372,engine
Castor,24,113.65039284609662,31.888012387782727,engine
Castor,25,113.6503929792673,31.88801248874571,engine
Castor,26,113.6503931115895,31.88801259011465,engine
Castor,27,113.65039324305928,31.888012691887887,engine
Castor,28,113.65039337367266,31.888012794063773,engine
Castor,29,113.65039350342582,31.88801289664063,engine
Castor,30,113.65039363231462,31.888012999616674,engine
Altair,-30,297.69689546723396,8.867733165330716,engine
Altair,-20,297.6968939100615,8.867732973656736,engine
Altair,-15,297.69689314983873,8.867732872340733,engine
Altair,-10,297.6968924025463,8.867732767426867,engine
Altair,-5,297.6968916686924,8.867732658958353,engine
Altair,-2,297.6968912350396,8.867732592189656,engine
Altair,-1,297.69689109162243,8.867732569654368,engine
Altair,0,297.69689094877884,8.867732546980175,engine
Altair,1,297.69689080651267,8.86773252416745,engine
Altair,2,297.69689066482783,8.867732501216583,engine
Altair,3,297.6968905237283,8.867732478127959,engine
Altair,4,297.69689038321803,8.867732454901951,engine
Altair,5,297.69689024330074,8.867732431538958,engine
Altair,6,297.6968901039804,8.867732408039362,engine
Altair,7,297.696889965261,8.867732384403572,engine
Altair,8,297.69688982714626,8.867732360631983,engine
Altair,9,297.6968896896401,8.867732336724988,engine
Altair,10,297.69688955274637,8.867732312683,engine
Altair,11,297.6968894164688,8.867732288506403,engine
Altair,12,297.6968892808113,8.867732264195622,engine
Altair,13,297.6968891457776,8.867732239751062,engine
Altair,14,297.6968890113716,8.867732215173136,engine
Altair,15,297.6968888775969,8.867732190462258,engine
Altair,16,297.69688874445745,8.867732165618845,engine
Altair,17,297.6968886119568,8.867732140643296,engine
Altair,18,297.6968884800989,8.867732115536079,engine
Altair,19,297.6968883488874,8.867732090297594,engine
Altair,20,297.696888218326,8.86773206492827,engine
Altair,21,297.6968880884184,8.867732039428537,engine
Altair,22,297.69688795916835,8.867732013798827,engine
Altair,23,297.6968878305795,8.867731988039576,engine
Altair,24,297.69688770265543,8.867731962151225,engine
Altair,25,297.69688757539996,8.867731936134208,engine
Altair,26,297.6968874488166,8.86773190998897,engine
Altair,27,297.696887322909,8.867731883715965,engine
Altair,28,297.69688719768084,8.86773185731563,engine
Altair,29,297.69688707313554,8.867731830788403,engine
Altair,30,297.696886949277,8.867731804134758,engine
Bellatrix,-30,81.28179412178085,6.347931037290663,engine
Bellatrix,-20,81.28179455526437,6.347931274477922,engine
Bellatrix,-15,81.28179473630942,6.347931394951717,engine
Bellatrix,-10,81.28179489322207,6.347931516601228,engine
Bellatrix,-5,81.2817950257658,6.34793163936751,engine
Bellatrix,-2,81.28179509350093,6.347931713538577,engine
Bellatrix,-1,81.28179511410366,6.347931738344611,engine
Bellatrix,0,81.28179513371575,6.34793176319102,engine
Bellatrix,1,81.28179515233552,6.347931788077313,engine
Bellatrix,2,81.28179516996133,6.34793181300302,engine
Bellatrix,3,81.28179518659155,6.347931837967651,engine
Bellatrix,4,81.28179520222457,6.347931862970721,engine
Bellatrix,5,81.2817952168588,6.347931888011747,engine
Bellatrix,6,81.28179523049268,6.347931913090266,engine
Bellatrix,7,81.28179524312463,6.347931938205747,engine
Bellatrix,8,81.28179525475313,6.347931963357726,engine
Bellatrix,9,81.28179526537669,6.347931988545717,engine
Bellatrix,10,81.28179527499377,6.34793201376923,engine
Bellatrix,11,81.28179528360292,6.347932039027776,engine
Bellatrix,12,81.28179529120267,6.347932064320865,engine
Bellatrix,13,81.28179529779162,6.347932089648008,engine
Bellatrix,14,81.28179530336831,6.347932115008715,engine
Bellatrix,15,81.28179530793136,6.347932140402492,engine
Bellatrix,16,81.28179531147939,6.347932165828849,engine
Bellatrix,17,81.28179531401105,6.347932191287306,engine
Bellatrix,18,81.28179531552497,6.347932216777343,engine
Bellatrix,19,81.28179531601987,6.347932242298476,engine
Bellatrix,20,81.2817953154944,6.347932267850215,engine
Bellatrix,21,81.28179531394733,6.3479322934320646,engine
Bellatrix,22,81.28179531137738,6.347932319043525,engine
Bellatrix,23,81.28179530778328,6.3479323446841045,engine
Bellatrix,24,81.28179530316385,6.347932370353305,engine
Bellatrix,25,81.28179529751786,6.347932396050625,engine
Bellatrix,26,81.28179529084413,6.347932421775575,engine
Bellatrix,27,81.2817952831415,6.34793244752765,engine
Bellatrix,28,81.28179527440884,6.347932473306353,engine
Bellatrix,29,81.281795264645,6.3479324991112005,engine
Bellatrix,30,81.2817952538489,6.347932524941662,engine
