body,minute,ra,dec,source
Aldebaran,-30,68.9836262048266,16.508798244967288,engine
Aldebaran,-20,68.98362416193477,16.508797452799783,engine
Aldebaran,-15,68.983623191331,16.508797045134816,engine
Aldebaran,-10,68.9836222554412,16.508796630024065,engine
Aldebaran,-5,68.98362135485876,16.508796207678113,engine
Aldebaran,-2,68.98362083169752,16.508795950886658,engine
Aldebaran,-1,68.98362066020235,16.508795864735898,engine
Aldebaran,0,68.98362049016055,16.50879577831124,engine
Aldebaran,1,68.98362032157655,16.508795691614434,engine
Aldebaran,2,68.98362015445475,16.50879560464723,engine
Aldebaran,3,68.9836199887995,16.508795517411393,engine
Aldebaran,4,68.98361982461516,16.5087954299087,engine
Aldebaran,5,68.98361966190603,16.508795342140903,engine
Aldebaran,6,68.98361950067627,16.50879525410973,engine
Aldebaran,7,68.98361934093036,16.508795165817087,engine
Aldebaran,8,68.98361918267241,16.508795077264693,engine
Aldebaran,9,68.98361902590662,16.508794988454333,engine
Aldebaran,10,68.98361887063716,16.508794899387812,engine
Aldebaran,11,68.98361871686814,16.50879481006694,engine
Aldebaran,12,68.98361856460372,16.5087947204935,engine
Aldebaran,13,68.98361841384792,16.50879463066932,engine
Aldebaran,14,68.98361826460486,16.50879454059622,engine
Aldebaran,15,68.9836181168785,16.50879445027601,engine
Aldebaran,16,68.98361797067287,16.508794359710517,engine
Aldebaran,17,68.98361782599183,16.508794268901507,engine
Aldebaran,18,68.98361768283951,16.508794177850955,engine
Aldebaran,19,68.9836175412197,16.508794086560606,engine
Aldebaran,20,68.9836174011363,16.508793995032338,engine
Aldebaran,21,68.98361726259314,16.508793903267975,engine
Aldebaran,22,68.98361712559407,16.50879381126939,engine
Aldebaran,23,68.98361699014283,16.508793719038415,engine
Aldebaran,24,68.98361685624322,16.50879362657694,engine
Aldebaran,25,68.98361672389895,16.508793533886806,engine
Aldebaran,26,68.98361659311371,16.508793440969896,engine
Aldebaran,27,68.9836164638912,16.508793347828096,engine
Aldebaran,28,68.98361633623502,16.508793254463267,engine
Aldebaran,29,68.98361621014872,16.508793160877236,engine
Aldebaran,30,68.98361608563606,16.508793067072006,engine
Antares,-30,247.34851597960676,-26.432066618180652,engine
Antares,-20,247.3485180837255,-26.432067847214473,engine
Antares,-15,247.3485190800619,-26.43206847928999,engine
Antares,-10,247.34852003840322,-26.43206912263227,engine
Antares,-5,247.34852095813775,-26.432069776905536,engine
Antares,-2,247.34852149119942,-26.432070174574562,engine
Antares,-1,247.34852166572884,-26.432070307965247,engine
Antares,0,247.34852183867173,-26.432070441768456,engine
Antares,1,247.34852201002357,-26.43207057598143,engine
Antares,2,247.34852217977985,-26.432070710601362,engine
Antares,3,247.34852234793604,-26.43207084562546,engine
Antares,4,247.3485225144878,-26.432070981050902,engine
Antares,5,247.34852267943054,-26.43207111687489,engine
Antares,6,247.3485228427601,-26.43207125309468,engine
Antares,7,247.34852300447199,-26.43207138970725,engine
Antares,8,247.34852316456187,-26.432071526709844,engine
Antares,9,247.34852332302546,-26.432071664099656,engine
Antares,10,247.34852347985856,-26.432071801873782,engine
Antares,11,247.34852363505684,-26.4320719400294,engine
Antares,12,247.3485237886162,-26.432072078563618,engine
Antares,13,247.3485239405325,-26.432072217473564,engine
Antares,14,247.34852409080142,-26.432072356756354,engine
Antares,15,247.34852423941908,-26.43207249640911,engine
Antares,16,247.3485243863813,-26.432072636428916,engine
Antares,17,247.34852453168412,-26.432072776812955,engine
Antares,18,247.34852467532335,-26.432072917558166,engine
Antares,19,247.34852481729519,-26.43207305866168,engine
Antares,20,247.3485249575956,-26.432073200120584,engine
Antares,21,247.34852509622067,-26.432073341931975,engine
Antares,22,247.34852523316655,-26.432073484092875,engine
Antares,23,247.34852536842942,-26.432073626600353,engine
Antares,24,247.3485255020054,-26.43207376945146,engine
Antares,25,247.34852563389074,-26.432073912643236,engine
Antares,26,247.34852576408173,-26.432074056172713,engine
Antares,27,247.34852589257457,-26.432074200036915,engine
Antares,28,247.3485260193656,-26.43207434423288,engine
Antares,29,247.34852614445128,-26.432074488757696,engine
Antares,30,247.3485262678278,-26.43207463360819,engine
Ceres,-30,108.07546959634017,23.26363029004709,engine
Ceres,-20,108.07743742683323,23.263724076296732,engine
Ceres,-15,108.07842201504178,23.263771003925676,engine
Ceres,-10,108.0794070500406,23.26381795972137,engine
Ceres,-5,108.08039253088873,23.26386494758265,engine
Ceres,-2,108.08098403252329,23.263893157287338,engine
Ceres,-1,108.08118123518221,23.263902563539098,engine
Ceres,0,108.08137845553915,23.263911971350513,engine
Ceres,1,108.08157569357822,23.26392138075233,engine
Ceres,2,108.08177294928302,23.26393079177524,engine
Ceres,3,108.08197022263693,23.26394020444991,engine
Ceres,4,108.08216751362284,23.26394961880696,engine
Ceres,5,108.08236482222335,23.263959034877026,engine
Ceres,6,108.08256214855295,23.263968452696968,engine
Ceres,7,108.08275949232885,23.26397787228474,engine
Ceres,8,108.08295685366485,23.26398729367718,engine
Ceres,9,108.08315423254199,23.263996716904742,engine
Ceres,10,108.08335162894103,23.26400614199793,engine
Ceres,11,108.08354904284231,23.26401556898716,engine
Ceres,12,108.08374647422583,23.26402499790282,engine
Ceres,13,108.08394392307122,23.264034428775272,engine
Ceres,14,108.0841413893577,23.26404386163486,engine
Ceres,15,108.08433887306417,23.264053296511864,engine
Ceres,16,108.08453637416918,23.264062733436585,engine
Ceres,17,108.08473389278329,23.264072172445555,engine
Ceres,18,108.08493142861943,23.264081613556304,engine
Ceres,19,108.08512898178748,23.264091056805345,engine
Ceres,20,108.08532655226443,23.26410050222276,engine
Ceres,21,108.08552414002708,23.264109949838684,engine
Ceres,22,108.0857217450517,23.264119399683093,engine
Ceres,23,108.08591936731428,23.26412885178607,engine
Ceres,24,108.0861170067904,23.26413830617752,engine
Ceres,25,108.08631466345538,23.264147762887433,engine
Ceres,26,108.086512337284,23.264157221945652,engine
Ceres,27,108.08671002825088,23.264166683382037,engine
Ceres,28,108.08690773633015,23.2641761472264,engine
Ceres,29,108.08710546162814,23.264185613514854,engine
Ceres,30,108.08730320385322,23.26419508226444,engine
Chiron,-30,26.870184868326835,11.26710967429947,engine
Chiron,-20,26.869905058156107,11.26699322565506,engine
Chiron,-15,26.869765208499473,11.266935019477007,engine
Chiron,-10,26.869625393760852,11.266876825630632,engine
Chiron,-5,26.869485612324926,11.266818644258525,engine
Chiron,-2,26.86940175880689,11.266783741494878,engine
Chiron,-1,26.86937381011126,11.266772108256259,engine
Chiron,0,26.869345862638454,11.266760475528937,engine
Chiron,1,26.86931791636567,11.266748843311662,engine
Chiron,2,26.86928997128986,11.266737211607964,engine
Chiron,3,26.869262027388167,11.26672558041657,engine
Chiron,4,26.869234084652543,11.266713949739787,engine
Chiron,5,26.869206143074916,11.266702319579919,engine
Chiron,6,26.869178202613607,11.266690689927861,engine
Chiron,7,26.869150263302917,11.266679060802677,engine
Chiron,8,26.86912232510112,11.266667432195243,engine
Chiron,9,26.869094388005003,11.26665580410901,engine
Chiron,10,26.86906645199154,11.266644176542641,engine
Chiron,11,26.869038517057415,11.26663254949955,engine
Chiron,12,26.8690105831796,11.266620922978365,engine
Chiron,13,26.86898265035475,11.2666092969825,engine
Chiron,14,26.86895471855973,11.266597671510553,engine
Chiron,15,26.868926787791185,11.26658604656592,engine
Chiron,16,26.868898858030892,11.266574422148366,engine
Chiron,17,26.868870929241876,11.266562798249874,engine
Chiron,18,26.868843001458153,11.266551174889383,engine
Chiron,19,26.86881507463775,11.266539552057644,engine
Chiron,20,26.868787148777226,11.266527929757993,engine
Chiron,21,26.86875922385326,11.266516307988935,engine
Chiron,22,26.86873129986235,11.266504686753798,engine
Chiron,23,26.868703376786115,11.266493066052277,engine
Chiron,24,26.86867545460618,11.266481445884052,engine
Chiron,25,26.868647533318924,11.266469826252397,engine
Chiron,26,26.868619612905945,11.266458207156983,engine
Chiron,27,26.868591693348776,11.266446588597457,engine
Chiron,28,26.86856377464377,11.266434970577066,engine
Chiron,29,26.86853585675373,11.26642335308764,engine
Chiron,30,26.868507939697558,11.266411736144391,engine
Eris,-30,27.146034725039502,-0.058778197974562,tno-rate
Eris,-20,27.14597444018024,-0.05880142061513169,tno-rate
Eris,-15,27.14594429775061,-0.05881303193541654,tno-rate
Eris,-10,27.14591415532098,-0.058824643255701387,tno-rate
Eris,-5,27.14588401289135,-0.05883625457598623,tno-rate
Eris,-2,27.145865927433572,-0.05884322136815714,tno-rate
Eris,-1,27.14585989894765,-0.05884554363221411,tno-rate
Eris,0,27.14585387046172,-0.05884786589627108,tno-rate
Eris,1,27.145847841975794,-0.05885018816032805,tno-rate
Eris,2,27.14584181348987,-0.05885251042438502,tno-rate
Eris,3,27.145835785003943,-0.05885483268844199,tno-rate
Eris,4,27.14582975651802,-0.058857154952498957,tno-rate
Eris,5,27.14582372803209,-0.058859477216555926,tno-rate
Eris,6,27.145817699546164,-0.058861799480612896,tno-rate
Eris,7,27.14581167106024,-0.058864121744669866,tno-rate
Eris,8,27.145805642574313,-0.058866444008726836,tno-rate
Eris,9,27.145799614088386,-0.058868766272783805,tno-rate
Eris,10,27.145793585602462,-0.05887108853684077,tno-rate
Eris,11,27.145787557116535,-0.05887341080089774,tno-rate
Eris,12,27.14578152863061,-0.05887573306495471,tno-rate
Eris,13,27.145775500144683,-0.05887805532901168,tno-rate
Eris,14,27.145769471658756,-0.05888037759306865,tno-rate
Eris,15,27.145763443172832,-0.05888269985712562,tno-rate
Eris,16,27.145757414686905,-0.05888502212118259,tno-rate
Eris,17,27.145751386200978,-0.05888734438523956,tno-rate
Eris,18,27.145745357715054,-0.058889666649296527,tno-rate
Eris,19,27.145739329229126,-0.058891988913353496,tno-rate
Eris,20,27.145733300743203,-0.058894311177410466,tno-rate
Eris,21,27.145727272257275,-0.058896633441467436,tno-rate
Eris,22,27.145721243771348,-0.058898955705524406,tno-rate
Eris,23,27.145715215285424,-0.058901277969581375,tno-rate
Eris,24,27.145709186799497,-0.058903600233638345,tno-rate
Eris,25,27.14570315831357,-0.058905922497695315,tno-rate
Eris,26,27.145697129827646,-0.058908244761752285,tno-rate
Eris,27,27.14569110134172,-0.058910567025809255,tno-rate
Eris,28,27.145685072855795,-0.058912889289866224,tno-rate
Eris,29,27.145679044369867,-0.058915211553923194,tno-rate
Eris,30,27.14567301588394,-0.05891753381798016,tno-rate
Fomalhaut,-30,344.4207295380218,-29.622748833661305,engine
Fomalhaut,-20,344.4207322894481,-29.622747799755206,engine
Fomalhaut,-15,344.4207337174122,-29.622747304811117,engine
Fomalhaut,-10,344.4207351791981,-29.622746824968647,engine
Fomalhaut,-5,344.4207366740271,-29.62274636054035,engine
Fomalhaut,-2,344.42073758645495,-29.622746089409585,engine
Fomalhaut,-1,344.4207378931473,-29.622746000301454,engine
Fomalhaut,0,344.4207382011038,-29.622745911831693,engine
Fomalhaut,1,344.4207385103178,-29.622745824002646,engine
Fomalhaut,2,344.4207388207828,-29.622745736816658,engine
Fomalhaut,3,344.4207391324922,-29.622745650276077,engine
Fomalhaut,4,344.4207394454394,-29.622745564383205,engine
Fomalhaut,5,344.42073975961773,-29.622745479140356,engine
Fomalhaut,6,344.42074007502083,-29.622745394549792,engine
Fomalhaut,7,344.4207403916416,-29.622745310613883,engine
Fomalhaut,8,344.4207407094734,-29.62274522733485,engine
Fomalhaut,9,344.4207410285097,-29.62274514471497,engine
Fomalhaut,10,344.4207413487437,-29.622745062756465,engine
Fomalhaut,11,344.4207416701686,-29.62274498146157,engine
Fomalhaut,12,344.4207419927776,-29.62274490083251,engine
Fomalhaut,13,344.4207423165639,-29.622744820871503,engine
Fomalhaut,14,344.4207426415207,-29.62274474158074,engine
Fomalhaut,15,344.42074296764105,-29.6227446629624,engine
Fomalhaut,16,344.42074329491817,-29.62274458501865,engine
Fomalhaut,17,344.42074362334534,-29.622744507751587,engine
Fomalhaut,18,344.4207439529152,-29.622744431163493,engine
Fomalhaut,19,344.42074428362105,-29.622744355256405,engine
Fomalhaut,20,344.4207446154558,-29.622744280032464,engine
Fomalhaut,21,344.4207449484126,-29.622744205493767,engine
Fomalhaut,22,344.4207452824844,-29.622744131642406,engine
Fomalhaut,23,344.4207456176641,-29.622744058480478,engine
Fomalhaut,24,344.42074595394473,-29.62274398601001,engine
Fomalhaut,25,344.42074629131923,-29.62274391423308,engine
Fomalhaut,26,344.4207466297804,-29.622743843151742,engine
Fomalhaut,27,344.4207469693212,-29.622743772767976,engine
Fomalhaut,28,344.4207473099344,-29.622743703083827,engine
Fomalhaut,29,344.4207476516132,-29.622743634101234,engine
Fomalhaut,30,344.42074799435,-29.62274356582229,engine
Juno,-30,296.6774810182493,-12.668005359788753,engine
Juno,-20,296.6783894538408,-12.668565864361486,engine
Juno,-15,296.6788429516564,-12.668846089540592,engine
Juno,-10,296.6792959690376,-12.669126293160053,engine
Juno,-5,296.67974850613405,-12.669406472716679,engine
Juno,-2,296.6800197979446,-12.669574567786839,engine
Juno,-1,296.6801101901242,-12.669630597247245,engine
Juno,0,296.6802005631179,-12.669686625558123,engine
Juno,1,296.68029091693097,-12.669742652698892,engine
Juno,2,296.68038125167857,-12.669798678646798,engine
Juno,3,296.68047156714806,-12.669854703385601,engine
Juno,4,296.68056186345535,-12.669910726892578,engine
Juno,5,296.6806521406076,-12.66996674914714,engine
Juno,6,296.6807423986725,-12.670022770166316,engine
Juno,7,296.6808326376465,-12.670078789852242,engine
Juno,8,296.6809228573794,-12.670134808226289,engine
Juno,9,296.68101305798945,-12.670190825265761,engine
Juno,10,296.68110323948565,-12.670246840950126,engine
Juno,11,296.6811934018776,-12.670302855258882,engine
Juno,12,296.68128354528466,-12.670358868169332,engine
Juno,13,296.68137366949827,-12.67041487966536,engine
Juno,14,296.68146377463876,-12.670470889724278,engine
Juno,15,296.6815538607173,-12.670526898325628,engine
Juno,16,296.6816439277456,-12.670582905448954,engine
Juno,17,296.68173397579596,-12.670638911111347,engine
Juno,18,296.6818240048696,-12.670694915215096,engine
Juno,19,296.681914014821,-12.670750917781678,engine
Juno,20,296.6820040057729,-12.670806918788518,engine
Juno,21,296.68209397773893,-12.670862918215194,engine
Juno,22,296.6821839307333,-12.670918916041337,engine
Juno,23,296.6822738647706,-12.670974912246571,engine
Juno,24,296.6823637799752,-12.671030906808369,engine
Juno,25,296.6824536761438,-12.67108689971074,engine
Juno,26,296.6825435534015,-12.671142890931172,engine
Juno,27,296.68263341176464,-12.671198880449372,engine
Juno,28,296.68272325124985,-12.671254868245027,engine
Juno,29,296.68281307193445,-12.671310854335411,engine
Juno,30,296.6829028737155,-12.67136683862518,engine
Jupiter,-30,142.40002740686873,15.453182561799316,engine
Jupiter,-20,142.40121411039777,15.452814761833416,engine
Jupiter,-15,142.40180769082286,15.452630822049969,engine
Jupiter,-10,142.40240142704525,15.4524468570685,engine
Jupiter,-5,142.4029953217828,15.452262867814964,engine
Jupiter,-2,142.40335173565876,15.452152463049911,engine
Jupiter,-1,142.4034705532326,15.452115659642528,engine
Jupiter,0,142.40358937735007,15.452078855327688,engine
Jupiter,1,142.4037082079645,15.452042050133151,engine
Jupiter,2,142.40382704512697,15.45200524405726,engine
Jupiter,3,142.40394588885576,15.451968437108183,engine
Jupiter,4,142.4040647392015,15.45193162928436,engine
Jupiter,5,142.40418359611706,15.451894820613582,engine
Jupiter,6,142.4043024597327,15.451858011069595,engine
Jupiter,7,142.40442132990668,15.451821200710041,engine
Jupiter,8,142.4045402067689,15.451784389508688,engine
Jupiter,9,142.40465909027154,15.451747577493462,engine
Jupiter,10,142.40477798046462,15.451710764662872,engine
Jupiter,11,142.40489687736525,15.45167395102522,engine
Jupiter,12,142.40501578102294,15.451637136579114,engine
Jupiter,13,142.40513469138952,15.451600321352478,engine
Jupiter,14,142.4052536085143,15.451563505343918,engine
Jupiter,15,142.4053725324138,15.451526688561845,engine
Jupiter,16,142.40549146310448,15.451489871014688,engine
Jupiter,17,142.40561040071503,15.451453052676408,engine
Jupiter,18,142.40572934503692,15.451416233624423,engine
Jupiter,19,142.40584829619846,15.451379413832733,engine
Jupiter,20,142.4059672542155,15.451342593309853,engine
Jupiter,21,142.40608621913643,15.451305772054486,engine
Jupiter,22,142.4062051909116,15.451268950094738,engine
Jupiter,23,142.406324169589,15.451232127429401,engine
Jupiter,24,142.40644315518395,15.451195304067017,engine
Jupiter,25,142.40656214771158,15.451158480016172,engine
Jupiter,26,142.4066811472195,15.45112165527566,engine
Jupiter,27,142.40680015365731,15.451084829873707,engine
Jupiter,28,142.40691916707237,15.451048003809143,engine
Jupiter,29,142.407038187559,15.451011177065906,engine
Jupiter,30,142.40715721497193,15.450974349702065,engine
Ketu,-30,150.83480257259117,11.928527337393405,engine
Ketu,-20,150.83489405699032,11.928494186890848,engine
Ketu,-15,150.8349400719386,11.928477512794952,engine
Ketu,-10,150.8349862680269,11.92846077305341,engine
Ketu,-5,150.8350326447486,11.928443967849658,engine
Ketu,-2,150.83506055727207,11.928433853382906,engine
Ketu,-1,150.83506987583718,11.928430476678752,engine
Ketu,0,150.83507920159053,11.92842709736956,engine
Ketu,1,150.8350885345281,11.928423715456743,engine
Ketu,2,150.83509787464595,11.928420330941787,engine
Ketu,3,150.83510722193978,11.928416943826203,engine
Ketu,4,150.83511657640565,11.928413554111415,engine
Ketu,5,150.83512593803914,11.928410161799071,engine
Ketu,6,150.83513530683643,11.9284067668905,engine
Ketu,7,150.83514468279333,11.928403369387226,engine
Ketu,8,150.83515406590556,11.92839996929083,engine
Ketu,9,150.83516345616925,11.928396566602713,engine
Ketu,10,150.83517285358022,11.928393161324383,engine
Ketu,11,150.83518225813435,11.928389753457298,engine
Ketu,12,150.83519166982722,11.928386343003098,engine
Ketu,13,150.83520108865503,11.928382929963124,engine
Ketu,14,150.83521051461366,11.9283795143389,engine
Ketu,15,150.83521994769882,11.928376096131991,engine
Ketu,16,150.83522938790645,11.92837267534385,engine
Ketu,17,150.83523883523884,11.9283692519736,engine
Ketu,18,150.8352482896791,11.928365826027427,engine
Ketu,19,150.83525775122956,11.928362397504479,engine
Ketu,20,150.83526721987943,11.928358966408593,engine
Ketu,21,150.83527669563762,11.928355532736644,engine
Ketu,22,150.83528617849362,11.928352096492354,engine
Ketu,23,150.835295668443,11.928348657677372,engine
Ketu,24,150.83530516548205,11.92834521629304,engine
Ketu,25,150.8353146696062,11.92834177234101,engine
Ketu,26,150.83532418081177,11.92833832582259,engine
Ketu,27,150.83533369909424,11.92833487673944,engine
Ketu,28,150.83534322444962,11.928331425093003,engine
Ketu,29,150.83535275688018,11.928327970882446,engine
Ketu,30,150.83536229636888,11.928324514113962,engine
Mars,-30,125.7596903613199,20.48158873182717,engine
Mars,-20,125.76386063322609,20.48075437002633,engine
Mars,-15,125.76594683177179,20.480337100027263,engine
Mars,-10,125.76803374179741,20.479919777860598,engine
Mars,-5,125.77012136652756,20.479502408698,engine
Mars,-2,125.77137428476621,20.479251966973653,engine
Mars,-1,125.77179198154158,20.47916848327667,engine
Mars,0,125.77220970701906,20.47908499809032,engine
Mars,1,125.77262746121039,20.47900151145771,engine
Mars,2,125.77304524429904,20.478918023386658,engine
Mars,3,125.77346305595066,20.478834533990774,engine
Mars,4,125.77388089634765,20.47875104327793,engine
Mars,5,125.77429876549935,20.478667551291252,engine
Mars,6,125.77471666369478,20.478584058017887,engine
Mars,7,125.77513459038173,20.47850056361297,engine
Mars,8,125.77555254584803,20.47841706806367,engine
Mars,9,125.77597053010074,20.47833357141316,engine
Mars,10,125.77638854331882,20.478250073669344,engine
Mars,11,125.77680658516324,20.478166574945952,engine
Mars,12,125.77722465581175,20.478083075250904,engine
Mars,13,125.77764275526917,20.47799957462738,engine
Mars,14,125.7780608835396,20.47791607311859,engine
Mars,15,125.77847904062668,20.47783257076776,engine
Mars,16,125.77889722653339,20.47774906761809,engine
Mars,17,125.77931544154262,20.477665563656775,engine
Mars,18,125.7797336850954,20.47758205903905,engine
Mars,19,125.78015195764583,20.47749855371685,engine
Mars,20,125.78057025884969,20.477415047803913,engine
Mars,21,125.78098858887965,20.477331541308196,engine
Mars,22,125.78140694773519,20.47724803427293,engine
Mars,23,125.78182533541526,20.47716452674128,engine
Mars,24,125.78224375191832,20.477081018756476,engine
Mars,25,125.7826621972421,20.47699751036172,engine
Mars,26,125.78308067138387,20.476914001600203,engine
Mars,27,125.78349917451277,20.476830492479834,engine
Mars,28,125.78391770627994,20.47674698311436,engine
Mars,29,125.78433626713398,20.476663473455663,engine
Mars,30,125.78475485650854,20.476579963658914,engine
Mercury,-30,211.49708296543716,-15.019144263290379,engine
Mercury,-20,211.50517172282008,-15.022821404925036,engine
Mercury,-15,211.50921564085502,-15.024659282172474,engine
Mercury,-10,211.5132592815313,-15.026496695798176,engine
Mercury,-5,211.51730266901333,-15.028333645894213,engine
Mercury,-2,211.5197285892277,-15.029435593232582,engine
Mercury,-1,211.52053721160397,-15.029802871807325,engine
Mercury,0,211.52134582568468,-15.03017013194465,engine
Mercury,1,211.52215443128904,-15.030537373393702,engine
Mercury,2,211.5229630289677,-15.030904596404042,engine
Mercury,3,211.5237716185399,-15.031271800725229,engine
Mercury,4,211.52458020055627,-15.031638986607195,engine
Mercury,5,211.52538877483605,-15.032006153799927,engine
Mercury,6,211.52619734247193,-15.032373302799902,engine
Mercury,7,211.52700590219885,-15.032740432865218,engine
Mercury,8,211.5278144551095,-15.033107544492749,engine
Mercury,9,211.5286230010231,-15.033474637433347,engine
Mercury,10,211.52943154049004,-15.033841711938106,engine
Mercury,11,211.53024007332957,-15.034208767758317,engine
Mercury,12,211.5310485999093,-15.034575805020472,engine
Mercury,13,211.53185712059656,-15.034942823851239,engine
Mercury,14,211.53266563521055,-15.035309824002548,engine
Mercury,15,211.5334741443014,-15.035676805726478,engine
Mercury,16,211.5342826476883,-15.036043768775379,engine
Mercury,17,211.5350911462806,-15.036410713522764,engine
Mercury,18,211.5358996393612,-15.03677763960422,engine
Mercury,19,211.5367081272912,-15.03714454701881,engine
Mercury,20,211.53751661062046,-15.037511436019566,engine
Mercury,21,211.53832508916784,-15.037878306359904,engine
Mercury,22,211.53913356330025,-15.038245158168317,engine
Mercury,23,211.53994203338442,-15.038611991573465,engine
Mercury,24,211.54075049923924,-15.038978806329425,engine
Mercury,25,211.5415589612313,-15.039345602565282,engine
Mercury,26,211.54236741972707,-15.039712380410286,engine
Mercury,27,211.54317587454523,-15.040079139619154,engine
Mercury,28,211.54398432605205,-15.04044588032157,engine
Mercury,29,211.54479277515594,-15.040812602893272,engine
Mercury,30,211.54560122059098,-15.041179306597837,engine
Moon,-30,110.90021958512568,25.095427873206315,engine
Moon,-20,111.01159061647932,25.056807513937287,engine
Moon,-15,111.0679635084081,25.037527650884723,engine
Moon,-10,111.12479176908319,25.018272909197677,engine
Moon,-5,111.18207295802695,24.99904690255934,engine
Moon,-2,111.21665800162589,24.98752659639452,engine
Moon,-1,111.22822227456837,24.98368921544974,engine
Moon,0,111.23980447248077,24.97985324252226,engine
Moon,1,111.25140457234421,24.97601870600619,engine
Moon,2,111.26302255084735,24.972185634221205,engine
Moon,3,111.27465838438846,24.968354055446284,engine
Moon,4,111.28631204904259,24.96452399788183,engine
Moon,5,111.29798352059744,24.960695489681346,engine
Moon,6,111.30967278240072,24.956868556368015,engine
Moon,7,111.32137979393544,24.953043231099574,engine
Moon,8,111.33310453794394,24.949219539272196,engine
Moon,9,111.34484698898844,24.94539750878609,engine
Moon,10,111.35660712137754,24.941577167479025,engine
Moon,11,111.3683849091111,24.937758543134034,engine
Moon,12,111.38018032587266,24.93394166346551,engine
Moon,13,111.39199334508388,24.93012655610899,engine
Moon,14,111.40382393981969,24.92631324866112,engine
Moon,15,111.41567208292659,24.922501768639883,engine
Moon,16,111.42753774690996,24.918692143497747,engine
Moon,17,111.4394209119824,24.914884398072793,engine
Moon,18,111.45132153412774,24.911078564809415,engine
Moon,19,111.46323959296514,24.907274668381675,engine
Moon,20,111.4751750598593,24.903472736005785,engine
Moon,21,111.48712790585526,24.89967279480033,engine
Moon,22,111.49909810174275,24.895874871823253,engine
Moon,23,111.51108561801958,24.892078994064192,engine
Moon,24,111.52309042486847,24.88828518844319,engine
Moon,25,111.53511249221589,24.884493481818566,engine
Moon,26,111.54715178968867,24.880703900969408,engine
Moon,27,111.55920828663875,24.876916472616006,engine
Moon,28,111.57128195211911,24.873131223409096,engine
Moon,29,111.5833727630275,24.869348177386204,engine
Moon,30,111.5954806716356,24.86556736612305,engine
Neptune,-30,2.763353745057227,-0.3506758092221226,engine
Neptune,-20,2.7631839812966867,-0.350751409423103,engine
Neptune,-15,2.763099131187093,-0.3507892089685471,engine
Neptune,-10,2.7630143006573378,-0.35082700814117296,engine
Neptune,-5,2.762929488470261,-0.3508648069503907,engine
Neptune,-2,2.7628786094618194,-0.3508874860575667,engine
Neptune,-1,2.7628616511170687,-0.35089504573036057,engine
Neptune,0,2.762844693417743,-0.35090260538855683,engine
Neptune,1,2.762827736351229,-0.3509101650332735,engine
Neptune,2,2.7628107799130026,-0.3509177246623049,engine
Neptune,3,2.7627938240904304,-0.35092528427677094,engine
Neptune,4,2.76277686887357,-0.3509328438766771,engine
Neptune,5,2.762759914252462,-0.3509404034620356,engine
Neptune,6,2.7627429602030675,-0.3509479630390308,engine
Neptune,7,2.7627260067435517,-0.35095552259531937,engine
Neptune,8,2.7627090538498535,-0.350963082137087,engine
Neptune,9,2.762692101511977,-0.3509706416643421,engine
Neptune,10,2.762675149719911,-0.35097820117709516,engine
Neptune,11,2.7626581984636407,-0.350985760675352,engine
Neptune,12,2.7626412477331335,-0.3509933201591217,engine
Neptune,13,2.7626242975156594,-0.35100087962952137,engine
Neptune,14,2.7626073478065685,-0.3510084390843422,engine
Neptune,15,2.7625903985931015,-0.3510159985247012,engine
Neptune,16,2.762573449865198,-0.3510235579506066,engine
Neptune,17,2.762556501601423,-0.3510311173671324,engine
Neptune,18,2.7625395538144177,-0.35103867676415074,engine
Neptune,19,2.7625226064827357,-0.35104623614673547,engine
Neptune,20,2.762505659596275,-0.3510537955148962,engine
Neptune,21,2.7624887131449305,-0.351061354868638,engine
Neptune,22,2.7624717671185843,-0.351068914207969,engine
Neptune,23,2.762454821504428,-0.35107647353400173,engine
Neptune,24,2.7624378762977253,-0.3510840328445292,engine
Neptune,25,2.7624209314856403,-0.35109159214066465,engine
Neptune,26,2.7624039870580366,-0.3510991514224149,engine
Neptune,27,2.76238704300476,-0.35110671068978605,engine
Neptune,28,2.762370099315659,-0.35111426994278294,engine
Neptune,29,2.7623531559692096,-0.35112182918648144,engine
Neptune,30,2.7623362129779716,-0.3511293884107475,engine
Pallas,-30,21.043818036294898,-13.407660087158419,engine
Pallas,-20,21.042610162409805,-13.409543875389849,engine
Pallas,-15,21.04200611038852,-13.41048594916393,engine
Pallas,-10,21.041401962843068,-13.411428142231575,engine
Pallas,-5,21.040797705499497,-13.412370454532551,engine
Pallas,-2,21.040435092679616,-13.412935898862475,engine
Pallas,-1,21.040314211262892,-13.413124389779743,engine
Pallas,0,21.040193324591808,-13.413312885456781,engine
Pallas,1,21.04007243226103,-13.413501385840235,engine
Pallas,2,21.039951534305178,-13.413689890950915,engine
Pallas,3,21.0398306307589,-13.413878400809548,engine
Pallas,4,21.039709721217154,-13.414066915362465,engine
Pallas,5,21.039588805714747,-13.414255434630137,engine
Pallas,6,21.039467884205624,-13.414443958759367,engine
Pallas,7,21.039346956447005,-13.41463248744333,engine
Pallas,8,21.0392260225397,-13.414821020853376,engine
Pallas,9,21.03910508207896,-13.415009558935234,engine
Pallas,10,21.038984135100215,-13.415198101708885,engine
Pallas,11,21.038863181638824,-13.415386649194168,engine
Pallas,12,21.038742221290445,-13.415575201336502,engine
Pallas,13,21.038621254237377,-13.415763758180299,engine
Pallas,14,21.038500280075514,-13.415952319670753,engine
Pallas,15,21.038379298840635,-13.416140885827287,engine
Pallas,16,21.03825831056877,-13.416329456669198,engine
Pallas,17,21.03813731477496,-13.416518032267808,engine
Pallas,18,21.038016311804284,-13.416706612414098,engine
Pallas,19,21.03789530117208,-13.416895197179146,engine
Pallas,20,21.037774283061385,-13.417083786606625,engine
Pallas,21,21.037653257068854,-13.417272380640965,engine
Pallas,22,21.03753222337781,-13.417460979325588,engine
Pallas,23,21.03741118158515,-13.417649582604717,engine
Pallas,24,21.037290131874517,-13.417838190521591,engine
Pallas,25,21.03716907384295,-13.41802680302019,engine
Pallas,26,21.03704800767439,-13.418215420143511,engine
Pallas,27,21.036926932966228,-13.418404041835382,engine
Pallas,28,21.036805849902553,-13.418592668138562,engine
Pallas,29,21.036684757999872,-13.41878129912311,engine
Pallas,30,21.036563657604987,-13.418969934578628,engine
Pluto,-30,306.0762891561976,-23.72264179076058,engine
Pluto,-20,306.07625173494984,-23.722648004869733,engine
Pluto,-15,306.076232987687,-23.722651137529095,engine
Pluto,-10,306.0762142145429,-23.722654286925877,engine
Pluto,-5,306.07619541443194,-23.72265745280085,engine
Pluto,-2,306.07618412098117,-23.72265936012355,engine
Pluto,-1,306.0761803542161,-23.72265999718432,engine
Pluto,0,306.07617658629636,-23.722660634884637,engine
Pluto,1,306.0761728172136,-23.722661273222286,engine
Pluto,2,306.0761690469596,-23.722661912194987,engine
Pluto,3,306.076165275526,-23.722662551800475,engine
Pluto,4,306.07616150290465,-23.72266319203649,engine
Pluto,5,306.0761577290873,-23.722663832900704,engine
Pluto,6,306.0761539540632,-23.72266447439127,engine
Pluto,7,306.07615017782933,-23.72266511650498,engine
Pluto,8,306.0761464003749,-23.72266575923994,engine
Pluto,9,306.07614262169193,-23.722666402593816,engine
Pluto,10,306.0761388417724,-23.72266704656422,engine
Pluto,11,306.07613506060807,-23.7226676911488,engine
Pluto,12,306.07613127819104,-23.72266833634516,engine
Pluto,13,306.07612749451334,-23.722668982150896,engine
Pluto,14,306.0761237095669,-23.722669628563608,engine
Pluto,15,306.0761199233415,-23.72267027558075,engine
Pluto,16,306.076116135834,-23.722670923200113,engine
Pluto,17,306.0761123470316,-23.722671571419575,engine
Pluto,18,306.0761085569315,-23.722672220235797,engine
Pluto,19,306.0761047655234,-23.722672869646747,engine
Pluto,20,306.0761009727994,-23.722673519649923,engine
Pluto,21,306.0760971787519,-23.72267417024284,engine
Pluto,22,306.07609338337306,-23.722674821422963,engine
Pluto,23,306.0760895866552,-23.7226754731878,engine
Pluto,24,306.0760857885907,-23.722676125534782,engine
Pluto,25,306.0760819891719,-23.722676778461384,engine
Pluto,26,306.07607818839114,-23.72267743196504,engine
Pluto,27,306.0760743862409,-23.72267808604317,engine
Pluto,28,306.0760705827136,-23.722678740693187,engine
Pluto,29,306.0760667777992,-23.72267939591294,engine
Pluto,30,306.07606297149533,-23.72268005169894,engine
Rahu,-30,330.8348025725912,-11.928527337393405,engine
Rahu,-20,330.8348940569903,-11.928494186890848,engine
Rahu,-15,330.8349400719386,-11.928477512794952,engine
Rahu,-10,330.8349862680269,-11.92846077305341,engine
Rahu,-5,330.8350326447486,-11.928443967849658,engine
Rahu,-2,330.8350605572721,-11.928433853382906,engine
Rahu,-1,330.8350698758372,-11.928430476678752,engine
Rahu,0,330.83507920159053,-11.92842709736956,engine
Rahu,1,330.8350885345281,-11.928423715456743,engine
Rahu,2,330.83509787464595,-11.928420330941787,engine
Rahu,3,330.8351072219398,-11.928416943826203,engine
Rahu,4,330.83511657640565,-11.928413554111415,engine
Rahu,5,330.83512593803914,-11.928410161799071,engine
Rahu,6,330.83513530683643,-11.9284067668905,engine
Rahu,7,330.8351446827933,-11.928403369387226,engine
Rahu,8,330.83515406590556,-11.92839996929083,engine
Rahu,9,330.83516345616925,-11.928396566602713,engine
Rahu,10,330.8351728535802,-11.928393161324383,engine
Rahu,11,330.83518225813435,-11.928389753457298,engine
Rahu,12,330.8351916698272,-11.928386343003098,engine
Rahu,13,330.835201088655,-11.928382929963124,engine
Rahu,14,330.83521051461366,-11.9283795143389,engine
Rahu,15,330.8352199476988,-11.928376096131991,engine
Rahu,16,330.83522938790645,-11.92837267534385,engine
Rahu,17,330.83523883523884,-11.9283692519736,engine
Rahu,18,330.8352482896791,-11.928365826027427,engine
Rahu,19,330.83525775122956,-11.928362397504479,engine
Rahu,20,330.8352672198794,-11.928358966408593,engine
Rahu,21,330.8352766956376,-11.928355532736644,engine
Rahu,22,330.8352861784936,-11.928352096492354,engine
Rahu,23,330.835295668443,-11.928348657677372,engine
Rahu,24,330.83530516548205,-11.92834521629304,engine
Rahu,25,330.8353146696062,-11.92834177234101,engine
Rahu,26,330.83532418081177,-11.92833832582259,engine
Rahu,27,330.83533369909424,-11.92833487673944,engine
Rahu,28,330.8353432244496,-11.928331425093003,engine
Rahu,29,330.8353527568802,-11.928327970882446,engine
Rahu,30,330.8353622963689,-11.928324514113962,engine
Regulus,-30,152.08705886411917,11.968730184847002,engine
Regulus,-20,152.0870559950887,11.96873046701072,engine
Regulus,-15,152.08705452496056,11.968730597103557,engine
Regulus,-10,152.08705303215953,11.968730719735282,engine
Regulus,-5,152.08705151750056,11.968730834809055,engine
Regulus,-2,152.0870505985566,11.968730900186543,engine
Regulus,-1,152.08705029059047,11.968730921363543,engine
Regulus,0,152.08704998180968,11.968730942231605,engine
Regulus,1,152.08704967222104,11.968730962790017,engine
Regulus,2,152.08704936183128,11.968730983038087,engine
Regulus,3,152.08704905064707,11.968731002975126,engine
Regulus,4,152.08704873867526,11.968731022600439,engine
Regulus,5,152.0870484259226,11.968731041913346,engine
Regulus,6,152.08704811239565,11.968731060913196,engine
Regulus,7,152.08704779810168,11.968731079599273,engine
Regulus,8,152.08704748304726,11.968731097970943,engine
Regulus,9,152.08704716723926,11.96873111602754,engine
Regulus,10,152.08704685068452,11.96873113376842,engine
Regulus,11,152.08704653338995,11.968731151192936,engine
Regulus,12,152.08704621536234,11.968731168300447,engine
Regulus,13,152.08704589660866,11.968731185090313,engine
Regulus,14,152.0870455771358,11.968731201561924,engine
Regulus,15,152.0870452569507,11.968731217714648,engine
Regulus,16,152.08704493606024,11.96873123354787,engine
Regulus,17,152.08704461447118,11.968731249060998,engine
Regulus,18,152.08704429219097,11.968731264253396,engine
Regulus,19,152.0870439692263,11.968731279124489,engine
Regulus,20,152.0870436455842,11.968731293673688,engine
Regulus,21,152.08704332127164,11.9687313079004,engine
Regulus,22,152.08704299629568,11.968731321804055,engine
Regulus,23,152.08704267066332,11.968731335384081,engine
Regulus,24,152.08704234438162,11.968731348639906,engine
Regulus,25,152.0870420174576,11.968731361570974,engine
Regulus,26,152.08704168989834,11.968731374176736,engine
Regulus,27,152.08704136171096,11.968731386456643,engine
Regulus,28,152.08704103290248,11.96873139841015,engine
Regulus,29,152.08704070347983,11.968731410036732,engine
Regulus,30,152.08704037345052,11.968731421335841,engine
Saturn,-30,11.12579947120052,1.8335770933644602,engine
Saturn,-20,11.12531084050176,1.8333618164845775,engine
Saturn,-15,11.125066521317487,1.8332541868721868,engine
Saturn,-10,11.124822195396531,1.8331465631581358,engine
Saturn,-5,11.124577859525223,1.8330389453128892,engine
Saturn,-2,11.124431251932316,1.8329743774283866,engine
Saturn,-1,11.124382381574765,1.8329528552713907,engine
Saturn,0,11.12433351057602,1.8329313333418962,engine
Saturn,1,11.124284638943776,1.8329098116533797,engine
Saturn,2,11.12423576663635,1.8328882901989312,engine
Saturn,3,11.124186893628599,1.832866768978454,engine
Saturn,4,11.124138019878853,1.8328452479850248,engine
Saturn,5,11.12408914539486,1.832823727232105,engine
Saturn,6,11.124040270102293,1.8328022066983714,engine
Saturn,7,11.12399139404151,1.832780686412531,engine
Saturn,8,11.123942517138175,1.83275916635324,engine
Saturn,9,11.123893639400123,1.8327376465339513,engine
Saturn,10,11.123844760785769,1.8327161269477208,engine
Saturn,11,11.123795881270084,1.832694607594422,engine
Saturn,12,11.123747000827962,1.8326730884738895,engine
Saturn,13,11.123698119434417,1.8326515695859895,engine
Saturn,14,11.123649237047946,1.832630050923767,engine
Saturn,15,11.123600353676453,1.8326085325006445,engine
Saturn,16,11.123551469278523,1.8325870143096799,engine
Saturn,17,11.123502583796386,1.8325654963362688,engine
Saturn,18,11.123453697270683,1.8325439786091067,engine
Saturn,19,11.123404809643676,1.8325224611135795,engine
Saturn,20,11.123355920890493,1.8325009438495248,engine
Saturn,21,11.123307030969778,1.8324794268099585,engine
Saturn,22,11.123258139889572,1.8324579100082812,engine
Saturn,23,11.123209247608619,1.832436393437527,engine
Saturn,24,11.123160354102067,1.8324148770974866,engine
Saturn,25,11.123111459345125,1.8323933609879706,engine
Saturn,26,11.12306256331304,1.8323718451087874,engine
Saturn,27,11.123013665981036,1.832350329459717,engine
Saturn,28,11.122964767324424,1.8323288140405691,engine
Saturn,29,11.122915867285693,1.8323072988366964,engine
Saturn,30,11.122866965905757,1.8322857838767406,engine
Sun,-30,189.8039591284206,-4.221557738202648,engine
Sun,-20,189.81016488195817,-4.224235719054936,engine
Sun,-15,189.8132682970829,-4.225574567205489,engine
Sun,-10,189.81637210284998,-4.226913320957914,engine
Sun,-5,189.81947632409293,-4.2282519812410095,engine
Sun,-2,189.82133906573142,-4.2290551326037855,engine
Sun,-1,189.82196001560536,-4.229322842305278,engine
Sun,0,189.822580983791,-4.229590548305764,engine
Sun,1,189.8232019704767,-4.229858250610586,engine
Sun,2,189.82382297585022,-4.230125949225109,engine
Sun,3,189.82444400009933,-4.230393644154845,engine
Sun,4,189.82506504341103,-4.230661335405282,engine
Sun,5,189.82568610597227,-4.230929022982006,engine
Sun,6,189.82630718838604,-4.231196707070142,engine
Sun,7,189.8269282900055,-4.231464387316439,engine
Sun,8,189.82754941143304,-4.231732063906177,engine
Sun,9,189.82817055285398,-4.2319997368451725,engine
Sun,10,189.82879171445333,-4.232267406139316,engine
Sun,11,189.82941289641587,-4.232535071794594,engine
Sun,12,189.83003409892598,-4.232802733817037,engine
Sun,13,189.83065532216747,-4.233070392212712,engine
Sun,14,189.8312765663239,-4.233338046987773,engine
Sun,15,189.83189783157857,-4.233605698148456,engine
Sun,16,189.83251911811416,-4.233873345701015,engine
Sun,17,189.83314042652975,-4.234140989831277,engine
Sun,18,189.8337617561741,-4.234408630186691,engine
Sun,19,189.83438310764532,-4.234676266953171,engine
Sun,20,189.83500448112477,-4.234943900137289,engine
Sun,21,189.83562587679316,-4.235211529745606,engine
Sun,22,189.8362472948309,-4.235479155784776,engine
Sun,23,189.83686873541785,-4.235746778261471,engine
Sun,24,189.83749019873375,-4.236014397182517,engine
Sun,25,189.83811168495765,-4.236282012554734,engine
Sun,26,189.83873319426826,-4.2365496243849945,engine
Sun,27,189.83935472684385,-4.236817232680263,engine
Sun,28,189.83997628286235,-4.237084837447566,engine
Sun,29,189.84059786291797,-4.237352438873414,engine
Sun,30,189.8412194663541,-4.2376200366060495,engine
Uranus,-30,63.184503052873204,20.993844852430637,engine
Uranus,-20,63.18436487019735,20.99381888521144,engine
Uranus,-15,63.184295876778826,20.993805914029384,engine
Uranus,-10,63.18422694777073,20.993792951862723,engine
Uranus,-5,63.18415808245626,20.993779999249,engine
Uranus,-2,63.184116793538166,20.993772232489537,engine
Uranus,-1,63.184103035573735,20.993769644396615,engine
Uranus,0,63.18408928010308,20.993767056724185,engine
Uranus,1,63.18407552711987,20.99376446947646,engine
Uranus,2,63.18406177661778,20.993761882657637,engine
Uranus,3,63.18404802859615,20.99375929627299,engine
Uranus,4,63.18403428303697,20.99375671032458,engine
Uranus,5,63.1840205399395,20.993754124817624,engine
Uranus,6,63.184006799287936,20.99375153975457,engine
Uranus,7,63.18399306109408,20.993748955143033,engine
Uranus,8,63.18397932534205,20.99374637098544,engine
Uranus,9,63.18396559203083,20.993743787286974,engine
Uranus,10,63.18395186114213,20.993741204049634,engine
Uranus,11,63.183938132674854,20.99373862127861,engine
Uranus,12,63.18392440662209,20.993736038978003,engine
Uranus,13,63.18391068297691,20.993733457151905,engine
Uranus,14,63.18389696173806,20.99373087580547,engine
Uranus,15,63.183883242886935,20.99372829494063,engine
Uranus,16,63.183869526422185,20.993725714562544,engine
Uranus,17,63.18385581232746,20.993723134673512,engine
Uranus,18,63.1838421006197,20.993720555282096,engine
Uranus,19,63.18382839127088,20.99371797638849,engine
Uranus,20,63.18381468427946,20.99371539799776,engine
Uranus,21,63.18380097963803,20.99371282011393,engine
Uranus,22,63.18378727734497,20.993710242742065,engine
Uranus,23,63.18377357738122,20.993707665884003,engine
Uranus,24,63.18375987974503,20.993705089544807,engine
Uranus,25,63.18374618442882,20.99370251372844,engine
Uranus,26,63.183732491430696,20.993699938439914,engine
Uranus,27,63.18371880073144,20.99369736368105,engine
Uranus,28,63.18370511232908,20.993694789456836,engine
Uranus,29,63.183691426212405,20.99369221577053,engine
Uranus,30,63.18367774238039,20.993689642627377,engine
Venus,-30,213.20419461187277,-21.11735161408668,engine
Venus,-20,213.2034210935796,-21.11771948362431,engine
Venus,-15,213.2030331506063,-21.117901144463058,engine
Venus,-10,213.20264452654337,-21.118081285798546,engine
Venus,-5,213.20225530676072,-21.11825990684322,engine
Venus,-2,213.20202152313192,-21.118366349232094,engine
Venus,-1,213.20194355635374,-21.118401708077524,engine
Venus,0,213.2018655729819,-21.11843700637047,engine
Venus,1,213.20178757236707,-21.118472243791903,engine
Venus,2,213.20170955386013,-21.1185074200237,engine
Venus,3,213.20163152075128,-21.118542535705977,engine
Venus,4,213.2015534723911,-21.11857759052271,engine
Venus,5,213.2014754081303,-21.118612584158583,engine
Venus,6,213.2013973312068,-21.118647517280174,engine
Venus,7,213.2013192410758,-21.118682389527482,engine
Venus,8,213.20124113703537,-21.11871720061162,engine
Venus,9,213.20116302237554,-21.118751951178794,engine
Venus,10,213.20108489644645,-21.118786640918668,engine
Venus,11,213.2010067599118,-21.118821269841124,engine
Venus,12,213.20092861212137,-21.118855837637685,engine
Venus,13,213.20085045636486,-21.118890344958675,engine
Venus,14,213.2007722919919,-21.118924791497516,engine
Venus,15,213.20069411966554,-21.11895917726812,engine
Venus,16,213.2006159400483,-21.11899350228512,engine
Venus,17,213.20053775243645,-21.11902776626791,engine
Venus,18,213.20045956022474,-21.11906196982584,engine
Venus,19,213.20038136270858,-21.119096112680314,engine
Venus,20,213.2003031605503,-21.119130194849962,engine
Venus,21,213.20022495441137,-21.119164216354452,engine
Venus,22,213.20014674495317,-21.11919817721441,engine
Venus,23,213.20006853152262,-21.119232077131972,engine
Venus,24,213.19999031740866,-21.11926591676858,engine
Venus,25,213.19991210195778,-21.119299695828374,engine
Venus,26,213.19983388583015,-21.119333414335905,engine
Venus,27,213.1997556696859,-21.119367072316663,engine
Venus,28,213.19967745418435,-21.119400669797177,engine
Venus,29,213.1995992399326,-21.119434206827346,engine
Venus,30,213.1995210276942,-21.119467683390635,engine
Vesta,-30,24.633321712113695,-2.507455298154553,engine
Vesta,-20,24.6318468544779,-2.508156779432968,engine
Vesta,-15,24.631109343212977,-2.5085075499261063,engine
Vesta,-10,24.6303717540407,-2.508858340289396,engine
Vesta,-5,24.629634069522222,-2.5092091506010843,engine
Vesta,-2,24.62919140602445,-2.509419646284844,engine
Vesta,-1,24.629043841944725,-2.5094898130754917,engine
Vesta,0,24.628896272816544,-2.5095599806595454,engine
Vesta,1,24.62874869850265,-2.509630149036545,engine
Vesta,2,24.62860111869072,-2.5097003182819595,engine
Vesta,3,24.628453533593685,-2.5097704882434755,engine
Vesta,4,24.628305942899477,-2.5098406589964917,engine
Vesta,5,24.62815834629594,-2.509910830616434,engine
Vesta,6,24.628010743897285,-2.509981002997932,engine
Vesta,7,24.62786313558963,-2.51005117612222,engine
Vesta,8,24.62771552113713,-2.5101213500357815,engine
Vesta,9,24.627567900403186,-2.510191524737956,engine
Vesta,10,24.627420273076183,-2.5102617003040346,engine
Vesta,11,24.627272639369647,-2.510331876581466,engine
Vesta,12,24.627124998972185,-2.510402053645468,engine
Vesta,13,24.626977351747474,-2.5104722314953554,engine
Vesta,14,24.626829697559323,-2.510542410130336,engine
Vesta,15,24.626682036096582,-2.5106125896255884,engine
Vesta,16,24.62653436757337,-2.5106827698284255,engine
Vesta,17,24.62638669157977,-2.5107529508610043,engine
Vesta,18,24.62623900817797,-2.5108231326283805,engine
Vesta,19,24.626091317133426,-2.5108933151766983,engine
Vesta,20,24.625943618310465,-2.5109634985050966,engine
Vesta,21,24.625795911573743,-2.5110336826126365,engine
Vesta,22,24.625648196612843,-2.51110386757428,engine
Vesta,23,24.62550047364283,-2.511174053237185,engine
Vesta,24,24.625352742353524,-2.51124423967629,engine
Vesta,25,24.62520500260995,-2.5113144268905727,engine
Vesta,26,24.625057254277433,-2.5113846148789847,engine
Vesta,27,24.624909497221307,-2.51145480364042,engine
Vesta,28,24.62476173130699,-2.5115249931738157,engine
Vesta,29,24.624613956301022,-2.511595183525117,engine
Vesta,30,24.624466172267496,-2.511665374598973,engine
Gonggong,-30,337.3607272837206,-10.257609700617754,tno-rate
Gonggong,-20,337.36067584133286,-10.257627057595316,tno-rate
Gonggong,-15,337.360650120139,-10.257635736084097,tno-rate
Gonggong,-10,337.36062439894505,-10.257644414572878,tno-rate
Gonggong,-5,337.36059867775117,-10.25765309306166,tno-rate
Gonggong,-2,337.36058324503483,-10.257658300154928,tno-rate
Gonggong,-1,337.3605781007961,-10.257660035852684,tno-rate
Gonggong,0,337.3605729565573,-10.25766177155044,tno-rate
Gonggong,1,337.3605678123185,-10.257663507248196,tno-rate
Gonggong,2,337.36056266807975,-10.257665242945952,tno-rate
Gonggong,3,337.36055752384095,-10.257666978643709,tno-rate
Gonggong,4,337.36055237960215,-10.257668714341465,tno-rate
Gonggong,5,337.3605472353634,-10.257670450039221,tno-rate
Gonggong,6,337.3605420911246,-10.257672185736977,tno-rate
Gonggong,7,337.3605369468858,-10.257673921434733,tno-rate
Gonggong,8,337.3605318026471,-10.25767565713249,tno-rate
Gonggong,9,337.3605266584083,-10.257677392830246,tno-rate
Gonggong,10,337.36052151416953,-10.257679128528002,tno-rate
Gonggong,11,337.36051636993074,-10.257680864225758,tno-rate
Gonggong,12,337.36051122569194,-10.257682599923514,tno-rate
Gonggong,13,337.3605060814532,-10.25768433562127,tno-rate
Gonggong,14,337.3605009372144,-10.257686071319027,tno-rate
Gonggong,15,337.3604957929756,-10.257687807016783,tno-rate
Gonggong,16,337.36049064873686,-10.25768954271454,tno-rate
Gonggong,17,337.36048550449806,-10.257691278412295,tno-rate
Gonggong,18,337.36048036025926,-10.257693014110052,tno-rate
Gonggong,19,337.3604752160205,-10.257694749807808,tno-rate
Gonggong,20,337.3604700717817,-10.257696485505564,tno-rate
Gonggong,21,337.3604649275429,-10.25769822120332,tno-rate
Gonggong,22,337.3604597833042,-10.257699956901076,tno-rate
Gonggong,23,337.3604546390654,-10.257701692598832,tno-rate
Gonggong,24,337.3604494948266,-10.257703428296589,tno-rate
Gonggong,25,337.36044435058784,-10.257705163994345,tno-rate
Gonggong,26,337.36043920634904,-10.257706899692101,tno-rate
Gonggong,27,337.36043406211024,-10.257708635389857,tno-rate
Gonggong,28,337.3604289178715,-10.257710371087613,tno-rate
Gonggong,29,337.3604237736327,-10.25771210678537,tno-rate
Gonggong,30,337.36041862939396,-10.257713842483126,tno-rate
Haumea,-30,220.04537687653368,13.630324536774873,tno-rate
Haumea,-20,220.0455054376111,13.630254356240842,tno-rate
Haumea,-15,220.0455697181498,13.630219265973826,tno-rate
Haumea,-10,220.0456339986885,13.63018417570681,tno-rate
Haumea,-5,220.0456982792272,13.630149085439795,tno-rate
Haumea,-2,220.04573684755042,13.630128031279586,tno-rate
Haumea,-1,220.04574970365817,13.630121013226182,tno-rate
Haumea,0,220.0457625597659,13.63011399517278,tno-rate
Haumea,1,220.04577541587363,13.630106977119377,tno-rate
Haumea,2,220.0457882719814,13.630099959065973,tno-rate
Haumea,3,220.04580112808912,13.63009294101257,tno-rate
Haumea,4,220.04581398419685,13.630085922959166,tno-rate
Haumea,5,220.0458268403046,13.630078904905764,tno-rate
Haumea,6,220.04583969641234,13.630071886852361,tno-rate
Haumea,7,220.0458525525201,13.630064868798957,tno-rate
Haumea,8,220.04586540862783,13.630057850745555,tno-rate
Haumea,9,220.04587826473556,13.63005083269215,tno-rate
Haumea,10,220.04589112084332,13.630043814638748,tno-rate
Haumea,11,220.04590397695105,13.630036796585346,tno-rate
Haumea,12,220.04591683305878,13.630029778531942,tno-rate
Haumea,13,220.04592968916654,13.63002276047854,tno-rate
Haumea,14,220.04594254527427,13.630015742425135,tno-rate
Haumea,15,220.045955401382,13.630008724371732,tno-rate
Haumea,16,220.04596825748976,13.630001706318328,tno-rate
Haumea,17,220.0459811135975,13.629994688264926,tno-rate
Haumea,18,220.04599396970525,13.629987670211523,tno-rate
Haumea,19,220.04600682581298,13.62998065215812,tno-rate
Haumea,20,220.0460196819207,13.629973634104717,tno-rate
Haumea,21,220.04603253802847,13.629966616051313,tno-rate
Haumea,22,220.0460453941362,13.62995959799791,tno-rate
Haumea,23,220.04605825024393,13.629952579944508,tno-rate
Haumea,24,220.0460711063517,13.629945561891104,tno-rate
Haumea,25,220.04608396245942,13.629938543837701,tno-rate
Haumea,26,220.04609681856715,13.629931525784297,tno-rate
Haumea,27,220.0461096746749,13.629924507730895,tno-rate
Haumea,28,220.04612253078264,13.629917489677492,tno-rate
Haumea,29,220.04613538689037,13.629910471624088,tno-rate
Haumea,30,220.04614824299813,13.629903453570686,tno-rate
Makemake,-30,201.6035885803009,19.793570567530203,tno-rate
Makemake,-20,201.60372288154122,19.79350912767869,tno-rate
Makemake,-15,201.60379003216138,19.793478407752932,tno-rate
Makemake,-10,201.60385718278155,19.793447687827175,tno-rate
Makemake,-5,201.60392433340172,19.79341696790142,tno-rate
Makemake,-2,201.60396462377383,19.793398535945965,tno-rate
Makemake,-1,201.60397805389786,19.79339239196081,tno-rate
Makemake,0,201.6039914840219,19.79338624797566,tno-rate
Makemake,1,201.60400491414592,19.79338010399051,tno-rate
Makemake,2,201.60401834426995,19.793373960005358,tno-rate
Makemake,3,201.604031774394,19.793367816020208,tno-rate
Makemake,4,201.60404520451803,19.793361672035054,tno-rate
Makemake,5,201.60405863464206,19.793355528049904,tno-rate
Makemake,6,201.6040720647661,19.793349384064754,tno-rate
Makemake,7,201.6040854948901,19.7933432400796,tno-rate
Makemake,8,201.60409892501414,19.79333709609445,tno-rate
Makemake,9,201.6041123551382,19.793330952109297,tno-rate
Makemake,10,201.60412578526223,19.793324808124147,tno-rate
Makemake,11,201.60413921538625,19.793318664138997,tno-rate
Makemake,12,201.60415264551028,19.793312520153844,tno-rate
Makemake,13,201.6041660756343,19.793306376168694,tno-rate
Makemake,14,201.60417950575834,19.79330023218354,tno-rate
Makemake,15,201.6041929358824,19.79329408819839,tno-rate
Makemake,16,201.60420636600642,19.79328794421324,tno-rate
Makemake,17,201.60421979613045,19.793281800228087,tno-rate
Makemake,18,201.60423322625448,19.793275656242937,tno-rate
Makemake,19,201.6042466563785,19.793269512257783,tno-rate
Makemake,20,201.60426008650256,19.793263368272633,tno-rate
Makemake,21,201.6042735166266,19.793257224287483,tno-rate
Makemake,22,201.60428694675062,19.79325108030233,tno-rate
Makemake,23,201.60430037687465,19.79324493631718,tno-rate
Makemake,24,201.60431380699868,19.793238792332026,tno-rate
Makemake,25,201.6043272371227,19.793232648346876,tno-rate
Makemake,26,201.60434066724676,19.793226504361726,tno-rate
Makemake,27,201.6043540973708,19.793220360376573,tno-rate
Makemake,28,201.60436752749482,19.793214216391423,tno-rate
Makemake,29,201.60438095761884,19.79320807240627,tno-rate
Makemake,30,201.60439438774287,19.79320192842112,tno-rate
Orcus,-30,161.17603632116808,-13.533443719248092,tno-rate
Orcus,-20,161.1761617726777,-13.533520744917832,tno-rate
Orcus,-15,161.1762244984325,-13.533559257752701,tno-rate
Orcus,-10,161.1762872241873,-13.533597770587571,tno-rate
Orcus,-5,161.1763499499421,-13.53363628342244,tno-rate
Orcus,-2,161.17638758539496,-13.533659391123363,tno-rate
Orcus,-1,161.17640013054594,-13.533667093690337,tno-rate
Orcus,0,161.1764126756969,-13.53367479625731,tno-rate
Orcus,1,161.17642522084785,-13.533682498824284,tno-rate
Orcus,2,161.17643776599883,-13.533690201391257,tno-rate
Orcus,3,161.17645031114978,-13.533697903958233,tno-rate
Orcus,4,161.17646285630073,-13.533705606525206,tno-rate
Orcus,5,161.17647540145168,-13.53371330909218,tno-rate
Orcus,6,161.17648794660266,-13.533721011659154,tno-rate
Orcus,7,161.17650049175361,-13.533728714226127,tno-rate
Orcus,8,161.17651303690457,-13.533736416793102,tno-rate
Orcus,9,161.17652558205555,-13.533744119360076,tno-rate
Orcus,10,161.1765381272065,-13.53375182192705,tno-rate
Orcus,11,161.17655067235745,-13.533759524494023,tno-rate
Orcus,12,161.17656321750843,-13.533767227060997,tno-rate
Orcus,13,161.17657576265938,-13.533774929627972,tno-rate
Orcus,14,161.17658830781033,-13.533782632194946,tno-rate
Orcus,15,161.1766008529613,-13.53379033476192,tno-rate
Orcus,16,161.17661339811227,-13.533798037328893,tno-rate
Orcus,17,161.17662594326322,-13.533805739895866,tno-rate
Orcus,18,161.17663848841417,-13.533813442462842,tno-rate
Orcus,19,161.17665103356515,-13.533821145029815,tno-rate
Orcus,20,161.1766635787161,-13.533828847596789,tno-rate
Orcus,21,161.17667612386705,-13.533836550163763,tno-rate
Orcus,22,161.176688669018,-13.533844252730736,tno-rate
Orcus,23,161.176701214169,-13.533851955297711,tno-rate
Orcus,24,161.17671375931994,-13.533859657864685,tno-rate
Orcus,25,161.1767263044709,-13.533867360431659,tno-rate
Orcus,26,161.17673884962187,-13.533875062998632,tno-rate
Orcus,27,161.17675139477282,-13.533882765565606,tno-rate
Orcus,28,161.17676393992377,-13.53389046813258,tno-rate
Orcus,29,161.17677648507475,-13.533898170699555,tno-rate
Orcus,30,161.1767890302257,-13.533905873266528,tno-rate
Quaoar,-30,280.54912120981794,-15.079095827291871,tno-rate
Quaoar,-20,280.54915417041474,-15.079117091796041,tno-rate
Quaoar,-15,280.54917065071317,-15.079127724048126,tno-rate
Quaoar,-10,280.5491871310116,-15.07913835630021,tno-rate
Quaoar,-5,280.54920361130996,-15.079148988552294,tno-rate
Quaoar,-2,280.54921349948904,-15.079155367903546,tno-rate
Quaoar,-1,280.5492167955487,-15.079157494353963,tno-rate
Quaoar,0,280.5492200916084,-15.07915962080438,tno-rate
Quaoar,1,280.54922338766806,-15.079161747254796,tno-rate
Quaoar,2,280.54922668372774,-15.079163873705212,tno-rate
Quaoar,3,280.5492299797874,-15.07916600015563,tno-rate
Quaoar,4,280.54923327584714,-15.079168126606048,tno-rate
Quaoar,5,280.5492365719068,-15.079170253056464,tno-rate
Quaoar,6,280.5492398679665,-15.07917237950688,tno-rate
Quaoar,7,280.54924316402617,-15.079174505957297,tno-rate
Quaoar,8,280.54924646008584,-15.079176632407714,tno-rate
Quaoar,9,280.5492497561455,-15.07917875885813,tno-rate
Quaoar,10,280.5492530522052,-15.07918088530855,tno-rate
Quaoar,11,280.54925634826486,-15.079183011758966,tno-rate
Quaoar,12,280.5492596443246,-15.079185138209382,tno-rate
Quaoar,13,280.54926294038427,-15.079187264659799,tno-rate
Quaoar,14,280.54926623644394,-15.079189391110216,tno-rate
Quaoar,15,280.5492695325036,-15.079191517560632,tno-rate
Quaoar,16,280.5492728285633,-15.07919364401105,tno-rate
Quaoar,17,280.54927612462296,-15.079195770461467,tno-rate
Quaoar,18,280.54927942068264,-15.079197896911884,tno-rate
Quaoar,19,280.5492827167423,-15.0792000233623,tno-rate
Quaoar,20,280.54928601280204,-15.079202149812717,tno-rate
Quaoar,21,280.5492893088617,-15.079204276263134,tno-rate
Quaoar,22,280.5492926049214,-15.079206402713552,tno-rate
Quaoar,23,280.54929590098106,-15.079208529163969,tno-rate
Quaoar,24,280.54929919704074,-15.079210655614386,tno-rate
Quaoar,25,280.5493024931004,-15.079212782064802,tno-rate
Quaoar,26,280.5493057891601,-15.079214908515219,tno-rate
Quaoar,27,280.54930908521976,-15.079217034965636,tno-rate
Quaoar,28,280.5493123812795,-15.079219161416054,tno-rate
Quaoar,29,280.54931567733917,-15.07922128786647,tno-rate
Quaoar,30,280.54931897339884,-15.079223414316887,tno-rate
Sedna,-30,62.330866427323436,8.864931243938184,tno-rate
Sedna,-20,62.330828025443786,8.86491019553477,tno-rate
Sedna,-15,62.33080882450396,8.864899671333065,tno-rate
Sedna,-10,62.33078962356414,8.86488914713136,tno-rate
Sedna,-5,62.33077042262431,8.864878622929652,tno-rate
Sedna,-2,62.33075890206042,8.864872308408628,tno-rate
Sedna,-1,62.33075506187245,8.864870203568287,tno-rate
Sedna,0,62.33075122168449,8.864868098727946,tno-rate
Sedna,1,62.33074738149652,8.864865993887605,tno-rate
Sedna,2,62.33074354130856,8.864863889047264,tno-rate
Sedna,3,62.33073970112059,8.864861784206923,tno-rate
Sedna,4,62.33073586093263,8.864859679366582,tno-rate
Sedna,5,62.33073202074466,8.86485757452624,tno-rate
Sedna,6,62.3307281805567,8.8648554696859,tno-rate
Sedna,7,62.33072434036873,8.864853364845558,tno-rate
Sedna,8,62.33072050018077,8.864851260005215,tno-rate
Sedna,9,62.3307166599928,8.864849155164874,tno-rate
Sedna,10,62.33071281980484,8.864847050324533,tno-rate
Sedna,11,62.33070897961687,8.864844945484192,tno-rate
Sedna,12,62.33070513942891,8.86484284064385,tno-rate
Sedna,13,62.33070129924094,8.86484073580351,tno-rate
Sedna,14,62.33069745905298,8.864838630963169,tno-rate
Sedna,15,62.33069361886501,8.864836526122827,tno-rate
Sedna,16,62.33068977867705,8.864834421282486,tno-rate
Sedna,17,62.33068593848908,8.864832316442145,tno-rate
Sedna,18,62.33068209830112,8.864830211601804,tno-rate
Sedna,19,62.33067825811315,8.864828106761463,tno-rate
Sedna,20,62.33067441792519,8.864826001921122,tno-rate
Sedna,21,62.33067057773722,8.86482389708078,tno-rate
Sedna,22,62.33066673754926,8.864821792240438,tno-rate
Sedna,23,62.33066289736129,8.864819687400097,tno-rate
Sedna,24,62.33065905717333,8.864817582559755,tno-rate
Sedna,25,62.33065521698536,8.864815477719414,tno-rate
Sedna,26,62.3306513767974,8.864813372879073,tno-rate
Sedna,27,62.33064753660943,8.864811268038732,tno-rate
Sedna,28,62.33064369642147,8.864809163198391,tno-rate
Sedna,29,62.3306398562335,8.86480705835805,tno-rate
Sedna,30,62.33063601604554,8.864804953517709,tno-rate
Transpluto,-30,156.49034158159768,9.80967994313993,engine
Transpluto,-20,156.49040028333874,9.809657256237232,engine
Transpluto,-15,156.49042963271174,9.809645913312771,engine
Transpluto,-10,156.4904589810813,9.809634570741531,engine
Transpluto,-5,156.49048832845534,9.809623228520582,engine
Transpluto,-2,156.49050593639797,9.80961642335774,engine
Transpluto,-1,156.4905118056322,9.809614154998227,engine
Transpluto,0,156.49051767482646,9.809611886652863,engine
Transpluto,1,156.49052354398077,9.809609618321504,engine
Transpluto,2,156.49052941309517,9.80960735000422,engine
Transpluto,3,156.4905352821695,9.809605081701052,engine
Transpluto,4,156.49054115120396,9.80960281341192,engine
Transpluto,5,156.49054702019856,9.809600545136842,engine
Transpluto,6,156.49055288915696,9.809598276874334,engine
Transpluto,7,156.49055875807156,9.809596008627432,engine
Transpluto,8,156.49056462694625,9.809593740394567,engine
Transpluto,9,156.4905704957809,9.809591472175788,engine
Transpluto,10,156.49057636457565,9.809589203971075,engine
Transpluto,11,156.49058223333043,9.809586935780441,engine
Transpluto,12,156.49058810204528,9.809584667603872,engine
Transpluto,13,156.49059397072017,9.809582399441354,engine
Transpluto,14,156.4905998393551,9.809580131292908,engine
Transpluto,15,156.49060570795018,9.80957786315858,engine
Transpluto,16,156.49061157650524,9.80957559503827,engine
Transpluto,17,156.4906174450243,9.8095733269305,engine
Transpluto,18,156.49062331349947,9.809571058838346,engine
Transpluto,19,156.4906291819348,9.80956879076027,engine
Transpluto,20,156.4906350503301,9.809566522696255,engine
Transpluto,21,156.49064091868547,9.809564254646277,engine
Transpluto,22,156.49064678700094,9.80956198661039,engine
Transpluto,23,156.49065265527648,9.809559718588588,engine
Transpluto,24,156.49065852351205,9.809557450580844,engine
Transpluto,25,156.49066439170775,9.80955518258716,engine
Transpluto,26,156.49067025986352,9.809552914607591,engine
Transpluto,27,156.49067612797936,9.809550646642043,engine
Transpluto,28,156.49068199605526,9.80954837869053,engine
Transpluto,29,156.4906878640951,9.809546110751631,engine
Transpluto,30,156.4906937320912,9.8095438428283,engine
Part_of_Fortune,-30,216.68096983858206,7.962502740269247,engine
Part_of_Fortune,-20,219.3220437827739,8.358472537182333,engine
Part_of_Fortune,-15,220.64418815224573,8.571734693104961,engine
Part_of_Fortune,-10,221.96738962749578,8.79516252004731,engine
Part_of_Fortune,-5,223.2916370891749,9.02873644600362,engine
Part_of_Fortune,-2,224.08668248886949,9.173741024763736,engine
Part_of_Fortune,-1,224.3517798683631,9.222884623047868,engine
Part_of_Fortune,0,224.61691820261404,9.272432195520917,engine
Part_of_Fortune,1,224.88209738934273,9.322383492665054,engine
Part_of_Fortune,2,225.14731732492783,9.372738256393767,engine
Part_of_Fortune,3,225.41257790582645,9.423496220274878,engine
Part_of_Fortune,4,225.67787902760034,9.47465710918403,engine
Part_of_Fortune,5,225.94322058400894,9.526220639018963,engine
Part_of_Fortune,6,226.2086026459324,9.578186551751006,engine
Part_of_Fortune,7,226.47402475086824,9.630554475967102,engine
Part_of_Fortune,8,226.7394869670036,9.683324135012896,engine
Part_of_Fortune,9,227.00498918697957,9.73649520900965,engine
Part_of_Fortune,10,227.27053129979168,9.790067368094753,engine
Part_of_Fortune,11,227.53611319451687,9.84404027315093,engine
Part_of_Fortune,12,227.80173475841818,9.898413575253187,engine
Part_of_Fortune,13,228.06739588078403,9.953186916406278,engine
Part_of_Fortune,14,228.33309644717312,10.008359928178539,engine
Part_of_Fortune,15,228.59883634284432,10.063932232295816,engine
Part_of_Fortune,16,228.86461545359305,10.119903440765135,engine
Part_of_Fortune,17,229.13043384125575,10.176273193037417,engine
Part_of_Fortune,18,229.39629103157333,10.233041004645429,engine
Part_of_Fortune,19,229.66218708707112,10.290206494622375,engine
Part_of_Fortune,20,229.92812188837524,10.347769233204552,engine
Part_of_Fortune,21,230.19409531621187,10.405728780190856,engine
Part_of_Fortune,22,230.46010724958103,10.46408468440957,engine
Part_of_Fortune,23,230.7261575695083,10.522836484515501,engine
Part_of_Fortune,24,230.9922461533473,10.581983707492956,engine
Part_of_Fortune,25,231.25837287815312,10.641525869347571,engine
Part_of_Fortune,26,231.52453762111514,10.701462475094505,engine
Part_of_Fortune,27,231.79074025863866,10.76179301843198,engine
Part_of_Fortune,28,232.0569806653769,10.822516981374399,engine
Part_of_Fortune,29,232.323258893784,10.883633875477685,engine
Part_of_Fortune,30,232.58957446124316,10.945143077893803,engine
Part_of_Spirit,-30,14.488448925171838,-50.671468482548676,engine
Part_of_Spirit,-20,16.919192313731628,-50.20361392880211,engine
Part_of_Spirit,-15,18.134797729595334,-49.954469743075464,engine
Part_of_Spirit,-10,19.350550295029393,-49.695209940263865,engine
Part_of_Spirit,-5,20.566443821306905,-49.425861321597075,engine
Part_of_Spirit,-2,21.296044617080554,-49.25942243323288,engine
Part_of_Spirit,-1,21.539255350437088,-49.203139492462164,engine
Part_of_Spirit,0,21.782471225234474,-49.14645538613513,engine
Part_of_Spirit,1,22.02569218560774,-49.0893704205685,engine
Part_of_Spirit,2,22.26891817493356,-49.03188491049886,engine
Part_of_Spirit,3,22.51214913724823,-48.97399917892738,engine
Part_of_Spirit,4,22.755385016337243,-48.9157135573902,engine
Part_of_Spirit,5,22.998625754758564,-48.857028386307746,engine
Part_of_Spirit,6,23.241871457903017,-48.79794397512531,engine
Part_of_Spirit,7,23.485121743008335,-48.738460760864925,engine
Part_of_Spirit,8,23.72837671398179,-48.67857907134385,engine
Part_of_Spirit,9,23.97163631471068,-48.61829928225288,engine
Part_of_Spirit,10,24.214900485943247,-48.557621779141925,engine
Part_of_Spirit,11,24.458169169126393,-48.496546956706325,engine
Part_of_Spirit,12,24.70144230452479,-48.43507521931191,engine
Part_of_Spirit,13,24.94471983495123,-48.37320698023713,engine
Part_of_Spirit,14,25.18800170018153,-48.31094266311925,engine
Part_of_Spirit,15,25.431287840148286,-48.24828270128086,engine
Part_of_Spirit,16,25.67457819600145,-48.18522753763239,engine
Part_of_Spirit,17,25.917872870350436,-48.121777582770726,engine
Part_of_Spirit,18,26.161171475666038,-48.057933385346786,engine
Part_of_Spirit,19,26.40447411643146,-47.99369537604732,engine
Part_of_Spirit,20,26.64778073090622,-47.929064039081595,engine
Part_of_Spirit,21,26.89109125808767,-47.86403986890102,engine
Part_of_Spirit,22,27.13440563575739,-47.79862337080649,engine
Part_of_Spirit,23,27.37772380430482,-47.73281506013583,engine
Part_of_Spirit,24,27.621045701077833,-47.66661546375846,engine
Part_of_Spirit,25,27.864371263636656,-47.600025119399035,engine
Part_of_Spirit,26,28.107700430274292,-47.5330445756143,engine
Part_of_Spirit,27,28.351033139048866,-47.46567439216056,engine
Part_of_Spirit,28,28.594369326863387,-47.397915140338924,engine
Part_of_Spirit,29,28.837709093564968,-47.32976735704155,engine
Part_of_Spirit,30,29.081052050680114,-47.26123172756439,engine
Ascendant,-30,295.58470938187696,-21.354482871139716,engine
Ascendant,-20,298.12061804825277,-20.92257069580989,engine
Ascendant,-15,299.38949294092055,-20.69136752498525,engine
Ascendant,-10,300.6589699612626,-20.45002371010828,engine
Ascendant,-5,301.9290404552409,-20.198562437796728,engine
Ascendant,-2,302.691363552975,-20.04284070423457,engine
Ascendant,-1,302.9455176094001,-19.990127434707148,engine
Ascendant,0,303.19969471392426,-19.93701159530711,engine
Ascendant,1,303.45389478747524,-19.883493463951723,engine
Ascendant,2,303.7081177499307,-19.829573327052547,engine
Ascendant,3,303.9623635215373,-19.77525147932625,engine
Ascendant,4,304.2166320219688,-19.720528224103084,engine
Ascendant,5,304.47092316938375,-19.66540387364439,engine
Ascendant,6,304.7252370519177,-19.60987871168715,engine
Ascendant,7,304.9795732469383,-19.55395314244891,engine
Ascendant,8,305.2339318404927,-19.497627468165476,engine
Ascendant,9,305.4883127508451,-19.440902036621612,engine
Ascendant,10,305.74271589286747,-19.383777205523586,engine
Ascendant,11,305.99714118182163,-19.326253341777697,engine
Ascendant,12,306.2515885314715,-19.268330822029363,engine
Ascendant,13,306.50605785786763,-19.210010031915427,engine
Ascendant,14,306.76054907367734,-19.151291367470353,engine
Ascendant,15,307.0150620914963,-19.092175234492522,engine
Ascendant,16,307.26959682479725,-19.03266204843363,engine
Ascendant,17,307.5241533558031,-18.972752194866654,engine
Ascendant,18,307.7787312536197,-18.91244619035068,engine
Ascendant,19,308.0333306017513,-18.851744440712473,engine
Ascendant,20,308.28795130964073,-18.79064740293852,engine
Ascendant,21,308.54259328714977,-18.72915554435508,engine
Ascendant,22,308.7972564426692,-18.66726934319846,engine
Ascendant,23,309.05194068690656,-18.604989287810163,engine
Ascendant,24,309.30664592721257,-18.54231587813275,engine
Ascendant,25,309.5613720708949,-18.47924962502573,engine
Ascendant,26,309.8161190256947,-18.415791050259898,engine
Ascendant,27,310.07088669884376,-18.35194068686429,engine
Ascendant,28,310.32567499612014,-18.287699079482262,engine
Ascendant,29,310.5804839936745,-18.22306674078193,engine
Ascendant,30,310.83531325596164,-18.158044324835295,engine
Midheaven,-30,206.81289769728392,-11.063374571228799,engine
Midheaven,-20,209.31739715552584,-11.983050054444753,engine
Midheaven,-15,210.56959663775103,-12.43236072147451,engine
Midheaven,-10,211.82176549563118,-12.874379201199718,engine
Midheaven,-5,213.07390646032258,-13.308911976925897,engine
Midheaven,-2,213.82517848612216,-13.565961427746078,engine
Midheaven,-1,214.0756005387001,-13.651024310414714,engine
Midheaven,0,214.3260216464914,-13.735774740388141,engine
Midheaven,1,214.57644182963256,-13.820211348556283,engine
Midheaven,2,214.82686110786523,-13.90433278038444,engine
Midheaven,3,215.07727950193006,-13.98813769633418,engine
Midheaven,4,215.32769703263514,-14.071624771498284,engine
Midheaven,5,215.57811371992406,-14.15479269524076,engine
Midheaven,6,215.82852975172747,-14.237640226904961,engine
Midheaven,7,216.07894481366412,-14.320165974209873,engine
Midheaven,8,216.32935909285882,-14.402368725301667,engine
Midheaven,9,216.57977261182808,-14.484247228093624,engine
Midheaven,10,216.83018539035535,-14.56580024388393,engine
Midheaven,11,217.0805974492109,-14.647026548517898,engine
Midheaven,12,217.33100880828934,-14.72792493172012,engine
Midheaven,13,217.58141949032927,-14.808494198232056,engine
Midheaven,14,217.83182951533016,-14.888733165944075,engine
Midheaven,15,218.08223890380648,-14.968640666884761,engine
Midheaven,16,218.33264767771664,-15.048215547445464,engine
Midheaven,17,218.5830560255883,-15.127456720446402,engine
Midheaven,18,218.83346363177452,-15.206362953042632,engine
Midheaven,19,219.08387068721805,-15.284933186501231,engine
Midheaven,20,219.33427721219417,-15.363166321595878,engine
Midheaven,21,219.58468322794872,-15.441061272956532,engine
Midheaven,22,219.83508875483614,-15.518616968413784,engine
Midheaven,23,220.08549381603862,-15.595832350074408,engine
Midheaven,24,220.3358984319833,-15.672706372515767,engine
Midheaven,25,220.58630262359608,-15.749238003720157,engine
Midheaven,26,220.83670641276552,-15.825426225133842,engine
Midheaven,27,221.08710982141068,-15.901270031299982,engine
Midheaven,28,221.33751287054932,-15.976768429497819,engine
Midheaven,29,221.5879157491414,-16.051920490225026,engine
Midheaven,30,221.83831814382359,-16.126725146181894,engine
Vertex,-30,173.75130830338134,2.7016591382566744,engine
Vertex,-20,173.91407221201325,2.631664443361851,engine
Vertex,-15,173.99882137926815,2.5952075080003723,engine
Vertex,-10,174.08575379509924,2.5578033190657568,engine
Vertex,-5,174.17482314630837,2.5194713151579955,engine
Vertex,-2,174.22927115139333,2.4960348851274885,engine
Vertex,-1,174.2475859869077,2.488150808980632,engine
Vertex,0,174.26598295167975,2.480231027705304,engine
Vertex,1,174.28446167290173,2.472275698213823,engine
Vertex,2,174.30302177758955,2.4642849775321825,engine
Vertex,3,174.32166289269037,2.4562590227538386,engine
Vertex,4,174.34038464501987,2.448197991067269,engine
Vertex,5,174.35918666119608,2.4401020397848656,engine
Vertex,6,174.3780685804018,2.4319713208475995,engine
Vertex,7,174.39703000379404,2.423806002610493,engine
Vertex,8,174.41607057019837,2.4156062372482947,engine
Vertex,9,174.43518990594245,2.4073721823577414,engine
Vertex,10,174.45438763703655,2.3991039957130997,engine
Vertex,11,174.47366338945994,2.390801835143192,engine
Vertex,12,174.4930167890229,2.3824658585912104,engine
Vertex,13,174.51244746165838,2.374096223989405,engine
Vertex,14,174.53195503299497,2.365693089443538,engine
Vertex,15,174.55153912861167,2.3572566131233508,engine
Vertex,16,174.57119937411562,2.348786953229356,engine
Vertex,17,174.59093540818787,2.3402842623729385,engine
Vertex,18,174.61074682966964,2.3317487103731005,engine
Vertex,19,174.63063327723242,2.3231804499333,engine
Vertex,20,174.65059437605174,2.3145796396154377,engine
Vertex,21,174.6706297513152,2.305946438021022,engine
Vertex,22,174.69073902807688,2.2972810038540823,engine
Vertex,23,174.7109218315604,2.2885834957907263,engine
Vertex,24,174.7311777867143,2.2798540726713514,engine
Vertex,25,174.75150651847594,2.271092893386942,engine
Vertex,26,174.77190765181373,2.2623001168613457,engine
Vertex,27,174.7923808116555,2.2534759020821387,engine
Vertex,28,174.81292562281558,2.244620408132715,engine
Vertex,29,174.83354172392166,2.2357337881890422,engine
Vertex,30,174.85422871218702,2.2268162133261127,engine
Algol,-30,47.0478698356998,40.95538528154433,engine
Algol,-20,47.04786871073081,40.955383183824324,engine
Algol,-15,47.04786822839306,40.955382122031025,engine
Algol,-10,47.0478677999771,40.95538105239276,engine
Algol,-5,47.04786742581852,40.955379975496776,engine
Algol,-2,47.04786722749692,40.955379326121346,engine
Algol,-1,47.047867165766064,40.955379109151686,engine
Algol,0,47.047867106227145,40.955378891934345,engine
Algol,1,47.047867048882345,40.95537867447411,engine
Algol,2,47.04786699373381,40.95537845677574,engine
Algol,3,47.04786694078362,40.95537823884401,engine
Algol,4,47.04786689003385,40.95537802068369,engine
Algol,5,47.047866841486524,40.95537780229956,engine
Algol,6,47.047866795143555,40.95537758369627,engine
Algol,7,47.04786675100698,40.95537736487889,engine
Algol,8,47.04786670907861,40.95537714585209,engine
Algol,9,47.04786666936032,40.95537692662064,engine
Algol,10,47.04786663185394,40.95537670718935,engine
Algol,11,47.047866596561185,40.95537648756305,engine
Algol,12,47.047866563483815,40.955376267746516,engine
Algol,13,47.047866532623466,40.95537604774457,engine
Algol,14,47.04786650398181,40.95537582756203,engine
Algol,15,47.04786647756043,40.95537560720375,engine
Algol,16,47.04786645336088,40.955375386674504,engine
Algol,17,47.04786643138464,40.955375165979,engine
Algol,18,47.04786641163321,40.955374945122344,engine
Algol,19,47.047866394108006,40.95537472410924,engine
Algol,20,47.04786637881041,40.95537450294451,engine
Algol,21,47.047866365741754,40.955374281633006,engine
Algol,22,47.047866354903334,40.95537406017956,engine
Algol,23,47.0478663462964,40.95537383858902,engine
Algol,24,47.04786633992217,40.95537361686623,engine
Algol,25,47.04786633578179,40.95537339501604,engine
Algol,26,47.04786633387641,40.955373173043306,engine
Algol,27,47.0478663342071,40.9553729509529,engine
Algol,28,47.0478663367749,40.95537272874964,engine
Algol,29,47.047866341580814,40.95537250643826,engine
Algol,30,47.04786634862577,40.955372284023916,engine
Pleiades,-30,56.87534018448773,24.105354901552015,engine
Pleiades,-20,56.87533868214866,24.105353646896756,engine
Pleiades,-15,56.87533799261294,24.105353007440133,engine
Pleiades,-10,56.87533734478753,24.105352360350125,engine
Pleiades,-5,56.875336739113074,24.105351705970474,engine
Pleiades,-2,56.8753363961168,24.105351309988155,engine
Pleiades,-1,56.8753362852057,24.105351177451734,engine
Pleiades,0,56.87533617601042,24.105351044648824,engine
Pleiades,1,56.87533606853408,24.10535091158225,engine
Pleiades,2,56.87533596277978,24.105350778254852,engine
Pleiades,3,56.8753358587506,24.105350644669418,engine
Pleiades,4,56.87533575644959,24.105350510828792,engine
Pleiades,5,56.87533565587974,24.105350376735842,engine
Pleiades,6,56.875335557043954,24.105350242393282,engine
Pleiades,7,56.8753354599453,24.105350107804167,engine
Pleiades,8,56.875335364586626,24.10534997297124,engine
Pleiades,9,56.875335270970815,24.10534983789735,engine
Pleiades,10,56.875335179100674,24.105349702585375,engine
Pleiades,11,56.87533508897903,24.105349567038168,engine
Pleiades,12,56.87533500060865,24.10534943125859,engine
Pleiades,13,56.87533491399228,24.10534929524953,engine
Pleiades,14,56.8753348291326,24.105349159013873,engine
Pleiades,15,56.8753347460323,24.105349022554485,engine
Pleiades,16,56.87533466469403,24.105348885874257,engine
Pleiades,17,56.875334585120314,24.105348748975988,engine
Pleiades,18,56.87533450731383,24.105348611862752,engine
Pleiades,19,56.87533443127709,24.105348474537372,engine
Pleiades,20,56.87533435701256,24.105348337002727,engine
Pleiades,21,56.87533428452273,24.105348199261737,engine
Pleiades,22,56.875334213810014,24.105348061317322,engine
Pleiades,23,56.87533414487682,24.105347923172392,engine
Pleiades,24,56.87533407772553,24.105347784829853,engine
Pleiades,25,56.875334012358465,24.105347646292632,engine
Pleiades,26,56.87533394877792,24.10534750756367,engine
Pleiades,27,56.87533388698615,24.10534736864588,engine
Pleiades,28,56.8753338269854,24.105347229542204,engine
Pleiades,29,56.87533376877781,24.105347090255492,engine
Pleiades,30,56.87533371236565,24.105346950788856,engine
Capella,-30,79.17607996728847,45.9929519702003,engine
Capella,-20,79.1760765326467,45.99295034447088,engine
Capella,-15,79.17607487394288,45.99294949643461,engine
Capella,-10,79.17607325567394,45.99294862553113,engine
Capella,-5,79.17607167883283,45.99294773220915,engine
Capella,-2,79.17607075301959,45.99294718564602,engine
Capella,-1,79.17607044784319,45.992947001719024,engine
Capella,0,79.17607014439349,45.99294681692866,engine
Capella,1,79.17606984267806,45.99294663127871,engine
Capella,2,79.17606954270443,45.99294644477302,engine
Capella,3,79.17606924448006,45.992946257415376,engine
Capella,4,79.17606894801243,45.99294606920967,engine
Capella,5,79.17606865330896,45.99294588015974,engine
Capella,6,79.17606836037686,45.992945690269316,engine
Capella,7,79.17606806922387,45.99294549954257,engine
Capella,8,79.17606777985714,45.992945307983284,engine
Capella,9,79.17606749228392,45.99294511559536,engine
Capella,10,79.17606720651152,45.99294492238277,engine
Capella,11,79.17606692254711,45.99294472834944,engine
Capella,12,79.17606664039788,45.992944533499376,engine
Capella,13,79.17606636007103,45.99294433783653,engine
Capella,14,79.17606608157365,45.99294414136493,engine
Capella,15,79.17606580491281,45.9929439440886,engine
Capella,16,79.17606553009557,45.99294374601155,engine
Capella,17,79.17606525712876,45.992943547137685,engine
Capella,18,79.17606498601972,45.99294334747139,engine
Capella,19,79.1760647167752,45.99294314701657,engine
Capella,20,79.17606444940213,45.99294294577732,engine
Capella,21,79.17606418390736,45.992942743757766,engine
Capella,22,79.17606392029772,45.99294254096204,engine
Capella,23,79.17606365858003,45.99294233739426,engine
Capella,24,79.17606339876103,45.992942133058584,engine
Capella,25,79.17606314084745,45.992941927959194,engine
Capella,26,79.17606288484598,45.99294172210028,engine
Capella,27,79.17606263076327,45.99294151548601,engine
Capella,28,79.17606237860592,45.99294130812063,engine
Capella,29,79.1760621283804,45.9929411000082,engine
Capella,30,79.17606188009351,45.99294089115328,engine
Sirius,-30,101.28313158822718,-16.7216071841913,engine
Sirius,-20,101.2831284113956,-16.721606924381593,engine
Sirius,-15,101.2831268431364,-16.72160677694778,engine
Sirius,-10,101.28312528954292,-16.721606617937674,engine
Sirius,-5,101.2831237515269,-16.721606447440422,engine
Sirius,-2,101.28312283657135,-16.72160633966742,engine
Sirius,-1,101.28312253293838,-16.721606302835355,engine
Sirius,0,101.28312222999341,-16.721606265550747,engine
Sirius,1,101.28312192774366,-16.721606227814434,engine
Sirius,2,101.28312162619625,-16.72160618962725,engine
Sirius,3,101.28312132535825,-16.72160615099001,engine
Sirius,4,101.28312102523684,-16.72160611190357,engine
Sirius,5,101.28312072583905,-16.721606072368772,engine
Sirius,6,101.28312042717182,-16.721606032386475,engine
Sirius,7,101.28312012924258,-16.721605991957592,engine
Sirius,8,101.28311983205818,-16.721605951082953,engine
Sirius,9,101.28311953562569,-16.721605909763483,engine
Sirius,10,101.2831192399521,-16.721605868000047,engine
Sirius,11,101.28311894504444,-16.72160582579356,engine
Sirius,12,101.28311865090969,-16.721605783144938,engine
Sirius,13,101.28311835755484,-16.721605740055107,engine
Sirius,14,101.28311806498685,-16.72160569652498,engine
Sirius,15,101.28311777321267,-16.72160565255551,engine
Sirius,16,101.28311748223925,-16.72160560814764,engine
Sirius,17,101.28311719207329,-16.721605563302283,engine
Sirius,18,101.2831169027221,-16.72160551802049,engine
Sirius,19,101.28311661419237,-16.72160547230318,engine
Sirius,20,101.28311632649095,-16.72160542615134,engine
Sirius,21,101.28311603962474,-16.72160537956596,engine
Sirius,22,101.28311575360055,-16.721605332548034,engine
Sirius,23,101.28311546842522,-16.72160528509857,engine
Sirius,24,101.28311518410555,-16.721605237218576,engine
Sirius,25,101.28311490064834,-16.72160518890908,engine
Sirius,26,101.28311461806034,-16.721605140171107,engine
Sirius,27,101.28311433634835,-16.721605091005703,engine
Sirius,28,101.28311405551908,-16.721605041413902,engine
Sirius,29,101.28311377557908,-16.721604991396735,engine
Sirius,30,101.28311349653542,-16.721604940955324,engine
Procyon,-30,114.81912518644506,5.219024655824826,engine
Procyon,-20,114.8191219486404,5.219024554131378,engine
Procyon,-15,114.81912033431875,5.219024497575163,engine
Procyon,-10,114.81911872429083,5.21902443722489,engine
Procyon,-5,114.81911711948347,5.219024373092017,engine
Procyon,-2,114.81911615949001,5.2190243328021,engine
Procyon,-1,114.81911584001827,5.219024319071116,engine
Procyon,0,114.81911552082191,5.219024305189834,engine
Procyon,1,114.81911520190822,5.219024291158374,engine
Procyon,2,114.81911488328466,5.219024276976866,engine
Procyon,3,114.81911456495848,5.219024262645451,engine
Procyon,4,114.81911424693706,5.219024248164249,engine
Procyon,5,114.81911392922777,5.21902423353341,engine
Procyon,6,114.81911361183772,5.219024218753058,engine
Procyon,7,114.81911329477467,5.219024203823364,engine
Procyon,8,114.81911297804568,5.2190241887444575,engine
Procyon,9,114.81911266165815,5.219024173516485,engine
Procyon,10,114.81911234561933,5.219024158139605,engine
Procyon,11,114.81911202993656,5.219024142613972,engine
Procyon,12,114.81911171461711,5.21902412693974,engine
Procyon,13,114.8191113996683,5.219024111117074,engine
Procyon,14,114.81911108509738,5.2190240951461355,engine
Procyon,15,114.81911077091165,5.21902407902709,engine
Procyon,16,114.81911045711838,5.219024062760108,engine
Procyon,17,114.81911014372461,5.219024046345348,engine
Procyon,18,114.81910983073803,5.219024029783012,engine
Procyon,19,114.81910951816563,5.21902401307326,engine
Procyon,20,114.81910920601473,5.219023996216277,engine
Procyon,21,114.81910889429246,5.219023979212246,engine
Procyon,22,114.81910858300613,5.21902396206135,engine
Procyon,23,114.81910827216291,5.21902394476378,engine
Procyon,24,114.81910796177,5.219023927319728,engine
Procyon,25,114.81910765183464,5.219023909729386,engine
Procyon,26,114.81910734236395,5.219023891992957,engine
Procyon,27,114.81910703336517,5.219023874110632,engine
Procyon,28,114.81910672484544,5.219023856082622,engine
Procyon,29,114.81910641681172,5.219023837909114,engine
Procyon,30,114.81910610927157,5.2190238195903484,engine
Alkaid,-30,206.8761230079661,49.31558244868758,engine
Alkaid,-20,206.8761225723002,49.31558486405031,engine
Alkaid,-15,206.87612225683148,49.31558607004892,engine
Alkaid,-10,206.8761218763641,49.3155872739889,engine
Alkaid,-5,206.87612143100574,49.3155884751693,engine
Alkaid,-2,206.87612113269955,49.31558919426149,engine
Alkaid,-1,206.87612102808984,49.315589433656,engine
Alkaid,0,206.8761209208953,49.31558967288978,engine
Alkaid,1,206.87612081111735,49.31558991195722,engine
Alkaid,2,206.87612069875755,49.31559015085276,engine
Alkaid,3,206.8761205838174,49.31559038957084,engine
Alkaid,4,206.87612046629852,49.31559062810583,engine
Alkaid,5,206.87612034620258,49.31559086645221,engine
Alkaid,6,206.8761202235312,49.315591104604565,engine
Alkaid,7,206.8761200982863,49.31559134255703,engine
Alkaid,8,206.8761199704696,49.31559158030417,engine
Alkaid,9,206.87611984008294,49.315591817840485,engine
Alkaid,10,206.87611970712823,49.31559205516039,engine
Alkaid,11,206.8761195716074,49.31559229225835,engine
Alkaid,12,206.87611943352255,49.315592529128814,engine
Alkaid,13,206.87611929287556,49.31559276576627,engine
Alkaid,14,206.87611914966865,49.31559300216516,engine
Alkaid,15,206.87611900390397,49.31559323831998,engine
Alkaid,16,206.87611885558366,49.3155934742252,engine
Alkaid,17,206.8761187047099,49.31559370987547,engine
Alkaid,18,206.87611855128517,49.31559394526491,engine
Alkaid,19,206.8761183953117,49.31559418038824,engine
Alkaid,20,206.8761182367919,49.31559441523992,engine
Alkaid,21,206.87611807572821,49.315594649814486,engine
Alkaid,22,206.87611791212314,49.315594884106396,engine
Alkaid,23,206.8761177459792,49.31559511811019,engine
Alkaid,24,206.87611757729897,49.31559535182039,engine
Alkaid,25,206.87611740608511,49.31559558523153,engine
Alkaid,26,206.87611723234028,49.315595818338124,engine
Alkaid,27,206.87611705606722,49.31559605113469,engine
Alkaid,28,206.87611687726871,49.3155962836158,engine
Alkaid,29,206.8761166959475,49.31559651577615,engine
Alkaid,30,206.87611651210665,49.31559674761,engine
Algorab,-30,187.45907698025283,-16.514214824074916,engine
Algorab,-20,187.45907557327934,-16.514215720828492,engine
Algorab,-15,187.4590748079695,-16.514216162512156,engine
Algorab,-10,187.4590740019324,-16.514216599404858,engine
Algorab,-5,187.45907315555814,-16.51421703126294,engine
Algorab,-2,187.45907262854155,-16.514217287860614,engine
Algorab,-1,187.4590724496909,-16.514217372962122,engine
Algorab,0,187.45907226925675,-16.514217457844946,engine
Algorab,1,187.4590720872426,-16.51421754250717,engine
Algorab,2,187.45907190365193,-16.514217626946884,engine
Algorab,3,187.4590717184884,-16.514217711162217,engine
Algorab,4,187.45907153175548,-16.514217795151247,engine
Algorab,5,187.45907134345683,-16.51421787891212,engine
Algorab,6,187.45907115359597,-16.514217962442995,engine
Algorab,7,187.45907096217684,-16.514218045741888,engine
Algorab,8,187.45907076920295,-16.514218128806988,engine
Algorab,9,187.45907057467812,-16.514218211636422,engine
Algorab,10,187.45907037860607,-16.514218294228325,engine
Algorab,11,187.45907018099055,-16.51421837658083,engine
Algorab,12,187.45906998183543,-16.514218458692113,engine
Algorab,13,187.45906978114456,-16.5142185405603,engine
Algorab,14,187.4590695789218,-16.514218622183545,engine
Algorab,15,187.45906937517105,-16.514218703560026,engine
Algorab,16,187.4590691698963,-16.51421878468789,engine
Algorab,17,187.45906896310134,-16.514218865565375,engine
Algorab,18,187.45906875479042,-16.51421894619053,engine
Algorab,19,187.4590685449675,-16.514219026561605,engine
Algorab,20,187.4590683336365,-16.51421910667678,engine
Algorab,21,187.45906812080167,-16.514219186534227,engine
Algorab,22,187.45906790646703,-16.514219266132173,engine
Algorab,23,187.45906769063674,-16.51421934546879,engine
Algorab,24,187.45906747331492,-16.514219424542286,engine
Algorab,25,187.45906725450584,-16.514219503350876,engine
Algorab,26,187.45906703421372,-16.51421958189279,engine
Algorab,27,187.45906681244276,-16.514219660166212,engine
Algorab,28,187.45906658919728,-16.51421973816939,engine
Algorab,29,187.45906636448146,-16.514219815900606,engine
Algorab,30,187.4590661382999,-16.514219893357968,engine
Spica,-30,201.2927479189433,-11.159526738634378,engine
Spica,-20,201.29274731421737,-11.159527416133523,engine
Spica,-15,201.29274694751325,-11.159527753180443,engine
Spica,-10,201.29274653809853,-11.159528088852204,engine
Spica,-5,201.29274608613622,-11.15952842296967,engine
Spica,-2,201.29274579461156,-11.159528622619781,engine
Spica,-1,201.29274569405482,-11.159528689024548,engine
Spica,0,201.29274559180993,-11.15952875535432,engine
Spica,1,201.2927454878786,-11.159528821607665,engine
Spica,2,201.2927453822625,-11.15952888778318,engine
Spica,3,201.29274527496338,-11.159528953879436,engine
Spica,4,201.29274516598312,-11.15952901989504,engine
Spica,5,201.29274505532345,-11.159529085828561,engine
Spica,6,201.2927449429862,-11.15952915167864,engine
Spica,7,201.2927448289734,-11.159529217443774,engine
Spica,8,201.2927447132869,-11.159529283122612,engine
Spica,9,201.29274459592867,-11.159529348713734,engine
Spica,10,201.29274447690062,-11.159529414215744,engine
Spica,11,201.29274435620485,-11.15952947962724,engine
Spica,12,201.2927442338434,-11.159529544946821,engine
Spica,13,201.29274410981827,-11.159529610173088,engine
Spica,14,201.29274398413168,-11.159529675304636,engine
Spica,15,201.29274385678568,-11.159529740340075,engine
Spica,16,201.29274372778255,-11.159529805278023,engine
Spica,17,201.29274359712429,-11.159529870117122,engine
Spica,18,201.2927434648134,-11.159529934855893,engine
Spica,19,201.29274333085203,-11.159529999492994,engine
Spica,20,201.2927431952425,-11.15953006402704,engine
Spica,21,201.29274305798714,-11.159530128456653,engine
Spica,22,201.29274291908828,-11.159530192780442,engine
Spica,23,201.29274277854836,-11.159530256997026,engine
Spica,24,201.2927426363698,-11.159530321105038,engine
Spica,25,201.29274249255508,-11.159530385103096,engine
Spica,26,201.29274234710664,-11.159530448989827,engine
Spica,27,201.29274220002702,-11.159530512763865,engine
Spica,28,201.2927420513188,-11.159530576423835,engine
Spica,29,201.29274190098445,-11.159530639968407,engine
Spica,30,201.2927417490268,-11.159530703396142,engine
Arcturus,-30,213.90161753160672,19.170258321350254,engine
Arcturus,-20,213.90161764838012,19.17025932180098,engine
Arcturus,-15,213.9016176395922,19.17025982390445,engine
Arcturus,-10,213.90161758592384,19.170260326856845,engine
Arcturus,-5,213.9016174873289,19.170260830355442,engine
Arcturus,-2,213.901617406596,19.170261132590614,engine
Arcturus,-1,213.90161737608847,19.170261233343794,engine
Arcturus,0,213.90161734378265,19.170261334096992,engine
Arcturus,1,213.9016173096786,19.17026143484778,engine
Arcturus,2,213.90161727377637,19.170261535593742,engine
Arcturus,3,213.9016172360761,19.170261636332437,engine
Arcturus,4,213.90161719657792,19.17026173706144,engine
Arcturus,5,213.901617155282,19.170261837778344,engine
Arcturus,6,213.90161711218852,19.170261938480774,engine
Arcturus,7,213.90161706729785,19.17026203916617,engine
Arcturus,8,213.9016170206102,19.170262139832168,engine
Arcturus,9,213.90161697212585,19.17026224047638,engine
Arcturus,10,213.90161692184523,19.170262341096333,engine
Arcturus,11,213.90161686976867,19.170262441689644,engine
Arcturus,12,213.90161681589666,19.170262542253866,engine
Arcturus,13,213.90161676022956,19.17026264278658,engine
Arcturus,14,213.90161670276797,19.170262743285363,engine
Arcturus,15,213.9016166435123,19.1702628437478,engine
Arcturus,16,213.90161658246325,19.170262944171473,engine
Arcturus,17,213.90161651962123,19.17026304455402,engine
Arcturus,18,213.90161645498702,19.170263144892896,engine
Arcturus,19,213.90161638856125,19.170263245185737,engine
Arcturus,20,213.90161632034457,19.17026334543014,engine
Arcturus,21,213.9016162503378,19.170263445623682,engine
Arcturus,22,213.9016161785416,19.17026354576395,engine
Arcturus,23,213.90161610495684,19.17026364584852,engine
Arcturus,24,213.90161602958432,19.170263745874983,engine
Arcturus,25,213.90161595242495,19.17026384584095,engine
Arcturus,26,213.90161587347959,19.170263945743972,engine
Arcturus,27,213.90161579274917,19.17026404558166,engine
Arcturus,28,213.9016157102347,19.170264145351606,engine
Arcturus,29,213.9016156259371,19.170264245051452,engine
Arcturus,30,213.90161553985754,19.17026434467868,engine
Alphecca,-30,233.66861477657983,26.717538529091186,engine
Alphecca,-20,233.6686161271618,26.717539832796437,engine
Alphecca,-15,233.66861673769674,26.71754049669411,engine
Alphecca,-10,233.6686173044961,26.717541168115442,engine
Alphecca,-5,233.6686178271627,26.71754184667635,engine
Alphecca,-2,233.6686181194215,26.717542257078666,engine
Alphecca,-1,233.66861821326674,26.717542394405033,engine
Alphecca,0,233.66861830532017,26.717542531988997,engine
Alphecca,1,233.66861839557893,26.71754266982738,engine
Alphecca,2,233.66861848404028,26.717542807917088,engine
Alphecca,3,233.66861857070163,26.717542946254955,engine
Alphecca,4,233.6686186555602,26.717543084837814,engine
Alphecca,5,233.66861873861345,26.717543223662524,engine
Alphecca,6,233.66861881985875,26.717543362726012,engine
Alphecca,7,233.66861889929348,26.71754350202493,engine
Alphecca,8,233.6686189769151,26.717543641556208,engine
Alphecca,9,233.66861905272117,26.71754378131664,engine
Alphecca,10,233.66861912670925,26.717543921303086,engine
Alphecca,11,233.6686191988768,26.71754406151233,engine
Alphecca,12,233.6686192692216,26.717544201941223,engine
Alphecca,13,233.66861933774115,26.71754434258652,engine
Alphecca,14,233.66861940443326,26.717544483445067,engine
Alphecca,15,233.6686194692955,26.717544624513664,engine
Alphecca,16,233.6686195323257,26.71754476578908,engine
Alphecca,17,233.66861959352167,26.717544907268223,engine
Alphecca,18,233.6686196528812,26.717545048947674,engine
Alphecca,19,233.6686197104021,26.71754519082431,engine
Alphecca,20,233.66861976608226,26.71754533289493,engine
Alphecca,21,233.6686198199197,26.717545475156317,engine
Alphecca,22,233.6686198719123,26.717545617605218,engine
Alphecca,23,233.6686199220581,26.71754576023841,engine
Alphecca,24,233.66861997035505,26.717545903052667,engine
Alphecca,25,233.66862001680138,26.717546046044756,engine
Alphecca,26,233.668620061395,26.71754618921141,engine
Alphecca,27,233.6686201041341,26.7175463325494,engine
Alphecca,28,233.66862014501703,26.717546476055492,engine
Alphecca,29,233.66862018404177,26.717546619726512,engine
Alphecca,30,233.66862022120662,26.71754676355901,engine
Vega,-30,279.2362549243601,38.79076834691328,engine
Vega,-20,279.2362587710493,38.79076908391618,engine
Vega,-15,279.23626066686245,38.79076949003631,engine
Vega,-10,279.2362625428313,38.790769920967,engine
Vega,-5,279.23626439785056,38.7907703764921,engine
Vega,-2,279.2362655003499,38.790770661518025,engine
Vega,-1,279.2362658660454,38.790770758467204,engine
Vega,0,279.2362662308243,38.79077085638342,engine
Vega,1,279.2362665946779,38.79077095526476,engine
Vega,2,279.23626695759765,38.79077105510922,engine
Vega,3,279.2362673195749,38.79077115591482,engine
Vega,4,279.2362676806011,38.79077125767954,engine
Vega,5,279.23626804066765,38.790771360401365,engine
Vega,6,279.2362683997661,38.790771464078304,engine
Vega,7,279.23626875788773,38.79077156870815,engine
Vega,8,279.236269115024,38.790771674288905,engine
Vega,9,279.23626947116657,38.79077178081847,engine
Vega,10,279.23626982630685,38.79077188829471,engine
Vega,11,279.2362701804364,38.79077199671549,engine
Vega,12,279.2362705335469,38.79077210607864,engine
Vega,13,279.2362708856297,38.79077221638202,engine
Vega,14,279.2362712366766,38.79077232762343,engine
Vega,15,279.23627158667915,38.790772439800634,engine
Vega,16,279.23627193562896,38.79077255291141,engine
Vega,17,279.23627228351796,38.79077266695362,engine
Vega,18,279.2362726303373,38.79077278192481,engine
Vega,19,279.23627297607896,38.790772897822784,engine
Vega,20,279.2362733207347,38.79077301464527,engine
Vega,21,279.23627366429616,38.79077313238992,engine
Vega,22,279.23627400675514,38.790773251054404,engine
Vega,23,279.23627434810345,38.79077337063639,engine
Vega,24,279.2362746883329,38.79077349113348,engine
Vega,25,279.2362750274353,38.7907736125433,engine
Vega,26,279.23627536540243,38.79077373486344,engine
Vega,27,279.23627570222624,38.790773858091484,engine
Vega,28,279.23627603789856,38.790773982225,engine
Vega,29,279.2362763724116,38.79077410726161,engine
Vega,30,279.2362767057568,38.79077423319865,engine
Deneb Algedi,-30,326.7659515275517,-16.128394164075456,engine
Deneb Algedi,-20,326.76595459440057,-16.128393841674125,engine
Deneb Algedi,-15,326.7659561587861,-16.12839369605364,engine
Deneb Algedi,-10,326.76595774266406,-16.128393560974168,engine
Deneb Algedi,-5,326.7659593451621,-16.12839343654506,engine
Deneb Algedi,-2,326.7659603152319,-16.128393367043376,engine
Deneb Algedi,-1,326.7659606399744,-16.1283933447403,engine
Deneb Algedi,0,326.76596096539805,-16.128393322870615,engine
Deneb Algedi,1,326.76596129149567,-16.1283933014351,engine
Deneb Algedi,2,326.76596161826006,-16.12839328043452,engine
Deneb Algedi,3,326.76596194568407,-16.128393259869632,engine
Deneb Algedi,4,326.76596227376046,-16.128393239741204,engine
Deneb Algedi,5,326.7659626024821,-16.128393220049954,engine
Deneb Algedi,6,326.765962931842,-16.128393200796623,engine
Deneb Algedi,7,326.76596326183244,-16.128393181981952,engine
Deneb Algedi,8,326.7659635924465,-16.128393163606663,engine
Deneb Algedi,9,326.76596392367674,-16.128393145671442,engine
Deneb Algedi,10,326.7659642555161,-16.128393128177002,engine
Deneb Algedi,11,326.7659645879572,-16.128393111124044,engine
Deneb Algedi,12,326.76596492099293,-16.128393094513243,engine
Deneb Algedi,13,326.76596525461576,-16.128393078345272,engine
Deneb Algedi,14,326.76596558881846,-16.128393062620802,engine
Deneb Algedi,15,326.7659659235938,-16.128393047340488,engine
Deneb Algedi,16,326.7659662589344,-16.128393032505006,engine
Deneb Algedi,17,326.76596659483306,-16.12839301811494,engine
Deneb Algedi,18,326.76596693128215,-16.12839300417099,engine
Deneb Algedi,19,326.7659672682744,-16.12839299067374,engine
Deneb Algedi,20,326.7659676058025,-16.128392977623818,engine
Deneb Algedi,21,326.765967943859,-16.12839296502184,engine
Deneb Algedi,22,326.76596828243663,-16.12839295286839,engine
Deneb Algedi,23,326.76596862152786,-16.12839294116407,engine
Deneb Algedi,24,326.7659689611254,-16.128392929909452,engine
Deneb Algedi,25,326.76596930122184,-16.128392919105117,engine
Deneb Algedi,26,326.7659696418096,-16.128392908751632,engine
Deneb Algedi,27,326.7659699828813,-16.128392898849537,engine
Deneb Algedi,28,326.7659703244296,-16.128392889399397,engine
Deneb Algedi,29,326.7659706664471,-16.128392880401744,engine
Deneb Algedi,30,326.7659710089261,-16.128392871857113,engine
Rigel,-30,78.63657632728189,-8.198769636385402,engine
Rigel,-20,78.6365739379595,-8.198769375614685,engine
Rigel,-15,78.63657278490687,-8.198769238232947,engine
Rigel,-10,78.63657166053802,-8.198769096300177,engine
Rigel,-5,78.63657056554398,-8.198768949903966,engine
Rigel,-2,78.63656992292992,-8.198768859961062,engine
Rigel,-1,78.6365697111544,-8.198768829633602,engine
Rigel,0,78.63656950060226,-8.19876879913412,engine
Rigel,1,78.63656929127878,-8.19876876846336,engine
Rigel,2,78.63656908318916,-8.198768737622071,engine
Rigel,3,78.63656887633864,-8.198768706610995,engine
Rigel,4,78.6365686707324,-8.198768675430884,engine
Rigel,5,78.63656846637559,-8.198768644082497,engine
Rigel,6,78.63656826327323,-8.198768612566571,engine
Rigel,7,78.63656806143071,-8.198768580883902,engine
Rigel,8,78.63656786085296,-8.19876854903524,engine
Rigel,9,78.63656766154506,-8.198768517021348,engine
Rigel,10,78.63656746351204,-8.198768484843,engine
Rigel,11,78.63656726675892,-8.198768452500971,engine
Rigel,12,78.63656707129071,-8.198768419996034,engine
Rigel,13,78.63656687711236,-8.198768387328974,engine
Rigel,14,78.63656668422881,-8.198768354500565,engine
Rigel,15,78.636566492645,-8.198768321511606,engine
Rigel,16,78.6365663023658,-8.19876828836288,engine
Rigel,17,78.63656611339594,-8.198768255055155,engine
Rigel,18,78.63656592574058,-8.198768221589273,engine
Rigel,19,78.63656573940435,-8.198768187966008,engine
Rigel,20,78.63656555439205,-8.198768154186167,engine
Rigel,21,78.63656537070847,-8.198768120250552,engine
Rigel,22,78.63656518835833,-8.198768086159971,engine
Rigel,23,78.63656500734636,-8.198768051915234,engine
Rigel,24,78.63656482767726,-8.198768017517153,engine
Rigel,25,78.63656464935569,-8.198767982966544,engine
Rigel,26,78.63656447238628,-8.19876794826423,engine
Rigel,27,78.63656429677363,-8.198767913411034,engine
Rigel,28,78.63656412252236,-8.198767878407779,engine
Rigel,29,78.6365639496369,-8.198767843255265,engine
Rigel,30,78.63656377812201,-8.198767807954374,engine
Betelgeuse,-30,88.79436813135018,7.408698587040652,engine
Betelgeuse,-20,88.79436538830839,7.408698301689437,engine
Betelgeuse,-15,88.79436404902638,7.408698151979534,engine
Betelgeuse,-10,88.79436273230975,7.408697997664807,engine
Betelgeuse,-5,88.79436143894912,7.408697838811496,engine
Betelgeuse,-2,88.79436067446872,7.408697741349397,engine
Betelgeuse,-1,88.79436042160165,7.408697708507022,engine
Betelgeuse,0,88.79436016972468,7.408697675488085,engine
Betelgeuse,1,88.79435991884395,7.408697642293163,engine
Betelgeuse,2,88.7943596689655,7.408697608922827,engine
Betelgeuse,3,88.79435942009542,7.408697575377654,engine
Betelgeuse,4,88.79435917223977,7.40869754165823,engine
Betelgeuse,5,88.79435892540455,7.408697507765131,engine
Betelgeuse,6,88.79435867959565,7.4086974736989335,engine
Betelgeuse,7,88.79435843481937,7.408697439460269,engine
Betelgeuse,8,88.79435819108151,7.408697405049708,engine
Betelgeuse,9,88.79435794838805,7.40869737046785,engine
Betelgeuse,10,88.7943577067449,7.408697335715298,engine
Betelgeuse,11,88.79435746615798,7.408697300792654,engine
Betelgeuse,12,88.79435722663317,7.408697265700525,engine
Betelgeuse,13,88.79435698817636,7.408697230439527,engine
Betelgeuse,14,88.7943567507934,7.408697195010269,engine
Betelgeuse,15,88.79435651449012,7.408697159413374,engine
Betelgeuse,16,88.79435627927232,7.408697123649458,engine
Betelgeuse,17,88.79435604514565,7.408697087719123,engine
Betelgeuse,18,88.79435581211617,7.408697051623043,engine
Betelgeuse,19,88.7943555801895,7.408697015361826,engine
Betelgeuse,20,88.79435534937134,7.408696978936097,engine
Betelgeuse,21,88.79435511966742,7.408696942346509,engine
Betelgeuse,22,88.79435489108339,7.408696905593685,engine
Betelgeuse,23,88.79435466362494,7.40869686867828,engine
Betelgeuse,24,88.79435443729771,7.408696831600936,engine
Betelgeuse,25,88.79435421210731,7.4086967943622986,engine
Betelgeuse,26,88.79435398805936,7.408696756963025,engine
Betelgeuse,27,88.7943537651594,7.408696719403763,engine
Betelgeuse,28,88.79435354341301,7.40869668168518,engine
Betelgeuse,29,88.79435332282556,7.408696643807904,engine
Betelgeuse,30,88.79435310340287,7.408696605772657,engine
Polaris,-30,38.34097827699526,89.26180105870678,engine
Polaris,-20,38.34094998878363,89.26179783135272,engine
Polaris,-15,38.34094072145344,89.26179620725843,engine
Polaris,-10,38.3409347198168,89.26179457744425,engine
Polaris,-5,38.34093199280005,89.26179294283178,engine
Polaris,-2,38.34093193153513,89.26179196014579,engine
Polaris,-1,38.34093217391233,89.26179163230844,engine
Polaris,0,38.340932547764055,89.26179130434578,engine
Polaris,1,38.34093305313157,89.2617909762652,engine
Polaris,2,38.340933690053625,89.26179064807414,engine
Polaris,3,38.34093445856648,89.26179031977999,engine
Polaris,4,38.34093535870386,89.2617899913902,engine
Polaris,5,38.340936390496935,89.26178966291218,engine
Polaris,6,38.34093755397523,89.26178933435315,engine
Polaris,7,38.340938849163315,89.26178900572094,engine
Polaris,8,38.340940276085576,89.26178867702279,engine
Polaris,9,38.34094183476313,89.26178834826614,engine
Polaris,10,38.340943525214534,89.26178801945836,engine
Polaris,11,38.340945347455886,89.26178769060695,engine
Polaris,12,38.340947301500705,89.2617873617193,engine
Polaris,13,38.340949387360034,89.26178703280287,engine
Polaris,14,38.34095160504231,89.26178670386507,engine
Polaris,15,38.34095395455355,89.26178637491333,engine
Polaris,16,38.34095643589717,89.26178604595509,engine
Polaris,17,38.34095904907589,89.26178571699758,engine
Polaris,18,38.3409617940846,89.26178538804866,engine
Polaris,19,38.34096467092089,89.26178505911555,engine
Polaris,20,38.340967679578085,89.26178473020568,engine
Polaris,21,38.340970820047005,89.26178440132647,engine
Polaris,22,38.340974092315975,89.26178407248537,engine
Polaris,23,38.340977496370726,89.2617837436898,engine
Polaris,24,38.34098103219451,89.26178341494719,engine
Polaris,25,38.340984699768086,89.26178308626498,engine
Polaris,26,38.34098849906965,89.2617827576506,engine
Polaris,27,38.34099243007484,89.26178242911146,engine
Polaris,28,38.34099649275688,89.26178210065501,engine
Polaris,29,38.3410006870892,89.26178177228842,engine
Polaris,30,38.34100501303434,89.26178144401959,engine
Castor,-30,113.64662603059425,31.886412477441738,engine
Castor,-20,113.64662224510337,31.886412182256226,engine
Castor,-15,113.64662035925839,31.886412001222183,engine
Castor,-10,113.64661847946513,31.88641179796476,engine
Castor,-5,113.64661660680794,31.886411572550287,engine
Castor,-2,113.64661548708925,31.886411426697848,engine
Castor,-1,113.64661511454739,31.886411376317067,engine
Castor,0,113.64661474236875,31.886411325055832,engine
Castor,1,113.64661437056192,31.886411272914856,engine
Castor,2,113.64661399913554,31.886411219894914,engine
Castor,3,113.64661362809817,31.886411165996737,engine
Castor,4,113.64661325745838,31.88641111122113,engine
Castor,5,113.64661288722478,31.886411055568924,engine
Castor,6,113.64661251740567,31.88641099904084,engine
Castor,7,113.64661214801012,31.88641094163784,engine
Castor,8,113.64661177904645,31.886410883360714,engine
Castor,9,113.64661141052318,31.886410824210337,engine
Castor,10,113.64661104244884,31.88641076418759,engine
Castor,11,113.64661067483198,31.88641070329337,engine
Castor,12,113.64661030768112,31.886410641528613,engine
Castor,13,113.64660994100474,31.88641057889424,engine
Castor,14,113.6466095748114,31.88641051539122,engine
Castor,15,113.64660920910951,31.886410451020502,engine
Castor,16,113.64660884390763,31.886410385783055,engine
Castor,17,113.64660847921395,31.88641031967989,engine
Castor,18,113.64660811503744,31.88641025271208,engine
Castor,19,113.64660775138628,31.886410184880603,engine
Castor,20,113.64660738826895,31.88641011618654,engine
Castor,21,113.64660702569387,31.88641004663095,engine
Castor,22,113.64660666366944,31.8864099762149,engine
Castor,23,113.6466063022041,31.886409904939516,engine
Castor,24,113.64660594130625,31.886409832805892,engine
Castor,25,113.64660558098427,31.886409759815194,engine
Castor,26,113.64660522124653,31.88640968596853,engine
Castor,27,113.64660486210144,31.886409611267094,engine
Castor,28,113.6466045035573,31.88640953571206,engine
Castor,29,113.64660414562228,31.886409459304595,engine
Castor,30,113.64660378830514,31.886409382046,engine
Altair,-30,297.70119662755724,8.874140960687777,engine
Altair,-20,297.7011999071193,8.874140939516149,engine
Altair,-15,297.701201545521,8.87414093881902,engine
Altair,-10,297.7012031817496,8.874140944710623,engine
Altair,-5,297.7012048148666,8.874140957184206,engine
Altair,-2,297.7012057928531,8.874140967823719,engine
Altair,-1,297.7012061184897,8.874140971895553,engine
Altair,0,297.70120644393444,8.874140976229869,engine
Altair,1,297.7012067691798,8.874140980826557,engine
Altair,2,297.70120709421826,8.874140985685498,engine
Altair,3,297.7012074190424,8.874140990806566,engine
Altair,4,297.7012077436448,8.874140996189631,engine
Altair,5,297.701208068018,8.874141001834559,engine
Altair,6,297.70120839215457,8.874141007741214,engine
Altair,7,297.70120871604684,8.874141013909442,engine
Altair,8,297.7012090396875,8.874141020339103,engine
Altair,9,297.7012093630691,8.874141027030035,engine
Altair,10,297.70120968618426,8.874141033982085,engine
Altair,11,297.70121000902543,8.874141041195081,engine
Altair,12,297.70121033158534,8.874141048668863,engine
Altair,13,297.7012106538565,8.874141056403245,engine
Altair,14,297.70121097583143,8.874141064398051,engine
Altair,15,297.7012112975028,8.874141072653106,engine
Altair,16,297.7012116188632,8.874141081168208,engine
Altair,17,297.7012119399054,8.874141089943176,engine
Altair,18,297.7012122606216,8.874141098977788,engine
Altair,19,297.7012125810047,8.87414110827186,engine
Altair,20,297.7012129010472,8.87414111782517,engine
Altair,21,297.7012132207418,8.874141127637515,engine
Altair,22,297.70121354008114,8.87414113770867,engine
Altair,23,297.70121385905776,8.8741411480384,engine
Altair,24,297.70121417766444,8.874141158626491,engine
Altair,25,297.7012144958938,8.8741411694727,engine
Altair,26,297.70121481373843,8.874141180576792,engine
Altair,27,297.7012151311911,8.874141191938525,engine
Altair,28,297.70121544824445,8.87414120355764,engine
Altair,29,297.7012157648913,8.874141215433898,engine
Altair,30,297.701216081124,8.874141227567025,engine
Bellatrix,-30,81.28457337856473,6.351276462091293,engine
Bellatrix,-20,81.28457089802438,6.3512761712706,engine
Bellatrix,-15,81.28456969688914,6.35127602034978,engine
Bellatrix,-10,81.28456852282144,6.35127586584316,engine
Bellatrix,-5,81.28456737653798,6.351275707818719,engine
Bellatrix,-2,81.28456670239778,6.351275611344448,engine
Bellatrix,-1,81.2845664799894,6.35127557891315,engine
Bellatrix,0,81.28456625874271,6.351275546346195,engine
Bellatrix,1,81.28456603866319,6.351275513644171,engine
Bellatrix,2,81.28456581975628,6.351275480807649,engine
Bellatrix,3,81.28456560202743,6.351275447837207,engine
Bellatrix,4,81.28456538548204,6.351275414733436,engine
Bellatrix,5,81.28456517012549,6.35127538149692,engine
Bellatrix,6,81.28456495596302,6.3512753481282225,engine
Bellatrix,7,81.28456474300025,6.351275314627981,engine
Bellatrix,8,81.28456453124234,6.35127528099677,engine
Bellatrix,9,81.28456432069459,6.351275247235182,engine
Bellatrix,10,81.28456411136226,6.3512752133438175,engine
Bellatrix,11,81.28456390325063,6.351275179323281,engine
Bellatrix,12,81.28456369636491,6.351275145174168,engine
Bellatrix,13,81.2845634907103,6.351275110897091,engine
Bellatrix,14,81.28456328629198,6.351275076492654,engine
Bellatrix,15,81.28456308311507,6.351275041961476,engine
Bellatrix,16,81.28456288118477,6.3512750073041655,engine
Bellatrix,17,81.28456268050599,6.3512749725213125,engine
Bellatrix,18,81.28456248108411,6.351274937613588,engine
Bellatrix,19,81.28456228292403,6.351274902581584,engine
Bellatrix,20,81.28456208603082,6.3512748674259285,engine
Bellatrix,21,81.28456189040946,6.351274832147244,engine
Bellatrix,22,81.28456169606496,6.351274796746156,engine
Bellatrix,23,81.28456150300225,6.351274761223298,engine
Bellatrix,24,81.2845613112263,6.351274725579302,engine
Bellatrix,25,81.28456112074201,6.3512746898148045,engine
Bellatrix,26,81.28456093155425,6.351274653930435,engine
Bellatrix,27,81.28456074366791,6.351274617926844,engine
Bellatrix,28,81.28456055708779,6.351274581804666,engine
Bellatrix,29,81.28456037181861,6.351274545564523,engine
Bellatrix,30,81.28456018786541,6.351274509207106,engine
