body,minute,ra,dec,source
Aldebaran,-30,68.98361966190603,16.508795342140903,engine
Aldebaran,-20,68.9836181168785,16.50879445027601,engine
Aldebaran,-15,68.9836174011363,16.508793995032338,engine
Aldebaran,-10,68.98361672389895,16.508793533886806,engine
Aldebaran,-5,68.98361608563606,16.508793067072006,engine
Aldebaran,-2,68.98361572157462,16.508792784359784,engine
Aldebaran,-1,68.98361560339127,16.508792689696524,engine
Aldebaran,0,68.98361548679894,16.508792594823504,engine
Aldebaran,1,68.98361537180097,16.508792499742654,engine
Aldebaran,2,68.98361525840073,16.508792404455885,engine
Aldebaran,3,68.98361514660161,16.508792308965113,engine
Aldebaran,4,68.98361503640685,16.508792213272265,engine
Aldebaran,5,68.98361492781976,16.508792117379265,engine
Aldebaran,6,68.9836148208435,16.508792021287977,engine
Aldebaran,7,68.98361471548144,16.508791925000484,engine
Aldebaran,8,68.98361461173667,16.50879182851864,engine
Aldebaran,9,68.98361450961237,16.508791731844408,engine
Aldebaran,10,68.98361440911164,16.508791634979723,engine
Aldebaran,11,68.98361431023756,16.508791537926523,engine
Aldebaran,12,68.9836142129932,16.508791440686785,engine
Aldebaran,13,68.98361411738162,16.508791343262462,engine
Aldebaran,14,68.98361402340575,16.508791245655505,engine
Aldebaran,15,68.9836139310686,16.508791147867885,engine
Aldebaran,16,68.98361384037311,16.508791049901575,engine
Aldebaran,17,68.9836137513221,16.50879095175847,engine
Aldebaran,18,68.98361366391853,16.508790853440686,engine
Aldebaran,19,68.98361357816525,16.50879075495013,engine
Aldebaran,20,68.98361349406503,16.508790656288774,engine
Aldebaran,21,68.98361341162061,16.50879055745863,engine
Aldebaran,22,68.98361333083479,16.50879045846166,engine
Aldebaran,23,68.98361325171027,16.508790359299866,engine
Aldebaran,24,68.9836131742497,16.508790259975243,engine
Aldebaran,25,68.98361309845576,16.50879016048979,engine
Aldebaran,26,68.98361302433104,16.508790060845506,engine
Aldebaran,27,68.98361295187816,16.508789961044393,engine
Aldebaran,28,68.98361288109963,16.508789861088452,engine
Aldebaran,29,68.98361281199796,16.50878976097963,engine
Aldebaran,30,68.98361274457571,16.50878966072009,engine
Antares,-30,247.34852267943054,-26.43207111687489,engine
Antares,-20,247.34852423941908,-26.43207249640911,engine
Antares,-15,247.3485249575956,-26.432073200120584,engine
Antares,-10,247.34852563389074,-26.432073912643236,engine
Antares,-5,247.3485262678278,-26.43207463360819,engine
Antares,-2,247.3485266276672,-26.432075070084334,engine
Antares,-1,247.3485267441719,-26.432075216207902,engine
Antares,0,247.34852685894987,-26.432075362642188,engine
Antares,1,247.34852697199773,-26.432075509384177,engine
Antares,2,247.3485270833121,-26.432075656430833,engine
Antares,3,247.34852719288958,-26.432075803779117,engine
Antares,4,247.34852730072691,-26.432075951425976,engine
Antares,5,247.34852740682078,-26.43207609936837,engine
Antares,6,247.34852751116796,-26.432076247603344,engine
Antares,7,247.3485276137651,-26.43207639612762,engine
Antares,8,247.3485277146091,-26.43207654493824,engine
Antares,9,247.34852781369682,-26.432076694032144,engine
Antares,10,247.3485279110251,-26.432076843406232,engine
Antares,11,247.34852800659084,-26.432076993057418,engine
Antares,12,247.34852810039098,-26.432077142982635,engine
Antares,13,247.34852819242255,-26.43207729317877,engine
Antares,14,247.34852828268257,-26.432077443642743,engine
Antares,15,247.348528371168,-26.43207759437143,engine
Antares,16,247.34852845787603,-26.43207774536172,engine
Antares,17,247.3485285428037,-26.43207789661062,engine
Antares,18,247.34852862594815,-26.432078048114782,engine
Antares,19,247.34852870730657,-26.432078199871203,engine
Antares,20,247.34852878687616,-26.432078351876743,engine
Antares,21,247.34852886465427,-26.432078504128263,engine
Antares,22,247.34852894063806,-26.43207865662264,engine
Antares,23,247.34852901482495,-26.432078809356714,engine
Antares,24,247.34852908721217,-26.432078962327353,engine
Antares,25,247.34852915779723,-26.43207911553139,engine
Antares,26,247.3485292265775,-26.432079268965673,engine
Antares,27,247.34852929355043,-26.432079422627044,engine
Antares,28,247.34852935871353,-26.43207957651233,engine
Antares,29,247.3485294220644,-26.43207973061848,engine
Antares,30,247.34852948360043,-26.43207988494208,engine
Ceres,-30,108.08236482222335,23.263959034877026,engine
Ceres,-20,108.08433887306417,23.264053296511864,engine
Ceres,-15,108.08532655226443,23.26410050222276,engine
Ceres,-10,108.08631466345538,23.264147762887433,engine
Ceres,-5,108.08730320385322,23.26419508226444,engine
Ceres,-2,108.08789653261533,23.26422350361453,engine
Ceres,-1,108.08809434280616,23.264232982530324,engine
Ceres,0,108.08829216991852,23.26424246406156,engine
Ceres,1,108.08849001392363,23.264251948237664,engine
Ceres,2,108.08868787479246,23.264261435088073,engine
Ceres,3,108.08888575249554,23.264270924642148,engine
Ceres,4,108.08908364711786,23.264280416935833,engine
Ceres,5,108.0892815583999,23.264289911985127,engine
Ceres,6,108.08947948655859,23.264299409832244,engine
Ceres,7,108.08967743129763,23.264308910493646,engine
Ceres,8,108.08987539271862,23.26431841400479,engine
Ceres,9,108.09007337078995,23.264327920394788,engine
Ceres,10,108.0902713654798,23.264337429692617,engine
Ceres,11,108.09046937675585,23.264346941927254,engine
Ceres,12,108.09066740458562,23.264356457127647,engine
Ceres,13,108.0908654490507,23.264365975329287,engine
Ceres,14,108.09106350988863,23.264375496547707,engine
Ceres,15,108.09126158718031,23.26438502081827,engine
Ceres,16,108.09145968089183,23.264394548169737,engine
Ceres,17,108.09165779112169,23.26440407863709,engine
Ceres,18,108.09185591756952,23.264413612236197,engine
Ceres,19,108.09205406033318,23.264423149001967,engine
Ceres,20,108.09225221949188,23.264432688969507,engine
Ceres,21,108.09245039478066,23.264442232153986,engine
Ceres,22,108.09264858627813,23.264451778590402,engine
Ceres,23,108.09284679394781,23.26446132830706,engine
Ceres,24,108.09304501775308,23.264470881332212,engine
Ceres,25,108.09324325765672,23.264480437694058,engine
Ceres,26,108.09344151373612,23.264489997427383,engine
Ceres,27,108.0936397857241,23.26449956054695,engine
Ceres,28,108.09383807369724,23.264509127087425,engine
Ceres,29,108.09403637775006,23.264518697083187,engine
Ceres,30,108.09423469757785,23.264528270549295,engine
Chiron,-30,26.869206143074916,11.266702319579919,engine
Chiron,-20,26.868926787791185,11.26658604656592,engine
Chiron,-15,26.868787148777226,11.266527929757993,engine
Chiron,-10,26.868647533318924,11.266469826252397,engine
Chiron,-5,26.868507939697558,11.266411736144391,engine
Chiron,-2,26.868424193323616,11.266376888562501,engine
Chiron,-1,26.868396279416757,11.266365273786713,engine
Chiron,0,26.8683683662619,11.266353659554415,engine
Chiron,1,26.86834045384039,11.266342045865157,engine
Chiron,2,26.86831254214845,11.26633043272208,engine
Chiron,3,26.868284631167416,11.266318820124702,engine
Chiron,4,26.86825672088356,11.266307208073744,engine
Chiron,5,26.86822881127821,11.266295596568712,engine
Chiron,6,26.86820090232875,11.266283985604893,engine
Chiron,7,26.868172994053914,11.266272375197355,engine
Chiron,8,26.868145086421176,11.266260765338965,engine
Chiron,9,26.868117179411815,11.266249156029192,engine
Chiron,10,26.86808927302187,11.266237547271068,engine
Chiron,11,26.868061367232574,11.266225939064025,engine
Chiron,12,26.868033462030073,11.266214331408687,engine
Chiron,13,26.868005557400515,11.266202724305654,engine
Chiron,14,26.867977653325053,11.26619111775433,engine
Chiron,15,26.867949749799703,11.266179511757699,engine
Chiron,16,26.867921846805608,11.266167906315134,engine
Chiron,17,26.867893944310136,11.266156301419413,engine
Chiron,18,26.867866042336775,11.266144697086638,engine
Chiron,19,26.86783814085289,11.26613309330958,engine
Chiron,20,26.867810239839567,11.266121490087558,engine
Chiron,21,26.86778233929272,11.266109887423484,engine
Chiron,22,26.867754439193437,11.266098285316662,engine
Chiron,23,26.8677265395277,11.266086683767568,engine
Chiron,24,26.86769864028153,11.2660750827767,engine
Chiron,25,26.867670741440897,11.266063482344514,engine
Chiron,26,26.867642842991803,11.266051882471459,engine
Chiron,27,26.867614944920188,11.266040283157984,engine
Chiron,28,26.867587047212023,11.266028684404525,engine
Chiron,29,26.867559149829592,11.266017086202512,engine
Chiron,30,26.867531252806124,11.266005488570308,engine
Eris,-30,27.145823255552273,-0.05885948135100963,tno-rate
Eris,-20,27.145763451795812,-0.0588827011851799,tno-rate
Eris,-15,27.145733549917583,-0.058894311102265035,tno-rate
Eris,-10,27.14570364803935,-0.058905921019350174,tno-rate
Eris,-5,27.145673746161123,-0.05891753093643531,tno-rate
Eris,-2,27.14565580503418,-0.05892449688668639,tno-rate
Eris,-1,27.145649824658538,-0.05892681887010342,tno-rate
Eris,0,27.14564384428289,-0.05892914085352045,tno-rate
Eris,1,27.145637863907243,-0.058931462836937475,tno-rate
Eris,2,27.1456318835316,-0.0589337848203545,tno-rate
Eris,3,27.145625903155953,-0.05893610680377153,tno-rate
Eris,4,27.145619922780305,-0.05893842878718856,tno-rate
Eris,5,27.14561394240466,-0.058940750770605586,tno-rate
Eris,6,27.145607962029015,-0.05894307275402261,tno-rate
Eris,7,27.145601981653368,-0.058945394737439635,tno-rate
Eris,8,27.14559600127772,-0.05894771672085666,tno-rate
Eris,9,27.145590020902077,-0.05895003870427369,tno-rate
Eris,10,27.14558404052643,-0.05895236068769072,tno-rate
Eris,11,27.145578060150783,-0.05895468267110775,tno-rate
Eris,12,27.145572079775135,-0.058957004654524775,tno-rate
Eris,13,27.145566099399492,-0.0589593266379418,tno-rate
Eris,14,27.145560119023845,-0.05896164862135883,tno-rate
Eris,15,27.145554138648198,-0.05896397060477586,tno-rate
Eris,16,27.145548158272554,-0.05896629258819288,tno-rate
Eris,17,27.145542177896907,-0.05896861457160991,tno-rate
Eris,18,27.14553619752126,-0.058970936555026936,tno-rate
Eris,19,27.145530217145613,-0.058973258538443964,tno-rate
Eris,20,27.14552423676997,-0.05897558052186099,tno-rate
Eris,21,27.145518256394322,-0.05897790250527802,tno-rate
Eris,22,27.145512276018675,-0.05898022448869505,tno-rate
Eris,23,27.14550629564303,-0.058982546472112075,tno-rate
Eris,24,27.145500315267384,-0.0589848684555291,tno-rate
Eris,25,27.145494334891737,-0.05898719043894613,tno-rate
Eris,26,27.14548835451609,-0.05898951242236316,tno-rate
Eris,27,27.145482374140446,-0.05899183440578018,tno-rate
Eris,28,27.1454763937648,-0.05899415638919721,tno-rate
Eris,29,27.145470413389152,-0.058996478372614236,tno-rate
Eris,30,27.145464433013508,-0.058998800356031264,tno-rate
Fomalhaut,-30,344.42073975961773,-29.622745479140356,engine
Fomalhaut,-20,344.42074296764105,-29.6227446629624,engine
Fomalhaut,-15,344.4207446154558,-29.622744280032464,engine
Fomalhaut,-10,344.42074629131923,-29.62274391423308,engine
Fomalhaut,-5,344.42074799435,-29.62274356582229,engine
Fomalhaut,-2,344.42074902883684,-29.622743365226647,engine
Fomalhaut,-1,344.42074937573386,-29.62274329978165,engine
Fomalhaut,0,344.4207497236529,-29.62274323504996,engine
Fomalhaut,1,344.42075007258654,-29.62274317103349,engine
Fomalhaut,2,344.4207504225275,-29.62274310773414,engine
Fomalhaut,3,344.42075077346846,-29.622743045153772,engine
Fomalhaut,4,344.42075112540203,-29.622742983294252,engine
Fomalhaut,5,344.4207514783209,-29.62274292215742,engine
Fomalhaut,6,344.42075183221783,-29.622742861745095,engine
Fomalhaut,7,344.420752187085,-29.622742802059154,engine
Fomalhaut,8,344.4207525429151,-29.622742743101366,engine
Fomalhaut,9,344.42075289970086,-29.622742684873533,engine
Fomalhaut,10,344.4207532574347,-29.622742627377438,engine
Fomalhaut,11,344.42075361610915,-29.622742570614836,engine
Fomalhaut,12,344.4207539757167,-29.6227425145875,engine
Fomalhaut,13,344.42075433624984,-29.62274245929714,engine
Fomalhaut,14,344.42075469770106,-29.62274240474548,engine
Fomalhaut,15,344.42075506006273,-29.622742350934246,engine
Fomalhaut,16,344.4207554233273,-29.622742297865127,engine
Fomalhaut,17,344.42075578748745,-29.62274224553976,engine
Fomalhaut,18,344.4207561525351,-29.62274219395989,engine
Fomalhaut,19,344.4207565184628,-29.622742143127134,engine
Fomalhaut,20,344.42075688526296,-29.62274209304313,engine
Fomalhaut,21,344.42075725292784,-29.622742043709508,engine
Fomalhaut,22,344.4207576214499,-29.622741995127846,engine
Fomalhaut,23,344.42075799082136,-29.622741947299772,engine
Fomalhaut,24,344.42075836103453,-29.622741900226856,engine
Fomalhaut,25,344.42075873208165,-29.622741853910664,engine
Fomalhaut,26,344.420759103955,-29.622741808352732,engine
Fomalhaut,27,344.4207594766469,-29.622741763554618,engine
Fomalhaut,28,344.4207598501494,-29.622741719517848,engine
Fomalhaut,29,344.42076022445514,-29.622741676243884,engine
Fomalhaut,30,344.4207605995557,-29.622741633734275,engine
Juno,-30,296.6806521406076,-12.66996674914714,engine
Juno,-20,296.6815538607173,-12.670526898325628,engine
Juno,-15,296.6820040057729,-12.670806918788518,engine
Juno,-10,296.6824536761438,-12.67108689971074,engine
Juno,-5,296.6829028737155,-12.67136683862518,engine
Juno,-2,296.6831721662891,-12.671534780711463,engine
Juno,-1,296.6832618928801,-12.671590757746655,engine
Juno,0,296.6833516007215,-12.67164673291771,engine
Juno,1,296.6834412898333,-12.671702706204488,engine
Juno,2,296.6835309602358,-12.671758677586874,engine
Juno,3,296.68362061195,-12.671814647044734,engine
Juno,4,296.68371024510645,-12.671870614555795,engine
Juno,5,296.683799859508,-12.67192658010435,engine
Juno,6,296.68388945534616,-12.671982543705683,engine
Juno,7,296.68397903252327,-12.67203850526473,engine
Juno,8,296.68406859112235,-12.672094464798992,engine
Juno,9,296.68415813116655,-12.672150422288485,engine
Juno,10,296.68424765267974,-12.672206377713247,engine
Juno,11,296.68433715568597,-12.67226233105334,engine
Juno,12,296.6844266402097,-12.672318282288844,engine
Juno,13,296.684516106276,-12.672374231399859,engine
Juno,14,296.6846055540195,-12.672430178364353,engine
Juno,15,296.68469498324725,-12.672486123166816,engine
Juno,16,296.6847843940948,-12.672542065785255,engine
Juno,17,296.6848737866485,-12.672598006237394,engine
Juno,18,296.6849631608156,-12.672653944428435,engine
Juno,19,296.6850525166834,-12.672709880376146,engine
Juno,20,296.68514185427966,-12.672765814060801,engine
Juno,21,296.68523117363253,-12.672821745462716,engine
Juno,22,296.6853204747707,-12.67287767456223,engine
Juno,23,296.6854097577232,-12.672933601339707,engine
Juno,24,296.6854990225194,-12.67298952577553,engine
Juno,25,296.6855882691891,-12.673045447850118,engine
Juno,26,296.68567749776247,-12.673101367543934,engine
Juno,27,296.6857667082701,-12.673157284837437,engine
Juno,28,296.6858559007431,-12.673213199711148,engine
Juno,29,296.6859450752727,-12.67326911218308,engine
Juno,30,296.686034231771,-12.673325022158824,engine
Jupiter,-30,142.40418359611706,15.451894820613582,engine
Jupiter,-20,142.4053725324138,15.451526688561845,engine
Jupiter,-15,142.4059672542155,15.451342593309853,engine
Jupiter,-10,142.40656214771158,15.451158480016172,engine
Jupiter,-5,142.40715721497193,15.450974349702065,engine
Jupiter,-2,142.4075143394221,15.450863863815789,engine
Jupiter,-1,142.40763339500074,15.450827033957685,engine
Jupiter,0,142.40775245765528,15.45079020349782,engine
Jupiter,1,142.40787152743187,15.450753372435154,engine
Jupiter,2,142.40799060427864,15.450716540798048,engine
Jupiter,3,142.4081096882414,15.450679708585504,engine
Jupiter,4,142.40822877933323,15.45064287580631,engine
Jupiter,5,142.40834787756702,15.450606042469285,engine
Jupiter,6,142.40846698306797,15.450569208548762,engine
Jupiter,7,142.40858609562378,15.450532374122558,engine
Jupiter,8,142.40870521535933,15.450495539165034,engine
Jupiter,9,142.408824342287,15.450458703685062,engine
Jupiter,10,142.40894347641884,15.45042186769154,engine
Jupiter,11,142.40906261779955,15.450385031183544,engine
Jupiter,12,142.40918176637567,15.45034819418959,engine
Jupiter,13,142.40930092219153,15.450311356708792,engine
Jupiter,14,142.40942008525872,15.450274518750076,engine
Jupiter,15,142.40953925558853,15.450237680322404,engine
Jupiter,16,142.40965843319225,15.450200841434722,engine
Jupiter,17,142.40977761819354,15.450164002061499,engine
Jupiter,18,142.4098968103782,15.45012716228071,engine
Jupiter,19,142.41001600986954,15.450090322066876,engine
Jupiter,20,142.41013521667816,15.450053481428993,engine
Jupiter,21,142.41025443081458,15.450016640376056,engine
Jupiter,22,142.41037365232162,15.449979798907313,engine
Jupiter,23,142.41049288114434,15.449942957051398,engine
Jupiter,24,142.41061211732526,15.449906114807554,engine
Jupiter,25,142.4107313608743,15.449869272184854,engine
Jupiter,26,142.41085061180112,15.449832429192357,engine
Jupiter,27,142.41096987014774,15.449795585829369,engine
Jupiter,28,142.4110891358585,15.449758742124535,engine
Jupiter,29,142.41120840905512,15.449721898052507,engine
Jupiter,30,142.41132768958678,15.449685053671772,engine
Ketu,-30,150.83512593803914,11.928410161799071,engine
Ketu,-20,150.83521994769882,11.928376096131991,engine
Ketu,-15,150.83526721987943,11.928358966408593,engine
Ketu,-10,150.8353146696062,11.92834177234101,engine
Ketu,-5,150.83536229636888,11.928324514113962,engine
Ketu,-2,150.8353909571818,11.928314128461578,engine
Ketu,-1,150.83540052488138,11.92831066146918,engine
Ketu,0,150.83541009963153,11.928307191921581,engine
Ketu,1,150.835419681421,11.928303719822834,engine
Ketu,2,150.83542927024638,11.92830024517422,engine
Ketu,3,150.83543886610312,11.928296767977367,engine
Ketu,4,150.83544846898735,11.928293288233668,engine
Ketu,5,150.83545807889476,11.928289805944681,engine
Ketu,6,150.83546769582762,11.928286321109598,engine
Ketu,7,150.83547731976898,11.92828283373453,engine
Ketu,8,150.83548695072102,11.928279343818742,engine
Ketu,9,150.83549658867986,11.928275851363574,engine
Ketu,10,150.83550623364118,11.92827235637064,engine
Ketu,11,150.8355158856005,11.928268858841532,engine
Ketu,12,150.83552554454764,11.928265358779973,engine
Ketu,13,150.8355352104913,11.928261856182743,engine
Ketu,14,150.83554488342077,11.928258351053811,engine
Ketu,15,150.83555456333198,11.928254843394573,engine
Ketu,16,150.8355642502206,11.928251333206653,engine
Ketu,17,150.83557394408905,11.928247820489135,engine
Ketu,18,150.83558364492035,11.928244305248185,engine
Ketu,19,150.83559335271661,11.928240787483023,engine
Ketu,20,150.83560306747393,11.928237267195108,engine
Ketu,21,150.83561278918773,11.928233744386059,engine
Ketu,22,150.83562251785418,11.928230219057264,engine
Ketu,23,150.83563225346916,11.928226691210218,engine
Ketu,24,150.83564199602824,11.928223160846525,engine
Ketu,25,150.8356517455274,11.928219627967643,engine
Ketu,26,150.83566150195605,11.928216092577426,engine
Ketu,27,150.83567126532284,11.92821255467272,engine
Ketu,28,150.8356810356173,11.928209014257327,engine
Ketu,29,150.83569081284145,11.928205471330493,engine
Ketu,30,150.83570059697848,11.928201925898316,engine
Mars,-30,125.77429876549935,20.478667551291252,engine
Mars,-20,125.77847904062668,20.47783257076776,engine
Mars,-15,125.78057025884969,20.477415047803913,engine
Mars,-10,125.7826621972421,20.47699751036172,engine
Mars,-5,125.78475485650854,20.476579963658914,engine
Mars,-2,125.78601079737962,20.476329433535913,engine
Mars,-1,125.78642950206888,20.476245923359162,engine
Mars,0,125.78684823535279,20.47616241323933,engine
Mars,1,125.78726699739525,20.476078903184213,engine
Mars,2,125.78768578818715,20.475995393236925,engine
Mars,3,125.78810460771875,20.4759118834405,engine
Mars,4,125.78852345597987,20.475828373838034,engine
Mars,5,125.78894233295958,20.475744864472528,engine
Mars,6,125.78936123909986,20.47566135529575,engine
Mars,7,125.78978017348196,20.47557784653324,engine
Mars,8,125.79019913654672,20.475494338136713,engine
Mars,9,125.7906181282809,20.47541083014912,engine
Mars,10,125.79103714867087,20.475327322613424,engine
Mars,11,125.79145619770223,20.475243815572526,engine
Mars,12,125.79187527536018,20.475160309069327,engine
Mars,13,125.79229438180172,20.475076803111442,engine
Mars,14,125.79271351666587,20.474993297812258,engine
Mars,15,125.7931326801085,20.47490979317933,engine
Mars,16,125.79355187211246,20.47482628925546,engine
Mars,17,125.79397109294109,20.474742786027434,engine
Mars,18,125.79439034218636,20.474659283614685,engine
Mars,19,125.79480961976556,20.474575782074506,engine
Mars,20,125.79522892583161,20.474492281414335,engine
Mars,21,125.79564826036456,20.4744087816768,engine
Mars,22,125.79606762334379,20.474325282904537,engine
Mars,23,125.7964870147481,20.47424178514017,engine
Mars,24,125.7969064347282,20.47415828839093,engine
Mars,25,125.79732588291688,20.474074792769983,engine
Mars,26,125.79774535946369,20.473991298284485,engine
Mars,27,125.79816486434521,20.473907804976935,engine
Mars,28,125.79858439753737,20.473824312889754,engine
Mars,29,125.79900395946942,20.47374082197407,engine
Mars,30,125.79942354920856,20.473657332454785,engine
Mercury,-30,211.52538877483605,-15.032006153799927,engine
Mercury,-20,211.5334741443014,-15.035676805726478,engine
Mercury,-15,211.53751661062046,-15.037511436019566,engine
Mercury,-10,211.5415589612313,-15.039345602565282,engine
Mercury,-5,211.54560122059098,-15.041179306597837,engine
Mercury,-2,211.54802654124782,-15.042279306912999,engine
Mercury,-1,211.5488349767397,-15.042645936687867,engine
Mercury,0,211.54964341020354,-15.043012547995213,engine
Mercury,1,211.55045184182234,-15.043379140841497,engine
Mercury,2,211.5512602719612,-15.043745715358103,engine
Mercury,3,211.55206870043784,-15.044112271302094,engine
Mercury,4,211.55287712761722,-15.044478808805307,engine
Mercury,5,211.55368555368182,-15.04484532787498,engine
Mercury,6,211.55449397953834,-15.04521182888906,engine
Mercury,7,211.55530240391974,-15.045578311113962,engine
Mercury,8,211.55611082773257,-15.045944774928056,engine
Mercury,9,211.5569192511587,-15.046311220339362,engine
Mercury,10,211.55772767437975,-15.046677647356095,engine
Mercury,11,211.55853609757716,-15.04704405598662,engine
Mercury,12,211.55934452111472,-15.047410446364374,engine
Mercury,13,211.5601529448089,-15.047776818248533,engine
Mercury,14,211.56096136902303,-15.04814317177291,engine
Mercury,15,211.561769793938,-15.048509506946695,engine
Mercury,16,211.56257821973446,-15.04887582377931,engine
Mercury,17,211.56338664713508,-15.049242122525966,engine
Mercury,18,211.564195075236,-15.049608402705255,engine
Mercury,19,211.56500350494176,-15.049974664697556,engine
Mercury,20,211.5658119360677,-15.050340908263527,engine
Mercury,21,211.56662036897595,-15.050707133538355,engine
Mercury,22,211.56742880384607,-15.051073340532653,engine
Mercury,23,211.56823724085746,-15.051439529257218,engine
Mercury,24,211.5690456801893,-15.05180569972305,engine
Mercury,25,211.5698541220207,-15.052171851941365,engine
Mercury,26,211.57066256653036,-15.05253798592356,engine
Mercury,27,211.57147101389688,-15.052904101681236,engine
Mercury,28,211.5722794642986,-15.053270199226189,engine
Mercury,29,211.57308791845583,-15.05363627881587,engine
Mercury,30,211.57389637546234,-15.05400233997157,engine
Moon,-30,111.29798352059744,24.960695489681346,engine
Moon,-20,111.41567208292659,24.922501768639883,engine
Moon,-15,111.4751750598593,24.903472736005785,engine
Moon,-10,111.53511249221589,24.884493481818566,engine
Moon,-5,111.5954806716356,24.86556736612305,engine
Moon,-2,111.63190671301666,24.854238589722332,engine
Moon,-1,111.64408272416463,24.850466971028712,engine
Moon,0,111.65627567937936,24.846697716040502,engine
Moon,1,111.66848554548316,24.842930850832033,engine
Moon,2,111.68071228900605,24.839166401408928,engine
Moon,3,111.69295587622123,24.835404393708526,engine
Moon,4,111.70521627310227,24.831644853596472,engine
Moon,5,111.71749342292405,24.8278878002301,engine
Moon,6,111.72978734421719,24.824133270077517,engine
Moon,7,111.74209796325555,24.820381287162586,engine
Moon,8,111.75442525317843,24.816631874541454,engine
Moon,9,111.76676917860121,24.812885057705653,engine
Moon,10,111.77912970386711,24.809140862075914,engine
Moon,11,111.79150679307465,24.80539931298252,engine
Moon,12,111.80390041001534,24.801660435691698,engine
Moon,13,111.81631051825221,24.79792425540151,engine
Moon,14,111.82873708104367,24.794190797220843,engine
Moon,15,111.84118006140628,24.790460086183494,engine
Moon,16,111.85363942208693,24.786732147252266,engine
Moon,17,111.86611511107536,24.783006996357727,engine
Moon,18,111.8786071195511,24.77928467621569,engine
Moon,19,111.89111539498427,24.775565202600337,engine
Moon,20,111.9036398990597,24.771848600151714,engine
Moon,21,111.91618059323827,24.768134893439925,engine
Moon,22,111.92873743866065,24.764424106955826,engine
Moon,23,111.94131039624078,24.760716265119154,engine
Moon,24,111.95389942662915,24.757011392259543,engine
Moon,25,111.96650446705625,24.75330950628639,engine
Moon,26,111.97912552394506,24.749610644072835,engine
Moon,27,111.9917625340439,24.745914823361918,engine
Moon,28,112.00441545697322,24.742222068160288,engine
Moon,29,112.01708426061309,24.73853239993931,engine
Moon,30,112.02976888706124,24.734845847492593,engine
Neptune,-30,2.762759914252462,-0.3509404034620356,engine
Neptune,-20,2.7625903985931015,-0.3510159985247012,engine
Neptune,-15,2.762505659596275,-0.3510537955148962,engine
Neptune,-10,2.7624209314856403,-0.35109159214066465,engine
Neptune,-5,2.7623362129779716,-0.3511293884107475,engine
Neptune,-2,2.76228538596556,-0.3511520659974267,engine
Neptune,-1,2.7622684442479146,-0.35115962516429644,engine
Neptune,0,2.762251502823196,-0.3511671843168287,engine
Neptune,1,2.762234561681197,-0.3511747434550291,engine
Neptune,2,2.762217620811718,-0.351182302578903,engine
Neptune,3,2.76220068020455,-0.3511898616884519,engine
Neptune,4,2.7621837398494797,-0.35119742078368177,engine
Neptune,5,2.7621667997362844,-0.3512049798645973,engine
Neptune,6,2.7621498598433902,-0.35121253893626925,engine
Neptune,7,2.7621329201832867,-0.3512200979885648,engine
Neptune,8,2.7621159807343854,-0.3512276570265563,engine
Neptune,9,2.762099041489156,-0.3512352160491391,engine
Neptune,10,2.762082102431954,-0.3512427750585333,engine
Neptune,11,2.762065163555253,-0.35125033405363165,engine
Neptune,12,2.762048224848808,-0.35125789303443733,engine
Neptune,13,2.7620312863023706,-0.35126545200095444,engine
Neptune,14,2.7620143479056933,-0.3512730109531867,engine
Neptune,15,2.761997409648537,-0.3512805698911337,engine
Neptune,16,2.7619804715206433,-0.3512881288147985,engine
Neptune,17,2.7619635335004036,-0.351295687729253,engine
Neptune,18,2.7619465956002807,-0.3513032466243608,engine
Neptune,19,2.7619296577986607,-0.35131080550519295,engine
Neptune,20,2.7619127200879836,-0.35131836437064345,engine
Neptune,21,2.761895782452599,-0.3513259232229281,engine
Neptune,22,2.761878844884939,-0.35133348206094167,engine
Neptune,23,2.761861907374756,-0.3513410408846843,engine
Neptune,24,2.7618449699117824,-0.35134859969415677,engine
Neptune,25,2.761828032485759,-0.3513561584893611,engine
Neptune,26,2.7618110950864256,-0.3513637172702983,engine
Neptune,27,2.7617941577062264,-0.3513712760358599,engine
Neptune,28,2.761777220329499,-0.35137883478826193,engine
Neptune,29,2.761760282937331,-0.3513863935314643,engine
Neptune,30,2.7617433455421705,-0.3513939522553327,engine
Pallas,-30,21.039588805714747,-13.414255434630137,engine
Pallas,-20,21.038379298840635,-13.416140885827287,engine
Pallas,-15,21.037774283061385,-13.417083786606625,engine
Pallas,-10,21.03716907384295,-13.41802680302019,engine
Pallas,-5,21.036563657604987,-13.418969934578628,engine
Pallas,-2,21.036200302866767,-13.419535868285136,engine
Pallas,-1,21.036079166359105,-13.419724521934686,engine
Pallas,0,21.03595802073577,-13.419913180145173,engine
Pallas,1,21.035836865595513,-13.420101842859472,engine
Pallas,2,21.035715701123724,-13.420290510119369,engine
Pallas,3,21.03559452706616,-13.420479181892285,engine
Pallas,4,21.035473343168572,-13.420667858145473,engine
Pallas,5,21.03535214961687,-13.420856538920464,engine
Pallas,6,21.035230945929317,-13.421045224286077,engine
Pallas,7,21.03510973245473,-13.42123391403056,engine
Pallas,8,21.03498850885832,-13.421422608247296,engine
Pallas,9,21.034867274886686,-13.421611306903051,engine
Pallas,10,21.034746030726595,-13.42180001003879,engine
Pallas,11,21.034624776125106,-13.421988717621087,engine
Pallas,12,21.034503510829346,-13.422177429616365,engine
Pallas,13,21.034382235026573,-13.422366146065292,engine
Pallas,14,21.034260948464382,-13.422554866934124,engine
Pallas,15,21.034139650890385,-13.422743592188963,engine
Pallas,16,21.034018342492548,-13.422932321870183,engine
Pallas,17,21.03389702293748,-13.423121056070254,engine
Pallas,18,21.033775692136196,-13.423309794501906,engine
Pallas,19,21.03365435019573,-13.423498537331696,engine
Pallas,20,21.033532996864732,-13.423687284525268,engine
Pallas,21,21.03341163203872,-13.423876036072897,engine
Pallas,22,21.03329025546668,-13.424064791939998,engine
Pallas,23,21.033168867337807,-13.42425355216619,engine
Pallas,24,21.033047467401545,-13.424442316716673,engine
Pallas,25,21.03292605555415,-13.42463108558134,engine
Pallas,26,21.032804631545478,-13.424819858725172,engine
Pallas,27,21.032683195565504,-13.42500863618739,engine
Pallas,28,21.032561747364532,-13.425197417932797,engine
Pallas,29,21.032440286758135,-13.425386204077435,engine
Pallas,30,21.032318813806555,-13.425574994357506,engine
Pluto,-30,306.0761577290873,-23.722663832900704,engine
Pluto,-20,306.0761199233415,-23.72267027558075,engine
Pluto,-15,306.0761009727994,-23.722673519649923,engine
Pluto,-10,306.0760819891719,-23.722676778461384,engine
Pluto,-5,306.07606297149533,-23.72268005169894,engine
Pluto,-2,306.0760515441571,-23.722682022430746,engine
Pluto,-1,306.0760477322084,-23.722682680457023,engine
Pluto,0,306.07604391883314,-23.722683339036866,engine
Pluto,1,306.0760401040216,-23.722683998167497,engine
Pluto,2,306.0760362877665,-23.72268465784621,engine
Pluto,3,306.0760324700606,-23.722685318070297,engine
Pluto,4,306.0760286508968,-23.722685978837056,engine
Pluto,5,306.0760248302677,-23.72268664014375,engine
Pluto,6,306.0760210081639,-23.72268730198809,engine
Pluto,7,306.0760171845832,-23.722687964366436,engine
Pluto,8,306.0760133595159,-23.72268862727647,engine
Pluto,9,306.0760095329553,-23.722689290715433,engine
Pluto,10,306.0760057048941,-23.722689954680515,engine
Pluto,11,306.0760018753254,-23.722690619168944,engine
Pluto,12,306.07599804423995,-23.722691284177785,engine
Pluto,13,306.07599421163553,-23.722691949704465,engine
Pluto,14,306.07599037750293,-23.722692615746027,engine
Pluto,15,306.07598654183533,-23.722693282299655,engine
Pluto,16,306.0759827046259,-23.722693949362476,engine
Pluto,17,306.0759788658653,-23.722694616932085,engine
Pluto,18,306.0759750255519,-23.72269528500472,engine
Pluto,19,306.0759711836765,-23.722695953577947,engine
Pluto,20,306.0759673402324,-23.722696622648858,engine
Pluto,21,306.07596349521293,-23.72269729221457,engine
Pluto,22,306.07595964860906,-23.722697962272033,engine
Pluto,23,306.07595580041914,-23.722698632818577,engine
Pluto,24,306.07595195063425,-23.722699303851137,engine
Pluto,25,306.07594809924774,-23.722699975366776,engine
Pluto,26,306.07594424625336,-23.722700647362522,engine
Pluto,27,306.07594039164445,-23.722701319835437,engine
Pluto,28,306.0759365354148,-23.722701992782522,engine
Pluto,29,306.07593267755306,-23.72270266620113,engine
Pluto,30,306.0759288180628,-23.72270334008759,engine
Rahu,-30,330.83512593803914,-11.928410161799071,engine
Rahu,-20,330.8352199476988,-11.928376096131991,engine
Rahu,-15,330.8352672198794,-11.928358966408593,engine
Rahu,-10,330.8353146696062,-11.92834177234101,engine
Rahu,-5,330.8353622963689,-11.928324514113962,engine
Rahu,-2,330.8353909571818,-11.928314128461578,engine
Rahu,-1,330.8354005248814,-11.92831066146918,engine
Rahu,0,330.83541009963153,-11.928307191921581,engine
Rahu,1,330.835419681421,-11.928303719822834,engine
Rahu,2,330.8354292702464,-11.92830024517422,engine
Rahu,3,330.8354388661031,-11.928296767977367,engine
Rahu,4,330.83544846898735,-11.928293288233668,engine
Rahu,5,330.83545807889476,-11.928289805944681,engine
Rahu,6,330.8354676958276,-11.928286321109598,engine
Rahu,7,330.835477319769,-11.92828283373453,engine
Rahu,8,330.835486950721,-11.928279343818742,engine
Rahu,9,330.83549658867986,-11.928275851363574,engine
Rahu,10,330.8355062336412,-11.92827235637064,engine
Rahu,11,330.8355158856005,-11.928268858841532,engine
Rahu,12,330.83552554454764,-11.928265358779973,engine
Rahu,13,330.8355352104913,-11.928261856182743,engine
Rahu,14,330.83554488342077,-11.928258351053811,engine
Rahu,15,330.835554563332,-11.928254843394573,engine
Rahu,16,330.8355642502206,-11.928251333206653,engine
Rahu,17,330.83557394408905,-11.928247820489135,engine
Rahu,18,330.83558364492035,-11.928244305248185,engine
Rahu,19,330.8355933527166,-11.928240787483023,engine
Rahu,20,330.8356030674739,-11.928237267195108,engine
Rahu,21,330.83561278918773,-11.928233744386059,engine
Rahu,22,330.8356225178542,-11.928230219057264,engine
Rahu,23,330.83563225346916,-11.928226691210218,engine
Rahu,24,330.83564199602824,-11.928223160846525,engine
Rahu,25,330.8356517455274,-11.928219627967643,engine
Rahu,26,330.83566150195605,-11.928216092577426,engine
Rahu,27,330.83567126532284,-11.92821255467272,engine
Rahu,28,330.8356810356173,-11.928209014257327,engine
Rahu,29,330.83569081284145,-11.928205471330493,engine
Rahu,30,330.8357005969785,-11.928201925898316,engine
Regulus,-30,152.0870484259226,11.968731041913346,engine
Regulus,-20,152.0870452569507,11.968731217714648,engine
Regulus,-15,152.0870436455842,11.968731293673688,engine
Regulus,-10,152.0870420174576,11.968731361570974,engine
Regulus,-5,152.08704037345052,11.968731421335841,engine
Regulus,-2,152.08703937979288,11.968731453263237,engine
Regulus,-1,152.08703904740753,11.968731463247364,engine
Regulus,0,152.08703871445113,11.968731472901473,engine
Regulus,1,152.08703838093075,11.96873148222509,engine
Regulus,2,152.08703804685368,11.968731491217728,engine
Regulus,3,152.08703771222702,11.968731499878905,engine
Regulus,4,152.08703737705807,11.968731508208151,engine
Regulus,5,152.08703704135402,11.968731516204995,engine
Regulus,6,152.08703670512188,11.968731523869002,engine
Regulus,7,152.08703636836935,11.968731531199689,engine
Regulus,8,152.08703603110345,11.96873153819663,engine
Regulus,9,152.08703569333147,11.968731544859375,engine
Regulus,10,152.08703535506064,11.968731551187494,engine
Regulus,11,152.08703501629827,11.968731557180561,engine
Regulus,12,152.08703467705166,11.968731562838155,engine
Regulus,13,152.0870343373281,11.968731568159864,engine
Regulus,14,152.0870339971349,11.968731573145279,engine
Regulus,15,152.08703365647938,11.968731577793998,engine
Regulus,16,152.08703331536887,11.96873158210563,engine
Regulus,17,152.0870329738105,11.968731586079782,engine
Regulus,18,152.087032631812,11.968731589716072,engine
Regulus,19,152.08703228938063,11.968731593014127,engine
Regulus,20,152.08703194652364,11.968731595973578,engine
Regulus,21,152.08703160324842,11.968731598594061,engine
Regulus,22,152.0870312595624,11.968731600875223,engine
Regulus,23,152.08703091547292,11.968731602816714,engine
Regulus,24,152.08703057098734,11.968731604418192,engine
Regulus,25,152.08703022611314,11.968731605679315,engine
Regulus,26,152.0870298808577,11.968731606599759,engine
Regulus,27,152.08702953522845,11.968731607179192,engine
Regulus,28,152.0870291892328,11.968731607417316,engine
Regulus,29,152.0870288428779,11.9687316073138,engine
Regulus,30,152.08702849617177,11.968731606868353,engine
Saturn,-30,11.12408914539486,1.832823727232105,engine
Saturn,-20,11.123600353676453,1.8326085325006445,engine
Saturn,-15,11.123355920890493,1.8325009438495248,engine
Saturn,-10,11.123111459345125,1.8323933609879706,engine
Saturn,-5,11.122866965905757,1.8322857838767406,engine
Saturn,-2,11.122720253275684,1.8322212403716376,engine
Saturn,-1,11.122671346153592,1.832199726327437,engine
Saturn,0,11.122622437534531,1.8321782125116008,engine
Saturn,1,11.122573527394014,1.8321566989238955,engine
Saturn,2,11.122524615707528,1.832135185564073,engine
Saturn,3,11.122475702450668,1.832113672431902,engine
Saturn,4,11.122426787598979,1.8320921595271316,engine
Saturn,5,11.122377871128052,1.8320706468494994,engine
Saturn,6,11.122328952980752,1.8320491343843395,engine
Saturn,7,11.122280033198347,1.8320276221602432,engine
Saturn,8,11.122231111723732,1.8320061101625142,engine
Saturn,9,11.12218218853264,1.8319845983908958,engine
Saturn,10,11.122133263600812,1.8319630868451107,engine
Saturn,11,11.122084336904086,1.8319415755248967,engine
Saturn,12,11.12203540841828,1.8319200644299736,engine
Saturn,13,11.121986478119224,1.8318985535600514,engine
Saturn,14,11.121937545982856,1.8318770429148588,engine
Saturn,15,11.121888611985089,1.8318555324940997,engine
Saturn,16,11.12183967610191,1.8318340222974978,engine
Saturn,17,11.121790738276479,1.8318125123103188,engine
Saturn,18,11.121741798550497,1.8317910025611182,engine
Saturn,19,11.121692856883652,1.8317694930419655,engine
Saturn,20,11.121643913219152,1.831747983738963,engine
Saturn,21,11.121594967549619,1.8317264746586055,engine
Saturn,22,11.12154601985122,1.8317049658005704,engine
Saturn,23,11.121497070100215,1.8316834571645515,engine
Saturn,24,11.12144811827283,1.8316619487502217,engine
Saturn,25,11.121399164345405,1.8316404405572646,engine
Saturn,26,11.121350208310718,1.8316189325921364,engine
Saturn,27,11.121301250112252,1.8315974248409344,engine
Saturn,28,11.121252289742866,1.8315759173101054,engine
Saturn,29,11.121203327146226,1.831554409984899,engine
Saturn,30,11.121154362364493,1.8315329028938183,engine
Sun,-30,189.82568610597227,-4.230929022982006,engine
Sun,-20,189.83189783157857,-4.233605698148456,engine
Sun,-15,189.83500448112477,-4.234943900137289,engine
Sun,-10,189.83811168495765,-4.236282012554734,engine
Sun,-5,189.8412194663541,-4.2376200366060495,engine
Sun,-2,189.84308442120948,-4.2384228087936835,engine
Sun,-1,189.84370612159583,-4.238690392543861,engine
Sun,0,189.8443278466578,-4.2389579728168565,engine
Sun,1,189.8449495965697,-4.239225549620201,engine
Sun,2,189.84557137150532,-4.239493122961425,engine
Sun,3,189.84619317163805,-4.239760692848161,engine
Sun,4,189.8468149971408,-4.240028259288033,engine
Sun,5,189.84743684818613,-4.240295822288876,engine
Sun,6,189.84805872536293,-4.240563382037828,engine
Sun,7,189.8486806280087,-4.240830938183935,engine
Sun,8,189.8493025567114,-4.241098490914507,engine
Sun,9,189.8499245116417,-4.241366040237551,engine
Sun,10,189.85054649296958,-4.24163358616108,engine
Sun,11,189.8511685008646,-4.24190112869318,engine
Sun,12,189.85179053549578,-4.242168667841981,engine
Sun,13,189.85241259703176,-4.242436203615729,engine
Sun,14,189.85303468564064,-4.24270373602267,engine
Sun,15,189.85365680148993,-4.24297126507112,engine
Sun,16,189.85427894474668,-4.243238790769442,engine
Sun,17,189.85490111599478,-4.243506313305492,engine
Sun,18,189.85552331456577,-4.243773832328985,engine
Sun,19,189.85614554104242,-4.244041348027843,engine
Sun,20,189.85676779558975,-4.244308860410673,engine
Sun,21,189.85739007837222,-4.2445763694861585,engine
Sun,22,189.85801238955383,-4.244843875263007,engine
Sun,23,189.85863472929805,-4.245111377750012,engine
Sun,24,189.8592570977677,-4.245378876955984,engine
Sun,25,189.85987949512528,-4.245646372889836,engine
Sun,26,189.8605019215326,-4.245913865560527,engine
Sun,27,189.86112437715096,-4.246181354977033,engine
Sun,28,189.86174686214102,-4.246448841148408,engine
Sun,29,189.8623693770806,-4.246716324263156,engine
Sun,30,189.86299192129445,-4.246983803971717,engine
Uranus,-30,63.1840205399395,20.993754124817624,engine
Uranus,-20,63.183883242886935,20.99372829494063,engine
Uranus,-15,63.18381468427946,20.99371539799776,engine
Uranus,-10,63.18374618442882,20.99370251372844,engine
Uranus,-5,63.18367774238039,20.993689642627377,engine
Uranus,-2,63.1836367044984,20.99368192649279,engine
Uranus,-1,63.18362302971768,20.993679355559483,engine
Uranus,0,63.183609357172436,20.993676785186967,engine
Uranus,1,63.18359568686031,20.993674215380143,engine
Uranus,2,63.183582018778836,20.99367164614388,engine
Uranus,3,63.18356835290827,20.99366907747989,engine
Uranus,4,63.18355468925181,20.993666509394096,engine
Uranus,5,63.183541027789595,20.993663941888155,engine
Uranus,6,63.18352736850981,20.993661374965185,engine
Uranus,7,63.18351371142811,20.993658808633455,engine
Uranus,8,63.183500056515285,20.993656242892875,engine
Uranus,9,63.18348640377434,20.99365367774929,engine
Uranus,10,63.183472753185136,20.99365111320433,engine
Uranus,11,63.18345910475057,20.99364854926381,engine
Uranus,12,63.18344545845039,20.993645985929323,engine
Uranus,13,63.183431814287424,20.99364342320666,engine
Uranus,14,63.1834181722413,20.99364086109739,engine
Uranus,15,63.18340453231475,20.993638299607294,engine
Uranus,16,63.18339089448735,20.99363573873789,engine
Uranus,17,63.18337725875254,20.99363317849322,engine
Uranus,18,63.183363625108115,20.993630618878232,engine
Uranus,19,63.183349993547424,20.993628059896928,engine
Uranus,20,63.18333636404982,20.993625501550788,engine
Uranus,21,63.1833227366178,20.993622943845487,engine
Uranus,22,63.18330911123057,20.993620386782514,engine
Uranus,23,63.18329548789049,20.99361783036752,engine
Uranus,24,63.183281866582526,20.993615274603002,engine
Uranus,25,63.18326824729159,20.993612719491406,engine
Uranus,26,63.18325463001989,20.993610165038376,engine
Uranus,27,63.18324101474643,20.99360761124529,engine
Uranus,28,63.18322740147335,20.99360505811776,engine
Uranus,29,63.18321379017626,20.99360250565648,engine
Uranus,30,63.18320018085809,20.993599953867275,engine
Venus,-30,213.2014754081303,-21.118612584158583,engine
Venus,-20,213.20069411966554,-21.11895917726812,engine
Venus,-15,213.2003031605503,-21.119130194849962,engine
Venus,-10,213.19991210195778,-21.119299695828374,engine
Venus,-5,213.1995210276942,-21.119467683390635,engine
Venus,-2,213.19928640932847,-21.119567750713305,engine
Venus,-1,213.19920821151564,-21.119600985803086,engine
Venus,0,213.19913001895253,-21.11963416060525,engine
Venus,1,213.19905183229602,-21.119667275154224,engine
Venus,2,213.19897365220194,-21.11970032948522,engine
Venus,3,213.19889547932587,-21.119733323634435,engine
Venus,4,213.19881731432315,-21.119766257639046,engine
Venus,5,213.1987391578483,-21.119799131537352,engine
Venus,6,213.19866101050374,-21.119831945390377,engine
Venus,7,213.19858287304726,-21.119864699194263,engine
Venus,8,213.19850474607983,-21.11989739301199,engine
Venus,9,213.19842663025443,-21.119930026885733,engine
Venus,10,213.1983485262232,-21.11996260085849,engine
Venus,11,213.1982704346374,-21.11999511497418,engine
Venus,12,213.19819235614816,-21.120027569277738,engine
Venus,13,213.19811429272073,-21.120059964134917,engine
Venus,14,213.19803624237574,-21.120092298953004,engine
Venus,15,213.1979582070768,-21.12012457409955,engine
Venus,16,213.19788018747272,-21.12015678962336,engine
Venus,17,213.1978021841594,-21.120188945595764,engine
Venus,18,213.19772419788853,-21.120221042024337,engine
Venus,19,213.19764623056963,-21.12025307930213,engine
Venus,20,213.1975682802189,-21.120285056842096,engine
Venus,21,213.19749034879663,-21.120316975017655,engine
Venus,22,213.1974124369476,-21.120348833883394,engine
Venus,23,213.1973345453157,-21.120380633494708,engine
Venus,24,213.19725667585928,-21.120412374227982,engine
Venus,25,213.19717882659103,-21.120444055500858,engine
Venus,26,213.1971009994675,-21.120475677691484,engine
Venus,27,213.19702319513004,-21.120507240859215,engine
Venus,28,213.1969454155339,-21.120538745384255,engine
Venus,29,213.1968676586364,-21.120570190708918,engine
Venus,30,213.19678992649574,-21.120601577173154,engine
Vesta,-30,24.62815834629594,-2.509910830616434,engine
Vesta,-20,24.626682036096582,-2.5106125896255884,engine
Vesta,-15,24.625943618310465,-2.5109634985050966,engine
Vesta,-10,24.62520500260995,-2.5113144268905727,engine
Vesta,-5,24.624466172267496,-2.511665374598973,engine
Vesta,-2,24.624022764066233,-2.5118759524267222,engine
Vesta,-1,24.623874942186312,-2.5119461465672694,engine
Vesta,0,24.623727110510764,-2.5120163414713486,engine
Vesta,1,24.623579268906205,-2.512086537137678,engine
Vesta,2,24.62343141723956,-2.5121567335649093,engine
Vesta,3,24.623283555377757,-2.512226930751737,engine
Vesta,4,24.62313568318799,-2.5122971286967557,engine
Vesta,5,24.622987800537604,-2.5123673273985876,engine
Vesta,6,24.622839907194894,-2.5124375269028496,engine
Vesta,7,24.62269200322596,-2.5125077271139995,engine
Vesta,8,24.622544088399508,-2.5125779280775804,engine
Vesta,9,24.622396162583446,-2.5126481297921677,engine
Vesta,10,24.622248225646,-2.5127183322562,engine
Vesta,11,24.622100277455694,-2.5127885354681476,engine
Vesta,12,24.621952317881085,-2.5128587394264037,engine
Vesta,13,24.62180434696594,-2.5129289440535034,engine
Vesta,14,24.621656364229167,-2.5129991494996644,engine
Vesta,15,24.621508369714903,-2.513069355687322,engine
Vesta,16,24.621360363292585,-2.5131395626148016,engine
Vesta,17,24.621212344732452,-2.5132097703275016,engine
Vesta,18,24.621064314102817,-2.5132799787295683,engine
Vesta,19,24.6209162711743,-2.513350187866312,engine
Vesta,20,24.620768215817236,-2.5134203977359713,engine
Vesta,21,24.620620148076885,-2.513490608260859,engine
Vesta,22,24.62047206747375,-2.5135608195910155,engine
Vesta,23,24.620323974053747,-2.5136310316486603,engine
Vesta,24,24.620175867687863,-2.513701244431958,engine
Vesta,25,24.620027748247242,-2.5137714579390242,engine
Vesta,26,24.619879615778565,-2.513841672092011,engine
Vesta,27,24.6197314698032,-2.5139118870408743,engine
Vesta,28,24.61958331036824,-2.5139821027077005,engine
Vesta,29,24.61943513724641,-2.514052319137617,engine
Vesta,30,24.619286950508748,-2.5141225362344604,engine
Gonggong,-30,337.3605474824341,-10.257670310791303,tno-rate
Gonggong,-20,337.3604961606979,-10.257687758245309,tno-rate
Gonggong,-15,337.3604704998298,-10.257696481972312,tno-rate
Gonggong,-10,337.36044483896166,-10.257705205699313,tno-rate
Gonggong,-5,337.3604191780936,-10.257713929426316,tno-rate
Gonggong,-2,337.3604037815727,-10.257719163662518,tno-rate
Gonggong,-1,337.3603986493991,-10.257720908407919,tno-rate
Gonggong,0,337.3603935172255,-10.25772265315332,tno-rate
Gonggong,1,337.36038838505186,-10.25772439789872,tno-rate
Gonggong,2,337.36038325287825,-10.25772614264412,tno-rate
Gonggong,3,337.36037812070464,-10.257727887389521,tno-rate
Gonggong,4,337.36037298853097,-10.257729632134922,tno-rate
Gonggong,5,337.36036785635736,-10.257731376880322,tno-rate
Gonggong,6,337.36036272418374,-10.257733121625723,tno-rate
Gonggong,7,337.36035759201013,-10.257734866371123,tno-rate
Gonggong,8,337.3603524598365,-10.257736611116524,tno-rate
Gonggong,9,337.3603473276629,-10.257738355861925,tno-rate
Gonggong,10,337.3603421954893,-10.257740100607325,tno-rate
Gonggong,11,337.3603370633156,-10.257741845352724,tno-rate
Gonggong,12,337.360331931142,-10.257743590098125,tno-rate
Gonggong,13,337.3603267989684,-10.257745334843525,tno-rate
Gonggong,14,337.3603216667948,-10.257747079588926,tno-rate
Gonggong,15,337.3603165346212,-10.257748824334326,tno-rate
Gonggong,16,337.36031140244756,-10.257750569079727,tno-rate
Gonggong,17,337.36030627027395,-10.257752313825128,tno-rate
Gonggong,18,337.3603011381003,-10.257754058570528,tno-rate
Gonggong,19,337.36029600592667,-10.257755803315929,tno-rate
Gonggong,20,337.36029087375306,-10.25775754806133,tno-rate
Gonggong,21,337.36028574157945,-10.25775929280673,tno-rate
Gonggong,22,337.36028060940583,-10.25776103755213,tno-rate
Gonggong,23,337.3602754772322,-10.257762782297531,tno-rate
Gonggong,24,337.3602703450586,-10.257764527042932,tno-rate
Gonggong,25,337.36026521288494,-10.257766271788332,tno-rate
Gonggong,26,337.3602600807113,-10.257768016533733,tno-rate
Gonggong,27,337.3602549485377,-10.257769761279134,tno-rate
Gonggong,28,337.3602498163641,-10.257771506024534,tno-rate
Gonggong,29,337.3602446841905,-10.257773250769935,tno-rate
Gonggong,30,337.3602395520169,-10.257774995515335,tno-rate
Haumea,-30,220.04582735697215,13.630079071222164,tno-rate
Haumea,-20,220.04595539076135,13.630008838535169,tno-rate
Haumea,-15,220.04601940765593,13.629973722191671,tno-rate
Haumea,-10,220.04608342455052,13.629938605848174,tno-rate
Haumea,-5,220.04614744144513,13.629903489504677,tno-rate
Haumea,-2,220.04618585158187,13.629882419698578,tno-rate
Haumea,-1,220.0461986549608,13.62987539642988,tno-rate
Haumea,0,220.0462114583397,13.62986837316118,tno-rate
Haumea,1,220.04622426171863,13.629861349892481,tno-rate
Haumea,2,220.04623706509756,13.629854326623782,tno-rate
Haumea,3,220.04624986847648,13.629847303355081,tno-rate
Haumea,4,220.04626267185537,13.629840280086382,tno-rate
Haumea,5,220.0462754752343,13.629833256817683,tno-rate
Haumea,6,220.04628827861322,13.629826233548984,tno-rate
Haumea,7,220.04630108199214,13.629819210280283,tno-rate
Haumea,8,220.04631388537106,13.629812187011584,tno-rate
Haumea,9,220.04632668874999,13.629805163742885,tno-rate
Haumea,10,220.0463394921289,13.629798140474186,tno-rate
Haumea,11,220.04635229550783,13.629791117205487,tno-rate
Haumea,12,220.04636509888672,13.629784093936786,tno-rate
Haumea,13,220.04637790226565,13.629777070668087,tno-rate
Haumea,14,220.04639070564457,13.629770047399388,tno-rate
Haumea,15,220.0464035090235,13.629763024130689,tno-rate
Haumea,16,220.0464163124024,13.629756000861988,tno-rate
Haumea,17,220.04642911578134,13.62974897759329,tno-rate
Haumea,18,220.04644191916026,13.62974195432459,tno-rate
Haumea,19,220.04645472253918,13.629734931055891,tno-rate
Haumea,20,220.04646752591808,13.629727907787192,tno-rate
Haumea,21,220.046480329297,13.629720884518491,tno-rate
Haumea,22,220.04649313267592,13.629713861249792,tno-rate
Haumea,23,220.04650593605484,13.629706837981093,tno-rate
Haumea,24,220.04651873943376,13.629699814712394,tno-rate
Haumea,25,220.0465315428127,13.629692791443693,tno-rate
Haumea,26,220.0465443461916,13.629685768174994,tno-rate
Haumea,27,220.0465571495705,13.629678744906295,tno-rate
Haumea,28,220.04656995294943,13.629671721637596,tno-rate
Haumea,29,220.04658275632835,13.629664698368897,tno-rate
Haumea,30,220.04659555970727,13.629657675100196,tno-rate
Makemake,-30,201.6040589131837,19.793355807499577,tno-rate
Makemake,-20,201.60419277375786,19.79329424344711,tno-rate
Makemake,-15,201.60425970404495,19.793263461420878,tno-rate
Makemake,-10,201.60432663433204,19.793232679394645,tno-rate
Makemake,-5,201.6043935646191,19.793201897368412,tno-rate
Makemake,-2,201.60443372279136,19.793183428152673,tno-rate
Makemake,-1,201.60444710884877,19.793177271747425,tno-rate
Makemake,0,201.6044604949062,19.79317111534218,tno-rate
Makemake,1,201.6044738809636,19.793164958936934,tno-rate
Makemake,2,201.60448726702103,19.793158802531686,tno-rate
Makemake,3,201.60450065307845,19.79315264612644,tno-rate
Makemake,4,201.60451403913586,19.79314648972119,tno-rate
Makemake,5,201.60452742519328,19.793140333315947,tno-rate
Makemake,6,201.6045408112507,19.7931341769107,tno-rate
Makemake,7,201.60455419730812,19.793128020505453,tno-rate
Makemake,8,201.60456758336554,19.793121864100208,tno-rate
Makemake,9,201.60458096942293,19.79311570769496,tno-rate
Makemake,10,201.60459435548034,19.793109551289714,tno-rate
Makemake,11,201.60460774153776,19.79310339488447,tno-rate
Makemake,12,201.60462112759518,19.79309723847922,tno-rate
Makemake,13,201.6046345136526,19.793091082073975,tno-rate
Makemake,14,201.60464789971002,19.793084925668726,tno-rate
Makemake,15,201.60466128576743,19.79307876926348,tno-rate
Makemake,16,201.60467467182485,19.793072612858236,tno-rate
Makemake,17,201.60468805788227,19.793066456452987,tno-rate
Makemake,18,201.6047014439397,19.793060300047742,tno-rate
Makemake,19,201.6047148299971,19.793054143642493,tno-rate
Makemake,20,201.60472821605453,19.793047987237248,tno-rate
Makemake,21,201.60474160211194,19.793041830832,tno-rate
Makemake,22,201.60475498816936,19.793035674426754,tno-rate
Makemake,23,201.60476837422678,19.79302951802151,tno-rate
Makemake,24,201.6047817602842,19.79302336161626,tno-rate
Makemake,25,201.60479514634162,19.793017205211015,tno-rate
Makemake,26,201.60480853239903,19.793011048805766,tno-rate
Makemake,27,201.60482191845642,19.79300489240052,tno-rate
Makemake,28,201.60483530451384,19.792998735995276,tno-rate
Makemake,29,201.60484869057126,19.792992579590027,tno-rate
Makemake,30,201.60486207662868,19.792986423184782,tno-rate
Orcus,-30,161.1764750015035,-13.533713505668365,tno-rate
Orcus,-20,161.176600403889,-13.53379039371276,tno-rate
Orcus,-15,161.1766631050818,-13.533828837734957,tno-rate
Orcus,-10,161.17672580627456,-13.533867281757155,tno-rate
Orcus,-5,161.17678850746734,-13.533905725779352,tno-rate
Orcus,-2,161.176826128183,-13.533928792192672,tno-rate
Orcus,-1,161.17683866842157,-13.533936480997111,tno-rate
Orcus,0,161.1768512086601,-13.53394416980155,tno-rate
Orcus,1,161.17686374889865,-13.53395185860599,tno-rate
Orcus,2,161.17687628913723,-13.53395954741043,tno-rate
Orcus,3,161.17688882937577,-13.533967236214869,tno-rate
Orcus,4,161.17690136961434,-13.533974925019308,tno-rate
Orcus,5,161.17691390985289,-13.53398261382375,tno-rate
Orcus,6,161.17692645009143,-13.533990302628188,tno-rate
Orcus,7,161.17693899033,-13.533997991432628,tno-rate
Orcus,8,161.17695153056854,-13.534005680237067,tno-rate
Orcus,9,161.1769640708071,-13.534013369041507,tno-rate
Orcus,10,161.17697661104566,-13.534021057845946,tno-rate
Orcus,11,161.1769891512842,-13.534028746650385,tno-rate
Orcus,12,161.17700169152278,-13.534036435454825,tno-rate
Orcus,13,161.17701423176132,-13.534044124259264,tno-rate
Orcus,14,161.17702677199986,-13.534051813063703,tno-rate
Orcus,15,161.17703931223843,-13.534059501868144,tno-rate
Orcus,16,161.17705185247698,-13.534067190672584,tno-rate
Orcus,17,161.17706439271552,-13.534074879477023,tno-rate
Orcus,18,161.1770769329541,-13.534082568281462,tno-rate
Orcus,19,161.17708947319264,-13.534090257085902,tno-rate
Orcus,20,161.1771020134312,-13.534097945890341,tno-rate
Orcus,21,161.17711455366975,-13.53410563469478,tno-rate
Orcus,22,161.1771270939083,-13.53411332349922,tno-rate
Orcus,23,161.17713963414687,-13.53412101230366,tno-rate
Orcus,24,161.1771521743854,-13.534128701108099,tno-rate
Orcus,25,161.17716471462398,-13.53413638991254,tno-rate
Orcus,26,161.17717725486253,-13.534144078716979,tno-rate
Orcus,27,161.17718979510107,-13.534151767521418,tno-rate
Orcus,28,161.17720233533964,-13.534159456325858,tno-rate
Orcus,29,161.1772148755782,-13.534167145130297,tno-rate
Orcus,30,161.17722741581673,-13.534174833934737,tno-rate
Quaoar,-30,280.5492375275835,-15.079170261847011,tno-rate
Quaoar,-20,280.5492699686289,-15.079191598051315,tno-rate
Quaoar,-15,280.54928618915153,-15.079202266153466,tno-rate
Quaoar,-10,280.5493024096742,-15.079212934255617,tno-rate
Quaoar,-5,280.5493186301969,-15.07922360235777,tno-rate
Quaoar,-2,280.54932836251055,-15.07923000321906,tno-rate
Quaoar,-1,280.54933160661506,-15.07923213683949,tno-rate
Quaoar,0,280.5493348507196,-15.07923427045992,tno-rate
Quaoar,1,280.5493380948242,-15.079236404080351,tno-rate
Quaoar,2,280.5493413389287,-15.079238537700782,tno-rate
Quaoar,3,280.54934458303325,-15.079240671321212,tno-rate
Quaoar,4,280.54934782713775,-15.079242804941641,tno-rate
Quaoar,5,280.5493510712423,-15.079244938562072,tno-rate
Quaoar,6,280.5493543153468,-15.079247072182502,tno-rate
Quaoar,7,280.5493575594514,-15.079249205802933,tno-rate
Quaoar,8,280.54936080355594,-15.079251339423363,tno-rate
Quaoar,9,280.54936404766045,-15.079253473043794,tno-rate
Quaoar,10,280.549367291765,-15.079255606664224,tno-rate
Quaoar,11,280.5493705358695,-15.079257740284655,tno-rate
Quaoar,12,280.5493737799741,-15.079259873905084,tno-rate
Quaoar,13,280.5493770240786,-15.079262007525514,tno-rate
Quaoar,14,280.54938026818314,-15.079264141145945,tno-rate
Quaoar,15,280.5493835122877,-15.079266274766375,tno-rate
Quaoar,16,280.5493867563922,-15.079268408386806,tno-rate
Quaoar,17,280.54939000049677,-15.079270542007237,tno-rate
Quaoar,18,280.5493932446013,-15.079272675627667,tno-rate
Quaoar,19,280.54939648870584,-15.079274809248096,tno-rate
Quaoar,20,280.54939973281034,-15.079276942868526,tno-rate
Quaoar,21,280.5494029769149,-15.079279076488957,tno-rate
Quaoar,22,280.54940622101947,-15.079281210109388,tno-rate
Quaoar,23,280.549409465124,-15.079283343729818,tno-rate
Quaoar,24,280.54941270922853,-15.079285477350249,tno-rate
Quaoar,25,280.54941595333304,-15.07928761097068,tno-rate
Quaoar,26,280.5494191974376,-15.079289744591108,tno-rate
Quaoar,27,280.5494224415421,-15.079291878211539,tno-rate
Quaoar,28,280.54942568564667,-15.07929401183197,tno-rate
Quaoar,29,280.54942892975123,-15.0792961454524,tno-rate
Quaoar,30,280.54943217385573,-15.07929827907283,tno-rate
Sedna,-30,62.330731229817836,8.864857518091998,tno-rate
Sedna,-20,62.33069337248672,8.864836463587203,tno-rate
Sedna,-15,62.33067444382116,8.864825936334805,tno-rate
Sedna,-10,62.3306555151556,8.864815409082407,tno-rate
Sedna,-5,62.330636586490044,8.86480488183001,tno-rate
Sedna,-2,62.3306252292907,8.864798565478571,tno-rate
Sedna,-1,62.3306214435576,8.86479646002809,tno-rate
Sedna,0,62.33061765782448,8.864794354577612,tno-rate
Sedna,1,62.33061387209137,8.864792249127133,tno-rate
Sedna,2,62.33061008635826,8.864790143676652,tno-rate
Sedna,3,62.33060630062515,8.864788038226173,tno-rate
Sedna,4,62.330602514892036,8.864785932775693,tno-rate
Sedna,5,62.33059872915892,8.864783827325214,tno-rate
Sedna,6,62.330594943425815,8.864781721874735,tno-rate
Sedna,7,62.3305911576927,8.864779616424254,tno-rate
Sedna,8,62.33058737195959,8.864777510973775,tno-rate
Sedna,9,62.330583586226474,8.864775405523295,tno-rate
Sedna,10,62.33057980049337,8.864773300072816,tno-rate
Sedna,11,62.330576014760254,8.864771194622337,tno-rate
Sedna,12,62.33057222902714,8.864769089171856,tno-rate
Sedna,13,62.33056844329403,8.864766983721378,tno-rate
Sedna,14,62.33056465756092,8.864764878270897,tno-rate
Sedna,15,62.33056087182781,8.864762772820418,tno-rate
Sedna,16,62.33055708609469,8.86476066736994,tno-rate
Sedna,17,62.33055330036158,8.864758561919459,tno-rate
Sedna,18,62.33054951462847,8.86475645646898,tno-rate
Sedna,19,62.33054572889536,8.864754351018501,tno-rate
Sedna,20,62.330541943162245,8.86475224556802,tno-rate
Sedna,21,62.33053815742913,8.864750140117541,tno-rate
Sedna,22,62.330534371696025,8.86474803466706,tno-rate
Sedna,23,62.33053058596291,8.864745929216582,tno-rate
Sedna,24,62.3305268002298,8.864743823766103,tno-rate
Sedna,25,62.330523014496684,8.864741718315623,tno-rate
Sedna,26,62.33051922876358,8.864739612865144,tno-rate
Sedna,27,62.330515443030464,8.864737507414663,tno-rate
Sedna,28,62.33051165729735,8.864735401964184,tno-rate
Sedna,29,62.33050787156424,8.864733296513705,tno-rate
Sedna,30,62.33050408583113,8.864731191063225,tno-rate
Transpluto,-30,156.49054702019856,9.809600545136842,engine
Transpluto,-20,156.49060570795018,9.80957786315858,engine
Transpluto,-15,156.4906350503301,9.809566522696255,engine
Transpluto,-10,156.49066439170775,9.80955518258716,engine
Transpluto,-5,156.4906937320912,9.8095438428283,engine
Transpluto,-2,156.49071133583973,9.809537039142736,engine
Transpluto,-1,156.49071720367613,9.809534771275654,engine
Transpluto,0,156.49072307147253,9.809532503422663,engine
Transpluto,1,156.49072893922911,9.809530235583761,engine
Transpluto,2,156.49073480694568,9.809527967758902,engine
Transpluto,3,156.4907406746225,9.809525699948127,engine
Transpluto,4,156.49074654225925,9.809523432151412,engine
Transpluto,5,156.49075240985607,9.809521164368796,engine
Transpluto,6,156.49075827741703,9.809518896598696,engine
Transpluto,7,156.4907641449341,9.809516628844179,engine
Transpluto,8,156.49077001241122,9.809514361103743,engine
Transpluto,9,156.49077587984846,9.809512093377379,engine
Transpluto,10,156.4907817472459,9.809509825665085,engine
Transpluto,11,156.49078761460333,9.809507557966839,engine
Transpluto,12,156.49079348192092,9.809505290282692,engine
Transpluto,13,156.49079934919857,9.809503022612596,engine
Transpluto,14,156.49080521643629,9.809500754956552,engine
Transpluto,15,156.49081108363413,9.809498487314588,engine
Transpluto,16,156.49081695079212,9.809496219686704,engine
Transpluto,17,156.49082281791414,9.809493952071367,engine
Transpluto,18,156.4908286849923,9.809491684471627,engine
Transpluto,19,156.49083455203055,9.809489416885931,engine
Transpluto,20,156.49084041902896,9.809487149314327,engine
Transpluto,21,156.49084628598743,9.809484881756813,engine
Transpluto,22,156.4908521529061,9.809482614213334,engine
Transpluto,23,156.49085801978484,9.8094803466839,engine
Transpluto,24,156.49086388662363,9.809478079168588,engine
Transpluto,25,156.4908697534226,9.809475811667296,engine
Transpluto,26,156.4908756201817,9.809473544180094,engine
Transpluto,27,156.49088148690086,9.809471276706965,engine
Transpluto,28,156.49088735358015,9.809469009247914,engine
Transpluto,29,156.49089322022354,9.80946674180141,engine
Transpluto,30,156.49089908682308,9.809464474370476,engine
Part_of_Fortune,-30,225.94322058400894,9.526220639018963,engine
Part_of_Fortune,-20,228.59883634284432,10.063932232295816,engine
Part_of_Fortune,-15,229.92812188837524,10.347769233204552,engine
Part_of_Fortune,-10,231.25837287815312,10.641525869347571,engine
Part_of_Fortune,-5,232.58957446124316,10.945143077893803,engine
Part_of_Fortune,-2,233.3887449894386,11.1320191904118,engine
Part_of_Fortune,-1,233.6552093455382,11.195092140205425,engine
Part_of_Fortune,0,233.92171057450935,11.258554554085023,engine
Part_of_Fortune,1,234.18824854578133,11.322405818535312,engine
Part_of_Fortune,2,234.45482312801272,11.386645307557007,engine
Part_of_Fortune,3,234.72143418818308,11.451272382298939,engine
Part_of_Fortune,4,234.98808159250018,11.516286391188697,engine
Part_of_Fortune,5,235.2547651854253,11.581686663567332,engine
Part_of_Fortune,6,235.52148505446087,11.647472579333911,engine
Part_of_Fortune,7,235.78824068586204,11.713643353830548,engine
Part_of_Fortune,8,236.05503212127948,11.780198327330172,engine
Part_of_Fortune,9,236.32185922372574,11.847136783082572,engine
Part_of_Fortune,10,236.58872185454132,11.91445799068035,engine
Part_of_Fortune,11,236.85561987721644,11.982161206981932,engine
Part_of_Fortune,12,237.12255315164555,12.05024567444914,engine
Part_of_Fortune,13,237.38952153800022,12.118710622084535,engine
Part_of_Fortune,14,237.65652489523458,12.187555264903665,engine
Part_of_Fortune,15,237.92356308257408,12.256778804243748,engine
Part_of_Fortune,16,238.1906359585425,12.326380427394625,engine
Part_of_Fortune,17,238.4577435358122,12.396359347669954,engine
Part_of_Fortune,18,238.72488535945956,12.466714643121605,engine
Part_of_Fortune,19,238.99206144125304,12.537445498300983,engine
Part_of_Fortune,20,239.2592716355392,12.608551042782217,engine
Part_of_Fortune,21,239.5265157988717,12.680030392394677,engine
Part_of_Fortune,22,239.79379378422786,12.751882647448944,engine
Part_of_Fortune,23,240.0611054448991,12.824106893749349,engine
Part_of_Fortune,24,240.32845063303552,12.89670220205608,engine
Part_of_Fortune,25,240.59582917791562,12.969667622078532,engine
Part_of_Fortune,26,240.86324097761394,13.043002207480962,engine
Part_of_Fortune,27,241.13068585871434,13.116704977260083,engine
Part_of_Fortune,28,241.3981636721809,13.190774942041436,engine
Part_of_Fortune,29,241.66567444632568,13.265211146695007,engine
Part_of_Fortune,30,241.93321767014103,13.340012470577332,engine
Part_of_Spirit,-30,22.998625754758564,-48.857028386307746,engine
Part_of_Spirit,-20,25.431287840148286,-48.24828270128086,engine
Part_of_Spirit,-15,26.64778073090622,-47.929064039081595,engine
Part_of_Spirit,-10,27.864371263636656,-47.600025119399035,engine
Part_of_Spirit,-5,29.081052050680114,-47.26123172756439,engine
Part_of_Spirit,-2,29.811100405824277,-47.05330360662023,engine
Part_of_Spirit,-1,30.05445614040059,-46.983222586939725,engine
Part_of_Spirit,0,30.297814909066233,-46.91275682362969,engine
Part_of_Spirit,1,30.541176647954444,-46.84190698236915,engine
Part_of_Spirit,2,30.784541293011273,-46.7706737411837,engine
Part_of_Spirit,3,31.02790877901674,-46.699057790814436,engine
Part_of_Spirit,4,31.27127904057727,-46.62705983458031,engine
Part_of_Spirit,5,31.51465203594944,-46.55468058147062,engine
Part_of_Spirit,6,31.75802781675236,-46.48192072489678,engine
Part_of_Spirit,7,32.00140601536833,-46.4087810968625,engine
Part_of_Spirit,8,32.24478672834539,-46.33526240358175,engine
Part_of_Spirit,9,32.48816988980673,-46.26136541280384,engine
Part_of_Spirit,10,32.73155543274629,-46.18709090579364,engine
Part_of_Spirit,11,32.9749432927963,-46.11243967636946,engine
Part_of_Spirit,12,33.21833340260639,-46.03741253261822,engine
Part_of_Spirit,13,33.46172569555932,-45.962010295949945,engine
Part_of_Spirit,14,33.70512010442849,-45.88623380158336,engine
Part_of_Spirit,15,33.94851656274136,-45.810083898265475,engine
Part_of_Spirit,16,34.19191500386199,-45.73356144864879,engine
Part_of_Spirit,17,34.43531554565101,-45.65666727165649,engine
Part_of_Spirit,18,34.6787177494889,-45.57940237396774,engine
Part_of_Spirit,19,34.92212173336935,-45.501767602955375,engine
Part_of_Spirit,20,35.16552742859926,-45.423763878342555,engine
Part_of_Spirit,21,35.40893476913959,-45.34539213345749,engine
Part_of_Spirit,22,35.652343686014206,-45.26665331698872,engine
Part_of_Spirit,23,35.895754111013616,-45.18754839198898,engine
Part_of_Spirit,24,36.139165975312665,-45.10807833637497,engine
Part_of_Spirit,25,36.38257923405371,-45.02824413627392,engine
Part_of_Spirit,26,36.625993772789,-44.948046811785765,engine
Part_of_Spirit,27,36.86940954492849,-44.86748737941782,engine
Part_of_Spirit,28,37.11282648251654,-44.786566876575954,engine
Part_of_Spirit,29,37.35624467926067,-44.70528630170992,engine
Part_of_Spirit,30,37.59966373860743,-44.623646832351284,engine
Ascendant,-30,304.47092316938375,-19.66540387364439,engine
Ascendant,-20,307.0150620914963,-19.092175234492522,engine
Ascendant,-15,308.28795130964073,-18.79064740293852,engine
Ascendant,-10,309.5613720708949,-18.47924962502573,engine
Ascendant,-5,310.83531325596164,-18.158044324835295,engine
Ascendant,-2,311.5999226976314,-17.960642208104215,engine
Ascendant,-1,311.8548327429694,-17.89406522336715,engine
Ascendant,0,312.1097627417878,-17.827101134772334,engine
Ascendant,1,312.3647125968679,-17.759750581916922,engine
Ascendant,2,312.619682210512,-17.692014216813345,engine
Ascendant,3,312.8746714835999,-17.62389270425775,engine
Ascendant,4,313.1296803165387,-17.555386721695807,engine
Ascendant,5,313.38470861068737,-17.486496958951644,engine
Ascendant,6,313.6397564356066,-17.417224072781433,engine
Ascendant,7,313.8948233506152,-17.347568871515975,engine
Ascendant,8,314.14990942481245,-17.277532038125788,engine
Ascendant,9,314.4050145567662,-17.207114314860632,engine
Ascendant,10,314.6601386436438,-17.136316457556642,engine
Ascendant,11,314.91528158500637,-17.065139234693767,engine
Ascendant,12,315.17044327712597,-16.993583429084538,engine
Ascendant,13,315.4256236167798,-16.921649836932705,engine
Ascendant,14,315.68082249983155,-16.849339268339847,engine
Ascendant,15,315.93603982265773,-16.776652547010865,engine
Ascendant,16,316.19127548120224,-16.703590510627084,engine
Ascendant,17,316.4465295407316,-16.630153961993265,engine
Ascendant,18,316.70180155447423,-16.556343865423067,engine
Ascendant,19,316.9570915873112,-16.482161052327196,engine
Ascendant,20,317.21239953206924,-16.40760641778017,engine
Ascendant,21,317.46772528400567,-16.332680870531405,engine
Ascendant,22,317.72306873512105,-16.25738533476989,engine
Ascendant,23,317.97842977795636,-16.181720749119815,engine
Ascendant,24,318.2338083041741,-16.105688067159445,engine
Ascendant,25,318.48920420598466,-16.029288257097694,engine
Ascendant,26,318.74461737520147,-15.952522302152401,engine
Ascendant,27,319.0000477018214,-15.875391201078868,engine
Ascendant,28,319.2554950773487,-15.797895967267259,engine
Ascendant,29,319.5109595627932,-15.720037577507457,engine
Ascendant,30,319.76644070437425,-15.641817180886978,engine
Midheaven,-30,215.57811371992406,-14.15479269524076,engine
Midheaven,-20,218.08223890380648,-14.968640666884761,engine
Midheaven,-15,219.33427721219417,-15.363166321595878,engine
Midheaven,-10,220.58630262359608,-15.749238003720157,engine
Midheaven,-5,221.83831814382359,-16.126725146181894,engine
Midheaven,-2,222.58952364389074,-16.34904551056568,engine
Midheaven,-1,222.83992498854954,-16.422451335198797,engine
Midheaven,0,223.09032612429144,-16.49550516122287,engine
Midheaven,1,223.3407270732374,-16.56820609733085,engine
Midheaven,2,223.59112785752268,-16.64055326446592,engine
Midheaven,3,223.84152849836462,-16.712545795465953,engine
Midheaven,4,224.09192901699166,-16.784182835246128,engine
Midheaven,5,224.34232943603686,-16.855463541104708,engine
Midheaven,6,224.59272994372844,-16.926387129011168,engine
Midheaven,7,224.84313022781663,-16.99695268510017,engine
Midheaven,8,225.09353047700546,-17.067159449225414,engine
Midheaven,9,225.3439307130179,-17.13700662544261,engine
Midheaven,10,225.5943309566482,-17.20649342907476,engine
Midheaven,11,225.84473123148052,-17.275619087649783,engine
Midheaven,12,226.09513155830598,-17.34438283925762,engine
Midheaven,13,226.34553195884206,-17.41278393348983,engine
Midheaven,14,226.59593245433533,-17.48082163095987,engine
Midheaven,15,226.8463330669556,-17.548495203587407,engine
Midheaven,16,227.09673381886384,-17.615803934246408,engine
Midheaven,17,227.34713489872823,-17.68274716106535,engine
Midheaven,18,227.59753599332504,-17.749324098886618,engine
Midheaven,19,227.84793729176164,-17.815534107642623,engine
Midheaven,20,228.0983388147514,-17.881376512704716,engine
Midheaven,21,228.3487405857813,-17.946850650651882,engine
Midheaven,22,228.5991426255285,-18.011955867705463,engine
Midheaven,23,228.8495449555806,-18.076691520611863,engine
Midheaven,24,229.09994759703727,-18.14105697617982,engine
Midheaven,25,229.35035057190524,-18.20505161154187,engine
Midheaven,26,229.60075390216556,-18.268674813813515,engine
Midheaven,27,229.85115760837726,-18.331925979643856,engine
Midheaven,28,230.1015617129308,-18.39480451594247,engine
Midheaven,29,230.35196640470764,-18.4573098807466,engine
Midheaven,30,230.60237136834374,-18.519441415954475,engine
Vertex,-30,174.35918666119608,2.4401020397848656,engine
Vertex,-20,174.55153912861167,2.3572566131233508,engine
Vertex,-15,174.65059437605174,2.3145796396154377,engine
Vertex,-10,174.75150651847594,2.271092893386942,engine
Vertex,-5,174.85422871218702,2.2268162133261127,engine
Vertex,-2,174.9167113298953,2.1998793164460277,engine
Vertex,-1,174.93767816919322,2.1908394912498466,engine
Vertex,0,174.9587140329437,2.181769502040196,engine
Vertex,1,174.97981854584827,2.1726695083317042,engine
Vertex,2,175.00099133259823,2.1635396696922276,engine
Vertex,3,175.02223201779904,2.1543801457758196,engine
Vertex,4,175.0435402260506,2.1451910962880576,engine
Vertex,5,175.06491558206932,2.1359726809338815,engine
Vertex,6,175.08635772477479,2.126725053342072,engine
Vertex,7,175.10786625020947,2.1174483856835944,engine
Vertex,8,175.12944079729644,2.108142831685836,engine
Vertex,9,175.15108099069008,2.0988085512801247,engine
Vertex,10,175.17278645497453,2.0894457044784405,engine
Vertex,11,175.19455681498857,2.080054451233262,engine
Vertex,12,175.21639169534473,2.070634951645514,engine
Vertex,13,175.2382907207534,2.061187365824516,engine
Vertex,14,175.26025351590403,2.051711853939678,engine
Vertex,15,175.28227970558945,2.0422085761667605,engine
Vertex,16,175.3043689146274,2.0326776927221233,engine
Vertex,17,175.32652078261387,2.0231193574963307,engine
Vertex,18,175.34873490475306,2.0135337435863128,engine
Vertex,19,175.37101092069918,2.0039210049608727,engine
Vertex,20,175.3933484552631,1.9942813020450345,engine
Vertex,21,175.41574713353916,1.9846147951931226,engine
Vertex,22,175.43820658040949,1.974921644902946,engine
Vertex,23,175.46072642087682,1.965202011671985,engine
Vertex,24,175.4833062799421,1.9554560560505594,engine
Vertex,25,175.50594578273194,1.9456839385866753,engine
Vertex,26,175.52864455441673,1.9358858198615778,engine
Vertex,27,175.55140222008566,1.9260618605435778,engine
Vertex,28,175.5742184050437,1.9162122212601047,engine
Vertex,29,175.59709274987614,1.9063370560939144,engine
Vertex,30,175.62002484913833,1.896436539051818,engine
Algol,-30,47.047866841486524,40.95537780229956,engine
Algol,-20,47.04786647756043,40.95537560720375,engine
Algol,-15,47.04786637881041,40.95537450294451,engine
Algol,-10,47.04786633578179,40.95537339501604,engine
Algol,-5,47.04786634862577,40.955372284023916,engine
Algol,-2,47.04786638320388,40.955371616210826,engine
Algol,-1,47.047866399213746,40.95537139343267,engine
Algol,0,47.047866417466764,40.95537117057574,engine
Algol,1,47.04786643796368,40.95537094764489,engine
Algol,2,47.047866460705116,40.955370724645014,engine
Algol,3,47.047866485691685,40.95537050158097,engine
Algol,4,47.047866512923974,40.955370278457636,engine
Algol,5,47.04786654240245,40.95537005527989,engine
Algol,6,47.04786657412769,40.95536983205247,engine
Algol,7,47.04786660810004,40.95536960878052,engine
Algol,8,47.04786664431992,40.95536938546883,engine
Algol,9,47.04786668278769,40.95536916212223,engine
Algol,10,47.04786672350365,40.9553689387456,engine
Algol,11,47.047866766468076,40.955368715343845,engine
Algol,12,47.0478668116812,40.95536849192185,engine
Algol,13,47.04786685914317,40.955368268484484,engine
Algol,14,47.04786690885415,40.95536804503663,engine
Algol,15,47.047866960814225,40.95536782158317,engine
Algol,16,47.047867015023414,40.95536759812899,engine
Algol,17,47.04786707148182,40.955367374678815,engine
Algol,18,47.047867130189296,40.955367151237844,engine
Algol,19,47.047867191145784,40.95536692781079,engine
Algol,20,47.047867254351196,40.95536670440255,engine
Algol,21,47.047867319805356,40.955366481018,engine
Algol,22,47.04786738750804,40.955366257662035,engine
Algol,23,47.04786745745902,40.95536603433953,engine
Algol,24,47.047867529658,40.955365811055344,engine
Algol,25,47.04786760410462,40.955365587814384,engine
Algol,26,47.04786768079851,40.9553653646215,engine
Algol,27,47.04786775973925,40.9553651414816,engine
Algol,28,47.04786784092637,40.95536491839957,engine
Algol,29,47.0478679243594,40.95536469538008,engine
Algol,30,47.04786801003773,40.95536447242834,engine
Pleiades,-30,56.87533565587974,24.105350376735842,engine
Pleiades,-20,56.8753347460323,24.105349022554485,engine
Pleiades,-15,56.87533435701256,24.105348337002727,engine
Pleiades,-10,56.875334012358465,24.105347646292632,engine
Pleiades,-5,56.87533371236565,24.105346950788856,engine
Pleiades,-2,56.875333553922424,24.105346531338338,engine
Pleiades,-1,56.87533350471263,24.105346391181133,engine
Pleiades,0,56.8753334573085,24.105346250858673,engine
Pleiades,1,56.87533341171197,24.10534611037393,engine
Pleiades,2,56.87533336792498,24.105345969729832,engine
Pleiades,3,56.875333325949384,24.10534582892939,engine
Pleiades,4,56.87533328578706,24.105345687975536,engine
Pleiades,5,56.875333247439805,24.105345546871266,engine
Pleiades,6,56.87533321090939,24.105345405619452,engine
Pleiades,7,56.875333176197586,24.105345264223267,engine
Pleiades,8,56.87533314330611,24.105345122685588,engine
Pleiades,9,56.8753331122366,24.105344981009402,engine
Pleiades,10,56.87533308299074,24.1053448391977,engine
Pleiades,11,56.875333055570096,24.10534469725346,engine
Pleiades,12,56.87533302997626,24.10534455517969,engine
Pleiades,13,56.87533300621077,24.10534441297937,engine
Pleiades,14,56.8753329842751,24.10534427065551,engine
Pleiades,15,56.87533296417075,24.105344128211097,engine
Pleiades,16,56.875332945899146,24.105343985649142,engine
Pleiades,17,56.875332929461656,24.105343842972527,engine
Pleiades,18,56.87533291485967,24.105343700184495,engine
Pleiades,19,56.875332902094506,24.105343557287913,engine
Pleiades,20,56.87533289116745,24.10534341428581,engine
Pleiades,21,56.87533288207976,24.105343271181187,engine
Pleiades,22,56.875332874832644,24.105343127977083,engine
Pleiades,23,56.87533286942731,24.1053429846765,engine
Pleiades,24,56.87533286586489,24.105342841282447,engine
Pleiades,25,56.87533286414649,24.105342697797948,engine
Pleiades,26,56.875332864273226,24.105342554226027,engine
Pleiades,27,56.87533286624611,24.105342410569705,engine
Pleiades,28,56.87533287006615,24.105342266832004,engine
Pleiades,29,56.87533287573433,24.105342123015856,engine
Pleiades,30,56.87533288325156,24.105341979124486,engine
Capella,-30,79.17606865330896,45.99294588015974,engine
Capella,-20,79.17606580491281,45.9929439440886,engine
Capella,-15,79.17606444940213,45.99294294577732,engine
Capella,-10,79.17606314084745,45.992941927959194,engine
Capella,-5,79.17606188009351,45.99294089115328,engine
Capella,-2,79.1760611469287,45.99294026017517,engine
Capella,-1,79.17606090646048,45.99294004839231,engine
Capella,0,79.1760606679629,45.992939835888215,engine
Capella,1,79.17606043144227,45.99293962266721,engine
Capella,2,79.17606019690488,45.99293940873365,engine
Capella,3,79.17605996435698,45.99293919409185,engine
Capella,4,79.17605973380476,45.99293897874623,engine
Capella,5,79.17605950525439,45.99293876270113,engine
Capella,6,79.17605927871185,45.992938545960804,engine
Capella,7,79.1760590541835,45.99293832852996,engine
Capella,8,79.17605883167528,45.99293811041286,engine
Capella,9,79.17605861119317,45.99293789161395,engine
Capella,10,79.17605839274317,45.99293767213768,engine
Capella,11,79.17605817633118,45.99293745198848,engine
Capella,12,79.17605796196312,45.99293723117086,engine
Capella,13,79.17605774964483,45.99293700968929,engine
Capella,14,79.17605753938213,45.992936787548274,engine
Capella,15,79.1760573311808,45.99293656475229,engine
Capella,16,79.17605712504657,45.9929363413059,engine
Capella,17,79.176056920985,45.99293611721349,engine
Capella,18,79.17605671900203,45.99293589247987,engine
Capella,19,79.17605651910314,45.99293566710947,engine
Capella,20,79.1760563212939,45.99293544110689,engine
Capella,21,79.17605612557985,45.99293521447667,engine
Capella,22,79.17605593196649,45.992934987223435,engine
Capella,23,79.17605574045928,45.992934759351776,engine
Capella,24,79.17605555106361,45.992934530866336,engine
Capella,25,79.17605536378491,45.99293430177172,engine
Capella,26,79.17605517862847,45.99293407207258,engine
Capella,27,79.17605499559961,45.992933841773585,engine
Capella,28,79.17605481470356,45.9929336108794,engine
Capella,29,79.17605463594543,45.992933379394515,engine
Capella,30,79.17605445933064,45.992933147323974,engine
Sirius,-30,101.28312072583905,-16.721606072368772,engine
Sirius,-20,101.28311777321267,-16.72160565255551,engine
Sirius,-15,101.28311632649095,-16.72160542615134,engine
Sirius,-10,101.28311490064834,-16.72160518890908,engine
Sirius,-5,101.28311349653542,-16.721604940955324,engine
Sirius,-2,101.28311266484828,-16.721604787096204,engine
Sirius,-1,101.28311238945602,-16.721604734968487,engine
Sirius,0,101.28311211499322,-16.721604682421937,engine
Sirius,1,101.28311184146645,-16.72160462945766,engine
Sirius,2,101.28311156888232,-16.721604576076768,engine
Sirius,3,101.28311129724739,-16.72160452228039,engine
Sirius,4,101.2831110265682,-16.721604468069675,engine
Sirius,5,101.28311075685131,-16.721604413445753,engine
Sirius,6,101.28311048810303,-16.72160435840975,engine
Sirius,7,101.2831102203302,-16.721604302962877,engine
Sirius,8,101.28310995353915,-16.72160424710628,engine
Sirius,9,101.28310968773633,-16.72160419084114,engine
Sirius,10,101.28310942292813,-16.721604134168622,engine
Sirius,11,101.28310915912104,-16.72160407708992,engine
Sirius,12,101.28310889632141,-16.721604019606243,engine
Sirius,13,101.28310863453564,-16.721603961718788,engine
Sirius,14,101.28310837377008,-16.721603903428772,engine
Sirius,15,101.2831081140311,-16.72160384473741,engine
Sirius,16,101.28310785532496,-16.72160378564594,engine
Sirius,17,101.28310759765786,-16.72160372615555,engine
Sirius,18,101.28310734103638,-16.72160366626757,engine
Sirius,19,101.28310708546663,-16.7216036059832,engine
Sirius,20,101.28310683095484,-16.721603545303722,engine
Sirius,21,101.28310657750724,-16.72160348423039,engine
Sirius,22,101.28310632513003,-16.721603422764474,engine
Sirius,23,101.28310607382937,-16.721603360907263,engine
Sirius,24,101.28310582361146,-16.721603298660032,engine
Sirius,25,101.28310557448242,-16.7216032360241,engine
Sirius,26,101.28310532644836,-16.721603173000755,engine
Sirius,27,101.28310507951538,-16.72160310959134,engine
Sirius,28,101.28310483368956,-16.721603045797124,engine
Sirius,29,101.2831045889768,-16.721602981619426,engine
Sirius,30,101.28310434538345,-16.721602917059656,engine
Procyon,-30,114.81911392922777,5.21902423353341,engine
Procyon,-20,114.81911077091165,5.21902407902709,engine
Procyon,-15,114.81910920601473,5.219023996216277,engine
Procyon,-10,114.81910765183464,5.219023909729386,engine
Procyon,-5,114.81910610927157,5.2190238195903484,engine
Procyon,-2,114.81910518968272,5.219023763764527,engine
Procyon,-1,114.81910488418735,5.2190237448667975,engine
Procyon,0,114.81910457922096,5.21902372582488,engine
Procyon,1,114.81910427479066,5.219023706639,engine
Procyon,2,114.81910397090353,5.219023687309381,engine
Procyon,3,114.8191036675666,5.219023667836252,engine
Procyon,4,114.81910336478697,5.219023648219852,engine
Procyon,5,114.81910306257168,5.219023628460411,engine
Procyon,6,114.81910276092755,5.219023608558157,engine
Procyon,7,114.81910245986205,5.219023588513358,engine
Procyon,8,114.81910215938197,5.219023568326245,engine
Procyon,9,114.81910185949431,5.2190235479970655,engine
Procyon,10,114.81910156020608,5.219023527526069,engine
Procyon,11,114.81910126152425,5.219023506913502,engine
Procyon,12,114.81910096345582,5.219023486159628,engine
Procyon,13,114.81910066600776,5.219023465264701,engine
Procyon,14,114.81910036918694,5.219023444228981,engine
Procyon,15,114.81910007300041,5.219023423052733,engine
Procyon,16,114.81909977745497,5.219023401736219,engine
Procyon,17,114.81909948255745,5.2190233802797,engine
Procyon,18,114.81909918831508,5.219023358683468,engine
Procyon,19,114.81909889473457,5.219023336947783,engine
Procyon,20,114.81909860182277,5.219023315072931,engine
Procyon,21,114.81909830958656,5.219023293059178,engine
Procyon,22,114.8190980180328,5.219023270906814,engine
Procyon,23,114.81909772716833,5.21902324861612,engine
Procyon,24,114.81909743699994,5.219023226187385,engine
Procyon,25,114.81909714753448,5.219023203620899,engine
Procyon,26,114.81909685877869,5.2190231809169525,engine
Procyon,27,114.81909657073942,5.219023158075845,engine
Procyon,28,114.81909628342338,5.219023135097863,engine
Procyon,29,114.81909599683715,5.219023111983304,engine
Procyon,30,114.81909571098791,5.219023088732497,engine
Alkaid,-30,206.87612034620258,49.31559086645221,engine
Alkaid,-20,206.87611900390397,49.31559323831998,engine
Alkaid,-15,206.8761182367919,49.31559441523992,engine
Alkaid,-10,206.87611740608511,49.31559558523153,engine
Alkaid,-5,206.87611651210665,49.31559674761,engine
Alkaid,-2,206.87611594549514,49.31559744109896,engine
Alkaid,-1,206.87611575160508,49.31559767157304,engine
Alkaid,0,206.8761155552104,49.31559790169359,engine
Alkaid,1,206.87611535631422,49.315598131455246,engine
Alkaid,2,206.87611515491983,49.31559836085261,engine
Alkaid,3,206.87611495103042,49.31559858988028,engine
Alkaid,4,206.8761147446493,49.31559881853286,engine
Alkaid,5,206.87611453577992,49.31559904680498,engine
Alkaid,6,206.87611432442546,49.31559927469142,engine
Alkaid,7,206.87611411058967,49.31559950218652,engine
Alkaid,8,206.87611389427593,49.31559972928508,engine
Alkaid,9,206.87611367548777,49.3155999559817,engine
Alkaid,10,206.87611345422877,49.315600182271126,engine
Alkaid,11,206.87611323050263,49.315600408147965,engine
Alkaid,12,206.87611300431297,49.3156006336069,engine
Alkaid,13,206.87611277566356,49.3156008586426,engine
Alkaid,14,206.8761125445582,49.31560108324978,engine
Alkaid,15,206.87611231100067,49.31560130742316,engine
Alkaid,16,206.8761120749949,49.31560153115737,engine
Alkaid,17,206.8761118365446,49.31560175444735,engine
Alkaid,18,206.87611159565412,49.31560197728751,engine
Alkaid,19,206.87611135232729,49.31560219967268,engine
Alkaid,20,206.87611110656817,49.315602421597674,engine
Alkaid,21,206.87611085838088,49.3156026430572,engine
Alkaid,22,206.8761106077696,49.31560286404602,engine
Alkaid,23,206.87611035473847,49.31560308455891,engine
Alkaid,24,206.87611009929185,49.31560330459067,engine
Alkaid,25,206.87610984143393,49.315603524136016,engine
Alkaid,26,206.8761095811691,49.315603743189826,engine
Alkaid,27,206.8761093185017,49.31560396174684,engine
Alkaid,28,206.87610905343624,49.31560417980191,engine
Alkaid,29,206.87610878597698,49.31560439735001,engine
Alkaid,30,206.87610851612882,49.31560461438564,engine
Algorab,-30,187.45907134345683,-16.51421787891212,engine
Algorab,-20,187.45906937517105,-16.514218703560026,engine
Algorab,-15,187.4590683336365,-16.51421910667678,engine
Algorab,-10,187.45906725450584,-16.514219503350876,engine
Algorab,-5,187.4590661382999,-16.514219893357968,engine
Algorab,-2,187.4590654510038,-16.514220124069784,engine
Algorab,-1,187.4590652190027,-16.514220200414467,engine
Algorab,0,187.45906498555786,-16.514220276476607,engine
Algorab,1,187.45906475067375,-16.514220352254487,engine
Algorab,2,187.45906451435494,-16.514220427746373,engine
Algorab,3,187.45906427660594,-16.514220502950547,engine
Algorab,4,187.45906403743143,-16.514220577865284,engine
Algorab,5,187.45906379683595,-16.51422065248887,engine
Algorab,6,187.459063554824,-16.514220726819662,engine
Algorab,7,187.45906331140057,-16.51422080085585,engine
Algorab,8,187.45906306657022,-16.51422087459579,engine
Algorab,9,187.45906282033766,-16.514220948037803,engine
Algorab,10,187.45906257270767,-16.514221021180198,engine
Algorab,11,187.45906232368498,-16.51422109402129,engine
Algorab,12,187.4590620732744,-16.514221166559427,engine
Algorab,13,187.4590618214808,-16.514221238792928,engine
Algorab,14,187.45906156830898,-16.51422131072013,engine
Algorab,15,187.45906131376387,-16.514221382339404,engine
Algorab,16,187.4590610578504,-16.514221453649064,engine
Algorab,17,187.4590608005733,-16.514221524647542,engine
Algorab,18,187.45906054193784,-16.514221595333105,engine
Algorab,19,187.45906028194895,-16.51422166570416,engine
Algorab,20,187.4590600206115,-16.514221735759083,engine
Algorab,21,187.45905975793067,-16.514221805496266,engine
Algorab,22,187.45905949391144,-16.514221874914092,engine
Algorab,23,187.4590592285589,-16.514221944010952,engine
Algorab,24,187.45905896187824,-16.51422201278525,engine
Algorab,25,187.45905869387454,-16.51422208123539,engine
Algorab,26,187.45905842455298,-16.51422214935978,engine
Algorab,27,187.4590581539188,-16.514222217156853,engine
Algorab,28,187.45905788197712,-16.514222284625014,engine
Algorab,29,187.45905760873308,-16.514222351762758,engine
Algorab,30,187.4590573341923,-16.514222418568423,engine
Spica,-30,201.29274505532345,-11.159529085828561,engine
Spica,-20,201.29274385678568,-11.159529740340075,engine
Spica,-15,201.2927431952425,-11.15953006402704,engine
Spica,-10,201.29274249255508,-11.159530385103096,engine
Spica,-5,201.2927417490268,-11.159530703396142,engine
Spica,-2,201.29274128343988,-11.159530892964943,engine
Spica,-1,201.29274112501534,-11.159530955911888,engine
Spica,0,201.2927409649809,-11.159531018735242,engine
Spica,1,201.29274080333943,-11.15953108143366,engine
Spica,2,201.29274064009368,-11.159531144005781,engine
Spica,3,201.2927404752466,-11.159531206450279,engine
Spica,4,201.292740308801,-11.159531268765797,engine
Spica,5,201.2927401407599,-11.159531330950998,engine
Spica,6,201.29273997112605,-11.159531393004578,engine
Spica,7,201.2927397999027,-11.159531454925133,engine
Spica,8,201.29273962709274,-11.15953151671136,engine
Spica,9,201.29273945269927,-11.159531578361927,engine
Spica,10,201.2927392767253,-11.15953163987551,engine
Spica,11,201.292739099174,-11.159531701250778,engine
Spica,12,201.29273892004846,-11.159531762486418,engine
Spica,13,201.29273873935185,-11.159531823581103,engine
Spica,14,201.29273855708738,-11.15953188453352,engine
Spica,15,201.29273837325826,-11.159531945342339,engine
Spica,16,201.29273818786777,-11.159532006006264,engine
Spica,17,201.2927380009191,-11.159532066524024,engine
Spica,18,201.29273781241574,-11.159532126894227,engine
Spica,19,201.29273762236096,-11.159532187115609,engine
Spica,20,201.29273743075814,-11.159532247186874,engine
Spica,21,201.29273723761068,-11.15953230710672,engine
Spica,22,201.292737042922,-11.15953236687385,engine
Spica,23,201.2927368466956,-11.159532426486976,engine
Spica,24,201.29273664893495,-11.159532485944805,engine
Spica,25,201.29273644964357,-11.159532545246055,engine
Spica,26,201.29273624882504,-11.159532604389447,engine
Spica,27,201.29273604648293,-11.159532663373685,engine
Spica,28,201.2927358426208,-11.159532722197508,engine
Spica,29,201.29273563724226,-11.159532780859672,engine
Spica,30,201.29273543035117,-11.159532839358828,engine
Arcturus,-30,213.901617155282,19.170261837778344,engine
Arcturus,-20,213.9016166435123,19.1702628437478,engine
Arcturus,-15,213.90161632034457,19.17026334543014,engine
Arcturus,-10,213.90161595242495,19.17026384584095,engine
Arcturus,-5,213.90161553985754,19.17026434467868,engine
Arcturus,-2,213.9016152709376,19.17026464310097,engine
Arcturus,-1,213.90161517774106,19.170264742413924,engine
Arcturus,0,213.90161508276816,19.17026484164231,engine
Arcturus,1,213.90161498602018,19.17026494078373,engine
Arcturus,2,213.90161488749843,19.170265039835794,engine
Arcturus,3,213.9016147872042,19.17026513879609,engine
Arcturus,4,213.90161468513884,19.17026523766224,engine
Arcturus,5,213.9016145813037,19.17026533643186,engine
Arcturus,6,213.90161447570014,19.17026543510261,engine
Arcturus,7,213.90161436832977,19.17026553367199,engine
Arcturus,8,213.901614259194,19.170265632137667,engine
Arcturus,9,213.9016141482943,19.170265730497267,engine
Arcturus,10,213.90161403563226,19.170265828748402,engine
Arcturus,11,213.90161392120947,19.170265926888696,engine
Arcturus,12,213.90161380502752,19.170266024915776,engine
Arcturus,13,213.90161368708806,19.170266122827265,engine
Arcturus,14,213.9016135673928,19.170266220620793,engine
Arcturus,15,213.9016134459434,19.170266318293987,engine
Arcturus,16,213.90161332274167,19.17026641584448,engine
Arcturus,17,213.9016131977893,19.170266513269976,engine
Arcturus,18,213.90161307108824,19.170266610567975,engine
Arcturus,19,213.90161294264033,19.170266707736193,engine
Arcturus,20,213.90161281244735,19.170266804772258,engine
Arcturus,21,213.9016126805113,19.170266901673816,engine
Arcturus,22,213.90161254683414,19.17026699843853,engine
Arcturus,23,213.9016124114178,19.170267095064034,engine
Arcturus,24,213.9016122742643,19.17026719154799,engine
Arcturus,25,213.90161213537576,19.170267287888045,engine
Arcturus,26,213.90161199475415,19.170267384081864,engine
Arcturus,27,213.90161185240171,19.17026748012711,engine
Arcturus,28,213.90161170832053,19.170267576021434,engine
Arcturus,29,213.90161156251267,19.170267671762574,engine
Arcturus,30,213.9016114149806,19.17026776734807,engine
Alphecca,-30,233.66861873861345,26.717543223662524,engine
Alphecca,-20,233.6686194692955,26.717544624513664,engine
Alphecca,-15,233.66861976608226,26.71754533289493,engine
Alphecca,-10,233.66862001680138,26.717546046044756,engine
Alphecca,-5,233.66862022120662,26.71754676355901,engine
Alphecca,-2,233.66862032152514,26.717547195993443,engine
Alphecca,-1,233.6686203512337,26.717547340439676,engine
Alphecca,0,233.66862037907424,26.717547485031194,engine
Alphecca,1,233.66862040504506,26.717547629764685,engine
Alphecca,2,233.66862042914477,26.717547774636905,engine
Alphecca,3,233.66862045137185,26.717547919644552,engine
Alphecca,4,233.66862047172492,26.717548064784367,engine
Alphecca,5,233.66862049020247,26.717548210053074,engine
Alphecca,6,233.66862050680322,26.717548355447477,engine
Alphecca,7,233.66862052152578,26.71754850096408,engine
Alphecca,8,233.668620534369,26.717548646599703,engine
Alphecca,9,233.6686205453315,26.717548792351053,engine
Alphecca,10,233.66862055441206,26.717548938214826,engine
Alphecca,11,233.66862056160954,26.717549084187755,engine
Alphecca,12,233.66862056692278,26.7175492302665,engine
Alphecca,13,233.66862057035073,26.717549376447785,engine
Alphecca,14,233.66862057189218,26.717549522728316,engine
Alphecca,15,233.6686205715462,26.717549669104763,engine
Alphecca,16,233.66862056931177,26.717549815573832,engine
Alphecca,17,233.66862056518792,26.71754996213233,engine
Alphecca,18,233.6686205591737,26.71755010877672,engine
Alphecca,19,233.6686205512682,26.717550255503813,engine
Alphecca,20,233.6686205414706,26.717550402310287,engine
Alphecca,21,233.66862052978013,26.717550549192815,engine
Alphecca,22,233.6686205161959,26.717550696148116,engine
Alphecca,23,233.66862050071722,26.71755084317282,engine
Alphecca,24,233.66862048334335,26.717550990263653,engine
Alphecca,25,233.66862046407363,26.717551137417274,engine
Alphecca,26,233.66862044290747,26.717551284630392,engine
Alphecca,27,233.6686204198441,26.717551431899636,engine
Alphecca,28,233.66862039488316,26.717551579221716,engine
Alphecca,29,233.66862036802397,26.717551726593385,engine
Alphecca,30,233.66862033926617,26.717551874011146,engine
Vega,-30,279.23626804066765,38.790771360401365,engine
Vega,-20,279.23627158667915,38.790772439800634,engine
Vega,-15,279.2362733207347,38.79077301464527,engine
Vega,-10,279.2362750274353,38.7907736125433,engine
Vega,-5,279.2362767057568,38.79077423319865,engine
Vega,-2,279.2362776987063,38.790774616387985,engine
Vega,-1,279.2362780273009,38.79077474590205,engine
Vega,0,279.2362783546877,38.79077487630404,engine
Vega,1,279.23627868085913,38.79077500759135,engine
Vega,2,279.23627900580703,38.79077513976139,engine
Vega,3,279.2362793295237,38.79077527281154,engine
Vega,4,279.2362796520011,38.790775406739186,engine
Vega,5,279.2362799732315,38.790775541541684,engine
Vega,6,279.23628029320724,38.79077567721645,engine
Vega,7,279.2362806119201,38.79077581376064,engine
Vega,8,279.23628092936264,38.79077595117163,engine
Vega,9,279.2362812455271,38.79077608944673,engine
Vega,10,279.23628156040564,38.79077622858319,engine
Vega,11,279.23628187399066,38.790776368578285,engine
Vega,12,279.2362821862745,38.79077650942924,engine
Vega,13,279.2362824972495,38.790776651133285,engine
Vega,14,279.236282806908,38.79077679368763,engine
Vega,15,279.23628311524243,38.790776937089454,engine
Vega,16,279.2362834222453,38.790777081335946,engine
Vega,17,279.23628372790927,38.790777226424346,engine
Vega,18,279.2362840322263,38.790777372351606,engine
Vega,19,279.23628433518917,38.790777519114954,engine
Vega,20,279.23628463679046,38.7907776667115,engine
Vega,21,279.2362849370227,38.79077781513832,engine
Vega,22,279.2362852358784,38.7907779643925,engine
Vega,23,279.23628553335027,38.79077811447111,engine
Vega,24,279.23628582943104,38.790778265371195,engine
Vega,25,279.2362861241131,38.79077841708977,engine
Vega,26,279.23628641738946,38.79077856962387,engine
Vega,27,279.2362867092527,38.79077872297049,engine
Vega,28,279.2362869996955,38.790778877126606,engine
Vega,29,279.2362872887109,38.79077903208926,engine
Vega,30,279.2362875762914,38.79077918785525,engine
Deneb Algedi,-30,326.7659626024821,-16.128393220049954,engine
Deneb Algedi,-20,326.7659659235938,-16.128393047340488,engine
Deneb Algedi,-15,326.7659676058025,-16.128392977623818,engine
Deneb Algedi,-10,326.76596930122184,-16.128392919105117,engine
Deneb Algedi,-5,326.7659710089261,-16.128392871857113,engine
Deneb Algedi,-2,326.7659720390577,-16.12839284894649,engine
Deneb Algedi,-1,326.76597238330817,-16.128392842219068,engine
Deneb Algedi,0,326.7659727279828,-16.128392835947178,engine
Deneb Algedi,1,326.76597307307406,-16.1283928301313,engine
Deneb Algedi,2,326.7659734185744,-16.12839282477191,engine
Deneb Algedi,3,326.7659737644763,-16.12839281986947,engine
Deneb Algedi,4,326.7659741107722,-16.12839281542443,engine
Deneb Algedi,5,326.7659744574546,-16.12839281143723,engine
Deneb Algedi,6,326.76597480451613,-16.128392807908305,engine
Deneb Algedi,7,326.7659751519488,-16.128392804838093,engine
Deneb Algedi,8,326.76597549974525,-16.12839280222699,engine
Deneb Algedi,9,326.76597584789795,-16.128392800075414,engine
Deneb Algedi,10,326.76597619639927,-16.128392798383764,engine
Deneb Algedi,11,326.7659765452416,-16.128392797152436,engine
Deneb Algedi,12,326.7659768944173,-16.128392796381807,engine
Deneb Algedi,13,326.7659772439189,-16.128392796072244,engine
Deneb Algedi,14,326.76597759373874,-16.12839279622412,engine
Deneb Algedi,15,326.7659779438692,-16.128392796837783,engine
Deneb Algedi,16,326.76597829430256,-16.128392797913584,engine
Deneb Algedi,17,326.7659786450316,-16.128392799451856,engine
Deneb Algedi,18,326.7659789960481,-16.128392801452932,engine
Deneb Algedi,19,326.7659793473447,-16.128392803917137,engine
Deneb Algedi,20,326.7659796989137,-16.12839280684477,engine
Deneb Algedi,21,326.76598005074754,-16.12839281023614,engine
Deneb Algedi,22,326.7659804028385,-16.128392814091534,engine
Deneb Algedi,23,326.765980755179,-16.12839281841124,engine
Deneb Algedi,24,326.7659811077613,-16.128392823195547,engine
Deneb Algedi,25,326.7659814605777,-16.128392828444696,engine
Deneb Algedi,26,326.7659818136206,-16.128392834158962,engine
Deneb Algedi,27,326.7659821668823,-16.128392840338588,engine
Deneb Algedi,28,326.7659825203551,-16.128392846983804,engine
Deneb Algedi,29,326.76598287403164,-16.128392854094873,engine
Deneb Algedi,30,326.7659832279036,-16.12839286167199,engine
Rigel,-30,78.63656846637559,-8.198768644082497,engine
Rigel,-20,78.636566492645,-8.198768321511606,engine
Rigel,-15,78.63656555439205,-8.198768154186167,engine
Rigel,-10,78.63656464935569,-8.198767982966544,engine
Rigel,-5,78.63656377812201,-8.198767807954374,engine
Rigel,-2,78.63656327184506,-8.198767701169661,engine
Rigel,-1,78.63656310585685,-8.198767665283539,engine
Rigel,0,78.63656294126137,-8.19876762925321,engine
Rigel,1,78.63656277806302,-8.198767593079529,engine
Rigel,2,78.63656261626615,-8.198767556763343,engine
Rigel,3,78.63656245587505,-8.198767520305504,engine
Rigel,4,78.63656229689404,-8.198767483706868,engine
Rigel,5,78.6365621393274,-8.198767446968299,engine
Rigel,6,78.63656198317925,-8.198767410090632,engine
Rigel,7,78.636561828454,-8.19876737307477,engine
Rigel,8,78.63656167515578,-8.198767335921572,engine
Rigel,9,78.63656152328872,-8.198767298631893,engine
Rigel,10,78.63656137285695,-8.198767261206614,engine
Rigel,11,78.63656122386458,-8.198767223646602,engine
Rigel,12,78.63656107631567,-8.19876718595274,engine
Rigel,13,78.63656093021432,-8.198767148125912,engine
Rigel,14,78.6365607855645,-8.19876711016699,engine
Rigel,15,78.63656064237023,-8.198767072076864,engine
Rigel,16,78.63656050063548,-8.198767033856418,engine
Rigel,17,78.63656036036409,-8.198766995506523,engine
Rigel,18,78.63656022156016,-8.198766957028115,engine
Rigel,19,78.63656008422745,-8.198766918422068,engine
Rigel,20,78.63655994836986,-8.19876687968928,engine
Rigel,21,78.63655981399121,-8.198766840830645,engine
Rigel,22,78.63655968109526,-8.19876680184707,engine
Rigel,23,78.63655954968581,-8.198766762739456,engine
Rigel,24,78.6365594197666,-8.198766723508719,engine
Rigel,25,78.63655929134134,-8.198766684155757,engine
Rigel,26,78.63655916441371,-8.198766644681486,engine
Rigel,27,78.63655903898739,-8.198766605086822,engine
Rigel,28,78.63655891506595,-8.198766565372674,engine
Rigel,29,78.63655879265295,-8.198766525539947,engine
Rigel,30,78.63655867175211,-8.198766485589603,engine
Betelgeuse,-30,88.79435892540455,7.408697507765131,engine
Betelgeuse,-20,88.79435651449012,7.408697159413374,engine
Betelgeuse,-15,88.79435534937134,7.408696978936097,engine
Betelgeuse,-10,88.79435421210731,7.4086967943622986,engine
Betelgeuse,-5,88.79435310340287,7.408696605772657,engine
Betelgeuse,-2,88.79435245217718,7.408696490725601,engine
Betelgeuse,-1,88.79435223746755,7.408696452065055,engine
Betelgeuse,0,88.79435202394974,7.408696413249879,engine
Betelgeuse,1,88.79435181162911,7.4086963742807495,engine
Betelgeuse,2,88.79435160051104,7.408696335158355,engine
Betelgeuse,3,88.79435139060084,7.408696295883381,engine
Betelgeuse,4,88.79435118190379,7.408696256456522,engine
Betelgeuse,5,88.79435097442523,7.408696216878471,engine
Betelgeuse,6,88.79435076817022,7.4086961771498965,engine
Betelgeuse,7,88.79435056314432,7.408696137271555,engine
Betelgeuse,8,88.79435035935258,7.408696097244114,engine
Betelgeuse,9,88.79435015680019,7.408696057068289,engine
Betelgeuse,10,88.79434995549231,7.408696016744782,engine
Betelgeuse,11,88.7943497554341,7.408695976274306,engine
Betelgeuse,12,88.79434955663065,7.408695935657578,engine
Betelgeuse,13,88.79434935908708,7.408695894895307,engine
Betelgeuse,14,88.79434916280844,7.408695853988219,engine
Betelgeuse,15,88.79434896779978,7.408695812937036,engine
Betelgeuse,16,88.79434877406611,7.408695771742478,engine
Betelgeuse,17,88.79434858161231,7.408695730405251,engine
Betelgeuse,18,88.79434839044362,7.408695688926132,engine
Betelgeuse,19,88.79434820056483,7.408695647305836,engine
Betelgeuse,20,88.79434801198087,7.408695605545099,engine
Betelgeuse,21,88.79434782469664,7.408695563644651,engine
Betelgeuse,22,88.79434763871703,7.408695521605243,engine
Betelgeuse,23,88.79434745404686,7.4086954794276085,engine
Betelgeuse,24,88.79434727069096,7.408695437112502,engine
Betelgeuse,25,88.79434708865415,7.408695394660674,engine
Betelgeuse,26,88.79434690794116,7.408695352072862,engine
Betelgeuse,27,88.79434672855677,7.408695309349839,engine
Betelgeuse,28,88.79434655050568,7.40869526649235,engine
Betelgeuse,29,88.79434637379248,7.408695223501131,engine
Betelgeuse,30,88.79434619842206,7.408695180376995,engine
Polaris,-30,38.340936390496935,89.26178966291218,engine
Polaris,-20,38.34095395455355,89.26178637491333,engine
Polaris,-15,38.340967679578085,89.26178473020568,engine
Polaris,-10,38.340984699768086,89.26178308626498,engine
Polaris,-5,38.34100501303434,89.26178144401959,engine
Polaris,-2,38.341018780206454,89.26178045987241,engine
Polaris,-1,38.341023632244614,89.26178013206786,engine
Polaris,0,38.341028615701134,89.26177980439789,engine
Polaris,1,38.341033730528984,89.26177947686996,engine
Polaris,2,38.341038976678725,89.26177914949143,engine
Polaris,3,38.34104435409829,89.26177882226972,engine
Polaris,4,38.34104986273313,89.26177849521224,engine
Polaris,5,38.341055502526224,89.26177816832639,engine
Polaris,6,38.341061273421886,89.26177784161932,engine
Polaris,7,38.341067175350375,89.26177751509887,engine
Polaris,8,38.34107320825087,89.26177718877223,engine
Polaris,9,38.34107937205632,89.26177686264676,engine
Polaris,10,38.341085666697076,89.26177653672983,engine
Polaris,11,38.34109209210113,89.26177621102883,engine
Polaris,12,38.34109864819381,89.26177588555115,engine
Polaris,13,38.34110533489803,89.26177556030412,engine
Polaris,14,38.341112152134194,89.26177523529512,engine
Polaris,15,38.341119099820155,89.26177491053153,engine
Polaris,16,38.34112617787137,89.26177458602065,engine
Polaris,17,38.34113338620558,89.26177426176966,engine
Polaris,18,38.341140724723545,89.26177393778632,engine
Polaris,19,38.341148193337965,89.26177361407775,engine
Polaris,20,38.34115579195423,89.26177329065129,engine
Polaris,21,38.34116352047533,89.26177296751426,engine
Polaris,22,38.341171378801675,89.26177264467398,engine
Polaris,23,38.34117936683126,89.26177232213777,engine
Polaris,24,38.34118748445953,89.26177199991295,engine
Polaris,25,38.3411957315795,89.26177167800682,engine
Polaris,26,38.3412041080817,89.26177135642668,engine
Polaris,27,38.34121261385413,89.26177103517979,engine
Polaris,28,38.34122124878242,89.2617707142735,engine
Polaris,29,38.341230012755545,89.26177039371481,engine
Polaris,30,38.341238905642385,89.26177007351147,engine
Castor,-30,113.64661288722478,31.886411055568924,engine
Castor,-20,113.64660920910951,31.886410451020502,engine
Castor,-15,113.64660738826895,31.88641011618654,engine
Castor,-10,113.64660558098427,31.886409759815194,engine
Castor,-5,113.64660378830514,31.886409382046,engine
Castor,-2,113.64660272014287,31.88640914517552,engine
Castor,-1,113.64660236537945,31.88640906452468,engine
Castor,0,113.64660201127522,31.886408983028986,engine
Castor,1,113.64660165783837,31.886408900689762,engine
Castor,2,113.64660130507721,31.886408817508315,engine
Castor,3,113.64660095299995,31.886408733486,engine
Castor,4,113.6466006016148,31.88640864862417,engine
Castor,5,113.64660025092995,31.886408562924213,engine
Castor,6,113.64659990095342,31.88640847638746,engine
Castor,7,113.6465995516938,31.886408389015447,engine
Castor,8,113.64659920315907,31.886408300809524,engine
Castor,9,113.64659885535735,31.886408211771148,engine
Castor,10,113.6465985082968,31.88640812190176,engine
Castor,11,113.64659816198558,31.88640803120286,engine
Castor,12,113.64659781643174,31.886407939675905,engine
Castor,13,113.64659747164339,31.886407847322417,engine
Castor,14,113.64659712762862,31.886407754143928,engine
Castor,15,113.64659678439553,31.88640766014195,engine
Castor,16,113.64659644195213,31.88640756531805,engine
Castor,17,113.64659610030623,31.886407469673735,engine
Castor,18,113.64659575946634,31.886407373210698,engine
Castor,19,113.6465954194402,31.88640727593051,engine
Castor,20,113.64659508023585,31.886407177834755,engine
Castor,21,113.64659474186125,31.88640707892508,engine
Castor,22,113.64659440432432,31.886406979203123,engine
Castor,23,113.64659406763305,31.886406878670535,engine
Castor,24,113.64659373179535,31.88640677732903,engine
Castor,25,113.64659339681913,31.88640667518026,engine
Castor,26,113.64659306271227,31.886406572225958,engine
Castor,27,113.64659272948269,31.886406468467836,engine
Castor,28,113.64659239713822,31.886406363907664,engine
Castor,29,113.64659206568648,31.886406258547076,engine
Castor,30,113.64659173513577,31.886406152388016,engine
Altair,-30,297.701208068018,8.874141001834559,engine
Altair,-20,297.7012112975028,8.874141072653106,engine
Altair,-15,297.7012129010472,8.87414111782517,engine
Altair,-10,297.7012144958938,8.8741411694727,engine
Altair,-5,297.701216081124,8.874141227567025,engine
Altair,-2,297.70121702726544,8.874141265504981,engine
Altair,-1,297.7012173417694,8.874141278662917,engine
Altair,0,297.70121765582303,8.874141292076356,engine
Altair,1,297.7012179694189,8.874141305745013,engine
Altair,2,297.70121828255003,8.874141319668592,engine
Altair,3,297.701218595209,8.874141333846795,engine
Altair,4,297.7012189073886,8.874141348279318,engine
Altair,5,297.7012192190816,8.874141362965858,engine
Altair,6,297.7012195302811,8.874141377906104,engine
Altair,7,297.70121984097926,8.874141393099727,engine
Altair,8,297.70122015116937,8.874141408546409,engine
Altair,9,297.70122046084407,8.874141424245824,engine
Altair,10,297.70122076999616,8.874141440197635,engine
Altair,11,297.70122107861863,8.874141456401512,engine
Altair,12,297.7012213867041,8.874141472857108,engine
Altair,13,297.7012216942457,8.87414148956408,engine
Altair,14,297.7012220012361,8.874141506522072,engine
Altair,15,297.7012223076682,8.874141523730728,engine
Altair,16,297.701222613535,8.87414154118969,engine
Altair,17,297.7012229188295,8.8741415588986,engine
Altair,18,297.70122322354416,8.874141576857067,engine
Altair,19,297.7012235276722,8.874141595064723,engine
Altair,20,297.70122383120656,8.874141613521195,engine
Altair,21,297.7012241341401,8.874141632226085,engine
Altair,22,297.70122443646585,8.874141651179011,engine
Altair,23,297.70122473817673,8.874141670379585,engine
Altair,24,297.7012250392657,8.874141689827393,engine
Altair,25,297.70122533972585,8.87414170952204,engine
Altair,26,297.70122563955005,8.874141729463119,engine
Altair,27,297.7012259387314,8.874141749650205,engine
Altair,28,297.70122623726286,8.874141770082886,engine
Altair,29,297.7012265351378,8.874141790760754,engine
Altair,30,297.7012268323487,8.874141811683351,engine
Bellatrix,-30,81.28456517012549,6.35127538149692,engine
Bellatrix,-20,81.28456308311507,6.351275041961476,engine
Bellatrix,-15,81.28456208603082,6.3512748674259285,engine
Bellatrix,-10,81.28456112074201,6.3512746898148045,engine
Bellatrix,-5,81.28456018786541,6.351274509207106,engine
Bellatrix,-2,81.28455964394836,6.351274399437584,engine
Bellatrix,-1,81.28455946530588,6.351274362617492,engine
Bellatrix,0,81.28455928800281,6.351274325683371,engine
Bellatrix,1,81.28455911204377,6.35127428863588,engine
Bellatrix,2,81.28455893743339,6.351274251475674,engine
Bellatrix,3,81.28455876417623,6.351274214203426,engine
Bellatrix,4,81.28455859227685,6.351274176819796,engine
Bellatrix,5,81.2845584217398,6.351274139325452,engine
Bellatrix,6,81.28455825256944,6.351274101721041,engine
Bellatrix,7,81.2845580847705,6.351274064007286,engine
Bellatrix,8,81.28455791834732,6.351274026184835,engine
Bellatrix,9,81.28455775330431,6.351273988254364,engine
Bellatrix,10,81.28455758964589,6.351273950216551,engine
Bellatrix,11,81.28455742737641,6.35127391207208,engine
Bellatrix,12,81.28455726650024,6.3512738738216274,engine
Bellatrix,13,81.28455710702168,6.351273835465884,engine
Bellatrix,14,81.28455694894505,6.351273797005534,engine
Bellatrix,15,81.28455679227459,6.351273758441265,engine
Bellatrix,16,81.28455663701455,6.3512737197737685,engine
Bellatrix,17,81.28455648316906,6.35127368100371,engine
Bellatrix,18,81.28455633074246,6.351273642131838,engine
Bellatrix,19,81.28455617973886,6.351273603158822,engine
Bellatrix,20,81.28455603016235,6.351273564085359,engine
Bellatrix,21,81.28455588201707,6.351273524912151,engine
Bellatrix,22,81.28455573530707,6.351273485639898,engine
Bellatrix,23,81.28455559003642,6.351273446269309,engine
Bellatrix,24,81.28455544620913,6.351273406801082,engine
Bellatrix,25,81.28455530382918,6.351273367235931,engine
Bellatrix,26,81.28455516290056,6.351273327574566,engine
Bellatrix,27,81.2845550234272,6.351273287817694,engine
Bellatrix,28,81.284554885413,6.351273247966035,engine
Bellatrix,29,81.28455474886178,6.351273208020268,engine
Bellatrix,30,81.28455461377754,6.351273167981171,engine
