body,minute,ra,dec,source
Aldebaran,-30,68.98366923446218,16.508805521399534,engine
Aldebaran,-20,68.98366587508606,16.50880534252047,engine
Aldebaran,-15,68.98366420957582,16.508805235366026,engine
Aldebaran,-10,68.98366255477654,16.508805116484254,engine
Aldebaran,-5,68.98366091162548,16.50880498594414,engine
Aldebaran,-2,68.98365993171431,16.508804902054848,engine
Aldebaran,-1,68.98365960611837,16.508804873167954,engine
Aldebaran,0,68.98365928105532,16.508804843820236,engine
Aldebaran,1,68.9836589565326,16.508804814012354,engine
Aldebaran,2,68.98365863255752,16.50880478374497,engine
Aldebaran,3,68.9836583091375,16.50880475301877,engine
Aldebaran,4,68.98365798627985,16.508804721834423,engine
Aldebaran,5,68.98365766399172,16.508804690192623,engine
Aldebaran,6,68.98365734228092,16.508804658094096,engine
Aldebaran,7,68.98365702115453,16.508804625539543,engine
Aldebaran,8,68.98365670061985,16.508804592529682,engine
Aldebaran,9,68.9836563806842,16.508804559065233,engine
Aldebaran,10,68.98365606135488,16.508804525146942,engine
Aldebaran,11,68.98365574263913,16.508804490775557,engine
Aldebaran,12,68.98365542454425,16.508804455951825,engine
Aldebaran,13,68.9836551070775,16.50880442067652,engine
Aldebaran,14,68.9836547902461,16.508804384950395,engine
Aldebaran,15,68.9836544740573,16.508804348774245,engine
Aldebaran,16,68.98365415851832,16.50880431214886,engine
Aldebaran,17,68.98365384363615,16.508804275075008,engine
Aldebaran,18,68.98365352941839,16.508804237553548,engine
Aldebaran,19,68.98365321587204,16.508804199585263,engine
Aldebaran,20,68.98365290300426,16.508804161170982,engine
Aldebaran,21,68.98365259082219,16.508804122311542,engine
Aldebaran,22,68.98365227933299,16.508804083007774,engine
Aldebaran,23,68.9836519685438,16.508804043260536,engine
Aldebaran,24,68.98365165846168,16.508804003070683,engine
Aldebaran,25,68.9836513490938,16.508803962439075,engine
Aldebaran,26,68.98365104044723,16.50880392136659,engine
Aldebaran,27,68.98365073252901,16.50880387985411,engine
Aldebaran,28,68.98365042534624,16.50880383790253,engine
Aldebaran,29,68.98365011890574,16.508803795512716,engine
Aldebaran,30,68.98364981321497,16.508803752685637,engine
Antares,-30,247.34847064342702,-26.432055251024003,engine
Antares,-20,247.34847422536959,-26.43205553532171,engine
Antares,-15,247.34847599918635,-26.43205570501738,engine
Antares,-10,247.3484777602281,-26.43205589293479,engine
Antares,-5,247.34847950749892,-26.432056098956007,engine
Antares,-2,247.34848054883918,-26.432056231206207,engine
Antares,-1,247.34848089473493,-26.43205627672287,engine
Antares,0,247.3484812400088,-26.43205632295433,engine
Antares,1,247.34848158465283,-26.432056369899506,engine
Antares,2,247.34848192865937,-26.432056417557245,engine
Antares,3,247.34848227202045,-26.432056465926436,engine
Antares,4,247.34848261472834,-26.43205651500591,engine
Antares,5,247.3484829567755,-26.432056564794564,engine
Antares,6,247.34848329815367,-26.43205661529113,engine
Antares,7,247.3484836388553,-26.43205666649445,engine
Antares,8,247.34848397887262,-26.432056718403324,engine
Antares,9,247.34848431819796,-26.432056771016537,engine
Antares,10,247.34848465682356,-26.43205682433285,engine
Antares,11,247.34848499474168,-26.43205687835102,engine
Antares,12,247.3484853319447,-26.432056933069802,engine
Antares,13,247.3484856684249,-26.432056988487904,engine
Antares,14,247.3484860041745,-26.432057044604058,engine
Antares,15,247.34848633918605,-26.432057101416945,engine
Antares,16,247.34848667345182,-26.432057158925275,engine
Antares,17,247.34848700696432,-26.432057217127753,engine
Antares,18,247.34848733971563,-26.43205727602296,engine
Antares,19,247.34848767169828,-26.43205733560959,engine
Antares,20,247.3484880029047,-26.43205739588626,engine
Antares,21,247.3484883333274,-26.4320574568516,engine
Antares,22,247.3484886629587,-26.432057518504234,engine
Antares,23,247.34848899179116,-26.43205758084275,engine
Antares,24,247.3484893198172,-26.432057643865715,engine
Antares,25,247.34848964702934,-26.43205770757171,engine
Antares,26,247.3484899734201,-26.43205777195929,engine
Antares,27,247.34849029898197,-26.432057837027006,engine
Antares,28,247.34849062370756,-26.432057902773376,engine
Antares,29,247.34849094758954,-26.43205796919696,engine
Antares,30,247.34849127062012,-26.432058036296183,engine
Ceres,-30,108.046162963732,23.2622141332576,engine
Ceres,-20,108.04810517852384,23.262310140681606,engine
Ceres,-15,108.04907684789538,23.262358010643965,engine
Ceres,-10,108.05004889929663,23.26240579589065,engine
Ceres,-5,108.05102133837147,23.26245349983155,engine
Ceres,-2,108.051604990036,23.262482084597863,engine
Ceres,-1,108.05179957215908,23.262491606750427,engine
Ceres,0,108.05199417015137,23.262501125899124,engine
Ceres,1,108.05218878405196,23.262510642071884,engine
Ceres,2,108.05238341389956,23.26252015529673,engine
Ceres,3,108.05257805973267,23.26252966560173,engine
Ceres,4,108.0527727215893,23.262539173015032,engine
Ceres,5,108.05296739939133,23.262548677557145,engine
Ceres,6,108.05316209340792,23.262558179271664,engine
Ceres,7,108.05335680356025,23.262567678179217,engine
Ceres,8,108.05355152988503,23.262577174308202,engine
Ceres,9,108.0537462724186,23.262586667687035,engine
Ceres,10,108.05394103119707,23.26259615834419,engine
Ceres,11,108.05413580625607,23.26260564630822,engine
Ceres,12,108.054330597631,23.262615131607713,engine
Ceres,13,108.05452540535677,23.262624614271306,engine
Ceres,14,108.05472022946813,23.262634094327744,engine
Ceres,15,108.05491506999934,23.262643571805725,engine
Ceres,16,108.0551099269844,23.262653046734115,engine
Ceres,17,108.05530480058756,23.262662519148098,engine
Ceres,18,108.05549969058077,23.262671989063918,engine
Ceres,19,108.05569459712763,23.262681456516866,engine
Ceres,20,108.05588952026068,23.26269092153598,engine
Ceres,21,108.0560844600122,23.262700384150342,engine
Ceres,22,108.05627941641399,23.262709844389047,engine
Ceres,23,108.05647438949762,23.262719302281283,engine
Ceres,24,108.05666937929425,23.262728757856273,engine
Ceres,25,108.05686438583469,23.262738211143272,engine
Ceres,26,108.05705940914939,23.26274766217161,engine
Ceres,27,108.05725444915392,23.26275711096399,engine
Ceres,28,108.05744950610719,23.26276655756314,engine
Ceres,29,108.05764458005481,23.262776001998176,engine
Ceres,30,108.05783967076422,23.26278544428597,engine
Chiron,-30,26.874406887621777,11.268861057901203,engine
Chiron,-20,26.87412365098871,11.268744100148018,engine
Chiron,-15,26.87398213973432,11.268685627974484,engine
Chiron,-10,26.87384069895114,11.26862716070191,engine
Chiron,-5,26.87369932786248,11.268568698627725,engine
Chiron,-2,26.873614538364592,11.26853362401643,engine
Chiron,-1,26.873586280682485,11.268521932931716,engine
Chiron,0,26.873558025732308,11.26851024207748,engine
Chiron,1,26.8735297735124,11.268498551457345,engine
Chiron,2,26.87350152400625,11.268486861071361,engine
Chiron,3,26.87347327721211,11.268475170923159,engine
Chiron,4,26.87344503312323,11.268463481015152,engine
Chiron,5,26.873416791738002,11.268451791350882,engine
Chiron,6,26.873388553039188,11.268440101930524,engine
Chiron,7,26.873360317025075,11.268428412757606,engine
Chiron,8,26.87333208369362,11.26841672383571,engine
Chiron,9,26.873303853027938,11.268405035164854,engine
Chiron,10,26.87327562502589,11.268393346748613,engine
Chiron,11,26.873247399685283,11.268381658590565,engine
Chiron,12,26.873219176989068,11.2683699706907,engine
Chiron,13,26.873190956934952,11.268358283052573,engine
Chiron,14,26.87316273952056,11.268346595679747,engine
Chiron,15,26.873134524728698,11.268334908572193,engine
Chiron,16,26.873106312556896,11.268323221733445,engine
Chiron,17,26.873078102983726,11.268311535159219,engine
Chiron,18,26.873049896029674,11.26829984886513,engine
Chiron,19,26.873021691673166,11.268288162846867,engine
Chiron,20,26.872993489911536,11.26827647710795,engine
Chiron,21,26.872965290727265,11.268264791648303,engine
Chiron,22,26.872937094122534,11.268253106472637,engine
Chiron,23,26.872908900079654,11.268241421580857,engine
Chiron,24,26.872880708600725,11.268229736977657,engine
Chiron,25,26.872852519667987,11.268218052662945,engine
Chiron,26,26.872824333278448,11.268206368640184,engine
Chiron,27,26.872796149429092,11.26819468491286,engine
Chiron,28,26.87276796810201,11.268183001480848,engine
Chiron,29,26.87273978928011,11.268171318340974,engine
Chiron,30,26.872711612983196,11.268159635508766,engine
Eris,-30,27.146963268934364,-0.05842973466888918,tno-rate
Eris,-20,27.146901206401697,-0.0584529661980766,tno-rate
Eris,-15,27.146870175135362,-0.05846458196267031,tno-rate
Eris,-10,27.146839143869027,-0.05847619772726403,tno-rate
Eris,-5,27.146808112602695,-0.058487813491857735,tno-rate
Eris,-2,27.146789493842892,-0.058494782950613965,tno-rate
Eris,-1,27.146783287589628,-0.0584971061035327,tno-rate
Eris,0,27.14677708133636,-0.05849942925645145,tno-rate
Eris,1,27.146770875083092,-0.058501752409370195,tno-rate
Eris,2,27.146764668829828,-0.05850407556228893,tno-rate
Eris,3,27.14675846257656,-0.05850639871520768,tno-rate
Eris,4,27.146752256323293,-0.05850872186812642,tno-rate
Eris,5,27.146746050070025,-0.05851104502104516,tno-rate
Eris,6,27.14673984381676,-0.0585133681739639,tno-rate
Eris,7,27.146733637563493,-0.05851569132688265,tno-rate
Eris,8,27.146727431310225,-0.058518014479801386,tno-rate
Eris,9,27.146721225056957,-0.05852033763272013,tno-rate
Eris,10,27.146715018803693,-0.05852266078563887,tno-rate
Eris,11,27.146708812550425,-0.058524983938557616,tno-rate
Eris,12,27.146702606297158,-0.05852730709147636,tno-rate
Eris,13,27.14669640004389,-0.0585296302443951,tno-rate
Eris,14,27.146690193790626,-0.058531953397313846,tno-rate
Eris,15,27.146683987537358,-0.058534276550232585,tno-rate
Eris,16,27.14667778128409,-0.05853659970315133,tno-rate
Eris,17,27.146671575030823,-0.05853892285607007,tno-rate
Eris,18,27.14666536877756,-0.058541246008988815,tno-rate
Eris,19,27.14665916252429,-0.058543569161907553,tno-rate
Eris,20,27.146652956271023,-0.0585458923148263,tno-rate
Eris,21,27.146646750017755,-0.05854821546774504,tno-rate
Eris,22,27.14664054376449,-0.05855053862066378,tno-rate
Eris,23,27.146634337511223,-0.05855286177358253,tno-rate
Eris,24,27.146628131257955,-0.05855518492650127,tno-rate
Eris,25,27.146621925004688,-0.05855750807942001,tno-rate
Eris,26,27.146615718751423,-0.05855983123233875,tno-rate
Eris,27,27.146609512498156,-0.0585621543852575,tno-rate
Eris,28,27.146603306244888,-0.058564477538176236,tno-rate
Eris,29,27.146597099991624,-0.05856680069109498,tno-rate
Eris,30,27.146590893738356,-0.05856912384401372,tno-rate
Fomalhaut,-30,344.4207081628589,-29.62276941683217,engine
Fomalhaut,-20,344.4207083027665,-29.622767863478188,engine
Fomalhaut,-15,344.42070844545657,-29.622767090608107,engine
Fomalhaut,-10,344.4207086364483,-29.622766320880334,engine
Fomalhaut,-5,344.42070887557094,-29.62276555474604,engine
Fomalhaut,-2,344.42070904206764,-29.62276509697755,engine
Fomalhaut,-1,344.42070910139375,-29.622764944728257,engine
Fomalhaut,0,344.4207091626306,-29.62276479265504,engine
Fomalhaut,1,344.4207092257763,-29.622764640761464,engine
Fomalhaut,2,344.42070929082905,-29.622764489051097,engine
Fomalhaut,3,344.42070935778696,-29.622764337527514,engine
Fomalhaut,4,344.4207094266481,-29.622764186194278,engine
Fomalhaut,5,344.42070949741066,-29.622764035054825,engine
Fomalhaut,6,344.42070957007235,-29.62276388411298,engine
Fomalhaut,7,344.4207096446314,-29.622763733372132,engine
Fomalhaut,8,344.42070972108564,-29.622763582835862,engine
Fomalhaut,9,344.420709799433,-29.622763432507703,engine
Fomalhaut,10,344.4207098796713,-29.622763282391215,engine
Fomalhaut,11,344.42070996179837,-29.62276313248991,engine
Fomalhaut,12,344.4207100458121,-29.622762982807334,engine
Fomalhaut,13,344.42071013171017,-29.622762833347018,engine
Fomalhaut,14,344.4207102194903,-29.622762684112487,engine
Fomalhaut,15,344.42071030915025,-29.62276253510726,engine
Fomalhaut,16,344.4207104006875,-29.622762386334855,engine
Fomalhaut,17,344.4207104940999,-29.622762237798668,engine
Fomalhaut,18,344.42071058938484,-29.622762089502434,engine
Fomalhaut,19,344.42071068653996,-29.62276194144954,engine
Fomalhaut,20,344.4207107855626,-29.622761793643495,engine
Fomalhaut,21,344.4207108864504,-29.622761646087774,engine
Fomalhaut,22,344.4207109892008,-29.622761498785874,engine
Fomalhaut,23,344.42071109381106,-29.622761351741286,engine
Fomalhaut,24,344.4207112002787,-29.622761204957484,engine
Fomalhaut,25,344.4207113086009,-29.622761058437952,engine
Fomalhaut,26,344.420711418775,-29.62276091218614,engine
Fomalhaut,27,344.4207115307983,-29.622760766205534,engine
Fomalhaut,28,344.420711644668,-29.62276062049955,engine
Fomalhaut,29,344.4207117603814,-29.6227604750716,engine
Fomalhaut,30,344.42071187793545,-29.6227603299253,engine
Juno,-30,296.66363734413255,-12.659602325771894,engine
Juno,-20,296.664571676754,-12.660161598362368,engine
Juno,-15,296.6650383145371,-12.660441314272367,engine
Juno,-10,296.66550458986273,-12.660721080518705,engine
Juno,-5,296.66597049538,-12.661000895119917,engine
Juno,-2,296.66624985812973,-12.661168806181486,engine
Juno,-1,296.6663429486219,-12.661224780154532,engine
Juno,0,296.66643602370016,-12.661280755910992,engine
Juno,1,296.6665290835286,-12.661336733429389,engine
Juno,2,296.66662212794336,-12.661392712694763,engine
Juno,3,296.6667151568903,-12.661448693689918,engine
Juno,4,296.6668081703156,-12.661504676397595,engine
Juno,5,296.66690116816784,-12.661560660801113,engine
Juno,6,296.6669941503901,-12.661616646881905,engine
Juno,7,296.6670871169316,-12.661672634623178,engine
Juno,8,296.6671800677401,-12.6617286240075,engine
Juno,9,296.66727300276335,-12.661784615017378,engine
Juno,10,296.66736592194997,-12.661840607635243,engine
Juno,11,296.6674588252487,-12.661896601843546,engine
Juno,12,296.66755171271797,-12.661952597622447,engine
Juno,13,296.6676445840883,-12.66200859495865,engine
Juno,14,296.667737439419,-12.66206459383222,engine
Juno,15,296.6678302786603,-12.662120594225403,engine
Juno,16,296.6679231017627,-12.662176596120384,engine
Juno,17,296.6680159087394,-12.66223259953683,engine
Juno,18,296.66810869941713,-12.662288604381747,engine
Juno,19,296.6682014738098,-12.662344610674724,engine
Juno,20,296.6682942318694,-12.662400618397767,engine
Juno,21,296.6683869735483,-12.66245662753283,engine
Juno,22,296.6684796987993,-12.662512638061832,engine
Juno,23,296.66857240757554,-12.662568649966643,engine
Juno,24,296.6686650998304,-12.662624663229094,engine
Juno,25,296.6687577755178,-12.662680677830972,engine
Juno,26,296.66885043459206,-12.66273669375402,engine
Juno,27,296.6689430770076,-12.662792710979934,engine
Juno,28,296.6690357027196,-12.662848729490378,engine
Juno,29,296.66912831185493,-12.66290474930236,engine
Juno,30,296.6692209040261,-12.662960770326684,engine
Jupiter,-30,142.3822828373401,15.458682496659874,engine
Jupiter,-20,142.3834635895869,15.458317017037249,engine
Jupiter,-15,142.38405402907722,15.458134206935386,engine
Jupiter,-10,142.38464451652044,15.457951350498147,engine
Jupiter,-5,142.3852350564532,15.457768448058959,engine
Jupiter,-2,142.38558940731738,15.457658684713206,engine
Jupiter,-1,142.38570752897007,15.45762209330247,engine
Jupiter,0,142.3858256530287,15.457585500083226,engine
Jupiter,1,142.38594377952737,15.457548905059065,engine
Jupiter,2,142.3860619085001,15.457512308233634,engine
Jupiter,3,142.38618003998081,15.457475709610602,engine
Jupiter,4,142.38629817400349,15.457439109193686,engine
Jupiter,5,142.38641631060077,15.457402506986485,engine
Jupiter,6,142.38653444980872,15.45736590299307,engine
Jupiter,7,142.38665259165992,15.457329297217127,engine
Jupiter,8,142.38677073618808,15.457292689662511,engine
Jupiter,9,142.3868888834267,15.457256080333112,engine
Jupiter,10,142.38700703340933,15.457219469232887,engine
Jupiter,11,142.3871251861368,15.457182856375601,engine
Jupiter,12,142.38724334170772,15.457146241745678,engine
Jupiter,13,142.3873615001228,15.457109625356939,engine
Jupiter,14,142.38747966141528,15.457073007213484,engine
Jupiter,15,142.38759782561831,15.457036387319434,engine
Jupiter,16,142.38771599276504,15.456999765678951,engine
Jupiter,17,142.38783416296775,15.456963142271656,engine
Jupiter,18,142.38795233610085,15.456926517150928,engine
Jupiter,19,142.388070512244,15.456889890306226,engine
Jupiter,20,142.38818869149515,15.456853261722301,engine
Jupiter,21,142.38830687385442,15.45681663141328,engine
Jupiter,22,142.38842505935452,15.456779999383533,engine
Jupiter,23,142.38854324802807,15.456743365637472,engine
Jupiter,24,142.38866143990754,15.456706730179583,engine
Jupiter,25,142.3887796349928,15.456670093024096,engine
Jupiter,26,142.38889783338146,15.456633454155977,engine
Jupiter,27,142.38901603507324,15.456596813589558,engine
Jupiter,28,142.38913424010028,15.456560171329452,engine
Jupiter,29,142.389252448574,15.456523527355705,engine
Jupiter,30,142.3893706603354,15.456486881731918,engine
Ketu,-30,150.83352026029996,11.928991996280075,engine
Ketu,-20,150.8336003598576,11.92896297153485,engine
Ketu,-15,150.83364070499533,11.928948352129817,engine
Ketu,-10,150.83368124638184,11.928933661607797,engine
Ketu,-5,150.833721983528,11.928918900145977,engine
Ketu,-2,150.8337465195683,11.928910009294512,engine
Ketu,-1,150.8337547138451,11.928907040025395,engine
Ketu,0,150.83376291592197,11.928904067929649,engine
Ketu,1,150.83377112578927,11.928901093010767,engine
Ketu,2,150.83377934344304,11.928898115270208,engine
Ketu,3,150.83378756887942,11.928895134709354,engine
Ketu,4,150.83379580209436,11.928892151329674,engine
Ketu,5,150.83380404308394,11.92888916513257,engine
Ketu,6,150.83381229184425,11.92888617611951,engine
Ketu,7,150.83382054837114,11.928883184291935,engine
Ketu,8,150.8338288126606,11.928880189651318,engine
Ketu,9,150.833837084709,11.928877192199014,engine
Ketu,10,150.83384536451229,11.928874191936433,engine
Ketu,11,150.833853652066,11.928871188865225,engine
Ketu,12,150.83386194736647,11.928868182986694,engine
Ketu,13,150.8338702504043,11.928865174304276,engine
Ketu,14,150.83387856118657,11.928862162815363,engine
Ketu,15,150.83388687970364,11.92885914852349,engine
Ketu,16,150.83389520595142,11.928856131430111,engine
Ketu,17,150.83390353993184,11.928853111534542,engine
Ketu,18,150.83391188162938,11.928850088842392,engine
Ketu,19,150.83392023104585,11.928847063353002,engine
Ketu,20,150.83392858817734,11.928844035067801,engine
Ketu,21,150.83393695301964,11.928841003988301,engine
Ketu,22,150.83394532556883,11.928837970115952,engine
Ketu,23,150.83395370582093,11.92883493345216,engine
Ketu,24,150.83396209377207,11.928831893998307,engine
Ketu,25,150.83397048941805,11.928828851755995,engine
Ketu,26,150.83397889275506,11.928825806726527,engine
Ketu,27,150.833987303779,11.928822758911428,engine
Ketu,28,150.83399572248027,11.928819708314153,engine
Ketu,29,150.8340041488716,11.928816654930115,engine
Ketu,30,150.83401258293253,11.92881359876667,engine
Mars,-30,125.69744628692445,20.494049063829078,engine
Mars,-20,125.70158009641541,20.49322289131928,engine
Mars,-15,125.70364770779821,20.49280950650103,engine
Mars,-10,125.70571580612814,20.492395927642452,engine
Mars,-5,125.70778440377511,20.491982158443466,engine
Mars,-2,125.70902580659009,20.49173380722988,engine
Mars,-1,125.7094396486873,20.491651008751322,engine
Mars,0,125.7098535117442,20.491568202908578,engine
Mars,1,125.71026739567793,20.49148538976892,engine
Mars,2,125.71068130040506,20.491402569399675,engine
Mars,3,125.7110952263593,20.49131974176279,engine
Mars,4,125.71150917328396,20.491236906961085,engine
Mars,5,125.71192314160871,20.491154064955566,engine
Mars,6,125.71233713108224,20.49107121585158,engine
Mars,7,125.71275114213327,20.490988359610434,engine
Mars,8,125.71316517450346,20.490905496335387,engine
Mars,9,125.71357922862384,20.49082262598912,engine
Mars,10,125.71399330423515,20.49073974867521,engine
Mars,11,125.71440740176747,20.49065686435651,engine
Mars,12,125.71482152096071,20.49057397313685,engine
Mars,13,125.71523566224405,20.490491074979353,engine
Mars,14,125.71564982535655,20.490408169988047,engine
Mars,15,125.71606401072648,20.490325258126315,engine
Mars,16,125.71647821809194,20.49024233949843,engine
Mars,17,125.71689244815813,20.4901594140124,engine
Mars,18,125.71730670010672,20.490076481883904,engine
Mars,19,125.717720974642,20.489993543021203,engine
Mars,20,125.71813527150023,20.489910597529036,engine
Mars,21,125.71854959093454,20.48982764540666,engine
Mars,22,125.71896393319771,20.48974468665345,engine
Mars,23,125.7193782980246,20.48966172137447,engine
Mars,24,125.71979268583942,20.489578749534168,engine
Mars,25,125.72020709637614,20.489495771237785,engine
Mars,26,125.72062153005812,20.489412786449993,engine
Mars,27,125.7210359866184,20.489329795276294,engine
Mars,28,125.72145046630688,20.48924679771674,engine
Mars,29,125.72186496965094,20.489163793715804,engine
Mars,30,125.72227949582633,20.48908078349069,engine
Mercury,-30,211.37548743675228,-14.963773605991332,engine
Mercury,-20,211.38361501394203,-14.96747673506537,engine
Mercury,-15,211.38767741026174,-14.969327714861837,engine
Mercury,-10,211.39173890053237,-14.971178299239522,engine
Mercury,-5,211.39579950336102,-14.973028484834881,engine
Mercury,-2,211.39823544594407,-14.974138402963868,engine
Mercury,-1,211.3990473577438,-14.974508343227743,engine
Mercury,0,211.3998592355012,-14.974878267387634,engine
Mercury,1,211.40067107899395,-14.975248175163046,engine
Mercury,2,211.40148288873732,-14.9756180667766,engine
Mercury,3,211.40229466451004,-14.975987941948107,engine
Mercury,4,211.40310640682847,-14.976357800900535,engine
Mercury,5,211.40391811546687,-14.976727643354975,engine
Mercury,6,211.40472979095313,-14.977097469532753,engine
Mercury,7,211.4055414330627,-14.977467279155348,engine
Mercury,8,211.40635304231364,-14.977837072446302,engine
Mercury,9,211.40716461848763,-14.978206849126463,engine
Mercury,10,211.40797616210372,-14.978576609419685,engine
Mercury,11,211.4087876729446,-14.978946353047156,engine
Mercury,12,211.40959915153016,-14.979316080233069,engine
Mercury,13,211.41041059764405,-14.979685790698927,engine
Mercury,14,211.41122201180698,-14.980055484669233,engine
Mercury,15,211.41203339380365,-14.980425161865865,engine
Mercury,16,211.4128447441557,-14.980794822513657,engine
Mercury,17,211.41365606319263,-14.98116446658263,engine
Mercury,18,211.4144673501648,-14.981534093676578,engine
Mercury,19,211.41527860595508,-14.981903704142946,engine
Mercury,20,211.41608983035042,-14.982273297704507,engine
Mercury,21,211.41690102387454,-14.982642874586842,engine
Mercury,22,211.41771218631524,-14.983012434513078,engine
Mercury,23,211.4185233181972,-14.983381977709163,engine
Mercury,24,211.4193344193092,-14.983751503898548,engine
Mercury,25,211.4201454899925,-14.984121013181861,engine
Mercury,26,211.42095653058888,-14.984490505659846,engine
Mercury,27,211.4217675408885,-14.984859981056546,engine
Mercury,28,211.42257852123385,-14.985229439473066,engine
Mercury,29,211.42338947251173,-14.985598881258372,engine
Mercury,30,211.42420039342593,-14.985968305641592,engine
Moon,-30,109.4518053205963,25.664047658726112,engine
Moon,-20,109.53575316013848,25.627867726752463,engine
Moon,-15,109.57836497795445,25.609631954979065,engine
Moon,-10,109.62140765847876,25.591304140326848,engine
Moon,-5,109.6648851669291,25.57288818278019,engine
Moon,-2,109.69118191622654,25.56179791638318,engine
Moon,-1,109.69998272138255,25.558094571773786,engine
Moon,0,109.70880118130569,25.554387983494383,engine
Moon,1,109.71763732333758,25.55067818304795,engine
Moon,2,109.72649117451168,25.546965201965314,engine
Moon,3,109.73536276150823,25.54324907180854,engine
Moon,4,109.74425211064957,25.539529824162695,engine
Moon,5,109.75315924673482,25.535807489451383,engine
Moon,6,109.76208419779162,25.53208210163152,engine
Moon,7,109.77102698789827,25.528353691183906,engine
Moon,8,109.77998764202057,25.524622289769365,engine
Moon,9,109.78896616782346,25.520887919938183,engine
Moon,10,109.79796262336374,25.517150631677186,engine
Moon,11,109.80697701565113,25.513410447545592,engine
Moon,12,109.81600936825271,25.509667399295108,engine
Moon,13,109.82505970436058,25.505921518669414,engine
Moon,14,109.83412804684446,25.502172837448445,engine
Moon,15,109.84321441820397,25.49842138740563,engine
Moon,16,109.85231884061011,25.49466720034631,engine
Moon,17,109.86144134200416,25.490910305570345,engine
Moon,18,109.87058193160081,25.487150739930406,engine
Moon,19,109.87974063664271,25.483388532762003,engine
Moon,20,109.88891747791061,25.47962371591398,engine
Moon,21,109.89811247580414,25.47585632124547,engine
Moon,22,109.90732565040291,25.472086380631875,engine
Moon,23,109.91655702144136,25.46831392596234,engine
Moon,24,109.9258066082819,25.464538989134976,engine
Moon,25,109.93507442996408,25.46076160204298,engine
Moon,26,109.94436050515458,25.45698179659915,engine
Moon,27,109.95366485218524,25.453199604735833,engine
Moon,28,109.96298748904341,25.449415058366068,engine
Moon,29,109.9723284396237,25.445628186882885,engine
Moon,30,109.98168770867765,25.441839027308376,engine
Neptune,-30,2.765916170087643,-0.3495416158064753,engine
Neptune,-20,2.7657441377987815,-0.3496172406224562,engine
Neptune,-15,2.7656581974170513,-0.3496550523488521,engine
Neptune,-10,2.7655723066345286,-0.34969286361801355,engine
Neptune,-5,2.7654864646980606,-0.3497306744460061,engine
Neptune,-2,2.765434982688073,-0.349753360725672,engine
Neptune,-1,2.7654178258395707,-0.3497609227831656,engine
Neptune,0,2.7654006708883636,-0.34976848482413414,engine
Neptune,1,2.765383517833616,-0.3497760468463932,engine
Neptune,2,2.7653663666663606,-0.3497836088510772,engine
Neptune,3,2.7653492173775875,-0.3497911708393233,engine
Neptune,4,2.765332069966364,-0.34979873280894336,engine
Neptune,5,2.7653149244238304,-0.34980629476107433,engine
Neptune,6,2.76529778074043,-0.3498138566968517,engine
Neptune,7,2.765280638915342,-0.3498214186140887,engine
Neptune,8,2.765263498936681,-0.34982898051502903,engine
Neptune,9,2.7652463608033346,-0.34983654239748524,engine
Neptune,10,2.765229224506051,-0.34984410426259216,engine
Neptune,11,2.765212090038249,-0.34985166611037744,engine
Neptune,12,2.7651949573906003,-0.34985922794197694,engine
Neptune,13,2.7651778265618594,-0.3498667897552033,engine
Neptune,14,2.765160697542635,-0.34987435155119107,engine
Neptune,15,2.7651435703235094,-0.34988191333107416,engine
Neptune,16,2.765126444903123,-0.34988947509266727,engine
Neptune,17,2.7651093212605034,-0.3498970368421735,engine
Neptune,18,2.7650921994117974,-0.3499045985694798,engine
Neptune,19,2.7650750793359653,-0.3499121602807908,engine
Neptune,20,2.7650579610315096,-0.34991972197391974,engine
Neptune,21,2.7650408444888153,-0.3499272836499991,engine
Neptune,22,2.765023729700925,-0.3499348453090564,engine
Neptune,23,2.765006616658149,-0.349942406952225,engine
Neptune,24,2.764989505358863,-0.3499499685773187,engine
Neptune,25,2.764972395793318,-0.3499575301854692,engine
Neptune,26,2.7649552879544252,-0.349965091776703,engine
Neptune,27,2.76493818183506,-0.3499726533510477,engine
Neptune,28,2.764921077428079,-0.3499802149085266,engine
Neptune,29,2.764903974712126,-0.349987776455346,engine
Neptune,30,2.7648868737083228,-0.3499953379791757,engine
Pallas,-30,21.061973199570033,-13.379458842667717,engine
Pallas,-20,21.060756908716634,-13.381335929502491,engine
Pallas,-15,21.06014925446314,-13.382274615295685,engine
Pallas,-10,21.05954191188715,-13.38321339816755,engine
Pallas,-5,21.058934868855093,-13.384152280069154,engine
Pallas,-2,21.058570781646033,-13.384715657256251,engine
Pallas,-1,21.058449441757496,-13.384903457750523,engine
Pallas,0,21.05832811310687,-13.385091262339499,engine
Pallas,1,21.05820679530103,-13.385279070985943,engine
Pallas,2,21.05808548838645,-13.385466883726753,engine
Pallas,3,21.057964192262716,-13.385654700573996,engine
Pallas,4,21.057842906829194,-13.385842521539638,engine
Pallas,5,21.057721631988638,-13.38603034663513,engine
Pallas,6,21.057600367779468,-13.38621817589777,engine
Pallas,7,21.057479113810693,-13.386406009289386,engine
Pallas,8,21.057357870127404,-13.386593846846258,engine
Pallas,9,21.057236636627863,-13.386781688579884,engine
Pallas,10,21.057115413210116,-13.386969534501603,engine
Pallas,11,21.05699419991854,-13.387157384647454,engine
Pallas,12,21.05687299635757,-13.387345238979133,engine
Pallas,13,21.056751802571164,-13.387533097532462,engine
Pallas,14,21.056630618456506,-13.387720960318392,engine
Pallas,15,21.05650944405718,-13.387908827372568,engine
Pallas,16,21.056388278976716,-13.388096698656279,engine
Pallas,17,21.056267123177008,-13.388284574330912,engine
Pallas,18,21.056145976716945,-13.388472454155105,engine
Pallas,19,21.056024839557985,-13.388660338290034,engine
Pallas,20,21.055903711302825,-13.388848226696611,engine
Pallas,21,21.055782591993882,-13.389036119409836,engine
Pallas,22,21.05566148167333,-13.389224016464631,engine
Pallas,23,21.055540379943213,-13.38941191782159,engine
Pallas,24,21.055419286845364,-13.389599823515425,engine
Pallas,25,21.05529820242135,-13.389787733580729,engine
Pallas,26,21.055177126272753,-13.389975647977797,engine
Pallas,27,21.05505605844073,-13.390163566741048,engine
Pallas,28,21.054934998966345,-13.390351489904758,engine
Pallas,29,21.05481394736943,-13.390539417554946,engine
Pallas,30,21.05469290385301,-13.390727349473659,engine
Pluto,-30,306.0768450440691,-23.72255766581607,engine
Pluto,-20,306.07680795186815,-23.722562718121814,engine
Pluto,-15,306.076789424775,-23.722565274320548,engine
Pluto,-10,306.07677090865326,-23.722567850613117,engine
Pluto,-5,306.0767524022099,-23.722570447034812,engine
Pluto,-2,306.0767413024607,-23.72257201456018,engine
Pluto,-1,306.07673760316897,-23.722572538681625,engine
Pluto,0,306.07673390416954,-23.722573063609623,engine
Pluto,1,306.07673020545707,-23.722573589344467,engine
Pluto,2,306.07672650701863,-23.722574115886108,engine
Pluto,3,306.0767228088418,-23.722574643234477,engine
Pluto,4,306.07671911092086,-23.72257517138984,engine
Pluto,5,306.0767154132412,-23.72257570035197,engine
Pluto,6,306.07671171579653,-23.72257623012111,engine
Pluto,7,306.0767080185746,-23.722576760697123,engine
Pluto,8,306.0767043215626,-23.722577292079844,engine
Pluto,9,306.0767006247551,-23.72257782426946,engine
Pluto,10,306.0766969281394,-23.7225783572658,engine
Pluto,11,306.0766932317028,-23.722578891068647,engine
Pluto,12,306.07668953543975,-23.72257942567813,engine
Pluto,13,306.07668583933525,-23.72257996109391,engine
Pluto,14,306.0766821433837,-23.722580497316073,engine
Pluto,15,306.0766784475726,-23.72258103434436,engine
Pluto,16,306.07667475188896,-23.722581572178484,engine
Pluto,17,306.07667105632504,-23.722582110818863,engine
Pluto,18,306.0766673608731,-23.722582650264442,engine
Pluto,19,306.07666366551786,-23.722583190515255,engine
Pluto,20,306.07665997025396,-23.72258373157131,engine
Pluto,21,306.0766562750686,-23.722584273432226,engine
Pluto,22,306.07665257995166,-23.72258481609774,engine
Pluto,23,306.07664888489023,-23.722585359567454,engine
Pluto,24,306.0766451898791,-23.722585903841292,engine
Pluto,25,306.07664149490546,-23.722586448918843,engine
Pluto,26,306.0766377999567,-23.722586994799638,engine
Pluto,27,306.07663410502727,-23.722587541483584,engine
Pluto,28,306.0766304101047,-23.72258808897017,engine
Pluto,29,306.0766267151761,-23.7225886372594,engine
Pluto,30,306.07662302023374,-23.722589186350007,engine
Rahu,-30,330.83352026029996,-11.928991996280075,engine
Rahu,-20,330.8336003598576,-11.92896297153485,engine
Rahu,-15,330.83364070499533,-11.928948352129817,engine
Rahu,-10,330.83368124638184,-11.928933661607797,engine
Rahu,-5,330.833721983528,-11.928918900145977,engine
Rahu,-2,330.8337465195683,-11.928910009294512,engine
Rahu,-1,330.8337547138451,-11.928907040025395,engine
Rahu,0,330.83376291592197,-11.928904067929649,engine
Rahu,1,330.83377112578927,-11.928901093010767,engine
Rahu,2,330.83377934344304,-11.928898115270208,engine
Rahu,3,330.8337875688794,-11.928895134709354,engine
Rahu,4,330.83379580209436,-11.928892151329674,engine
Rahu,5,330.83380404308394,-11.92888916513257,engine
Rahu,6,330.83381229184425,-11.92888617611951,engine
Rahu,7,330.83382054837114,-11.928883184291935,engine
Rahu,8,330.8338288126606,-11.928880189651318,engine
Rahu,9,330.833837084709,-11.928877192199014,engine
Rahu,10,330.8338453645123,-11.928874191936433,engine
Rahu,11,330.833853652066,-11.928871188865225,engine
Rahu,12,330.8338619473665,-11.928868182986694,engine
Rahu,13,330.8338702504043,-11.928865174304276,engine
Rahu,14,330.83387856118657,-11.928862162815363,engine
Rahu,15,330.83388687970364,-11.92885914852349,engine
Rahu,16,330.8338952059514,-11.928856131430111,engine
Rahu,17,330.83390353993184,-11.928853111534542,engine
Rahu,18,330.8339118816294,-11.928850088842392,engine
Rahu,19,330.83392023104585,-11.928847063353002,engine
Rahu,20,330.83392858817734,-11.928844035067801,engine
Rahu,21,330.83393695301964,-11.928841003988301,engine
Rahu,22,330.83394532556883,-11.928837970115952,engine
Rahu,23,330.83395370582093,-11.92883493345216,engine
Rahu,24,330.8339620937721,-11.928831893998307,engine
Rahu,25,330.83397048941805,-11.928828851755995,engine
Rahu,26,330.83397889275506,-11.928825806726527,engine
Rahu,27,330.833987303779,-11.928822758911428,engine
Rahu,28,330.83399572248027,-11.928819708314153,engine
Rahu,29,330.8340041488716,-11.928816654930115,engine
Rahu,30,330.83401258293253,-11.92881359876667,engine
Regulus,-30,152.08708687285423,11.968723112847677,engine
Regulus,-20,152.08708604120545,11.968723708079924,engine
Regulus,-15,152.08708556390818,11.968724001312554,engine
Regulus,-10,152.08708504606125,11.968724291384438,engine
Regulus,-5,152.08708448801303,11.968724578118758,engine
Regulus,-2,152.08708413403974,11.968724748484277,engine
Regulus,-1,152.08708401287612,11.96872480498524,engine
Regulus,0,152.0870838901314,11.968724861340117,engine
Regulus,1,152.08708376580873,11.968724917547526,engine
Regulus,2,152.08708363991133,11.968724973606097,engine
Regulus,3,152.0870835124424,11.96872502951443,engine
Regulus,4,152.0870833834052,11.968725085271165,engine
Regulus,5,152.0870832528029,11.968725140874973,engine
Regulus,6,152.08708312063894,11.968725196324396,engine
Regulus,7,152.08708298691667,11.9687252516181,engine
Regulus,8,152.0870828516394,11.96872530675474,engine
Regulus,9,152.0870827148105,11.968725361732941,engine
Regulus,10,152.08708257643343,11.968725416551361,engine
Regulus,11,152.08708243651162,11.968725471208629,engine
Regulus,12,152.0870822950486,11.968725525703405,engine
Regulus,13,152.08708215204777,11.968725580034333,engine
Regulus,14,152.08708200751283,11.968725634200084,engine
Regulus,15,152.08708186144722,11.968725688199296,engine
Regulus,16,152.08708171385464,11.96872574203064,engine
Regulus,17,152.08708156473855,11.968725795692816,engine
Regulus,18,152.08708141410287,11.968725849184418,engine
Regulus,19,152.08708126195114,11.968725902504158,engine
Regulus,20,152.08708110828707,11.968725955650712,engine
Regulus,21,152.08708095311448,11.96872600862275,engine
Regulus,22,152.08708079643705,11.96872606141895,engine
Regulus,23,152.08708063825867,11.968726114038015,engine
Regulus,24,152.08708047858312,11.968726166478607,engine
Regulus,25,152.0870803174143,11.968726218739445,engine
Regulus,26,152.08708015475602,11.968726270819198,engine
Regulus,27,152.08707999061232,11.968726322716577,engine
Regulus,28,152.08707982498706,11.968726374430293,engine
Regulus,29,152.08707965788415,11.968726425959066,engine
Regulus,30,152.0870794893078,11.968726477301542,engine
Saturn,-30,11.133144081795217,1.836808991667752,engine
Saturn,-20,11.132652726927342,1.836593381055108,engine
Saturn,-15,11.132407178799005,1.8364855831436817,engine
Saturn,-10,11.132161713506791,1.836377790265973,engine
Saturn,-5,11.13191632837596,1.836270002453972,engine
Saturn,-2,11.13176913472375,1.8362053322439342,engine
Saturn,-1,11.131720076266117,1.8361837759160076,engine
Saturn,0,11.131671020841077,1.8361622198022578,engine
Saturn,1,11.131621968394182,1.8361406638895652,engine
Saturn,2,11.131572918936657,1.8361191081919532,engine
Saturn,3,11.131523872413865,1.8360975526962688,engine
Saturn,4,11.131474828836964,1.8360759974165473,engine
Saturn,5,11.13142578816844,1.8360544423464138,engine
Saturn,6,11.131376750368414,1.8360328874795353,engine
Saturn,7,11.131327715448608,1.8360113328299066,engine
Saturn,8,11.131278683354127,1.8359897783843697,engine
Saturn,9,11.13122965409584,1.83596822415693,engine
Saturn,10,11.131180627618706,1.835946670134424,engine
Saturn,11,11.1311316039335,1.835925116330849,engine
Saturn,12,11.131082583001547,1.835903562739827,engine
Saturn,13,11.131033564784122,1.835882009354969,engine
Saturn,14,11.13098454929182,1.835860456190265,engine
Saturn,15,11.13093553648581,1.8358389032393243,engine
Saturn,16,11.130886526327192,1.835817350495745,engine
Saturn,17,11.13083751879358,1.835795797959067,engine
Saturn,18,11.130788513911694,1.8357742456517858,engine
Saturn,19,11.130739511609637,1.8357526935530415,engine
Saturn,20,11.130690511897692,1.8357311416768032,engine
Saturn,21,11.130641514736729,1.835709590016663,engine
Saturn,22,11.130592520087585,1.835688038566208,engine
Saturn,23,11.13054352796037,1.8356664873393858,engine
Saturn,24,11.130494538315782,1.8356449363297727,engine
Saturn,25,11.130445551130993,1.8356233855377464,engine
Saturn,26,11.130396566366633,1.8356018349568781,engine
Saturn,27,11.130347584032602,1.8355802846011011,engine
Saturn,28,11.130298604089461,1.835558734463985,engine
Saturn,29,11.13024962648129,1.8355371845314254,engine
Saturn,30,11.130200651234233,1.8355156348258892,engine
Sun,-30,189.71091299531335,-4.181341597288222,engine
Sun,-20,189.71712076419792,-4.18402533735056,engine
Sun,-15,189.72022406365645,-4.185367070928297,engine
Sun,-10,189.72332700446987,-4.186708712339446,engine
Sun,-5,189.7264296116215,-4.188050261274141,engine
Sun,-2,189.7282910254156,-4.188855145788019,engine
Sun,-1,189.72891147281095,-4.189123433140361,engine
Sun,0,189.7295319085983,-4.189391716742071,engine
Sun,1,189.73015233297383,-4.1896599965885315,engine
Sun,2,189.73077274613402,-4.189928272675212,engine
Sun,3,189.7313931482757,-4.190196544997676,engine
Sun,4,189.7320135395959,-4.190464813551469,engine
Sun,5,189.73263392028466,-4.190733078332383,engine
Sun,6,189.7332542905534,-4.191001339335882,engine
Sun,7,189.73387465059278,-4.191269596557907,engine
Sun,8,189.73449500060065,-4.191537849994268,engine
Sun,9,189.73511534077505,-4.191806099640918,engine
Sun,10,189.73573567131425,-4.192074345493798,engine
Sun,11,189.73635599241655,-4.192342587548968,engine
Sun,12,189.7369763042807,-4.192610825802534,engine
Sun,13,189.73759660710544,-4.192879060250662,engine
Sun,14,189.73821690108983,-4.193147290889575,engine
Sun,15,189.73883718643305,-4.193415517715624,engine
Sun,16,189.73945746333436,-4.193683740725131,engine
Sun,17,189.74007773240936,-4.193951960094385,engine
Sun,18,189.7406979930258,-4.1942201754601784,engine
Sun,19,189.7413182457996,-4.194488386998953,engine
Sun,20,189.74193849093072,-4.194756594707312,engine
Sun,21,189.74255872861937,-4.19502479858194,engine
Sun,22,189.74317895906586,-4.195292998619597,engine
Sun,23,189.74379918247084,-4.195561194817138,engine
Sun,24,189.74441939903483,-4.19582938717143,engine
Sun,25,189.74503960895865,-4.1960975756794285,engine
Sun,26,189.74565981244328,-4.1963657603381455,engine
Sun,27,189.74628000968977,-4.196633941144687,engine
Sun,28,189.74690020089935,-4.196902118096185,engine
Sun,29,189.74752038668922,-4.19717029136971,engine
Sun,30,189.74814056642904,-4.1974384606028545,engine
Uranus,-30,63.18660894446317,20.99423531104155,engine
Uranus,-20,63.18646660392866,20.9942093885659,engine
Uranus,-15,63.186395534939486,20.99419641368031,engine
Uranus,-10,63.186324534103356,20.99418343045668,engine
Uranus,-5,63.18625360183969,20.99417043946759,engine
Uranus,-2,63.186211075566206,20.994162641387764,engine
Uranus,-1,63.18619690567077,20.994160041474036,engine
Uranus,0,63.18618273855122,20.99415744129238,engine
Uranus,1,63.1861685741987,20.994154840845326,engine
Uranus,2,63.18615441262165,20.99415224013858,engine
Uranus,3,63.1861402538284,20.994149639177845,engine
Uranus,4,63.1861260978099,20.994147037965682,engine
Uranus,5,63.1861119445743,20.99414443650762,engine
Uranus,6,63.186097794129964,20.99414183480972,engine
Uranus,7,63.186083646467544,20.99413923287436,engine
Uranus,8,63.18606950160088,20.99413663070833,engine
Uranus,9,63.18605535952062,20.99413402831418,engine
Uranus,10,63.186041220234706,20.994131425697656,engine
Uranus,11,63.186027083750965,20.99412882286448,engine
Uranus,12,63.18601295005991,20.994126219817225,engine
Uranus,13,63.18599881916925,20.99412361656164,engine
Uranus,14,63.18598469108668,20.99412101310346,engine
Uranus,15,63.185970565802506,20.994118409445253,engine
Uranus,16,63.185956443330014,20.994115805593843,engine
Uranus,17,63.18594232364995,20.994113201550043,engine
Uranus,18,63.18592820678867,20.99411059732311,engine
Uranus,19,63.18591409274406,20.99410799291706,engine
Uranus,20,63.185899981506125,20.994105388334475,engine
Uranus,21,63.1858858730879,20.994102783582164,engine
Uranus,22,63.18587176747923,20.99410017866272,engine
Uranus,23,63.18585766468722,20.994097573581925,engine
Uranus,24,63.185843564719,20.994094968345514,engine
Uranus,25,63.18582946756418,20.994092362956117,engine
Uranus,26,63.18581537323554,20.99408975742054,engine
Uranus,27,63.18580128172258,20.99408715174139,engine
Uranus,28,63.18578719303796,20.994084545925485,engine
Uranus,29,63.18577310716161,20.994081939973693,engine
Uranus,30,63.18575902411912,20.994079333895282,engine
Venus,-30,213.21499981496254,-21.111144367931875,engine
Venus,-20,213.21434679090484,-21.11159511143729,engine
Venus,-15,213.21401575371948,-21.111818715385528,engine
Venus,-10,213.21368178234502,-21.112041115879965,engine
Venus,-5,213.21334493682497,-21.112262294102823,engine
Venus,-2,213.2131414784502,-21.112394407368466,engine
Venus,-1,213.2130734362577,-21.11243834518397,engine
Venus,0,213.21300528378535,-21.112482232852454,engine
Venus,1,213.21293702155685,-21.112526070237035,engine
Venus,2,213.2128686500982,-21.112569857201578,engine
Venus,3,213.21280017124528,-21.112613593927808,engine
Venus,4,213.2127315829114,-21.11265727964735,engine
Venus,5,213.21266288691683,-21.112700914547865,engine
Venus,6,213.21259408383187,-21.112744498487338,engine
Venus,7,213.21252517417284,-21.112788031338265,engine
Venus,8,213.21245615978393,-21.112831513286146,engine
Venus,9,213.21238703858685,-21.112874943566556,engine
Venus,10,213.21231781242972,-21.11291832236664,engine
Venus,11,213.21224848185372,-21.11296164955744,engine
Venus,12,213.21217904871045,-21.113004925327846,engine
Venus,13,213.21210951092797,-21.113048148916445,engine
Venus,14,213.21203987036105,-21.11309132051364,engine
Venus,15,213.21197012886626,-21.113134440310894,engine
Venus,16,213.21190028437624,-21.113177507549015,engine
Venus,17,213.2118303387042,-21.11322052244987,engine
Venus,18,213.2117602924962,-21.113263484832352,engine
Venus,19,213.2116901475692,-21.113306394920116,engine
Venus,20,213.21161990186195,-21.113349251957153,engine
Venus,21,213.21154955724052,-21.113392056139794,engine
Venus,22,213.21147911557307,-21.113434807665183,engine
Venus,23,213.21140857480304,-21.11347750577982,engine
Venus,24,213.21133793811043,-21.11352015099976,engine
Venus,25,213.21126720344142,-21.113562742573002,engine
Venus,26,213.21119637267017,-21.11360528070012,engine
Venus,27,213.211125447673,-21.11364776558253,engine
Venus,28,213.21105442640004,-21.11369019647072,engine
Venus,29,213.21098331199178,-21.113732573913534,engine
Venus,30,213.210912102497,-21.113774897106126,engine
Vesta,-30,24.655507527640854,-2.4969419200121874,engine
Vesta,-20,24.65402026379167,-2.4976423659138534,engine
Vesta,-15,24.653277276807636,-2.497992608021127,engine
Vesta,-10,24.652534701166175,-2.49834286344496,engine
Vesta,-5,24.651792522377395,-2.498693132701189,engine
Vesta,-2,24.651347399642574,-2.4989033010297037,engine
Vesta,-1,24.65119905556472,-2.498973358239165,engine
Vesta,0,24.65105072614072,-2.499043416105136,engine
Vesta,1,24.650902411602438,-2.499113474478868,engine
Vesta,2,24.650754111481287,-2.4991835335153003,engine
Vesta,3,24.650605826008327,-2.4992535930657214,engine
Vesta,4,24.650457554714382,-2.4993236532850305,engine
Vesta,5,24.65030929783427,-2.499393714024314,engine
Vesta,6,24.65016105488966,-2.499463775438674,engine
Vesta,7,24.650012826114793,-2.499533837379146,engine
Vesta,8,24.649864611039202,-2.4996039000005643,engine
Vesta,9,24.649716409892246,-2.4996739631540565,engine
Vesta,10,24.649568222377944,-2.4997440269184716,engine
Vesta,11,24.6494200482,-2.499814091372685,engine
Vesta,12,24.649271887586846,-2.4998841563677408,engine
Vesta,13,24.6491237400667,-2.499954222058346,engine
Vesta,14,24.648975605867406,-2.5000242882955055,engine
Vesta,15,24.648827484516556,-2.5000943552339296,engine
Vesta,16,24.64867937624147,-2.500164422724571,engine
Vesta,17,24.648531280644846,-2.500234490893144,engine
Vesta,18,24.64838319762708,-2.5003045597243565,engine
Vesta,19,24.648235127315377,-2.5003746291160964,engine
Vesta,20,24.64808706923583,-2.5004446992229763,engine
Vesta,21,24.64793902361457,-2.5005147698958003,engine
Vesta,22,24.6477909901522,-2.5005848412131852,engine
Vesta,23,24.647642968549086,-2.500654913253751,engine
Vesta,24,24.647494959030443,-2.500724985868266,engine
Vesta,25,24.64734696129621,-2.500795059135276,engine
Vesta,26,24.647198975045946,-2.500865133133295,engine
Vesta,27,24.64705100050407,-2.5009352077130655,engine
Vesta,28,24.646903037369768,-2.501005282953048,engine
Vesta,29,24.64675508524267,-2.501075358978706,engine
Vesta,30,24.646607144544905,-2.5011454355466882,engine
Gonggong,-30,337.3615102772978,-10.257353181324975,tno-rate
Gonggong,-20,337.3614579450166,-10.25737026544574,tno-rate
Gonggong,-15,337.36143177887595,-10.257378807506123,tno-rate
Gonggong,-10,337.3614056127353,-10.257387349566505,tno-rate
Gonggong,-5,337.36137944659475,-10.257395891626889,tno-rate
Gonggong,-2,337.36136374691034,-10.257401016863117,tno-rate
Gonggong,-1,337.36135851368226,-10.257402725275194,tno-rate
Gonggong,0,337.3613532804541,-10.25740443368727,tno-rate
Gonggong,1,337.361348047226,-10.257406142099347,tno-rate
Gonggong,2,337.3613428139979,-10.257407850511424,tno-rate
Gonggong,3,337.36133758076977,-10.2574095589235,tno-rate
Gonggong,4,337.36133234754163,-10.257411267335577,tno-rate
Gonggong,5,337.3613271143135,-10.257412975747652,tno-rate
Gonggong,6,337.3613218810854,-10.257414684159729,tno-rate
Gonggong,7,337.3613166478573,-10.257416392571805,tno-rate
Gonggong,8,337.36131141462914,-10.257418100983882,tno-rate
Gonggong,9,337.361306181401,-10.257419809395959,tno-rate
Gonggong,10,337.3613009481729,-10.257421517808035,tno-rate
Gonggong,11,337.3612957149448,-10.257423226220112,tno-rate
Gonggong,12,337.36129048171665,-10.257424934632189,tno-rate
Gonggong,13,337.3612852484885,-10.257426643044266,tno-rate
Gonggong,14,337.36128001526043,-10.25742835145634,tno-rate
Gonggong,15,337.3612747820323,-10.257430059868417,tno-rate
Gonggong,16,337.36126954880416,-10.257431768280494,tno-rate
Gonggong,17,337.361264315576,-10.25743347669257,tno-rate
Gonggong,18,337.36125908234794,-10.257435185104647,tno-rate
Gonggong,19,337.3612538491198,-10.257436893516724,tno-rate
Gonggong,20,337.36124861589167,-10.2574386019288,tno-rate
Gonggong,21,337.36124338266353,-10.257440310340877,tno-rate
Gonggong,22,337.36123814943545,-10.257442018752954,tno-rate
Gonggong,23,337.3612329162073,-10.257443727165029,tno-rate
Gonggong,24,337.3612276829792,-10.257445435577106,tno-rate
Gonggong,25,337.36122244975104,-10.257447143989182,tno-rate
Gonggong,26,337.36121721652296,-10.257448852401259,tno-rate
Gonggong,27,337.3612119832948,-10.257450560813336,tno-rate
Gonggong,28,337.3612067500667,-10.257452269225412,tno-rate
Gonggong,29,337.36120151683855,-10.25745397763749,tno-rate
Gonggong,30,337.36119628361047,-10.257455686049566,tno-rate
Haumea,-30,220.04342185966217,13.631376280924844,tno-rate
Haumea,-20,220.04355236882347,13.631306152538306,tno-rate
Haumea,-15,220.0436176234041,13.631271088345036,tno-rate
Haumea,-10,220.04368287798474,13.631236024151768,tno-rate
Haumea,-5,220.04374813256536,13.631200959958498,tno-rate
Haumea,-2,220.04378728531375,13.631179921442538,tno-rate
Haumea,-1,220.04380033622988,13.631172908603883,tno-rate
Haumea,0,220.043813387146,13.63116589576523,tno-rate
Haumea,1,220.04382643806213,13.631158882926577,tno-rate
Haumea,2,220.04383948897825,13.631151870087923,tno-rate
Haumea,3,220.04385253989437,13.63114485724927,tno-rate
Haumea,4,220.0438655908105,13.631137844410615,tno-rate
Haumea,5,220.04387864172665,13.631130831571962,tno-rate
Haumea,6,220.04389169264277,13.631123818733307,tno-rate
Haumea,7,220.0439047435589,13.631116805894655,tno-rate
Haumea,8,220.04391779447502,13.631109793056,tno-rate
Haumea,9,220.04393084539115,13.631102780217347,tno-rate
Haumea,10,220.04394389630727,13.631095767378692,tno-rate
Haumea,11,220.0439569472234,13.63108875454004,tno-rate
Haumea,12,220.04396999813952,13.631081741701385,tno-rate
Haumea,13,220.04398304905567,13.631074728862732,tno-rate
Haumea,14,220.0439960999718,13.631067716024077,tno-rate
Haumea,15,220.04400915088792,13.631060703185424,tno-rate
Haumea,16,220.04402220180404,13.63105369034677,tno-rate
Haumea,17,220.04403525272016,13.631046677508117,tno-rate
Haumea,18,220.0440483036363,13.631039664669462,tno-rate
Haumea,19,220.0440613545524,13.63103265183081,tno-rate
Haumea,20,220.04407440546854,13.631025638992154,tno-rate
Haumea,21,220.0440874563847,13.631018626153502,tno-rate
Haumea,22,220.0441005073008,13.631011613314847,tno-rate
Haumea,23,220.04411355821694,13.631004600476194,tno-rate
Haumea,24,220.04412660913306,13.63099758763754,tno-rate
Haumea,25,220.04413966004918,13.630990574798886,tno-rate
Haumea,26,220.0441527109653,13.630983561960232,tno-rate
Haumea,27,220.04416576188143,13.630976549121579,tno-rate
Haumea,28,220.04417881279755,13.630969536282924,tno-rate
Haumea,29,220.0441918637137,13.630962523444271,tno-rate
Haumea,30,220.04420491462983,13.630955510605617,tno-rate
Makemake,-30,201.60154961739906,19.794488179268804,tno-rate
Makemake,-20,201.60168573323193,19.794427006154837,tno-rate
Makemake,-15,201.60175379114838,19.794396419597852,tno-rate
Makemake,-10,201.60182184906483,19.794365833040867,tno-rate
Makemake,-5,201.60188990698126,19.794335246483886,tno-rate
Makemake,-2,201.60193074173114,19.794316894549695,tno-rate
Makemake,-1,201.60194435331442,19.794310777238298,tno-rate
Makemake,0,201.6019579648977,19.7943046599269,tno-rate
Makemake,1,201.601971576481,19.794298542615504,tno-rate
Makemake,2,201.60198518806428,19.794292425304107,tno-rate
Makemake,3,201.60199879964756,19.79428630799271,tno-rate
Makemake,4,201.60201241123087,19.794280190681313,tno-rate
Makemake,5,201.60202602281416,19.794274073369916,tno-rate
Makemake,6,201.60203963439744,19.79426795605852,tno-rate
Makemake,7,201.60205324598073,19.794261838747122,tno-rate
Makemake,8,201.602066857564,19.794255721435725,tno-rate
Makemake,9,201.6020804691473,19.79424960412433,tno-rate
Makemake,10,201.60209408073058,19.794243486812935,tno-rate
Makemake,11,201.6021076923139,19.794237369501538,tno-rate
Makemake,12,201.60212130389718,19.79423125219014,tno-rate
Makemake,13,201.60213491548046,19.794225134878744,tno-rate
Makemake,14,201.60214852706375,19.794219017567347,tno-rate
Makemake,15,201.60216213864703,19.79421290025595,tno-rate
Makemake,16,201.60217575023032,19.794206782944553,tno-rate
Makemake,17,201.6021893618136,19.794200665633156,tno-rate
Makemake,18,201.6022029733969,19.79419454832176,tno-rate
Makemake,19,201.6022165849802,19.79418843101036,tno-rate
Makemake,20,201.60223019656348,19.794182313698965,tno-rate
Makemake,21,201.60224380814677,19.794176196387568,tno-rate
Makemake,22,201.60225741973005,19.79417007907617,tno-rate
Makemake,23,201.60227103131334,19.794163961764774,tno-rate
Makemake,24,201.60228464289662,19.794157844453377,tno-rate
Makemake,25,201.60229825447993,19.794151727141983,tno-rate
Makemake,26,201.60231186606322,19.794145609830586,tno-rate
Makemake,27,201.6023254776465,19.79413949251919,tno-rate
Makemake,28,201.6023390892298,19.794133375207792,tno-rate
Makemake,29,201.60235270081307,19.794127257896395,tno-rate
Makemake,30,201.60236631239636,19.794121140585,tno-rate
Orcus,-30,161.17414560414417,-13.53228227894234,tno-rate
Orcus,-20,161.1742717819853,-13.532359738315368,tno-rate
Orcus,-15,161.17433487090588,-13.53239846800188,tno-rate
Orcus,-10,161.17439795982645,-13.532437197688393,tno-rate
Orcus,-5,161.17446104874702,-13.532475927374906,tno-rate
Orcus,-2,161.17449890209937,-13.532499165186815,tno-rate
Orcus,-1,161.17451151988348,-13.532506911124116,tno-rate
Orcus,0,161.1745241376676,-13.53251465706142,tno-rate
Orcus,1,161.1745367554517,-13.532522402998723,tno-rate
Orcus,2,161.1745493732358,-13.532530148936024,tno-rate
Orcus,3,161.17456199101994,-13.532537894873327,tno-rate
Orcus,4,161.17457460880405,-13.53254564081063,tno-rate
Orcus,5,161.17458722658816,-13.532553386747933,tno-rate
Orcus,6,161.17459984437227,-13.532561132685235,tno-rate
Orcus,7,161.17461246215638,-13.532568878622538,tno-rate
Orcus,8,161.1746250799405,-13.532576624559841,tno-rate
Orcus,9,161.17463769772462,-13.532584370497144,tno-rate
Orcus,10,161.17465031550873,-13.532592116434445,tno-rate
Orcus,11,161.17466293329284,-13.532599862371749,tno-rate
Orcus,12,161.17467555107694,-13.532607608309052,tno-rate
Orcus,13,161.17468816886108,-13.532615354246353,tno-rate
Orcus,14,161.1747007866452,-13.532623100183656,tno-rate
Orcus,15,161.1747134044293,-13.53263084612096,tno-rate
Orcus,16,161.1747260222134,-13.532638592058262,tno-rate
Orcus,17,161.1747386399975,-13.532646337995564,tno-rate
Orcus,18,161.17475125778165,-13.532654083932867,tno-rate
Orcus,19,161.17476387556576,-13.53266182987017,tno-rate
Orcus,20,161.17477649334987,-13.532669575807471,tno-rate
Orcus,21,161.17478911113398,-13.532677321744774,tno-rate
Orcus,22,161.17480172891808,-13.532685067682078,tno-rate
Orcus,23,161.17481434670222,-13.53269281361938,tno-rate
Orcus,24,161.17482696448633,-13.532700559556682,tno-rate
Orcus,25,161.17483958227044,-13.532708305493985,tno-rate
Orcus,26,161.17485220005454,-13.532716051431288,tno-rate
Orcus,27,161.17486481783865,-13.532723797368591,tno-rate
Orcus,28,161.1748774356228,-13.532731543305893,tno-rate
Orcus,29,161.1748900534069,-13.532739289243196,tno-rate
Orcus,30,161.174902671191,-13.532747035180499,tno-rate
Quaoar,-30,280.5486070451481,-15.078781611362082,tno-rate
Quaoar,-20,280.5486413812421,-15.078802515454106,tno-rate
Quaoar,-15,280.54865854928903,-15.078812967500117,tno-rate
Quaoar,-10,280.54867571733604,-15.078823419546127,tno-rate
Quaoar,-5,280.548692885383,-15.078833871592138,tno-rate
Quaoar,-2,280.5487031862112,-15.078840142819745,tno-rate
Quaoar,-1,280.5487066198206,-15.078842233228947,tno-rate
Quaoar,0,280.54871005343,-15.07884432363815,tno-rate
Quaoar,1,280.5487134870394,-15.078846414047351,tno-rate
Quaoar,2,280.5487169206488,-15.078848504456554,tno-rate
Quaoar,3,280.5487203542582,-15.078850594865756,tno-rate
Quaoar,4,280.5487237878676,-15.078852685274958,tno-rate
Quaoar,5,280.548727221477,-15.07885477568416,tno-rate
Quaoar,6,280.5487306550864,-15.078856866093362,tno-rate
Quaoar,7,280.54873408869577,-15.078858956502565,tno-rate
Quaoar,8,280.54873752230515,-15.078861046911767,tno-rate
Quaoar,9,280.5487409559146,-15.078863137320969,tno-rate
Quaoar,10,280.54874438952396,-15.078865227730171,tno-rate
Quaoar,11,280.54874782313334,-15.078867318139373,tno-rate
Quaoar,12,280.5487512567428,-15.078869408548575,tno-rate
Quaoar,13,280.54875469035215,-15.078871498957778,tno-rate
Quaoar,14,280.54875812396153,-15.07887358936698,tno-rate
Quaoar,15,280.54876155757097,-15.078875679776182,tno-rate
Quaoar,16,280.54876499118035,-15.078877770185384,tno-rate
Quaoar,17,280.5487684247897,-15.078879860594586,tno-rate
Quaoar,18,280.5487718583991,-15.078881951003789,tno-rate
Quaoar,19,280.54877529200854,-15.07888404141299,tno-rate
Quaoar,20,280.5487787256179,-15.078886131822193,tno-rate
Quaoar,21,280.5487821592273,-15.078888222231395,tno-rate
Quaoar,22,280.54878559283674,-15.078890312640597,tno-rate
Quaoar,23,280.5487890264461,-15.0788924030498,tno-rate
Quaoar,24,280.5487924600555,-15.078894493459003,tno-rate
Quaoar,25,280.54879589366493,-15.078896583868206,tno-rate
Quaoar,26,280.5487993272743,-15.078898674277408,tno-rate
Quaoar,27,280.5488027608837,-15.07890076468661,tno-rate
Quaoar,28,280.5488061944931,-15.078902855095812,tno-rate
Quaoar,29,280.5488096281025,-15.078904945505014,tno-rate
Quaoar,30,280.5488130617119,-15.078907035914217,tno-rate
Sedna,-30,62.331466230457195,8.865245764106222,tno-rate
Sedna,-20,62.331426127975135,8.865224813884158,tno-rate
Sedna,-15,62.331406076734105,8.865214338773125,tno-rate
Sedna,-10,62.33138602549307,8.865203863662092,tno-rate
Sedna,-5,62.33136597425204,8.865193388551061,tno-rate
Sedna,-2,62.331353943507416,8.865187103484441,tno-rate
Sedna,-1,62.33134993325921,8.865185008462236,tno-rate
Sedna,0,62.33134592301101,8.865182913440028,tno-rate
Sedna,1,62.3313419127628,8.865180818417821,tno-rate
Sedna,2,62.3313379025146,8.865178723395616,tno-rate
Sedna,3,62.331333892266386,8.865176628373408,tno-rate
Sedna,4,62.33132988201818,8.865174533351203,tno-rate
Sedna,5,62.33132587176998,8.865172438328996,tno-rate
Sedna,6,62.33132186152177,8.86517034330679,tno-rate
Sedna,7,62.33131785127356,8.865168248284583,tno-rate
Sedna,8,62.331313841025356,8.865166153262377,tno-rate
Sedna,9,62.33130983077715,8.86516405824017,tno-rate
Sedna,10,62.33130582052895,8.865161963217965,tno-rate
Sedna,11,62.331301810280735,8.865159868195757,tno-rate
Sedna,12,62.33129780003253,8.865157773173552,tno-rate
Sedna,13,62.331293789784326,8.865155678151345,tno-rate
Sedna,14,62.33128977953612,8.865153583129139,tno-rate
Sedna,15,62.33128576928791,8.865151488106932,tno-rate
Sedna,16,62.331281759039705,8.865149393084724,tno-rate
Sedna,17,62.3312777487915,8.865147298062519,tno-rate
Sedna,18,62.331273738543295,8.865145203040312,tno-rate
Sedna,19,62.331269728295084,8.865143108018106,tno-rate
Sedna,20,62.33126571804688,8.865141012995899,tno-rate
Sedna,21,62.331261707798674,8.865138917973693,tno-rate
Sedna,22,62.33125769755047,8.865136822951486,tno-rate
Sedna,23,62.33125368730226,8.86513472792928,tno-rate
Sedna,24,62.33124967705405,8.865132632907073,tno-rate
Sedna,25,62.33124566680585,8.865130537884868,tno-rate
Sedna,26,62.331241656557644,8.86512844286266,tno-rate
Sedna,27,62.33123764630944,8.865126347840455,tno-rate
Sedna,28,62.33123363606123,8.865124252818248,tno-rate
Sedna,29,62.33122962581302,8.86512215779604,tno-rate
Sedna,30,62.33122561556482,8.865120062773835,tno-rate
Transpluto,-30,156.48946057473458,9.810020415553822,engine
Transpluto,-20,156.4895193366175,9.80999770753941,engine
Transpluto,-15,156.48954871605366,9.809986354059436,engine
Transpluto,-10,156.48957809448126,9.809975000932953,engine
Transpluto,-5,156.48960747190833,9.809963648156936,engine
Transpluto,-2,156.4896250978802,9.809956836661181,engine
Transpluto,-1,156.4896309731238,9.80995456619075,engine
Transpluto,0,156.48963684832728,9.80995229573439,engine
Transpluto,1,156.48964272349053,9.809950025292144,engine
Transpluto,2,156.48964859861368,9.809947754863943,engine
Transpluto,3,156.48965447369667,9.809945484449829,engine
Transpluto,4,156.48966034873942,9.809943214049804,engine
Transpluto,5,156.4896662237421,9.809940943663817,engine
Transpluto,6,156.48967209870494,9.809938673291791,engine
Transpluto,7,156.4896779736273,9.809936402933984,engine
Transpluto,8,156.48968384850946,9.809934132590286,engine
Transpluto,9,156.48968972335155,9.809931862260619,engine
Transpluto,10,156.4896955981534,9.809929591945005,engine
Transpluto,11,156.4897014729151,9.809927321643523,engine
Transpluto,12,156.48970734763668,9.80992505135613,engine
Transpluto,13,156.48971322231813,9.809922781082768,engine
Transpluto,14,156.4897190969594,9.809920510823517,engine
Transpluto,15,156.48972497156058,9.80991824057831,engine
Transpluto,16,156.48973084612155,9.809915970347223,engine
Transpluto,17,156.48973672064633,9.809913700128627,engine
Transpluto,18,156.48974259512707,9.80991142992568,engine
Transpluto,19,156.48974846956767,9.809909159736815,engine
Transpluto,20,156.4897543439681,9.809906889562003,engine
Transpluto,21,156.4897602183284,9.809904619401257,engine
Transpluto,22,156.48976609264858,9.809902349254598,engine
Transpluto,23,156.48977196692866,9.80990007912204,engine
Transpluto,24,156.4897778411685,9.809897809003543,engine
Transpluto,25,156.4897837153683,9.80989553889912,engine
Transpluto,26,156.48978958952793,9.809893268808802,engine
Transpluto,27,156.48979546364745,9.809890998732488,engine
Transpluto,28,156.48980133772687,9.809888728670277,engine
Transpluto,29,156.48980721177008,9.809886458620648,engine
Transpluto,30,156.48981308576924,9.809884188586606,engine
Part_of_Fortune,-30,177.60797554343907,6.878322034322469,engine
Part_of_Fortune,-20,180.1810160890159,6.671885215455507,engine
Part_of_Fortune,-15,181.4691858599245,6.583322850962798,engine
Part_of_Fortune,-10,182.75846597794504,6.504561083806429,engine
Part_of_Fortune,-5,184.0488642376131,6.43562186983133,engine
Part_of_Fortune,-2,184.82364255025976,6.398982193095094,engine
Part_of_Fortune,-1,185.0819922160834,6.387557313127019,engine
Part_of_Fortune,0,185.34038707405549,6.376526889954288,engine
Part_of_Fortune,1,185.59882717361646,6.365891094300835,engine
Part_of_Fortune,2,185.85731256045926,6.355650096646947,engine
Part_of_Fortune,3,186.11584328020018,6.345804067127158,engine
Part_of_Fortune,4,186.37441937651346,6.336353175580317,engine
Part_of_Fortune,5,186.63304089369205,6.327297590284687,engine
Part_of_Fortune,6,186.8917080432218,6.3186374794462346,engine
Part_of_Fortune,7,187.15042053065514,6.310373017755737,engine
Part_of_Fortune,8,187.40917856402427,6.302504370195869,engine
Part_of_Fortune,9,187.66798216598744,6.295031695938828,engine
Part_of_Fortune,10,187.9268314080021,6.287955181296361,engine
Part_of_Fortune,11,188.18572631260793,6.2812749848059575,engine
Part_of_Fortune,12,188.44466691544625,6.274991273933011,engine
Part_of_Fortune,13,188.70365325204943,6.269104215815684,engine
Part_of_Fortune,14,188.9626853560296,6.263613977330003,engine
Part_of_Fortune,15,189.22176326275513,6.258520725018069,engine
Part_of_Fortune,16,189.48088700380458,6.25382462516918,engine
Part_of_Fortune,17,189.74005678400798,6.249525841020802,engine
Part_of_Fortune,18,189.9992722871574,6.245624544001597,engine
Part_of_Fortune,19,190.25853371602403,6.2421208964860035,engine
Part_of_Fortune,20,190.51784109811229,6.23901506353268,engine
Part_of_Fortune,21,190.77719446266659,6.2363072098871974,engine
Part_of_Fortune,22,191.03659383514224,6.233997499972915,engine
Part_of_Fortune,23,191.29603924090623,6.232086097885368,engine
Part_of_Fortune,24,191.55553070334514,6.230573167370185,engine
Part_of_Fortune,25,191.815068247642,6.229458871831493,engine
Part_of_Fortune,26,192.07465189513297,6.228743374302052,engine
Part_of_Fortune,27,192.33428166614084,6.228426837447966,engine
Part_of_Fortune,28,192.5939575827614,6.228509423560638,engine
Part_of_Fortune,29,192.8536798374298,6.228991294969731,engine
Part_of_Fortune,30,193.11344809951385,6.229872612497093,engine
Part_of_Spirit,-30,338.1261908928731,-52.812456477706206,engine
Part_of_Spirit,-20,340.5437512971348,-52.951900912750546,engine
Part_of_Spirit,-15,341.75290403132846,-53.00667520085193,engine
Part_of_Spirit,-10,342.9623046699273,-53.05146462152616,engine
Part_of_Spirit,-5,344.1719531269979,-53.086255018277335,engine
Part_of_Spirit,-2,344.8978607686378,-53.102323931247305,engine
Part_of_Spirit,-1,345.1398497189402,-53.10687869670127,engine
Part_of_Spirit,0,345.3818485286407,-53.11103251051861,engine
Part_of_Spirit,1,345.623857192889,-53.11478526497213,engine
Part_of_Spirit,2,345.865875703704,-53.1181368526341,engine
Part_of_Spirit,3,346.1079040537351,-53.12108716648527,engine
Part_of_Spirit,4,346.3499422344061,-53.123636099848014,engine
Part_of_Spirit,5,346.5919902407917,-53.12578354528284,engine
Part_of_Spirit,6,346.83404822874536,-53.12752940248856,engine
Part_of_Spirit,7,347.07611585604417,-53.128873557727886,engine
Part_of_Spirit,8,347.31819328118445,-53.1298159093314,engine
Part_of_Spirit,9,347.56028051189065,-53.130356343219376,engine
Part_of_Spirit,10,347.8023775039031,-53.130494773045605,engine
Part_of_Spirit,11,348.04448426613874,-53.13023108538316,engine
Part_of_Spirit,12,348.2866007875022,-53.129565176262275,engine
Part_of_Spirit,13,348.5287270575392,-53.12849694202447,engine
Part_of_Spirit,14,348.7708630645203,-53.12702627934603,engine
Part_of_Spirit,15,349.0130087992133,-53.12515308522444,engine
Part_of_Spirit,16,349.2551642492531,-53.1228772569737,engine
Part_of_Spirit,17,349.4973295648184,-53.120198690308655,engine
Part_of_Spirit,18,349.7395044100074,-53.117117286779575,engine
Part_of_Spirit,19,349.9816889343378,-53.11363294303591,engine
Part_of_Spirit,20,350.2238831241525,-53.1097455577099,engine
Part_of_Spirit,21,350.4660869682971,-53.105455029767626,engine
Part_of_Spirit,22,350.7083004524681,-53.10076125853003,engine
Part_of_Spirit,23,350.95052356296515,-53.09566414367359,engine
Part_of_Spirit,24,351.192756284851,-53.09016358524262,engine
Part_of_Spirit,25,351.4349986056311,-53.08425948361332,engine
Part_of_Spirit,26,351.67725050971035,-53.07795173957254,engine
Part_of_Spirit,27,351.9195119811499,-53.07124025431307,engine
Part_of_Spirit,28,352.16178300647323,-53.06412492936387,engine
Part_of_Spirit,29,352.4040637315609,-53.05660566153546,engine
Part_of_Spirit,30,352.64635381501665,-53.04868236332537,engine
Ascendant,-30,257.8670832181561,-22.967067221691867,engine
Ascendant,-20,260.36238369307534,-23.140007848647517,engine
Ascendant,-15,261.6110449456265,-23.211676174944564,engine
Ascendant,-10,262.86038532393616,-23.273451768859864,engine
Ascendant,-5,264.1104086823055,-23.325316574223002,engine
Ascendant,-2,264.8607516594488,-23.351670869076106,engine
Ascendant,-1,265.1109209675118,-23.359660691787127,engine
Ascendant,0,265.3611178013481,-23.367252810282164,engine
Ascendant,1,265.6113421832527,-23.374447085335646,engine
Ascendant,2,265.8615941320816,-23.381243377993577,engine
Ascendant,3,266.11187366696765,-23.387641549679056,engine
Ascendant,4,266.3621808054598,-23.393641462133846,engine
Ascendant,5,266.61251556724187,-23.399242977499078,engine
Ascendant,6,266.8628781359836,-23.404445961521166,engine
Ascendant,7,267.11326819334965,-23.409250269986074,engine
Ascendant,8,267.36368592260436,-23.413655769567765,engine
Ascendant,9,267.61413133893905,-23.417662323640272,engine
Ascendant,10,267.8646044559526,-23.421269795874622,engine
Ascendant,11,268.11510528937333,-23.424478050288602,engine
Ascendant,12,268.36563385147423,-23.427286951164632,engine
Ascendant,13,268.6161901547943,-23.42969636310439,engine
Ascendant,14,268.86677421027497,-23.431706151008015,engine
Ascendant,15,269.1173860309842,-23.433316180103187,engine
Ascendant,16,269.36802562652883,-23.43452631590226,engine
Ascendant,17,269.6186931744132,-23.43533642464393,engine
Ascendant,18,269.8693883485824,-23.435746371388987,engine
Ascendant,19,270.1201113251809,-23.43575602327495,engine
Ascendant,20,270.3708621111324,-23.435365247088612,engine
Ascendant,21,270.6216407154818,-23.434573909940212,engine
Ascendant,22,270.8724471438052,-23.433381879278556,engine
Ascendant,23,271.1232814019357,-23.43178902289411,engine
Ascendant,24,271.37414349409806,-23.42979520893622,engine
Ascendant,25,271.62503342663655,-23.427400305890913,engine
Ascendant,26,271.8759512024217,-23.424604182635242,engine
Ascendant,27,272.1268968236454,-23.421406708432553,engine
Ascendant,28,272.3778702946173,-23.417807752901616,engine
Ascendant,29,272.62887178449535,-23.413807183282863,engine
Ascendant,30,272.87990095726525,-23.409404875414136,engine
Midheaven,-30,169.22083939117198,4.635243192687874,engine
Midheaven,-20,171.7286362826598,3.568754148832063,engine
Midheaven,-15,172.98244600789224,3.0318831129505117,engine
Midheaven,-10,174.2361953382841,2.493054238556155,engine
Midheaven,-5,175.48988399081952,1.9526168949405522,engine
Midheaven,-2,176.24206765889483,1.6277290408108411,engine
Midheaven,-1,176.49279062402746,1.5193458343608148,engine
Midheaven,0,176.7435111209446,1.4109237355583282,engine
Midheaven,1,176.99422914878295,1.3024655888379006,engine
Midheaven,2,177.24494470407444,1.1939742424764115,engine
Midheaven,3,177.4956577844715,1.0854525467622185,engine
Midheaven,4,177.74636838688514,0.9769033545804918,engine
Midheaven,5,177.99707651121042,0.8683295195789393,engine
Midheaven,6,178.24778232238918,0.7597338257392778,engine
Midheaven,7,178.49848548352924,0.6511192760377208,engine
Midheaven,8,178.7491861608857,0.5424886569020893,engine
Midheaven,9,178.99988435325133,0.433844828457397,engine
Midheaven,10,179.2505800586774,0.32519065209376624,engine
Midheaven,11,179.50127327820013,0.21652898862855618,engine
Midheaven,12,179.75196401025178,0.10786270050528136,engine
Midheaven,13,180.00265225438676,-0.0008053500445070468,engine
Midheaven,14,180.25333800941837,-0.10947230041673771,engine
Midheaven,15,180.50402127714466,-0.2181352894733339,engine
Midheaven,16,180.75470205676015,-0.32679145534281334,engine
Midheaven,17,181.00538051621422,-0.4354380099088483,engine
Midheaven,18,181.25605632074576,-0.5440719480182977,engine
Midheaven,19,181.50672963868692,-0.6526904836325699,engine
Midheaven,20,181.75740046999394,-0.7612907590206287,engine
Midheaven,21,182.00806881760718,-0.8698699192526267,engine
Midheaven,22,182.2587346818635,-0.9784251100008508,engine
Midheaven,23,182.50939806422105,-1.0869534793748379,engine
Midheaven,24,182.76005896539644,-1.1954521773354643,engine
Midheaven,25,183.01071738909027,-1.303918357527464,engine
Midheaven,26,183.26137333639878,-1.4123491750803927,engine
Midheaven,27,183.5120268086078,-1.520741788037476,engine
Midheaven,28,183.76267780998603,-1.629093358781064,engine
Midheaven,29,184.01332651027658,-1.7374011244477547,engine
Midheaven,30,184.26397257563903,-1.8456621080684024,engine
Vertex,-30,352.61672752181715,-3.1887011368560754,engine
Vertex,-20,352.6051200728386,-3.193675485929869,engine
Vertex,-15,172.60444528999756,3.1939646572076033,engine
Vertex,-10,172.60715391708888,3.192803898810659,engine
Vertex,-5,172.6132173906786,3.1902054151192103,engine
Vertex,-2,172.6184534487459,3.1879614786622326,engine
Vertex,-1,172.6204636647541,3.1870999818069663,engine
Vertex,0,172.6226058974561,3.186181902067877,engine
Vertex,1,172.62487989514327,3.1852073461958335,engine
Vertex,2,172.6272854042761,3.184176421661041,engine
Vertex,3,172.62982216953287,3.1830892366325534,engine
Vertex,4,172.6324899338109,3.1819458999785493,engine
Vertex,5,172.63528843828405,3.1807465212420474,engine
Vertex,6,172.63821742436394,3.1794912098011547,engine
Vertex,7,172.64127662583493,3.1781800782403744,engine
Vertex,8,172.64446578061415,3.1768132373110505,engine
Vertex,9,172.6477846230224,3.175390799244595,engine
Vertex,10,172.65123288570305,3.173912876930713,engine
Vertex,11,172.6548102996916,3.1723795838882833,engine
Vertex,12,172.65851659435626,3.1707910342913244,engine
Vertex,13,172.66235149746592,3.1691473429405725,engine
Vertex,14,172.6663147351798,3.167448625268642,engine
Vertex,15,172.67040603212425,3.165694997307721,engine
Vertex,16,172.6746251113209,3.163886575721013,engine
Vertex,17,172.67897169721175,3.1620234765067017,engine
Vertex,18,172.68344550394937,3.1601058200181664,engine
Vertex,19,172.68804625285367,3.158133723481633,engine
Vertex,20,172.69277366086945,3.1561073059446763,engine
Vertex,21,172.6976274435176,3.154026687011889,engine
Vertex,22,172.70260731480622,3.151891986883713,engine
Vertex,23,172.70771298731623,3.149703326320242,engine
Vertex,24,172.7129441721814,3.147460826650734,engine
Vertex,25,172.71830057918203,3.1451646097341013,engine
Vertex,26,172.72378191664464,3.1428147980026435,engine
Vertex,27,172.72938789151408,3.140411514431757,engine
Vertex,28,172.73511820943384,3.137954882506506,engine
Vertex,29,172.7409725786042,3.135445024568042,engine
Vertex,30,172.74695069408284,3.1328820685450176,engine
Algol,-30,47.04790933117673,40.9554097865094,engine
Algol,-20,47.04790558733231,40.95540869276029,engine
Algol,-15,47.04790376288239,40.95540811135613,engine
Algol,-10,47.04790197142487,40.9554075074005,engine
Algol,-5,47.047900213947486,40.95540688125789,engine
Algol,-2,47.04789917617683,40.95540649507832,engine
Algol,-1,47.047898833085384,40.95540636462112,engine
Algol,0,47.047898491422714,40.95540623330373,engine
Algol,1,47.0478981511964,40.95540610112924,engine
Algol,2,47.04789781241402,40.95540596810085,engine
Algol,3,47.04789747508308,40.955405834221644,engine
Algol,4,47.047897139211116,40.95540569949485,engine
Algol,5,47.0478968048053,40.95540556392351,engine
Algol,6,47.04789647187364,40.95540542751103,engine
Algol,7,47.04789614042329,40.955405290260565,engine
Algol,8,47.047895810461625,40.9554051521753,engine
Algol,9,47.04789548199604,40.9554050132585,engine
Algol,10,47.047895155033835,40.955404873513444,engine
Algol,11,47.047894829582326,40.955404732943386,engine
Algol,12,47.04789450564882,40.955404591551634,engine
Algol,13,47.047894183240516,40.95540444934151,engine
Algol,14,47.04789386236467,40.95540430631633,engine
Algol,15,47.04789354302845,40.95540416247943,engine
Algol,16,47.04789322523904,40.955404017834184,engine
Algol,17,47.04789290900334,40.95540387238386,engine
Algol,18,47.04789259432888,40.95540372613204,engine
Algol,19,47.04789228122251,40.95540357908204,engine
Algol,20,47.047891969691285,40.95540343123727,engine
Algol,21,47.04789165974221,40.95540328260119,engine
Algol,22,47.04789135138229,40.95540313317722,engine
Algol,23,47.04789104461841,40.95540298296881,engine
Algol,24,47.04789073945756,40.955402831979505,engine
Algol,25,47.04789043590658,40.95540268021274,engine
Algol,26,47.04789013397236,40.95540252767207,engine
Algol,27,47.047889833661706,40.955402374360986,engine
Algol,28,47.04788953498143,40.955402220283034,engine
Algol,29,47.04788923793808,40.95540206544167,engine
Algol,30,47.04788894253879,40.95540190984068,engine
Pleiades,-30,56.875379172966184,24.105368261427305,engine
Pleiades,-20,56.87537582217253,24.105367760757822,engine
Pleiades,-15,56.87537417563411,24.105367486708463,engine
Pleiades,-10,56.87537254956329,24.105367197067533,engine
Pleiades,-5,56.875370944868834,24.105366892007844,engine
Pleiades,-2,56.875369992687425,24.105366701645785,engine
Pleiades,-1,56.87536967710899,24.10536663697957,engine
Pleiades,0,56.87536936245007,24.105366571709805,engine
Pleiades,1,56.875369048717744,24.105366505837956,engine
Pleiades,2,56.87536873591905,24.105366439365593,engine
Pleiades,3,56.87536842406102,24.105366372294263,engine
Pleiades,4,56.87536811315071,24.105366304625516,engine
Pleiades,5,56.875367803194834,24.10536623636087,engine
Pleiades,6,56.875367494200866,24.10536616750202,engine
Pleiades,7,56.87536718617554,24.105366098050492,engine
Pleiades,8,56.8753668791258,24.105366028007897,engine
Pleiades,9,56.87536657305856,24.10536595737585,engine
Pleiades,10,56.875366267980745,24.105365886155973,engine
Pleiades,11,56.87536596389922,24.105365814349913,engine
Pleiades,12,56.87536566082087,24.105365741959314,engine
Pleiades,13,56.87536535875254,24.105365668985833,engine
Pleiades,14,56.875365057701046,24.105365595431152,engine
Pleiades,15,56.87536475767323,24.10536552129695,engine
Pleiades,16,56.875364458675854,24.10536544658492,engine
Pleiades,17,56.87536416071553,24.10536537129669,engine
Pleiades,18,56.87536386379934,24.105365295434122,engine
Pleiades,19,56.87536356793388,24.105365218998852,engine
Pleiades,20,56.87536327312584,24.105365141992657,engine
Pleiades,21,56.87536297938189,24.10536506441726,engine
Pleiades,22,56.87536268670873,24.105364986274424,engine
Pleiades,23,56.87536239511301,24.105364907565907,engine
Pleiades,24,56.875362104601344,24.105364828293514,engine
Pleiades,25,56.87536181518034,24.105364748459035,engine
Pleiades,26,56.8753615268566,24.10536466806424,engine
Pleiades,27,56.875361239636696,24.105364587110977,engine
Pleiades,28,56.875360953527135,24.105364505601067,engine
Pleiades,29,56.8753606685343,24.105364423536283,engine
Pleiades,30,56.87536038466504,24.10536434091858,engine
Capella,-30,79.176144173358,45.99296335294659,engine
Capella,-20,79.17613950082662,45.992963416706715,engine
Capella,-15,79.17613716797027,45.99296340278644,engine
Capella,-10,79.17613483916827,45.992963358379384,engine
Capella,-5,79.17613251575347,45.99296328353891,engine
Capella,-2,79.17613112484456,45.99296322405425,engine
Capella,-1,79.17613066179536,45.99296320179964,engine
Capella,0,79.17613019905741,45.99296317833296,engine
Capella,1,79.17612973664131,45.99296315365491,engine
Capella,2,79.17612927455767,45.99296312776623,engine
Capella,3,79.17612881281708,45.99296310066766,engine
Capella,4,79.17612835143017,45.992963072359956,engine
Capella,5,79.1761278904071,45.992963042843925,engine
Capella,6,79.17612742975923,45.99296301212044,engine
Capella,7,79.17612696949674,45.99296298019031,engine
Capella,8,79.17612650963018,45.992962947054394,engine
Capella,9,79.17612605017014,45.992962912713594,engine
Capella,10,79.17612559112715,45.992962877168836,engine
Capella,11,79.17612513251174,45.99296284042103,engine
Capella,12,79.17612467433446,45.99296280247114,engine
Capella,13,79.17612421660581,45.99296276332017,engine
Capella,14,79.17612375933635,45.99296272296912,engine
Capella,15,79.17612330253652,45.99296268141902,engine
Capella,16,79.17612284621686,45.9929626386709,engine
Capella,17,79.17612239038755,45.992962594725846,engine
Capella,18,79.17612193505967,45.992962549584966,engine
Capella,19,79.1761214802434,45.992962503249395,engine
Capella,20,79.17612102594916,45.99296245572027,engine
Capella,21,79.17612057218743,45.99296240699872,engine
Capella,22,79.17612011896864,45.992962357085986,engine
Capella,23,79.17611966630321,45.99296230598325,engine
Capella,24,79.17611921420159,45.99296225369175,engine
Capella,25,79.17611876267414,45.992962200212745,engine
Capella,26,79.1761183117313,45.99296214554753,engine
Capella,27,79.17611786138342,45.992962089697386,engine
Capella,28,79.17611741164089,45.99296203266368,engine
Capella,29,79.17611696251377,45.992961974447645,engine
Capella,30,79.176116514013,45.992961915050806,engine
Sirius,-30,101.28318065990453,-16.721605295268976,engine
Sirius,-20,101.28317757426952,-16.721605755498057,engine
Sirius,-15,101.28317600873672,-16.721605968424832,engine
Sirius,-10,101.28317442928207,-16.72160616977254,engine
Sirius,-5,101.28317283682959,-16.721606359457777,engine
Sirius,-2,101.28317187550631,-16.72160646763827,engine
Sirius,-1,101.28317155413475,-16.721606502756426,engine
Sirius,0,101.28317123231045,-16.721606537402618,engine
Sirius,1,101.28317091004092,-16.721606571576284,engine
Sirius,2,101.28317058733366,-16.72160660527687,engine
Sirius,3,101.28317026419622,-16.721606638503854,engine
Sirius,4,101.2831699406361,-16.721606671256676,engine
Sirius,5,101.28316961666063,-16.721606703534853,engine
Sirius,6,101.28316929227788,-16.721606735337822,engine
Sirius,7,101.2831689674951,-16.7216067666651,engine
Sirius,8,101.2831686423199,-16.721606797516188,engine
Sirius,9,101.28316831675981,-16.721606827890607,engine
Sirius,10,101.28316799082248,-16.721606857787865,engine
Sirius,11,101.28316766451545,-16.721606887207503,engine
Sirius,12,101.28316733784631,-16.721606916149053,engine
Sirius,13,101.28316701082268,-16.721606944612073,engine
Sirius,14,101.28316668345217,-16.721606972596124,engine
Sirius,15,101.2831663557424,-16.721607000100768,engine
Sirius,16,101.28316602770097,-16.721607027125575,engine
Sirius,17,101.2831656993353,-16.721607053670166,engine
Sirius,18,101.28316537065349,-16.721607079734085,engine
Sirius,19,101.28316504166293,-16.721607105316963,engine
Sirius,20,101.28316471237127,-16.721607130418402,engine
Sirius,21,101.28316438278617,-16.721607155038036,engine
Sirius,22,101.28316405291528,-16.721607179175507,engine
Sirius,23,101.28316372276629,-16.721607202830437,engine
Sirius,24,101.28316339234684,-16.721607226002483,engine
Sirius,25,101.28316306166462,-16.72160724869131,engine
Sirius,26,101.2831627307273,-16.721607270896577,engine
Sirius,27,101.28316239954256,-16.72160729261798,engine
Sirius,28,101.28316206811812,-16.721607313855184,engine
Sirius,29,101.2831617364614,-16.721607334607917,engine
Sirius,30,101.28316140458058,-16.721607354875854,engine
Procyon,-30,114.81917036180222,5.2190243870305775,engine
Procyon,-20,114.81916779697941,5.219024503997558,engine
Procyon,-15,114.81916647926109,5.219024557614958,engine
Procyon,-10,114.81916513905107,5.219024607930475,engine
Procyon,-5,114.81916377714707,5.219024654902723,engine
Procyon,-2,114.81916294992762,5.219024681464673,engine
Procyon,-1,114.81916267254739,5.21902469004656,engine
Procyon,0,114.81916239435787,5.219024698491893,engine
Procyon,1,114.81916211536564,5.219024706800369,engine
Procyon,2,114.8191618355773,5.219024714971692,engine
Procyon,3,114.81916155499947,5.2190247230055675,engine
Procyon,4,114.81916127363874,5.2190247309017,engine
Procyon,5,114.81916099150156,5.219024738659813,engine
Procyon,6,114.81916070859504,5.219024746279602,engine
Procyon,7,114.81916042492556,5.219024753760785,engine
Procyon,8,114.81916014049987,5.219024761103082,engine
Procyon,9,114.81915985532468,5.219024768306219,engine
Procyon,10,114.81915956940665,5.219024775369916,engine
Procyon,11,114.81915928275252,5.219024782293898,engine
Procyon,12,114.81915899536905,5.219024789077898,engine
Procyon,13,114.81915870726299,5.219024795721644,engine
Procyon,14,114.81915841844109,5.219024802224869,engine
Procyon,15,114.81915812891016,5.2190248085873145,engine
Procyon,16,114.81915783867699,5.219024814808714,engine
Procyon,17,114.81915754774816,5.219024820888818,engine
Procyon,18,114.81915725613094,5.219024826827362,engine
Procyon,19,114.81915696383192,5.219024832624098,engine
Procyon,20,114.81915667085799,5.219024838278778,engine
Procyon,21,114.819156377216,5.21902484379115,engine
Procyon,22,114.81915608291278,5.219024849160975,engine
Procyon,23,114.8191557879553,5.21902485438801,engine
Procyon,24,114.8191554923504,5.219024859472019,engine
Procyon,25,114.81915519610499,5.219024864412756,engine
Procyon,26,114.81915489922604,5.219024869209996,engine
Procyon,27,114.81915460172046,5.219024873863508,engine
Procyon,28,114.81915430359518,5.219024878373062,engine
Procyon,29,114.81915400485701,5.21902488273844,engine
Procyon,30,114.81915370551327,5.2190248869594065,engine
Alkaid,-30,206.87609932033138,49.31554932453211,engine
Alkaid,-20,206.87610254310331,49.315551165985696,engine
Alkaid,-15,206.8761040750245,49.315552114780225,engine
Alkaid,-10,206.8761055528833,49.315553081517336,engine
Alkaid,-5,206.87610697589818,49.31555406560968,engine
Alkaid,-2,206.87610780306633,49.31555466414789,engine
Alkaid,-1,206.87610807431344,49.315554864978935,engine
Alkaid,0,206.87610834331306,49.315555066461044,engine
Alkaid,1,206.87610861005942,49.31555526858942,engine
Alkaid,2,206.87610887454682,49.31555547135915,engine
Alkaid,3,206.87610913676966,49.31555567476536,engine
Alkaid,4,206.87610939672226,49.31555587880316,engine
Alkaid,5,206.87610965439924,49.31555608346781,engine
Alkaid,6,206.87610990979474,49.31555628875407,engine
Alkaid,7,206.8761101629034,49.31555649465714,engine
Alkaid,8,206.8761104137198,49.31555670117213,engine
Alkaid,9,206.87611066223857,49.315556908294035,engine
Alkaid,10,206.8761109084543,49.31555711601792,engine
Alkaid,11,206.87611115236174,49.3155573243388,engine
Alkaid,12,206.8761113939556,49.315557533251706,engine
Alkaid,13,206.87611163323064,49.315557742751615,engine
Alkaid,14,206.8761118701817,49.315557952833515,engine
Alkaid,15,206.87611210480364,49.31555816349242,engine
Alkaid,16,206.8761123370914,49.31555837472325,engine
Alkaid,17,206.87611256704002,49.315558586521135,engine
Alkaid,18,206.87611279464426,49.31555879888071,engine
Alkaid,19,206.8761130198993,49.315559011797085,engine
Alkaid,20,206.87611324280022,49.31555922526516,engine
Alkaid,21,206.8761134633422,49.315559439279866,engine
Alkaid,22,206.87611368152034,49.31555965383607,engine
Alkaid,23,206.87611389732993,49.31555986892871,engine
Alkaid,24,206.87611411076622,49.31556008455265,engine
Alkaid,25,206.87611432182453,49.31556030070275,engine
Alkaid,26,206.87611453050025,49.31556051737387,engine
Alkaid,27,206.87611473678876,49.3155607345609,engine
Alkaid,28,206.87611494068548,49.31556095225865,engine
Alkaid,29,206.87611514218614,49.315561170462104,engine
Alkaid,30,206.87611534128592,49.31556138916579,engine
Algorab,-30,187.45907728594298,-16.514200596703017,engine
Algorab,-20,187.45907848734538,-16.514201516695845,engine
Algorab,-15,187.45907902424125,-16.51420198176211,engine
Algorab,-10,187.4590795182566,-16.514202449865603,engine
Algorab,-5,187.4590799691595,-16.51420292074766,engine
Algorab,-2,187.4590802189184,-16.51420320450239,engine
Algorab,-1,187.459080298698,-16.51420329927902,engine
Algorab,0,187.45908037673846,-16.514203394148048,engine
Algorab,1,187.45908045303824,-16.514203489107356,engine
Algorab,2,187.45908052759592,-16.514203584154856,engine
Algorab,3,187.45908060041018,-16.51420367928845,engine
Algorab,4,187.4590806714796,-16.514203774506026,engine
Algorab,5,187.45908074080288,-16.51420386980558,engine
Algorab,6,187.45908080837873,-16.514203965184844,engine
Algorab,7,187.45908087420582,-16.51420406064179,engine
Algorab,8,187.45908093828305,-16.514204156174333,engine
Algorab,9,187.4590810006091,-16.514204251780342,engine
Algorab,10,187.45908106118293,-16.514204347457714,engine
Algorab,11,187.45908112000333,-16.51420444320434,engine
Algorab,12,187.45908117706927,-16.514204539018117,engine
Algorab,13,187.45908123237965,-16.51420463489693,engine
Algorab,14,187.45908128593348,-16.514204730838653,engine
Algorab,15,187.4590813377297,-16.51420482684118,engine
Algorab,16,187.45908138776744,-16.51420492290241,engine
Algorab,17,187.45908143604578,-16.514205019020274,engine
Algorab,18,187.45908148256376,-16.51420511519251,engine
Algorab,19,187.45908152732054,-16.514205211417103,engine
Algorab,20,187.45908157031533,-16.514205307691892,engine
Algorab,21,187.45908161154733,-16.514205404014785,engine
Algorab,22,187.45908165101577,-16.514205500383643,engine
Algorab,23,187.45908168871998,-16.51420559679635,engine
Algorab,24,187.4590817246592,-16.514205693250787,engine
Algorab,25,187.45908175883284,-16.514205789744828,engine
Algorab,26,187.45908179124027,-16.51420588627634,engine
Algorab,27,187.4590818218809,-16.514205982843205,engine
Algorab,28,187.45908185075413,-16.514206079443294,engine
Algorab,29,187.45908187785952,-16.51420617607453,engine
Algorab,30,187.45908190319656,-16.51420627273469,engine
Spica,-30,201.29273659813938,-11.159516983457008,engine
Spica,-20,201.29273848774884,-11.159517560663113,engine
Spica,-15,201.29273937633005,-11.159517855465019,engine
Spica,-10,201.29274022681165,-11.159518154187072,engine
Spica,-5,201.29274103875386,-11.159518456667723,engine
Spica,-2,201.29274150724396,-11.15951863989228,engine
Spica,-1,201.2927416602751,-11.159518701248599,engine
Spica,0,201.2927418117348,-11.159518762743454,engine
Spica,1,201.29274196161984,-11.159518824375509,engine
Spica,2,201.29274210992713,-11.159518886143445,engine
Spica,3,201.2927422566536,-11.159518948045925,engine
Spica,4,201.2927424017961,-11.159519010081612,engine
Spica,5,201.29274254535176,-11.159519072249212,engine
Spica,6,201.29274268731726,-11.159519134547308,engine
Spica,7,201.29274282768984,-11.159519196974587,engine
Spica,8,201.29274296646648,-11.159519259529718,engine
Spica,9,201.29274310364428,-11.159519322211347,engine
Spica,10,201.29274323922033,-11.159519385018127,engine
Spica,11,201.29274337319183,-11.159519447948703,engine
Spica,12,201.29274350555588,-11.159519511001726,engine
Spica,13,201.2927436363097,-11.159519574175837,engine
Spica,14,201.29274376545052,-11.159519637469677,engine
Spica,15,201.29274389297564,-11.159519700881892,engine
Spica,16,201.29274401888233,-11.159519764411112,engine
Spica,17,201.29274414316797,-11.159519828056006,engine
Spica,18,201.2927442658298,-11.159519891815135,engine
Spica,19,201.29274438686528,-11.159519955687173,engine
Spica,20,201.29274450627182,-11.159520019670738,engine
Spica,21,201.29274462404686,-11.159520083764457,engine
Spica,22,201.2927447401879,-11.15952014796696,engine
Spica,23,201.29274485469242,-11.159520212276865,engine
Spica,24,201.29274496755804,-11.159520276692795,engine
Spica,25,201.29274507878222,-11.159520341213362,engine
Spica,26,201.29274518836266,-11.159520405837188,engine
Spica,27,201.29274529629697,-11.15952047056288,engine
Spica,28,201.29274540258282,-11.159520535389051,engine
Spica,29,201.29274550721797,-11.159520600314362,engine
Spica,30,201.29274561020003,-11.159520665337324,engine
Arcturus,-30,213.90159560713485,19.170245447348574,engine
Arcturus,-20,213.90159813196342,19.170246104992604,engine
Arcturus,-15,213.90159934474232,19.170246447933174,engine
Arcturus,-10,213.90160052355535,19.170246799986074,engine
Arcturus,-5,213.90160166776667,19.17024716092092,engine
Arcturus,-2,213.90160233742597,19.17024738164763,engine
Arcturus,-1,213.90160255780523,19.170247455906114,engine
Arcturus,0,213.90160277675625,19.170247530502873,engine
Arcturus,1,213.90160299427424,19.170247605435975,engine
Arcturus,2,213.90160321035447,19.170247680703486,engine
Arcturus,3,213.90160342499217,19.170247756303482,engine
Arcturus,4,213.90160363818276,19.17024783223401,engine
Arcturus,5,213.90160384992166,19.170247908493188,engine
Arcturus,6,213.90160406020394,19.170247985078927,engine
Arcturus,7,213.90160426902514,19.17024806198933,engine
Arcturus,8,213.90160447638075,19.17024813922243,engine
Arcturus,9,213.90160468226617,19.170248216776262,engine
Arcturus,10,213.90160488667686,19.170248294648818,engine
Arcturus,11,213.9016050896084,19.17024837283814,engine
Arcturus,12,213.90160529105628,19.17024845134222,engine
Arcturus,13,213.90160549101606,19.17024853015907,engine
Arcturus,14,213.90160568948338,19.17024860928667,engine
Arcturus,15,213.90160588645384,19.170248688723024,engine
Arcturus,16,213.9016060819231,19.170248768466102,engine
Arcturus,17,213.90160627588693,19.17024884851394,engine
Arcturus,18,213.90160646834084,19.170248928864407,engine
Arcturus,19,213.90160665928067,19.170249009515516,engine
Arcturus,20,213.9016068487022,19.170249090465227,engine
Arcturus,21,213.9016070366012,19.1702491717115,engine
Arcturus,22,213.90160722297352,19.17024925325228,engine
Arcturus,23,213.90160740781502,19.170249335085508,engine
Arcturus,24,213.90160759112158,19.17024941720913,engine
Arcturus,25,213.90160777288912,19.170249499621065,engine
Arcturus,26,213.90160795311357,19.170249582319236,engine
Arcturus,27,213.90160813179088,19.170249665301572,engine
Arcturus,28,213.9016083089171,19.170249748565997,engine
Arcturus,29,213.90160848448838,19.170249832110468,engine
Arcturus,30,213.90160865850052,19.17024991593277,engine
Alphecca,-30,233.66857689172244,26.71752461546816,engine
Alphecca,-20,233.6685802439722,26.717525131824413,engine
Alphecca,-15,233.66858188702346,26.717525415334542,engine
Alphecca,-10,233.66858350680488,26.71752571547074,engine
Alphecca,-5,233.66858510241545,26.71752603202675,engine
Alphecca,-2,233.6685860478088,26.717526229752995,engine
Alphecca,-1,233.66858636090208,26.717526296950002,engine
Alphecca,0,233.66858667296475,26.7175263647882,engine
Alphecca,1,233.66858698398974,26.717526433265753,engine
Alphecca,2,233.6685872939703,26.71752650238087,engine
Alphecca,3,233.6685876028993,26.7175265721317,engine
Alphecca,4,233.66858791076982,26.717526642516418,engine
Alphecca,5,233.66858821757526,26.717526713533257,engine
Alphecca,6,233.6685885233083,26.717526785180183,engine
Alphecca,7,233.66858882796217,26.717526857455425,engine
Alphecca,8,233.6685891315302,26.717526930357096,engine
Alphecca,9,233.66858943400544,26.717527003883287,engine
Alphecca,10,233.6685897353811,26.71752707803207,engine
Alphecca,11,233.66859003565045,26.71752715280157,engine
Alphecca,12,233.6685903348067,26.71752722818981,engine
Alphecca,13,233.66859063284315,26.71752730419487,engine
Alphecca,14,233.668590929753,26.717527380814776,engine
Alphecca,15,233.66859122552975,26.717527458047577,engine
Alphecca,16,233.66859152016644,26.717527535891275,engine
Alphecca,17,233.66859181365686,26.71752761434393,engine
Alphecca,18,233.66859210599384,26.717527693403458,engine
Alphecca,19,233.66859239717107,26.717527773067868,engine
Alphecca,20,233.6685926871819,26.71752785333514,engine
Alphecca,21,233.66859297601977,26.717527934203247,engine
Alphecca,22,233.6685932636782,26.717528015670116,engine
Alphecca,23,233.6685935501506,26.717528097733712,engine
Alphecca,24,233.66859383543053,26.717528180391945,engine
Alphecca,25,233.66859411951145,26.71752826364274,engine
Alphecca,26,233.668594402387,26.71752834748399,engine
Alphecca,27,233.66859468405065,26.717528431913586,engine
Alphecca,28,233.66859496449615,26.717528516929423,engine
Alphecca,29,233.6685952437172,26.71752860252942,engine
Alphecca,30,233.66859552170698,26.71752868871132,engine
Vega,-30,279.2361945620092,38.790769837801875,engine
Vega,-20,279.2361984111991,38.79076900695703,engine
Vega,-15,279.2362003609479,38.79076862946584,engine
Vega,-10,279.23620232594715,38.79076827749408,engine
Vega,-5,279.23620430504894,38.790767951200365,engine
Vega,-2,279.2362054987989,38.790767767811026,engine
Vega,-1,279.23620589770803,38.790767708752405,engine
Vega,0,279.23620629709797,38.790767650731105,engine
Vega,1,279.2362066969594,38.7907675937482,engine
Vega,2,279.23620709728294,38.7907675378047,engine
Vega,3,279.2362074980594,38.79076748290154,engine
Vega,4,279.2362078992793,38.790767429039754,engine
Vega,5,279.2362083009337,38.79076737622025,engine
Vega,6,279.2362087030125,38.790767324444005,engine
Vega,7,279.2362091055068,38.79076727371192,engine
Vega,8,279.2362095084072,38.790767224024904,engine
Vega,9,279.23620991170424,38.79076717538378,engine
Vega,10,279.23621031538863,38.790767127789415,engine
Vega,11,279.2362107194509,38.79076708124267,engine
Vega,12,279.2362111238818,38.790767035744345,engine
Vega,13,279.23621152867173,38.79076699129523,engine
Vega,14,279.2362119338114,38.790766947896074,engine
Vega,15,279.2362123392913,38.79076690554768,engine
Vega,16,279.23621274510214,38.79076686425072,engine
Vega,17,279.23621315123467,38.79076682400592,engine
Vega,18,279.2362135576789,38.79076678481403,engine
Vega,19,279.2362139644257,38.79076674667567,engine
Vega,20,279.2362143714656,38.7907667095915,engine
Vega,21,279.2362147787892,38.79076667356215,engine
Vega,22,279.2362151863869,38.790766638588245,engine
Vega,23,279.2362155942494,38.790766604670374,engine
Vega,24,279.23621600236714,38.79076657180909,engine
Vega,25,279.23621641073066,38.790766540004924,engine
Vega,26,279.2362168193305,38.790766509258454,engine
Vega,27,279.2362172281571,38.79076647957017,engine
Vega,28,279.23621763720104,38.79076645094056,engine
Vega,29,279.23621804645313,38.790766423370094,engine
Vega,30,279.23621845590327,38.79076639685924,engine
Deneb Algedi,-30,326.76591943468844,-16.128403170134618,engine
Deneb Algedi,-20,326.7659205817214,-16.12840237855593,engine
Deneb Algedi,-15,326.765921215547,-16.12840199015085,engine
Deneb Algedi,-10,326.76592188902777,-16.128401606976865,engine
Deneb Algedi,-5,326.7659226017271,-16.12840122926191,engine
Deneb Algedi,-2,326.76592304798265,-16.128401005347207,engine
Deneb Algedi,-1,326.7659231998182,-16.128400931172088,engine
Deneb Algedi,0,326.76592335318907,-16.128400857231497,engine
Deneb Algedi,1,326.7659235080916,-16.1284007835272,engine
Deneb Algedi,2,326.7659236645218,-16.128400710060966,engine
Deneb Algedi,3,326.7659238224759,-16.128400636834556,engine
Deneb Algedi,4,326.76592398194975,-16.12840056384973,engine
Deneb Algedi,5,326.7659241429397,-16.1284004911082,engine
Deneb Algedi,6,326.76592430544144,-16.128400418611818,engine
Deneb Algedi,7,326.765924469451,-16.128400346362277,engine
Deneb Algedi,8,326.7659246349644,-16.12840027436131,engine
Deneb Algedi,9,326.7659248019775,-16.12840020261065,engine
Deneb Algedi,10,326.76592497048625,-16.12840013111205,engine
Deneb Algedi,11,326.7659251404865,-16.1284000598672,engine
Deneb Algedi,12,326.765925311974,-16.128399988877845,engine
Deneb Algedi,13,326.7659254849446,-16.128399918145707,engine
Deneb Algedi,14,326.7659256593941,-16.12839984767249,engine
Deneb Algedi,15,326.7659258353182,-16.128399777459897,engine
Deneb Algedi,16,326.7659260127126,-16.128399707509626,engine
Deneb Algedi,17,326.7659261915732,-16.128399637823335,engine
Deneb Algedi,18,326.7659263718954,-16.128399568402802,engine
Deneb Algedi,19,326.76592655367483,-16.12839949924967,engine
Deneb Algedi,20,326.76592673690715,-16.12839943036563,engine
Deneb Algedi,21,326.765926921588,-16.128399361752333,engine
Deneb Algedi,22,326.7659271077129,-16.128399293411476,engine
Deneb Algedi,23,326.7659272952773,-16.12839922534471,engine
Deneb Algedi,24,326.76592748427686,-16.12839915755371,engine
Deneb Algedi,25,326.76592767470686,-16.128399090040112,engine
Deneb Algedi,26,326.76592786656283,-16.128399022805578,engine
Deneb Algedi,27,326.7659280598401,-16.128398955851747,engine
Deneb Algedi,28,326.76592825453423,-16.128398889180254,engine
Deneb Algedi,29,326.7659284506405,-16.1283988227927,engine
Deneb Algedi,30,326.7659286481541,-16.128398756690796,engine
Rigel,-30,78.63662124367,-8.198770970226223,engine
Rigel,-20,78.63661796313653,-8.198771043959466,engine
Rigel,-15,78.63661632586809,-8.198771071789038,engine
Rigel,-10,78.63661469184831,-8.198771093601238,engine
Rigel,-5,78.63661306201202,-8.1987711094052,engine
Rigel,-2,78.6366120865069,-8.198771116008485,engine
Rigel,-1,78.63661176178267,-8.198771117730391,engine
Rigel,0,78.63661143729294,-8.198771119212907,engine
Rigel,1,78.63661111304512,-8.198771120456154,engine
Rigel,2,78.63661078904667,-8.198771121460272,engine
Rigel,3,78.636610465305,-8.198771122225395,engine
Rigel,4,78.63661014182753,-8.198771122751669,engine
Rigel,5,78.63660981862144,-8.198771123039228,engine
Rigel,6,78.63660949569464,-8.198771123088237,engine
Rigel,7,78.6366091730543,-8.19877112289885,engine
Rigel,8,78.6366088507078,-8.19877112247122,engine
Rigel,9,78.63660852866256,-8.198771121805514,engine
Rigel,10,78.63660820692596,-8.19877112090191,engine
Rigel,11,78.63660788550538,-8.198771119760568,engine
Rigel,12,78.63660756440822,-8.198771118381677,engine
Rigel,13,78.63660724364182,-8.198771116765418,engine
Rigel,14,78.63660692321359,-8.198771114911976,engine
Rigel,15,78.63660660313084,-8.198771112821543,engine
Rigel,16,78.63660628340097,-8.198771110494318,engine
Rigel,17,78.63660596403108,-8.1987711079305,engine
Rigel,18,78.63660564502896,-8.198771105130296,engine
Rigel,19,78.63660532640172,-8.198771102093914,engine
Rigel,20,78.63660500815668,-8.198771098821577,engine
Rigel,21,78.63660469030118,-8.198771095313495,engine
Rigel,22,78.6366043728425,-8.198771091569892,engine
Rigel,23,78.63660405578796,-8.198771087591002,engine
Rigel,24,78.63660373914486,-8.198771083377057,engine
Rigel,25,78.63660342292049,-8.19877107892829,engine
Rigel,26,78.63660310712213,-8.198771074244947,engine
Rigel,27,78.63660279175703,-8.198771069327272,engine
Rigel,28,78.63660247683246,-8.198771064175519,engine
Rigel,29,78.63660216235549,-8.198771058789937,engine
Rigel,30,78.63660184833377,-8.198771053170793,engine
Betelgeuse,-30,88.79441499227585,7.408700387844931,engine
Betelgeuse,-20,88.79441179004921,7.408700419119667,engine
Betelgeuse,-15,88.7944101805675,7.408700426579321,engine
Betelgeuse,-10,88.79440856674783,7.408700428571553,engine
Betelgeuse,-5,88.79440694952297,7.408700425087917,engine
Betelgeuse,-2,88.79440597794265,7.4087004203667846,engine
Betelgeuse,-1,88.79440565391984,7.408700418354381,engine
Betelgeuse,0,88.79440532982821,7.4087004161225885,engine
Betelgeuse,1,88.79440500567517,7.408700413671391,engine
Betelgeuse,2,88.7944046814683,7.408700411000778,engine
Betelgeuse,3,88.79440435721503,7.408700408110735,engine
Betelgeuse,4,88.79440403292287,7.408700405001262,engine
Betelgeuse,5,88.79440370859905,7.408700401672357,engine
Betelgeuse,6,88.79440338425162,7.408700398124025,engine
Betelgeuse,7,88.79440305988777,7.408700394356275,engine
Betelgeuse,8,88.79440273551502,7.408700390369117,engine
Betelgeuse,9,88.79440241114088,7.408700386162568,engine
Betelgeuse,10,88.79440208677282,7.4087003817366455,engine
Betelgeuse,11,88.79440176241836,7.408700377091375,engine
Betelgeuse,12,88.79440143808496,7.408700372226791,engine
Betelgeuse,13,88.79440111378017,7.408700367142923,engine
Betelgeuse,14,88.79440078951143,7.408700361839806,engine
Betelgeuse,15,88.79440046528627,7.408700356317485,engine
Betelgeuse,16,88.79440014111218,7.408700350576002,engine
Betelgeuse,17,88.79439981699642,7.408700344615407,engine
Betelgeuse,18,88.79439949294694,7.408700338435759,engine
Betelgeuse,19,88.79439916897098,7.408700332037115,engine
Betelgeuse,20,88.79439884507607,7.408700325419536,engine
Betelgeuse,21,88.79439852126967,7.408700318583087,engine
Betelgeuse,22,88.79439819755927,7.408700311527839,engine
Betelgeuse,23,88.79439787395235,7.408700304253868,engine
Betelgeuse,24,88.79439755045641,7.408700296761252,engine
Betelgeuse,25,88.79439722707892,7.408700289050083,engine
Betelgeuse,26,88.79439690382733,7.4087002811204306,engine
Betelgeuse,27,88.79439658070918,7.408700272972404,engine
Betelgeuse,28,88.79439625773188,7.408700264606092,engine
Betelgeuse,29,88.7943959349027,7.408700256021584,engine
Betelgeuse,30,88.79439561222956,7.408700247219007,engine
Polaris,-30,38.342838331257994,89.26184154697268,engine
Polaris,-20,38.342640279210976,89.26183953488429,engine
Polaris,-15,38.34254462272831,89.26183848223575,engine
Polaris,-10,38.3424512821519,89.26183739937396,engine
Polaris,-5,38.34236030822177,89.26183628695891,engine
Polaris,-2,38.342306880561594,89.26183560560446,engine
Polaris,-1,38.342289266472406,89.26183537620147,engine
Polaris,0,38.342271750593525,89.2618351456653,engine
Polaris,1,38.342254333308865,89.26183491400147,engine
Polaris,2,38.342237015000634,89.26183468121553,engine
Polaris,3,38.34221979604911,89.2618344473131,engine
Polaris,4,38.3422026768327,89.26183421229977,engine
Polaris,5,38.342185657714616,89.26183397618102,engine
Polaris,6,38.34216873909577,89.26183373896286,engine
Polaris,7,38.34215192133552,89.2618335006508,engine
Polaris,8,38.342135204804556,89.26183326125052,engine
Polaris,9,38.342118589871596,89.26183302076772,engine
Polaris,10,38.342102076903515,89.2618327792082,engine
Polaris,11,38.342085666264985,89.26183253657767,engine
Polaris,12,38.34206935831894,89.2618322928819,engine
Polaris,13,38.342053153426264,89.26183204812675,engine
Polaris,14,38.34203705194595,89.261831802318,engine
Polaris,15,38.34202105423479,89.2618315554615,engine
Polaris,16,38.34200516064784,89.26183130756311,engine
Polaris,17,38.34198937152746,89.26183105862856,engine
Polaris,18,38.341973687245776,89.26183080866407,engine
Polaris,19,38.3419581081411,89.2618305576754,engine
Polaris,20,38.341942634560425,89.2618303056685,engine
Polaris,21,38.34192726684853,89.2618300526493,engine
Polaris,22,38.341912005348355,89.26182979862381,engine
Polaris,23,38.34189685040071,89.26182954359803,engine
Polaris,24,38.341881802344474,89.26182928757797,engine
Polaris,25,38.34186686151628,89.26182903056966,engine
Polaris,26,38.34185202825085,89.26182877257916,engine
Polaris,27,38.3418373028809,89.26182851361256,engine
Polaris,28,38.34182268573682,89.26182825367593,engine
Polaris,29,38.34180817713752,89.26182799277524,engine
Polaris,30,38.341793777428876,89.26182773091693,engine
Castor,-30,113.64667931336056,31.886406401403082,engine
Castor,-20,113.64667625897529,31.88640738601534,engine
Castor,-15,113.64667469166032,31.886407849867236,engine
Castor,-10,113.64667309884011,31.886408294409318,engine
Castor,-5,113.64667148146161,31.886408719398062,engine
Castor,-2,113.6466704996453,31.88640896490777,engine
Castor,-1,113.64667017052135,31.88640904515279,engine
Castor,0,113.64666984048444,31.886409124599044,engine
Castor,1,113.64666950954232,31.886409203244753,engine
Castor,2,113.64666917770289,31.886409281088206,engine
Castor,3,113.6466688449739,31.88640935812762,engine
Castor,4,113.64666851136326,31.886409434361287,engine
Castor,5,113.64666817687852,31.886409509787562,engine
Castor,6,113.64666784152814,31.886409584404646,engine
Castor,7,113.64666750531977,31.886409658210894,engine
Castor,8,113.64666716826126,31.886409731204687,engine
Castor,9,113.64666683036059,31.886409803384346,engine
Castor,10,113.64666649162571,31.886409874748253,engine
Castor,11,113.64666615206457,31.886409945294794,engine
Castor,12,113.64666581168517,31.88641001502238,engine
Castor,13,113.64666547049549,31.886410083929402,engine
Castor,14,113.64666512850356,31.886410152014335,engine
Castor,15,113.64666478571738,31.8864102192756,engine
Castor,16,113.64666444214501,31.886410285711655,engine
Castor,17,113.64666409779429,31.886410351321054,engine
Castor,18,113.64666375267373,31.886410416102176,engine
Castor,19,113.6466634067912,31.886410480053602,engine
Castor,20,113.64666306015481,31.88641054317386,engine
Castor,21,113.64666271277268,31.886410605461474,engine
Castor,22,113.64666236465291,31.886410666915,engine
Castor,23,113.64666201580368,31.886410727533057,engine
Castor,24,113.64666166623313,31.886410787314187,engine
Castor,25,113.64666131594944,31.886410846257025,engine
Castor,26,113.64666096496079,31.886410904360215,engine
Castor,27,113.6466606132754,31.886410961622335,engine
Castor,28,113.64666026090147,31.8864110180421,engine
Castor,29,113.64665990784697,31.886411073618202,engine
Castor,30,113.64665955412065,31.886411128349252,engine
Altair,-30,297.7011518579225,8.874144317556727,engine
Altair,-20,297.7011543373257,8.874143929671833,engine
Altair,-15,297.7011556152735,8.874143743600364,engine
Altair,-10,297.7011569176997,8.874143562890795,engine
Altair,-5,297.70115824382555,8.874143387625782,engine
Altair,-2,297.7011590505485,8.874143285113623,engine
Altair,-1,297.7011593212591,8.874143251387808,engine
Altair,0,297.70115959286056,8.874143217885477,engine
Altair,1,297.7011598653463,8.87414318460724,engine
Altair,2,297.70116013871,8.874143151553705,engine
Altair,3,297.7011604129451,8.874143118725469,engine
Altair,4,297.70116068804515,8.874143086123137,engine
Altair,5,297.70116096400375,8.874143053747275,engine
Altair,6,297.7011612408141,8.874143021598528,engine
Altair,7,297.7011615184697,8.874142989677447,engine
Altair,8,297.70116179696413,8.874142957984612,engine
Altair,9,297.70116207629076,8.874142926520603,engine
Altair,10,297.701162356443,8.874142895285999,engine
Altair,11,297.70116263741414,8.874142864281357,engine
Altair,12,297.70116291919777,8.874142833507245,engine
Altair,13,297.70116320178704,8.874142802964219,engine
Altair,14,297.7011634851755,8.874142772652839,engine
Altair,15,297.7011637693563,8.87414274257365,engine
Altair,16,297.7011640543228,8.874142712727195,engine
Altair,17,297.7011643400686,8.874142683114004,engine
Altair,18,297.7011646265864,8.874142653734642,engine
Altair,19,297.7011649138699,8.874142624589632,engine
Altair,20,297.70116520191215,8.874142595679496,engine
Altair,21,297.70116549070644,8.874142567004755,engine
Altair,22,297.7011657802461,8.874142538565934,engine
Altair,23,297.7011660705242,8.874142510363539,engine
Altair,24,297.7011663615341,8.874142482398089,engine
Altair,25,297.70116665326884,8.874142454670075,engine
Altair,26,297.7011669457217,8.874142427180011,engine
Altair,27,297.70116723888566,8.874142399928388,engine
Altair,28,297.7011675327541,8.874142372915692,engine
Altair,29,297.70116782732015,8.8741423461424,engine
Altair,30,297.70116812257663,8.874142319609025,engine
Bellatrix,-30,81.28461877929323,6.351278798958342,engine
Bellatrix,-20,81.2846155209911,6.3512787707687535,engine
Bellatrix,-15,81.28461389186556,6.351278749593047,engine
Bellatrix,-10,81.28461226400383,6.3512787237017205,engine
Bellatrix,-5,81.28461063833959,6.351278693101328,engine
Bellatrix,-2,81.28460966438433,6.351278672484318,engine
Bellatrix,-1,81.28460934001788,6.351278665236338,engine
Bellatrix,0,81.28460901580645,6.351278657800686,engine
Bellatrix,1,81.28460869175755,6.35127865017746,engine
Bellatrix,2,81.28460836787859,6.351278642366759,engine
Bellatrix,3,81.28460804417703,6.351278634368683,engine
Bellatrix,4,81.2846077206603,6.351278626183338,engine
Bellatrix,5,81.28460739733556,6.351278617810837,engine
Bellatrix,6,81.28460707421081,6.351278609251292,engine
Bellatrix,7,81.28460675129315,6.351278600504824,engine
Bellatrix,8,81.28460642859005,6.35127859157155,engine
Bellatrix,9,81.28460610610891,6.3512785824515925,engine
Bellatrix,10,81.28460578385715,6.351278573145084,engine
Bellatrix,11,81.28460546184219,6.351278563652151,engine
Bellatrix,12,81.2846051400714,6.351278553972931,engine
Bellatrix,13,81.28460481855222,6.351278544107564,engine
Bellatrix,14,81.28460449729205,6.351278534056189,engine
Bellatrix,15,81.28460417629825,6.351278523818953,engine
Bellatrix,16,81.28460385557821,6.351278513396006,engine
Bellatrix,17,81.28460353513908,6.351278502787494,engine
Bellatrix,18,81.28460321498873,6.351278491993584,engine
Bellatrix,19,81.28460289513428,6.35127848101443,engine
Bellatrix,20,81.28460257558307,6.351278469850197,engine
Bellatrix,21,81.28460225634248,6.351278458501052,engine
Bellatrix,22,81.28460193741986,6.351278446967164,engine
Bellatrix,23,81.28460161882256,6.351278435248707,engine
Bellatrix,24,81.28460130055792,6.351278423345863,engine
Bellatrix,25,81.28460098263326,6.3512784112588045,engine
Bellatrix,26,81.28460066505593,6.351278398987722,engine
Bellatrix,27,81.28460034783323,6.351278386532802,engine
Bellatrix,28,81.2846000309725,6.351278373894236,engine
Bellatrix,29,81.28459971448079,6.35127836107221,engine
Bellatrix,30,81.28459939836587,6.351278348066944,engine
