body,minute,ra,dec,source
Aldebaran,-30,68.98361274457575,16.508789660720154,engine
Aldebaran,-20,68.98361216324341,16.508788650275385,engine
Aldebaran,-15,68.98361193636059,16.508788140107846,engine
Aldebaran,-10,68.98361175234581,16.508787626984663,engine
Aldebaran,-5,68.98361161143274,16.50878711116327,engine
Aldebaran,-2,68.9836115476632,16.50878680048301,engine
Aldebaran,-1,68.98361152987938,16.50878669673746,engine
Aldebaran,0,68.98361151383443,16.50878659290267,engine
Aldebaran,1,68.98361149952986,16.5087864889807,engine
Aldebaran,2,68.98361148696705,16.50878638497364,engine
Aldebaran,3,68.98361147614743,16.508786280883577,engine
Aldebaran,4,68.98361146707241,16.508786176712608,engine
Aldebaran,5,68.98361145974327,16.508786072462822,engine
Aldebaran,6,68.98361145416135,16.50878596813623,engine
Aldebaran,7,68.98361145032791,16.508785863735064,engine
Aldebaran,8,68.98361144824418,16.508785759261293,engine
Aldebaran,9,68.9836114479114,16.50878565471721,engine
Aldebaran,10,68.98361144933071,16.50878555010471,engine
Aldebaran,11,68.98361145250327,16.508785445425968,engine
Aldebaran,12,68.98361145743016,16.508785340683072,engine
Aldebaran,13,68.98361146411247,16.508785235878122,engine
Aldebaran,14,68.98361147255123,16.508785131013227,engine
Aldebaran,15,68.98361148274743,16.508785026090493,engine
Aldebaran,16,68.98361149470207,16.508784921112003,engine
Aldebaran,17,68.98361150841608,16.50878481607983,engine
Aldebaran,18,68.98361152389033,16.5087847109962,engine
Aldebaran,19,68.98361154112573,16.508784605863152,engine
Aldebaran,20,68.98361156012307,16.508784500682772,engine
Aldebaran,21,68.98361158088319,16.508784395457216,engine
Aldebaran,22,68.98361160340681,16.508784290188554,engine
Aldebaran,23,68.98361162769474,16.508784184878923,engine
Aldebaran,24,68.98361165374763,16.50878407953042,engine
Aldebaran,25,68.98361168156615,16.50878397414516,engine
Aldebaran,26,68.98361171115093,16.508783868725263,engine
Aldebaran,27,68.98361174250259,16.508783763272838,engine
Aldebaran,28,68.98361177562167,16.508783657790005,engine
Aldebaran,29,68.98361181050873,16.5087835522788,engine
Aldebaran,30,68.98361184716424,16.508783446741486,engine
Antares,-30,247.34852948360037,-26.432079884941977,engine
Antares,-20,247.34852999863782,-26.43208143944343,engine
Antares,-15,247.34853018731903,-26.432082223734255,engine
Antares,-10,247.34853032977637,-26.43208301218123,engine
Antares,-5,247.34853042578845,-26.4320838043792,engine
Antares,-2,247.34853046101816,-26.43208428132901,engine
Antares,-1,247.34853046902288,-26.43208444056454,engine
Antares,0,247.34853047515605,-26.43208459992075,engine
Antares,1,247.34853047941627,-26.43208475939435,engine
Antares,2,247.34853048180224,-26.43208491898209,engine
Antares,3,247.34853048231273,-26.43208507868067,engine
Antares,4,247.34853048094647,-26.43208523848681,engine
Antares,5,247.34853047770218,-26.432085398397227,engine
Antares,6,247.3485304725789,-26.432085558408758,engine
Antares,7,247.34853046557532,-26.432085718517882,engine
Antares,8,247.3485304566904,-26.43208587872154,engine
Antares,9,247.34853044592316,-26.4320860390161,engine
Antares,10,247.3485304332725,-26.432086199398594,engine
Antares,11,247.3485304187374,-26.432086359865636,engine
Antares,12,247.34853040231698,-26.432086520413925,engine
Antares,13,247.34853038401033,-26.43208668104014,engine
Antares,14,247.34853036381654,-26.432086841741004,engine
Antares,15,247.3485303417348,-26.432087002513217,engine
Antares,16,247.34853031776424,-26.432087163353476,engine
Antares,17,247.34853029190415,-26.432087324258575,engine
Antares,18,247.34853026415385,-26.432087485225,engine
Antares,19,247.34853023451254,-26.432087646249553,engine
Antares,20,247.34853020297967,-26.432087807328934,engine
Antares,21,247.34853016955446,-26.432087968459822,engine
Antares,22,247.34853013423654,-26.432088129638917,engine
Antares,23,247.34853009702516,-26.432088290862897,engine
Antares,24,247.3485300579199,-26.432088452128465,engine
Antares,25,247.34853001692028,-26.43208861343231,engine
Antares,26,247.34852997402584,-26.4320887747711,engine
Antares,27,247.34852992923618,-26.432088936141557,engine
Antares,28,247.34852988255093,-26.43208909754033,engine
Antares,29,247.34852983396974,-26.43208925896424,engine
Antares,30,247.34852978349238,-26.432089420409742,engine
Ceres,-30,108.09423469744489,23.26452827054288,engine
Ceres,-20,108.09621876236558,23.264624202542343,engine
Ceres,-15,108.09721137714558,23.264672308554655,engine
Ceres,-10,108.09820437294478,23.264720512418034,engine
Ceres,-5,108.09919774416896,23.264768817459277,engine
Ceres,-2,108.09979394464685,23.264797850415263,engine
Ceres,-1,108.09999270755993,23.264807536549917,engine
Ceres,0,108.10019148494965,23.264817226960123,engine
Ceres,1,108.10039027688183,23.264826921678214,engine
Ceres,2,108.10058908342202,23.2648366207365,engine
Ceres,3,108.10078790429138,23.26484632414726,engine
Ceres,4,108.1009867396694,23.264856031949236,engine
Ceres,5,108.10118558927672,23.264865744154562,engine
Ceres,6,108.10138445331093,23.26487546080174,engine
Ceres,7,108.10158333156927,23.26488518190961,engine
Ceres,8,108.1017822239066,23.264894907495677,engine
Ceres,9,108.10198113036391,23.26490463759355,engine
Ceres,10,108.10218005092877,23.264914372227118,engine
Ceres,11,108.10237898564527,23.264924111428044,engine
Ceres,12,108.10257793423177,23.264933855207893,engine
Ceres,13,108.10277689675047,23.264943603598056,engine
Ceres,14,108.1029758732632,23.264953356629857,engine
Ceres,15,108.10317486348747,23.264963114314565,engine
Ceres,16,108.10337386759925,23.26497287668997,engine
Ceres,17,108.10357288544883,23.264982643773752,engine
Ceres,18,108.10377191694475,23.264992415590434,engine
Ceres,19,108.10397096193671,23.265002192157517,engine
Ceres,20,108.10417002059951,23.265011973512436,engine
Ceres,21,108.10436909264888,23.265021759665956,engine
Ceres,22,108.10456817825899,23.265031550655372,engine
Ceres,23,108.10476727714502,23.26504134649128,engine
Ceres,24,108.10496638948048,23.265051147210755,engine
Ceres,25,108.10516551498009,23.265060952824257,engine
Ceres,26,108.10536465381675,23.265070763368648,engine
Ceres,27,108.10556380581922,23.26508057886085,engine
Ceres,28,108.10576297081583,23.26509039931767,engine
Ceres,29,108.10596214911239,23.2651002247823,engine
Ceres,30,108.10616134015491,23.265110055251593,engine
Chiron,-30,26.867531252824822,11.266005488578081,engine
Chiron,-20,26.8672522979134,11.265889543174826,engine
Chiron,-15,26.867112828083204,11.265831591618872,engine
Chiron,-10,26.866973361006046,11.265773654213792,engine
Chiron,-5,26.8668338948601,11.26571573096391,engine
Chiron,-2,26.866750214902993,11.26568098382387,engine
Chiron,-1,26.866722321456752,11.265669402579743,engine
Chiron,0,26.866694427915803,11.265657821901863,engine
Chiron,1,26.866666534270838,11.265646241791444,engine
Chiron,2,26.866638640507638,11.26563466224851,engine
Chiron,3,26.866610746611954,11.26562308327307,engine
Chiron,4,26.86658285256957,11.265611504865127,engine
Chiron,5,26.86655495837119,11.265599927025859,engine
Chiron,6,26.866527063973994,11.265588349745082,engine
Chiron,7,26.866499169406097,11.265576773039479,engine
Chiron,8,26.866471274635078,11.26556519690124,engine
Chiron,9,26.866443379664396,11.265553621338059,engine
Chiron,10,26.866415484442914,11.265542046334332,engine
Chiron,11,26.866387588980064,11.265530471898947,engine
Chiron,12,26.86635969325172,11.265518898029391,engine
Chiron,13,26.866331797248602,11.265507324726762,engine
Chiron,14,26.86630390095651,11.26549575199093,engine
Chiron,15,26.86627600436613,11.265484179822957,engine
Chiron,16,26.8662481074534,11.265472608220307,engine
Chiron,17,26.86622021019032,11.265461037176255,engine
Chiron,18,26.866192312600106,11.265449466706144,engine
Chiron,19,26.86616441465478,11.265437896803233,engine
Chiron,20,26.866136516330254,11.265426327464922,engine
Chiron,21,26.866108617617275,11.265414758692215,engine
Chiron,22,26.866080718506595,11.265403190486078,engine
Chiron,23,26.866052818974133,11.265391622843886,engine
Chiron,24,26.86602491901066,11.265380055766595,engine
Chiron,25,26.865997018601995,11.265368489253952,engine
Chiron,26,26.865969117738903,11.265356923306877,engine
Chiron,27,26.86594121639733,11.265345357922705,engine
Chiron,28,26.86591331456807,11.265333793102332,engine
Chiron,29,26.86588541222318,11.265322228838903,engine
Chiron,30,26.86585750937607,11.26531066514521,engine
Eris,-30,27.14546488922299,-0.05899880122115938,tno-rate
Eris,-20,27.14540588418577,-0.05902201557745129,tno-rate
Eris,-15,27.14537638166716,-0.059033622755597245,tno-rate
Eris,-10,27.145346879148548,-0.0590452299337432,tno-rate
Eris,-5,27.14531737662994,-0.05905683711188916,tno-rate
Eris,-2,27.14529967511877,-0.05906380141877673,tno-rate
Eris,-1,27.14529377461505,-0.05906612285440592,tno-rate
Eris,0,27.14528787411133,-0.05906844429003511,tno-rate
Eris,1,27.145281973607606,-0.059070765725664304,tno-rate
Eris,2,27.145276073103886,-0.059073087161293496,tno-rate
Eris,3,27.145270172600164,-0.05907540859692269,tno-rate
Eris,4,27.14526427209644,-0.05907773003255187,tno-rate
Eris,5,27.145258371592718,-0.059080051468181065,tno-rate
Eris,6,27.145252471088998,-0.05908237290381026,tno-rate
Eris,7,27.145246570585275,-0.05908469433943945,tno-rate
Eris,8,27.145240670081552,-0.05908701577506864,tno-rate
Eris,9,27.14523476957783,-0.05908933721069783,tno-rate
Eris,10,27.14522886907411,-0.059091658646327025,tno-rate
Eris,11,27.145222968570387,-0.05909398008195621,tno-rate
Eris,12,27.145217068066664,-0.0590963015175854,tno-rate
Eris,13,27.14521116756294,-0.059098622953214594,tno-rate
Eris,14,27.14520526705922,-0.059100944388843786,tno-rate
Eris,15,27.1451993665555,-0.05910326582447298,tno-rate
Eris,16,27.145193466051776,-0.05910558726010217,tno-rate
Eris,17,27.145187565548053,-0.05910790869573136,tno-rate
Eris,18,27.145181665044333,-0.05911023013136055,tno-rate
Eris,19,27.14517576454061,-0.05911255156698974,tno-rate
Eris,20,27.145169864036887,-0.05911487300261893,tno-rate
Eris,21,27.145163963533165,-0.05911719443824812,tno-rate
Eris,22,27.145158063029445,-0.059119515873877315,tno-rate
Eris,23,27.145152162525722,-0.05912183730950651,tno-rate
Eris,24,27.145146262022,-0.0591241587451357,tno-rate
Eris,25,27.145140361518276,-0.059126480180764884,tno-rate
Eris,26,27.145134461014557,-0.059128801616394076,tno-rate
Eris,27,27.145128560510834,-0.05913112305202327,tno-rate
Eris,28,27.14512266000711,-0.05913344448765246,tno-rate
Eris,29,27.14511675950339,-0.05913576592328165,tno-rate
Eris,30,27.14511085899967,-0.059138087358910844,tno-rate
Fomalhaut,-30,344.4207605995555,-29.622741633734307,engine
Fomalhaut,-20,344.4207643925653,-29.622741250994604,engine
Fomalhaut,-15,344.42076631612645,-29.622741088780586,engine
Fomalhaut,-10,344.4207682563938,-29.622740946221203,engine
Fomalhaut,-5,344.42077021235934,-29.622740823467765,engine
Fomalhaut,-2,344.4207713930513,-29.622740759381955,engine
Fomalhaut,-1,344.4207717877518,-29.622740739620927,engine
Fomalhaut,0,344.4207721830069,-29.622740720662105,engine
Fomalhaut,1,344.42077257880834,-29.62274070250652,engine
Fomalhaut,2,344.420772975148,-29.622740685155176,engine
Fomalhaut,3,344.42077337201755,-29.622740668609076,engine
Fomalhaut,4,344.4207737694088,-29.622740652869204,engine
Fomalhaut,5,344.4207741673136,-29.62274063793651,engine
Fomalhaut,6,344.42077456572383,-29.622740623811957,engine
Fomalhaut,7,344.42077496463077,-29.6227406104965,engine
Fomalhaut,8,344.42077536402655,-29.622740597991005,engine
Fomalhaut,9,344.42077576390227,-29.622740586296437,engine
Fomalhaut,10,344.4207761642503,-29.622740575413655,engine
Fomalhaut,11,344.42077656506217,-29.622740565343534,engine
Fomalhaut,12,344.4207769663294,-29.62274055608694,engine
Fomalhaut,13,344.4207773680439,-29.622740547644707,engine
Fomalhaut,14,344.42077777019716,-29.62274054001765,engine
Fomalhaut,15,344.42077817278096,-29.6227405332066,engine
Fomalhaut,16,344.4207785757868,-29.622740527212347,engine
Fomalhaut,17,344.42077897920683,-29.622740522035663,engine
Fomalhaut,18,344.4207793830319,-29.622740517677318,engine
Fomalhaut,19,344.42077978725405,-29.622740514138062,engine
Fomalhaut,20,344.4207801918649,-29.62274051141861,engine
Fomalhaut,21,344.42078059685605,-29.622740509519712,engine
Fomalhaut,22,344.4207810022191,-29.622740508442032,engine
Fomalhaut,23,344.42078140794564,-29.6227405081863,engine
Fomalhaut,24,344.42078181402724,-29.622740508753132,engine
Fomalhaut,25,344.4207822204555,-29.622740510143228,engine
Fomalhaut,26,344.42078262722214,-29.622740512357204,engine
Fomalhaut,27,344.42078303431856,-29.622740515395698,engine
Fomalhaut,28,344.4207834417364,-29.62274051925929,engine
Fomalhaut,29,344.4207838494674,-29.62274052394859,engine
Fomalhaut,30,344.4207842575027,-29.622740529464167,engine
Juno,-30,296.68603423171123,-12.673325022121332,engine
Juno,-20,296.68692481561055,-12.673883982434692,engine
Juno,-15,296.6873694455877,-12.67416336367002,engine
Juno,-10,296.6878136403139,-12.67444267573848,engine
Juno,-5,296.68825740471095,-12.6747219163682,engine
Juno,-2,296.68852345897864,-12.674889425444368,engine
Juno,-1,296.6886121099219,-12.674945255812547,engine
Juno,0,296.6887007440312,-12.67500108315481,engine
Juno,1,296.688789361241,-12.675056907455028,engine
Juno,2,296.6888779618141,-12.675112728690559,engine
Juno,3,296.688966545686,-12.67516854684534,engine
Juno,4,296.6890551129016,-12.67522436190119,engine
Juno,5,296.6891436635064,-12.675280173839939,engine
Juno,6,296.6892321976054,-12.675335982680917,engine
Juno,7,296.68932071501666,-12.675391788333368,engine
Juno,8,296.68940921606315,-12.675447590813002,engine
Juno,9,296.6894977006265,-12.675503390065316,engine
Juno,10,296.6895861688706,-12.675559186147852,engine
Juno,11,296.6896746207841,-12.675614979005305,engine
Juno,12,296.68976305641485,-12.675670768619833,engine
Juno,13,296.68985147570186,-12.675726554975792,engine
Juno,14,296.6899398789125,-12.675782338051112,engine
Juno,15,296.6900282659866,-12.675838117830247,engine
Juno,16,296.6901166369736,-12.675893894295532,engine
Juno,17,296.69020499187303,-12.675949667468938,engine
Juno,18,296.69029333083546,-12.67600543725374,engine
Juno,19,296.6903816538613,-12.67606120367202,engine
Juno,20,296.6904699610014,-12.676116966706278,engine
Juno,21,296.69055825219766,-12.676172726341276,engine
Juno,22,296.69064652772045,-12.676228482555304,engine
Juno,23,296.6907347875124,-12.676284235333204,engine
Juno,24,296.69082303162577,-12.676339984657686,engine
Juno,25,296.6909112600038,-12.676395730513716,engine
Juno,26,296.69099947291846,-12.676451472879773,engine
Juno,27,296.6910876703138,-12.676507211740889,engine
Juno,28,296.6911758522433,-12.67656294708,engine
Juno,29,296.6912640187111,-12.676618678919622,engine
Juno,30,296.69135216987183,-12.67667440716369,engine
Jupiter,-30,142.4113276895068,15.449685053696475,engine
Jupiter,-20,142.41252090467458,15.449316593519068,engine
Jupiter,-15,142.41311779322209,15.449132354122808,engine
Jupiter,-10,142.41371487014936,15.44894811009144,engine
Jupiter,-5,142.41431213637577,15.44876386253388,engine
Jupiter,-2,142.4146705871805,15.44865331281279,engine
Jupiter,-1,142.41479008598398,15.448616462765338,engine
Jupiter,0,142.4149095924012,15.448579612661579,engine
Jupiter,1,142.4150291064689,15.448542762501038,engine
Jupiter,2,142.4151486281259,15.44850591231266,engine
Jupiter,3,142.41526815740863,15.448469062095981,engine
Jupiter,4,142.4153876943208,15.448432211860355,engine
Jupiter,5,142.4155072388985,15.448395361605314,engine
Jupiter,6,142.4156267911601,15.448358511335107,engine
Jupiter,7,142.415746350981,15.44832166109872,engine
Jupiter,8,142.41586591844435,15.448284810880448,engine
Jupiter,9,142.41598549350562,15.448247960705245,engine
Jupiter,10,142.41610507626268,15.448211110552304,engine
Jupiter,11,142.4162246666704,15.448174260445906,engine
Jupiter,12,142.41634426473124,15.448137410395423,engine
Jupiter,13,142.41646387048002,15.448100560400446,engine
Jupiter,14,142.4165834838536,15.448063710489919,engine
Jupiter,15,142.41670310488655,15.448026860663417,engine
Jupiter,16,142.41682273358057,15.447990010930338,engine
Jupiter,17,142.41694237005012,15.447953161265543,engine
Jupiter,18,142.41706201407095,15.447916311747417,engine
Jupiter,19,142.4171816657572,15.447879462350855,engine
Jupiter,20,142.41730132514255,15.447842613075412,engine
Jupiter,21,142.41742099216273,15.447805763950088,engine
Jupiter,22,142.41754066685115,15.447768914974478,engine
Jupiter,23,142.41766034920852,15.447732066157933,engine
Jupiter,24,142.41778003926777,15.447695217500073,engine
Jupiter,25,142.4178997369641,15.44765836902986,engine
Jupiter,26,142.41801944233026,15.447621520746877,engine
Jupiter,27,142.41813915539876,15.447584672650727,engine
Jupiter,28,142.41825887610432,15.447547824770362,engine
Jupiter,29,142.41837860455936,15.447510977080698,engine
Jupiter,30,142.41849834060295,15.447474129640504,engine
Ketu,-30,150.8357005969719,11.928201925900714,engine
Ketu,-20,150.8357988179817,11.928166333991502,engine
Ketu,-15,150.83584818650297,11.928148444527325,engine
Ketu,-10,150.83589772632718,11.928130492979832,engine
Ketu,-5,150.83594743693783,11.928112479536022,engine
Ketu,-2,150.8359773450636,11.928101641838525,engine
Ketu,-1,150.8359873280403,11.928098024343255,engine
Ketu,0,150.83599731781067,11.928094404385812,engine
Ketu,1,150.83600731437048,11.928090781967716,engine
Ketu,2,150.83601731771563,11.928087157090504,engine
Ketu,3,150.83602732784203,11.928083529755577,engine
Ketu,4,150.8360373447452,11.928079899964642,engine
Ketu,5,150.8360473684212,11.928076267719064,engine
Ketu,6,150.83605739887236,11.928072633018056,engine
Ketu,7,150.83606743607442,11.928068995870317,engine
Ketu,8,150.8360774800433,11.928065356270187,engine
Ketu,9,150.83608753076123,11.928061714224011,engine
Ketu,10,150.8360975882377,11.928058069728406,engine
Ketu,11,150.83610765246158,11.928054422787403,engine
Ketu,12,150.8361177234288,11.928050773402434,engine
Ketu,13,150.83612780113498,11.928047121575101,engine
Ketu,14,150.8361378855762,11.928043467306845,engine
Ketu,15,150.836147976748,11.928039810599257,engine
Ketu,16,150.83615807464622,11.92803615145388,engine
Ketu,17,150.8361681792734,11.928032489869757,engine
Ketu,18,150.83617829061177,11.928028825853335,engine
Ketu,19,150.8361884086641,11.928025159403633,engine
Ketu,20,150.83619853342577,11.928021490522264,engine
Ketu,21,150.83620866488633,11.9280178192131,engine
Ketu,22,150.83621880305458,11.928014145472858,engine
Ketu,23,150.8362289479199,11.92801046930547,engine
Ketu,24,150.83623909947784,11.92800679071249,engine
Ketu,25,150.83624925772438,11.928003109695375,engine
Ketu,26,150.8362594226552,11.927999426255742,engine
Ketu,27,150.8362695942659,11.92799574039513,engine
Ketu,28,150.83627977255253,11.927992052114986,engine
Ketu,29,150.83628995751758,11.9279883614144,engine
Ketu,30,150.8363001491433,11.92798466829983,engine
Mars,-30,125.79942354892722,20.47365733251075,engine
Mars,-20,125.80362099535472,20.472822518263182,engine
Mars,-15,125.80572076856298,20.472405174797732,engine
Mars,-10,125.80782123600008,20.47198788081413,engine
Mars,-5,125.80992239392111,20.471570641352514,engine
Mars,-2,125.8111834176906,20.471320326075773,engine
Mars,-1,125.81160381351802,20.471236892634863,engine
Mars,0,125.81202423659019,20.47115346174862,engine
Mars,1,125.81244468703714,20.47107003342251,engine
Mars,2,125.81286516447095,20.470986607767905,engine
Mars,3,125.81328566902044,20.47090318479019,engine
Mars,4,125.81370620064153,20.47081976453,engine
Mars,5,125.81412675946204,20.47073634699256,engine
Mars,6,125.8145473453739,20.470652932233058,engine
Mars,7,125.81496795793967,20.470569520368503,engine
Mars,8,125.81538859756932,20.47048611134656,engine
Mars,9,125.81580926358562,20.470402705336923,engine
Mars,10,125.81622995667949,20.470319302231225,engine
Mars,11,125.81665067669346,20.470235902090238,engine
Mars,12,125.8170714232341,20.47015250502468,engine
Mars,13,125.81749219659739,20.47006911100393,engine
Mars,14,125.8179129963888,20.469985720138546,engine
Mars,15,125.81833382273086,20.469902332433094,engine
Mars,16,125.81875467574535,20.469818947892072,engine
Mars,17,125.81917555531841,20.469735566569888,engine
Mars,18,125.81959646100651,20.46965218858273,engine
Mars,19,125.8200173932121,20.46956881387892,engine
Mars,20,125.82043835153749,20.469485442568605,engine
Mars,21,125.8208593361019,20.469402074655868,engine
Mars,22,125.82128034702404,20.469318710144737,engine
Mars,23,125.82170138390467,20.469235349145126,engine
Mars,24,125.82212244703386,20.469151991625562,engine
Mars,25,125.82254353601131,20.469068637695802,engine
Mars,26,125.82296465095365,20.468985287359537,engine
Mars,27,125.82338579197688,20.468901940620405,engine
Mars,28,125.82380695867916,20.468818597587887,engine
Mars,29,125.82422815163041,20.46873525817425,engine
Mars,30,125.82464936986284,20.468651922600596,engine
Mercury,-30,211.57389637492022,-15.054002339726113,engine
Mercury,-20,211.58198117103458,-15.057661953983509,engine
Mercury,-15,211.5860237583538,-15.059491083824774,engine
Mercury,-10,211.59006650026492,-15.061319764263532,engine
Mercury,-5,211.59410941931264,-15.063147997654287,engine
Mercury,-2,211.59653526431296,-15.064244723847729,engine
Mercury,-1,211.597343895969,-15.064610263722095,engine
Mercury,0,211.59815253623626,-15.064975785864597,engine
Mercury,1,211.59896118510238,-15.065341290168849,engine
Mercury,2,211.59976984310038,-15.065706776902422,engine
Mercury,3,211.60057851021716,-15.066072245959313,engine
Mercury,4,211.60138718662125,-15.066437697358266,engine
Mercury,5,211.6021958724809,-15.06680313111828,engine
Mercury,6,211.6030045685061,-15.06716854750347,engine
Mercury,7,211.6038132735981,-15.067533945918598,engine
Mercury,8,211.60462198882405,-15.067899326876569,engine
Mercury,9,211.6054307136384,-15.068264690029007,engine
Mercury,10,211.60623944928642,-15.068630035885082,engine
Mercury,11,211.60704819521,-15.068995364095308,engine
Mercury,12,211.60785695193852,-15.069360674929042,engine
Mercury,13,211.60866571945564,-15.069725968282166,engine
Mercury,14,211.60947449792636,-15.070091244175321,engine
Mercury,15,211.61028328751533,-15.070456502629341,engine
Mercury,16,211.611092088205,-15.070821743540684,engine
Mercury,17,211.61190090106533,-15.071186967424476,engine
Mercury,18,211.61270972499332,-15.07155217368775,engine
Mercury,19,211.6135185605127,-15.071917362472481,engine
Mercury,20,211.61432740814982,-15.072282534049377,engine
Mercury,21,211.6151362678853,-15.07264768831587,engine
Mercury,22,211.61594513988118,-15.07301282529404,engine
Mercury,23,211.6167540241173,-15.073377944881683,engine
Mercury,24,211.61756292111835,-15.073743047350208,engine
Mercury,25,211.61837183086345,-15.074108132597786,engine
Mercury,26,211.61918075333136,-15.074473200522755,engine
Mercury,27,211.61998968904544,-15.074838251397049,engine
Mercury,28,211.6207986379836,-15.075203285119347,engine
Mercury,29,211.62160760066587,-15.07556830183333,engine
Mercury,30,211.62241657652947,-15.075933301321925,engine
Moon,-30,112.02976887856362,24.734845849962944,engine
Moon,-20,112.15747665209389,24.69815673121064,engine
Moon,-15,112.22190941029508,24.679937104614023,engine
Moon,-10,112.28672073142012,24.661804569013302,engine
Moon,-5,112.35190494080618,24.643761902505247,engine
Moon,-2,112.39119201089477,24.63298057749362,engine
Moon,-1,112.4043168268151,24.62939430728433,engine
Moon,0,112.41745615824767,24.625811832911484,engine
Moon,1,112.43060993253033,24.622233169680502,engine
Moon,2,112.44377810112363,24.618658338729908,engine
Moon,3,112.4569605907068,24.615087355265345,engine
Moon,4,112.4701574013736,24.611520251909177,engine
Moon,5,112.48336845941697,24.60795704367297,engine
Moon,6,112.49659369960501,24.60439774315906,engine
Moon,7,112.50983310384926,24.600842387416037,engine
Moon,8,112.5230866084706,24.597290987889956,engine
Moon,9,112.5363541258205,24.593743563605425,engine
Moon,10,112.54963567487046,24.590200140778695,engine
Moon,11,112.56293117146936,24.58666073634184,engine
Moon,12,112.57624053995262,24.58312536481934,engine
Moon,13,112.58956377917366,24.579594057781524,engine
Moon,14,112.6029008130831,24.576066829549006,engine
Moon,15,112.61625156530533,24.57254369440378,engine
Moon,16,112.62961603425364,24.56902468356563,engine
Moon,17,112.64299415210775,24.565509808767263,engine
Moon,18,112.65638582381938,24.56199908876703,engine
Moon,19,112.66979105635798,24.55849255207147,engine
Moon,20,112.68320974697527,24.55499020692696,engine
Moon,21,112.69664189345701,24.551492083956443,engine
Moon,22,112.71008741776798,24.547998196851722,engine
Moon,23,112.72354624156999,24.544508559261974,engine
Moon,24,112.73701836221035,24.541023201461368,engine
Moon,25,112.75050367557073,24.537542131350097,engine
Moon,26,112.76400217874958,24.53406537896788,engine
Moon,27,112.77751379254819,24.530592957601733,engine
Moon,28,112.7910384373876,24.527124880496242,engine
Moon,29,112.8045761191082,24.52366117500452,engine
Moon,30,112.81812671402254,24.520201853344357,engine
Neptune,-30,2.76174334555353,-0.35139395225026354,engine
Neptune,-20,2.7615739685512293,-0.3514695387069954,engine
Neptune,-15,2.761489275919363,-0.3515073314025668,engine
Neptune,-10,2.7614045788464927,-0.35154512373473884,engine
Neptune,-5,2.761319876028757,-0.35158291571548256,engine
Neptune,-2,2.7612690510656805,-0.35160559072859887,engine
Neptune,-1,2.7612521088027218,-0.35161314903800667,engine
Neptune,0,2.7612351662189973,-0.3516207073330718,engine
Neptune,1,2.761218223307069,-0.3516282656126856,engine
Neptune,2,2.761201280051411,-0.35163582387905395,engine
Neptune,3,2.761184336444594,-0.35164338213106733,engine
Neptune,4,2.7611673924792086,-0.3516509403676088,engine
Neptune,5,2.7611504481397393,-0.3516584985908921,engine
Neptune,6,2.761133503407432,-0.3516660568048683,engine
Neptune,7,2.7611165582976045,-0.3516736149982911,engine
Neptune,8,2.7610996127837804,-0.3516811731784352,engine
Neptune,9,2.7610826668692288,-0.3516887313391188,engine
Neptune,10,2.7610657205242095,-0.3516962894893668,engine
Neptune,11,2.761048773744633,-0.3517038476263159,engine
Neptune,12,2.7610318265231464,-0.35171140574885307,engine
Neptune,13,2.7610148788524063,-0.3517189638558662,engine
Neptune,14,2.760997930716984,-0.3517265219495603,engine
Neptune,15,2.760980982109558,-0.3517340800288222,engine
Neptune,16,2.7609640330228147,-0.35174163809253733,engine
Neptune,17,2.7609470834299836,-0.35174919614798095,engine
Neptune,18,2.7609301333492065,-0.35175675418279373,engine
Neptune,19,2.760913182753738,-0.3517643122042504,engine
Neptune,20,2.760896231636305,-0.3517718702112356,engine
Neptune,21,2.760879279989644,-0.3517794282026355,engine
Neptune,22,2.7608623277984075,-0.35178698618065524,engine
Neptune,23,2.760845375058059,-0.35179454414307243,engine
Neptune,24,2.7608284217532666,-0.35180210209209084,engine
Neptune,25,2.7608114678768163,-0.35180966002659675,engine
Neptune,26,2.7607945134214993,-0.3518172179454741,engine
Neptune,27,2.7607775583720295,-0.35182477585092686,engine
Neptune,28,2.760760602723922,-0.35183233374073225,engine
Neptune,29,2.7607436464505377,-0.3518398916221626,engine
Neptune,30,2.7607266895674627,-0.35184744948396574,engine
Pallas,-30,21.03231881388803,-13.425574994230908,engine
Pallas,-20,21.031103378099115,-13.427463129107696,engine
Pallas,-15,21.030495158664742,-13.428407352512997,engine
Pallas,-10,21.02988658849221,-13.429351677767377,engine
Pallas,-5,21.029277654985773,-13.43029610353419,engine
Pallas,-2,21.02891211551819,-13.430862806429722,engine
Pallas,-1,21.02879023854944,-13.431051715233737,engine
Pallas,0,21.02866834618164,-13.431240627934576,engine
Pallas,1,21.02854643831964,-13.431429544518641,engine
Pallas,2,21.028424514868465,-13.431618464972132,engine
Pallas,3,21.028302575733584,-13.431807389281191,engine
Pallas,4,21.028180620820617,-13.431996317431844,engine
Pallas,5,21.02805865003546,-13.432185249410086,engine
Pallas,6,21.02793666320257,-13.432374185328445,engine
Pallas,7,21.027814660392014,-13.432563124919316,engine
Pallas,8,21.027692641432054,-13.432752068295578,engine
Pallas,9,21.027570606305066,-13.432941015315071,engine
Pallas,10,21.02744855475796,-13.43312996621723,engine
Pallas,11,21.02732648678024,-13.433318920860737,engine
Pallas,12,21.02720440227981,-13.433507879230886,engine
Pallas,13,21.02708230116492,-13.433696841312928,engine
Pallas,14,21.02696018334403,-13.43388580709197,engine
Pallas,15,21.02683804872601,-13.434074776553045,engine
Pallas,16,21.026715897219933,-13.434263749681097,engine
Pallas,17,21.026593728653257,-13.434452726587716,engine
Pallas,18,21.02647154309957,-13.434641707004223,engine
Pallas,19,21.026349340533635,-13.434830691066795,engine
Pallas,20,21.0262271205724,-13.435019678710443,engine
Pallas,21,21.026104883273153,-13.435208669944457,engine
Pallas,22,21.02598262854684,-13.43539766475325,engine
Pallas,23,21.025860356304673,-13.43558666312114,engine
Pallas,24,21.025738066458246,-13.435775665032349,engine
Pallas,25,21.025615758919354,-13.43596467047104,engine
Pallas,26,21.0254934336002,-13.436153679421263,engine
Pallas,27,21.025371090559968,-13.436342691891785,engine
Pallas,28,21.025248729418117,-13.43653170781689,engine
Pallas,29,21.02512635015235,-13.436720727331947,engine
Pallas,30,21.02500395284024,-13.43690975016715,engine
Pluto,-30,306.07592881806534,-23.722703340087147,engine
Pluto,-20,306.0758901319527,-23.722710104036558,engine
Pluto,-15,306.0758707254992,-23.722713502500422,engine
Pluto,-10,306.0758512758096,-23.722716911436535,engine
Pluto,-5,306.0758317821762,-23.722720330448645,engine
Pluto,-2,306.0758200646215,-23.722722386524563,engine
Pluto,-1,306.07581615517637,-23.72272307264194,engine
Pluto,0,306.0758122439253,-23.722723759133203,engine
Pluto,1,306.0758083308607,-23.72272444599495,engine
Pluto,2,306.0758044159824,-23.722725133224156,engine
Pluto,3,306.0758004992828,-23.722725820817377,engine
Pluto,4,306.07579658075696,-23.722726508771323,engine
Pluto,5,306.07579266039727,-23.722727197082566,engine
Pluto,6,306.0757887382012,-23.722727885748476,engine
Pluto,7,306.07578481416647,-23.722728574764695,engine
Pluto,8,306.07578088828586,-23.722729264128446,engine
Pluto,9,306.0757769605543,-23.72272995383559,engine
Pluto,10,306.0757730309669,-23.72273064388403,engine
Pluto,11,306.07576909951894,-23.722731334269852,engine
Pluto,12,306.0757651662033,-23.722732024989554,engine
Pluto,13,306.07576123102024,-23.722732716039996,engine
Pluto,14,306.07575729396257,-23.722733407417685,engine
Pluto,15,306.0757533550234,-23.722734099119126,engine
Pluto,16,306.0757494142028,-23.722734791141125,engine
Pluto,17,306.07574547149136,-23.722735483480665,engine
Pluto,18,306.0757415268874,-23.72273617613327,engine
Pluto,19,306.0757375803887,-23.722736869096195,engine
Pluto,20,306.07573363198844,-23.72273756236593,engine
Pluto,21,306.0757296816798,-23.722738255938925,engine
Pluto,22,306.0757257294633,-23.722738949811976,engine
Pluto,23,306.0757217753323,-23.722739643981498,engine
Pluto,24,306.07571781928004,-23.72274033844394,engine
Pluto,25,306.07571386130724,-23.722741033196076,engine
Pluto,26,306.0757099014074,-23.72274172823431,engine
Pluto,27,306.0757059395738,-23.722742423555076,engine
Pluto,28,306.0757019758073,-23.72274311915511,engine
Pluto,29,306.07569801009885,-23.722743815031283,engine
Pluto,30,306.0756940424472,-23.722744511179044,engine
Rahu,-30,330.8357005969719,-11.928201925900714,engine
Rahu,-20,330.8357988179817,-11.928166333991502,engine
Rahu,-15,330.835848186503,-11.928148444527325,engine
Rahu,-10,330.8358977263272,-11.928130492979832,engine
Rahu,-5,330.83594743693783,-11.928112479536022,engine
Rahu,-2,330.8359773450636,-11.928101641838525,engine
Rahu,-1,330.8359873280403,-11.928098024343255,engine
Rahu,0,330.83599731781067,-11.928094404385812,engine
Rahu,1,330.8360073143705,-11.928090781967716,engine
Rahu,2,330.83601731771563,-11.928087157090504,engine
Rahu,3,330.83602732784203,-11.928083529755577,engine
Rahu,4,330.8360373447452,-11.928079899964642,engine
Rahu,5,330.8360473684212,-11.928076267719064,engine
Rahu,6,330.83605739887236,-11.928072633018056,engine
Rahu,7,330.8360674360744,-11.928068995870317,engine
Rahu,8,330.8360774800433,-11.928065356270187,engine
Rahu,9,330.83608753076123,-11.928061714224011,engine
Rahu,10,330.8360975882377,-11.928058069728406,engine
Rahu,11,330.8361076524616,-11.928054422787403,engine
Rahu,12,330.8361177234288,-11.928050773402434,engine
Rahu,13,330.836127801135,-11.928047121575101,engine
Rahu,14,330.8361378855762,-11.928043467306845,engine
Rahu,15,330.836147976748,-11.928039810599257,engine
Rahu,16,330.8361580746462,-11.92803615145388,engine
Rahu,17,330.8361681792734,-11.928032489869757,engine
Rahu,18,330.83617829061177,-11.928028825853335,engine
Rahu,19,330.8361884086641,-11.928025159403633,engine
Rahu,20,330.8361985334258,-11.928021490522264,engine
Rahu,21,330.8362086648863,-11.9280178192131,engine
Rahu,22,330.8362188030546,-11.928014145472858,engine
Rahu,23,330.8362289479199,-11.92801046930547,engine
Rahu,24,330.83623909947784,-11.92800679071249,engine
Rahu,25,330.8362492577244,-11.928003109695375,engine
Rahu,26,330.8362594226552,-11.927999426255742,engine
Rahu,27,330.8362695942659,-11.92799574039513,engine
Rahu,28,330.83627977255253,-11.927992052114986,engine
Rahu,29,330.8362899575176,-11.9279883614144,engine
Rahu,30,330.8363001491433,-11.92798466829983,engine
Regulus,-30,152.087028496172,11.968731606868353,engine
Regulus,-20,152.08702501141707,11.96873158354526,engine
Regulus,-15,152.08702325847295,11.968731558967846,engine
Regulus,-10,152.0870214997369,11.968731525743197,engine
Regulus,-5,152.08701973615103,11.968731483848968,engine
Regulus,-2,152.08701867606493,11.968731454543297,engine
Regulus,-1,152.08701832242588,11.968731444079136,engine
Regulus,0,152.08701796866092,11.968731433266989,engine
Regulus,1,152.08701761477764,11.968731422106755,engine
Regulus,2,152.08701726078365,11.968731410598345,engine
Regulus,3,152.08701690668647,11.968731398741676,engine
Regulus,4,152.0870165524938,11.96873138653666,engine
Regulus,5,152.08701619821312,11.96873137398323,engine
Regulus,6,152.08701584385184,11.968731361081312,engine
Regulus,7,152.087015489418,11.968731347830863,engine
Regulus,8,152.08701513491874,11.968731334231832,engine
Regulus,9,152.08701478036238,11.968731320284167,engine
Regulus,10,152.08701442575574,11.968731305987824,engine
Regulus,11,152.08701407110675,11.968731291342767,engine
Regulus,12,152.08701371642292,11.968731276348972,engine
Regulus,13,152.08701336171188,11.968731261006438,engine
Regulus,14,152.08701300698127,11.968731245315128,engine
Regulus,15,152.08701265223863,11.96873122927505,engine
Regulus,16,152.08701229749158,11.968731212886208,engine
Regulus,17,152.08701194274747,11.968731196148584,engine
Regulus,18,152.0870115880144,11.968731179062237,engine
Regulus,19,152.0870112332997,11.968731161627163,engine
Regulus,20,152.08701087861098,11.968731143843389,engine
Regulus,21,152.08701052395588,11.968731125710944,engine
Regulus,22,152.08701016934197,11.968731107229885,engine
Regulus,23,152.08700981477682,11.96873108840025,engine
Regulus,24,152.08700946026806,11.968731069222093,engine
Regulus,25,152.08700910582323,11.968731049695483,engine
Regulus,26,152.08700875144999,11.968731029820475,engine
Regulus,27,152.08700839715593,11.968731009597152,engine
Regulus,28,152.08700804294858,11.968730989025593,engine
Regulus,29,152.08700768883534,11.968730968105874,engine
Regulus,30,152.0870073348243,11.968730946838113,engine
Saturn,-30,11.121154362397327,1.8315329029082377,engine
Saturn,-20,11.120664587456353,1.8313178440027338,engine
Saturn,-15,11.12041960867772,1.8312103226622432,engine
Saturn,-10,11.120174565223195,1.8311028066737234,engine
Saturn,-5,11.119929454232736,1.8309952959711755,engine
Saturn,-2,11.119782354064931,1.8309307920691877,engine
Saturn,-1,11.119733314963302,1.8309092911925575,engine
Saturn,0,11.11968427294405,1.8308877905170304,engine
Saturn,1,11.119635228018073,1.830866290055729,engine
Saturn,2,11.119586180130527,1.8308447897946272,engine
Saturn,3,11.119537129276026,1.8308232897400676,engine
Saturn,4,11.119488075449171,1.8308017898983882,engine
Saturn,5,11.119439018595303,1.8307802902555315,engine
Saturn,6,11.119389958676292,1.8307587908034346,engine
Saturn,7,11.119340895752707,1.8307372915772389,engine
Saturn,8,11.119291829737925,1.8307157925484936,engine
Saturn,9,11.119242760658267,1.8306942937379116,engine
Saturn,10,11.119193688443662,1.8306727951229882,engine
Saturn,11,11.119144613072704,1.8306512967040798,engine
Saturn,12,11.119095534556926,1.830629798494285,engine
Saturn,13,11.119046452842134,1.8306083004795415,engine
Saturn,14,11.118997367923543,1.8305868026661434,engine
Saturn,15,11.118948279796449,1.8305653050604012,engine
Saturn,16,11.11889918840684,1.8305438076482428,engine
Saturn,17,11.118850093733641,1.8305223104283272,engine
Saturn,18,11.118800995788776,1.8305008134154,engine
Saturn,19,11.118751894551353,1.8304793166081355,engine
Saturn,20,11.118702789967589,1.8304578199924466,engine
Saturn,21,11.118653682033107,1.8304363235746004,engine
Saturn,22,11.118604570743678,1.830414827360897,engine
Saturn,23,11.118555456045684,1.8303933313372154,engine
Saturn,24,11.118506337951443,1.830371835516636,engine
Saturn,25,11.118457216407515,1.8303503398850487,engine
Saturn,26,11.118408091426314,1.830328844455514,engine
Saturn,27,11.118358962954535,1.8303073492139204,engine
Saturn,28,11.118309831004735,1.830285854173316,engine
Saturn,29,11.118260695490774,1.8302643593051744,engine
Saturn,30,11.118211556491257,1.8302428646513684,engine
Sun,-30,189.862991920877,-4.2469838037923555,engine
Sun,-20,189.86921903120378,-4.249658425638306,engine
Sun,-15,189.87233375478172,-4.250995618963079,engine
Sun,-10,189.8754492821447,-4.252332735293445,engine
Sun,-5,189.87856563271203,-4.253669776261732,engine
Sun,-2,189.8804358453267,-4.2544719650171805,engine
Sun,-1,189.88105931748152,-4.254739355379612,engine
Sun,0,189.88168282384822,-4.255006742815206,engine
Sun,1,189.88230636456808,-4.2552741273348085,engine
Sun,2,189.88292993978155,-4.255541508949221,engine
Sun,3,189.88355354962863,-4.25580888766937,engine
Sun,4,189.88417719424854,-4.25607626350618,engine
Sun,5,189.88480087378,-4.256343636470674,engine
Sun,6,189.88542458877907,-4.25661100675317,engine
Sun,7,189.88604833854683,-4.256878374006197,engine
Sun,8,189.88667212363316,-4.25714573841976,engine
Sun,9,189.88729594376545,-4.257413099826572,engine
Sun,10,189.88791979991086,-4.257680458596089,engine
Sun,11,189.8885436917857,-4.257947814560249,engine
Sun,12,189.88916761952404,-4.258215167730403,engine
Sun,13,189.88979158325924,-4.258482518117958,engine
Sun,14,189.89041558312397,-4.258749865734308,engine
Sun,15,189.89103961925022,-4.259017210590952,engine
Sun,16,189.8916636917692,-4.259284552699376,engine
Sun,17,189.8922878012302,-4.259551892250453,engine
Sun,18,189.89291194692618,-4.259819228897264,engine
Sun,19,189.89353612940482,-4.260086562830693,engine
Sun,20,189.89416034879477,-4.260353894062477,engine
Sun,21,189.89478460522392,-4.260621222604356,engine
Sun,22,189.89540889881948,-4.260888548468155,engine
Sun,23,189.8960332297079,-4.261155871665672,engine
Sun,24,189.8966575980151,-4.261423192208808,engine
Sun,25,189.8972820038661,-4.261690510109492,engine
Sun,26,189.89790644738537,-4.261957825379717,engine
Sun,27,189.8985309286967,-4.262225138031491,engine
Sun,28,189.8991554479229,-4.262492448076856,engine
Sun,29,189.89978000560524,-4.262759755707195,engine
Sun,30,189.90040460102765,-4.263027060576154,engine
Uranus,-30,63.183200180867225,20.993599953868983,engine
Uranus,-20,63.18306419424205,20.993574473661255,engine
Uranus,-15,63.182996271584095,20.993561759917007,engine
Uranus,-10,63.18292839435016,20.99354906429207,engine
Uranus,-5,63.18286056123782,20.99353638718239,engine
Uranus,-2,63.1828198820106,20.993528789967527,engine
Uranus,-1,63.18280632564258,20.993526259089094,engine
Uranus,0,63.182792770943756,20.993523728978975,engine
Uranus,1,63.18277921790328,20.993521199640124,engine
Uranus,2,63.18276566650449,20.99351867107447,engine
Uranus,3,63.18275211674799,20.993516143287092,engine
Uranus,4,63.18273856861706,20.99351361627986,engine
Uranus,5,63.18272502210067,20.993511090055716,engine
Uranus,6,63.18271147717869,20.993508564615865,engine
Uranus,7,63.18269793385822,20.9935060399666,engine
Uranus,8,63.182684392119434,20.99350351610899,engine
Uranus,9,63.18267085195946,20.99350099304779,engine
Uranus,10,63.18265731334934,20.99349847078237,engine
Uranus,11,63.182643776286916,20.99349594931723,engine
Uranus,12,63.182630240760936,20.993493428655203,engine
Uranus,13,63.182616706760065,20.993490908799057,engine
Uranus,14,63.18260317427296,20.9934883897516,engine
Uranus,15,63.182589643288246,20.993485871515563,engine
Uranus,16,63.182576113794504,20.993483354093716,engine
Uranus,17,63.18256258577122,20.993480837487073,engine
Uranus,18,63.182549059225025,20.99347832170174,engine
Uranus,19,63.18253553413534,20.993475806738708,engine
Uranus,20,63.18252201049059,20.993473292600672,engine
Uranus,21,63.18250848827918,20.993470779290263,engine
Uranus,22,63.1824949674895,20.99346826681014,engine
Uranus,23,63.18248144810984,20.99346575516293,engine
Uranus,24,63.18246793012856,20.993463244351236,engine
Uranus,25,63.18245441353386,20.993460734377642,engine
Uranus,26,63.182440898314034,20.993458225244723,engine
Uranus,27,63.182427384457235,20.993455716955044,engine
Uranus,28,63.18241387195742,20.99345320951219,engine
Uranus,29,63.18240036078214,20.993450702914895,engine
Uranus,30,63.18238685094332,20.993448197170075,engine
Venus,-30,213.19678992654775,-21.12060157715208,engine
Venus,-20,213.1960141090405,-21.120912221276306,engine
Venus,-15,213.1956273485787,-21.121065360491645,engine
Venus,-10,213.19524145831178,-21.121217056796347,engine
Venus,-5,213.19485651713444,-21.121367320535285,engine
Venus,-2,213.19462603974884,-21.12145679540344,engine
Venus,-1,213.1945492979247,-21.121486506764477,engine
Venus,0,213.1944726008579,-21.121516161904285,engine
Venus,1,213.1943959465243,-21.121545760272852,engine
Venus,2,213.19431933816364,-21.12157530260278,engine
Venus,3,213.19424277506573,-21.121604788666186,engine
Venus,4,213.1941662565188,-21.121634218236018,engine
Venus,5,213.19408978575936,-21.121663592047828,engine
Venus,6,213.19401336202225,-21.121692909895895,engine
Venus,7,213.19393698469466,-21.121722171516616,engine
Venus,8,213.19386065693695,-21.121751377664257,engine
Venus,9,213.19378437812452,-21.12178052810369,engine
Venus,10,213.1937081474152,-21.121809622648822,engine
Venus,11,213.19363196808902,-21.121838662020938,engine
Venus,12,213.1935558394245,-21.1218676460001,engine
Venus,13,213.19347976069844,-21.12189657436711,engine
Venus,14,213.19340373513646,-21.121925447865657,engine
Venus,15,213.19332776201264,-21.12195426627827,engine
Venus,16,213.19325184191675,-21.12198302970907,engine
Venus,17,213.19317597406945,-21.122011737961678,engine
Venus,18,213.19310016179264,-21.122040391744736,engine
Venus,19,213.19302440430442,-21.122068990863543,engine
Venus,20,213.19294870218874,-21.122097535425713,engine
Venus,21,213.1928730560285,-21.1221260255397,engine
Venus,22,213.19279746508815,-21.122154460994018,engine
Venus,23,213.19272193258124,-21.122182842540383,engine
Venus,24,213.1926464577696,-21.122211169969088,engine
Venus,25,213.1925710412303,-21.12223944339196,engine
Venus,26,213.19249568353894,-21.122267662921796,engine
Venus,27,213.19242038395254,-21.122295828351298,engine
Venus,28,213.192345145678,-21.12232394043659,engine
Venus,29,213.1922699679192,-21.12235199899093,engine
Venus,30,213.19219485134664,-21.122380004092836,engine
Vesta,-30,24.619286950608114,-2.514122536187368,engine
Vesta,-20,24.617804301412967,-2.5148247457882205,engine
Vesta,-15,24.617062418339863,-2.515175876602465,engine
Vesta,-10,24.616320142278294,-2.5155270243385663,engine
Vesta,-5,24.615577457680157,-2.5158781887852486,engine
Vesta,-2,24.615131644577147,-2.516088895306268,engine
Vesta,-1,24.61498300569994,-2.5161591321338475,engine
Vesta,0,24.614834349572714,-2.5162293695286273,engine
Vesta,1,24.61468567572589,-2.5162996076398128,engine
Vesta,2,24.614536984390714,-2.5163698463127444,engine
Vesta,3,24.61438827509826,-2.5164400856965736,engine
Vesta,4,24.614239548080374,-2.5165103256366135,engine
Vesta,5,24.614090802868862,-2.5165805662819425,engine
Vesta,6,24.61394203959632,-2.5166508075249716,engine
Vesta,7,24.61379325799465,-2.5167210494205188,engine
Vesta,8,24.6136444582013,-2.516791291861045,engine
Vesta,9,24.61349563984095,-2.5168615349482,engine
Vesta,10,24.613346802951778,-2.5169317786215197,engine
Vesta,11,24.613197947167247,-2.5170020229828487,engine
Vesta,12,24.613049072721793,-2.517072267877319,engine
Vesta,13,24.612900179149698,-2.517142513453875,engine
Vesta,14,24.612751266686068,-2.5172127595575913,engine
Vesta,15,24.612602334865848,-2.5172830063373635,engine
Vesta,16,24.61245338392484,-2.5173532536382175,engine
Vesta,17,24.612304413298673,-2.5174235016561255,engine
Vesta,18,24.612155423423744,-2.517493750141857,engine
Vesta,19,24.612006413911477,-2.517563999215396,engine
Vesta,20,24.6118573844738,-2.517634248949492,engine
Vesta,21,24.61170833534804,-2.517704499189167,engine
Vesta,22,24.611559266071673,-2.517774750083114,engine
Vesta,23,24.61141017688289,-2.517845001476222,engine
Vesta,24,24.611261067319795,-2.517915253517187,engine
Vesta,25,24.611111937621217,-2.5179855060508824,engine
Vesta,26,24.61096278750113,-2.5180557591499886,engine
Vesta,27,24.610813616673763,-2.518126012887183,engine
Vesta,28,24.610664425379145,-2.518196267107261,engine
Vesta,29,24.61051521323224,-2.5182665219299576,engine
Vesta,30,24.61036598014854,-2.5183367773336465,engine
Gonggong,-30,337.360240429089,-10.257774976967363,tno-rate
Gonggong,-20,337.3601891180321,-10.257792600642768,tno-rate
Gonggong,-15,337.3601634625037,-10.257801412480472,tno-rate
Gonggong,-10,337.3601378069753,-10.257810224318174,tno-rate
Gonggong,-5,337.3601121514468,-10.257819036155878,tno-rate
Gonggong,-2,337.36009675812977,-10.257824323258498,tno-rate
Gonggong,-1,337.3600916270241,-10.25782608562604,tno-rate
Gonggong,0,337.3600864959184,-10.25782784799358,tno-rate
Gonggong,1,337.3600813648127,-10.25782961036112,tno-rate
Gonggong,2,337.360076233707,-10.257831372728662,tno-rate
Gonggong,3,337.3600711026013,-10.257833135096202,tno-rate
Gonggong,4,337.36006597149566,-10.257834897463743,tno-rate
Gonggong,5,337.36006084038996,-10.257836659831282,tno-rate
Gonggong,6,337.36005570928427,-10.257838422198823,tno-rate
Gonggong,7,337.3600505781786,-10.257840184566364,tno-rate
Gonggong,8,337.3600454470729,-10.257841946933905,tno-rate
Gonggong,9,337.3600403159672,-10.257843709301445,tno-rate
Gonggong,10,337.3600351848615,-10.257845471668986,tno-rate
Gonggong,11,337.3600300537558,-10.257847234036527,tno-rate
Gonggong,12,337.36002492265015,-10.257848996404068,tno-rate
Gonggong,13,337.36001979154446,-10.257850758771607,tno-rate
Gonggong,14,337.36001466043876,-10.257852521139148,tno-rate
Gonggong,15,337.36000952933307,-10.257854283506688,tno-rate
Gonggong,16,337.3600043982274,-10.25785604587423,tno-rate
Gonggong,17,337.3599992671217,-10.25785780824177,tno-rate
Gonggong,18,337.359994136016,-10.25785957060931,tno-rate
Gonggong,19,337.3599890049103,-10.257861332976852,tno-rate
Gonggong,20,337.35998387380465,-10.257863095344392,tno-rate
Gonggong,21,337.35997874269896,-10.257864857711931,tno-rate
Gonggong,22,337.35997361159326,-10.257866620079472,tno-rate
Gonggong,23,337.35996848048757,-10.257868382447013,tno-rate
Gonggong,24,337.35996334938187,-10.257870144814554,tno-rate
Gonggong,25,337.3599582182762,-10.257871907182095,tno-rate
Gonggong,26,337.3599530871705,-10.257873669549635,tno-rate
Gonggong,27,337.35994795606484,-10.257875431917176,tno-rate
Gonggong,28,337.35994282495915,-10.257877194284717,tno-rate
Gonggong,29,337.35993769385345,-10.257878956652258,tno-rate
Gonggong,30,337.35993256274776,-10.257880719019797,tno-rate
Haumea,-30,220.04659505171068,13.629657863313554,tno-rate
Haumea,-20,220.04672221159652,13.629587484730962,tno-rate
Haumea,-15,220.04678579153943,13.629552295439668,tno-rate
Haumea,-10,220.04684937148235,13.629517106148372,tno-rate
Haumea,-5,220.04691295142527,13.629481916857076,tno-rate
Haumea,-2,220.046951099391,13.629460803282297,tno-rate
Haumea,-1,220.0469638153796,13.629453765424039,tno-rate
Haumea,0,220.0469765313682,13.62944672756578,tno-rate
Haumea,1,220.04698924735678,13.629439689707521,tno-rate
Haumea,2,220.04700196334537,13.629432651849262,tno-rate
Haumea,3,220.04701467933393,13.629425613991001,tno-rate
Haumea,4,220.04702739532252,13.629418576132743,tno-rate
Haumea,5,220.0470401113111,13.629411538274484,tno-rate
Haumea,6,220.0470528272997,13.629404500416225,tno-rate
Haumea,7,220.04706554328826,13.629397462557966,tno-rate
Haumea,8,220.04707825927684,13.629390424699707,tno-rate
Haumea,9,220.04709097526543,13.629383386841447,tno-rate
Haumea,10,220.04710369125402,13.629376348983188,tno-rate
Haumea,11,220.0471164072426,13.629369311124929,tno-rate
Haumea,12,220.04712912323117,13.62936227326667,tno-rate
Haumea,13,220.04714183921976,13.629355235408411,tno-rate
Haumea,14,220.04715455520835,13.629348197550152,tno-rate
Haumea,15,220.04716727119694,13.629341159691892,tno-rate
Haumea,16,220.04717998718553,13.629334121833633,tno-rate
Haumea,17,220.0471927031741,13.629327083975374,tno-rate
Haumea,18,220.04720541916268,13.629320046117115,tno-rate
Haumea,19,220.04721813515127,13.629313008258856,tno-rate
Haumea,20,220.04723085113986,13.629305970400598,tno-rate
Haumea,21,220.04724356712842,13.629298932542337,tno-rate
Haumea,22,220.047256283117,13.629291894684078,tno-rate
Haumea,23,220.0472689991056,13.62928485682582,tno-rate
Haumea,24,220.0472817150942,13.62927781896756,tno-rate
Haumea,25,220.04729443108278,13.629270781109302,tno-rate
Haumea,26,220.04730714707134,13.629263743251041,tno-rate
Haumea,27,220.04731986305993,13.629256705392782,tno-rate
Haumea,28,220.04733257904851,13.629249667534523,tno-rate
Haumea,29,220.0473452950371,13.629242629676265,tno-rate
Haumea,30,220.0473580110257,13.629235591818006,tno-rate
Makemake,-30,201.60486133358816,19.792986631000044,tno-rate
Makemake,-20,201.60499454312102,19.79292477953511,tno-rate
Makemake,-15,201.60506114788748,19.792893853802642,tno-rate
Makemake,-10,201.6051277526539,19.792862928070175,tno-rate
Makemake,-5,201.60519435742037,19.792832002337708,tno-rate
Makemake,-2,201.60523432028023,19.792813446898226,tno-rate
Makemake,-1,201.60524764123352,19.792807261751733,tno-rate
Makemake,0,201.6052609621868,19.79280107660524,tno-rate
Makemake,1,201.6052742831401,19.792794891458747,tno-rate
Makemake,2,201.60528760409338,19.792788706312255,tno-rate
Makemake,3,201.60530092504666,19.79278252116576,tno-rate
Makemake,4,201.60531424599995,19.792776336019266,tno-rate
Makemake,5,201.60532756695324,19.792770150872773,tno-rate
Makemake,6,201.60534088790652,19.79276396572628,tno-rate
Makemake,7,201.60535420885984,19.792757780579787,tno-rate
Makemake,8,201.60536752981312,19.79275159543329,tno-rate
Makemake,9,201.6053808507664,19.7927454102868,tno-rate
Makemake,10,201.6053941717197,19.792739225140306,tno-rate
Makemake,11,201.60540749267298,19.792733039993813,tno-rate
Makemake,12,201.60542081362627,19.79272685484732,tno-rate
Makemake,13,201.60543413457955,19.792720669700827,tno-rate
Makemake,14,201.60544745553284,19.79271448455433,tno-rate
Makemake,15,201.60546077648613,19.79270829940784,tno-rate
Makemake,16,201.6054740974394,19.792702114261346,tno-rate
Makemake,17,201.6054874183927,19.792695929114853,tno-rate
Makemake,18,201.60550073934598,19.79268974396836,tno-rate
Makemake,19,201.6055140602993,19.792683558821864,tno-rate
Makemake,20,201.60552738125259,19.79267737367537,tno-rate
Makemake,21,201.60554070220587,19.792671188528878,tno-rate
Makemake,22,201.60555402315916,19.792665003382385,tno-rate
Makemake,23,201.60556734411244,19.792658818235893,tno-rate
Makemake,24,201.60558066506573,19.792652633089396,tno-rate
Makemake,25,201.60559398601902,19.792646447942904,tno-rate
Makemake,26,201.6056073069723,19.79264026279641,tno-rate
Makemake,27,201.6056206279256,19.792634077649918,tno-rate
Makemake,28,201.60563394887888,19.792627892503425,tno-rate
Makemake,29,201.60564726983216,19.792621707356933,tno-rate
Makemake,30,201.60566059078545,19.792615522210436,tno-rate
Orcus,-30,161.1772264353443,-13.534174830865565,tno-rate
Orcus,-20,161.17735198847677,-13.534251458679613,tno-rate
Orcus,-15,161.177414765043,-13.534289772586638,tno-rate
Orcus,-10,161.17747754160922,-13.534328086493662,tno-rate
Orcus,-5,161.17754031817546,-13.534366400400685,tno-rate
Orcus,-2,161.1775779841152,-13.5343893887449,tno-rate
Orcus,-1,161.17759053942845,-13.534397051526305,tno-rate
Orcus,0,161.1776030947417,-13.53440471430771,tno-rate
Orcus,1,161.17761565005495,-13.534412377089115,tno-rate
Orcus,2,161.1776282053682,-13.53442003987052,tno-rate
Orcus,3,161.17764076068144,-13.534427702651925,tno-rate
Orcus,4,161.1776533159947,-13.53443536543333,tno-rate
Orcus,5,161.17766587130794,-13.534443028214735,tno-rate
Orcus,6,161.17767842662118,-13.53445069099614,tno-rate
Orcus,7,161.17769098193443,-13.534458353777545,tno-rate
Orcus,8,161.17770353724768,-13.534466016558948,tno-rate
Orcus,9,161.17771609256093,-13.534473679340353,tno-rate
Orcus,10,161.17772864787418,-13.534481342121758,tno-rate
Orcus,11,161.17774120318742,-13.534489004903163,tno-rate
Orcus,12,161.17775375850067,-13.534496667684568,tno-rate
Orcus,13,161.17776631381392,-13.534504330465973,tno-rate
Orcus,14,161.17777886912714,-13.534511993247378,tno-rate
Orcus,15,161.1777914244404,-13.534519656028783,tno-rate
Orcus,16,161.17780397975363,-13.534527318810188,tno-rate
Orcus,17,161.17781653506688,-13.534534981591593,tno-rate
Orcus,18,161.17782909038013,-13.534542644372998,tno-rate
Orcus,19,161.17784164569338,-13.534550307154403,tno-rate
Orcus,20,161.17785420100662,-13.534557969935808,tno-rate
Orcus,21,161.17786675631987,-13.534565632717213,tno-rate
Orcus,22,161.17787931163312,-13.534573295498616,tno-rate
Orcus,23,161.17789186694637,-13.53458095828002,tno-rate
Orcus,24,161.17790442225962,-13.534588621061426,tno-rate
Orcus,25,161.17791697757286,-13.53459628384283,tno-rate
Orcus,26,161.1779295328861,-13.534603946624236,tno-rate
Orcus,27,161.17794208819936,-13.53461160940564,tno-rate
Orcus,28,161.1779546435126,-13.534619272187046,tno-rate
Orcus,29,161.17796719882585,-13.53462693496845,tno-rate
Orcus,30,161.1779797541391,-13.534634597749855,tno-rate
Quaoar,-30,280.5494326000943,-15.079298514785272,tno-rate
Quaoar,-20,280.54946394918863,-15.079319928544194,tno-rate
Quaoar,-15,280.5494796237358,-15.079330635423656,tno-rate
Quaoar,-10,280.549495298283,-15.079341342303117,tno-rate
Quaoar,-5,280.54951097283015,-15.079352049182578,tno-rate
Quaoar,-2,280.54952037755845,-15.079358473310254,tno-rate
Quaoar,-1,280.5495235124679,-15.079360614686147,tno-rate
Quaoar,0,280.5495266473773,-15.07936275606204,tno-rate
Quaoar,1,280.54952978228675,-15.079364897437932,tno-rate
Quaoar,2,280.5495329171962,-15.079367038813825,tno-rate
Quaoar,3,280.5495360521056,-15.079369180189715,tno-rate
Quaoar,4,280.54953918701506,-15.079371321565608,tno-rate
Quaoar,5,280.5495423219245,-15.0793734629415,tno-rate
Quaoar,6,280.5495454568339,-15.079375604317393,tno-rate
Quaoar,7,280.54954859174336,-15.079377745693284,tno-rate
Quaoar,8,280.5495517266528,-15.079379887069177,tno-rate
Quaoar,9,280.5495548615622,-15.07938202844507,tno-rate
Quaoar,10,280.54955799647166,-15.079384169820962,tno-rate
Quaoar,11,280.5495611313811,-15.079386311196854,tno-rate
Quaoar,12,280.54956426629053,-15.079388452572745,tno-rate
Quaoar,13,280.54956740119997,-15.079390593948638,tno-rate
Quaoar,14,280.5495705361094,-15.07939273532453,tno-rate
Quaoar,15,280.54957367101883,-15.079394876700423,tno-rate
Quaoar,16,280.54957680592827,-15.079397018076316,tno-rate
Quaoar,17,280.5495799408377,-15.079399159452207,tno-rate
Quaoar,18,280.54958307574714,-15.0794013008281,tno-rate
Quaoar,19,280.54958621065657,-15.079403442203992,tno-rate
Quaoar,20,280.549589345566,-15.079405583579884,tno-rate
Quaoar,21,280.54959248047544,-15.079407724955775,tno-rate
Quaoar,22,280.5495956153849,-15.079409866331668,tno-rate
Quaoar,23,280.5495987502943,-15.07941200770756,tno-rate
Quaoar,24,280.54960188520374,-15.079414149083453,tno-rate
Quaoar,25,280.5496050201132,-15.079416290459346,tno-rate
Quaoar,26,280.5496081550226,-15.079418431835236,tno-rate
Quaoar,27,280.54961128993205,-15.079420573211129,tno-rate
Quaoar,28,280.5496144248415,-15.079422714587022,tno-rate
Quaoar,29,280.5496175597509,-15.079424855962914,tno-rate
Quaoar,30,280.54962069466035,-15.079426997338807,tno-rate
Sedna,-30,62.33050406896881,8.86473105436758,tno-rate
Sedna,-20,62.33046724837119,8.864710022222296,tno-rate
Sedna,-15,62.330448838072385,8.864699506149654,tno-rate
Sedna,-10,62.330430427773585,8.864688990077012,tno-rate
Sedna,-5,62.33041201747478,8.86467847400437,tno-rate
Sedna,-2,62.3304009712955,8.864672164360785,tno-rate
Sedna,-1,62.330397289235734,8.864670061146256,tno-rate
Sedna,0,62.33039360717597,8.864667957931728,tno-rate
Sedna,1,62.33038992511621,8.864665854717199,tno-rate
Sedna,2,62.330386243056445,8.86466375150267,tno-rate
Sedna,3,62.33038256099669,8.864661648288143,tno-rate
Sedna,4,62.330378878936926,8.864659545073614,tno-rate
Sedna,5,62.33037519687716,8.864657441859086,tno-rate
Sedna,6,62.3303715148174,8.864655338644557,tno-rate
Sedna,7,62.330367832757645,8.864653235430028,tno-rate
Sedna,8,62.33036415069788,8.864651132215501,tno-rate
Sedna,9,62.33036046863812,8.864649029000972,tno-rate
Sedna,10,62.330356786578356,8.864646925786444,tno-rate
Sedna,11,62.3303531045186,8.864644822571915,tno-rate
Sedna,12,62.33034942245884,8.864642719357388,tno-rate
Sedna,13,62.330345740399075,8.864640616142859,tno-rate
Sedna,14,62.33034205833931,8.86463851292833,tno-rate
Sedna,15,62.330338376279556,8.864636409713802,tno-rate
Sedna,16,62.33033469421979,8.864634306499273,tno-rate
Sedna,17,62.33033101216003,8.864632203284746,tno-rate
Sedna,18,62.33032733010027,8.864630100070217,tno-rate
Sedna,19,62.33032364804051,8.864627996855688,tno-rate
Sedna,20,62.33031996598075,8.86462589364116,tno-rate
Sedna,21,62.330316283920986,8.86462379042663,tno-rate
Sedna,22,62.33031260186122,8.864621687212104,tno-rate
Sedna,23,62.33030891980147,8.864619583997575,tno-rate
Sedna,24,62.330305237741705,8.864617480783046,tno-rate
Sedna,25,62.33030155568194,8.864615377568517,tno-rate
Sedna,26,62.33029787362218,8.86461327435399,tno-rate
Sedna,27,62.33029419156242,8.864611171139462,tno-rate
Sedna,28,62.33029050950266,8.864609067924933,tno-rate
Sedna,29,62.3302868274429,8.864606964710404,tno-rate
Sedna,30,62.330283145383135,8.864604861495875,tno-rate
Transpluto,-30,156.49089908681916,9.809464474371977,engine
Transpluto,-20,156.49095775062557,9.809441800834987,engine
Transpluto,-15,156.49098708103574,9.809430464593298,engine
Transpluto,-10,156.4910164104455,9.809419128704853,engine
Transpluto,-5,156.49104573886294,9.80940779316663,engine
Transpluto,-2,156.49106333543284,9.809400992013442,engine
Transpluto,-1,156.4910692008765,9.809398724990475,engine
Transpluto,0,156.49107506628027,9.809396457981604,engine
Transpluto,1,156.4910809316442,9.809394190986824,engine
Transpluto,2,156.49108679696832,9.809391924006098,engine
Transpluto,3,156.49109266225256,9.809389657039445,engine
Transpluto,4,156.491098527497,9.809387390086856,engine
Transpluto,5,156.49110439270163,9.809385123148317,engine
Transpluto,6,156.49111025787028,9.809382856222365,engine
Transpluto,7,156.49111612299527,9.809380589312001,engine
Transpluto,8,156.49112198808032,9.809378322415693,engine
Transpluto,9,156.49112785312204,9.809376055534793,engine
Transpluto,10,156.49113371812751,9.809373788666639,engine
Transpluto,11,156.4911395830931,9.809371521812551,engine
Transpluto,12,156.49114544801887,9.80936925497249,engine
Transpluto,13,156.49115131290483,9.809366988146545,engine
Transpluto,14,156.49115717775098,9.809364721334633,engine
Transpluto,15,156.4911630425573,9.809362454536798,engine
Transpluto,16,156.49116890732375,9.809360187753041,engine
Transpluto,17,156.4911747720544,9.809357920981851,engine
Transpluto,18,156.49118063674123,9.809355654226248,engine
Transpluto,19,156.49118650138823,9.809353387484672,engine
Transpluto,20,156.49119236599543,9.809351120757201,engine
Transpluto,21,156.49119823056284,9.809348854043805,engine
Transpluto,22,156.49120409509052,9.809346587344447,engine
Transpluto,23,156.49120995957819,9.809344320659186,engine
Transpluto,24,156.49121582402614,9.809342053987994,engine
Transpluto,25,156.49122168843434,9.80933978733082,engine
Transpluto,26,156.4912275528027,9.809337520687777,engine
Transpluto,27,156.49123341713118,9.809335254058812,engine
Transpluto,28,156.49123928141998,9.809332987443856,engine
Transpluto,29,156.4912451456728,9.809330720841476,engine
Transpluto,30,156.49125100988192,9.809328454254691,engine
Part_of_Fortune,-30,241.93321749120958,13.340012420439868,engine
Part_of_Fortune,-20,244.61041079696227,14.107874248365212,engine
Part_of_Fortune,-15,245.9501769998423,14.505110320682965,engine
Part_of_Fortune,-10,247.29069617419555,14.911012092114296,engine
Part_of_Fortune,-5,248.63194837283405,15.325413297569908,engine
Part_of_Fortune,-2,249.43704276749202,15.578060458565705,engine
Part_of_Fortune,-1,249.70546374865717,15.662935106175317,engine
Part_of_Fortune,0,249.9739125733219,15.748136703564622,engine
Part_of_Fortune,1,250.24238904943383,15.83366370581213,engine
Part_of_Fortune,2,250.51089300737803,15.919514555742959,engine
Part_of_Fortune,3,250.77942425250257,16.005687672617455,engine
Part_of_Fortune,4,251.04798266426982,16.092181475781338,engine
Part_of_Fortune,5,251.31656804809407,16.178994349277666,engine
Part_of_Fortune,6,251.5851803879317,16.266124717602025,engine
Part_of_Fortune,7,251.85381920039214,16.353570829226467,engine
Part_of_Fortune,8,252.122484472884,16.441331072598093,engine
Part_of_Fortune,9,252.39117599491317,16.52940376404978,engine
Part_of_Fortune,10,252.6598936616129,16.617787209995242,engine
Part_of_Fortune,11,252.92863726744784,16.7064796897083,engine
Part_of_Fortune,12,253.19740661282907,16.795479461709398,engine
Part_of_Fortune,13,253.46620157437303,16.884784784395624,engine
Part_of_Fortune,14,253.73502195167967,16.974393880365753,engine
Part_of_Fortune,15,254.00386754571807,17.06430495500161,engine
Part_of_Fortune,16,254.27273823061677,17.15451621223579,engine
Part_of_Fortune,17,254.54163398494322,17.245025881616197,engine
Part_of_Fortune,18,254.8105542486598,17.335831993643556,engine
Part_of_Fortune,19,255.0794990747306,17.42693275871598,engine
Part_of_Fortune,20,255.34846823535037,17.518326286338333,engine
Part_of_Fortune,21,255.61746160449255,17.610010691078564,engine
Part_of_Fortune,22,255.8864789782271,17.701984052042544,engine
Part_of_Fortune,23,256.1555201540503,17.794244431190442,engine
Part_of_Fortune,24,256.42458500306964,17.88678988860984,engine
Part_of_Fortune,25,256.6936732966639,17.97961844495894,engine
Part_of_Fortune,26,256.9627849053624,18.072728124583076,engine
Part_of_Fortune,27,257.2319196246669,18.166116917899632,engine
Part_of_Fortune,28,257.50107724954455,18.25978279760725,engine
Part_of_Fortune,29,257.7702578307112,18.353723797918775,engine
Part_of_Fortune,30,258.03946077491963,18.447937724261365,engine
Part_of_Spirit,-30,37.5996635758363,-44.62364688707073,engine
Part_of_Spirit,-20,40.033895555182085,-43.78775606533268,engine
Part_of_Spirit,-15,41.25102568881556,-43.356755126471235,engine
Part_of_Spirit,-10,42.46815327564468,-42.9172625164992,engine
Part_of_Spirit,-5,43.685269756645766,-42.469450059964046,engine
Part_of_Spirit,-2,44.41553043635588,-42.1968446264559,engine
Part_of_Spirit,-1,44.658948729990016,-42.105332219152565,engine
Part_of_Spirit,0,44.90236590452304,-42.01350044788876,engine
Part_of_Spirit,1,45.145781913509325,-41.92135088821849,engine
Part_of_Spirit,2,45.38919668469384,-41.8288851396153,engine
Part_of_Spirit,3,45.632610170346254,-41.73610481325198,engine
Part_of_Spirit,4,45.87602225001967,-41.64301155504938,engine
Part_of_Spirit,5,46.119432876820156,-41.54960701100963,engine
Part_of_Spirit,6,46.36284216627985,-41.455892782222435,engine
Part_of_Spirit,7,46.606249669787246,-41.361870693618,engine
Part_of_Spirit,8,46.84965550320908,-41.26754238002134,engine
Part_of_Spirit,9,47.093059630803054,-41.17290956281421,engine
Part_of_Spirit,10,47.336461911693675,-41.07797398875432,engine
Part_of_Spirit,11,47.57986230808058,-40.98273741209589,engine
Part_of_Spirit,12,47.82326077197189,-40.88720160339009,engine
Part_of_Spirit,13,48.06665718254419,-40.79136836740334,engine
Part_of_Spirit,14,48.31005149176144,-40.69523951020088,engine
Part_of_Spirit,15,48.553443653607815,-40.59881685498785,engine
Part_of_Spirit,16,48.79683354564787,-40.50210226029422,engine
Part_of_Spirit,17,49.04022128318809,-40.40509752041923,engine
Part_of_Spirit,18,49.28360649487337,-40.30780464168504,engine
Part_of_Spirit,19,49.52698922082425,-40.21022547108835,engine
Part_of_Spirit,20,49.77036943898935,-40.112361915640534,engine
Part_of_Spirit,21,50.01374702802639,-40.014215922043036,engine
Part_of_Spirit,22,50.25712194033014,-39.915789438597216,engine
Part_of_Spirit,23,50.5004941303261,-39.81708443066485,engine
Part_of_Spirit,24,50.74386347467919,-39.71810289873051,engine
Part_of_Spirit,25,50.98722995325471,-39.618846837960234,engine
Part_of_Spirit,26,51.23059344263396,-39.51931828411212,engine
Part_of_Spirit,27,51.473953896963906,-39.41951927336682,engine
Part_of_Spirit,28,51.71731127061514,-39.319451859538944,engine
Part_of_Spirit,29,51.96066560370525,-39.21911806350465,engine
Part_of_Spirit,30,52.204016548929815,-39.118520103579655,engine
Ascendant,-30,319.76644053352294,-15.64181723331543,engine
Ascendant,-20,322.32215317607216,-14.839940908483735,engine
Ascendant,-15,323.60060134432894,-14.425822402894136,engine
Ascendant,-10,324.8794247249201,-14.003125212192453,engine
Ascendant,-5,326.1586090647399,-13.57201838119707,engine
Ascendant,-2,326.92628660192395,-13.309392083945095,engine
Ascendant,-1,327.1822062393236,-13.221198556488625,engine
Ascendant,0,327.4381392389225,-13.132681872162067,engine
Ascendant,1,327.6940854814716,-13.04384359120318,engine
Ascendant,2,327.95004484603595,-12.95468529193617,engine
Ascendant,3,328.2060172114244,-12.86520857031726,engine
Ascendant,4,328.46200245714476,-12.775415039634021,engine
Ascendant,5,328.7180004624571,-12.685306330865979,engine
Ascendant,6,328.9740112771058,-12.594884032310206,engine
Ascendant,7,329.2300344350897,-12.50414993219577,engine
Ascendant,8,329.48606998804655,-12.413105653711622,engine
Ascendant,9,329.7421178128581,-12.321752899382219,engine
Ascendant,10,329.9981777866533,-12.230093389379542,engine
Ascendant,11,330.2542497877642,-12.138128861193792,engine
Ascendant,12,330.5103336924005,-12.045861070840344,engine
Ascendant,13,330.7664293784586,-11.953291791503858,engine
Ascendant,14,331.02253672172054,-11.86042281491756,engine
Ascendant,15,331.27865559966295,-11.767255949993121,engine
Ascendant,16,331.5347858881323,-11.673793024029218,engine
Ascendant,17,331.79092763406567,-11.58003581940152,engine
Ascendant,18,332.0470803717666,-11.48598632402074,engine
Ascendant,19,332.30324414777743,-11.391646356186182,engine
Ascendant,20,332.55941883716986,-11.297017814651102,engine
Ascendant,21,332.81560431625945,-11.202102615482236,engine
Ascendant,22,333.0718004592786,-11.106902693277334,engine
Ascendant,23,333.3280071421882,-11.011419999737203,engine
Ascendant,24,333.5842242388744,-10.915656505060335,engine
Ascendant,25,333.8404516249593,-10.819614196500648,engine
Ascendant,26,334.0966891739982,-10.723295079764522,engine
Ascendant,27,334.3529367608154,-10.62670117773359,engine
Ascendant,28,334.60919426007985,-10.529834530965845,engine
Ascendant,29,334.86546171720823,-10.43269713279294,engine
Ascendant,30,335.1217386619247,-10.335291189659143,engine
Midheaven,-30,230.60237120089243,-18.51944137453087,engine
Midheaven,-20,233.10644993252106,-19.120078839179133,engine
Midheaven,-15,234.3585133205748,-19.406197864785582,engine
Midheaven,-10,235.6105959737693,-19.682773554815796,engine
Midheaven,-5,236.86270078726307,-19.949754641790292,engine
Midheaven,-2,237.61397518061744,-20.10531823935776,engine
Midheaven,-1,237.86440203264945,-20.156399820499722,engine
Midheaven,0,238.1148299440835,-20.207094367492306,engine
Midheaven,1,238.36525893546906,-20.257401555483984,engine
Midheaven,2,238.6156890258777,-20.307321065851617,engine
Midheaven,3,238.86612023429785,-20.356852586395053,engine
Midheaven,4,239.1165525805626,-20.405995811428053,engine
Midheaven,5,239.36698608441884,-20.454750441500224,engine
Midheaven,6,239.6174209325318,-20.503116215430953,engine
Midheaven,7,239.86785680720237,-20.551092780844332,engine
Midheaven,8,240.11829389724028,-20.598679889298765,engine
Midheaven,9,240.36873222063568,-20.645877265135933,engine
Midheaven,10,240.61917179575,-20.69268463858408,engine
Midheaven,11,240.8696126422454,-20.73910174583892,engine
Midheaven,12,241.12005477782566,-20.785128328369613,engine
Midheaven,13,241.37049822195803,-20.83076413352257,engine
Midheaven,14,241.62094299214894,-20.87600891375154,engine
Midheaven,15,241.87138910766464,-20.920862427210547,engine
Midheaven,16,242.12183658627356,-20.965324437079186,engine
Midheaven,17,242.3722856131211,-21.009394741073546,engine
Midheaven,18,242.62273587220147,-21.05307305398417,engine
Midheaven,19,242.87318754844745,-21.09635918392645,engine
Midheaven,20,243.12364065920406,-21.139252914362245,engine
Midheaven,21,243.37409522310256,-21.18175403385557,engine
Midheaven,22,243.62455125680287,-21.22386233543555,engine
Midheaven,23,243.87500877871372,-21.265577617147656,engine
Midheaven,24,244.12546780526978,-21.306899681347993,engine
Midheaven,25,244.37592835465193,-21.347828335243978,engine
Midheaven,26,244.6263904430639,-21.38836339020176,engine
Midheaven,27,244.8768540879887,-21.428504662202286,engine
Midheaven,28,245.12731930678987,-21.468251971532524,engine
Midheaven,29,245.37778628373937,-21.507605168820675,engine
Midheaven,30,245.62825469911422,-21.546564029818192,engine
Vertex,-30,175.6200248337839,1.8964365456809273,engine
Vertex,-20,175.85244079236386,1.796072029699771,engine
Vertex,-15,175.97068412246176,1.7449951329950857,engine
Vertex,-10,176.09022201299265,1.693348663110273,engine
Vertex,-5,176.2110078116112,1.6411527557436552,engine
Vertex,-2,176.28405886614064,1.6095798755297814,engine
Vertex,-1,176.3085035780154,1.599013993504427,engine
Vertex,0,176.33299484890932,1.588427586166581,engine
Vertex,1,176.35753230637388,1.5778208148829038,engine
Vertex,2,176.38211557790615,1.5671938410938382,engine
Vertex,3,176.4067442910854,1.5565468262545172,engine
Vertex,4,176.4314180736654,1.545879931794659,engine
Vertex,5,176.45613655348365,1.5351933191575977,engine
Vertex,6,176.48089937498972,1.5244871426539717,engine
Vertex,7,176.50570613284006,1.5137615781721474,engine
Vertex,8,176.53055647185337,1.5030167799622605,engine
Vertex,9,176.55545002006656,1.4922529095791077,engine
Vertex,10,176.58038640564703,1.4814701285700353,engine
Vertex,11,176.60536525698672,1.4706685984339987,engine
Vertex,12,176.6303862023776,1.4598484807617738,engine
Vertex,13,176.6554488703832,1.4490099370751186,engine
Vertex,14,176.68055288946698,1.4381531289871632,engine
Vertex,15,176.70569788836474,1.4272782180412003,engine
Vertex,16,176.73088349575866,1.4163853658514385,engine
Vertex,17,176.7561093572996,1.405474726740326,engine
Vertex,18,176.78137506824436,1.3945464768738616,engine
Vertex,19,176.8066802743897,1.383600770605841,engine
Vertex,20,176.83202460476312,1.3726377695898675,engine
Vertex,21,176.8574076886197,1.3616576354275447,engine
Vertex,22,176.88282915511246,1.3506605298109449,engine
Vertex,23,176.90828863366963,1.3396466143591612,engine
Vertex,24,176.93378575361703,1.3286160507815465,engine
Vertex,25,176.95932014455568,1.317569000713751,engine
Vertex,26,176.98489143598331,1.3065056258815695,engine
Vertex,27,177.01049925762615,1.2954260879569048,engine
Vertex,28,177.0361432392962,1.2843305486192056,engine
Vertex,29,177.06182302802847,1.2732191621402609,engine
Vertex,30,177.08753821927013,1.2620921051575684,engine
Algol,-30,47.04786801003766,40.95536447242849,engine
Algol,-20,47.04786899016103,40.95536224770033,engine
Algol,-15,47.04786956414335,40.95536113957405,engine
Algol,-10,47.04787019388934,40.9553600350816,engine
Algol,-5,47.04787087922833,40.955358934826926,engine
Algol,-2,47.047871317035195,40.95535827695901,engine
Algol,-1,47.04787146739451,40.955358058079355,engine
Algol,0,47.04787161996262,40.955357839412486,engine
Algol,1,47.047871774737686,40.95535762096327,engine
Algol,2,47.04787193171776,40.955357402736425,engine
Algol,3,47.04787209090092,40.955357184736755,engine
Algol,4,47.047872252285124,40.955356966969056,engine
Algol,5,47.04787241586835,40.95535674943809,engine
Algol,6,47.04787258164859,40.95535653214847,engine
Algol,7,47.04787274962353,40.95535631510527,engine
Algol,8,47.04787291979117,40.955356098312905,engine
Algol,9,47.04787309214903,40.95535588177666,engine
Algol,10,47.04787326669515,40.95535566550078,engine
Algol,11,47.04787344342712,40.955355449490206,engine
Algol,12,47.04787362234262,40.955355233749636,engine
Algol,13,47.04787380343925,40.955355018283804,engine
Algol,14,47.04787398671459,40.95535480309748,engine
Algol,15,47.047874172166196,40.95535458819535,engine
Algol,16,47.047874359791514,40.955354373582146,engine
Algol,17,47.04787454958817,40.955354159262434,engine
Algol,18,47.047874741553294,40.955353945241235,engine
Algol,19,47.04787493568441,40.955353731523076,engine
Algol,20,47.0478751319788,40.95535351811267,engine
Algol,21,47.04787533043379,40.9553533050147,engine
Algol,22,47.047875531046614,40.95535309223384,engine
Algol,23,47.04787573381446,40.9553528797748,engine
Algol,24,47.0478759387345,40.95535266764223,engine
Algol,25,47.04787614580387,40.9553524558408,engine
Algol,26,47.04787635501962,40.95535224437516,engine
Algol,27,47.047876566378825,40.95535203325,engine
Algol,28,47.04787677987846,40.95535182246992,engine
Algol,29,47.04787699551561,40.95535161203946,engine
Algol,30,47.047877213286924,40.9553514019635,engine
Pleiades,-30,56.87533288325156,24.10534197912459,engine
Pleiades,-20,56.875333060303866,24.105340536734897,engine
Pleiades,-15,56.875333218427826,24.105339813777398,engine
Pleiades,-10,56.87533342303106,24.105339090151762,engine
Pleiades,-5,56.87533367414642,24.105338366238353,engine
Pleiades,-2,56.87533384714671,24.105337931910654,engine
Pleiades,-1,56.87533390853518,24.10533778715641,engine
Pleiades,0,56.87533397178434,24.105337642418075,engine
Pleiades,1,56.875334036893996,24.105337497698688,engine
Pleiades,2,56.875334103863956,24.10533735300128,engine
Pleiades,3,56.875334172693975,24.10533720832893,engine
Pleiades,4,56.87533424338379,24.105337063684647,engine
Pleiades,5,56.87533431593311,24.105336919071494,engine
Pleiades,6,56.87533439034161,24.10533677449241,engine
Pleiades,7,56.875334466608834,24.105336629950628,engine
Pleiades,8,56.875334544734415,24.105336485448998,engine
Pleiades,9,56.87533462471784,24.105336340990842,engine
Pleiades,10,56.875334706558725,24.105336196578936,engine
Pleiades,11,56.8753347902565,24.105336052216387,engine
Pleiades,12,56.875334875810616,24.10533590790626,engine
Pleiades,13,56.875334963220496,24.105335763651563,engine
Pleiades,14,56.875335052485454,24.10533561945535,engine
Pleiades,15,56.87533514360491,24.105335475320633,engine
Pleiades,16,56.87533523657809,24.10533533125048,engine
Pleiades,17,56.87533533140434,24.105335187247796,engine
Pleiades,18,56.875335428082806,24.105335043315822,engine
Pleiades,19,56.875335526612716,24.105334899457496,engine
Pleiades,20,56.875335626993206,24.105334755675837,engine
Pleiades,21,56.87533572922343,24.10533461197385,engine
Pleiades,22,56.87533583330249,24.1053344683546,engine
Pleiades,23,56.87533593922941,24.105334324821076,engine
Pleiades,24,56.8753360470032,24.10533418137633,engine
Pleiades,25,56.87533615662287,24.105334038023358,engine
Pleiades,26,56.87533626808735,24.10533389476519,engine
Pleiades,27,56.87533638139556,24.10533375160484,engine
Pleiades,28,56.87533649654638,24.10533360854532,engine
Pleiades,29,56.875336613538714,24.105333465589556,engine
Pleiades,30,56.875336732371224,24.105333322740737,engine
Capella,-30,79.17605445933077,45.99293314732414,engine
Capella,-20,79.17605281216808,45.99293079543739,engine
Capella,-15,79.17605207068553,45.99292959918827,engine
Capella,-10,79.17605138470933,45.99292839020638,engine
Capella,-5,79.17605075478642,45.99292716910224,engine
Capella,-2,79.17605040395591,45.99292643087753,engine
Capella,-1,79.17605029155715,45.99292618390534,engine
Capella,0,79.17605018143728,45.9929259364928,engine
Capella,1,79.17605007360018,45.992925688644924,engine
Capella,2,79.17604996804965,45.99292544036668,engine
Capella,3,79.17604986478948,45.99292519166312,engine
Capella,4,79.17604976382339,45.99292494253924,engine
Capella,5,79.17604966515505,45.99292469300007,engine
Capella,6,79.17604956878805,45.992924443050484,engine
Capella,7,79.1760494747261,45.99292419269585,engine
Capella,8,79.17604938297261,45.992923941940866,engine
Capella,9,79.17604929353134,45.992923690791145,engine
Capella,10,79.17604920640552,45.992923439251214,engine
Capella,11,79.17604912159864,45.992923187326326,engine
Capella,12,79.17604903911406,45.99292293502156,engine
Capella,13,79.17604895895515,45.99292268234199,engine
Capella,14,79.17604888112514,45.99292242929273,engine
Capella,15,79.1760488056273,45.99292217587887,engine
Capella,16,79.17604873246485,45.992921922105545,engine
Capella,17,79.17604866164083,45.992921667977654,engine
Capella,18,79.1760485931585,45.9929214135007,engine
Capella,19,79.17604852702084,45.99292115867964,engine
Capella,20,79.17604846323088,45.992920903519575,engine
Capella,21,79.1760484017916,45.99292064802569,engine
Capella,22,79.17604834270593,45.99292039220311,engine
Capella,23,79.1760482859767,45.992920136057,engine
Capella,24,79.17604823160681,45.99291987959252,engine
Capella,25,79.17604817959904,45.99291962281484,engine
Capella,26,79.1760481299561,45.99291936572913,engine
Capella,27,79.17604808268072,45.99291910834058,engine
Capella,28,79.17604803777556,45.992918850654355,engine
Capella,29,79.17604799524318,45.99291859267548,engine
Capella,30,79.17604795508622,45.99291833440951,engine
Sirius,-30,101.28310434538362,-16.721602917059695,engine
Sirius,-20,101.28310197232067,-16.721602250744372,engine
Sirius,-15,101.2831008298295,-16.721601903738694,engine
Sirius,-10,101.28309971765734,-16.721601547738626,engine
Sirius,-5,101.28309863650479,-16.721601182927653,engine
Sirius,-2,101.28309800298887,-16.721600959889845,engine
Sirius,-1,101.28309779437863,-16.721600884861157,engine
Sirius,0,101.28309758705821,-16.721600809493673,engine
Sirius,1,101.2830973810329,-16.72160073378892,engine
Sirius,2,101.283097176308,-16.721600657748482,engine
Sirius,3,101.28309697288879,-16.7216005813739,engine
Sirius,4,101.28309677078049,-16.72160050466673,engine
Sirius,5,101.28309656998833,-16.72160042762857,engine
Sirius,6,101.28309637051738,-16.72160035026094,engine
Sirius,7,101.28309617237306,-16.721600272565517,engine
Sirius,8,101.28309597556023,-16.721600194543807,engine
Sirius,9,101.28309578008444,-16.721600116197575,engine
Sirius,10,101.28309558595038,-16.721600037528244,engine
Sirius,11,101.28309539316326,-16.721599958537503,engine
Sirius,12,101.28309520172807,-16.72159987922695,engine
Sirius,13,101.28309501164988,-16.721599799598216,engine
Sirius,14,101.28309482293363,-16.721599719652946,engine
Sirius,15,101.2830946355843,-16.721599639392746,engine
Sirius,16,101.28309444960684,-16.72159955881929,engine
Sirius,17,101.28309426500603,-16.721599477934152,engine
Sirius,18,101.28309408178698,-16.721599396739094,engine
Sirius,19,101.28309389995447,-16.721599315235736,engine
Sirius,20,101.28309371951326,-16.721599233425746,engine
Sirius,21,101.28309354046823,-16.72159915131077,engine
Sirius,22,101.28309336282409,-16.72159906889251,engine
Sirius,23,101.28309318658563,-16.721598986172637,engine
Sirius,24,101.28309301175756,-16.72159890315286,engine
Sirius,25,101.28309283834459,-16.721598819834846,engine
Sirius,26,101.28309266635135,-16.72159873622032,engine
Sirius,27,101.28309249578254,-16.72159865231098,engine
Sirius,28,101.28309232664273,-16.721598568108526,engine
Sirius,29,101.28309215893641,-16.72159848361464,engine
Sirius,30,101.28309199266837,-16.72159839883115,engine
Procyon,-30,114.81909571098808,5.219023088732512,engine
Procyon,-20,114.81909289448926,5.219022848798343,engine
Procyon,-15,114.81909151619836,5.219022723832459,engine
Procyon,-10,114.8190901589718,5.219022595589968,engine
Procyon,-5,114.81908882361569,5.219022464114747,engine
Procyon,-2,114.81908803323154,5.21902238369676,engine
Procyon,-1,114.81908777161296,5.219022356637513,engine
Procyon,0,114.81908751092622,5.219022329452268,engine
Procyon,1,114.81908725117758,5.219022302141405,engine
Procyon,2,114.81908699237327,5.219022274705308,engine
Procyon,3,114.81908673451949,5.219022247144361,engine
Procyon,4,114.81908647762243,5.219022219458953,engine
Procyon,5,114.81908622168828,5.219022191649475,engine
Procyon,6,114.81908596672298,5.2190221637163,engine
Procyon,7,114.81908571273307,5.219022135659861,engine
Procyon,8,114.81908545972425,5.2190221074805185,engine
Procyon,9,114.8190852077032,5.219022079178723,engine
Procyon,10,114.81908495667545,5.219022050754821,engine
Procyon,11,114.81908470664726,5.219022022209241,engine
Procyon,12,114.81908445762464,5.219021993542387,engine
Procyon,13,114.81908420961366,5.219021964754664,engine
Procyon,14,114.81908396262027,5.219021935846489,engine
Procyon,15,114.81908371665047,5.219021906818271,engine
Procyon,16,114.81908347171023,5.21902187767043,engine
Procyon,17,114.8190832278053,5.219021848403361,engine
Procyon,18,114.81908298494197,5.2190218190175255,engine
Procyon,19,114.81908274312596,5.219021789513325,engine
Procyon,20,114.81908250236319,5.219021759891186,engine
Procyon,21,114.81908226265946,5.219021730151533,engine
Procyon,22,114.81908202402066,5.219021700294799,engine
Procyon,23,114.81908178645261,5.219021670321412,engine
Procyon,24,114.81908154996113,5.2190216402318095,engine
Procyon,25,114.81908131455194,5.2190216100264255,engine
Procyon,26,114.81908108023086,5.2190215797056965,engine
Procyon,27,114.81908084700355,5.219021549270063,engine
Procyon,28,114.81908061487586,5.219021518719971,engine
Procyon,29,114.81908038385322,5.219021488055843,engine
Procyon,30,114.81908015394168,5.219021457278168,engine
Alkaid,-30,206.876108516129,49.31560461438549,engine
Alkaid,-20,206.87610568727598,49.315606755436306,engine
Alkaid,-15,206.8761041849334,49.31560780496257,engine
Alkaid,-10,206.87610262483096,49.315608839650274,engine
Alkaid,-5,206.8761010076407,49.31560985887933,engine
Alkaid,-2,206.87610001021463,49.31561046274113,engine
Alkaid,-1,206.87609967325497,49.31561066271993,engine
Alkaid,0,206.8760993340629,49.31561086203645,engine
Alkaid,1,206.8760989926443,49.315611060685846,engine
Alkaid,2,206.87609864900514,49.31561125866333,engine
Alkaid,3,206.87609830315137,49.31561145596411,engine
Alkaid,4,206.87609795508905,49.31561165258341,engine
Alkaid,5,206.87609760482422,49.31561184851643,engine
Alkaid,6,206.8760972523628,49.31561204375862,engine
Alkaid,7,206.87609689771136,49.315612238304915,engine
Alkaid,8,206.8760965408757,49.31561243215089,engine
Alkaid,9,206.87609618186272,49.31561262529141,engine
Alkaid,10,206.876095820678,49.31561281772217,engine
Alkaid,11,206.87609545732806,49.31561300943834,engine
Alkaid,12,206.87609509181928,49.3156132004353,engine
Alkaid,13,206.87609472415812,49.31561339070833,engine
Alkaid,14,206.87609435435098,49.315613580252844,engine
Alkaid,15,206.87609398240437,49.31561376906415,engine
Alkaid,16,206.87609360832477,49.3156139571377,engine
Alkaid,17,206.87609323211856,49.315614144468974,engine
Alkaid,18,206.87609285379284,49.315614331053126,engine
Alkaid,19,206.87609247335396,49.31561451688574,engine
Alkaid,20,206.87609209080864,49.31561470196222,engine
Alkaid,21,206.8760917061636,49.31561488627805,engine
Alkaid,22,206.87609131942568,49.31561506982867,engine
Alkaid,23,206.8760909306016,49.31561525260962,engine
Alkaid,24,206.87609053969825,49.31561543461634,engine
Alkaid,25,206.87609014672253,49.315615615844344,engine
Alkaid,26,206.87608975168138,49.315615796289215,engine
Alkaid,27,206.87608935458172,49.31561597594643,engine
Alkaid,28,206.8760889554306,49.31561615481161,engine
Alkaid,29,206.8760885542348,49.31561633288041,engine
Alkaid,30,206.87608815100194,49.315616510148196,engine
Algorab,-30,187.4590573341925,-16.514222418568377,engine
Algorab,-20,187.45905451863027,-16.514223068024172,engine
Algorab,-15,187.45905306410717,-16.514223379766907,engine
Algorab,-10,187.45905157935255,-16.514223682606303,engine
Algorab,-5,187.4590500650814,-16.514223976362924,engine
Algorab,-2,187.45904914265392,-16.514224148184045,engine
Algorab,-1,187.45904883290268,-16.51422420471067,engine
Algorab,0,187.45904852202366,-16.51422426086148,engine
Algorab,1,187.45904821002287,-16.514224316635108,engine
Algorab,2,187.4590478969063,-16.51422437203024,engine
Algorab,3,187.45904758268,-16.51422442704552,engine
Algorab,4,187.45904726735,-16.514224481679612,engine
Algorab,5,187.4590469509224,-16.514224535931213,engine
Algorab,6,187.45904663340306,-16.514224589799028,engine
Algorab,7,187.45904631479857,-16.514224643281686,engine
Algorab,8,187.45904599511456,-16.514224696377955,engine
Algorab,9,187.4590456743579,-16.51422474908643,engine
Algorab,10,187.4590453525341,-16.51422480140593,engine
Algorab,11,187.4590450296496,-16.514224853335143,engine
Algorab,12,187.4590447057106,-16.51422490487282,engine
Algorab,13,187.45904438072333,-16.51422495601766,engine
Algorab,14,187.45904405469403,-16.514225006768438,engine
Algorab,15,187.45904372762902,-16.51422505712388,engine
Algorab,16,187.4590433995346,-16.51422510708277,engine
Algorab,17,187.4590430704169,-16.514225156643892,engine
Algorab,18,187.4590427402826,-16.514225205805953,engine
Algorab,19,187.45904240913794,-16.514225254567783,engine
Algorab,20,187.45904207698922,-16.514225302928153,engine
Algorab,21,187.45904174384287,-16.51422535088588,engine
Algorab,22,187.45904140970532,-16.514225398439756,engine
Algorab,23,187.45904107458304,-16.514225445588586,engine
Algorab,24,187.4590407384824,-16.51422549233121,engine
Algorab,25,187.4590404014099,-16.51422553866644,engine
Algorab,26,187.45904006337204,-16.514225584593124,engine
Algorab,27,187.45903972437537,-16.514225630110104,engine
Algorab,28,187.45903938442638,-16.51422567521622,engine
Algorab,29,187.45903904353136,-16.51422571991038,engine
Algorab,30,187.4590387016974,-16.514225764191384,engine
Spica,-30,201.2927354303513,-11.159532839358793,engine
Spica,-20,201.29273327907217,-11.159533415109884,engine
Spica,-15,201.29273214804948,-11.159533696435705,engine
Spica,-10,201.29273098077726,-11.159533973190129,engine
Spica,-5,201.2927297777812,-11.159534245222293,engine
Spica,-2,201.2927290390615,-11.159534406112922,engine
Spica,-1,201.2927287900278,-11.159534459347949,engine
Spica,0,201.29272853960472,-11.159534512383448,engine
Spica,1,201.2927282877967,-11.159534565218246,engine
Spica,2,201.2927280346084,-11.15953461785118,engine
Spica,3,201.29272778004437,-11.159534670281108,engine
Spica,4,201.2927275241092,-11.159534722506866,engine
Spica,5,201.29272726680753,-11.159534774527303,engine
Spica,6,201.29272700814388,-11.159534826341325,engine
Spica,7,201.29272674812333,-11.159534877947713,engine
Spica,8,201.29272648675015,-11.159534929345412,engine
Spica,9,201.29272622402965,-11.159534980533168,engine
Spica,10,201.2927259599661,-11.15953503150997,engine
Spica,11,201.2927256945644,-11.159535082274656,engine
Spica,12,201.29272542782948,-11.159535132826104,engine
Spica,13,201.29272515976606,-11.159535183163204,engine
Spica,14,201.2927248903791,-11.159535233284839,engine
Spica,15,201.2927246196735,-11.15953528318991,engine
Spica,16,201.2927243476541,-11.159535332877303,engine
Spica,17,201.29272407432575,-11.159535382345961,engine
Spica,18,201.29272379969373,-11.15953543159472,engine
Spica,19,201.29272352376287,-11.15953548062252,engine
Spica,20,201.29272324653823,-11.159535529428279,engine
Spica,21,201.2927229680248,-11.15953557801091,engine
Spica,22,201.2927226882277,-11.159535626369342,engine
Spica,23,201.29272240715198,-11.159535674502497,engine
Spica,24,201.29272212480276,-11.159535722409307,engine
Spica,25,201.29272184118526,-11.159535770088706,engine
Spica,26,201.29272155630457,-11.15953581753963,engine
Spica,27,201.2927212701659,-11.159535864761034,engine
Spica,28,201.29272098277448,-11.159535911751865,engine
Spica,29,201.29272069413537,-11.159535958511091,engine
Spica,30,201.2927204042542,-11.159536005037621,engine
Arcturus,-30,213.90161141498072,19.170267767348005,engine
Arcturus,-20,213.90160984533304,19.1702687141356,engine
Arcturus,-15,213.9016089966881,19.170269180885672,engine
Arcturus,-10,213.90160810593503,19.17026964282495,engine
Arcturus,-5,213.90160717342818,19.17027009967026,engine
Arcturus,-2,213.9016065940373,19.170270371215324,engine
Arcturus,-1,213.90160639761112,19.170270461289917,engine
Arcturus,0,213.90160619954227,19.170270551140593,engine
Arcturus,1,213.90160599983398,19.170270640765132,engine
Arcturus,2,213.90160579848947,19.170270730161313,engine
Arcturus,3,213.901605595512,19.170270819326923,engine
Arcturus,4,213.90160539090496,19.170270908259788,engine
Arcturus,5,213.90160518467167,19.170270996957672,engine
Arcturus,6,213.90160497681532,19.17027108541846,engine
Arcturus,7,213.90160476733965,19.170271173639826,engine
Arcturus,8,213.90160455624778,19.17027126161972,engine
Arcturus,9,213.9016043435436,19.17027134935576,engine
Arcturus,10,213.9016041292302,19.170271436845958,engine
Arcturus,11,213.90160391331122,19.170271524088086,engine
Arcturus,12,213.90160369579027,19.170271611079965,engine
Arcturus,13,213.9016034766709,19.170271697819437,engine
Arcturus,14,213.9016032559568,19.170271784304337,engine
Arcturus,15,213.90160303365153,19.17027187053252,engine
Arcturus,16,213.9016028097588,19.170271956501836,engine
Arcturus,17,213.9016025842822,19.170272042210193,engine
Arcturus,18,213.90160235722576,19.170272127655352,engine
Arcturus,19,213.90160212859305,19.170272212835215,engine
Arcturus,20,213.901601898388,19.17027229774766,engine
Arcturus,21,213.90160166661434,19.17027238239057,engine
Arcturus,22,213.90160143327594,19.170272466761823,engine
Arcturus,23,213.90160119837674,19.170272550859313,engine
Arcturus,24,213.90160096192062,19.170272634680906,engine
Arcturus,25,213.90160072391157,19.170272718224528,engine
Arcturus,26,213.90160048435354,19.17027280148807,engine
Arcturus,27,213.90160024325058,19.170272884469437,engine
Arcturus,28,213.9016000006067,19.170272967166543,engine
Arcturus,29,213.9015997564258,19.170273049577368,engine
Arcturus,30,213.90159951071234,19.17027313169972,engine
Alphecca,-30,233.66862033926617,26.717551874011043,engine
Alphecca,-20,233.66861994717735,26.717553349996233,engine
Alphecca,-15,233.6686196798315,26.71755408855522,engine
Alphecca,-10,233.6686193649463,26.717554826936382,engine
Alphecca,-5,233.66861900254636,26.71755556472349,engine
Alphecca,-2,233.66861876231815,26.717556006937365,engine
Alphecca,-1,233.66861867844696,26.71755615424564,engine
Alphecca,0,233.66861859267917,26.7175563015002,engine
Alphecca,1,233.66861850501544,26.717556448697717,engine
Alphecca,2,233.66861841545642,26.717556595834864,engine
Alphecca,3,233.6686183240028,26.717556742908318,engine
Alphecca,4,233.66861823065534,26.71755688991478,engine
Alphecca,5,233.66861813541485,26.717557036850938,engine
Alphecca,6,233.66861803828203,26.717557183713517,engine
Alphecca,7,233.66861793925787,26.717557330499066,engine
Alphecca,8,233.66861783834318,26.717557477204444,engine
Alphecca,9,233.66861773553902,26.717557623826025,engine
Alphecca,10,233.66861763084614,26.717557770360802,engine
Alphecca,11,233.6686175242656,26.717557916805376,engine
Alphecca,12,233.6686174157985,26.717558063156453,engine
Alphecca,13,233.66861730544588,26.717558209410686,engine
Alphecca,14,233.66861719320886,26.717558355564808,engine
Alphecca,15,233.6686170790885,26.717558501615482,engine
Alphecca,16,233.6686169630861,26.71755864755944,engine
Alphecca,17,233.66861684520268,26.717558793393465,engine
Alphecca,18,233.66861672543973,26.71755893911407,engine
Alphecca,19,233.66861660379837,26.71755908471805,engine
Alphecca,20,233.66861648028004,26.717559230202124,engine
Alphecca,21,233.66861635488598,26.717559375562995,engine
Alphecca,22,233.66861622761758,26.71755952079738,engine
Alphecca,23,233.66861609847638,26.71755966590199,engine
Alphecca,24,233.66861596746378,26.71755981087353,engine
Alphecca,25,233.66861583458123,26.717559955708747,engine
Alphecca,26,233.66861569983038,26.717560100404363,engine
Alphecca,27,233.66861556321274,26.717560244957063,engine
Alphecca,28,233.66861542472986,26.717560389363616,engine
Alphecca,29,233.66861528438338,26.71756053362083,engine
Alphecca,30,233.66861514217513,26.717560677725256,engine
Vega,-30,279.23628757629115,38.79077918785516,engine
Vega,-20,279.23629037161925,38.790780789021646,engine
Vega,-15,279.2362917130159,38.79078161863616,engine
Vega,-10,279.2362930157616,38.79078246706485,engine
Vega,-5,279.23629427902534,38.790783333891696,engine
Vega,-2,279.2362950176934,38.79078386264235,engine
Vega,-1,279.2362952606626,38.79078404031434,engine
Vega,0,279.2362955019945,38.790784218691456,engine
Vega,1,279.23629574168285,38.790784397770146,engine
Vega,2,279.2362959797214,38.79078457754693,engine
Vega,3,279.2362962161039,38.79078475801829,engine
Vega,4,279.23629645082417,38.79078493918069,engine
Vega,5,279.23629668387605,38.79078512103057,engine
Vega,6,279.23629691525355,38.790785303564476,engine
Vega,7,279.23629714495036,38.79078548677862,engine
Vega,8,279.2362973729607,38.79078567066964,engine
Vega,9,279.236297599278,38.79078585523356,engine
Vega,10,279.23629782389673,38.79078604046714,engine
Vega,11,279.2362980468108,38.790786226366635,engine
Vega,12,279.2362982680143,38.7907864129284,engine
Vega,13,279.23629848750136,38.79078660014876,engine
Vega,14,279.23629870526605,38.790786788024086,engine
Vega,15,279.23629892130265,38.790786976550685,engine
Vega,16,279.2362991356052,38.790787165724865,engine
Vega,17,279.2362993481682,38.79078735554305,engine
Vega,18,279.2362995589856,38.790787546001255,engine
Vega,19,279.23629976805177,38.790787737095904,engine
Vega,20,279.23629997536113,38.79078792882325,engine
Vega,21,279.2363001809081,38.79078812117952,engine
Vega,22,279.23630038468696,38.79078831416098,engine
Vega,23,279.23630058669215,38.790788507763835,engine
Vega,24,279.23630078691826,38.79078870198432,engine
Vega,25,279.23630098535966,38.79078889681858,engine
Vega,26,279.23630118201095,38.79078909226288,engine
Vega,27,279.2363013768668,38.79078928831333,engine
Vega,28,279.2363015699216,38.79078948496613,engine
Vega,29,279.2363017611703,38.790789682217564,engine
Vega,30,279.23630195060724,38.790789880063485,engine
Deneb Algedi,-30,326.76598322790335,-16.128392861671987,engine
Deneb Algedi,-20,326.76598677569496,-16.128392963118547,engine
Deneb Algedi,-15,326.7659885542333,-16.128393031378803,engine
Deneb Algedi,-10,326.76599033457865,-16.12839311134837,engine
Deneb Algedi,-5,326.7659921157647,-16.128393203033756,engine
Deneb Algedi,-2,326.7659931844771,-16.128393263669185,engine
Deneb Algedi,-1,326.7659935406683,-16.12839328481824,engine
Deneb Algedi,0,326.7659938968235,-16.12839330643585,engine
Deneb Algedi,1,326.7659942529349,-16.12839332852196,engine
Deneb Algedi,2,326.7659946089948,-16.128393351076504,engine
Deneb Algedi,3,326.7659949649954,-16.12839337409941,engine
Deneb Algedi,4,326.7659953209291,-16.128393397590585,engine
Deneb Algedi,5,326.76599567678807,-16.128393421549955,engine
Deneb Algedi,6,326.7659960325648,-16.128393445977427,engine
Deneb Algedi,7,326.76599638825115,-16.128393470872858,engine
Deneb Algedi,8,326.7659967438399,-16.128393496236153,engine
Deneb Algedi,9,326.7659970993224,-16.12839352206715,engine
Deneb Algedi,10,326.7659974546919,-16.128393548365768,engine
Deneb Algedi,11,326.76599780994025,-16.128393575131835,engine
Deneb Algedi,12,326.7659981650599,-16.12839360236519,engine
Deneb Algedi,13,326.7659985200429,-16.12839363006568,engine
Deneb Algedi,14,326.76599887488175,-16.128393658233136,engine
Deneb Algedi,15,326.7659992295687,-16.128393686867362,engine
Deneb Algedi,16,326.7659995840959,-16.128393715968187,engine
Deneb Algedi,17,326.76599993845605,-16.128393745535423,engine
Deneb Algedi,18,326.7660002926409,-16.128393775568814,engine
Deneb Algedi,19,326.76600064664296,-16.12839380606818,engine
Deneb Algedi,20,326.76600100045454,-16.12839383703328,engine
Deneb Algedi,21,326.766001354068,-16.128393868463895,engine
Deneb Algedi,22,326.76600170747565,-16.128393900359765,engine
Deneb Algedi,23,326.76600206066973,-16.12839393272065,engine
Deneb Algedi,24,326.7660024136426,-16.12839396554628,engine
Deneb Algedi,25,326.7660027663866,-16.12839399883639,engine
Deneb Algedi,26,326.76600311889405,-16.12839403259071,engine
Deneb Algedi,27,326.76600347115726,-16.12839406680894,engine
Deneb Algedi,28,326.7660038231686,-16.128394101490784,engine
Deneb Algedi,29,326.7660041749206,-16.12839413663596,engine
Deneb Algedi,30,326.7660045264052,-16.12839417224411,engine
Rigel,-30,78.6365586717522,-8.19876648558963,engine
Rigel,-20,78.6365575466727,-8.198766079820167,engine
Rigel,-15,78.63655704202715,-8.198765872850606,engine
Rigel,-10,78.63655657651029,-8.198765663315895,engine
Rigel,-5,78.63655615049791,-8.198765451336065,engine
Rigel,-2,78.63655591400205,-8.198765323024931,engine
Rigel,-1,78.63655583837193,-8.198765280073202,engine
Rigel,0,78.63655576434721,-8.198765237032427,engine
Rigel,1,78.63655569193055,-8.198765193903588,engine
Rigel,2,78.63655562112456,-8.198765150687672,engine
Rigel,3,78.63655555193178,-8.198765107385665,engine
Rigel,4,78.6365554843548,-8.198765063998549,engine
Rigel,5,78.63655541839614,-8.198765020527324,engine
Rigel,6,78.63655535405822,-8.19876497697294,engine
Rigel,7,78.6365552913436,-8.198764933336458,engine
Rigel,8,78.63655523025456,-8.1987648896188,engine
Rigel,9,78.63655517079376,-8.198764845821062,engine
Rigel,10,78.63655511296331,-8.198764801944153,engine
Rigel,11,78.63655505676564,-8.198764757989094,engine
Rigel,12,78.63655500220307,-8.198764713956894,engine
Rigel,13,78.63655494927781,-8.198764669848545,engine
Rigel,14,78.63655489799214,-8.198764625665051,engine
Rigel,15,78.63655484834827,-8.19876458140742,engine
Rigel,16,78.63655480034835,-8.198764537076661,engine
Rigel,17,78.6365547539945,-8.198764492673742,engine
Rigel,18,78.63655470928892,-8.198764448199745,engine
Rigel,19,78.63655466623364,-8.198764403655636,engine
Rigel,20,78.6365546248307,-8.198764359042437,engine
Rigel,21,78.63655458508214,-8.198764314361151,engine
Rigel,22,78.63655454698991,-8.1987642696128,engine
Rigel,23,78.63655451055601,-8.1987642247984,engine
Rigel,24,78.63655447578235,-8.19876417991896,engine
Rigel,25,78.6365544426708,-8.198764134975503,engine
Rigel,26,78.63655441122323,-8.198764089969051,engine
Rigel,27,78.63655438144148,-8.198764044900617,engine
Rigel,28,78.63655435332734,-8.198763999771229,engine
Rigel,29,78.63655432688256,-8.198763954581876,engine
Rigel,30,78.63655430210889,-8.198763909333648,engine
Betelgeuse,-30,88.79434619842218,7.408695180377023,engine
Betelgeuse,-20,88.79434451957393,7.408694741993361,engine
Betelgeuse,-15,88.79434373208278,7.408694518087893,engine
Betelgeuse,-10,88.79434297993627,7.4086942911722415,engine
Betelgeuse,-5,88.79434226365504,7.408694061347324,engine
Betelgeuse,-2,88.79434185131194,7.4086939220984735,engine
Betelgeuse,-1,88.79434171679218,7.40869387546149,engine
Betelgeuse,0,88.79434158374286,7.408693828715542,engine
Betelgeuse,1,88.7943414521678,7.4086937818614595,engine
Betelgeuse,2,88.7943413220708,7.408693734900083,engine
Betelgeuse,3,88.79434119345567,7.408693687832249,engine
Betelgeuse,4,88.79434106632611,7.408693640658797,engine
Betelgeuse,5,88.7943409406859,7.408693593380566,engine
Betelgeuse,6,88.7943408165386,7.408693545998372,engine
Betelgeuse,7,88.79434069388805,7.408693498513122,engine
Betelgeuse,8,88.7943405727377,7.4086934509256075,engine
Betelgeuse,9,88.79434045309145,7.408693403236764,engine
Betelgeuse,10,88.79434033495262,7.408693355447352,engine
Betelgeuse,11,88.79434021832483,7.408693307558255,engine
Betelgeuse,12,88.79434010321161,7.408693259570331,engine
Betelgeuse,13,88.79433998961643,7.408693211484436,engine
Betelgeuse,14,88.79433987754275,7.408693163301431,engine
Betelgeuse,15,88.79433976699403,7.408693115022178,engine
Betelgeuse,16,88.79433965797365,7.408693066647539,engine
Betelgeuse,17,88.79433955048492,7.408693018178344,engine
Betelgeuse,18,88.79433944453133,7.408692969615528,engine
Betelgeuse,19,88.79433934011612,7.408692920959922,engine
Betelgeuse,20,88.79433923724257,7.408692872212403,engine
Betelgeuse,21,88.79433913591394,7.408692823373841,engine
Betelgeuse,22,88.79433903613348,7.4086927744451065,engine
Betelgeuse,23,88.79433893790434,7.408692725427079,engine
Betelgeuse,24,88.79433884122972,7.408692676320631,engine
Betelgeuse,25,88.79433874611274,7.408692627126647,engine
Betelgeuse,26,88.79433865255655,7.408692577846005,engine
Betelgeuse,27,88.79433856056417,7.408692528479582,engine
Betelgeuse,28,88.7943384701387,7.408692479028269,engine
Betelgeuse,29,88.79433838128304,7.4086924294929215,engine
Betelgeuse,30,88.79433829400035,7.40869237987448,engine
Polaris,-30,38.34123890563639,89.26177007351167,engine
Polaris,-20,38.34133489706194,89.26176689260431,engine
Polaris,-15,38.34138768059185,89.26176531799842,engine
Polaris,-10,38.34144363088362,89.26176375515381,engine
Polaris,-5,38.34150272722574,89.26176220496002,engine
Polaris,-2,38.34153968594047,89.26176128128432,engine
Polaris,-1,38.34155225455412,89.26176097450808,engine
Polaris,0,38.341564947370415,89.26176066830135,engine
Polaris,1,38.34157776419481,89.26176036267113,engine
Polaris,2,38.341590704830345,89.26176005762441,engine
Polaris,3,38.34160376907765,89.26175975316818,engine
Polaris,4,38.341616956735095,89.26175944930938,engine
Polaris,5,38.341630267598575,89.26175914605498,engine
Polaris,6,38.34164370147077,89.26175884341171,engine
Polaris,7,38.341657258124826,89.26175854138693,engine
Polaris,8,38.34167093736621,89.26175823998706,engine
Polaris,9,38.34168473895711,89.26175793921973,engine
Polaris,10,38.34169866270772,89.2617576390912,engine
Polaris,11,38.34171270839068,89.26175733960854,engine
Polaris,12,38.3417268757855,89.26175704077859,engine
Polaris,13,38.34174116466937,89.26175674260824,engine
Polaris,14,38.341755574817164,89.26175644510434,engine
Polaris,15,38.34177010600142,89.26175614827369,engine
Polaris,16,38.341784757992414,89.26175585212313,engine
Polaris,17,38.34179953056791,89.26175555665925,engine
Polaris,18,38.341814423473785,89.26175526188928,engine
Polaris,19,38.341829436483216,89.26175496781974,engine
Polaris,20,38.341844569357164,89.26175467445745,engine
Polaris,21,38.34185982185437,89.26175438180915,engine
Polaris,22,38.341875193731234,89.26175408988155,engine
Polaris,23,38.34189068474194,89.2617537986814,engine
Polaris,24,38.34190629463831,89.26175350821539,engine
Polaris,25,38.34192202316994,89.26175321849024,engine
Polaris,26,38.341937870084145,89.26175292951262,engine
Polaris,27,38.341953835125956,89.26175264128922,engine
Polaris,28,38.34196991803819,89.26175235382667,engine
Polaris,29,38.341986118572265,89.26175206713141,engine
Polaris,30,38.34200243644474,89.26175178121046,engine
Castor,-30,113.64659173513598,31.886406152388087,engine
Castor,-20,113.64658848088148,31.886405047277442,engine
Castor,-15,113.64658689023807,31.886404465426114,engine
Castor,-10,113.64658532518347,31.886403864371218,engine
Castor,-5,113.6465837866515,31.886403244369383,engine
Castor,-2,113.64658287664734,31.88640286338407,engine
Castor,-1,113.6465825755423,31.8864027349046,engine
Castor,0,113.64658227556421,31.886402605686634,engine
Castor,1,113.64658197672026,31.886402475732385,engine
Castor,2,113.64658167901769,31.886402345044107,engine
Castor,3,113.64658138246364,31.886402213624052,engine
Castor,4,113.64658108706531,31.886402081474472,engine
Castor,5,113.64658079282982,31.886401948597666,engine
Castor,6,113.64658049976408,31.88640181499583,engine
Castor,7,113.64658020787562,31.88640168067148,engine
Castor,8,113.646579917171,31.88640154562674,engine
Castor,9,113.646579627658,31.886401409864227,engine
Castor,10,113.64657933934299,31.886401273385996,engine
Castor,11,113.64657905223318,31.886401136194532,engine
Castor,12,113.64657876633555,31.886400998292206,engine
Castor,13,113.64657848165704,31.886400859681427,engine
Castor,14,113.64657819820461,31.886400720364563,engine
Castor,15,113.64657791598513,31.88640058034408,engine
Castor,16,113.6465776350055,31.88640043962237,engine
Castor,17,113.64657735527243,31.88640029820182,engine
Castor,18,113.64657707679308,31.886400156085042,engine
Castor,19,113.64657679957408,31.886400013274454,engine
Castor,20,113.64657652362227,31.886399869772514,engine
Castor,21,113.64657624894437,31.88639972558174,engine
Castor,22,113.64657597554714,31.886399580704648,engine
Castor,23,113.64657570343728,31.88639943514375,engine
Castor,24,113.6465754326215,31.88639928890158,engine
Castor,25,113.64657516310645,31.886399141980725,engine
Castor,26,113.64657489489879,31.88639899438372,engine
Castor,27,113.64657462800514,31.886398846113142,engine
Castor,28,113.64657436243205,31.88639869717159,engine
Castor,29,113.64657409818594,31.886398547561587,engine
Castor,30,113.64657383527373,31.886398397285916,engine
Altair,-30,297.7012268323485,8.874141811683337,engine
Altair,-20,297.7012297664319,8.87414203427281,engine
Altair,-15,297.7012312061768,8.87414215458643,engine
Altair,-10,297.7012326265943,8.87414228083145,engine
Altair,-5,297.701234026849,8.874142412943462,engine
Altair,-2,297.70123485697957,8.874142494998948,engine
Altair,-1,297.7012351319801,8.874142522812182,engine
Altair,0,297.70123540611485,8.87414255085518,engine
Altair,1,297.7012356793774,8.874142579127373,engine
Altair,2,297.70123595176125,8.874142607628189,engine
Altair,3,297.7012362232599,8.874142636357051,engine
Altair,4,297.70123649386693,8.874142665313375,engine
Altair,5,297.701236763576,8.874142694496575,engine
Altair,6,297.70123703238073,8.874142723906079,engine
Altair,7,297.7012373002745,8.874142753541253,engine
Altair,8,297.70123756725127,8.87414278340154,engine
Altair,9,297.70123783330405,8.874142813486271,engine
Altair,10,297.70123809842715,8.874142843794896,engine
Altair,11,297.701238362614,8.874142874326786,engine
Altair,12,297.7012386258583,8.87414290508133,engine
Altair,13,297.7012388881538,8.874142936057897,engine
Altair,14,297.7012391494942,8.874142967255866,engine
Altair,15,297.70123940987327,8.874142998674607,engine
Altair,16,297.7012396692848,8.874143030313482,engine
Altair,17,297.7012399277227,8.874143062171886,engine
Altair,18,297.70124018518044,8.874143094249119,engine
Altair,19,297.70124044165203,8.874143126544565,engine
Altair,20,297.7012406971314,8.87414315905757,engine
Altair,21,297.7012409516122,8.874143191787487,engine
Altair,22,297.70124120508854,8.874143224733645,engine
Altair,23,297.7012414575542,8.874143257895387,engine
Altair,24,297.70124170900306,8.874143291272047,engine
Altair,25,297.7012419594292,8.87414332486295,engine
Altair,26,297.70124220882644,8.874143358667421,engine
Altair,27,297.7012424571888,8.874143392684783,engine
Altair,28,297.7012427045103,8.874143426914351,engine
Altair,29,297.7012429507852,8.874143461355455,engine
Altair,30,297.70124319600706,8.874143496007365,engine
Bellatrix,-30,81.28455461377763,6.351273167981198,engine
Bellatrix,-20,81.28455334444288,6.351272762614436,engine
Bellatrix,-15,81.2845527660773,6.351272556684451,engine
Bellatrix,-10,81.28455222582812,6.3512723487132,engine
Bellatrix,-5,81.28455172410884,6.351272138794163,engine
Bellatrix,-2,81.28455144173684,6.3512720119470965,engine
Bellatrix,-1,81.2845513507412,6.3512719695200275,engine
Bellatrix,0,81.28455126131472,6.351271927021873,engine
Bellatrix,1,81.28455117346039,6.351271884453397,engine
Bellatrix,2,81.28455108718107,6.35127184181537,engine
Bellatrix,3,81.28455100247973,6.351271799108561,engine
Bellatrix,4,81.28455091935918,6.351271756333733,engine
Bellatrix,5,81.28455083782225,6.3512717134916645,engine
Bellatrix,6,81.2845507578717,6.351271670583095,engine
Bellatrix,7,81.28455067951043,6.351271627608857,engine
Bellatrix,8,81.28455060274099,6.351271584569667,engine
Bellatrix,9,81.28455052756638,6.351271541466388,engine
Bellatrix,10,81.28455045398903,6.351271498299707,engine
Bellatrix,11,81.28455038201167,6.351271455070434,engine
Bellatrix,12,81.28455031163692,6.351271411779355,engine
Bellatrix,13,81.28455024286735,6.3512713684272395,engine
Bellatrix,14,81.28455017570555,6.351271325014876,engine
Bellatrix,15,81.284550110154,6.351271281543046,engine
Bellatrix,16,81.28455004621523,6.3512712380125365,engine
Bellatrix,17,81.28454998389165,6.351271194424096,engine
Bellatrix,18,81.28454992318578,6.351271150778578,engine
Bellatrix,19,81.28454986409999,6.351271107076735,engine
Bellatrix,20,81.28454980663663,6.351271063319357,engine
Bellatrix,21,81.28454975079805,6.351271019507238,engine
Bellatrix,22,81.28454969658657,6.351270975641164,engine
Bellatrix,23,81.28454964400446,6.351270931721927,engine
Bellatrix,24,81.28454959305395,6.351270887750322,engine
Bellatrix,25,81.28454954373728,6.351270843727141,engine
Bellatrix,26,81.28454949605664,6.351270799653174,engine
Bellatrix,27,81.28454945001415,6.351270755529231,engine
Bellatrix,28,81.28454940561197,6.351270711356093,engine
Bellatrix,29,81.28454936285213,6.351270667134534,engine
Bellatrix,30,81.28454932173678,6.3512706228654165,engine
