tab,name,body,hour,local_time,utc_time,ra,dec
P01,1 SKY ONLY,Aldebaran,0,2020-01-01 00:00 UTC+00:00,2020-01-01 00:00,68.9857928407627,16.50870018638475
P01,1 SKY ONLY,Aldebaran,1,2020-01-01 01:00 UTC+00:00,2020-01-01 01:00,68.98578230604606,16.50870267694755
P01,1 SKY ONLY,Aldebaran,2,2020-01-01 02:00 UTC+00:00,2020-01-01 02:00,68.98576905055069,16.50870446032656
P01,1 SKY ONLY,Aldebaran,3,2020-01-01 03:00 UTC+00:00,2020-01-01 03:00,68.98575383494665,16.50870536923144
P01,1 SKY ONLY,Aldebaran,4,2020-01-01 04:00 UTC+00:00,2020-01-01 04:00,68.98573755401958,16.50870529627545
P01,1 SKY ONLY,Aldebaran,5,2020-01-01 05:00 UTC+00:00,2020-01-01 05:00,68.9857211753598,16.50870420133376
P01,1 SKY ONLY,Aldebaran,6,2020-01-01 06:00 UTC+00:00,2020-01-01 06:00,68.98570567306439,16.50870211429292
P01,1 SKY ONLY,Aldebaran,7,2020-01-01 07:00 UTC+00:00,2020-01-01 07:00,68.98569196099034,16.50869913300301
P01,1 SKY ONLY,Aldebaran,8,2020-01-01 08:00 UTC+00:00,2020-01-01 08:00,68.9856808301378,16.50869541657283
P01,1 SKY ONLY,Aldebaran,9,2020-01-01 09:00 UTC+00:00,2020-01-01 09:00,68.98567289445114,16.50869117446788
P01,1 SKY ONLY,Aldebaran,10,2020-01-01 10:00 UTC+00:00,2020-01-01 10:00,68.98566854875112,16.50868665215739
P01,1 SKY ONLY,Aldebaran,11,2020-01-01 11:00 UTC+00:00,2020-01-01 11:00,68.98566794168273,16.50868211429466
P01,1 SKY ONLY,Aldebaran,12,2020-01-01 12:00 UTC+00:00,2020-01-01 12:00,68.9856709655305,16.50867782658347
P01,1 SKY ONLY,Aldebaran,13,2020-01-01 13:00 UTC+00:00,2020-01-01 13:00,68.98567726359961,16.50867403757166
P01,1 SKY ONLY,Aldebaran,14,2020-01-01 14:00 UTC+00:00,2020-01-01 14:00,68.98568625465721,16.50867096162105
P01,1 SKY ONLY,Aldebaran,15,2020-01-01 15:00 UTC+00:00,2020-01-01 15:00,68.98569717275825,16.50866876421972
P01,1 SKY ONLY,Aldebaran,16,2020-01-01 16:00 UTC+00:00,2020-01-01 16:00,68.98570911972841,16.50866755064277
P01,1 SKY ONLY,Aldebaran,17,2020-01-01 17:00 UTC+00:00,2020-01-01 17:00,68.98572112670725,16.50866735873919
P01,1 SKY ONLY,Aldebaran,18,2020-01-01 18:00 UTC+00:00,2020-01-01 18:00,68.98573222053282,16.5086681563386
P01,1 SKY ONLY,Aldebaran,19,2020-01-01 19:00 UTC+00:00,2020-01-01 19:00,68.98574149042368,16.50866984345544
P01,1 SKY ONLY,Aldebaran,20,2020-01-01 20:00 UTC+00:00,2020-01-01 20:00,68.98574815038496,16.50867225913997
P01,1 SKY ONLY,Aldebaran,21,2020-01-01 21:00 UTC+00:00,2020-01-01 21:00,68.98575159306442,16.50867519250629
P01,1 SKY ONLY,Aldebaran,22,2020-01-01 22:00 UTC+00:00,2020-01-01 22:00,68.98575143136895,16.50867839718213
P01,1 SKY ONLY,Aldebaran,23,2020-01-01 23:00 UTC+00:00,2020-01-01 23:00,68.98574752498823,16.50868160819032
P01,1 SKY ONLY,Aldebaran,24,2020-01-02 00:00 UTC+00:00,2020-01-02 00:00,68.98573999000949,16.5086845601046
P01,1 SKY ONLY,Antares,0,2020-01-01 00:00 UTC+00:00,2020-01-01 00:00,247.3462956929954,-26.43111765666611
P01,1 SKY ONLY,Antares,1,2020-01-01 01:00 UTC+00:00,2020-01-01 01:00,247.3463074268808,-26.4311128666498
P01,1 SKY ONLY,Antares,2,2020-01-01 02:00 UTC+00:00,2020-01-01 02:00,247.3463219939276,-26.43110921340469
P01,1 SKY ONLY,Antares,3,2020-01-01 03:00 UTC+00:00,2020-01-01 03:00,247.3463385612141,-26.4311069501353
P01,1 SKY ONLY,Antares,4,2020-01-01 04:00 UTC+00:00,2020-01-01 04:00,247.3463561589636,-26.43110623484375
P01,1 SKY ONLY,Antares,5,2020-01-01 05:00 UTC+00:00,2020-01-01 05:00,247.3463737469929,-26.43110711950384
P01,1 SKY ONLY,Antares,6,2020-01-01 06:00 UTC+00:00,2020-01-01 06:00,247.3463902859836,-26.43110954649976
P01,1 SKY ONLY,Antares,7,2020-01-01 07:00 UTC+00:00,2020-01-01 07:00,247.3464048086969,-26.43111335257385
P01,1 SKY ONLY,Antares,8,2020-01-01 08:00 UTC+00:00,2020-01-01 08:00,247.3464164862472,-26.43111828001283
P01,1 SKY ONLY,Antares,9,2020-01-01 09:00 UTC+00:00,2020-01-01 09:00,247.3464246848969,-26.4311239943057
P01,1 SKY ONLY,Antares,10,2020-01-01 10:00 UTC+00:00,2020-01-01 10:00,247.3464290094807,-26.43113010706434
P01,1 SKY ONLY,Antares,11,2020-01-01 11:00 UTC+00:00,2020-01-01 11:00,247.3464293304816,-26.4311362026357
P01,1 SKY ONLY,Antares,12,2020-01-01 12:00 UTC+00:00,2020-01-01 12:00,247.346425792906,-26.43114186658159
P01,1 SKY ONLY,Antares,13,2020-01-01 13:00 UTC+00:00,2020-01-01 13:00,247.3464188063483,-26.4311467140766
P01,1 SKY ONLY,Antares,14,2020-01-01 14:00 UTC+00:00,2020-01-01 14:00,247.3464090169252,-26.43115041627621
P01,1 SKY ONLY,Antares,15,2020-01-01 15:00 UTC+00:00,2020-01-01 15:00,247.3463972630045,-26.43115272284936
P01,1 SKY ONLY,Antares,16,2020-01-01 16:00 UTC+00:00,2020-01-01 16:00,247.3463845177599,-26.4311534791315
P01,1 SKY ONLY,Antares,17,2020-01-01 17:00 UTC+00:00,2020-01-01 17:00,247.3463718224874,-26.43115263672233
P01,1 SKY ONLY,Antares,18,2020-01-01 18:00 UTC+00:00,2020-01-01 18:00,247.3463602152574,-26.43115025680215
P01,1 SKY ONLY,Antares,19,2020-01-01 19:00 UTC+00:00,2020-01-01 19:00,247.3463506597835,-26.43114650593976
P01,1 SKY ONLY,Antares,20,2020-01-01 20:00 UTC+00:00,2020-01-01 20:00,247.3463439793899,-26.43114164467878
P01,1 SKY ONLY,Antares,21,2020-01-01 21:00 UTC+00:00,2020-01-01 21:00,247.3463408005965,-26.43113600968527
P01,1 SKY ONLY,Antares,22,2020-01-01 22:00 UTC+00:00,2020-01-01 22:00,247.3463415101897,-26.43112999067873
P01,1 SKY ONLY,Antares,23,2020-01-01 23:00 UTC+00:00,2020-01-01 23:00,247.3463462287203,-26.43112400372834
P01,1 SKY ONLY,Antares,24,2020-01-02 00:00 UTC+00:00,2020-01-02 00:00,247.3463548022437,-26.43111846274431
P01,1 SKY ONLY,Ceres,0,2020-01-01 00:00 UTC+00:00,2020-01-01 00:00,289.6874098499856,-26.25017740002816
P01,1 SKY ONLY,Ceres,1,2020-01-01 01:00 UTC+00:00,2020-01-01 01:00,289.7059891496475,-26.2488115228009
P01,1 SKY ONLY,Ceres,2,2020-01-01 02:00 UTC+00:00,2020-01-01 02:00,289.7245708894172,-26.24745498731301
P01,1 SKY ONLY,Ceres,3,2020-01-01 03:00 UTC+00:00,2020-01-01 03:00,289.7431476165966,-26.24610766893964
P01,1 SKY ONLY,Ceres,4,2020-01-01 04:00 UTC+00:00,2020-01-01 04:00,289.761712207687,-26.24476868258431
P01,1 SKY ONLY,Ceres,5,2020-01-01 05:00 UTC+00:00,2020-01-01 05:00,289.7802583542429,-26.24343644334652
P01,1 SKY ONLY,Ceres,6,2020-01-01 06:00 UTC+00:00,2020-01-01 06:00,289.7987809933503,-26.2421087750072
P01,1 SKY ONLY,Ceres,7,2020-01-01 07:00 UTC+00:00,2020-01-01 07:00,289.8172766548698,-26.24078305878483
P01,1 SKY ONLY,Ceres,8,2020-01-01 08:00 UTC+00:00,2020-01-01 08:00,289.8357436974657,-26.2394564124378
P01,1 SKY ONLY,Ceres,9,2020-01-01 09:00 UTC+00:00,2020-01-01 09:00,289.8541824199326,-26.23812588736275
P01,1 SKY ONLY,Ceres,10,2020-01-01 10:00 UTC+00:00,2020-01-01 10:00,289.8725950422395,-26.23678867009274
P01,1 SKY ONLY,Ceres,11,2020-01-01 11:00 UTC+00:00,2020-01-01 11:00,289.8909855522646,-26.23544227464152
P01,1 SKY ONLY,Ceres,12,2020-01-01 12:00 UTC+00:00,2020-01-01 12:00,289.909359433032,-26.23408471247474
P01,1 SKY ONLY,Ceres,13,2020-01-01 13:00 UTC+00:00,2020-01-01 13:00,289.9277232883823,-26.23271462829989
P01,1 SKY ONLY,Ceres,14,2020-01-01 14:00 UTC+00:00,2020-01-01 14:00,289.9460843912058,-26.23133139270585
P01,1 SKY ONLY,Ceres,15,2020-01-01 15:00 UTC+00:00,2020-01-01 15:00,289.9644501850904,-26.22993514514949
P01,1 SKY ONLY,Ceres,16,2020-01-01 16:00 UTC+00:00,2020-01-01 16:00,289.9828277771081,-26.22852678426361
P01,1 SKY ONLY,Ceres,17,2020-01-01 17:00 UTC+00:00,2020-01-01 17:00,290.0012234508145,-26.22710790637844
P01,1 SKY ONLY,Ceres,18,2020-01-01 18:00 UTC+00:00,2020-01-01 18:00,290.0196422364851,-26.22568069638828
P01,1 SKY ONLY,Ceres,19,2020-01-01 19:00 UTC+00:00,2020-01-01 19:00,290.0380875682031,-26.22424777824905
P01,1 SKY ONLY,Ceres,20,2020-01-01 20:00 UTC+00:00,2020-01-01 20:00,290.0565610487299,-26.22281203564613
P01,1 SKY ONLY,Ceres,21,2020-01-01 21:00 UTC+00:00,2020-01-01 21:00,290.0750623393471,-26.22137641494248
P01,1 SKY ONLY,Ceres,22,2020-01-01 22:00 UTC+00:00,2020-01-01 22:00,290.0935891842948,-26.21994372374447
P01,1 SKY ONLY,Ceres,23,2020-01-01 23:00 UTC+00:00,2020-01-01 23:00,290.1121375643384,-26.21851643912892
P01,1 SKY ONLY,Ceres,24,2020-01-02 00:00 UTC+00:00,2020-01-02 00:00,290.1307019708204,-26.21709653849906
P01,1 SKY ONLY,Chiron,0,2020-01-01 00:00 UTC+00:00,2020-01-01 00:00,0.04927754850007367,3.205985503565143
P01,1 SKY ONLY,Chiron,1,2020-01-01 01:00 UTC+00:00,2020-01-01 01:00,0.0499868516520814,3.206128066692729
P01,1 SKY ONLY,Chiron,2,2020-01-01 02:00 UTC+00:00,2020-01-01 02:00,0.05070374431257684,3.206271186656217
P01,1 SKY ONLY,Chiron,3,2020-01-01 03:00 UTC+00:00,2020-01-01 03:00,0.05142836157015932,3.206414958752991
P01,1 SKY ONLY,Chiron,4,2020-01-01 04:00 UTC+00:00,2020-01-01 04:00,0.05216040543498978,3.206559477056347
P01,1 SKY ONLY,Chiron,5,2020-01-01 05:00 UTC+00:00,2020-01-01 05:00,0.05289916524345977,3.20670482796438
P01,1 SKY ONLY,Chiron,6,2020-01-01 06:00 UTC+00:00,2020-01-01 06:00,0.05364356627751812,3.206851084258816
P01,1 SKY ONLY,Chiron,7,2020-01-01 07:00 UTC+00:00,2020-01-01 07:00,0.05439224346319754,3.206998300132391
P01,1 SKY ONLY,Chiron,8,2020-01-01 08:00 UTC+00:00,2020-01-01 08:00,0.05514363481100524,3.207146507453149
P01,1 SKY ONLY,Chiron,9,2020-01-01 09:00 UTC+00:00,2020-01-01 09:00,0.05589608839700273,3.207295713575603
P01,1 SKY ONLY,Chiron,10,2020-01-01 10:00 UTC+00:00,2020-01-01 10:00,0.05664797553527429,3.207445900833838
P01,1 SKY ONLY,Chiron,11,2020-01-01 11:00 UTC+00:00,2020-01-01 11:00,0.05739780229655925,3.207597027739113
P01,1 SKY ONLY,Chiron,12,2020-01-01 12:00 UTC+00:00,2020-01-01 12:00,0.05814431178802319,3.20774903180904
P01,1 SKY ONLY,Chiron,13,2020-01-01 13:00 UTC+00:00,2020-01-01 13:00,0.05888657025863588,3.207901833847305
P01,1 SKY ONLY,Chiron,14,2020-01-01 14:00 UTC+00:00,2020-01-01 14:00,0.05962403100191412,3.20805534335755
P01,1 SKY ONLY,Chiron,15,2020-01-01 15:00 UTC+00:00,2020-01-01 15:00,0.06035657172677794,3.20820946472629
P01,1 SKY ONLY,Chiron,16,2020-01-01 16:00 UTC+00:00,2020-01-01 16:00,0.06108450295461304,3.208364103780863
P01,1 SKY ONLY,Chiron,17,2020-01-01 17:00 UTC+00:00,2020-01-01 17:00,0.06180854664831014,3.208519174219929
P01,1 SKY ONLY,Chiron,18,2020-01-01 18:00 UTC+00:00,2020-01-01 18:00,0.06252978670491592,3.208674603519027
P01,1 SKY ONLY,Chiron,19,2020-01-01 19:00 UTC+00:00,2020-01-01 19:00,0.06324959469801687,3.208830337899107
P01,1 SKY ONLY,Chiron,20,2020-01-01 20:00 UTC+00:00,2020-01-01 20:00,0.06396953585902194,3.208986345999782
P01,1 SKY ONLY,Chiron,21,2020-01-01 21:00 UTC+00:00,2020-01-01 21:00,0.06469126178091175,3.209142621011781
P01,1 SKY ONLY,Chiron,22,2020-01-01 22:00 UTC+00:00,2020-01-01 22:00,0.06541639732007129,3.209299181154626
P01,1 SKY ONLY,Chiron,23,2020-01-01 23:00 UTC+00:00,2020-01-01 23:00,0.06614642921087692,3.209456068407683
P01,1 SKY ONLY,Chiron,24,2020-01-02 00:00 UTC+00:00,2020-01-02 00:00,0.06688260419576414,3.20961334562772
P01,1 SKY ONLY,Eris,0,2020-01-01 00:00 UTC+00:00,2020-01-01 00:00,25.57728348170668,-2.023435355827685
P01,1 SKY ONLY,Eris,1,2020-01-01 01:00 UTC+00:00,2020-01-01 01:00,25.57715595083226,-2.023362940432411
P01,1 SKY ONLY,Eris,2,2020-01-01 02:00 UTC+00:00,2020-01-01 02:00,25.57702953441303,-2.023290275506802
P01,1 SKY ONLY,Eris,3,2020-01-01 03:00 UTC+00:00,2020-01-01 03:00,25.57690514914691,-2.023217371727056
P01,1 SKY ONLY,Eris,4,2020-01-01 04:00 UTC+00:00,2020-01-01 04:00,25.57678359204517,-2.023144247452278
P01,1 SKY ONLY,Eris,5,2020-01-01 05:00 UTC+00:00,2020-01-01 05:00,25.57666548583027,-2.023070927467679
P01,1 SKY ONLY,Eris,6,2020-01-01 06:00 UTC+00:00,2020-01-01 06:00,25.57655123627416,-2.022997441293227
P01,1 SKY ONLY,Eris,7,2020-01-01 07:00 UTC+00:00,2020-01-01 07:00,25.57644100439157,-2.022923821156223
P01,1 SKY ONLY,Eris,8,2020-01-01 08:00 UTC+00:00,2020-01-01 08:00,25.57633469541614,-2.022850099787129
P01,1 SKY ONLY,Eris,9,2020-01-01 09:00 UTC+00:00,2020-01-01 09:00,25.57623196530038,-2.0227763081834
P01,1 SKY ONLY,Eris,10,2020-01-01 10:00 UTC+00:00,2020-01-01 10:00,25.57613224428787,-2.022702473481168
P01,1 SKY ONLY,Eris,11,2020-01-01 11:00 UTC+00:00,2020-01-01 11:00,25.57603477596043,-2.022628617102162
P01,1 SKY ONLY,Eris,12,2020-01-01 12:00 UTC+00:00,2020-01-01 12:00,25.57593866907423,-2.022554753290141
P01,1 SKY ONLY,Eris,13,2020-01-01 13:00 UTC+00:00,2020-01-01 13:00,25.57584295862511,-2.022480888133256
P01,1 SKY ONLY,Eris,14,2020-01-01 14:00 UTC+00:00,2020-01-01 14:00,25.57574667197715,-2.022407019151939
P01,1 SKY ONLY,Eris,15,2020-01-01 15:00 UTC+00:00,2020-01-01 15:00,25.57564889551358,-2.022333135474505
P01,1 SKY ONLY,Eris,16,2020-01-01 16:00 UTC+00:00,2020-01-01 16:00,25.57554883723466,-2.022259218579841
P01,1 SKY ONLY,Eris,17,2020-01-01 17:00 UTC+00:00,2020-01-01 17:00,25.57544588103246,-2.022185243570755
P01,1 SKY ONLY,Eris,18,2020-01-01 18:00 UTC+00:00,2020-01-01 18:00,25.57533962891206,-2.022111180886334
P01,1 SKY ONLY,Eris,19,2020-01-01 19:00 UTC+00:00,2020-01-01 19:00,25.57522992825961,-2.022036998324507
P01,1 SKY ONLY,Eris,20,2020-01-01 20:00 UTC+00:00,2020-01-01 20:00,25.57511688230602,-2.021962663252987
P01,1 SKY ONLY,Eris,21,2020-01-01 21:00 UTC+00:00,2020-01-01 21:00,25.57500084306109,-2.02188814484984
P01,1 SKY ONLY,Eris,22,2020-01-01 22:00 UTC+00:00,2020-01-01 22:00,25.57488238718977,-2.021813416212829
P01,1 SKY ONLY,Eris,23,2020-01-01 23:00 UTC+00:00,2020-01-01 23:00,25.57476227650541,-2.02173845620731
P01,1 SKY ONLY,Eris,24,2020-01-02 00:00 UTC+00:00,2020-01-02 00:00,25.57464140577913,-2.021663250917172
P01,1 SKY ONLY,Fomalhaut,0,2020-01-01 00:00 UTC+00:00,2020-01-01 00:00,344.4119740916109,-29.62612248162449
P01,1 SKY ONLY,Fomalhaut,1,2020-01-01 01:00 UTC+00:00,2020-01-01 01:00,344.4119565226212,-29.62611962722298
P01,1 SKY ONLY,Fomalhaut,2,2020-01-01 02:00 UTC+00:00,2020-01-01 02:00,344.4119414962028,-29.62611537905974
P01,1 SKY ONLY,Fomalhaut,3,2020-01-01 03:00 UTC+00:00,2020-01-01 03:00,344.411929769468,-29.62611006756791
P01,1 SKY ONLY,Fomalhaut,4,2020-01-01 04:00 UTC+00:00,2020-01-01 04:00,344.4119218735507,-29.62610409592727
P01,1 SKY ONLY,Fomalhaut,5,2020-01-01 05:00 UTC+00:00,2020-01-01 05:00,344.4119180772129,-29.62609791243797
P01,1 SKY ONLY,Fomalhaut,6,2020-01-01 06:00 UTC+00:00,2020-01-01 06:00,344.411918368431,-29.62609197980348
P01,1 SKY ONLY,Fomalhaut,7,2020-01-01 07:00 UTC+00:00,2020-01-01 07:00,344.4119224552193,-29.62608674342567
P01,1 SKY ONLY,Fomalhaut,8,2020-01-01 08:00 UTC+00:00,2020-01-01 08:00,344.4119297856381,-29.62608260088625
P01,1 SKY ONLY,Fomalhaut,9,2020-01-01 09:00 UTC+00:00,2020-01-01 09:00,344.4119395856123,-29.626079874705
P01,1 SKY ONLY,Fomalhaut,10,2020-01-01 10:00 UTC+00:00,2020-01-01 10:00,344.4119509119717,-29.62607879024085
P01,1 SKY ONLY,Fomalhaut,11,2020-01-01 11:00 UTC+00:00,2020-01-01 11:00,344.411962717077,-29.62607946025071
P01,1 SKY ONLY,Fomalhaut,12,2020-01-01 12:00 UTC+00:00,2020-01-01 12:00,344.4119739206022,-29.62608187716364
P01,1 SKY ONLY,Fomalhaut,13,2020-01-01 13:00 UTC+00:00,2020-01-01 13:00,344.4119834835593,-29.6260859135995
P01,1 SKY ONLY,Fomalhaut,14,2020-01-01 14:00 UTC+00:00,2020-01-01 14:00,344.4119904794891,-29.62609133109697
P01,1 SKY ONLY,Fomalhaut,15,2020-01-01 15:00 UTC+00:00,2020-01-01 15:00,344.4119941579413,-29.62609779645239
P01,1 SKY ONLY,Fomalhaut,16,2020-01-01 16:00 UTC+00:00,2020-01-01 16:00,344.4119939958962,-29.62610490455084
P01,1 SKY ONLY,Fomalhaut,17,2020-01-01 17:00 UTC+00:00,2020-01-01 17:00,344.4119897336017,-29.62611220612433
P01,1 SKY ONLY,Fomalhaut,18,2020-01-01 18:00 UTC+00:00,2020-01-01 18:00,344.4119813923727,-29.62611923853489
P01,1 SKY ONLY,Fomalhaut,19,2020-01-01 19:00 UTC+00:00,2020-01-01 19:00,344.4119692731308,-29.62612555747522
P01,1 SKY ONLY,Fomalhaut,20,2020-01-01 20:00 UTC+00:00,2020-01-01 20:00,344.4119539357857,-29.62613076741244
P01,1 SKY ONLY,Fomalhaut,21,2020-01-01 21:00 UTC+00:00,2020-01-01 21:00,344.4119361608716,-29.62613454869006
P01,1 SKY ONLY,Fomalhaut,22,2020-01-01 22:00 UTC+00:00,2020-01-01 22:00,344.4119168960639,-29.62613667943162
P01,1 SKY ONLY,Fomalhaut,23,2020-01-01 23:00 UTC+00:00,2020-01-01 23:00,344.4118971912447,-29.62613705074368
P01,1 SKY ONLY,Fomalhaut,24,2020-01-02 00:00 UTC+00:00,2020-01-02 00:00,344.4118781265658,-29.62613567417725
P01,1 SKY ONLY,Juno,0,2020-01-01 00:00 UTC+00:00,2020-01-01 00:00,196.4011303891421,-5.150677045260911
P01,1 SKY ONLY,Juno,1,2020-01-01 01:00 UTC+00:00,2020-01-01 01:00,196.4099769367001,-5.151977460975277
P01,1 SKY ONLY,Juno,2,2020-01-01 02:00 UTC+00:00,2020-01-01 02:00,196.4187815968316,-5.153274199238061
P01,1 SKY ONLY,Juno,3,2020-01-01 03:00 UTC+00:00,2020-01-01 03:00,196.4275455867787,-5.154566419351518
P01,1 SKY ONLY,Juno,4,2020-01-01 04:00 UTC+00:00,2020-01-01 04:00,196.4362724673555,-5.155853338653184
P01,1 SKY ONLY,Juno,5,2020-01-01 05:00 UTC+00:00,2020-01-01 05:00,196.4449679000775,-5.157134286100438
P01,1 SKY ONLY,Juno,6,2020-01-01 06:00 UTC+00:00,2020-01-01 06:00,196.4536392592413,-5.158408748098529
P01,1 SKY ONLY,Juno,7,2020-01-01 07:00 UTC+00:00,2020-01-01 07:00,196.4622951283336,-5.159676403839287
P01,1 SKY ONLY,Juno,8,2020-01-01 08:00 UTC+00:00,2020-01-01 08:00,196.4709447119961,-5.160937147252278
P01,1 SKY ONLY,Juno,9,2020-01-01 09:00 UTC+00:00,2020-01-01 09:00,196.4795972057081,-5.162191094330396
P01,1 SKY ONLY,Juno,10,2020-01-01 10:00 UTC+00:00,2020-01-01 10:00,196.4882611663538,-5.16343857532067
P01,1 SKY ONLY,Juno,11,2020-01-01 11:00 UTC+00:00,2020-01-01 11:00,196.4969439255307,-5.164680112118465
P01,1 SKY ONLY,Juno,12,2020-01-01 12:00 UTC+00:00,2020-01-01 12:00,196.5056510868064,-5.165916382550749
P01,1 SKY ONLY,Juno,13,2020-01-01 13:00 UTC+00:00,2020-01-01 13:00,196.514386141752,-5.167148174041135
P01,1 SKY ONLY,Juno,14,2020-01-01 14:00 UTC+00:00,2020-01-01 14:00,196.5231502295386,-5.168376329601537
P01,1 SKY ONLY,Juno,15,2020-01-01 15:00 UTC+00:00,2020-01-01 15:00,196.5319420577308,-5.169601690009292
P01,1 SKY ONLY,Juno,16,2020-01-01 16:00 UTC+00:00,2020-01-01 16:00,196.5407579903816,-5.170825036215046
P01,1 SKY ONLY,Juno,17,2020-01-01 17:00 UTC+00:00,2020-01-01 17:00,196.5495922953426,-5.172047035629443
P01,1 SKY ONLY,Juno,18,2020-01-01 18:00 UTC+00:00,2020-01-01 18:00,196.5584375356542,-5.173268196219018
P01,1 SKY ONLY,Juno,19,2020-01-01 19:00 UTC+00:00,2020-01-01 19:00,196.567285078326,-5.174488831559136
P01,1 SKY ONLY,Juno,20,2020-01-01 20:00 UTC+00:00,2020-01-01 20:00,196.5761256841995,-5.175709039037562
P01,1 SKY ONLY,Juno,21,2020-01-01 21:00 UTC+00:00,2020-01-01 21:00,196.5849501399588,-5.176928692904831
P01,1 SKY ONLY,Juno,22,2020-01-01 22:00 UTC+00:00,2020-01-01 22:00,196.5937498887787,-5.178147452618707
P01,1 SKY ONLY,Juno,23,2020-01-01 23:00 UTC+00:00,2020-01-01 23:00,196.6025176162412,-5.179364785899071
P01,1 SKY ONLY,Juno,24,2020-01-02 00:00 UTC+00:00,2020-01-02 00:00,196.6112477504319,-5.180580004790142
P01,1 SKY ONLY,Jupiter,0,2020-01-01 00:00 UTC+00:00,2020-01-01 00:00,276.9605168728514,-23.19393841707726
P01,1 SKY ONLY,Jupiter,1,2020-01-01 01:00 UTC+00:00,2020-01-01 01:00,276.9710198010441,-23.19353831017822
P01,1 SKY ONLY,Jupiter,2,2020-01-01 02:00 UTC+00:00,2020-01-01 02:00,276.981521681176,-23.19314390387185
P01,1 SKY ONLY,Jupiter,3,2020-01-01 03:00 UTC+00:00,2020-01-01 03:00,276.992017957361,-23.19275489381662
P01,1 SKY ONLY,Jupiter,4,2020-01-01 04:00 UTC+00:00,2020-01-01 04:00,277.0025044425544,-23.19237055921509
P01,1 SKY ONLY,Jupiter,5,2020-01-01 05:00 UTC+00:00,2020-01-01 05:00,277.0129776044803,-23.19198981216171
P01,1 SKY ONLY,Jupiter,6,2020-01-01 06:00 UTC+00:00,2020-01-01 06:00,277.0234348069991,-23.19161127210004
P01,1 SKY ONLY,Jupiter,7,2020-01-01 07:00 UTC+00:00,2020-01-01 07:00,277.0338744909594,-23.19123336027507
P01,1 SKY ONLY,Jupiter,8,2020-01-01 08:00 UTC+00:00,2020-01-01 08:00,277.0442962805693,-23.19085440777954
P01,1 SKY ONLY,Jupiter,9,2020-01-01 09:00 UTC+00:00,2020-01-01 09:00,277.054701008527,-23.19047276977789
P01,1 SKY ONLY,Jupiter,10,2020-01-01 10:00 UTC+00:00,2020-01-01 10:00,277.0650906597913,-23.19008693804047
P01,1 SKY ONLY,Jupiter,11,2020-01-01 11:00 UTC+00:00,2020-01-01 11:00,277.0754682351995,-23.18969564417579
P01,1 SKY ONLY,Jupiter,12,2020-01-01 12:00 UTC+00:00,2020-01-01 12:00,277.0858375456771,-23.18929794644776
P01,1 SKY ONLY,Jupiter,13,2020-01-01 13:00 UTC+00:00,2020-01-01 13:00,277.0962029521239,-23.18889329419973
P01,1 SKY ONLY,Jupiter,14,2020-01-01 14:00 UTC+00:00,2020-01-01 14:00,277.1065690664749,-23.18848156555597
P01,1 SKY ONLY,Jupiter,15,2020-01-01 15:00 UTC+00:00,2020-01-01 15:00,277.1169404356489,-23.1880630757788
P01,1 SKY ONLY,Jupiter,16,2020-01-01 16:00 UTC+00:00,2020-01-01 16:00,277.1273212309672,-23.18763855566969
P01,1 SKY ONLY,Jupiter,17,2020-01-01 17:00 UTC+00:00,2020-01-01 17:00,277.1377149622561,-23.18720910157311
P01,1 SKY ONLY,Jupiter,18,2020-01-01 18:00 UTC+00:00,2020-01-01 18:00,277.1481242372229,-23.18677610037054
P01,1 SKY ONLY,Jupiter,19,2020-01-01 19:00 UTC+00:00,2020-01-01 19:00,277.1585505835498,-23.18634113455288
P01,1 SKY ONLY,Jupiter,20,2020-01-01 20:00 UTC+00:00,2020-01-01 20:00,277.1689943439093,-23.18590587395424
P01,1 SKY ONLY,Jupiter,21,2020-01-01 21:00 UTC+00:00,2020-01-01 21:00,277.1794546520273,-23.18547196151578
P01,1 SKY ONLY,Jupiter,22,2020-01-01 22:00 UTC+00:00,2020-01-01 22:00,277.1899294926325,-23.18504090084921
P01,1 SKY ONLY,Jupiter,23,2020-01-01 23:00 UTC+00:00,2020-01-01 23:00,277.2004158386518,-23.18461395338888
P01,1 SKY ONLY,Jupiter,24,2020-01-02 00:00 UTC+00:00,2020-01-02 00:00,277.2109098581057,-23.18419205210759
P01,1 SKY ONLY,Ketu,0,2020-01-01 00:00 UTC+00:00,2020-01-01 00:00,278.8314131408187,-23.18836487812382
P01,1 SKY ONLY,Ketu,1,2020-01-01 01:00 UTC+00:00,2020-01-01 01:00,278.831287768652,-23.18837191343244
P01,1 SKY ONLY,Ketu,2,2020-01-01 02:00 UTC+00:00,2020-01-01 02:00,278.8311610470961,-23.18837902451713
P01,1 SKY ONLY,Ketu,3,2020-01-01 03:00 UTC+00:00,2020-01-01 03:00,278.8310331055704,-23.18838620409745
P01,1 SKY ONLY,Ketu,4,2020-01-01 04:00 UTC+00:00,2020-01-01 04:00,278.8309040755076,-23.18839344478024
P01,1 SKY ONLY,Ketu,5,2020-01-01 05:00 UTC+00:00,2020-01-01 05:00,278.8307740902886,-23.18840073906305
P01,1 SKY ONLY,Ketu,6,2020-01-01 06:00 UTC+00:00,2020-01-01 06:00,278.8306432851746,-23.18840807933831
P01,1 SKY ONLY,Ketu,7,2020-01-01 07:00 UTC+00:00,2020-01-01 07:00,278.8305117972234,-23.18841545789775
P01,1 SKY ONLY,Ketu,8,2020-01-01 08:00 UTC+00:00,2020-01-01 08:00,278.8303797652243,-23.18842286693622
P01,1 SKY ONLY,Ketu,9,2020-01-01 09:00 UTC+00:00,2020-01-01 09:00,278.8302473296245,-23.18843029855582
P01,1 SKY ONLY,Ketu,10,2020-01-01 10:00 UTC+00:00,2020-01-01 10:00,278.8301146324391,-23.188437744771
P01,1 SKY ONLY,Ketu,11,2020-01-01 11:00 UTC+00:00,2020-01-01 11:00,278.8299818171862,-23.18844519751216
P01,1 SKY ONLY,Ketu,12,2020-01-01 12:00 UTC+00:00,2020-01-01 12:00,278.8298490288122,-23.18845264862983
P01,1 SKY ONLY,Ketu,13,2020-01-01 13:00 UTC+00:00,2020-01-01 13:00,278.8297164135973,-23.18846008990016
P01,1 SKY ONLY,Ketu,14,2020-01-01 14:00 UTC+00:00,2020-01-01 14:00,278.8295841190894,-23.1884675130284
P01,1 SKY ONLY,Ketu,15,2020-01-01 15:00 UTC+00:00,2020-01-01 15:00,278.8294522940174,-23.18847490965399
P01,1 SKY ONLY,Ketu,16,2020-01-01 16:00 UTC+00:00,2020-01-01 16:00,278.8293210882096,-23.18848227135503
P01,1 SKY ONLY,Ketu,17,2020-01-01 17:00 UTC+00:00,2020-01-01 17:00,278.8291906525151,-23.1884895896527
P01,1 SKY ONLY,Ketu,18,2020-01-01 18:00 UTC+00:00,2020-01-01 18:00,278.8290611387194,-23.18849685601607
P01,1 SKY ONLY,Ketu,19,2020-01-01 19:00 UTC+00:00,2020-01-01 19:00,278.8289326994549,-23.18850406186709
P01,1 SKY ONLY,Ketu,20,2020-01-01 20:00 UTC+00:00,2020-01-01 20:00,278.8288054881243,-23.18851119858482
P01,1 SKY ONLY,Ketu,21,2020-01-01 21:00 UTC+00:00,2020-01-01 21:00,278.8286796588159,-23.18851825751033
P01,1 SKY ONLY,Ketu,22,2020-01-01 22:00 UTC+00:00,2020-01-01 22:00,278.8285553662107,-23.1885252299518
P01,1 SKY ONLY,Ketu,23,2020-01-01 23:00 UTC+00:00,2020-01-01 23:00,278.828432765499,-23.18853210718923
P01,1 SKY ONLY,Ketu,24,2020-01-02 00:00 UTC+00:00,2020-01-02 00:00,278.8283120123039,-23.18853888047869
P01,1 SKY ONLY,Mars,0,2020-01-01 00:00 UTC+00:00,2020-01-01 00:00,235.9426723339997,-19.38501049586883
P01,1 SKY ONLY,Mars,1,2020-01-01 01:00 UTC+00:00,2020-01-01 01:00,235.9716601624668,-19.39169182905364
P01,1 SKY ONLY,Mars,2,2020-01-01 02:00 UTC+00:00,2020-01-01 02:00,236.000613308717,-19.39837804966191
P01,1 SKY ONLY,Mars,3,2020-01-01 03:00 UTC+00:00,2020-01-01 03:00,236.029525386088,-19.40506577679017
P01,1 SKY ONLY,Mars,4,2020-01-01 04:00 UTC+00:00,2020-01-01 04:00,236.0583930089128,-19.41175122478382
P01,1 SKY ONLY,Mars,5,2020-01-01 05:00 UTC+00:00,2020-01-01 05:00,236.0872160236596,-19.41843046097324
P01,1 SKY ONLY,Mars,6,2020-01-01 06:00 UTC+00:00,2020-01-01 06:00,236.1159975202754,-19.42509967390357
P01,1 SKY ONLY,Mars,7,2020-01-01 07:00 UTC+00:00,2020-01-01 07:00,236.1447436233531,-19.43175543383488
P01,1 SKY ONLY,Mars,8,2020-01-01 08:00 UTC+00:00,2020-01-01 08:00,236.173463075006,-19.43839492723487
P01,1 SKY ONLY,Mars,9,2020-01-01 09:00 UTC+00:00,2020-01-01 09:00,236.2021666374453,-19.4450161490639
P01,1 SKY ONLY,Mars,10,2020-01-01 10:00 UTC+00:00,2020-01-01 10:00,236.2308663612889,-19.45161804093875
P01,1 SKY ONLY,Mars,11,2020-01-01 11:00 UTC+00:00,2020-01-01 11:00,236.2595747610805,-19.4582005636722
P01,1 SKY ONLY,Mars,12,2020-01-01 12:00 UTC+00:00,2020-01-01 12:00,236.288303961182,-19.46476470083048
P01,1 SKY ONLY,Mars,13,2020-01-01 13:00 UTC+00:00,2020-01-01 13:00,236.31706486883,-19.47131239256426
P01,1 SKY ONLY,Mars,14,2020-01-01 14:00 UTC+00:00,2020-01-01 14:00,236.3458664281818,-19.47784640361565
P01,1 SKY ONLY,Mars,15,2020-01-01 15:00 UTC+00:00,2020-01-01 15:00,236.3747150078754,-19.48437013480767
P01,1 SKY ONLY,Mars,16,2020-01-01 16:00 UTC+00:00,2020-01-01 16:00,236.4036139675852,-19.4908873916862
P01,1 SKY ONLY,Mars,17,2020-01-01 17:00 UTC+00:00,2020-01-01 17:00,236.43256342615,-19.49740212445196
P01,1 SKY ONLY,Mars,18,2020-01-01 18:00 UTC+00:00,2020-01-01 18:00,236.4615602521343,-19.50391815811817
P01,1 SKY ONLY,Mars,19,2020-01-01 19:00 UTC+00:00,2020-01-01 19:00,236.4905982778888,-19.51043893132256
P01,1 SKY ONLY,Mars,20,2020-01-01 20:00 UTC+00:00,2020-01-01 20:00,236.5196687190228,-19.51696726090121
P01,1 SKY ONLY,Mars,21,2020-01-01 21:00 UTC+00:00,2020-01-01 21:00,236.5487607718254,-19.52350514852374
P01,1 SKY ONLY,Mars,22,2020-01-01 22:00 UTC+00:00,2020-01-01 22:00,236.5778623526427,-19.53005364372662
P01,1 SKY ONLY,Mars,23,2020-01-01 23:00 UTC+00:00,2020-01-01 23:00,236.6069609207626,-19.53661277087832
P01,1 SKY ONLY,Mars,24,2020-01-02 00:00 UTC+00:00,2020-01-02 00:00,236.6360443338357,-19.54318152633223
P01,1 SKY ONLY,Mercury,0,2020-01-01 00:00 UTC+00:00,2020-01-01 00:00,274.5199890613981,-24.64593835183981
P01,1 SKY ONLY,Mercury,1,2020-01-01 01:00 UTC+00:00,2020-01-01 01:00,274.5925464273936,-24.64751297768226
P01,1 SKY ONLY,Mercury,2,2020-01-01 02:00 UTC+00:00,2020-01-01 02:00,274.665095618783,-24.64907579183716
P01,1 SKY ONLY,Mercury,3,2020-01-01 03:00 UTC+00:00,2020-01-01 03:00,274.7376185266025,-24.65062393028611
P01,1 SKY ONLY,Mercury,4,2020-01-01 04:00 UTC+00:00,2020-01-01 04:00,274.8100995775489,-24.65215285932018
P01,1 SKY ONLY,Mercury,5,2020-01-01 05:00 UTC+00:00,2020-01-01 05:00,274.8825267841547,-24.65365668143757
P01,1 SKY ONLY,Mercury,6,2020-01-01 06:00 UTC+00:00,2020-01-01 06:00,274.9548925534003,-24.65512853389544
P01,1 SKY ONLY,Mercury,7,2020-01-01 07:00 UTC+00:00,2020-01-01 07:00,275.0271942065042,-24.65656105307933
P01,1 SKY ONLY,Mercury,8,2020-01-01 08:00 UTC+00:00,2020-01-01 08:00,275.0994341532422,-24.65794687248767
P01,1 SKY ONLY,Mercury,9,2020-01-01 09:00 UTC+00:00,2020-01-01 09:00,275.1716197253868,-24.65927912123025
P01,1 SKY ONLY,Mercury,10,2020-01-01 10:00 UTC+00:00,2020-01-01 10:00,275.2437626814132,-24.66055188896794
P01,1 SKY ONLY,Mercury,11,2020-01-01 11:00 UTC+00:00,2020-01-01 11:00,275.3158784045588,-24.66176062559334
P01,1 SKY ONLY,Mercury,12,2020-01-01 12:00 UTC+00:00,2020-01-01 12:00,275.3879848518076,-24.66290244841562
P01,1 SKY ONLY,Mercury,13,2020-01-01 13:00 UTC+00:00,2020-01-01 13:00,275.4601013392819,-24.66397633646795
P01,1 SKY ONLY,Mercury,14,2020-01-01 14:00 UTC+00:00,2020-01-01 14:00,275.532247227091,-24.66498319818812
P01,1 SKY ONLY,Mercury,15,2020-01-01 15:00 UTC+00:00,2020-01-01 15:00,275.6044405991579,-24.66592580797781
P01,1 SKY ONLY,Mercury,16,2020-01-01 16:00 UTC+00:00,2020-01-01 16:00,275.6766970405468,-24.66680861634379
P01,1 SKY ONLY,Mercury,17,2020-01-01 17:00 UTC+00:00,2020-01-01 17:00,275.749028574437,-24.66763744599314
P01,1 SKY ONLY,Mercury,18,2020-01-01 18:00 UTC+00:00,2020-01-01 18:00,275.8214428428735,-24.66841909493329
P01,1 SKY ONLY,Mercury,19,2020-01-01 19:00 UTC+00:00,2020-01-01 19:00,275.8939425907828,-24.66916087344587
P01,1 SKY ONLY,Mercury,20,2020-01-01 20:00 UTC+00:00,2020-01-01 20:00,275.9665254775599,-24.66987010641864
P01,1 SKY ONLY,Mercury,21,2020-01-01 21:00 UTC+00:00,2020-01-01 21:00,276.039184230169,-24.67055363462832
P01,1 SKY ONLY,Mercury,22,2020-01-01 22:00 UTC+00:00,2020-01-01 22:00,276.1119071428888,-24.6712173492798
P01,1 SKY ONLY,Mercury,23,2020-01-01 23:00 UTC+00:00,2020-01-01 23:00,276.1846788647329,-24.67186579071093
P01,1 SKY ONLY,Mercury,24,2020-01-02 00:00 UTC+00:00,2020-01-02 00:00,276.2574814383775,-24.672501839027
P01,1 SKY ONLY,Moon,0,2020-01-01 00:00 UTC+00:00,2020-01-01 00:00,348.4005877629657,-10.76680521610967
P01,1 SKY ONLY,Moon,1,2020-01-01 01:00 UTC+00:00,2020-01-01 01:00,348.9299315531673,-10.5676533617067
P01,1 SKY ONLY,Moon,2,2020-01-01 02:00 UTC+00:00,2020-01-01 02:00,349.4871056211699,-10.37206799438756
P01,1 SKY ONLY,Moon,3,2020-01-01 03:00 UTC+00:00,2020-01-01 03:00,350.0663225101289,-10.18097095864786
P01,1 SKY ONLY,Moon,4,2020-01-01 04:00 UTC+00:00,2020-01-01 04:00,350.6604611323783,-9.994929500007538
P01,1 SKY ONLY,Moon,5,2020-01-01 05:00 UTC+00:00,2020-01-01 05:00,351.2615042202175,-9.814144139454958
P01,1 SKY ONLY,Moon,6,2020-01-01 06:00 UTC+00:00,2020-01-01 06:00,351.8610101453677,-9.638456067396934
P01,1 SKY ONLY,Moon,7,2020-01-01 07:00 UTC+00:00,2020-01-01 07:00,352.4505996790478,-9.46737147519629
P01,1 SKY ONLY,Moon,8,2020-01-01 08:00 UTC+00:00,2020-01-01 08:00,353.0224397152902,-9.300100813509223
P01,1 SKY ONLY,Moon,9,2020-01-01 09:00 UTC+00:00,2020-01-01 09:00,353.5697065521939,-9.135611045517482
P01,1 SKY ONLY,Moon,10,2020-01-01 10:00 UTC+00:00,2020-01-01 10:00,354.0870082116115,-8.972690222505333
P01,1 SKY ONLY,Moon,11,2020-01-01 11:00 UTC+00:00,2020-01-01 11:00,354.5707439394299,-8.810022059837381
P01,1 SKY ONLY,Moon,12,2020-01-01 12:00 UTC+00:00,2020-01-01 12:00,355.0193744652331,-8.646268954966125
P01,1 SKY ONLY,Moon,13,2020-01-01 13:00 UTC+00:00,2020-01-01 13:00,355.4335769056539,-8.480159538096588
P01,1 SKY ONLY,Moon,14,2020-01-01 14:00 UTC+00:00,2020-01-01 14:00,355.8162608481325,-8.31057500089815
P01,1 SKY ONLY,Moon,15,2020-01-01 15:00 UTC+00:00,2020-01-01 15:00,356.1724282297358,-8.13662830573903
P01,1 SKY ONLY,Moon,16,2020-01-01 16:00 UTC+00:00,2020-01-01 16:00,356.5088744213314,-7.957727435468889
P01,1 SKY ONLY,Moon,17,2020-01-01 17:00 UTC+00:00,2020-01-01 17:00,356.8337416695601,-7.773616759971206
P01,1 SKY ONLY,Moon,18,2020-01-01 18:00 UTC+00:00,2020-01-01 18:00,357.1559568276462,-7.584389832551883
P01,1 SKY ONLY,Moon,19,2020-01-01 19:00 UTC+00:00,2020-01-01 19:00,357.4845986294034,-7.390472412185346
P01,1 SKY ONLY,Moon,20,2020-01-01 20:00 UTC+00:00,2020-01-01 20:00,357.8282517018663,-7.192576692273653
P01,1 SKY ONLY,Moon,21,2020-01-01 21:00 UTC+00:00,2020-01-01 21:00,358.1944054433541,-6.991632582971152
P01,1 SKY ONLY,Moon,22,2020-01-01 22:00 UTC+00:00,2020-01-01 22:00,358.588949805786,-6.788704223241829
P01,1 SKY ONLY,Moon,23,2020-01-01 23:00 UTC+00:00,2020-01-01 23:00,359.0158063392932,-6.584901172484045
P01,1 SKY ONLY,Moon,24,2020-01-02 00:00 UTC+00:00,2020-01-02 00:00,359.4767151443305,-6.38129365558448
P01,1 SKY ONLY,Neptune,0,2020-01-01 00:00 UTC+00:00,2020-01-01 00:00,347.5058683876653,-6.47194716003773
P01,1 SKY ONLY,Neptune,1,2020-01-01 01:00 UTC+00:00,2020-01-01 01:00,347.5065988646811,-6.471618976782745
P01,1 SKY ONLY,Neptune,2,2020-01-01 02:00 UTC+00:00,2020-01-01 02:00,347.5073349147611,-6.471290337993123
P01,1 SKY ONLY,Neptune,3,2020-01-01 03:00 UTC+00:00,2020-01-01 03:00,347.5080766571724,-6.470961383700081
P01,1 SKY ONLY,Neptune,4,2020-01-01 04:00 UTC+00:00,2020-01-01 04:00,347.5088238775955,-6.470632252385061
P01,1 SKY ONLY,Neptune,5,2020-01-01 05:00 UTC+00:00,2020-01-01 05:00,347.5095760427602,-6.470303071517423
P01,1 SKY ONLY,Neptune,6,2020-01-01 06:00 UTC+00:00,2020-01-01 06:00,347.5103323369352,-6.469973948845136
P01,1 SKY ONLY,Neptune,7,2020-01-01 07:00 UTC+00:00,2020-01-01 07:00,347.5110917178431,-6.469644965005088
P01,1 SKY ONLY,Neptune,8,2020-01-01 08:00 UTC+00:00,2020-01-01 08:00,347.5118529880236,-6.469316168022106
P01,1 SKY ONLY,Neptune,9,2020-01-01 09:00 UTC+00:00,2020-01-01 09:00,347.5126148768181,-6.468987570045639
P01,1 SKY ONLY,Neptune,10,2020-01-01 10:00 UTC+00:00,2020-01-01 10:00,347.513376127439,-6.468659146513153
P01,1 SKY ONLY,Neptune,11,2020-01-01 11:00 UTC+00:00,2020-01-01 11:00,347.5141355830278,-6.468330837854992
P01,1 SKY ONLY,Neptune,12,2020-01-01 12:00 UTC+00:00,2020-01-01 12:00,347.5148922658526,-6.468002553601949
P01,1 SKY ONLY,Neptune,13,2020-01-01 13:00 UTC+00:00,2020-01-01 13:00,347.5156454443072,-6.467674178576914
P01,1 SKY ONLY,Neptune,14,2020-01-01 14:00 UTC+00:00,2020-01-01 14:00,347.5163946829845,-6.467345580806592
P01,1 SKY ONLY,Neptune,15,2020-01-01 15:00 UTC+00:00,2020-01-01 15:00,347.517139872441,-6.467016620588882
P01,1 SKY ONLY,Neptune,16,2020-01-01 16:00 UTC+00:00,2020-01-01 16:00,347.5178812367208,-6.466687160050316
P01,1 SKY ONLY,Neptune,17,2020-01-01 17:00 UTC+00:00,2020-01-01 17:00,347.518619317952,-6.466357072611398
P01,1 SKY ONLY,Neptune,18,2020-01-01 18:00 UTC+00:00,2020-01-01 18:00,347.5193549391383,-6.466026251683906
P01,1 SKY ONLY,Neptune,19,2020-01-01 19:00 UTC+00:00,2020-01-01 19:00,347.5200891478196,-6.465694617949417
P01,1 SKY ONLY,Neptune,20,2020-01-01 20:00 UTC+00:00,2020-01-01 20:00,347.5208231442304,-6.465362124820889
P01,1 SKY ONLY,Neptune,21,2020-01-01 21:00 UTC+00:00,2020-01-01 21:00,347.5215581990383,-6.465028761645497
P01,1 SKY ONLY,Neptune,22,2020-01-01 22:00 UTC+00:00,2020-01-01 22:00,347.5222955663125,-6.464694554420575
P01,1 SKY ONLY,Neptune,23,2020-01-01 23:00 UTC+00:00,2020-01-01 23:00,347.5230363975627,-6.464359564029211
P01,1 SKY ONLY,Neptune,24,2020-01-02 00:00 UTC+00:00,2020-01-02 00:00,347.5237816628012,-6.464023882089492
P01,1 SKY ONLY,Pallas,0,2020-01-01 00:00 UTC+00:00,2020-01-01 00:00,263.3804556614093,3.677371850142694
P01,1 SKY ONLY,Pallas,1,2020-01-01 01:00 UTC+00:00,2020-01-01 01:00,263.396119104321,3.678242765758915
P01,1 SKY ONLY,Pallas,2,2020-01-01 02:00 UTC+00:00,2020-01-01 02:00,263.4117721311852,3.67911835314511
P01,1 SKY ONLY,Pallas,3,2020-01-01 03:00 UTC+00:00,2020-01-01 03:00,263.4274088978945,3.679998422969829
P01,1 SKY ONLY,Pallas,4,2020-01-01 04:00 UTC+00:00,2020-01-01 04:00,263.4430245785027,3.680882693961927
P01,1 SKY ONLY,Pallas,5,2020-01-01 05:00 UTC+00:00,2020-01-01 05:00,263.4586156946247,3.681770812056149
P01,1 SKY ONLY,Pallas,6,2020-01-01 06:00 UTC+00:00,2020-01-01 06:00,263.4741803526535,3.682662374527208
P01,1 SKY ONLY,Pallas,7,2020-01-01 07:00 UTC+00:00,2020-01-01 07:00,263.4897183745177,3.683556957551934
P01,1 SKY ONLY,Pallas,8,2020-01-01 08:00 UTC+00:00,2020-01-01 08:00,263.5052313090157,3.684454145147329
P01,1 SKY ONLY,Pallas,9,2020-01-01 09:00 UTC+00:00,2020-01-01 09:00,263.5207223255923,3.685353557585676
P01,1 SKY ONLY,Pallas,10,2020-01-01 10:00 UTC+00:00,2020-01-01 10:00,263.5361959984504,3.68625487743719
P01,1 SKY ONLY,Pallas,11,2020-01-01 11:00 UTC+00:00,2020-01-01 11:00,263.5516579933425,3.687157871276485
P01,1 SKY ONLY,Pallas,12,2020-01-01 12:00 UTC+00:00,2020-01-01 12:00,263.5671146792395,3.688062405657301
P01,1 SKY ONLY,Pallas,13,2020-01-01 13:00 UTC+00:00,2020-01-01 13:00,263.5825726941563,3.688968456340731
P01,1 SKY ONLY,Pallas,14,2020-01-01 14:00 UTC+00:00,2020-01-01 14:00,263.5980384901751,3.689876109974592
P01,1 SKY ONLY,Pallas,15,2020-01-01 15:00 UTC+00:00,2020-01-01 15:00,263.6135178915777,3.690785558184828
P01,1 SKY ONLY,Pallas,16,2020-01-01 16:00 UTC+00:00,2020-01-01 16:00,263.6290156978321,3.691697084568815
P01,1 SKY ONLY,Pallas,17,2020-01-01 17:00 UTC+00:00,2020-01-01 17:00,263.6445353541495,3.692611045307952
P01,1 SKY ONLY,Pallas,18,2020-01-01 18:00 UTC+00:00,2020-01-01 18:00,263.6600787157032,3.693527844798053
P01,1 SKY ONLY,Pallas,19,2020-01-01 19:00 UTC+00:00,2020-01-01 19:00,263.6756459212802,3.694447908064675
P01,1 SKY ONLY,Pallas,20,2020-01-01 20:00 UTC+00:00,2020-01-01 20:00,263.6912353832486,3.695371651660682
P01,1 SKY ONLY,Pallas,21,2020-01-01 21:00 UTC+00:00,2020-01-01 21:00,263.7068438953874,3.696299455128936
P01,1 SKY ONLY,Pallas,22,2020-01-01 22:00 UTC+00:00,2020-01-01 22:00,263.7224668530409,3.697231635071384
P01,1 SKY ONLY,Pallas,23,2020-01-01 23:00 UTC+00:00,2020-01-01 23:00,263.7380985672474,3.698168423418744
P01,1 SKY ONLY,Pallas,24,2020-01-02 00:00 UTC+00:00,2020-01-02 00:00,263.7537326529396,3.699109951478438
P01,1 SKY ONLY,Pluto,0,2020-01-01 00:00 UTC+00:00,2020-01-01 00:00,293.9977758499696,-22.26661621171728
P01,1 SKY ONLY,Pluto,1,2020-01-01 01:00 UTC+00:00,2020-01-01 01:00,293.9992570580023,-22.26644721023774
P01,1 SKY ONLY,Pluto,2,2020-01-01 02:00 UTC+00:00,2020-01-01 02:00,294.000742407115,-22.2662792122036
P01,1 SKY ONLY,Pluto,3,2020-01-01 03:00 UTC+00:00,2020-01-01 03:00,294.0022309974867,-22.2661125406183
P01,1 SKY ONLY,Pluto,4,2020-01-01 04:00 UTC+00:00,2020-01-01 04:00,294.0037217196888,-22.26594742539483
P01,1 SKY ONLY,Pluto,5,2020-01-01 05:00 UTC+00:00,2020-01-01 05:00,294.0052133305897,-22.26578398761893
P01,1 SKY ONLY,Pluto,6,2020-01-01 06:00 UTC+00:00,2020-01-01 06:00,294.0067045384225,-22.26562223126809
P01,1 SKY ONLY,Pluto,7,2020-01-01 07:00 UTC+00:00,2020-01-01 07:00,294.0081940913358,-22.26546204293728
P01,1 SKY ONLY,Pluto,8,2020-01-01 08:00 UTC+00:00,2020-01-01 08:00,294.0096808630635,-22.26530319962205
P01,1 SKY ONLY,Pluto,9,2020-01-01 09:00 UTC+00:00,2020-01-01 09:00,294.0111639299704,-22.26514538400658
P01,1 SKY ONLY,Pluto,10,2020-01-01 10:00 UTC+00:00,2020-01-01 10:00,294.0126426343961,-22.26498820620055
P01,1 SKY ONLY,Pluto,11,2020-01-01 11:00 UTC+00:00,2020-01-01 11:00,294.0141166296036,-22.26483123046008
P01,1 SKY ONLY,Pluto,12,2020-01-01 12:00 UTC+00:00,2020-01-01 12:00,294.0155859034491,-22.26467400505107
P01,1 SKY ONLY,Pluto,13,2020-01-01 13:00 UTC+00:00,2020-01-01 13:00,294.0170507792558,-22.26451609319054
P01,1 SKY ONLY,Pluto,14,2020-01-01 14:00 UTC+00:00,2020-01-01 14:00,294.0185118935783,-22.26435710298062
P01,1 SKY ONLY,Pluto,15,2020-01-01 15:00 UTC+00:00,2020-01-01 15:00,294.0199701525027,-22.26419671426655
P01,1 SKY ONLY,Pluto,16,2020-01-01 16:00 UTC+00:00,2020-01-01 16:00,294.0214266696258,-22.26403470056385
P01,1 SKY ONLY,Pluto,17,2020-01-01 17:00 UTC+00:00,2020-01-01 17:00,294.0228826896659,-22.26387094458261
P01,1 SKY ONLY,Pluto,18,2020-01-01 18:00 UTC+00:00,2020-01-01 18:00,294.0243395031189,-22.26370544627454
P01,1 SKY ONLY,Pluto,19,2020-01-01 19:00 UTC+00:00,2020-01-01 19:00,294.025798357885,-22.2635383228275
P01,1 SKY ONLY,Pluto,20,2020-01-01 20:00 UTC+00:00,2020-01-01 20:00,294.0272603737055,-22.2633698006489
P01,1 SKY ONLY,Pluto,21,2020-01-01 21:00 UTC+00:00,2020-01-01 21:00,294.0287264653562,-22.26320019986432
P01,1 SKY ONLY,Pluto,22,2020-01-01 22:00 UTC+00:00,2020-01-01 22:00,294.0301972800368,-22.26302991238128
P01,1 SKY ONLY,Pluto,23,2020-01-01 23:00 UTC+00:00,2020-01-01 23:00,294.0316731529453,-22.26285937505165
P01,1 SKY ONLY,Pluto,24,2020-01-02 00:00 UTC+00:00,2020-01-02 00:00,294.0331540842263,-22.2626890397569
P01,1 SKY ONLY,Rahu,0,2020-01-01 00:00 UTC+00:00,2020-01-01 00:00,98.83141314081864,23.18836487812382
P01,1 SKY ONLY,Rahu,1,2020-01-01 01:00 UTC+00:00,2020-01-01 01:00,98.83128776865199,23.18837191343244
P01,1 SKY ONLY,Rahu,2,2020-01-01 02:00 UTC+00:00,2020-01-01 02:00,98.8311610470961,23.18837902451713
P01,1 SKY ONLY,Rahu,3,2020-01-01 03:00 UTC+00:00,2020-01-01 03:00,98.83103310557043,23.18838620409745
P01,1 SKY ONLY,Rahu,4,2020-01-01 04:00 UTC+00:00,2020-01-01 04:00,98.83090407550759,23.18839344478024
P01,1 SKY ONLY,Rahu,5,2020-01-01 05:00 UTC+00:00,2020-01-01 05:00,98.83077409028863,23.18840073906305
P01,1 SKY ONLY,Rahu,6,2020-01-01 06:00 UTC+00:00,2020-01-01 06:00,98.83064328517457,23.18840807933831
P01,1 SKY ONLY,Rahu,7,2020-01-01 07:00 UTC+00:00,2020-01-01 07:00,98.83051179722337,23.18841545789775
P01,1 SKY ONLY,Rahu,8,2020-01-01 08:00 UTC+00:00,2020-01-01 08:00,98.83037976522427,23.18842286693622
P01,1 SKY ONLY,Rahu,9,2020-01-01 09:00 UTC+00:00,2020-01-01 09:00,98.83024732962447,23.18843029855582
P01,1 SKY ONLY,Rahu,10,2020-01-01 10:00 UTC+00:00,2020-01-01 10:00,98.83011463243909,23.188437744771
P01,1 SKY ONLY,Rahu,11,2020-01-01 11:00 UTC+00:00,2020-01-01 11:00,98.82998181718618,23.18844519751216
P01,1 SKY ONLY,Rahu,12,2020-01-01 12:00 UTC+00:00,2020-01-01 12:00,98.82984902881226,23.18845264862983
P01,1 SKY ONLY,Rahu,13,2020-01-01 13:00 UTC+00:00,2020-01-01 13:00,98.82971641359737,23.18846008990016
P01,1 SKY ONLY,Rahu,14,2020-01-01 14:00 UTC+00:00,2020-01-01 14:00,98.82958411908943,23.1884675130284
P01,1 SKY ONLY,Rahu,15,2020-01-01 15:00 UTC+00:00,2020-01-01 15:00,98.82945229401739,23.18847490965399
P01,1 SKY ONLY,Rahu,16,2020-01-01 16:00 UTC+00:00,2020-01-01 16:00,98.8293210882096,23.18848227135503
P01,1 SKY ONLY,Rahu,17,2020-01-01 17:00 UTC+00:00,2020-01-01 17:00,98.82919065251511,23.1884895896527
P01,1 SKY ONLY,Rahu,18,2020-01-01 18:00 UTC+00:00,2020-01-01 18:00,98.8290611387194,23.18849685601607
P01,1 SKY ONLY,Rahu,19,2020-01-01 19:00 UTC+00:00,2020-01-01 19:00,98.82893269945487,23.18850406186709
P01,1 SKY ONLY,Rahu,20,2020-01-01 20:00 UTC+00:00,2020-01-01 20:00,98.82880548812432,23.18851119858482
P01,1 SKY ONLY,Rahu,21,2020-01-01 21:00 UTC+00:00,2020-01-01 21:00,98.82867965881587,23.18851825751033
P01,1 SKY ONLY,Rahu,22,2020-01-01 22:00 UTC+00:00,2020-01-01 22:00,98.82855536621065,23.1885252299518
P01,1 SKY ONLY,Rahu,23,2020-01-01 23:00 UTC+00:00,2020-01-01 23:00,98.82843276549897,23.18853210718923
P01,1 SKY ONLY,Rahu,24,2020-01-02 00:00 UTC+00:00,2020-01-02 00:00,98.82831201230387,23.18853888047869
P01,1 SKY ONLY,Regulus,0,2020-01-01 00:00 UTC+00:00,2020-01-01 00:00,152.095140982681,11.96588957825952
P01,1 SKY ONLY,Regulus,1,2020-01-01 01:00 UTC+00:00,2020-01-01 01:00,152.0951543496145,11.96589038768365
P01,1 SKY ONLY,Regulus,2,2020-01-01 02:00 UTC+00:00,2020-01-01 02:00,152.0951648922341,11.96589166664377
P01,1 SKY ONLY,Regulus,3,2020-01-01 03:00 UTC+00:00,2020-01-01 03:00,152.09517209945,11.96589325120577
P01,1 SKY ONLY,Regulus,4,2020-01-01 04:00 UTC+00:00,2020-01-01 04:00,152.0951756885712,11.96589495654893
P01,1 SKY ONLY,Regulus,5,2020-01-01 05:00 UTC+00:00,2020-01-01 05:00,152.0951756246751,11.96589658962983
P01,1 SKY ONLY,Regulus,6,2020-01-01 06:00 UTC+00:00,2020-01-01 06:00,152.0951721230006,11.96589796240949
P01,1 SKY ONLY,Regulus,7,2020-01-01 07:00 UTC+00:00,2020-01-01 07:00,152.0951656342005,11.96589890473805
P01,1 SKY ONLY,Regulus,8,2020-01-01 08:00 UTC+00:00,2020-01-01 08:00,152.0951568134628,11.96589927601348
P01,1 SKY ONLY,Regulus,9,2020-01-01 09:00 UTC+00:00,2020-01-01 09:00,152.0951464756176,11.96589897481579
P01,1 SKY ONLY,Regulus,10,2020-01-01 10:00 UTC+00:00,2020-01-01 10:00,152.0951355393045,11.96589794585652
P01,1 SKY ONLY,Regulus,11,2020-01-01 11:00 UTC+00:00,2020-01-01 11:00,152.0951249640266,11.9658961837671
P01,1 SKY ONLY,Regulus,12,2020-01-01 12:00 UTC+00:00,2020-01-01 12:00,152.0951156844066,11.96589373346687
P01,1 SKY ONLY,Regulus,13,2020-01-01 13:00 UTC+00:00,2020-01-01 13:00,152.0951085461448,11.96589068708506
P01,1 SKY ONLY,Regulus,14,2020-01-01 14:00 UTC+00:00,2020-01-01 14:00,152.0951042480719,11.96588717764804
P01,1 SKY ONLY,Regulus,15,2020-01-01 15:00 UTC+00:00,2020-01-01 15:00,152.0951032942657,11.96588336996447
P01,1 SKY ONLY,Regulus,16,2020-01-01 16:00 UTC+00:00,2020-01-01 16:00,152.0951059595109,11.96587944933223
P01,1 SKY ONLY,Regulus,17,2020-01-01 17:00 UTC+00:00,2020-01-01 17:00,152.0951122704719,11.96587560884189
P01,1 SKY ONLY,Regulus,18,2020-01-01 18:00 UTC+00:00,2020-01-01 18:00,152.0951220038655,11.96587203614645
P01,1 SKY ONLY,Regulus,19,2020-01-01 19:00 UTC+00:00,2020-01-01 19:00,152.0951347017608,11.96586890060315
P01,1 SKY ONLY,Regulus,20,2020-01-01 20:00 UTC+00:00,2020-01-01 20:00,152.0951497029569,11.96586634166944
P01,1 SKY ONLY,Regulus,21,2020-01-01 21:00 UTC+00:00,2020-01-01 21:00,152.0951661882871,11.96586445934764
P01,1 SKY ONLY,Regulus,22,2020-01-01 22:00 UTC+00:00,2020-01-01 22:00,152.0951832367491,11.96586330733275
P01,1 SKY ONLY,Regulus,23,2020-01-01 23:00 UTC+00:00,2020-01-01 23:00,152.0951998886116,11.96586288933358
P01,1 SKY ONLY,Regulus,24,2020-01-02 00:00 UTC+00:00,2020-01-02 00:00,152.0952152111728,11.9658631588186
P01,1 SKY ONLY,Saturn,0,2020-01-01 00:00 UTC+00:00,2020-01-01 00:00,292.8226795629297,-21.72747040619956
P01,1 SKY ONLY,Saturn,1,2020-01-01 01:00 UTC+00:00,2020-01-01 01:00,292.8279051128291,-21.72676185788407
P01,1 SKY ONLY,Saturn,2,2020-01-01 02:00 UTC+00:00,2020-01-01 02:00,292.833134985314,-21.7260563857143
P01,1 SKY ONLY,Saturn,3,2020-01-01 03:00 UTC+00:00,2020-01-01 03:00,292.8383665492663,-21.72535422237591
P01,1 SKY ONLY,Saturn,4,2020-01-01 04:00 UTC+00:00,2020-01-01 04:00,292.8435970847739,-21.72465535817024
P01,1 SKY ONLY,Saturn,5,2020-01-01 05:00 UTC+00:00,2020-01-01 05:00,292.848823969,-21.72395954174337
P01,1 SKY ONLY,Saturn,6,2020-01-01 06:00 UTC+00:00,2020-01-01 06:00,292.854044855571,-21.72326629734031
P01,1 SKY ONLY,Saturn,7,2020-01-01 07:00 UTC+00:00,2020-01-01 07:00,292.8592578353868,-21.72257495737064
P01,1 SKY ONLY,Saturn,8,2020-01-01 08:00 UTC+00:00,2020-01-01 08:00,292.8644615671076,-21.72188470816
P01,1 SKY ONLY,Saturn,9,2020-01-01 09:00 UTC+00:00,2020-01-01 09:00,292.869655368659,-21.72119464571146
P01,1 SKY ONLY,Saturn,10,2020-01-01 10:00 UTC+00:00,2020-01-01 10:00,292.8748392641468,-21.72050383757534
P01,1 SKY ONLY,Saturn,11,2020-01-01 11:00 UTC+00:00,2020-01-01 11:00,292.8800139819605,-21.71981138672605
P01,1 SKY ONLY,Saturn,12,2020-01-01 12:00 UTC+00:00,2020-01-01 12:00,292.8851809045501,-21.71911649301924
P01,1 SKY ONLY,Saturn,13,2020-01-01 13:00 UTC+00:00,2020-01-01 13:00,292.8903419740336,-21.71841850793333
P01,1 SKY ONLY,Saturn,14,2020-01-01 14:00 UTC+00:00,2020-01-01 14:00,292.8954995588714,-21.71771697900346
P01,1 SKY ONLY,Saturn,15,2020-01-01 15:00 UTC+00:00,2020-01-01 15:00,292.900656291473,-21.71701168081582
P01,1 SKY ONLY,Saturn,16,2020-01-01 16:00 UTC+00:00,2020-01-01 16:00,292.9058148881093,-21.71630263039739
P01,1 SKY ONLY,Saturn,17,2020-01-01 17:00 UTC+00:00,2020-01-01 17:00,292.910977962702,-21.71559008605969
P01,1 SKY ONLY,Saturn,18,2020-01-01 18:00 UTC+00:00,2020-01-01 18:00,292.9161478475254,-21.71487452973369
P01,1 SKY ONLY,Saturn,19,2020-01-01 19:00 UTC+00:00,2020-01-01 19:00,292.9213264338109,-21.71415663391286
P01,1 SKY ONLY,Saturn,20,2020-01-01 20:00 UTC+00:00,2020-01-01 20:00,292.9265150419458,-21.71343721563287
P01,1 SKY ONLY,Saturn,21,2020-01-01 21:00 UTC+00:00,2020-01-01 21:00,292.9317143308155,-21.71271718055397
P01,1 SKY ONLY,Saturn,22,2020-01-01 22:00 UTC+00:00,2020-01-01 22:00,292.9369242529914,-21.71199746090628
P01,1 SKY ONLY,Saturn,23,2020-01-01 23:00 UTC+00:00,2020-01-01 23:00,292.9421440576799,-21.71127895170218
P01,1 SKY ONLY,Saturn,24,2020-01-02 00:00 UTC+00:00,2020-01-02 00:00,292.9473723418767,-21.710562449499
P01,1 SKY ONLY,Sun,0,2020-01-01 00:00 UTC+00:00,2020-01-01 00:00,280.5908914593855,-23.08096542079109
P01,1 SKY ONLY,Sun,1,2020-01-01 01:00 UTC+00:00,2020-01-01 01:00,280.6373536781003,-23.07786091688476
P01,1 SKY ONLY,Sun,2,2020-01-01 02:00 UTC+00:00,2020-01-01 02:00,280.6837953892248,-23.07478152012544
P01,1 SKY ONLY,Sun,3,2020-01-01 03:00 UTC+00:00,2020-01-01 03:00,280.7301895634788,-23.07172415909271
P01,1 SKY ONLY,Sun,4,2020-01-01 04:00 UTC+00:00,2020-01-01 04:00,280.7765122602227,-23.06868335379406
P01,1 SKY ONLY,Sun,5,2020-01-01 05:00 UTC+00:00,2020-01-01 05:00,280.8227442553052,-23.06565158949857
P01,1 SKY ONLY,Sun,6,2020-01-01 06:00 UTC+00:00,2020-01-01 06:00,280.8688723479333,-23.06261982899782
P01,1 SKY ONLY,Sun,7,2020-01-01 07:00 UTC+00:00,2020-01-01 07:00,280.9148902621422,-23.05957812818288
P01,1 SKY ONLY,Sun,8,2020-01-01 08:00 UTC+00:00,2020-01-01 08:00,280.9607990722595,-23.05651631362939
P01,1 SKY ONLY,Sun,9,2020-01-01 09:00 UTC+00:00,2020-01-01 09:00,281.0066071278504,-23.05342467577418
P01,1 SKY ONLY,Sun,10,2020-01-01 10:00 UTC+00:00,2020-01-01 10:00,281.0523294875946,-23.05029463016065
P01,1 SKY ONLY,Sun,11,2020-01-01 11:00 UTC+00:00,2020-01-01 11:00,281.0979868915047,-23.04711930228907
P01,1 SKY ONLY,Sun,12,2020-01-01 12:00 UTC+00:00,2020-01-01 12:00,281.1436043460094,-23.04389399588476
P01,1 SKY ONLY,Sun,13,2020-01-01 13:00 UTC+00:00,2020-01-01 13:00,281.1892094227043,-23.04061651234748
P01,1 SKY ONLY,Sun,14,2020-01-01 14:00 UTC+00:00,2020-01-01 14:00,281.2348303778143,-23.03728730020938
P01,1 SKY ONLY,Sun,15,2020-01-01 15:00 UTC+00:00,2020-01-01 15:00,281.280494225066,-23.03390942414493
P01,1 SKY ONLY,Sun,16,2020-01-01 16:00 UTC+00:00,2020-01-01 16:00,281.3262248978677,-23.0304883553606
P01,1 SKY ONLY,Sun,17,2020-01-01 17:00 UTC+00:00,2020-01-01 17:00,281.3720416171038,-23.02703159838117
P01,1 SKY ONLY,Sun,18,2020-01-01 18:00 UTC+00:00,2020-01-01 18:00,281.4179575802717,-23.02354817946857
P01,1 SKY ONLY,Sun,19,2020-01-01 19:00 UTC+00:00,2020-01-01 19:00,281.4639790656632,-23.02004803125416
P01,1 SKY ONLY,Sun,20,2020-01-01 20:00 UTC+00:00,2020-01-01 20:00,281.5101050035206,-23.01654131628318
P01,1 SKY ONLY,Sun,21,2020-01-01 21:00 UTC+00:00,2020-01-01 21:00,281.5563270476659,-23.0130377352457
P01,1 SKY ONLY,Sun,22,2020-01-01 22:00 UTC+00:00,2020-01-01 22:00,281.602630147098,-23.00954586665233
P01,1 SKY ONLY,Sun,23,2020-01-01 23:00 UTC+00:00,2020-01-01 23:00,281.648993569421,-23.00607258355408
P01,1 SKY ONLY,Sun,24,2020-01-02 00:00 UTC+00:00,2020-01-02 00:00,281.6953923107882,-23.00262258660169
P01,1 SKY ONLY,Uranus,0,2020-01-01 00:00 UTC+00:00,2020-01-01 00:00,30.40256695911876,11.84774722263718
P01,1 SKY ONLY,Uranus,1,2020-01-01 01:00 UTC+00:00,2020-01-01 01:00,30.40219080748354,11.84763954486273
P01,1 SKY ONLY,Uranus,2,2020-01-01 02:00 UTC+00:00,2020-01-01 02:00,30.40182069951702,11.84753150021357
P01,1 SKY ONLY,Uranus,3,2020-01-01 03:00 UTC+00:00,2020-01-01 03:00,30.4014576058945,11.84742336317998
P01,1 SKY ONLY,Uranus,4,2020-01-01 04:00 UTC+00:00,2020-01-01 04:00,30.40110211363363,11.84731544950344
P01,1 SKY ONLY,Uranus,5,2020-01-01 05:00 UTC+00:00,2020-01-01 05:00,30.4007543859174,11.84720809454811
P01,1 SKY ONLY,Uranus,6,2020-01-01 06:00 UTC+00:00,2020-01-01 06:00,30.40041415097481,11.84710163033696
P01,1 SKY ONLY,Uranus,7,2020-01-01 07:00 UTC+00:00,2020-01-01 07:00,30.40008072070799,11.84699636280016
P01,1 SKY ONLY,Uranus,8,2020-01-01 08:00 UTC+00:00,2020-01-01 08:00,30.39975303790017,11.84689255083244
P01,1 SKY ONLY,Uranus,9,2020-01-01 09:00 UTC+00:00,2020-01-01 09:00,30.39942974866938,11.84679038855945
P01,1 SKY ONLY,Uranus,10,2020-01-01 10:00 UTC+00:00,2020-01-01 10:00,30.3991092952548,11.84668999204848
P01,1 SKY ONLY,Uranus,11,2020-01-01 11:00 UTC+00:00,2020-01-01 11:00,30.3987900227702,11.84659139136697
P01,1 SKY ONLY,Uranus,12,2020-01-01 12:00 UTC+00:00,2020-01-01 12:00,30.39847029262285,11.84649452854009
P01,1 SKY ONLY,Uranus,13,2020-01-01 13:00 UTC+00:00,2020-01-01 13:00,30.39814859475257,11.84639926151952
P01,1 SKY ONLY,Uranus,14,2020-01-01 14:00 UTC+00:00,2020-01-01 14:00,30.39782365115317,11.84630537394491
P01,1 SKY ONLY,Uranus,15,2020-01-01 15:00 UTC+00:00,2020-01-01 15:00,30.39749450339378,11.8462125899596
P01,1 SKY ONLY,Uranus,16,2020-01-01 16:00 UTC+00:00,2020-01-01 16:00,30.39716057830704,11.84612059312846
P01,1 SKY ONLY,Uranus,17,2020-01-01 17:00 UTC+00:00,2020-01-01 17:00,30.39682172725701,11.84602904812449
P01,1 SKY ONLY,Uranus,18,2020-01-01 18:00 UTC+00:00,2020-01-01 18:00,30.3964782363302,11.84593762371179
P01,1 SKY ONLY,Uranus,19,2020-01-01 19:00 UTC+00:00,2020-01-01 19:00,30.39613080669375,11.84584601543306
P01,1 SKY ONLY,Uranus,20,2020-01-01 20:00 UTC+00:00,2020-01-01 20:00,30.39578050660232,11.84575396649005
P01,1 SKY ONLY,Uranus,21,2020-01-01 21:00 UTC+00:00,2020-01-01 21:00,30.39542869817457,11.84566128532686
P01,1 SKY ONLY,Uranus,22,2020-01-01 22:00 UTC+00:00,2020-01-01 22:00,30.39507694408785,11.84556785876419
P01,1 SKY ONLY,Uranus,23,2020-01-01 23:00 UTC+00:00,2020-01-01 23:00,30.39472690050144,11.84547365974655
P01,1 SKY ONLY,Uranus,24,2020-01-02 00:00 UTC+00:00,2020-01-02 00:00,30.39438020362197,11.84537874920296
P01,1 SKY ONLY,Venus,0,2020-01-01 00:00 UTC+00:00,2020-01-01 00:00,317.1594793513029,-18.34730972334846
P01,1 SKY ONLY,Venus,1,2020-01-01 01:00 UTC+00:00,2020-01-01 01:00,317.2110592561987,-18.33202627803231
P01,1 SKY ONLY,Venus,2,2020-01-01 02:00 UTC+00:00,2020-01-01 02:00,317.2626658561923,-18.31674987156353
P01,1 SKY ONLY,Venus,3,2020-01-01 03:00 UTC+00:00,2020-01-01 03:00,317.3142793385009,-18.30148259412673
P01,1 SKY ONLY,Venus,4,2020-01-01 04:00 UTC+00:00,2020-01-01 04:00,317.3658786934763,-18.28622493563538
P01,1 SKY ONLY,Venus,5,2020-01-01 05:00 UTC+00:00,2020-01-01 05:00,317.4174431455363,-18.27097575509669
P01,1 SKY ONLY,Venus,6,2020-01-01 06:00 UTC+00:00,2020-01-01 06:00,317.4689535620185,-18.25573236268766
P01,1 SKY ONLY,Venus,7,2020-01-01 07:00 UTC+00:00,2020-01-01 07:00,317.5203937615369,-18.24049070390546
P01,1 SKY ONLY,Venus,8,2020-01-01 08:00 UTC+00:00,2020-01-01 08:00,317.5717516127699,-18.22524563892008
P01,1 SKY ONLY,Venus,9,2020-01-01 09:00 UTC+00:00,2020-01-01 09:00,317.6230198590371,-18.20999129512698
P01,1 SKY ONLY,Venus,10,2020-01-01 10:00 UTC+00:00,2020-01-01 10:00,317.674196618264,-18.19472146713155
P01,1 SKY ONLY,Venus,11,2020-01-01 11:00 UTC+00:00,2020-01-01 11:00,317.7252855095725,-18.17943004118329
P01,1 SKY ONLY,Venus,12,2020-01-01 12:00 UTC+00:00,2020-01-01 12:00,317.7762954067864,-18.1641114125275
P01,1 SKY ONLY,Venus,13,2020-01-01 13:00 UTC+00:00,2020-01-01 13:00,317.8272398393964,-18.1487608660873
P01,1 SKY ONLY,Venus,14,2020-01-01 14:00 UTC+00:00,2020-01-01 14:00,317.8781360697356,-18.13337489810907
P01,1 SKY ONLY,Venus,15,2020-01-01 15:00 UTC+00:00,2020-01-01 15:00,317.9290039189383,-18.1179514540789
P01,1 SKY ONLY,Venus,16,2020-01-01 16:00 UTC+00:00,2020-01-01 16:00,317.9798644188718,-18.10249006745904
P01,1 SKY ONLY,Venus,17,2020-01-01 17:00 UTC+00:00,2020-01-01 17:00,318.0307383805743,-18.08699189044358
P01,1 SKY ONLY,Venus,18,2020-01-01 18:00 UTC+00:00,2020-01-01 18:00,318.0816449743275,-18.07145961539072
P01,1 SKY ONLY,Venus,19,2020-01-01 19:00 UTC+00:00,2020-01-01 19:00,318.1326004291597,-18.05589728915142
P01,1 SKY ONLY,Venus,20,2020-01-01 20:00 UTC+00:00,2020-01-01 20:00,318.1836169237861,-18.04031003803676
P01,1 SKY ONLY,Venus,21,2020-01-01 21:00 UTC+00:00,2020-01-01 21:00,318.2347017563773,-18.02470371881143
P01,1 SKY ONLY,Venus,22,2020-01-01 22:00 UTC+00:00,2020-01-01 22:00,318.2858568510065,-18.00908451910531
P01,1 SKY ONLY,Venus,23,2020-01-01 23:00 UTC+00:00,2020-01-01 23:00,318.3370786230331,-17.99345853795471
P01,1 SKY ONLY,Venus,24,2020-01-02 00:00 UTC+00:00,2020-01-02 00:00,318.3883582209721,-17.97783137254986
P01,1 SKY ONLY,Vesta,0,2020-01-01 00:00 UTC+00:00,2020-01-01 00:00,41.43736002853041,9.121572699687013
P01,1 SKY ONLY,Vesta,1,2020-01-01 01:00 UTC+00:00,2020-01-01 01:00,41.43700439776374,9.124429029206713
P01,1 SKY ONLY,Vesta,2,2020-01-01 02:00 UTC+00:00,2020-01-01 02:00,41.43670941597029,9.12728543540218
P01,1 SKY ONLY,Vesta,3,2020-01-01 03:00 UTC+00:00,2020-01-01 03:00,41.43647871162037,9.13014401361589
P01,1 SKY ONLY,Vesta,4,2020-01-01 04:00 UTC+00:00,2020-01-01 04:00,41.43631234717454,9.133006933882326
P01,1 SKY ONLY,Vesta,5,2020-01-01 05:00 UTC+00:00,2020-01-01 05:00,41.43620681681088,9.135876292080182
P01,1 SKY ONLY,Vesta,6,2020-01-01 06:00 UTC+00:00,2020-01-01 06:00,41.43615528801406,9.138753965977347
P01,1 SKY ONLY,Vesta,7,2020-01-01 07:00 UTC+00:00,2020-01-01 07:00,41.43614807084157,9.141641486490615
P01,1 SKY ONLY,Vesta,8,2020-01-01 08:00 UTC+00:00,2020-01-01 08:00,41.43617328336671,9.144539932699862
P01,1 SKY ONLY,Vesta,9,2020-01-01 09:00 UTC+00:00,2020-01-01 09:00,41.4362176660828,9.147449857512067
P01,1 SKY ONLY,Vesta,10,2020-01-01 10:00 UTC+00:00,2020-01-01 10:00,41.43626749033432,9.150371249684431
P01,1 SKY ONLY,Vesta,11,2020-01-01 11:00 UTC+00:00,2020-01-01 11:00,41.43630949827607,9.153303534139024
P01,1 SKY ONLY,Vesta,12,2020-01-01 12:00 UTC+00:00,2020-01-01 12:00,41.43633181124663,9.156245611310036
P01,1 SKY ONLY,Vesta,13,2020-01-01 13:00 UTC+00:00,2020-01-01 13:00,41.43632474151708,9.159195932039433
P01,1 SKY ONLY,Vesta,14,2020-01-01 14:00 UTC+00:00,2020-01-01 14:00,41.4362814550111,9.162152603511178
P01,1 SKY ONLY,Vesta,15,2020-01-01 15:00 UTC+00:00,2020-01-01 15:00,41.43619843766417,9.165113518503917
P01,1 SKY ONLY,Vesta,16,2020-01-01 16:00 UTC+00:00,2020-01-01 16:00,41.43607573469784,9.168076499841243
P01,1 SKY ONLY,Vesta,17,2020-01-01 17:00 UTC+00:00,2020-01-01 17:00,41.43591694510636,9.171039449047152
P01,1 SKY ONLY,Vesta,18,2020-01-01 18:00 UTC+00:00,2020-01-01 18:00,41.43572897373713,9.17400049001917
P01,1 SKY ONLY,Vesta,19,2020-01-01 19:00 UTC+00:00,2020-01-01 19:00,41.43552155609483,9.176958097457135
P01,1 SKY ONLY,Vesta,20,2020-01-01 20:00 UTC+00:00,2020-01-01 20:00,41.43530659046605,9.17991120136582
P01,1 SKY ONLY,Vesta,21,2020-01-01 21:00 UTC+00:00,2020-01-01 21:00,41.43509732091518,9.182859259901349
P01,1 SKY ONLY,Vesta,22,2020-01-01 22:00 UTC+00:00,2020-01-01 22:00,41.43490742972278,9.185802296798403
P01,1 SKY ONLY,Vesta,23,2020-01-01 23:00 UTC+00:00,2020-01-01 23:00,41.43475009874525,9.188740899178498
P01,1 SKY ONLY,Vesta,24,2020-01-02 00:00 UTC+00:00,2020-01-02 00:00,41.43463710772668,9.191676177555838
P01,1 SKY ONLY,equator,0,2020-01-01 00:00 UTC+00:00,2020-01-01 00:00,,0
P01,1 SKY ONLY,equator,1,2020-01-01 01:00 UTC+00:00,2020-01-01 01:00,,0
P01,1 SKY ONLY,equator,2,2020-01-01 02:00 UTC+00:00,2020-01-01 02:00,,0
P01,1 SKY ONLY,equator,3,2020-01-01 03:00 UTC+00:00,2020-01-01 03:00,,0
P01,1 SKY ONLY,equator,4,2020-01-01 04:00 UTC+00:00,2020-01-01 04:00,,0
P01,1 SKY ONLY,equator,5,2020-01-01 05:00 UTC+00:00,2020-01-01 05:00,,0
P01,1 SKY ONLY,equator,6,2020-01-01 06:00 UTC+00:00,2020-01-01 06:00,,0
P01,1 SKY ONLY,equator,7,2020-01-01 07:00 UTC+00:00,2020-01-01 07:00,,0
P01,1 SKY ONLY,equator,8,2020-01-01 08:00 UTC+00:00,2020-01-01 08:00,,0
P01,1 SKY ONLY,equator,9,2020-01-01 09:00 UTC+00:00,2020-01-01 09:00,,0
P01,1 SKY ONLY,equator,10,2020-01-01 10:00 UTC+00:00,2020-01-01 10:00,,0
P01,1 SKY ONLY,equator,11,2020-01-01 11:00 UTC+00:00,2020-01-01 11:00,,0
P01,1 SKY ONLY,equator,12,2020-01-01 12:00 UTC+00:00,2020-01-01 12:00,,0
P01,1 SKY ONLY,equator,13,2020-01-01 13:00 UTC+00:00,2020-01-01 13:00,,0
P01,1 SKY ONLY,equator,14,2020-01-01 14:00 UTC+00:00,2020-01-01 14:00,,0
P01,1 SKY ONLY,equator,15,2020-01-01 15:00 UTC+00:00,2020-01-01 15:00,,0
P01,1 SKY ONLY,equator,16,2020-01-01 16:00 UTC+00:00,2020-01-01 16:00,,0
P01,1 SKY ONLY,equator,17,2020-01-01 17:00 UTC+00:00,2020-01-01 17:00,,0
P01,1 SKY ONLY,equator,18,2020-01-01 18:00 UTC+00:00,2020-01-01 18:00,,0
P01,1 SKY ONLY,equator,19,2020-01-01 19:00 UTC+00:00,2020-01-01 19:00,,0
P01,1 SKY ONLY,equator,20,2020-01-01 20:00 UTC+00:00,2020-01-01 20:00,,0
P01,1 SKY ONLY,equator,21,2020-01-01 21:00 UTC+00:00,2020-01-01 21:00,,0
P01,1 SKY ONLY,equator,22,2020-01-01 22:00 UTC+00:00,2020-01-01 22:00,,0
P01,1 SKY ONLY,equator,23,2020-01-01 23:00 UTC+00:00,2020-01-01 23:00,,0
P01,1 SKY ONLY,equator,24,2020-01-02 00:00 UTC+00:00,2020-01-02 00:00,,0
P01,1 SKY ONLY,Gonggong,0,2020-01-01 00:00 UTC+00:00,2020-01-01 00:00,335.8493620407959,-12.01116967425014
P01,1 SKY ONLY,Gonggong,1,2020-01-01 01:00 UTC+00:00,2020-01-01 01:00,335.8496363005243,-12.01102634516609
P01,1 SKY ONLY,Gonggong,2,2020-01-01 02:00 UTC+00:00,2020-01-01 02:00,335.8499142643314,-12.01088258279106
P01,1 SKY ONLY,Gonggong,3,2020-01-01 03:00 UTC+00:00,2020-01-01 03:00,335.8501962552067,-12.01073857950042
P01,1 SKY ONLY,Gonggong,4,2020-01-01 04:00 UTC+00:00,2020-01-01 04:00,335.8504823381432,-12.01059453780542
P01,1 SKY ONLY,Gonggong,5,2020-01-01 05:00 UTC+00:00,2020-01-01 05:00,335.8507723156656,-12.01045065648804
P01,1 SKY ONLY,Gonggong,6,2020-01-01 06:00 UTC+00:00,2020-01-01 06:00,335.8510657413418,-12.01030711698889
P01,1 SKY ONLY,Gonggong,7,2020-01-01 07:00 UTC+00:00,2020-01-01 07:00,335.8513619503786,-12.01016407097332
P01,1 SKY ONLY,Gonggong,8,2020-01-01 08:00 UTC+00:00,2020-01-01 08:00,335.8516601051523,-12.01002162994826
P01,1 SKY ONLY,Gonggong,9,2020-01-01 09:00 UTC+00:00,2020-01-01 09:00,335.8519592525788,-12.00987985763316
P01,1 SKY ONLY,Gonggong,10,2020-01-01 10:00 UTC+00:00,2020-01-01 10:00,335.8522583894236,-12.00973876559073
P01,1 SKY ONLY,Gonggong,11,2020-01-01 11:00 UTC+00:00,2020-01-01 11:00,335.8525565310199,-12.00959831244517
P01,1 SKY ONLY,Gonggong,12,2020-01-01 12:00 UTC+00:00,2020-01-01 12:00,335.8528527787119,-12.00945840672692
P01,1 SKY ONLY,Gonggong,13,2020-01-01 13:00 UTC+00:00,2020-01-01 13:00,335.8531463814367,-12.00931891313644
P01,1 SKY ONLY,Gonggong,14,2020-01-01 14:00 UTC+00:00,2020-01-01 14:00,335.8534367871624,-12.00917966182451
P01,1 SKY ONLY,Gonggong,15,2020-01-01 15:00 UTC+00:00,2020-01-01 15:00,335.853723680692,-12.0090404600383
P01,1 SKY ONLY,Gonggong,16,2020-01-01 16:00 UTC+00:00,2020-01-01 16:00,335.8540070052663,-12.00890110532481
P01,1 SKY ONLY,Gonggong,17,2020-01-01 17:00 UTC+00:00,2020-01-01 17:00,335.8542869664322,-12.00876139941107
P01,1 SKY ONLY,Gonggong,18,2020-01-01 18:00 UTC+00:00,2020-01-01 18:00,335.85456401794,-12.00862116179736
P01,1 SKY ONLY,Gonggong,19,2020-01-01 19:00 UTC+00:00,2020-01-01 19:00,335.8548388306607,-12.00848024211967
P01,1 SKY ONLY,Gonggong,20,2020-01-01 20:00 UTC+00:00,2020-01-01 20:00,335.8551122466004,-12.00833853045997
P01,1 SKY ONLY,Gonggong,21,2020-01-01 21:00 UTC+00:00,2020-01-01 21:00,335.8553852211884,-12.00819596488606
P01,1 SKY ONLY,Gonggong,22,2020-01-01 22:00 UTC+00:00,2020-01-01 22:00,335.8556587578225,-12.00805253568819
P01,1 SKY ONLY,Gonggong,23,2020-01-01 23:00 UTC+00:00,2020-01-01 23:00,335.8559338390975,-12.00790828605328
P01,1 SKY ONLY,Gonggong,24,2020-01-02 00:00 UTC+00:00,2020-01-02 00:00,335.8562113594643,-12.00776330911204
P01,1 SKY ONLY,Haumea,0,2020-01-01 00:00 UTC+00:00,2020-01-01 00:00,215.5401328128076,15.52737628897538
P01,1 SKY ONLY,Haumea,1,2020-01-01 01:00 UTC+00:00,2020-01-01 01:00,215.540635749474,15.52759162912064
P01,1 SKY ONLY,Haumea,2,2020-01-01 02:00 UTC+00:00,2020-01-01 02:00,215.5411370550689,15.52780831306338
P01,1 SKY ONLY,Haumea,3,2020-01-01 03:00 UTC+00:00,2020-01-01 03:00,215.5416357075625,15.52802623117827
P01,1 SKY ONLY,Haumea,4,2020-01-01 04:00 UTC+00:00,2020-01-01 04:00,215.5421308318407,15.52824520946428
P01,1 SKY ONLY,Haumea,5,2020-01-01 05:00 UTC+00:00,2020-01-01 05:00,215.5426217596384,15.52846502144818
P01,1 SKY ONLY,Haumea,6,2020-01-01 06:00 UTC+00:00,2020-01-01 06:00,215.5431080752971,15.52868540368469
P01,1 SKY ONLY,Haumea,7,2020-01-01 07:00 UTC+00:00,2020-01-01 07:00,215.5435896442654,15.5289060738118
P01,1 SKY ONLY,Haumea,8,2020-01-01 08:00 UTC+00:00,2020-01-01 08:00,215.5440666222935,15.52912674987997
P01,1 SKY ONLY,Haumea,9,2020-01-01 09:00 UTC+00:00,2020-01-01 09:00,215.5445394447299,15.52934716965636
P01,1 SKY ONLY,Haumea,10,2020-01-01 10:00 UTC+00:00,2020-01-01 10:00,215.5450087967186,15.52956710859686
P01,1 SKY ONLY,Haumea,11,2020-01-01 11:00 UTC+00:00,2020-01-01 11:00,215.5454755662192,15.52978639521899
P01,1 SKY ONLY,Haumea,12,2020-01-01 12:00 UTC+00:00,2020-01-01 12:00,215.5459407831381,15.53000492283737
P01,1 SKY ONLY,Haumea,13,2020-01-01 13:00 UTC+00:00,2020-01-01 13:00,215.5464055487861,15.53022265687857
P01,1 SKY ONLY,Haumea,14,2020-01-01 14:00 UTC+00:00,2020-01-01 14:00,215.5468709603805,15.53043963723908
P01,1 SKY ONLY,Haumea,15,2020-01-01 15:00 UTC+00:00,2020-01-01 15:00,215.5473380358362,15.53065597553767
P01,1 SKY ONLY,Haumea,16,2020-01-01 16:00 UTC+00:00,2020-01-01 16:00,215.5478076440437,15.53087184747196
P01,1 SKY ONLY,Haumea,17,2020-01-01 17:00 UTC+00:00,2020-01-01 17:00,215.548280445293,15.53108748076885
P01,1 SKY ONLY,Haumea,18,2020-01-01 18:00 UTC+00:00,2020-01-01 18:00,215.5487568460087,15.53130313956365
P01,1 SKY ONLY,Haumea,19,2020-01-01 19:00 UTC+00:00,2020-01-01 19:00,215.5492369709139,15.53151910630908
P01,1 SKY ONLY,Haumea,20,2020-01-01 20:00 UTC+00:00,2020-01-01 20:00,215.5497206544536,15.53173566240599
P01,1 SKY ONLY,Haumea,21,2020-01-01 21:00 UTC+00:00,2020-01-01 21:00,215.55020745211,15.53195306890466
P01,1 SKY ONLY,Haumea,22,2020-01-01 22:00 UTC+00:00,2020-01-01 22:00,215.5506966708703,15.53217154862415
P01,1 SKY ONLY,Haumea,23,2020-01-01 23:00 UTC+00:00,2020-01-01 23:00,215.5511874166848,15.5323912708659
P01,1 SKY ONLY,Haumea,24,2020-01-02 00:00 UTC+00:00,2020-01-02 00:00,215.5516786556905,15.53261233979628
P01,1 SKY ONLY,Makemake,0,2020-01-01 00:00 UTC+00:00,2020-01-01 00:00,197.7169869752383,23.07360225928583
P01,1 SKY ONLY,Makemake,1,2020-01-01 01:00 UTC+00:00,2020-01-01 01:00,197.7172262181721,23.0739054955807
P01,1 SKY ONLY,Makemake,2,2020-01-01 02:00 UTC+00:00,2020-01-01 02:00,197.7174625385811,23.07421031143627
P01,1 SKY ONLY,Makemake,3,2020-01-01 03:00 UTC+00:00,2020-01-01 03:00,197.7176950515787,23.07451644219357
P01,1 SKY ONLY,Makemake,4,2020-01-01 04:00 UTC+00:00,2020-01-01 04:00,197.7179230940999,23.07482354971894
P01,1 SKY ONLY,Makemake,5,2020-01-01 05:00 UTC+00:00,2020-01-01 05:00,197.7181462703258,23.07513124554692
P01,1 SKY ONLY,Makemake,6,2020-01-01 06:00 UTC+00:00,2020-01-01 06:00,197.7183644787936,23.07543911747436
P01,1 SKY ONLY,Makemake,7,2020-01-01 07:00 UTC+00:00,2020-01-01 07:00,197.7185779193632,23.0757467578109
P01,1 SKY ONLY,Makemake,8,2020-01-01 08:00 UTC+00:00,2020-01-01 08:00,197.7187870795143,23.07605379129091
P01,1 SKY ONLY,Makemake,9,2020-01-01 09:00 UTC+00:00,2020-01-01 09:00,197.7189927009347,23.07635990076508
P01,1 SKY ONLY,Makemake,10,2020-01-01 10:00 UTC+00:00,2020-01-01 10:00,197.7191957287071,23.07666484894316
P01,1 SKY ONLY,Makemake,11,2020-01-01 11:00 UTC+00:00,2020-01-01 11:00,197.7193972465486,23.0769684946279
P01,1 SKY ONLY,Makemake,12,2020-01-01 12:00 UTC+00:00,2020-01-01 12:00,197.7195984025346,23.07727080237506
P01,1 SKY ONLY,Makemake,13,2020-01-01 13:00 UTC+00:00,2020-01-01 13:00,197.7198003304451,23.0775718449289
P01,1 SKY ONLY,Makemake,14,2020-01-01 14:00 UTC+00:00,2020-01-01 14:00,197.7200040720644,23.07787179821772
P01,1 SKY ONLY,Makemake,15,2020-01-01 15:00 UTC+00:00,2020-01-01 15:00,197.7202105057815,23.07817092928039
P01,1 SKY ONLY,Makemake,16,2020-01-01 16:00 UTC+00:00,2020-01-01 16:00,197.7204202864115,23.07846957797586
P01,1 SKY ONLY,Makemake,17,2020-01-01 17:00 UTC+00:00,2020-01-01 17:00,197.7206338003155,23.07876813367259
P01,1 SKY ONLY,Makemake,18,2020-01-01 18:00 UTC+00:00,2020-01-01 18:00,197.7208511389064,23.07906700855101
P01,1 SKY ONLY,Makemake,19,2020-01-01 19:00 UTC+00:00,2020-01-01 19:00,197.7210720923981,23.07936660936326
P01,1 SKY ONLY,Makemake,20,2020-01-01 20:00 UTC+00:00,2020-01-01 20:00,197.7212961641625,23.07966730954044
P01,1 SKY ONLY,Makemake,21,2020-01-01 21:00 UTC+00:00,2020-01-01 21:00,197.7215226047456,23.07996942358003
P01,1 SKY ONLY,Makemake,22,2020-01-01 22:00 UTC+00:00,2020-01-01 22:00,197.7217504632266,23.08027318550136
P01,1 SKY ONLY,Makemake,23,2020-01-01 23:00 UTC+00:00,2020-01-01 23:00,197.7219786523639,23.08057873278386
P01,1 SKY ONLY,Makemake,24,2020-01-02 00:00 UTC+00:00,2020-01-02 00:00,197.722206023079,23.08088609692055
P01,1 SKY ONLY,Orcus,0,2020-01-01 00:00 UTC+00:00,2020-01-01 00:00,155.6898391712794,-11.24347517425886
P01,1 SKY ONLY,Orcus,1,2020-01-01 01:00 UTC+00:00,2020-01-01 01:00,155.6894557464261,-11.24361653134968
P01,1 SKY ONLY,Orcus,2,2020-01-01 02:00 UTC+00:00,2020-01-01 02:00,155.6890677083239,-11.24375776977224
P01,1 SKY ONLY,Orcus,3,2020-01-01 03:00 UTC+00:00,2020-01-01 03:00,155.6886749459506,-11.24389867730663
P01,1 SKY ONLY,Orcus,4,2020-01-01 04:00 UTC+00:00,2020-01-01 04:00,155.6882776375681,-11.24403904320568
P01,1 SKY ONLY,Orcus,5,2020-01-01 05:00 UTC+00:00,2020-01-01 05:00,155.6878762385354,-11.24417867262647
P01,1 SKY ONLY,Orcus,6,2020-01-01 06:00 UTC+00:00,2020-01-01 06:00,155.6874714501413,-11.24431739997589
P01,1 SKY ONLY,Orcus,7,2020-01-01 07:00 UTC+00:00,2020-01-01 07:00,155.6870641715413,-11.24445510026454
P01,1 SKY ONLY,Orcus,8,2020-01-01 08:00 UTC+00:00,2020-01-01 08:00,155.6866554381754,-11.2445916976657
P01,1 SKY ONLY,Orcus,9,2020-01-01 09:00 UTC+00:00,2020-01-01 09:00,155.6862463508445,-11.24472717070417
P01,1 SKY ONLY,Orcus,10,2020-01-01 10:00 UTC+00:00,2020-01-01 10:00,155.6858380002712,-11.24486155373635
P01,1 SKY ONLY,Orcus,11,2020-01-01 11:00 UTC+00:00,2020-01-01 11:00,155.6854313923834,-11.24499493458727
P01,1 SKY ONLY,Orcus,12,2020-01-01 12:00 UTC+00:00,2020-01-01 12:00,155.6850273794198,-11.24512744852897
P01,1 SKY ONLY,Orcus,13,2020-01-01 13:00 UTC+00:00,2020-01-01 13:00,155.6846266015128,-11.24525926901334
P01,1 SKY ONLY,Orcus,14,2020-01-01 14:00 UTC+00:00,2020-01-01 14:00,155.6842294428609,-11.24539059578321
P01,1 SKY ONLY,Orcus,15,2020-01-01 15:00 UTC+00:00,2020-01-01 15:00,155.6838360054254,-11.24552164117426
P01,1 SKY ONLY,Orcus,16,2020-01-01 16:00 UTC+00:00,2020-01-01 16:00,155.6834461019353,-11.2456526155698
P01,1 SKY ONLY,Orcus,17,2020-01-01 17:00 UTC+00:00,2020-01-01 17:00,155.6830592687569,-11.24578371297947
P01,1 SKY ONLY,Orcus,18,2020-01-01 18:00 UTC+00:00,2020-01-01 18:00,155.6826747976866,-11.24591509773183
P01,1 SKY ONLY,Orcus,19,2020-01-01 19:00 UTC+00:00,2020-01-01 19:00,155.6822917844774,-11.24604689321998
P01,1 SKY ONLY,Orcus,20,2020-01-01 20:00 UTC+00:00,2020-01-01 20:00,155.6819091908355,-11.24617917343751
P01,1 SKY ONLY,Orcus,21,2020-01-01 21:00 UTC+00:00,2020-01-01 21:00,155.6815259155994,-11.24631195789822
P01,1 SKY ONLY,Orcus,22,2020-01-01 22:00 UTC+00:00,2020-01-01 22:00,155.6811408701918,-11.24644521030235
P01,1 SKY ONLY,Orcus,23,2020-01-01 23:00 UTC+00:00,2020-01-01 23:00,155.6807530532464,-11.24657884101412
P01,1 SKY ONLY,Orcus,24,2020-01-02 00:00 UTC+00:00,2020-01-02 00:00,155.680361619266,-11.24671271319801
P01,1 SKY ONLY,Quaoar,0,2020-01-01 00:00 UTC+00:00,2020-01-01 00:00,273.0177877754145,-15.64091244909964
P01,1 SKY ONLY,Quaoar,1,2020-01-01 01:00 UTC+00:00,2020-01-01 01:00,273.0189324174561,-15.64086934783699
P01,1 SKY ONLY,Quaoar,2,2020-01-01 02:00 UTC+00:00,2020-01-01 02:00,273.0200797144188,-15.64082704637618
P01,1 SKY ONLY,Quaoar,3,2020-01-01 03:00 UTC+00:00,2020-01-01 03:00,273.0212286790211,-15.64078569674324
P01,1 SKY ONLY,Quaoar,4,2020-01-01 04:00 UTC+00:00,2020-01-01 04:00,273.0223782039961,-15.64074537903021
P01,1 SKY ONLY,Quaoar,5,2020-01-01 05:00 UTC+00:00,2020-01-01 05:00,273.0235271378842,-15.64070609591102
P01,1 SKY ONLY,Quaoar,6,2020-01-01 06:00 UTC+00:00,2020-01-01 06:00,273.0246743638424,-15.64066777246114
P01,1 SKY ONLY,Quaoar,7,2020-01-01 07:00 UTC+00:00,2020-01-01 07:00,273.0258188762015,-15.64063026128973
P01,1 SKY ONLY,Quaoar,8,2020-01-01 08:00 UTC+00:00,2020-01-01 08:00,273.0269598492913,-15.64059335263996
P01,1 SKY ONLY,Quaoar,9,2020-01-01 09:00 UTC+00:00,2020-01-01 09:00,273.0280966939336,-15.6405567887621
P01,1 SKY ONLY,Quaoar,10,2020-01-01 10:00 UTC+00:00,2020-01-01 10:00,273.0292290978518,-15.64052028157069
P01,1 SKY ONLY,Quaoar,11,2020-01-01 11:00 UTC+00:00,2020-01-01 11:00,273.0303570469953,-15.64048353238399
P01,1 SKY ONLY,Quaoar,12,2020-01-01 12:00 UTC+00:00,2020-01-01 12:00,273.0314808264205,-15.64044625238932
P01,1 SKY ONLY,Quaoar,13,2020-01-01 13:00 UTC+00:00,2020-01-01 13:00,273.0326010008152,-15.64040818242859
P01,1 SKY ONLY,Quaoar,14,2020-01-01 14:00 UTC+00:00,2020-01-01 14:00,273.0337183757321,-15.64036911075601
P01,1 SKY ONLY,Quaoar,15,2020-01-01 15:00 UTC+00:00,2020-01-01 15:00,273.0348339423323,-15.64032888754756
P01,1 SKY ONLY,Quaoar,16,2020-01-01 16:00 UTC+00:00,2020-01-01 16:00,273.0359488095153,-15.64028743516448
P01,1 SKY ONLY,Quaoar,17,2020-01-01 17:00 UTC+00:00,2020-01-01 17:00,273.0370641278842,-15.64024475347449
P01,1 SKY ONLY,Quaoar,18,2020-01-01 18:00 UTC+00:00,2020-01-01 18:00,273.0381810108391,-15.64020091986379
P01,1 SKY ONLY,Quaoar,19,2020-01-01 19:00 UTC+00:00,2020-01-01 19:00,273.0393004583385,-15.64015608393357
P01,1 SKY ONLY,Quaoar,20,2020-01-01 20:00 UTC+00:00,2020-01-01 20:00,273.0404232883224,-15.64011045725316
P01,1 SKY ONLY,Quaoar,21,2020-01-01 21:00 UTC+00:00,2020-01-01 21:00,273.0415500805981,-15.64006429886823
P01,1 SKY ONLY,Quaoar,22,2020-01-01 22:00 UTC+00:00,2020-01-01 22:00,273.0426811371667,-15.64001789755156
P01,1 SKY ONLY,Quaoar,23,2020-01-01 23:00 UTC+00:00,2020-01-01 23:00,273.04381646145,-15.63997155202222
P01,1 SKY ONLY,Quaoar,24,2020-01-02 00:00 UTC+00:00,2020-01-02 00:00,273.0449557579959,-15.63992555048337
P01,1 SKY ONLY,Sedna,0,2020-01-01 00:00 UTC+00:00,2020-01-01 00:00,57.28397219295128,7.73114130501934
P01,1 SKY ONLY,Sedna,1,2020-01-01 01:00 UTC+00:00,2020-01-01 01:00,57.28364955529942,7.731145425805286
P01,1 SKY ONLY,Sedna,2,2020-01-01 02:00 UTC+00:00,2020-01-01 02:00,57.2833260538423,7.73114916305631
P01,1 SKY ONLY,Sedna,3,2020-01-01 03:00 UTC+00:00,2020-01-01 03:00,57.28300267327464,7.731152496877745
P01,1 SKY ONLY,Sedna,4,2020-01-01 04:00 UTC+00:00,2020-01-01 04:00,57.2826804060328,7.731155442442459
P01,1 SKY ONLY,Sedna,5,2020-01-01 05:00 UTC+00:00,2020-01-01 05:00,57.282360184321,7.731158048952548
P01,1 SKY ONLY,Sedna,6,2020-01-01 06:00 UTC+00:00,2020-01-01 06:00,57.28204281625341,7.731160396266509
P01,1 SKY ONLY,Sedna,7,2020-01-01 07:00 UTC+00:00,2020-01-01 07:00,57.28172893047681,7.7311625894283
P01,1 SKY ONLY,Sedna,8,2020-01-01 08:00 UTC+00:00,2020-01-01 08:00,57.28141893311822,7.73116475146919
P01,1 SKY ONLY,Sedna,9,2020-01-01 09:00 UTC+00:00,2020-01-01 09:00,57.28111297997987,7.731167014977331
P01,1 SKY ONLY,Sedna,10,2020-01-01 10:00 UTC+00:00,2020-01-01 10:00,57.28081096585803,7.731169513013
P01,1 SKY ONLY,Sedna,11,2020-01-01 11:00 UTC+00:00,2020-01-01 11:00,57.28051253177757,7.731172369991268
P01,1 SKY ONLY,Sedna,12,2020-01-01 12:00 UTC+00:00,2020-01-01 12:00,57.28021708960976,7.731175693156352
P01,1 SKY ONLY,Sedna,13,2020-01-01 13:00 UTC+00:00,2020-01-01 13:00,57.27992386236951,7.731179565233991
P01,1 SKY ONLY,Sedna,14,2020-01-01 14:00 UTC+00:00,2020-01-01 14:00,57.27963193747822,7.731184038762867
P01,1 SKY ONLY,Sedna,15,2020-01-01 15:00 UTC+00:00,2020-01-01 15:00,57.27934032931884,7.731189132494637
P01,1 SKY ONLY,Sedna,16,2020-01-01 16:00 UTC+00:00,2020-01-01 16:00,57.27904804676422,7.731194830109013
P01,1 SKY ONLY,Sedna,17,2020-01-01 17:00 UTC+00:00,2020-01-01 17:00,57.27875416111554,7.731201081332284
P01,1 SKY ONLY,Sedna,18,2020-01-01 18:00 UTC+00:00,2020-01-01 18:00,57.27845786976054,7.73120780538197
P01,1 SKY ONLY,Sedna,19,2020-01-01 19:00 UTC+00:00,2020-01-01 19:00,57.27815855116454,7.731214896502483
P01,1 SKY ONLY,Sedna,20,2020-01-01 20:00 UTC+00:00,2020-01-01 20:00,57.2778558074798,7.731222231211051
P01,1 SKY ONLY,Sedna,21,2020-01-01 21:00 UTC+00:00,2020-01-01 21:00,57.27754949183388,7.731229676759509
P01,1 SKY ONLY,Sedna,22,2020-01-01 22:00 UTC+00:00,2020-01-01 22:00,57.2772397183836,7.731237100229991
P01,1 SKY ONLY,Sedna,23,2020-01-01 23:00 UTC+00:00,2020-01-01 23:00,57.27692685451845,7.731244377643307
P01,1 SKY ONLY,Sedna,24,2020-01-02 00:00 UTC+00:00,2020-01-02 00:00,57.27661149570858,7.731251402453403
P01,1 SKY ONLY,Transpluto,0,2020-01-01 00:00 UTC+00:00,2020-01-01 00:00,154.5146561038965,10.56619399423214
P01,1 SKY ONLY,Transpluto,1,2020-01-01 01:00 UTC+00:00,2020-01-01 01:00,154.514440080009,10.56627544879091
P01,1 SKY ONLY,Transpluto,2,2020-01-01 02:00 UTC+00:00,2020-01-01 02:00,154.5142238236417,10.56635699412315
P01,1 SKY ONLY,Transpluto,3,2020-01-01 03:00 UTC+00:00,2020-01-01 03:00,154.5140073347087,10.56643863029571
P01,1 SKY ONLY,Transpluto,4,2020-01-01 04:00 UTC+00:00,2020-01-01 04:00,154.5137906131148,10.56652035737838
P01,1 SKY ONLY,Transpluto,5,2020-01-01 05:00 UTC+00:00,2020-01-01 05:00,154.5135736587639,10.56660217544034
P01,1 SKY ONLY,Transpluto,6,2020-01-01 06:00 UTC+00:00,2020-01-01 06:00,154.5133564715642,10.56668408454846
P01,1 SKY ONLY,Transpluto,7,2020-01-01 07:00 UTC+00:00,2020-01-01 07:00,154.513139051415,10.56676608477204
P01,1 SKY ONLY,Transpluto,8,2020-01-01 08:00 UTC+00:00,2020-01-01 08:00,154.5129213982138,10.56684817618024
P01,1 SKY ONLY,Transpluto,9,2020-01-01 09:00 UTC+00:00,2020-01-01 09:00,154.5127035118639,10.56693035883945
P01,1 SKY ONLY,Transpluto,10,2020-01-01 10:00 UTC+00:00,2020-01-01 10:00,154.5124853922588,10.56701263281863
P01,1 SKY ONLY,Transpluto,11,2020-01-01 11:00 UTC+00:00,2020-01-01 11:00,154.5122670392917,10.56709499818622
P01,1 SKY ONLY,Transpluto,12,2020-01-01 12:00 UTC+00:00,2020-01-01 12:00,154.5120484528605,10.56717745500804
P01,1 SKY ONLY,Transpluto,13,2020-01-01 13:00 UTC+00:00,2020-01-01 13:00,154.5118296328543,10.56726000335246
P01,1 SKY ONLY,Transpluto,14,2020-01-01 14:00 UTC+00:00,2020-01-01 14:00,154.5116105791606,10.56734264328755
P01,1 SKY ONLY,Transpluto,15,2020-01-01 15:00 UTC+00:00,2020-01-01 15:00,154.5113912916727,10.56742537487832
P01,1 SKY ONLY,Transpluto,16,2020-01-01 16:00 UTC+00:00,2020-01-01 16:00,154.511171770275,10.56750819819242
P01,1 SKY ONLY,Transpluto,17,2020-01-01 17:00 UTC+00:00,2020-01-01 17:00,154.5109520148513,10.56759111329691
P01,1 SKY ONLY,Transpluto,18,2020-01-01 18:00 UTC+00:00,2020-01-01 18:00,154.5107320252904,10.5676741202561
P01,1 SKY ONLY,Transpluto,19,2020-01-01 19:00 UTC+00:00,2020-01-01 19:00,154.5105118014724,10.5677572191366
P01,1 SKY ONLY,Transpluto,20,2020-01-01 20:00 UTC+00:00,2020-01-01 20:00,154.5102913432766,10.56784041000483
P01,1 SKY ONLY,Transpluto,21,2020-01-01 21:00 UTC+00:00,2020-01-01 21:00,154.5100706505879,10.56792369292391
P01,1 SKY ONLY,Transpluto,22,2020-01-01 22:00 UTC+00:00,2020-01-01 22:00,154.5098497232823,10.56800706795964
P01,1 SKY ONLY,Transpluto,23,2020-01-01 23:00 UTC+00:00,2020-01-01 23:00,154.5096285612358,10.56809053517692
P01,1 SKY ONLY,Transpluto,24,2020-01-02 00:00 UTC+00:00,2020-01-02 00:00,154.5094071643296,10.56817409463798
P01,1 SKY ONLY,Algol_B,0,2020-01-01 00:00 UTC+00:00,2020-01-01 00:00,47.04699164562054,40.95834749314135
P01,1 SKY ONLY,Algol_B,1,2020-01-01 01:00 UTC+00:00,2020-01-01 01:00,47.04697211526235,40.95835251945946
P01,1 SKY ONLY,Algol_B,2,2020-01-01 02:00 UTC+00:00,2020-01-01 02:00,47.04695060168461,40.95835540167787
P01,1 SKY ONLY,Algol_B,3,2020-01-01 03:00 UTC+00:00,2020-01-01 03:00,47.04692829346734,40.95835595925421
P01,1 SKY ONLY,Algol_B,4,2020-01-01 04:00 UTC+00:00,2020-01-01 04:00,47.04690643347242,40.95835417082884
P01,1 SKY ONLY,Algol_B,5,2020-01-01 05:00 UTC+00:00,2020-01-01 05:00,47.0468862336822,40.95835017568813
P01,1 SKY ONLY,Algol_B,6,2020-01-01 06:00 UTC+00:00,2020-01-01 06:00,47.04686879215586,40.95834426422082
P01,1 SKY ONLY,Algol_B,7,2020-01-01 07:00 UTC+00:00,2020-01-01 07:00,47.04685501778819,40.95833685801993
P01,1 SKY ONLY,Algol_B,8,2020-01-01 08:00 UTC+00:00,2020-01-01 08:00,47.0468455680334,40.95832848099489
P01,1 SKY ONLY,Algol_B,9,2020-01-01 09:00 UTC+00:00,2020-01-01 09:00,47.04684080385725,40.95831972347334
P01,1 SKY ONLY,Algol_B,10,2020-01-01 10:00 UTC+00:00,2020-01-01 10:00,47.04684076500386,40.95831120175117
P01,1 SKY ONLY,Algol_B,11,2020-01-01 11:00 UTC+00:00,2020-01-01 11:00,47.04684516727436,40.95830351586403
P01,1 SKY ONLY,Algol_B,12,2020-01-01 12:00 UTC+00:00,2020-01-01 12:00,47.04685342200045,40.95829720847386
P01,1 SKY ONLY,Algol_B,13,2020-01-01 13:00 UTC+00:00,2020-01-01 13:00,47.04686467638111,40.9582927276853
P01,1 SKY ONLY,Algol_B,14,2020-01-01 14:00 UTC+00:00,2020-01-01 14:00,47.04687787191657,40.95829039634258
P01,1 SKY ONLY,Algol_B,15,2020-01-01 15:00 UTC+00:00,2020-01-01 15:00,47.04689181693603,40.95829038990864
P01,1 SKY ONLY,Algol_B,16,2020-01-01 16:00 UTC+00:00,2020-01-01 16:00,47.04690526825092,40.9582927244425
P01,1 SKY ONLY,Algol_B,17,2020-01-01 17:00 UTC+00:00,2020-01-01 17:00,47.04691701633785,40.95829725549928
P01,1 SKY ONLY,Algol_B,18,2020-01-01 18:00 UTC+00:00,2020-01-01 18:00,47.04692596821294,40.95830368802695
P01,1 SKY ONLY,Algol_B,19,2020-01-01 19:00 UTC+00:00,2020-01-01 19:00,47.0469312223244,40.95831159658332
P01,1 SKY ONLY,Algol_B,20,2020-01-01 20:00 UTC+00:00,2020-01-01 20:00,47.04693213032616,40.95832045448672
P01,1 SKY ONLY,Algol_B,21,2020-01-01 21:00 UTC+00:00,2020-01-01 21:00,47.04692834150327,40.95832966990348
P01,1 SKY ONLY,Algol_B,22,2020-01-01 22:00 UTC+00:00,2020-01-01 22:00,47.04691982680403,40.9583386264006
P01,1 SKY ONLY,Algol_B,23,2020-01-01 23:00 UTC+00:00,2020-01-01 23:00,47.04690688083112,40.95834672518379
P01,1 SKY ONLY,Algol_B,24,2020-01-02 00:00 UTC+00:00,2020-01-02 00:00,47.04689010165747,40.95835342612614
P01,1 SKY ONLY,Pleiades_B,0,2020-01-01 00:00 UTC+00:00,2020-01-01 00:00,56.87600932221495,24.10612820456368
P01,1 SKY ONLY,Pleiades_B,1,2020-01-01 01:00 UTC+00:00,2020-01-01 01:00,56.87599519882202,24.10613157104572
P01,1 SKY ONLY,Pleiades_B,2,2020-01-01 02:00 UTC+00:00,2020-01-01 02:00,56.87597884833074,24.10613372287067
P01,1 SKY ONLY,Pleiades_B,3,2020-01-01 03:00 UTC+00:00,2020-01-01 03:00,56.87596118796296,24.10613448702805
P01,1 SKY ONLY,Pleiades_B,4,2020-01-01 04:00 UTC+00:00,2020-01-01 04:00,56.87594322452387,24.10613378554497
P01,1 SKY ONLY,Pleiades_B,5,2020-01-01 05:00 UTC+00:00,2020-01-01 05:00,56.87592598541536,24.10613164082889
P01,1 SKY ONLY,Pleiades_B,6,2020-01-01 06:00 UTC+00:00,2020-01-01 06:00,56.87591044823994,24.10612817413243
P01,1 SKY ONLY,Pleiades_B,7,2020-01-01 07:00 UTC+00:00,2020-01-01 07:00,56.87589747381354,24.10612359724488
P01,1 SKY ONLY,Pleiades_B,8,2020-01-01 08:00 UTC+00:00,2020-01-01 08:00,56.87588774718333,24.10611819798025
P01,1 SKY ONLY,Pleiades_B,9,2020-01-01 09:00 UTC+00:00,2020-01-01 09:00,56.87588173068882,24.10611232045627
P01,1 SKY ONLY,Pleiades_B,10,2020-01-01 10:00 UTC+00:00,2020-01-01 10:00,56.87587963228225,24.10610634151498
P01,1 SKY ONLY,Pleiades_B,11,2020-01-01 11:00 UTC+00:00,2020-01-01 11:00,56.87588139128081,24.10610064490152
P01,1 SKY ONLY,Pleiades_B,12,2020-01-01 12:00 UTC+00:00,2020-01-01 12:00,56.87588668252518,24.1060955949704
P01,1 SKY ONLY,Pleiades_B,13,2020-01-01 13:00 UTC+00:00,2020-01-01 13:00,56.87589493865981,24.10609151171974
P01,1 SKY ONLY,Pleiades_B,14,2020-01-01 14:00 UTC+00:00,2020-01-01 14:00,56.87590538900879,24.10608864886546
P01,1 SKY ONLY,Pleiades_B,15,2020-01-01 15:00 UTC+00:00,2020-01-01 15:00,56.87591711238196,24.10608717645716
P01,1 SKY ONLY,Pleiades_B,16,2020-01-01 16:00 UTC+00:00,2020-01-01 16:00,56.87592910019522,24.10608716922632
P01,1 SKY ONLY,Pleiades_B,17,2020-01-01 17:00 UTC+00:00,2020-01-01 17:00,56.87594032557872,24.10608860146609
P01,1 SKY ONLY,Pleiades_B,18,2020-01-01 18:00 UTC+00:00,2020-01-01 18:00,56.87594981373618,24.10609134879256
P01,1 SKY ONLY,Pleiades_B,19,2020-01-01 19:00 UTC+00:00,2020-01-01 19:00,56.87595670873904,24.10609519666752
P01,1 SKY ONLY,Pleiades_B,20,2020-01-01 20:00 UTC+00:00,2020-01-01 20:00,56.87596033217406,24.10609985509831
P01,1 SKY ONLY,Pleiades_B,21,2020-01-01 21:00 UTC+00:00,2020-01-01 21:00,56.87596022962826,24.10610497850777
P01,1 SKY ONLY,Pleiades_B,22,2020-01-01 22:00 UTC+00:00,2020-01-01 22:00,56.87595620182601,24.10611018941312
P01,1 SKY ONLY,Pleiades_B,23,2020-01-01 23:00 UTC+00:00,2020-01-01 23:00,56.8759483182838,24.10611510429115
P01,1 SKY ONLY,Pleiades_B,24,2020-01-02 00:00 UTC+00:00,2020-01-02 00:00,56.87593691254796,24.10611935985666
P01,1 SKY ONLY,Aldebaran_B,0,2020-01-01 00:00 UTC+00:00,2020-01-01 00:00,68.9857928407627,16.50870018638475
P01,1 SKY ONLY,Aldebaran_B,1,2020-01-01 01:00 UTC+00:00,2020-01-01 01:00,68.98578230604606,16.50870267694755
P01,1 SKY ONLY,Aldebaran_B,2,2020-01-01 02:00 UTC+00:00,2020-01-01 02:00,68.98576905055069,16.50870446032656
P01,1 SKY ONLY,Aldebaran_B,3,2020-01-01 03:00 UTC+00:00,2020-01-01 03:00,68.98575383494665,16.50870536923144
P01,1 SKY ONLY,Aldebaran_B,4,2020-01-01 04:00 UTC+00:00,2020-01-01 04:00,68.98573755401958,16.50870529627545
P01,1 SKY ONLY,Aldebaran_B,5,2020-01-01 05:00 UTC+00:00,2020-01-01 05:00,68.9857211753598,16.50870420133376
P01,1 SKY ONLY,Aldebaran_B,6,2020-01-01 06:00 UTC+00:00,2020-01-01 06:00,68.98570567306439,16.50870211429292
P01,1 SKY ONLY,Aldebaran_B,7,2020-01-01 07:00 UTC+00:00,2020-01-01 07:00,68.98569196099034,16.50869913300301
P01,1 SKY ONLY,Aldebaran_B,8,2020-01-01 08:00 UTC+00:00,2020-01-01 08:00,68.9856808301378,16.50869541657283
P01,1 SKY ONLY,Aldebaran_B,9,2020-01-01 09:00 UTC+00:00,2020-01-01 09:00,68.98567289445114,16.50869117446788
P01,1 SKY ONLY,Aldebaran_B,10,2020-01-01 10:00 UTC+00:00,2020-01-01 10:00,68.98566854875112,16.50868665215739
P01,1 SKY ONLY,Aldebaran_B,11,2020-01-01 11:00 UTC+00:00,2020-01-01 11:00,68.98566794168273,16.50868211429466
P01,1 SKY ONLY,Aldebaran_B,12,2020-01-01 12:00 UTC+00:00,2020-01-01 12:00,68.9856709655305,16.50867782658347
P01,1 SKY ONLY,Aldebaran_B,13,2020-01-01 13:00 UTC+00:00,2020-01-01 13:00,68.98567726359961,16.50867403757166
P01,1 SKY ONLY,Aldebaran_B,14,2020-01-01 14:00 UTC+00:00,2020-01-01 14:00,68.98568625465721,16.50867096162105
P01,1 SKY ONLY,Aldebaran_B,15,2020-01-01 15:00 UTC+00:00,2020-01-01 15:00,68.98569717275825,16.50866876421972
P01,1 SKY ONLY,Aldebaran_B,16,2020-01-01 16:00 UTC+00:00,2020-01-01 16:00,68.98570911972841,16.50866755064277
P01,1 SKY ONLY,Aldebaran_B,17,2020-01-01 17:00 UTC+00:00,2020-01-01 17:00,68.98572112670725,16.50866735873919
P01,1 SKY ONLY,Aldebaran_B,18,2020-01-01 18:00 UTC+00:00,2020-01-01 18:00,68.98573222053282,16.5086681563386
P01,1 SKY ONLY,Aldebaran_B,19,2020-01-01 19:00 UTC+00:00,2020-01-01 19:00,68.98574149042368,16.50866984345544
P01,1 SKY ONLY,Aldebaran_B,20,2020-01-01 20:00 UTC+00:00,2020-01-01 20:00,68.98574815038496,16.50867225913997
P01,1 SKY ONLY,Aldebaran_B,21,2020-01-01 21:00 UTC+00:00,2020-01-01 21:00,68.98575159306442,16.50867519250629
P01,1 SKY ONLY,Aldebaran_B,22,2020-01-01 22:00 UTC+00:00,2020-01-01 22:00,68.98575143136895,16.50867839718213
P01,1 SKY ONLY,Aldebaran_B,23,2020-01-01 23:00 UTC+00:00,2020-01-01 23:00,68.98574752498823,16.50868160819032
P01,1 SKY ONLY,Aldebaran_B,24,2020-01-02 00:00 UTC+00:00,2020-01-02 00:00,68.98573999000949,16.5086845601046
P01,1 SKY ONLY,Capella_B,0,2020-01-01 00:00 UTC+00:00,2020-01-01 00:00,79.18081563462675,45.99677446549991
P01,1 SKY ONLY,Capella_B,1,2020-01-01 01:00 UTC+00:00,2020-01-01 01:00,79.18080498705554,45.99678477539793
P01,1 SKY ONLY,Capella_B,2,2020-01-01 02:00 UTC+00:00,2020-01-01 02:00,79.18079001495244,45.9967936660265
P01,1 SKY ONLY,Capella_B,3,2020-01-01 03:00 UTC+00:00,2020-01-01 03:00,79.1807716007745,45.99680062621361
P01,1 SKY ONLY,Capella_B,4,2020-01-01 04:00 UTC+00:00,2020-01-01 04:00,79.18075086254137,45.99680527701393
P01,1 SKY ONLY,Capella_B,5,2020-01-01 05:00 UTC+00:00,2020-01-01 05:00,79.18072907722808,45.99680739767429
P01,1 SKY ONLY,Capella_B,6,2020-01-01 06:00 UTC+00:00,2020-01-01 06:00,79.18070759326838,45.99680694075972
P01,1 SKY ONLY,Capella_B,7,2020-01-01 07:00 UTC+00:00,2020-01-01 07:00,79.18068773815705,45.99680403540407
P01,1 SKY ONLY,Capella_B,8,2020-01-01 08:00 UTC+00:00,2020-01-01 08:00,79.18067072749047,45.99679897846134
P01,1 SKY ONLY,Capella_B,9,2020-01-01 09:00 UTC+00:00,2020-01-01 09:00,79.18065758167393,45.99679221416515
P01,1 SKY ONLY,Capella_B,10,2020-01-01 10:00 UTC+00:00,2020-01-01 10:00,79.1806490560027,45.99678430368905
P01,1 SKY ONLY,Capella_B,11,2020-01-01 11:00 UTC+00:00,2020-01-01 11:00,79.18064558891032,45.99677588669424
P01,1 SKY ONLY,Capella_B,12,2020-01-01 12:00 UTC+00:00,2020-01-01 12:00,79.18064727192856,45.9967676375006
P01,1 SKY ONLY,Capella_B,13,2020-01-01 13:00 UTC+00:00,2020-01-01 13:00,79.18065384341625,45.99676021888133
P01,1 SKY ONLY,Capella_B,14,2020-01-01 14:00 UTC+00:00,2020-01-01 14:00,79.18066470648856,45.99675423665033
P01,1 SKY ONLY,Capella_B,15,2020-01-01 15:00 UTC+00:00,2020-01-01 15:00,79.18067896991569,45.99675019815244
P01,1 SKY ONLY,Capella_B,16,2020-01-01 16:00 UTC+00:00,2020-01-01 16:00,79.1806955091906,45.99674847750035
P01,1 SKY ONLY,Capella_B,17,2020-01-01 17:00 UTC+00:00,2020-01-01 17:00,79.18071304358055,45.99674928994098
P01,1 SKY ONLY,Capella_B,18,2020-01-01 18:00 UTC+00:00,2020-01-01 18:00,79.18073022388016,45.99675267710715
P01,1 SKY ONLY,Capella_B,19,2020-01-01 19:00 UTC+00:00,2020-01-01 19:00,79.18074572485988,45.99675850416484
P01,1 SKY ONLY,Capella_B,20,2020-01-01 20:00 UTC+00:00,2020-01-01 20:00,79.18075833606905,45.99676646905183
P01,1 SKY ONLY,Capella_B,21,2020-01-01 21:00 UTC+00:00,2020-01-01 21:00,79.18076704477497,45.99677612317413
P01,1 SKY ONLY,Capella_B,22,2020-01-01 22:00 UTC+00:00,2020-01-01 22:00,79.18077110535624,45.99678690214353
P01,1 SKY ONLY,Capella_B,23,2020-01-01 23:00 UTC+00:00,2020-01-01 23:00,79.18077009039284,45.996798164449
P01,1 SKY ONLY,Capella_B,24,2020-01-02 00:00 UTC+00:00,2020-01-02 00:00,79.18076391995383,45.99680923541158
P01,1 SKY ONLY,Sirius_B,0,2020-01-01 00:00 UTC+00:00,2020-01-01 00:00,101.290078423868,-16.72328690193872
P01,1 SKY ONLY,Sirius_B,1,2020-01-01 01:00 UTC+00:00,2020-01-01 01:00,101.290077454957,-16.72329358632944
P01,1 SKY ONLY,Sirius_B,2,2020-01-01 02:00 UTC+00:00,2020-01-01 02:00,101.2900728067605,-16.7233000774956
P01,1 SKY ONLY,Sirius_B,3,2020-01-01 03:00 UTC+00:00,2020-01-01 03:00,101.2900647927464,-16.72330611848979
P01,1 SKY ONLY,Sirius_B,4,2020-01-01 04:00 UTC+00:00,2020-01-01 04:00,101.2900539567804,-16.72331148318935
P01,1 SKY ONLY,Sirius_B,5,2020-01-01 05:00 UTC+00:00,2020-01-01 05:00,101.2900410358607,-16.72331599179025
P01,1 SKY ONLY,Sirius_B,6,2020-01-01 06:00 UTC+00:00,2020-01-01 06:00,101.29002690962,-16.72331952312698
P01,1 SKY ONLY,Sirius_B,7,2020-01-01 07:00 UTC+00:00,2020-01-01 07:00,101.2900125400518,-16.72332202297529
P01,1 SKY ONLY,Sirius_B,8,2020-01-01 08:00 UTC+00:00,2020-01-01 08:00,101.2899989055953,-16.72332350776731
P01,1 SKY ONLY,Sirius_B,9,2020-01-01 09:00 UTC+00:00,2020-01-01 09:00,101.2899869340925,-16.72332406346557
P01,1 SKY ONLY,Sirius_B,10,2020-01-01 10:00 UTC+00:00,2020-01-01 10:00,101.2899774392119,-16.72332383967273
P01,1 SKY ONLY,Sirius_B,11,2020-01-01 11:00 UTC+00:00,2020-01-01 11:00,101.2899710646959,-16.72332303938029
P01,1 SKY ONLY,Sirius_B,12,2020-01-01 12:00 UTC+00:00,2020-01-01 12:00,101.289968240253,-16.72332190505968
P01,1 SKY ONLY,Sirius_B,13,2020-01-01 13:00 UTC+00:00,2020-01-01 13:00,101.2899691521131,-16.72332070204762
P01,1 SKY ONLY,Sirius_B,14,2020-01-01 14:00 UTC+00:00,2020-01-01 14:00,101.2899737302682,-16.72331970036519
P01,1 SKY ONLY,Sirius_B,15,2020-01-01 15:00 UTC+00:00,2020-01-01 15:00,101.2899816532698,-16.72331915621603
P01,1 SKY ONLY,Sirius_B,16,2020-01-01 16:00 UTC+00:00,2020-01-01 16:00,101.2899923702544,-16.72331929443112
P01,1 SKY ONLY,Sirius_B,17,2020-01-01 17:00 UTC+00:00,2020-01-01 17:00,101.2900051386899,-16.72332029306352
P01,1 SKY ONLY,Sirius_B,18,2020-01-01 18:00 UTC+00:00,2020-01-01 18:00,101.2900190752523,-16.72332227118834
P01,1 SKY ONLY,Sirius_B,19,2020-01-01 19:00 UTC+00:00,2020-01-01 19:00,101.2900332163522,-16.72332528074366
P01,1 SKY ONLY,Sirius_B,20,2020-01-01 20:00 UTC+00:00,2020-01-01 20:00,101.2900465841587,-16.72332930297175
P01,1 SKY ONLY,Sirius_B,21,2020-01-01 21:00 UTC+00:00,2020-01-01 21:00,101.2900582536,-16.72333424970401
P01,1 SKY ONLY,Sirius_B,22,2020-01-01 22:00 UTC+00:00,2020-01-01 22:00,101.2900674157493,-16.72333996940222
P01,1 SKY ONLY,Sirius_B,23,2020-01-01 23:00 UTC+00:00,2020-01-01 23:00,101.2900734332525,-16.72334625754166
P01,1 SKY ONLY,Sirius_B,24,2020-01-02 00:00 UTC+00:00,2020-01-02 00:00,101.2900758839989,-16.72335287062437
P01,1 SKY ONLY,Procyon_B,0,2020-01-01 00:00 UTC+00:00,2020-01-01 00:00,114.8271664208208,5.218668594814707
P01,1 SKY ONLY,Procyon_B,1,2020-01-01 01:00 UTC+00:00,2020-01-01 01:00,114.8271696579571,5.218668480966954
P01,1 SKY ONLY,Procyon_B,2,2020-01-01 02:00 UTC+00:00,2020-01-01 02:00,114.8271692924119,5.218668374831487
P01,1 SKY ONLY,Procyon_B,3,2020-01-01 03:00 UTC+00:00,2020-01-01 03:00,114.8271654080866,5.21866819222992
P01,1 SKY ONLY,Procyon_B,4,2020-01-01 04:00 UTC+00:00,2020-01-01 04:00,114.8271583297753,5.218667854247293
P01,1 SKY ONLY,Procyon_B,5,2020-01-01 05:00 UTC+00:00,2020-01-01 05:00,114.82714860091,5.218667292639458
P01,1 SKY ONLY,Procyon_B,6,2020-01-01 06:00 UTC+00:00,2020-01-01 06:00,114.8271369463252,5.218666454509223
P01,1 SKY ONLY,Procyon_B,7,2020-01-01 07:00 UTC+00:00,2020-01-01 07:00,114.8271242225921,5.218665305930997
P01,1 SKY ONLY,Procyon_B,8,2020-01-01 08:00 UTC+00:00,2020-01-01 08:00,114.8271113593262,5.218663834275443
P01,1 SKY ONLY,Procyon_B,9,2020-01-01 09:00 UTC+00:00,2020-01-01 09:00,114.8270992954904,5.218662049074991
P01,1 SKY ONLY,Procyon_B,10,2020-01-01 10:00 UTC+00:00,2020-01-01 10:00,114.8270889150568,5.218659981370614
P01,1 SKY ONLY,Procyon_B,11,2020-01-01 11:00 UTC+00:00,2020-01-01 11:00,114.827080986436,5.218657681584923
P01,1 SKY ONLY,Procyon_B,12,2020-01-01 12:00 UTC+00:00,2020-01-01 12:00,114.8270761098276,5.218655216067338
P01,1 SKY ONLY,Procyon_B,13,2020-01-01 13:00 UTC+00:00,2020-01-01 13:00,114.8270746760927,5.218652662547652
P01,1 SKY ONLY,Procyon_B,14,2020-01-01 14:00 UTC+00:00,2020-01-01 14:00,114.8270768399736,5.218650104810072
P01,1 SKY ONLY,Procyon_B,15,2020-01-01 15:00 UTC+00:00,2020-01-01 15:00,114.8270825094909,5.218647626952459
P01,1 SKY ONLY,Procyon_B,16,2020-01-01 16:00 UTC+00:00,2020-01-01 16:00,114.827091352246,5.218645307623857
P01,1 SKY ONLY,Procyon_B,17,2020-01-01 17:00 UTC+00:00,2020-01-01 17:00,114.827102818198,5.218643214635621
P01,1 SKY ONLY,Procyon_B,18,2020-01-01 18:00 UTC+00:00,2020-01-01 18:00,114.8271161773517,5.218641400315239
P01,1 SKY ONLY,Procyon_B,19,2020-01-01 19:00 UTC+00:00,2020-01-01 19:00,114.8271305697773,5.218639897920776
P01,1 SKY ONLY,Procyon_B,20,2020-01-01 20:00 UTC+00:00,2020-01-01 20:00,114.8271450645327,5.218638719362247
P01,1 SKY ONLY,Procyon_B,21,2020-01-01 21:00 UTC+00:00,2020-01-01 21:00,114.8271587234502,5.218637854385663
P01,1 SKY ONLY,Procyon_B,22,2020-01-01 22:00 UTC+00:00,2020-01-01 22:00,114.8271706654205,5.218637271275563
P01,1 SKY ONLY,Procyon_B,23,2020-01-01 23:00 UTC+00:00,2020-01-01 23:00,114.8271801267657,5.218636919028288
P01,1 SKY ONLY,Procyon_B,24,2020-01-02 00:00 UTC+00:00,2020-01-02 00:00,114.8271865135658,5.218636730846701
P01,1 SKY ONLY,Regulus_B,0,2020-01-01 00:00 UTC+00:00,2020-01-01 00:00,152.095140982681,11.96588957825952
P01,1 SKY ONLY,Regulus_B,1,2020-01-01 01:00 UTC+00:00,2020-01-01 01:00,152.0951543496145,11.96589038768365
P01,1 SKY ONLY,Regulus_B,2,2020-01-01 02:00 UTC+00:00,2020-01-01 02:00,152.0951648922341,11.96589166664377
P01,1 SKY ONLY,Regulus_B,3,2020-01-01 03:00 UTC+00:00,2020-01-01 03:00,152.09517209945,11.96589325120577
P01,1 SKY ONLY,Regulus_B,4,2020-01-01 04:00 UTC+00:00,2020-01-01 04:00,152.0951756885712,11.96589495654893
P01,1 SKY ONLY,Regulus_B,5,2020-01-01 05:00 UTC+00:00,2020-01-01 05:00,152.0951756246751,11.96589658962983
P01,1 SKY ONLY,Regulus_B,6,2020-01-01 06:00 UTC+00:00,2020-01-01 06:00,152.0951721230006,11.96589796240949
P01,1 SKY ONLY,Regulus_B,7,2020-01-01 07:00 UTC+00:00,2020-01-01 07:00,152.0951656342005,11.96589890473805
P01,1 SKY ONLY,Regulus_B,8,2020-01-01 08:00 UTC+00:00,2020-01-01 08:00,152.0951568134628,11.96589927601348
P01,1 SKY ONLY,Regulus_B,9,2020-01-01 09:00 UTC+00:00,2020-01-01 09:00,152.0951464756176,11.96589897481579
P01,1 SKY ONLY,Regulus_B,10,2020-01-01 10:00 UTC+00:00,2020-01-01 10:00,152.0951355393045,11.96589794585652
P01,1 SKY ONLY,Regulus_B,11,2020-01-01 11:00 UTC+00:00,2020-01-01 11:00,152.0951249640266,11.9658961837671
P01,1 SKY ONLY,Regulus_B,12,2020-01-01 12:00 UTC+00:00,2020-01-01 12:00,152.0951156844066,11.96589373346687
P01,1 SKY ONLY,Regulus_B,13,2020-01-01 13:00 UTC+00:00,2020-01-01 13:00,152.0951085461448,11.96589068708506
P01,1 SKY ONLY,Regulus_B,14,2020-01-01 14:00 UTC+00:00,2020-01-01 14:00,152.0951042480719,11.96588717764804
P01,1 SKY ONLY,Regulus_B,15,2020-01-01 15:00 UTC+00:00,2020-01-01 15:00,152.0951032942657,11.96588336996447
P01,1 SKY ONLY,Regulus_B,16,2020-01-01 16:00 UTC+00:00,2020-01-01 16:00,152.0951059595109,11.96587944933223
P01,1 SKY ONLY,Regulus_B,17,2020-01-01 17:00 UTC+00:00,2020-01-01 17:00,152.0951122704719,11.96587560884189
P01,1 SKY ONLY,Regulus_B,18,2020-01-01 18:00 UTC+00:00,2020-01-01 18:00,152.0951220038655,11.96587203614645
P01,1 SKY ONLY,Regulus_B,19,2020-01-01 19:00 UTC+00:00,2020-01-01 19:00,152.0951347017608,11.96586890060315
P01,1 SKY ONLY,Regulus_B,20,2020-01-01 20:00 UTC+00:00,2020-01-01 20:00,152.0951497029569,11.96586634166944
P01,1 SKY ONLY,Regulus_B,21,2020-01-01 21:00 UTC+00:00,2020-01-01 21:00,152.0951661882871,11.96586445934764
P01,1 SKY ONLY,Regulus_B,22,2020-01-01 22:00 UTC+00:00,2020-01-01 22:00,152.0951832367491,11.96586330733275
P01,1 SKY ONLY,Regulus_B,23,2020-01-01 23:00 UTC+00:00,2020-01-01 23:00,152.0951998886116,11.96586288933358
P01,1 SKY ONLY,Regulus_B,24,2020-01-02 00:00 UTC+00:00,2020-01-02 00:00,152.0952152111728,11.9658631588186
P01,1 SKY ONLY,Alkaid_B,0,2020-01-01 00:00 UTC+00:00,2020-01-01 00:00,206.8813938689086,49.30872151352422
P01,1 SKY ONLY,Alkaid_B,1,2020-01-01 01:00 UTC+00:00,2020-01-01 01:00,206.8814201647023,49.30871745981174
P01,1 SKY ONLY,Alkaid_B,2,2020-01-01 02:00 UTC+00:00,2020-01-01 02:00,206.8814468912048,49.30871611657077
P01,1 SKY ONLY,Alkaid_B,3,2020-01-01 03:00 UTC+00:00,2020-01-01 03:00,206.8814726100041,49.30871744656729
P01,1 SKY ONLY,Alkaid_B,4,2020-01-01 04:00 UTC+00:00,2020-01-01 04:00,206.881495951823,49.30872122957049
P01,1 SKY ONLY,Alkaid_B,5,2020-01-01 05:00 UTC+00:00,2020-01-01 05:00,206.8815157103402,49.30872707744307
P01,1 SKY ONLY,Alkaid_B,6,2020-01-01 06:00 UTC+00:00,2020-01-01 06:00,206.881530924845,49.30873446073518
P01,1 SKY ONLY,Alkaid_B,7,2020-01-01 07:00 UTC+00:00,2020-01-01 07:00,206.8815409460663,49.30874274496229
P01,1 SKY ONLY,Alkaid_B,8,2020-01-01 08:00 UTC+00:00,2020-01-01 08:00,206.8815454806607,49.30875123407935
P01,1 SKY ONLY,Alkaid_B,9,2020-01-01 09:00 UTC+00:00,2020-01-01 09:00,206.8815446113128,49.30875921817314
P01,1 SKY ONLY,Alkaid_B,10,2020-01-01 10:00 UTC+00:00,2020-01-01 10:00,206.8815387910709,49.30876602210593
P01,1 SKY ONLY,Alkaid_B,11,2020-01-01 11:00 UTC+00:00,2020-01-01 11:00,206.8815288123044,49.30877105177621
P01,1 SKY ONLY,Alkaid_B,12,2020-01-01 12:00 UTC+00:00,2020-01-01 12:00,206.8815157524118,49.30877383482625
P01,1 SKY ONLY,Alkaid_B,13,2020-01-01 13:00 UTC+00:00,2020-01-01 13:00,206.8815008999964,49.30877405300922
P01,1 SKY ONLY,Alkaid_B,14,2020-01-01 14:00 UTC+00:00,2020-01-01 14:00,206.8814856665705,49.30877156399556
P01,1 SKY ONLY,Alkaid_B,15,2020-01-01 15:00 UTC+00:00,2020-01-01 15:00,206.8814714898378,49.30876641112568
P01,1 SKY ONLY,Alkaid_B,16,2020-01-01 16:00 UTC+00:00,2020-01-01 16:00,206.8814597351804,49.3087588204403
P01,1 SKY ONLY,Alkaid_B,17,2020-01-01 17:00 UTC+00:00,2020-01-01 17:00,206.8814516021011,49.30874918519145
P01,1 SKY ONLY,Alkaid_B,18,2020-01-01 18:00 UTC+00:00,2020-01-01 18:00,206.8814480420344,49.30873803889717
P01,1 SKY ONLY,Alkaid_B,19,2020-01-01 19:00 UTC+00:00,2020-01-01 19:00,206.8814496931531,49.30872601878369
P01,1 SKY ONLY,Alkaid_B,20,2020-01-01 20:00 UTC+00:00,2020-01-01 20:00,206.8814568366417,49.30871382212263
P01,1 SKY ONLY,Alkaid_B,21,2020-01-01 21:00 UTC+00:00,2020-01-01 21:00,206.8814693774304,49.30870215845432
P01,1 SKY ONLY,Alkaid_B,22,2020-01-01 22:00 UTC+00:00,2020-01-01 22:00,206.8814868507106,49.30869170096965
P01,1 SKY ONLY,Alkaid_B,23,2020-01-01 23:00 UTC+00:00,2020-01-01 23:00,206.8815084537842,49.30868304038354
P01,1 SKY ONLY,Alkaid_B,24,2020-01-02 00:00 UTC+00:00,2020-01-02 00:00,206.8815331010638,49.30867664446065
P01,1 SKY ONLY,Algorab_B,0,2020-01-01 00:00 UTC+00:00,2020-01-01 00:00,187.4650201958844,-16.51491988422799
P01,1 SKY ONLY,Algorab_B,1,2020-01-01 01:00 UTC+00:00,2020-01-01 01:00,187.4650384152536,-16.5149220557859
P01,1 SKY ONLY,Algorab_B,2,2020-01-01 02:00 UTC+00:00,2020-01-01 02:00,187.4650556695613,-16.51492521956932
P01,1 SKY ONLY,Algorab_B,3,2020-01-01 03:00 UTC+00:00,2020-01-01 03:00,187.4650710535813,-16.51492927270108
P01,1 SKY ONLY,Algorab_B,4,2020-01-01 04:00 UTC+00:00,2020-01-01 04:00,187.4650837902219,-16.51493405140994
P01,1 SKY ONLY,Algorab_B,5,2020-01-01 05:00 UTC+00:00,2020-01-01 05:00,187.4650932837715,-16.51493934225199
P01,1 SKY ONLY,Algorab_B,6,2020-01-01 06:00 UTC+00:00,2020-01-01 06:00,187.4650991607157,-16.51494489673506
P01,1 SKY ONLY,Algorab_B,7,2020-01-01 07:00 UTC+00:00,2020-01-01 07:00,187.4651012953319,-16.51495044834561
P01,1 SKY ONLY,Algorab_B,8,2020-01-01 08:00 UTC+00:00,2020-01-01 08:00,187.4650998183029,-16.51495573080986
P01,1 SKY ONLY,Algorab_B,9,2020-01-01 09:00 UTC+00:00,2020-01-01 09:00,187.4650951077635,-16.51496049633858
P01,1 SKY ONLY,Algorab_B,10,2020-01-01 10:00 UTC+00:00,2020-01-01 10:00,187.4650877633906,-16.51496453260591
P01,1 SKY ONLY,Algorab_B,11,2020-01-01 11:00 UTC+00:00,2020-01-01 11:00,187.4650785653127,-16.51496767729794
P01,1 SKY ONLY,Algorab_B,12,2020-01-01 12:00 UTC+00:00,2020-01-01 12:00,187.4650684206569,-16.51496982923426
P01,1 SKY ONLY,Algorab_B,13,2020-01-01 13:00 UTC+00:00,2020-01-01 13:00,187.4650583013907,-16.51497095530117
P01,1 SKY ONLY,Algorab_B,14,2020-01-01 14:00 UTC+00:00,2020-01-01 14:00,187.4650491777231,-16.51497109272045
P01,1 SKY ONLY,Algorab_B,15,2020-01-01 15:00 UTC+00:00,2020-01-01 15:00,187.4650419516256,-16.51497034649881
P01,1 SKY ONLY,Algorab_B,16,2020-01-01 16:00 UTC+00:00,2020-01-01 16:00,187.4650373950283,-16.51496888223268
P01,1 SKY ONLY,Algorab_B,17,2020-01-01 17:00 UTC+00:00,2020-01-01 17:00,187.4650360969272,-16.51496691476106
P01,1 SKY ONLY,Algorab_B,18,2020-01-01 18:00 UTC+00:00,2020-01-01 18:00,187.465038423027,-16.51496469344493
P01,1 SKY ONLY,Algorab_B,19,2020-01-01 19:00 UTC+00:00,2020-01-01 19:00,187.4650444906821,-16.51496248508046
P01,1 SKY ONLY,Algorab_B,20,2020-01-01 20:00 UTC+00:00,2020-01-01 20:00,187.4650541608565,-16.51496055561822
P01,1 SKY ONLY,Algorab_B,21,2020-01-01 21:00 UTC+00:00,2020-01-01 21:00,187.46506704765,-16.51495915194026
P01,1 SKY ONLY,Algorab_B,22,2020-01-01 22:00 UTC+00:00,2020-01-01 22:00,187.4650825447406,-16.51495848494378
P01,1 SKY ONLY,Algorab_B,23,2020-01-01 23:00 UTC+00:00,2020-01-01 23:00,187.4650998669303,-16.51495871509051
P01,1 SKY ONLY,Algorab_B,24,2020-01-02 00:00 UTC+00:00,2020-01-02 00:00,187.4651181039443,-16.51495994141214
P01,1 SKY ONLY,Spica_B,0,2020-01-01 00:00 UTC+00:00,2020-01-01 00:00,201.2967481428849,-11.16076775551371
P01,1 SKY ONLY,Spica_B,1,2020-01-01 01:00 UTC+00:00,2020-01-01 01:00,201.2967659253689,-11.16076895812114
P01,1 SKY ONLY,Spica_B,2,2020-01-01 02:00 UTC+00:00,2020-01-01 02:00,201.2967836376383,-11.1607708617207
P01,1 SKY ONLY,Spica_B,3,2020-01-01 03:00 UTC+00:00,2020-01-01 03:00,201.2968003332965,-11.16077343813821
P01,1 SKY ONLY,Spica_B,4,2020-01-01 04:00 UTC+00:00,2020-01-01 04:00,201.2968151356422,-11.16077661312154
P01,1 SKY ONLY,Spica_B,5,2020-01-01 05:00 UTC+00:00,2020-01-01 05:00,201.2968272977399,-11.16078027142819
P01,1 SKY ONLY,Spica_B,6,2020-01-01 06:00 UTC+00:00,2020-01-01 06:00,201.2968362535985,-11.16078426472121
P01,1 SKY ONLY,Spica_B,7,2020-01-01 07:00 UTC+00:00,2020-01-01 07:00,201.2968416569542,-11.16078842173333
P01,1 SKY ONLY,Spica_B,8,2020-01-01 08:00 UTC+00:00,2020-01-01 08:00,201.2968434049961,-11.16079256000186
P01,1 SKY ONLY,Spica_B,9,2020-01-01 09:00 UTC+00:00,2020-01-01 09:00,201.2968416454106,-11.16079649837071
P01,1 SKY ONLY,Spica_B,10,2020-01-01 10:00 UTC+00:00,2020-01-01 10:00,201.2968367662625,-11.16080006940347
P01,1 SKY ONLY,Spica_B,11,2020-01-01 11:00 UTC+00:00,2020-01-01 11:00,201.2968293694045,-11.16080313085598
P01,1 SKY ONLY,Spica_B,12,2020-01-01 12:00 UTC+00:00,2020-01-01 12:00,201.2968202292389,-11.16080557542278
P01,1 SKY ONLY,Spica_B,13,2020-01-01 13:00 UTC+00:00,2020-01-01 13:00,201.2968102396546,-11.16080733809
P01,1 SKY ONLY,Spica_B,14,2020-01-01 14:00 UTC+00:00,2020-01-01 14:00,201.2968003527781,-11.16080840058988
P01,1 SKY ONLY,Spica_B,15,2020-01-01 15:00 UTC+00:00,2020-01-01 15:00,201.2967915137333,-11.16080879265255
P01,1 SKY ONLY,Spica_B,16,2020-01-01 16:00 UTC+00:00,2020-01-01 16:00,201.2967845958809,-11.1608085899688
P01,1 SKY ONLY,Spica_B,17,2020-01-01 17:00 UTC+00:00,2020-01-01 17:00,201.2967803409754,-11.1608079090035
P01,1 SKY ONLY,Spica_B,18,2020-01-01 18:00 UTC+00:00,2020-01-01 18:00,201.2967793083407,-11.16080689901537
P01,1 SKY ONLY,Spica_B,19,2020-01-01 19:00 UTC+00:00,2020-01-01 19:00,201.2967818365445,-11.16080573182952
P01,1 SKY ONLY,Spica_B,20,2020-01-01 20:00 UTC+00:00,2020-01-01 20:00,201.2967880202,-11.16080459006383
P01,1 SKY ONLY,Spica_B,21,2020-01-01 21:00 UTC+00:00,2020-01-01 21:00,201.2967977034832,-11.16080365461602
P01,1 SKY ONLY,Spica_B,22,2020-01-01 22:00 UTC+00:00,2020-01-01 22:00,201.2968104908099,-11.16080309226836
P01,1 SKY ONLY,Spica_B,23,2020-01-01 23:00 UTC+00:00,2020-01-01 23:00,201.2968257739419,-11.16080304425988
P01,1 SKY ONLY,Spica_B,24,2020-01-02 00:00 UTC+00:00,2020-01-02 00:00,201.296842773662,-11.16080361660875
P01,1 SKY ONLY,Arcturus_B,0,2020-01-01 00:00 UTC+00:00,2020-01-01 00:00,213.906295058352,19.16918442490413
P01,1 SKY ONLY,Arcturus_B,1,2020-01-01 01:00 UTC+00:00,2020-01-01 01:00,213.9063125388486,19.1691808288112
P01,1 SKY ONLY,Arcturus_B,2,2020-01-01 02:00 UTC+00:00,2020-01-01 02:00,213.9063307779288,19.16917838233941
P01,1 SKY ONLY,Arcturus_B,3,2020-01-01 03:00 UTC+00:00,2020-01-01 03:00,213.9063487837268,19.16917710775333
P01,1 SKY ONLY,Arcturus_B,4,2020-01-01 04:00 UTC+00:00,2020-01-01 04:00,213.9063655804481,19.16917694710499
P01,1 SKY ONLY,Arcturus_B,5,2020-01-01 05:00 UTC+00:00,2020-01-01 05:00,213.9063802752303,19.16917776620467
P01,1 SKY ONLY,Arcturus_B,6,2020-01-01 06:00 UTC+00:00,2020-01-01 06:00,213.9063921193201,19.16917936381532
P01,1 SKY ONLY,Arcturus_B,7,2020-01-01 07:00 UTC+00:00,2020-01-01 07:00,213.9064005593789,19.16918148544122
P01,1 SKY ONLY,Arcturus_B,8,2020-01-01 08:00 UTC+00:00,2020-01-01 08:00,213.9064052753969,19.16918384076587
P01,1 SKY ONLY,Arcturus_B,9,2020-01-01 09:00 UTC+00:00,2020-01-01 09:00,213.9064062026198,19.16918612354425
P01,1 SKY ONLY,Arcturus_B,10,2020-01-01 10:00 UTC+00:00,2020-01-01 10:00,213.906403535987,19.16918803258682
P01,1 SKY ONLY,Arcturus_B,11,2020-01-01 11:00 UTC+00:00,2020-01-01 11:00,213.9063977167731,19.1691892923972
P01,1 SKY ONLY,Arcturus_B,12,2020-01-01 12:00 UTC+00:00,2020-01-01 12:00,213.9063894023535,19.16918967204906
P01,1 SKY ONLY,Arcturus_B,13,2020-01-01 13:00 UTC+00:00,2020-01-01 13:00,213.9063794211597,19.16918900100977
P01,1 SKY ONLY,Arcturus_B,14,2020-01-01 14:00 UTC+00:00,2020-01-01 14:00,213.9063687159155,19.16918718082526
P01,1 SKY ONLY,Arcturus_B,15,2020-01-01 15:00 UTC+00:00,2020-01-01 15:00,213.9063582790412,19.1691841918665
P01,1 SKY ONLY,Arcturus_B,16,2020-01-01 16:00 UTC+00:00,2020-01-01 16:00,213.9063490846525,19.16918009467436
P01,1 SKY ONLY,Arcturus_B,17,2020-01-01 17:00 UTC+00:00,2020-01-01 17:00,213.9063420218128,19.16917502581131
P01,1 SKY ONLY,Arcturus_B,18,2020-01-01 18:00 UTC+00:00,2020-01-01 18:00,213.9063378336159,19.16916918850433
P01,1 SKY ONLY,Arcturus_B,19,2020-01-01 19:00 UTC+00:00,2020-01-01 19:00,213.9063370662678,19.16916283871937
P01,1 SKY ONLY,Arcturus_B,20,2020-01-01 20:00 UTC+00:00,2020-01-01 20:00,213.906340031661,19.16915626762246
P01,1 SKY ONLY,Arcturus_B,21,2020-01-01 21:00 UTC+00:00,2020-01-01 21:00,213.9063467860043,19.16914978162943
P01,1 SKY ONLY,Arcturus_B,22,2020-01-01 22:00 UTC+00:00,2020-01-01 22:00,213.9063571259706,19.16914368140981
P01,1 SKY ONLY,Arcturus_B,23,2020-01-01 23:00 UTC+00:00,2020-01-01 23:00,213.9063706026306,19.16913824128535
P01,1 SKY ONLY,Arcturus_B,24,2020-01-02 00:00 UTC+00:00,2020-01-02 00:00,213.9063865522115,19.16913369043416
P01,1 SKY ONLY,Alphecca_B,0,2020-01-01 00:00 UTC+00:00,2020-01-01 00:00,233.668121994079,26.71197816360862
P01,1 SKY ONLY,Alphecca_B,1,2020-01-01 01:00 UTC+00:00,2020-01-01 01:00,233.6681371622346,26.7119716293254
P01,1 SKY ONLY,Alphecca_B,2,2020-01-01 02:00 UTC+00:00,2020-01-01 02:00,233.6681544171939,26.71196646921478
P01,1 SKY ONLY,Alphecca_B,3,2020-01-01 03:00 UTC+00:00,2020-01-01 03:00,233.6681727965945,26.71196285406182
P01,1 SKY ONLY,Alphecca_B,4,2020-01-01 04:00 UTC+00:00,2020-01-01 04:00,233.668191261192,26.7119608488817
P01,1 SKY ONLY,Alphecca_B,5,2020-01-01 05:00 UTC+00:00,2020-01-01 05:00,233.6682087660676,26.71196040846528
P01,1 SKY ONLY,Alphecca_B,6,2020-01-01 06:00 UTC+00:00,2020-01-01 06:00,233.6682243322241,26.71196138047688
P01,1 SKY ONLY,Alphecca_B,7,2020-01-01 07:00 UTC+00:00,2020-01-01 07:00,233.6682371136672,26.71196351589206
P01,1 SKY ONLY,Alphecca_B,8,2020-01-01 08:00 UTC+00:00,2020-01-01 08:00,233.6682464553722,26.71196648606069
P01,1 SKY ONLY,Alphecca_B,9,2020-01-01 09:00 UTC+00:00,2020-01-01 09:00,233.6682519381655,26.71196990522564
P01,1 SKY ONLY,Alphecca_B,10,2020-01-01 10:00 UTC+00:00,2020-01-01 10:00,233.6682534074477,26.71197335695476
P01,1 SKY ONLY,Alphecca_B,11,2020-01-01 11:00 UTC+00:00,2020-01-01 11:00,233.6682509837856,26.711976422675
P01,1 SKY ONLY,Alphecca_B,12,2020-01-01 12:00 UTC+00:00,2020-01-01 12:00,233.668245054652,26.71197871035251
P01,1 SKY ONLY,Alphecca_B,13,2020-01-01 13:00 UTC+00:00,2020-01-01 13:00,233.6682362478763,26.71197988135556
P01,1 SKY ONLY,Alphecca_B,14,2020-01-01 14:00 UTC+00:00,2020-01-01 14:00,233.6682253886252,26.7119796736577
P01,1 SKY ONLY,Alphecca_B,15,2020-01-01 15:00 UTC+00:00,2020-01-01 15:00,233.6682134428628,26.71197791979212
P01,1 SKY ONLY,Alphecca_B,16,2020-01-01 16:00 UTC+00:00,2020-01-01 16:00,233.6682014511615,26.71197455832682
P01,1 SKY ONLY,Alphecca_B,17,2020-01-01 17:00 UTC+00:00,2020-01-01 17:00,233.6681904574014,26.71196963807393
P01,1 SKY ONLY,Alphecca_B,18,2020-01-01 18:00 UTC+00:00,2020-01-01 18:00,233.6681814372446,26.71196331474541
P01,1 SKY ONLY,Alphecca_B,19,2020-01-01 19:00 UTC+00:00,2020-01-01 19:00,233.6681752312804,26.71195584028314
P01,1 SKY ONLY,Alphecca_B,20,2020-01-01 20:00 UTC+00:00,2020-01-01 20:00,233.6681724874292,26.71194754559598
P01,1 SKY ONLY,Alphecca_B,21,2020-01-01 21:00 UTC+00:00,2020-01-01 21:00,233.6681736165467,26.71193881788584
P01,1 SKY ONLY,Alphecca_B,22,2020-01-01 22:00 UTC+00:00,2020-01-01 22:00,233.6681787642721,26.71193007411623
P01,1 SKY ONLY,Alphecca_B,23,2020-01-01 23:00 UTC+00:00,2020-01-01 23:00,233.6681878010497,26.71192173244187
P01,1 SKY ONLY,Alphecca_B,24,2020-01-02 00:00 UTC+00:00,2020-01-02 00:00,233.6682003310056,26.71191418355774
P01,1 SKY ONLY,Antares_B,0,2020-01-01 00:00 UTC+00:00,2020-01-01 00:00,247.3462956929954,-26.43111765666611
P01,1 SKY ONLY,Antares_B,1,2020-01-01 01:00 UTC+00:00,2020-01-01 01:00,247.3463074268808,-26.4311128666498
P01,1 SKY ONLY,Antares_B,2,2020-01-01 02:00 UTC+00:00,2020-01-01 02:00,247.3463219939276,-26.43110921340469
P01,1 SKY ONLY,Antares_B,3,2020-01-01 03:00 UTC+00:00,2020-01-01 03:00,247.3463385612141,-26.4311069501353
P01,1 SKY ONLY,Antares_B,4,2020-01-01 04:00 UTC+00:00,2020-01-01 04:00,247.3463561589636,-26.43110623484375
P01,1 SKY ONLY,Antares_B,5,2020-01-01 05:00 UTC+00:00,2020-01-01 05:00,247.3463737469929,-26.43110711950384
P01,1 SKY ONLY,Antares_B,6,2020-01-01 06:00 UTC+00:00,2020-01-01 06:00,247.3463902859836,-26.43110954649976
P01,1 SKY ONLY,Antares_B,7,2020-01-01 07:00 UTC+00:00,2020-01-01 07:00,247.3464048086969,-26.43111335257385
P01,1 SKY ONLY,Antares_B,8,2020-01-01 08:00 UTC+00:00,2020-01-01 08:00,247.3464164862472,-26.43111828001283
P01,1 SKY ONLY,Antares_B,9,2020-01-01 09:00 UTC+00:00,2020-01-01 09:00,247.3464246848969,-26.4311239943057
P01,1 SKY ONLY,Antares_B,10,2020-01-01 10:00 UTC+00:00,2020-01-01 10:00,247.3464290094807,-26.43113010706434
P01,1 SKY ONLY,Antares_B,11,2020-01-01 11:00 UTC+00:00,2020-01-01 11:00,247.3464293304816,-26.4311362026357
P01,1 SKY ONLY,Antares_B,12,2020-01-01 12:00 UTC+00:00,2020-01-01 12:00,247.346425792906,-26.43114186658159
P01,1 SKY ONLY,Antares_B,13,2020-01-01 13:00 UTC+00:00,2020-01-01 13:00,247.3464188063483,-26.4311467140766
P01,1 SKY ONLY,Antares_B,14,2020-01-01 14:00 UTC+00:00,2020-01-01 14:00,247.3464090169252,-26.43115041627621
P01,1 SKY ONLY,Antares_B,15,2020-01-01 15:00 UTC+00:00,2020-01-01 15:00,247.3463972630045,-26.43115272284936
P01,1 SKY ONLY,Antares_B,16,2020-01-01 16:00 UTC+00:00,2020-01-01 16:00,247.3463845177599,-26.4311534791315
P01,1 SKY ONLY,Antares_B,17,2020-01-01 17:00 UTC+00:00,2020-01-01 17:00,247.3463718224874,-26.43115263672233
P01,1 SKY ONLY,Antares_B,18,2020-01-01 18:00 UTC+00:00,2020-01-01 18:00,247.3463602152574,-26.43115025680215
P01,1 SKY ONLY,Antares_B,19,2020-01-01 19:00 UTC+00:00,2020-01-01 19:00,247.3463506597835,-26.43114650593976
P01,1 SKY ONLY,Antares_B,20,2020-01-01 20:00 UTC+00:00,2020-01-01 20:00,247.3463439793899,-26.43114164467878
P01,1 SKY ONLY,Antares_B,21,2020-01-01 21:00 UTC+00:00,2020-01-01 21:00,247.3463408005965,-26.43113600968527
P01,1 SKY ONLY,Antares_B,22,2020-01-01 22:00 UTC+00:00,2020-01-01 22:00,247.3463415101897,-26.43112999067873
P01,1 SKY ONLY,Antares_B,23,2020-01-01 23:00 UTC+00:00,2020-01-01 23:00,247.3463462287203,-26.43112400372834
P01,1 SKY ONLY,Antares_B,24,2020-01-02 00:00 UTC+00:00,2020-01-02 00:00,247.3463548022437,-26.43111846274431
P01,1 SKY ONLY,Vega_B,0,2020-01-01 00:00 UTC+00:00,2020-01-01 00:00,279.2286952594881,38.78495911024207
P01,1 SKY ONLY,Vega_B,1,2020-01-01 01:00 UTC+00:00,2020-01-01 01:00,279.2286971775153,38.78494684355272
P01,1 SKY ONLY,Vega_B,2,2020-01-01 02:00 UTC+00:00,2020-01-01 02:00,279.2287035812376,38.78493508453467
P01,1 SKY ONLY,Vega_B,3,2020-01-01 03:00 UTC+00:00,2020-01-01 03:00,279.2287140448398,38.78492438422897
P01,1 SKY ONLY,Vega_B,4,2020-01-01 04:00 UTC+00:00,2020-01-01 04:00,279.2287278646054,38.78491522115444
P01,1 SKY ONLY,Vega_B,5,2020-01-01 05:00 UTC+00:00,2020-01-01 05:00,279.2287441071356,38.7849079685206
P01,1 SKY ONLY,Vega_B,6,2020-01-01 06:00 UTC+00:00,2020-01-01 06:00,279.2287616733043,38.78490286865642
P01,1 SKY ONLY,Vega_B,7,2020-01-01 07:00 UTC+00:00,2020-01-01 07:00,279.2287793735704,38.78490001640578
P01,1 SKY ONLY,Vega_B,8,2020-01-01 08:00 UTC+00:00,2020-01-01 08:00,279.2287960094841,38.78489935262958
P01,1 SKY ONLY,Vega_B,9,2020-01-01 09:00 UTC+00:00,2020-01-01 09:00,279.2288104558028,38.78490066825786
P01,1 SKY ONLY,Vega_B,10,2020-01-01 10:00 UTC+00:00,2020-01-01 10:00,279.228821737593,38.78490361861504
P01,1 SKY ONLY,Vega_B,11,2020-01-01 11:00 UTC+00:00,2020-01-01 11:00,279.2288290970317,38.78490774703724
P01,1 SKY ONLY,Vega_B,12,2020-01-01 12:00 UTC+00:00,2020-01-01 12:00,279.2288320453322,38.78491251616189
P01,1 SKY ONLY,Vega_B,13,2020-01-01 13:00 UTC+00:00,2020-01-01 13:00,279.228830396236,38.78491734474814
P01,1 SKY ONLY,Vega_B,14,2020-01-01 14:00 UTC+00:00,2020-01-01 14:00,279.2288242787763,38.78492164750329
P01,1 SKY ONLY,Vega_B,15,2020-01-01 15:00 UTC+00:00,2020-01-01 15:00,279.2288141284367,38.78492487518697
P01,1 SKY ONLY,Vega_B,16,2020-01-01 16:00 UTC+00:00,2020-01-01 16:00,279.2288006573129,38.78492655224579
P01,1 SKY ONLY,Vega_B,17,2020-01-01 17:00 UTC+00:00,2020-01-01 17:00,279.2287848053189,38.78492630939872
P01,1 SKY ONLY,Vega_B,18,2020-01-01 18:00 UTC+00:00,2020-01-01 18:00,279.2287676757858,38.78492390894046
P01,1 SKY ONLY,Vega_B,19,2020-01-01 19:00 UTC+00:00,2020-01-01 19:00,279.2287504598592,38.78491926102971
P01,1 SKY ONLY,Vega_B,20,2020-01-01 20:00 UTC+00:00,2020-01-01 20:00,279.2287343548822,38.78491242984521
P01,1 SKY ONLY,Vega_B,21,2020-01-01 21:00 UTC+00:00,2020-01-01 21:00,279.228720482353,38.78490362918846
P01,1 SKY ONLY,Vega_B,22,2020-01-01 22:00 UTC+00:00,2020-01-01 22:00,279.2287098110783,38.78489320783378
P01,1 SKY ONLY,Vega_B,23,2020-01-01 23:00 UTC+00:00,2020-01-01 23:00,279.2287030907909,38.7848816256297
P01,1 SKY ONLY,Vega_B,24,2020-01-02 00:00 UTC+00:00,2020-01-02 00:00,279.2287008007791,38.78486942199098
P01,1 SKY ONLY,Deneb Algedi_B,0,2020-01-01 00:00 UTC+00:00,2020-01-01 00:00,326.7576064227862,-16.13051816297623
P01,1 SKY ONLY,Deneb Algedi_B,1,2020-01-01 01:00 UTC+00:00,2020-01-01 01:00,326.7575940161996,-16.1305161780195
P01,1 SKY ONLY,Deneb Algedi_B,2,2020-01-01 02:00 UTC+00:00,2020-01-01 02:00,326.75758469554,-16.1305136359049
P01,1 SKY ONLY,Deneb Algedi_B,3,2020-01-01 03:00 UTC+00:00,2020-01-01 03:00,326.7575789021237,-16.13051076858917
P01,1 SKY ONLY,Deneb Algedi_B,4,2020-01-01 04:00 UTC+00:00,2020-01-01 04:00,326.7575768357409,-16.13050783025032
P01,1 SKY ONLY,Deneb Algedi_B,5,2020-01-01 05:00 UTC+00:00,2020-01-01 05:00,326.7575784409678,-16.13050507987116
P01,1 SKY ONLY,Deneb Algedi_B,6,2020-01-01 06:00 UTC+00:00,2020-01-01 06:00,326.7575834109639,-16.13050276349415
P01,1 SKY ONLY,Deneb Algedi_B,7,2020-01-01 07:00 UTC+00:00,2020-01-01 07:00,326.7575912084977,-16.13050109736235
P01,1 SKY ONLY,Deneb Algedi_B,8,2020-01-01 08:00 UTC+00:00,2020-01-01 08:00,326.7576011027575,-16.13050025310281
P01,1 SKY ONLY,Deneb Algedi_B,9,2020-01-01 09:00 UTC+00:00,2020-01-01 09:00,326.7576122194263,-16.13050034596681
P01,1 SKY ONLY,Deneb Algedi_B,10,2020-01-01 10:00 UTC+00:00,2020-01-01 10:00,326.7576236005906,-16.13050142693295
P01,1 SKY ONLY,Deneb Algedi_B,11,2020-01-01 11:00 UTC+00:00,2020-01-01 11:00,326.7576342703761,-16.13050347921429
P01,1 SKY ONLY,Deneb Algedi_B,12,2020-01-01 12:00 UTC+00:00,2020-01-01 12:00,326.7576433018128,-16.13050641940833
P01,1 SKY ONLY,Deneb Algedi_B,13,2020-01-01 13:00 UTC+00:00,2020-01-01 13:00,326.7576498803527,-16.13051010321186
P01,1 SKY ONLY,Deneb Algedi_B,14,2020-01-01 14:00 UTC+00:00,2020-01-01 14:00,326.7576533596805,-16.13051433530827
P01,1 SKY ONLY,Deneb Algedi_B,15,2020-01-01 15:00 UTC+00:00,2020-01-01 15:00,326.7576533060006,-16.13051888275031
P01,1 SKY ONLY,Deneb Algedi_B,16,2020-01-01 16:00 UTC+00:00,2020-01-01 16:00,326.7576495277603,-16.13052349092171
P01,1 SKY ONLY,Deneb Algedi_B,17,2020-01-01 17:00 UTC+00:00,2020-01-01 17:00,326.7576420887754,-16.13052790098333
P01,1 SKY ONLY,Deneb Algedi_B,18,2020-01-01 18:00 UTC+00:00,2020-01-01 18:00,326.7576313038581,-16.13053186760847
P01,1 SKY ONLY,Deneb Algedi_B,19,2020-01-01 19:00 UTC+00:00,2020-01-01 19:00,326.7576177172469,-16.13053517579313
P01,1 SKY ONLY,Deneb Algedi_B,20,2020-01-01 20:00 UTC+00:00,2020-01-01 20:00,326.7576020653144,-16.13053765558803
P01,1 SKY ONLY,Deneb Algedi_B,21,2020-01-01 21:00 UTC+00:00,2020-01-01 21:00,326.757585226113,-16.13053919374357
P01,1 SKY ONLY,Deneb Algedi_B,22,2020-01-01 22:00 UTC+00:00,2020-01-01 22:00,326.757568159209,-16.13053974147009
P01,1 SKY ONLY,Deneb Algedi_B,23,2020-01-01 23:00 UTC+00:00,2020-01-01 23:00,326.7575518399333,-16.13053931778071
P01,1 SKY ONLY,Deneb Algedi_B,24,2020-01-02 00:00 UTC+00:00,2020-01-02 00:00,326.7575371925527,-16.13053800818864
P01,1 SKY ONLY,Fomalhaut_B,0,2020-01-01 00:00 UTC+00:00,2020-01-01 00:00,344.4119740916109,-29.62612248162449
P01,1 SKY ONLY,Fomalhaut_B,1,2020-01-01 01:00 UTC+00:00,2020-01-01 01:00,344.4119565226212,-29.62611962722298
P01,1 SKY ONLY,Fomalhaut_B,2,2020-01-01 02:00 UTC+00:00,2020-01-01 02:00,344.4119414962028,-29.62611537905974
P01,1 SKY ONLY,Fomalhaut_B,3,2020-01-01 03:00 UTC+00:00,2020-01-01 03:00,344.411929769468,-29.62611006756791
P01,1 SKY ONLY,Fomalhaut_B,4,2020-01-01 04:00 UTC+00:00,2020-01-01 04:00,344.4119218735507,-29.62610409592727
P01,1 SKY ONLY,Fomalhaut_B,5,2020-01-01 05:00 UTC+00:00,2020-01-01 05:00,344.4119180772129,-29.62609791243797
P01,1 SKY ONLY,Fomalhaut_B,6,2020-01-01 06:00 UTC+00:00,2020-01-01 06:00,344.411918368431,-29.62609197980348
P01,1 SKY ONLY,Fomalhaut_B,7,2020-01-01 07:00 UTC+00:00,2020-01-01 07:00,344.4119224552193,-29.62608674342567
P01,1 SKY ONLY,Fomalhaut_B,8,2020-01-01 08:00 UTC+00:00,2020-01-01 08:00,344.4119297856381,-29.62608260088625
P01,1 SKY ONLY,Fomalhaut_B,9,2020-01-01 09:00 UTC+00:00,2020-01-01 09:00,344.4119395856123,-29.626079874705
P01,1 SKY ONLY,Fomalhaut_B,10,2020-01-01 10:00 UTC+00:00,2020-01-01 10:00,344.4119509119717,-29.62607879024085
P01,1 SKY ONLY,Fomalhaut_B,11,2020-01-01 11:00 UTC+00:00,2020-01-01 11:00,344.411962717077,-29.62607946025071
P01,1 SKY ONLY,Fomalhaut_B,12,2020-01-01 12:00 UTC+00:00,2020-01-01 12:00,344.4119739206022,-29.62608187716364
P01,1 SKY ONLY,Fomalhaut_B,13,2020-01-01 13:00 UTC+00:00,2020-01-01 13:00,344.4119834835593,-29.6260859135995
P01,1 SKY ONLY,Fomalhaut_B,14,2020-01-01 14:00 UTC+00:00,2020-01-01 14:00,344.4119904794891,-29.62609133109697
P01,1 SKY ONLY,Fomalhaut_B,15,2020-01-01 15:00 UTC+00:00,2020-01-01 15:00,344.4119941579413,-29.62609779645239
P01,1 SKY ONLY,Fomalhaut_B,16,2020-01-01 16:00 UTC+00:00,2020-01-01 16:00,344.4119939958962,-29.62610490455084
P01,1 SKY ONLY,Fomalhaut_B,17,2020-01-01 17:00 UTC+00:00,2020-01-01 17:00,344.4119897336017,-29.62611220612433
P01,1 SKY ONLY,Fomalhaut_B,18,2020-01-01 18:00 UTC+00:00,2020-01-01 18:00,344.4119813923727,-29.62611923853489
P01,1 SKY ONLY,Fomalhaut_B,19,2020-01-01 19:00 UTC+00:00,2020-01-01 19:00,344.4119692731308,-29.62612555747522
P01,1 SKY ONLY,Fomalhaut_B,20,2020-01-01 20:00 UTC+00:00,2020-01-01 20:00,344.4119539357857,-29.62613076741244
P01,1 SKY ONLY,Fomalhaut_B,21,2020-01-01 21:00 UTC+00:00,2020-01-01 21:00,344.4119361608716,-29.62613454869006
P01,1 SKY ONLY,Fomalhaut_B,22,2020-01-01 22:00 UTC+00:00,2020-01-01 22:00,344.4119168960639,-29.62613667943162
P01,1 SKY ONLY,Fomalhaut_B,23,2020-01-01 23:00 UTC+00:00,2020-01-01 23:00,344.4118971912447,-29.62613705074368
P01,1 SKY ONLY,Fomalhaut_B,24,2020-01-02 00:00 UTC+00:00,2020-01-02 00:00,344.4118781265658,-29.62613567417725
P01,1 SKY ONLY,Rigel_B,0,2020-01-01 00:00 UTC+00:00,2020-01-01 00:00,78.6400020901816,-8.202316524003761
P01,1 SKY ONLY,Rigel_B,1,2020-01-01 01:00 UTC+00:00,2020-01-01 01:00,78.6399944764923,-8.202320438998228
P01,1 SKY ONLY,Rigel_B,2,2020-01-01 02:00 UTC+00:00,2020-01-01 02:00,78.63998384640216,-8.202324075423514
P01,1 SKY ONLY,Rigel_B,3,2020-01-01 03:00 UTC+00:00,2020-01-01 03:00,78.63997082605147,-8.202327331691945
P01,1 SKY ONLY,Rigel_B,4,2020-01-01 04:00 UTC+00:00,2020-01-01 04:00,78.63995620515861,-8.20233013223349
P01,1 SKY ONLY,Rigel_B,5,2020-01-01 05:00 UTC+00:00,2020-01-01 05:00,78.63994088290822,-8.202332432673686
P01,1 SKY ONLY,Rigel_B,6,2020-01-01 06:00 UTC+00:00,2020-01-01 06:00,78.6399258063406,-8.202334222874063
P01,1 SKY ONLY,Rigel_B,7,2020-01-01 07:00 UTC+00:00,2020-01-01 07:00,78.63991190545873,-8.20233552762694
P01,1 SKY ONLY,Rigel_B,8,2020-01-01 08:00 UTC+00:00,2020-01-01 08:00,78.63990002950523,-8.202336404956418
P01,1 SKY ONLY,Rigel_B,9,2020-01-01 09:00 UTC+00:00,2020-01-01 09:00,78.63989088877256,-8.20233694214243
P01,1 SKY ONLY,Rigel_B,10,2020-01-01 10:00 UTC+00:00,2020-01-01 10:00,78.63988500593321,-8.202337249740228
P01,1 SKY ONLY,Rigel_B,11,2020-01-01 11:00 UTC+00:00,2020-01-01 11:00,78.63988268022692,-8.202337454004853
P01,1 SKY ONLY,Rigel_B,12,2020-01-01 12:00 UTC+00:00,2020-01-01 12:00,78.63988396695743,-8.202337688240132
P01,1 SKY ONLY,Rigel_B,13,2020-01-01 13:00 UTC+00:00,2020-01-01 13:00,78.63988867370315,-8.202338083664571
P01,1 SKY ONLY,Rigel_B,14,2020-01-01 14:00 UTC+00:00,2020-01-01 14:00,78.63989637350268,-8.202338760420236
P01,1 SKY ONLY,Rigel_B,15,2020-01-01 15:00 UTC+00:00,2020-01-01 15:00,78.63990643410997,-8.202339819340583
P01,1 SKY ONLY,Rigel_B,16,2020-01-01 16:00 UTC+00:00,2020-01-01 16:00,78.6399180613164,-8.202341335041424
P01,1 SKY ONLY,Rigel_B,17,2020-01-01 17:00 UTC+00:00,2020-01-01 17:00,78.63993035337012,-8.20234335080822
P01,1 SKY ONLY,Rigel_B,18,2020-01-01 18:00 UTC+00:00,2020-01-01 18:00,78.63994236276264,-8.202345875630085
P01,1 SKY ONLY,Rigel_B,19,2020-01-01 19:00 UTC+00:00,2020-01-01 19:00,78.63995316115309,-8.202348883583857
P01,1 SKY ONLY,Rigel_B,20,2020-01-01 20:00 UTC+00:00,2020-01-01 20:00,78.63996190297719,-8.202352315610176
P01,1 SKY ONLY,Rigel_B,21,2020-01-01 21:00 UTC+00:00,2020-01-01 21:00,78.63996788338507,-8.202356083559922
P01,1 SKY ONLY,Rigel_B,22,2020-01-01 22:00 UTC+00:00,2020-01-01 22:00,78.63997058653807,-8.202360076234179
P01,1 SKY ONLY,Rigel_B,23,2020-01-01 23:00 UTC+00:00,2020-01-01 23:00,78.63996972095396,-8.202364167003369
P01,1 SKY ONLY,Rigel_B,24,2020-01-02 00:00 UTC+00:00,2020-01-02 00:00,78.63996523947962,-8.202368222483488
P01,1 SKY ONLY,Betelgeuse_B,0,2020-01-01 00:00 UTC+00:00,2020-01-01 00:00,88.7988836958897,7.406868512458242
P01,1 SKY ONLY,Betelgeuse_B,1,2020-01-01 01:00 UTC+00:00,2020-01-01 01:00,88.79887904282185,7.406869050261971
P01,1 SKY ONLY,Betelgeuse_B,2,2020-01-01 02:00 UTC+00:00,2020-01-01 02:00,88.79887107138066,7.406869396628194
P01,1 SKY ONLY,Betelgeuse_B,3,2020-01-01 03:00 UTC+00:00,2020-01-01 03:00,88.79886027119892,7.406869448820109
P01,1 SKY ONLY,Betelgeuse_B,4,2020-01-01 04:00 UTC+00:00,2020-01-01 04:00,88.79884732552046,7.406869124270016
P01,1 SKY ONLY,Betelgeuse_B,5,2020-01-01 05:00 UTC+00:00,2020-01-01 05:00,88.79883306438403,7.40686836623701
P01,1 SKY ONLY,Betelgeuse_B,6,2020-01-01 06:00 UTC+00:00,2020-01-01 06:00,88.79881840775056,7.406867147694954
P01,1 SKY ONLY,Betelgeuse_B,7,2020-01-01 07:00 UTC+00:00,2020-01-01 07:00,88.79880430246584,7.406865473184412
P01,1 SKY ONLY,Betelgeuse_B,8,2020-01-01 08:00 UTC+00:00,2020-01-01 08:00,88.79879165738315,7.406863378501554
P01,1 SKY ONLY,Betelgeuse_B,9,2020-01-01 09:00 UTC+00:00,2020-01-01 09:00,88.79878128108903,7.40686092824552
P01,1 SKY ONLY,Betelgeuse_B,10,2020-01-01 10:00 UTC+00:00,2020-01-01 10:00,88.7987738264982,7.406858211391927
P01,1 SKY ONLY,Betelgeuse_B,11,2020-01-01 11:00 UTC+00:00,2020-01-01 11:00,88.79876974611629,7.406855335196232
P01,1 SKY ONLY,Betelgeuse_B,12,2020-01-01 12:00 UTC+00:00,2020-01-01 12:00,88.79876926103498,7.40685241784479
P01,1 SKY ONLY,Betelgeuse_B,13,2020-01-01 13:00 UTC+00:00,2020-01-01 13:00,88.79877234578268,7.406849580356473
P01,1 SKY ONLY,Betelgeuse_B,14,2020-01-01 14:00 UTC+00:00,2020-01-01 14:00,88.79877873007062,7.406846938290674
P01,1 SKY ONLY,Betelgeuse_B,15,2020-01-01 15:00 UTC+00:00,2020-01-01 15:00,88.7987879173131,7.406844593829344
P01,1 SKY ONLY,Betelgeuse_B,16,2020-01-01 16:00 UTC+00:00,2020-01-01 16:00,88.79879921865395,7.406842628775483
P01,1 SKY ONLY,Betelgeuse_B,17,2020-01-01 17:00 UTC+00:00,2020-01-01 17:00,88.79881180016741,7.40684109894818
P01,1 SKY ONLY,Betelgeuse_B,18,2020-01-01 18:00 UTC+00:00,2020-01-01 18:00,88.79882473999729,7.406840030358171
P01,1 SKY ONLY,Betelgeuse_B,19,2020-01-01 19:00 UTC+00:00,2020-01-01 19:00,88.79883709152348,7.406839417425477
P01,1 SKY ONLY,Betelgeuse_B,20,2020-01-01 20:00 UTC+00:00,2020-01-01 20:00,88.79884794822361,7.406839223361919
P01,1 SKY ONLY,Betelgeuse_B,21,2020-01-01 21:00 UTC+00:00,2020-01-01 21:00,88.79885650578717,7.406839382691802
P01,1 SKY ONLY,Betelgeuse_B,22,2020-01-01 22:00 UTC+00:00,2020-01-01 22:00,88.79886211722756,7.406839805738286
P01,1 SKY ONLY,Betelgeuse_B,23,2020-01-01 23:00 UTC+00:00,2020-01-01 23:00,88.7988643372133,7.406840384768063
P01,1 SKY ONLY,Betelgeuse_B,24,2020-01-02 00:00 UTC+00:00,2020-01-02 00:00,88.79886295258224,7.406841001373101
P01,1 SKY ONLY,Polaris_B,0,2020-01-01 00:00 UTC+00:00,2020-01-01 00:00,38.19502914981618,89.26912955562592
P01,1 SKY ONLY,Polaris_B,1,2020-01-01 01:00 UTC+00:00,2020-01-01 01:00,38.19377137929673,89.2691367398607
P01,1 SKY ONLY,Polaris_B,2,2020-01-01 02:00 UTC+00:00,2020-01-01 02:00,38.19243694914079,89.26914046853537
P01,1 SKY ONLY,Polaris_B,3,2020-01-01 03:00 UTC+00:00,2020-01-01 03:00,38.19109874160983,89.26914060660208
P01,1 SKY ONLY,Polaris_B,4,2020-01-01 04:00 UTC+00:00,2020-01-01 04:00,38.18982989060938,89.26913726490464
P01,1 SKY ONLY,Polaris_B,5,2020-01-01 05:00 UTC+00:00,2020-01-01 05:00,38.18869876637419,89.26913079257633
P01,1 SKY ONLY,Polaris_B,6,2020-01-01 06:00 UTC+00:00,2020-01-01 06:00,38.18776428767053,89.26912175309926
P01,1 SKY ONLY,Polaris_B,7,2020-01-01 07:00 UTC+00:00,2020-01-01 07:00,38.18707188322529,89.26911088566715
P01,1 SKY ONLY,Polaris_B,8,2020-01-01 08:00 UTC+00:00,2020-01-01 08:00,38.18665037983189,89.26909905450876
P01,1 SKY ONLY,Polaris_B,9,2020-01-01 09:00 UTC+00:00,2020-01-01 09:00,38.1865100298666,89.26908718965043
P01,1 SKY ONLY,Polaris_B,10,2020-01-01 10:00 UTC+00:00,2020-01-01 10:00,38.18664181263092,89.26907622318053
P01,1 SKY ONLY,Polaris_B,11,2020-01-01 11:00 UTC+00:00,2020-01-01 11:00,38.18701805644839,89.26906702538692
P01,1 SKY ONLY,Polaris_B,12,2020-01-01 12:00 UTC+00:00,2020-01-01 12:00,38.18759433763277,89.26906034514218
P01,1 SKY ONLY,Polaris_B,13,2020-01-01 13:00 UTC+00:00,2020-01-01 13:00,38.18831252560817,89.26905675861335
P01,1 SKY ONLY,Polaris_B,14,2020-01-01 14:00 UTC+00:00,2020-01-01 14:00,38.18910476508312,89.26905662980764
P01,1 SKY ONLY,Polaris_B,15,2020-01-01 15:00 UTC+00:00,2020-01-01 15:00,38.18989812271455,89.26906008564849
P01,1 SKY ONLY,Polaris_B,16,2020-01-01 16:00 UTC+00:00,2020-01-01 16:00,38.19061958074025,89.26906700728546
P01,1 SKY ONLY,Polaris_B,17,2020-01-01 17:00 UTC+00:00,2020-01-01 17:00,38.19120103637278,89.2690770382319
P01,1 SKY ONLY,Polaris_B,18,2020-01-01 18:00 UTC+00:00,2020-01-01 18:00,38.19158396539228,89.26908960877294
P01,1 SKY ONLY,Polaris_B,19,2020-01-01 19:00 UTC+00:00,2020-01-01 19:00,38.1917234314293,89.26910397497907
P01,1 SKY ONLY,Polaris_B,20,2020-01-01 20:00 UTC+00:00,2020-01-01 20:00,38.19159116620803,89.26911926965622
P01,1 SKY ONLY,Polaris_B,21,2020-01-01 21:00 UTC+00:00,2020-01-01 21:00,38.19117750958293,89.2691345617486
P01,1 SKY ONLY,Polaris_B,22,2020-01-01 22:00 UTC+00:00,2020-01-01 22:00,38.1904920755648,89.26914892013092
P01,1 SKY ONLY,Polaris_B,23,2020-01-01 23:00 UTC+00:00,2020-01-01 23:00,38.18956309760988,89.26916147741807
P01,1 SKY ONLY,Polaris_B,24,2020-01-02 00:00 UTC+00:00,2020-01-02 00:00,38.18843549708204,89.26917148941779
P01,1 SKY ONLY,Castor_B,0,2020-01-01 00:00 UTC+00:00,2020-01-01 00:00,113.6548685625668,31.88636607991885
P01,1 SKY ONLY,Castor_B,1,2020-01-01 01:00 UTC+00:00,2020-01-01 01:00,113.654872012629,31.88637382406672
P01,1 SKY ONLY,Castor_B,2,2020-01-01 02:00 UTC+00:00,2020-01-01 02:00,113.6548712345402,31.88638160462216
P01,1 SKY ONLY,Castor_B,3,2020-01-01 03:00 UTC+00:00,2020-01-01 03:00,113.6548663491819,31.88638892922059
P01,1 SKY ONLY,Castor_B,4,2020-01-01 04:00 UTC+00:00,2020-01-01 04:00,113.6548577586143,31.88639533677884
P01,1 SKY ONLY,Castor_B,5,2020-01-01 05:00 UTC+00:00,2020-01-01 05:00,113.654846118527,31.88640042908871
P01,1 SKY ONLY,Castor_B,6,2020-01-01 06:00 UTC+00:00,2020-01-01 06:00,113.6548322933127,31.88640389810178
P01,1 SKY ONLY,Castor_B,7,2020-01-01 07:00 UTC+00:00,2020-01-01 07:00,113.6548172968379,31.88640554703795
P01,1 SKY ONLY,Castor_B,8,2020-01-01 08:00 UTC+00:00,2020-01-01 08:00,113.6548022229731,31.88640530386866
P01,1 SKY ONLY,Castor_B,9,2020-01-01 09:00 UTC+00:00,2020-01-01 09:00,113.6547881706407,31.88640322625237
P01,1 SKY ONLY,Castor_B,10,2020-01-01 10:00 UTC+00:00,2020-01-01 10:00,113.654776168516,31.88639949758381
P01,1 SKY ONLY,Castor_B,11,2020-01-01 11:00 UTC+00:00,2020-01-01 11:00,113.6547671045417,31.88639441442725
P01,1 SKY ONLY,Castor_B,12,2020-01-01 12:00 UTC+00:00,2020-01-01 12:00,113.6547616650875,31.8863883661961
P01,1 SKY ONLY,Castor_B,13,2020-01-01 13:00 UTC+00:00,2020-01-01 13:00,113.6547602879191,31.88638180846946
P01,1 SKY ONLY,Castor_B,14,2020-01-01 14:00 UTC+00:00,2020-01-01 14:00,113.6547631322032,31.88637523177581
P01,1 SKY ONLY,Castor_B,15,2020-01-01 15:00 UTC+00:00,2020-01-01 15:00,113.6547700676025,31.88636912798215
P01,1 SKY ONLY,Castor_B,16,2020-01-01 16:00 UTC+00:00,2020-01-01 16:00,113.6547806832062,31.88636395659098
P01,1 SKY ONLY,Castor_B,17,2020-01-01 17:00 UTC+00:00,2020-01-01 17:00,113.6547943156872,31.88636011325557
P01,1 SKY ONLY,Castor_B,18,2020-01-01 18:00 UTC+00:00,2020-01-01 18:00,113.654810094752,31.88635790267052
P01,1 SKY ONLY,Castor_B,19,2020-01-01 19:00 UTC+00:00,2020-01-01 19:00,113.654827002774,31.88635751769396
P01,1 SKY ONLY,Castor_B,20,2020-01-01 20:00 UTC+00:00,2020-01-01 20:00,113.6548439445207,31.88635902613344
P01,1 SKY ONLY,Castor_B,21,2020-01-01 21:00 UTC+00:00,2020-01-01 21:00,113.6548598221974,31.88636236609967
P01,1 SKY ONLY,Castor_B,22,2020-01-01 22:00 UTC+00:00,2020-01-01 22:00,113.6548736106685,31.88636735024705
P01,1 SKY ONLY,Castor_B,23,2020-01-01 23:00 UTC+00:00,2020-01-01 23:00,113.6548844276993,31.88637367861059
P01,1 SKY ONLY,Castor_B,24,2020-01-02 00:00 UTC+00:00,2020-01-02 00:00,113.6548915944054,31.88638095915839
P01,1 SKY ONLY,Altair_B,0,2020-01-01 00:00 UTC+00:00,2020-01-01 00:00,297.6932438855098,8.870336759918711
P01,1 SKY ONLY,Altair_B,1,2020-01-01 01:00 UTC+00:00,2020-01-01 01:00,297.6932397250255,8.870332496736351
P01,1 SKY ONLY,Altair_B,2,2020-01-01 02:00 UTC+00:00,2020-01-01 02:00,297.6932391835456,8.870328176373546
P01,1 SKY ONLY,Altair_B,3,2020-01-01 03:00 UTC+00:00,2020-01-01 03:00,297.6932422240491,8.870323944447414
P01,1 SKY ONLY,Altair_B,4,2020-01-01 04:00 UTC+00:00,2020-01-01 04:00,297.6932485642899,8.870319940525414
P01,1 SKY ONLY,Altair_B,5,2020-01-01 05:00 UTC+00:00,2020-01-01 05:00,297.6932576961376,8.870316288562455
P01,1 SKY ONLY,Altair_B,6,2020-01-01 06:00 UTC+00:00,2020-01-01 06:00,297.6932689203934,8.870313088407922
P01,1 SKY ONLY,Altair_B,7,2020-01-01 07:00 UTC+00:00,2020-01-01 07:00,297.6932813947001,8.870310408963926
P01,1 SKY ONLY,Altair_B,8,2020-01-01 08:00 UTC+00:00,2020-01-01 08:00,297.6932941912596,8.870308283464494
P01,1 SKY ONLY,Altair_B,9,2020-01-01 09:00 UTC+00:00,2020-01-01 09:00,297.693306360405,8.87030670719859
P01,1 SKY ONLY,Altair_B,10,2020-01-01 10:00 UTC+00:00,2020-01-01 10:00,297.6933169956717,8.870305637832843
P01,1 SKY ONLY,Altair_B,11,2020-01-01 11:00 UTC+00:00,2020-01-01 11:00,297.6933252959079,8.870304998312438
P01,1 SKY ONLY,Altair_B,12,2020-01-01 12:00 UTC+00:00,2020-01-01 12:00,297.6933306201685,8.870304682140825
P01,1 SKY ONLY,Altair_B,13,2020-01-01 13:00 UTC+00:00,2020-01-01 13:00,297.6933325316334,8.87030456067687
P01,1 SKY ONLY,Altair_B,14,2020-01-01 14:00 UTC+00:00,2020-01-01 14:00,297.6933308275382,8.870304491949337
P01,1 SKY ONLY,Altair_B,15,2020-01-01 15:00 UTC+00:00,2020-01-01 15:00,297.6933255530677,8.870304330384828
P01,1 SKY ONLY,Altair_B,16,2020-01-01 16:00 UTC+00:00,2020-01-01 16:00,297.6933169982603,8.870303936782488
P01,1 SKY ONLY,Altair_B,17,2020-01-01 17:00 UTC+00:00,2020-01-01 17:00,297.6933056781347,8.870303187852283
P01,1 SKY ONLY,Altair_B,18,2020-01-01 18:00 UTC+00:00,2020-01-01 18:00,297.6932922974015,8.870301984662918
P01,1 SKY ONLY,Altair_B,19,2020-01-01 19:00 UTC+00:00,2020-01-01 19:00,297.6932777021755,8.870300259420814
P01,1 SKY ONLY,Altair_B,20,2020-01-01 20:00 UTC+00:00,2020-01-01 20:00,297.6932628220003,8.870297980115469
P01,1 SKY ONLY,Altair_B,21,2020-01-01 21:00 UTC+00:00,2020-01-01 21:00,297.6932486061565,8.87029515271304
P01,1 SKY ONLY,Altair_B,22,2020-01-01 22:00 UTC+00:00,2020-01-01 22:00,297.6932359586152,8.87029182074751
P01,1 SKY ONLY,Altair_B,23,2020-01-01 23:00 UTC+00:00,2020-01-01 23:00,297.6932256760983,8.870288062337766
P01,1 SKY ONLY,Altair_B,24,2020-01-02 00:00 UTC+00:00,2020-01-02 00:00,297.6932183934878,8.870283984835085
P01,1 SKY ONLY,Bellatrix_B,0,2020-01-01 00:00 UTC+00:00,2020-01-01 00:00,81.28830974258031,6.349434521919277
P01,1 SKY ONLY,Bellatrix_B,1,2020-01-01 01:00 UTC+00:00,2020-01-01 01:00,81.28830290509838,6.349434661521133
P01,1 SKY ONLY,Bellatrix_B,2,2020-01-01 02:00 UTC+00:00,2020-01-01 02:00,81.28829297408741,6.34943458980464
P01,1 SKY ONLY,Bellatrix_B,3,2020-01-01 03:00 UTC+00:00,2020-01-01 03:00,81.28828053963406,6.349434226546799
P01,1 SKY ONLY,Bellatrix_B,4,2020-01-01 04:00 UTC+00:00,2020-01-01 04:00,81.28826636315537,6.349433511511265
P01,1 SKY ONLY,Bellatrix_B,5,2020-01-01 05:00 UTC+00:00,2020-01-01 05:00,81.28825132522621,6.34943240857588
P01,1 SKY ONLY,Bellatrix_B,6,2020-01-01 06:00 UTC+00:00,2020-01-01 06:00,81.2882363652437,6.349430908207879
P01,1 SKY ONLY,Bellatrix_B,7,2020-01-01 07:00 UTC+00:00,2020-01-01 07:00,81.28822241705818,6.349429028117106
P01,1 SKY ONLY,Bellatrix_B,8,2020-01-01 08:00 UTC+00:00,2020-01-01 08:00,81.28821034498628,6.349426812042575
P01,1 SKY ONLY,Bellatrix_B,9,2020-01-01 09:00 UTC+00:00,2020-01-01 09:00,81.28820088458842,6.349424326755582
P01,1 SKY ONLY,Bellatrix_B,10,2020-01-01 10:00 UTC+00:00,2020-01-01 10:00,81.28819459226749,6.349421657484378
P01,1 SKY ONLY,Bellatrix_B,11,2020-01-01 11:00 UTC+00:00,2020-01-01 11:00,81.28819180714486,6.349418902074343
P01,1 SKY ONLY,Bellatrix_B,12,2020-01-01 12:00 UTC+00:00,2020-01-01 12:00,81.2881926278245,6.349416164283813
P01,1 SKY ONLY,Bellatrix_B,13,2020-01-01 13:00 UTC+00:00,2020-01-01 13:00,81.28819690563658,6.34941354667437
P01,1 SKY ONLY,Bellatrix_B,14,2020-01-01 14:00 UTC+00:00,2020-01-01 14:00,81.28820425482517,6.349411143583541
P01,1 SKY ONLY,Bellatrix_B,15,2020-01-01 15:00 UTC+00:00,2020-01-01 15:00,81.28821407898015,6.349409034660961
P01,1 SKY ONLY,Bellatrix_B,16,2020-01-01 16:00 UTC+00:00,2020-01-01 16:00,81.28822561190356,6.349407279410778
P01,1 SKY ONLY,Bellatrix_B,17,2020-01-01 17:00 UTC+00:00,2020-01-01 17:00,81.28823797010999,6.349405913114652
P01,1 SKY ONLY,Bellatrix_B,18,2020-01-01 18:00 UTC+00:00,2020-01-01 18:00,81.28825021336138,6.349404944414406
P01,1 SKY ONLY,Bellatrix_B,19,2020-01-01 19:00 UTC+00:00,2020-01-01 19:00,81.28826140909311,6.34940435471986
P01,1 SKY ONLY,Bellatrix_B,20,2020-01-01 20:00 UTC+00:00,2020-01-01 20:00,81.28827069631254,6.349404099482751
P01,1 SKY ONLY,Bellatrix_B,21,2020-01-01 21:00 UTC+00:00,2020-01-01 21:00,81.2882773445937,6.349404111249145
P01,1 SKY ONLY,Bellatrix_B,22,2020-01-01 22:00 UTC+00:00,2020-01-01 22:00,81.28828080412673,6.34940430428134
P01,1 SKY ONLY,Bellatrix_B,23,2020-01-01 23:00 UTC+00:00,2020-01-01 23:00,81.28828074339066,6.349404580432695
P01,1 SKY ONLY,Bellatrix_B,24,2020-01-02 00:00 UTC+00:00,2020-01-02 00:00,81.28827707186954,6.349404835872502
